timestamp_ms,symbol,timeframe,open,high,low,close,volume
1738389600000000,PAXGUSDT,5m,2813,2814,2812,2814,0.2055
1738389900000000,PAXGUSDT,5m,2814,2815.00071124,2814,2814,0.3124
1738390200000000,PAXGUSDT,5m,2814,2816.00142248,2814,2814,1.3306
1738390500000000,PAXGUSDT,5m,2814,2814,2812.99964451,2814,0.1799
1738390800000000,PAXGUSDT,5m,2814,2817.00213371,2810.99786629,2817.00213371,4.293
1738391100000000,PAXGUSDT,5m,2817.00213371,2818.00462558,2817.00213371,2817.00213371,0.3421
1738391400000000,PAXGUSDT,5m,2817.00213371,2818.00462558,2817.00213371,2817.00213371,0.1639
1738391700000000,PAXGUSDT,5m,2817.00213371,2817.00213371,2815.99999848,2815.99999848,1.3537
1738392000000000,PAXGUSDT,5m,2815.99999848,2817.00213371,2815.99999848,2817.00213371,0.6986
1738392300000000,PAXGUSDT,5m,2817.00213371,2817.00213371,2815.99999848,2817.00213371,0.25
1738392600000000,PAXGUSDT,5m,2817.00213371,2817.00213371,2817.00213371,2817.00213371,0.0872
1738392900000000,PAXGUSDT,5m,2817.00213371,2817.00213371,2815.99999848,2815.99999848,0.1374
1738393200000000,PAXGUSDT,5m,2815.99999848,2817.00177721,2814.99821976,2815.99999848,0.9895
1738393500000000,PAXGUSDT,5m,2815.99999848,2817.00177721,2815.99999848,2815.99999848,0.3836
1738393800000000,PAXGUSDT,5m,2815.99999848,2817.00177721,2815.99999848,2815.99999848,0.4388
1738394100000000,PAXGUSDT,5m,2815.99999848,2817.00177721,2815.99999848,2815.99999848,0.6741
1738394400000000,PAXGUSDT,5m,2815.99999848,2817.00177721,2815.99999848,2817.00177721,0.228
1738394700000000,PAXGUSDT,5m,2817.00177721,2818.00391231,2817.00177721,2817.00177721,0.4548
1738395000000000,PAXGUSDT,5m,2817.00177721,2818.00391231,2815.9996421,2817.00177721,1.1543
1738395300000000,PAXGUSDT,5m,2817.00177721,2818.00391231,2815.9996421,2815.9996421,0.3217
1738395600000000,PAXGUSDT,5m,2815.9996421,2815.9996421,2813.99679741,2814.99821976,0.0598
1738395900000000,PAXGUSDT,5m,2814.99821976,2814.99821976,2812.99608731,2813.99715353,1.7928
1738396200000000,PAXGUSDT,5m,2813.99715353,2815.99928598,2812.99608731,2812.99608731,0.3954
1738396500000000,PAXGUSDT,5m,2812.99608731,2812.99608731,2811.99573308,2812.99608731,0.2117
1738396800000000,PAXGUSDT,5m,2812.99608731,2813.99644154,2811.99573308,2811.99573308,1.3851
1738397100000000,PAXGUSDT,5m,2811.99573308,2812.99537607,2811.99573308,2811.99573308,0.6956
1738397400000000,PAXGUSDT,5m,2811.99573308,2811.99573308,2810.99644533,2811.99573308,0.3225
1738397700000000,PAXGUSDT,5m,2811.99573308,2812.99537607,2809.9964471,2810.99609009,5.7866
1738398000000000,PAXGUSDT,5m,2810.99609009,2811.99573308,2810.99609009,2810.99609009,2.1002
1738398300000000,PAXGUSDT,5m,2810.99609009,2811.9960887,2810.99609009,2810.99609009,10.9683
1738398600000000,PAXGUSDT,5m,2810.99609009,2810.99609009,2808.99680411,2810.99609009,2.3306
1738398900000000,PAXGUSDT,5m,2810.99609009,2813.99608592,2810.99609009,2810.99609009,2.6204
1738399200000000,PAXGUSDT,5m,2810.99609009,2810.99609009,2809.9964471,2810.99609009,0.1835
1738399500000000,PAXGUSDT,5m,2810.99609009,2813.99608592,2807.99609426,2807.99609426,1.4244
1738399800000000,PAXGUSDT,5m,2807.99609426,2816.97689201,2802.00889577,2802.00889577,63.1765
1738400100000000,PAXGUSDT,5m,2802.00889577,2804.98764371,2798.03723185,2804.98764371,4.0952
1738400400000000,PAXGUSDT,5m,2804.98764371,2805.98267303,2802.99758508,2805.98267303,0.715
1738400700000000,PAXGUSDT,5m,2805.98267303,2805.98267303,2801.00399547,2801.99973098,6.257
1738401000000000,PAXGUSDT,5m,2801.99973098,2801.99973098,2801.99973098,2801.99973098,1.6
1738401300000000,PAXGUSDT,5m,2801.99973098,2801.99973098,2801.00399547,2801.00399547,1.4119
1738401600000000,PAXGUSDT,5m,2801.00399547,2801.00399547,2800.00825995,2801.00399547,0.4418
1738401900000000,PAXGUSDT,5m,2801.00399547,2801.00399547,2799.01252444,2801.00399547,1.9586
1738402200000000,PAXGUSDT,5m,2801.00399547,2802.00008508,2800.00790585,2802.00008508,2.9344
1738402500000000,PAXGUSDT,5m,2802.00008508,2802.99652892,2800.00719739,2802.00008508,6.2149
1738402800000000,PAXGUSDT,5m,2802.00008508,2805.98586045,2801.00364124,2802.00008508,9.2266
1738403100000000,PAXGUSDT,5m,2802.00008508,2802.00008508,2801.00364124,2802.00008508,1.9894
1738403400000000,PAXGUSDT,5m,2802.00008508,2802.99652892,2801.00364124,2802.99652892,2.4131
1738403700000000,PAXGUSDT,5m,2802.99652892,2803.99368173,2801.99937612,2802.99652892,11.1717
1738404000000000,PAXGUSDT,5m,2802.99652892,2803.99368173,2801.00222332,2802.99652892,11.6683
1738404300000000,PAXGUSDT,5m,2802.99652892,2802.99652892,2801.99937612,2802.99652892,0.3591
1738404600000000,PAXGUSDT,5m,2802.99652892,2802.99652892,2801.99937612,2801.99937612,3.3295
1738404900000000,PAXGUSDT,5m,2801.99937612,2801.99937612,2800.00577998,2801.00257805,1.6768
1738405200000000,PAXGUSDT,5m,2801.00257805,2801.99973098,2801.00257805,2801.00257805,0.5115
1738405500000000,PAXGUSDT,5m,2801.00257805,2801.99937612,2800.00577998,2801.99937612,0.0588
1738405800000000,PAXGUSDT,5m,2801.99937612,2803.99368173,2801.00222332,2802.99652892,8.029
1738406100000000,PAXGUSDT,5m,2802.99652892,2804.99154425,2802.99652892,2802.99652892,2.4599
1738406400000000,PAXGUSDT,5m,2802.99652892,2803.99403658,2801.99902126,2801.99902126,0.4154
1738406700000000,PAXGUSDT,5m,2801.99902126,2802.99617394,2801.00186858,2801.99902126,3.1349
1738407000000000,PAXGUSDT,5m,2801.99902126,2802.99652892,2801.99902126,2801.99902126,0.4421
1738407300000000,PAXGUSDT,5m,2801.99902126,2801.99902126,2800.00471591,2800.00471591,0.6706
1738407600000000,PAXGUSDT,5m,2800.00471591,2800.00471591,2798.01112052,2800.00471591,6.2416
1738407900000000,PAXGUSDT,5m,2800.00471591,2800.00471591,2799.00791822,2799.00791822,1.6898
1738408200000000,PAXGUSDT,5m,2799.00791822,2800.00436105,2798.01147538,2798.01147538,0.4933
1738408500000000,PAXGUSDT,5m,2798.01147538,2799.00756348,2798.01147538,2799.00756348,1.6169
1738408800000000,PAXGUSDT,5m,2799.00756348,2802.99333431,2795.02179266,2795.02179266,7.2815
1738409100000000,PAXGUSDT,5m,2795.02179266,2796.01575489,2794.02783043,2795.02179266,0.4298
1738409400000000,PAXGUSDT,5m,2795.02179266,2795.02179266,2794.02818377,2795.02179266,0.7019
1738409700000000,PAXGUSDT,5m,2795.02179266,2796.01540154,2793.03457489,2796.01540154,0.8877
1738410000000000,PAXGUSDT,5m,2796.01540154,2797.00971712,2795.02108596,2797.00971712,0.3053
1738410300000000,PAXGUSDT,5m,2797.00971712,2798.00438629,2796.01504794,2797.00971712,2.3449
1738410600000000,PAXGUSDT,5m,2797.00971712,2798.00474014,2797.00971712,2798.00474014,2.8029
1738410900000000,PAXGUSDT,5m,2798.00474014,2798.99976316,2797.00971712,2798.99976316,3.1425
1738411200000000,PAXGUSDT,5m,2798.99976316,2798.99976316,2798.00403219,2798.99976316,0.5472
1738411500000000,PAXGUSDT,5m,2798.99976316,2798.99976316,2798.00403219,2798.99976316,0.3887
1738411800000000,PAXGUSDT,5m,2798.99976316,2799.99549414,2798.00403219,2799.99549414,0.3518
1738412100000000,PAXGUSDT,5m,2799.99549414,2800.99193381,2798.99905446,2798.99905446,0.2077
1738412400000000,PAXGUSDT,5m,2798.99905446,2798.99905446,2798.00332374,2798.99905446,3.3647
1738412700000000,PAXGUSDT,5m,2798.99905446,2799.99443108,2798.00367784,2799.99443108,0.4235
1738413000000000,PAXGUSDT,5m,2799.99443108,2800.9905159,2799.99443108,2799.99443108,0.1776
1738413300000000,PAXGUSDT,5m,2799.99443108,2800.9905159,2799.99443108,2799.99443108,0.1452
1738413600000000,PAXGUSDT,5m,2799.99443108,2802.98162286,2798.99870048,2801.98589227,4.8538
1738413900000000,PAXGUSDT,5m,2801.98589227,2802.98162286,2800.99016167,2802.98162286,0.6229
1738414200000000,PAXGUSDT,5m,2802.98162286,2804.97449995,2802.98162286,2804.97449995,0.4362
1738414500000000,PAXGUSDT,5m,2804.97449995,2806.96808524,2804.97449995,2805.97129259,5.5819
1738414800000000,PAXGUSDT,5m,2805.97129259,2805.97129259,2804.97485392,2804.97485392,0.4202
1738415100000000,PAXGUSDT,5m,2804.97485392,2805.97129259,2804.97485392,2804.97485392,0.3535
1738415400000000,PAXGUSDT,5m,2804.97485392,2806.96773126,2802.98197658,2802.98197658,0.4036
1738415700000000,PAXGUSDT,5m,2802.98197658,2802.98197658,2800.99192903,2800.99192903,0.725
1738416000000000,PAXGUSDT,5m,2800.99192903,2811.93330375,2799.9972586,2799.9972586,22.5959
1738416300000000,PAXGUSDT,5m,2799.9972586,2812.9187937,2798.00933013,2798.00933013,10.8148
1738416600000000,PAXGUSDT,5m,2798.00933013,2800.98699171,2791.06145311,2798.00933013,23.8313
1738416900000000,PAXGUSDT,5m,2798.00933013,2799.00223621,2793.04479973,2799.00223621,7.5769
1738417200000000,PAXGUSDT,5m,2799.00223621,2799.00223621,2799.00223621,2799.00223621,0.2071
1738417500000000,PAXGUSDT,5m,2799.00223621,2801.98412779,2795.02638076,2801.98412779,10.0803
1738417800000000,PAXGUSDT,5m,2801.98412779,2801.98412779,2800.98839782,2801.98412779,0.7248
1738418100000000,PAXGUSDT,5m,2801.98412779,2802.97985776,2801.98412779,2801.98412779,1.9977
1738418400000000,PAXGUSDT,5m,2801.98412779,2802.97950404,2800.98875155,2801.98412779,1.2208
1738418700000000,PAXGUSDT,5m,2801.98412779,2802.97950404,2801.98412779,2801.98412779,0.3865
1738419000000000,PAXGUSDT,5m,2801.98412779,2803.97488028,2801.98412779,2801.98412779,0.373
1738419300000000,PAXGUSDT,5m,2801.98412779,2804.96813645,2798.00544958,2804.96813645,3.1974
1738419600000000,PAXGUSDT,5m,2804.96813645,2805.96457273,2803.97170016,2805.96457273,1.0589
1738419900000000,PAXGUSDT,5m,2805.96457273,2807.9588617,2805.96457273,2805.96457273,2.1754
1738420200000000,PAXGUSDT,5m,2805.96457273,2807.9588617,2805.96457273,2806.96171721,1.2193
1738420500000000,PAXGUSDT,5m,2806.96171721,2807.9585076,2805.96492683,2806.96171721,1.3363
1738420800000000,PAXGUSDT,5m,2806.96171721,2807.9585076,2805.96492683,2806.96171721,1.3967
1738421100000000,PAXGUSDT,5m,2806.96171721,2807.9585076,2805.96492683,2805.96492683,1.4303
1738421400000000,PAXGUSDT,5m,2805.96492683,2805.96492683,2803.97276146,2803.97276146,3.3423
1738421700000000,PAXGUSDT,5m,2803.97276146,2806.95994835,2798.99411664,2806.95994835,18.3036
1738422000000000,PAXGUSDT,5m,2806.95994835,2808.95707389,2797.97288341,2799.97000895,26.7984
1738422300000000,PAXGUSDT,5m,2799.97000895,2804.96282281,2794.9771951,2794.9771951,2.8101
1738422600000000,PAXGUSDT,5m,2794.9771951,2796.9686288,2794.9771951,2795.97291195,0.7965
1738422900000000,PAXGUSDT,5m,2795.97291195,2796.9686288,2792.9857614,2792.9857614,0.746
1738423200000000,PAXGUSDT,5m,2792.9857614,2792.9857614,2791.99004455,2792.9857614,0.6329
1738423500000000,PAXGUSDT,5m,2792.9857614,2795.97291195,2791.99004455,2791.99004455,1.3886
1738423800000000,PAXGUSDT,5m,2791.99004455,2793.98005884,2791.99004455,2791.99004455,0.4112
1738424100000000,PAXGUSDT,5m,2791.99004455,2792.98469722,2789.00608654,2792.98469722,5.7811
1738424400000000,PAXGUSDT,5m,2792.98469722,2795.97078207,2791.98933561,2792.98469722,6.1814
1738424700000000,PAXGUSDT,5m,2792.98469722,2793.98005884,2791.98933561,2791.98933561,0.5744
1738425000000000,PAXGUSDT,5m,2791.98933561,2791.98933561,2790.00003077,2791.98933561,1.4988
1738425300000000,PAXGUSDT,5m,2791.98933561,2791.98933561,2790.99468319,2791.98933561,0.2014
1738425600000000,PAXGUSDT,5m,2791.98933561,2793.97864044,2790.99468319,2791.98933561,5.1866
1738425900000000,PAXGUSDT,5m,2791.98933561,2791.98933561,2790.99503741,2791.98933561,0.366
1738426200000000,PAXGUSDT,5m,2791.98933561,2794.97329286,2790.00003077,2790.00003077,2.4601
1738426500000000,PAXGUSDT,5m,2790.00003077,2796.95020878,2783.04985276,2796.95020878,12.9584
1738426800000000,PAXGUSDT,5m,2796.95020878,2798.94589213,2796.95020878,2796.95020878,2.4222
1738427100000000,PAXGUSDT,5m,2796.95020878,2803.93510049,2795.95236711,2799.9437338,13.0874
1738427400000000,PAXGUSDT,5m,2799.9437338,2800.94193121,2798.94553639,2798.94553639,0.3879
1738427700000000,PAXGUSDT,5m,2798.94553639,2800.94121949,2796.9498533,2796.9498533,0.1608
1738428000000000,PAXGUSDT,5m,2796.9498533,2797.94662802,2795.95307859,2795.95307859,0.4749
1738428300000000,PAXGUSDT,5m,2795.95307859,2795.95307859,2793.96094957,2795.95307859,1.0914
1738428600000000,PAXGUSDT,5m,2795.95307859,2795.95307859,2793.96094957,2795.95307859,0.1226
1738428900000000,PAXGUSDT,5m,2795.95307859,2796.9491431,2794.95701408,2796.9491431,0.0874
1738429200000000,PAXGUSDT,5m,2796.9491431,2798.94198181,2794.95630438,2794.95630438,1.7849
1738429500000000,PAXGUSDT,5m,2794.95630438,2796.9463053,2792.96630345,2792.96630345,4.6559
1738429800000000,PAXGUSDT,5m,2792.96630345,2794.95347264,2788.99196506,2794.95347264,2.2873
1738430100000000,PAXGUSDT,5m,2794.95347264,2796.94347155,2790.97347482,2796.94347155,4.5039
1738430400000000,PAXGUSDT,5m,2796.94347155,2798.93701644,2794.94992667,2794.94992667,2.0565
1738430700000000,PAXGUSDT,5m,2794.94992667,2796.94205064,2794.94992667,2795.94598865,0.6988
1738431000000000,PAXGUSDT,5m,2795.94598865,2798.93417461,2792.9578027,2792.9578027,3.0616
1738431300000000,PAXGUSDT,5m,2792.9578027,2795.9406697,2791.9635137,2791.9635137,0.4622
1738431600000000,PAXGUSDT,5m,2791.9635137,2794.94425767,2791.9635137,2791.9635137,2.1379
1738431900000000,PAXGUSDT,5m,2791.9635137,2792.95603539,2789.97847032,2791.9635137,10.6339
1738432200000000,PAXGUSDT,5m,2791.9635137,2793.94996942,2790.97028584,2792.95674156,1.7693
1738432500000000,PAXGUSDT,5m,2792.95674156,2794.94461113,2792.95674156,2794.94461113,0.5042
1738432800000000,PAXGUSDT,5m,2794.94461113,2795.93854591,2792.95674156,2795.93854591,1.0586
1738433100000000,PAXGUSDT,5m,2795.93854591,2796.93283416,2794.94425767,2794.94425767,1.483
1738433400000000,PAXGUSDT,5m,2794.94425767,2796.93283416,2794.94425767,2796.93283416,0.058
1738433700000000,PAXGUSDT,5m,2796.93283416,2797.9271224,2794.94425767,2797.9271224,0.2706
1738434000000000,PAXGUSDT,5m,2797.9271224,2797.9271224,2795.93783899,2795.93783899,0.9716
1738434300000000,PAXGUSDT,5m,2795.93783899,2797.9271224,2793.94855557,2793.94855557,1.6707
1738434600000000,PAXGUSDT,5m,2793.94855557,2795.93783899,2792.95391387,2792.95391387,1.8478
1738434900000000,PAXGUSDT,5m,2792.95391387,2793.94855557,2792.95391387,2792.95391387,0.2919
1738435200000000,PAXGUSDT,5m,2792.95391387,2794.94319728,2792.95391387,2792.95391387,0.3641
1738435500000000,PAXGUSDT,5m,2792.95391387,2794.94319728,2792.95391387,2792.95391387,0.4446
1738435800000000,PAXGUSDT,5m,2792.95391387,2795.93783899,2791.95927216,2793.94855557,5.5451
1738436100000000,PAXGUSDT,5m,2793.94855557,2795.93925636,2792.95320518,2792.95320518,1.3532
1738436400000000,PAXGUSDT,5m,2792.95320518,2794.94248809,2791.95856373,2791.95856373,6.601
1738436700000000,PAXGUSDT,5m,2791.95856373,2793.94643027,2791.95856373,2791.95856373,1.1759
1738437000000000,PAXGUSDT,5m,2791.95856373,2793.94643027,2790.96463045,2792.952497,3.616
1738437300000000,PAXGUSDT,5m,2792.952497,2795.93535833,2789.96963566,2795.93535833,1.1838
1738437600000000,PAXGUSDT,5m,2795.93535833,2797.92747473,2791.95112555,2794.93930014,14.0446
1738437900000000,PAXGUSDT,5m,2794.93930014,2796.93141653,2792.94718374,2796.93141653,4.4024
1738438200000000,PAXGUSDT,5m,2796.93141653,2797.92889564,2796.93141653,2796.93141653,0.2705
1738438500000000,PAXGUSDT,5m,2796.93141653,2800.91991053,2792.94292253,2800.91991053,9.2943
1738438800000000,PAXGUSDT,5m,2800.91991053,2800.91991053,2797.92213681,2798.92139472,2.7565
1738439100000000,PAXGUSDT,5m,2798.92139472,2808.91040755,2794.92578959,2794.92578959,24.903
1738439400000000,PAXGUSDT,5m,2794.92578959,2797.91501503,2791.93656414,2797.91501503,1.91
1738439700000000,PAXGUSDT,5m,2797.91501503,2800.91064138,2794.91938867,2794.91938867,1.9635
1738440000000000,PAXGUSDT,5m,2794.91938867,2796.91220107,2792.92657628,2796.91220107,3.983
1738440300000000,PAXGUSDT,5m,2796.91220107,2797.90896237,2791.92839459,2796.91220107,8.659
1738440600000000,PAXGUSDT,5m,2796.91220107,2806.87981405,2791.92839459,2791.92839459,29.8106
1738440900000000,PAXGUSDT,5m,2791.92839459,2797.89192978,2785.96485939,2785.96485939,7.8059
1738441200000000,PAXGUSDT,5m,2785.96485939,2787.94493392,2781.01467307,2786.95489665,13.7649
1738441500000000,PAXGUSDT,5m,2786.95489665,2788.93497118,2782.9947476,2787.94493392,15.0194
1738441800000000,PAXGUSDT,5m,2787.94493392,2791.91071618,2784.97059721,2791.91071618,14.6667
1738442100000000,PAXGUSDT,5m,2791.91071618,2795.87649845,2789.92782505,2790.91927062,16.1936
1738442400000000,PAXGUSDT,5m,2790.91927062,2802.8081706,2790.91927062,2795.87297894,57.9059
1738442700000000,PAXGUSDT,5m,2795.87297894,2797.85376036,2790.92102538,2796.86336965,15.4503
1738443000000000,PAXGUSDT,5m,2796.86336965,2797.85446227,2792.89899918,2797.85446227,16.7086
1738443300000000,PAXGUSDT,5m,2797.85446227,2798.84625754,2795.87087173,2796.862667,3.1564
1738443600000000,PAXGUSDT,5m,2796.862667,2796.862667,2792.89829752,2792.89829752,4.4299
1738443900000000,PAXGUSDT,5m,2792.89829752,2793.88938989,2791.90720515,2791.90720515,4.6192
1738444200000000,PAXGUSDT,5m,2791.90720515,2801.81109733,2787.94564828,2787.94564828,23.2082
1738444500000000,PAXGUSDT,5m,2787.94564828,2787.94564828,2785.97118252,2787.94564828,2.1006
1738444800000000,PAXGUSDT,5m,2787.94564828,2789.92011404,2786.9584154,2787.94564828,1.8715
1738445100000000,PAXGUSDT,5m,2787.94564828,2792.88006536,2784.98499803,2787.94564828,29.4681
1738445400000000,PAXGUSDT,5m,2787.94564828,2788.93183351,2787.94564828,2787.94564828,0.712
1738445700000000,PAXGUSDT,5m,2787.94564828,2787.94564828,2785.97327782,2785.97327782,1.7061
1738446000000000,PAXGUSDT,5m,2785.97327782,2785.97327782,2784.00160529,2784.00160529,0.9419
1738446300000000,PAXGUSDT,5m,2784.00160529,2784.98709259,2782.03063071,2783.016118,3.3148
1738446600000000,PAXGUSDT,5m,2783.016118,2784.9856977,2779.0769586,2780.06174845,2.7327
1738446900000000,PAXGUSDT,5m,2780.06174845,2782.03132815,2778.09216875,2782.03132815,0.6646
1738447200000000,PAXGUSDT,5m,2782.03132815,2784.00230323,2779.07486553,2784.00230323,2.6732
1738447500000000,PAXGUSDT,5m,2784.00230323,2785.97747336,2784.00230323,2784.00230323,0.0375
1738447800000000,PAXGUSDT,5m,2784.00230323,2784.00230323,2781.04059865,2781.04059865,0.7125
1738448100000000,PAXGUSDT,5m,2781.04059865,2782.02748318,2777.09306054,2782.02748318,5.4776
1738448400000000,PAXGUSDT,5m,2782.02748318,2783.01541908,2781.03954728,2783.01541908,1.3715
1738448700000000,PAXGUSDT,5m,2783.01541908,2785.98133249,2782.02678127,2783.01541908,1.8823
1738449000000000,PAXGUSDT,5m,2783.01541908,2785.98027925,2781.03884562,2783.01541908,5.7172
1738449300000000,PAXGUSDT,5m,2783.01541908,2786.96856598,2782.02713235,2782.02713235,5.8256
1738449600000000,PAXGUSDT,5m,2782.02713235,2783.01436696,2781.03989774,2783.01436696,3.4156
1738449900000000,PAXGUSDT,5m,2783.01436696,2789.92746156,2779.06402719,2779.06402719,4.331
1738450200000000,PAXGUSDT,5m,2779.06402719,2784.9727388,2773.15531558,2784.9727388,15.0169
1738450500000000,PAXGUSDT,5m,2784.9727388,2786.9507024,2782.99477521,2786.9507024,1.2799
1738450800000000,PAXGUSDT,5m,2786.9507024,2789.91975499,2784.971334,2785.9610182,2.7694
1738451100000000,PAXGUSDT,5m,2785.9610182,2786.94999974,2782.00509201,2783.9830551,3.6534
1738451400000000,PAXGUSDT,5m,2783.9830551,2787.94179389,2780.02431631,2782.9933704,15.4144
1738451700000000,PAXGUSDT,5m,2782.9933704,2783.98340718,2780.02326008,2783.98340718,2.5313
1738452000000000,PAXGUSDT,5m,2783.98340718,2785.96559544,2782.99231305,2783.98340718,5.7618
1738452300000000,PAXGUSDT,5m,2783.98340718,2787.94778369,2780.01903066,2780.01903066,2.3502
1738452600000000,PAXGUSDT,5m,2780.01903066,2785.94868377,2778.04247963,2783.97213273,4.494
1738452900000000,PAXGUSDT,5m,2783.97213273,2783.97213273,2781.00625333,2783.97213273,2.4338
1738453200000000,PAXGUSDT,5m,2783.97213273,2788.91877831,2783.97213273,2788.91877831,1.5783
1738453500000000,PAXGUSDT,5m,2788.91877831,2790.8981387,2785.94973774,2788.91877831,2.9219
1738453800000000,PAXGUSDT,5m,2788.91877831,2790.89884134,2786.93871528,2789.90880983,1.2832
1738454100000000,PAXGUSDT,5m,2789.90880983,2792.87995872,2788.91842687,2791.88957576,8.9308
1738454400000000,PAXGUSDT,5m,2791.88957576,2802.78378836,2789.90880983,2800.80302243,24.6772
1738454700000000,PAXGUSDT,5m,2800.80302243,2802.78378836,2796.84149058,2802.78378836,8.5106
1738455000000000,PAXGUSDT,5m,2802.78378836,2803.77557314,2797.82486446,2797.82486446,22.3565
1738455300000000,PAXGUSDT,5m,2797.82486446,2801.789193,2795.84270019,2800.79811086,11.6217
1738455600000000,PAXGUSDT,5m,2800.79811086,2805.75352154,2795.84270019,2795.84270019,13.1321
1738455900000000,PAXGUSDT,5m,2795.84270019,2797.81786282,2793.86753757,2793.86753757,17.9041
1738456200000000,PAXGUSDT,5m,2793.86753757,2796.82714301,2793.86753757,2795.84060786,18.2009
1738456500000000,PAXGUSDT,5m,2795.84060786,2795.84060786,2794.85407271,2795.84060786,6.8609
1738456800000000,PAXGUSDT,5m,2795.84060786,2797.81437462,2792.87995773,2793.86684111,42.8743
1738457100000000,PAXGUSDT,5m,2793.86684111,2793.86684111,2791.89307435,2793.86684111,5.8288
1738457400000000,PAXGUSDT,5m,2793.86684111,2793.86684111,2792.87995773,2793.86684111,0.7655
1738457700000000,PAXGUSDT,5m,2793.86684111,2797.81437462,2790.90619097,2790.90619097,6.3353
1738458000000000,PAXGUSDT,5m,2790.90619097,2792.8764742,2789.92104936,2790.90619097,8.6813
1738458300000000,PAXGUSDT,5m,2790.90619097,2793.8626594,2790.90619097,2792.87716992,2.8172
1738458600000000,PAXGUSDT,5m,2792.87716992,2798.79010677,2788.93521203,2788.93521203,56.5902
1738458900000000,PAXGUSDT,5m,2788.93521203,2788.93521203,2785.9891537,2786.97117314,24.7304
1738459200000000,PAXGUSDT,5m,2786.97117314,2788.93521203,2785.9891537,2785.9891537,25.685
1738459500000000,PAXGUSDT,5m,2785.9891537,2787.95319259,2784.02511482,2784.02511482,4.7771
1738459800000000,PAXGUSDT,5m,2784.02511482,2785.00713426,2781.0790565,2784.02511482,2.733
1738460100000000,PAXGUSDT,5m,2784.02511482,2785.00748078,2782.06038291,2783.04274887,1.0002
1738460400000000,PAXGUSDT,5m,2783.04274887,2785.00748078,2782.06038291,2782.06038291,0.0636
1738460700000000,PAXGUSDT,5m,2782.06038291,2785.98984673,2782.06038291,2785.98984673,2.0387
1738461000000000,PAXGUSDT,5m,2785.98984673,2789.92208364,2782.05760983,2782.05760983,2.6993
1738461300000000,PAXGUSDT,5m,2782.05760983,2784.01956865,2780.095651,2780.095651,1.7662
1738461600000000,PAXGUSDT,5m,2780.095651,2782.05553514,2779.11570893,2781.07559307,2.4508
1738461900000000,PAXGUSDT,5m,2781.07559307,2781.07559307,2777.1558248,2777.1558248,4.1267
1738462200000000,PAXGUSDT,5m,2777.1558248,2778.13576687,2775.19594066,2778.13576687,2.8122
1738462500000000,PAXGUSDT,5m,2778.13576687,2778.13576687,2774.21323137,2775.19386524,1.8387
1738462800000000,PAXGUSDT,5m,2775.19386524,2780.0987678,2774.21288473,2780.0987678,3.9263
1738463100000000,PAXGUSDT,5m,2780.0987678,2782.06072882,2779.11778729,2782.06072882,3.8349
1738463400000000,PAXGUSDT,5m,2782.06072882,2784.02268984,2780.0987678,2784.02268984,9.763
1738463700000000,PAXGUSDT,5m,2784.02268984,2785.98742004,2781.07559454,2785.98742004,13.4173
1738464000000000,PAXGUSDT,5m,2785.98742004,2789.91965352,2783.03824493,2783.03824493,15.4391
1738464300000000,PAXGUSDT,5m,2783.03824493,2784.01887856,2782.0576113,2784.01887856,14.426
1738464600000000,PAXGUSDT,5m,2784.01887856,2784.99951219,2782.0576113,2782.0576113,28.2214
1738464900000000,PAXGUSDT,5m,2782.0576113,2783.03824493,2781.07697767,2783.03824493,1.6265
1738465200000000,PAXGUSDT,5m,2783.03824493,2783.03824493,2776.17380951,2777.15444314,17.4475
1738465500000000,PAXGUSDT,5m,2777.15444314,2779.1157104,2776.17380951,2776.17380951,2.4419
1738465800000000,PAXGUSDT,5m,2776.17380951,2789.88814731,2762.45947171,2789.88814731,20.0398
1738466100000000,PAXGUSDT,5m,2789.88814731,2799.7778607,2789.88814731,2798.78888936,23.3794
1738466400000000,PAXGUSDT,5m,2798.78888936,2803.73199938,2794.83440135,2799.77751137,63.1318
1738466700000000,PAXGUSDT,5m,2799.77751137,2805.71343542,2792.85226664,2805.71343542,11.5289
1738467000000000,PAXGUSDT,5m,2805.71343542,2811.67669458,2799.75017626,2799.75017626,1.3393
1738467300000000,PAXGUSDT,5m,2799.75017626,2801.7301976,2795.79013358,2801.7301976,3.7937
1738467600000000,PAXGUSDT,5m,2801.7301976,2810.65290523,2796.7731378,2796.7731378,19.8373
1738467900000000,PAXGUSDT,5m,2796.7731378,2797.76069894,2793.81045439,2794.79801553,2.1292
1738468200000000,PAXGUSDT,5m,2794.79801553,2796.77383597,2792.82219509,2792.82219509,4.3529
1738468500000000,PAXGUSDT,5m,2792.82219509,2793.81045489,2791.83393529,2792.82219509,1.3966
1738468800000000,PAXGUSDT,5m,2792.82219509,2802.70829135,2786.89053733,2786.89053733,11.4009
1738469100000000,PAXGUSDT,5m,2786.89053733,2794.76589031,2784.92169908,2784.92169908,25.1977
1738469400000000,PAXGUSDT,5m,2784.92169908,2785.9043814,2779.02560515,2783.93901676,4.6354
1738469700000000,PAXGUSDT,5m,2783.93901676,2783.93901676,2781.97365212,2783.93901676,1.2526
1738470000000000,PAXGUSDT,5m,2783.93901676,2786.8881047,2772.14266499,2783.93901676,33.0821
1738470300000000,PAXGUSDT,5m,2783.93901676,2787.86974605,2780.99096979,2782.95633444,4.0431
1738470600000000,PAXGUSDT,5m,2782.95633444,2784.92031209,2780.99235678,2781.97434561,1.9316
1738470900000000,PAXGUSDT,5m,2781.97434561,2782.95633444,2780.99235678,2781.97434561,0.9094
1738471200000000,PAXGUSDT,5m,2781.97434561,2782.95668119,2780.99201004,2782.95668119,0.1556
1738471500000000,PAXGUSDT,5m,2782.95668119,2782.95668119,2780.01071434,2780.99270329,1.2224
1738471800000000,PAXGUSDT,5m,2780.99270329,2781.97503911,2780.01036747,2781.97503911,2.1596
1738472100000000,PAXGUSDT,5m,2781.97503911,2782.95737493,2780.99270329,2780.99270329,0.8032
1738472400000000,PAXGUSDT,5m,2780.99270329,2781.97434561,2779.02941864,2781.97434561,1.6498
1738472700000000,PAXGUSDT,5m,2781.97434561,2781.97434561,2780.99270329,2781.97434561,1.2378
1738473000000000,PAXGUSDT,5m,2781.97434561,2782.95598793,2780.99270329,2782.95598793,0.6733
1738473300000000,PAXGUSDT,5m,2782.95598793,2782.95598793,2781.97399923,2782.95598793,0.9182
1738473600000000,PAXGUSDT,5m,2782.95598793,2783.93797664,2780.99201053,2782.95598793,6.4074
1738473900000000,PAXGUSDT,5m,2782.95598793,2783.93797664,2780.01002182,2782.95598793,8.0049
1738474200000000,PAXGUSDT,5m,2782.95598793,2782.95598793,2779.02803312,2782.95598793,4.0088
1738474500000000,PAXGUSDT,5m,2782.95598793,2782.95598793,2776.082067,2780.01002182,12.8601
1738474800000000,PAXGUSDT,5m,2780.01002182,2780.01002182,2777.06405571,2780.01002182,8.761
1738475100000000,PAXGUSDT,5m,2780.01002182,2781.97399923,2778.04604441,2778.04604441,4.187
1738475400000000,PAXGUSDT,5m,2778.04604441,2780.98992931,2776.08345448,2777.06474945,10.3221
1738475700000000,PAXGUSDT,5m,2777.06474945,2777.06474945,2775.10354553,2777.06474945,0.3039
1738476000000000,PAXGUSDT,5m,2777.06474945,2779.02733938,2776.08345448,2776.08345448,1.106
1738476300000000,PAXGUSDT,5m,2776.08345448,2776.08345448,2776.08345448,2776.08345448,0.0747
1738476600000000,PAXGUSDT,5m,2776.08345448,2782.94766649,2776.08345448,2779.02525963,35.1511
1738476900000000,PAXGUSDT,5m,2779.02525963,2780.00551545,2778.04500381,2778.04500381,1.5236
1738477200000000,PAXGUSDT,5m,2778.04500381,2779.02491386,2777.06509375,2778.04500381,4.2992
1738477500000000,PAXGUSDT,5m,2778.04500381,2780.98473397,2775.10527364,2780.98473397,2.6315
1738477800000000,PAXGUSDT,5m,2780.98473397,2784.90990649,2775.09697518,2784.90990649,16.7385
1738478100000000,PAXGUSDT,5m,2784.90990649,2784.90990649,2781.95874799,2781.95874799,3.9078
1738478400000000,PAXGUSDT,5m,2781.95874799,2781.95874799,2779.99269941,2781.95874799,0.5199
1738478700000000,PAXGUSDT,5m,2781.95874799,2782.94177228,2780.9757237,2781.95874799,0.9504
1738479000000000,PAXGUSDT,5m,2781.95874799,2781.95874799,2780.9757237,2780.9757237,0.5539
1738479300000000,PAXGUSDT,5m,2780.9757237,2780.9757237,2779.99304676,2780.9757237,0.3648
1738479600000000,PAXGUSDT,5m,2780.9757237,2781.95840063,2779.99304676,2779.99304676,0.7196
1738479900000000,PAXGUSDT,5m,2779.99304676,2781.95840063,2779.99304676,2780.9757237,0.3627
1738480200000000,PAXGUSDT,5m,2780.9757237,2780.9757237,2779.99304676,2780.9757237,0.0306
1738480500000000,PAXGUSDT,5m,2780.9757237,2781.95840063,2779.99304676,2779.99304676,0.9057
1738480800000000,PAXGUSDT,5m,2779.99304676,2781.95701218,2778.02908135,2781.95701218,1.8592
1738481100000000,PAXGUSDT,5m,2781.95701218,2782.94038334,2780.97364102,2780.97364102,1.3369
1738481400000000,PAXGUSDT,5m,2780.97364102,2780.97364102,2779.00828862,2779.00828862,1.8559
1738481700000000,PAXGUSDT,5m,2779.00828862,2780.97364102,2777.04293623,2777.04293623,1.132
1738482000000000,PAXGUSDT,5m,2777.04293623,2778.02422348,2775.08036171,2778.02422348,2.4714
1738482300000000,PAXGUSDT,5m,2778.02422348,2782.93065977,2773.1177872,2773.1177872,11.3774
1738482600000000,PAXGUSDT,5m,2773.1177872,2774.09561435,2772.13996005,2774.09561435,24.8064
1738482900000000,PAXGUSDT,5m,2774.09561435,2778.0083021,2773.11744241,2773.11744241,40.5619
1738483200000000,PAXGUSDT,5m,2773.11744241,2775.07171827,2770.18602862,2774.09458034,25.3964
1738483500000000,PAXGUSDT,5m,2774.09458034,2777.02806068,2774.09458034,2775.07240712,10.9308
1738483800000000,PAXGUSDT,5m,2775.07240712,2779.96154103,2775.07240712,2779.96154103,44.5059
1738484100000000,PAXGUSDT,5m,2779.96154103,2782.89605357,2778.98337019,2778.98337019,41.7492
1738484400000000,PAXGUSDT,5m,2778.98337019,2779.96119685,2778.98337019,2779.96119685,17.0456
1738484700000000,PAXGUSDT,5m,2779.96119685,2785.83022119,2779.96119685,2784.85205047,52.0859
1738485000000000,PAXGUSDT,5m,2784.85205047,2786.80839191,2783.87387974,2786.80839191,21.9173
1738485300000000,PAXGUSDT,5m,2786.80839191,2792.67947701,2786.80839191,2790.72244864,131.5928
1738485600000000,PAXGUSDT,5m,2790.72244864,2792.68016344,2789.74359124,2791.70130604,34.3969
1738485900000000,PAXGUSDT,5m,2791.70130604,2792.68085036,2779.94677423,2779.94677423,42.0282
1738486200000000,PAXGUSDT,5m,2779.94677423,2785.81990122,2774.07364724,2779.94677423,38.3166
1738486500000000,PAXGUSDT,5m,2779.94677423,2780.92493988,2774.07778033,2778.96860858,14.6854
1738486800000000,PAXGUSDT,5m,2778.96860858,2779.94643005,2776.03514418,2779.94643005,4.4512
1738487100000000,PAXGUSDT,5m,2779.94643005,2780.92493988,2778.96792022,2778.96792022,7.2203
1738487400000000,PAXGUSDT,5m,2778.96792022,2781.90138389,2777.99009899,2777.99009899,4.4543
1738487700000000,PAXGUSDT,5m,2777.99009899,2779.94299185,2776.03720613,2777.99009899,7.7117
1738488000000000,PAXGUSDT,5m,2777.99009899,2792.63679547,2772.1314204,2772.1314204,80.0262
1738488300000000,PAXGUSDT,5m,2772.1314204,2772.1314204,2768.24207432,2771.15908388,8.2276
1738488600000000,PAXGUSDT,5m,2771.15908388,2791.58531791,2770.18640607,2775.04979512,42.1074
1738488900000000,PAXGUSDT,5m,2775.04979512,2777.96782856,2769.21372826,2777.96782856,7.1268
1738489200000000,PAXGUSDT,5m,2777.96782856,2778.94289624,2776.99276087,2777.96782856,7.1638
1738489500000000,PAXGUSDT,5m,2777.96782856,2777.96782856,2772.11742246,2772.11742246,3.8052
1738489800000000,PAXGUSDT,5m,2772.11742246,2774.06755782,2769.19221941,2773.09249014,6.4434
1738490100000000,PAXGUSDT,5m,2773.09249014,2778.94289624,2765.29194868,2778.94289624,20.4881
1738490400000000,PAXGUSDT,5m,2778.94289624,2789.71019876,2776.00635919,2783.83712466,40.3883
1738490700000000,PAXGUSDT,5m,2783.83712466,2788.72963279,2782.85862303,2782.85862303,3.5933
1738491000000000,PAXGUSDT,5m,2782.85862303,2784.81287768,2779.92724106,2779.92724106,4.3594
1738491300000000,PAXGUSDT,5m,2779.92724106,2781.88218286,2777.97229925,2781.88218286,2.5938
1738491600000000,PAXGUSDT,5m,2781.88218286,2782.86102951,2780.90333621,2781.88218286,0.512
1738491900000000,PAXGUSDT,5m,2781.88218286,2789.71295607,2779.92448955,2789.71295607,16.9032
1738492200000000,PAXGUSDT,5m,2789.71295607,2798.52566811,2773.06672221,2798.52566811,46.4269
1738492500000000,PAXGUSDT,5m,2798.52566811,2805.41858847,2798.52566811,2802.46447974,23.6286
1738492800000000,PAXGUSDT,5m,2802.46447974,2803.44918265,2799.51037102,2800.49507393,4.1635
1738493100000000,PAXGUSDT,5m,2800.49507393,2804.43388556,2796.55626229,2796.55626229,2.5398
1738493400000000,PAXGUSDT,5m,2796.55626229,2797.53854408,2795.5739805,2795.5739805,11.6572
1738493700000000,PAXGUSDT,5m,2795.5739805,2797.53716447,2795.5739805,2797.53716447,23.7354
1738494000000000,PAXGUSDT,5m,2797.53716447,2799.50034845,2795.5739805,2799.50034845,3.0091
1738494300000000,PAXGUSDT,5m,2799.50034845,2802.44926033,2799.50034845,2802.44926033,4.0266
1738494600000000,PAXGUSDT,5m,2802.44926033,2802.44926033,2801.4662897,2802.44926033,1.7143
1738494900000000,PAXGUSDT,5m,2802.44926033,2802.44926033,2801.4662897,2802.44926033,0.3032
1738495200000000,PAXGUSDT,5m,2802.44926033,2802.44926033,2800.48331908,2801.4662897,3.2285
1738495500000000,PAXGUSDT,5m,2801.4662897,2806.37941894,2798.51841216,2798.51841216,23.046
1738495800000000,PAXGUSDT,5m,2798.51841216,2804.40177252,2794.59617192,2799.49897222,70.379
1738496100000000,PAXGUSDT,5m,2799.49897222,2801.46077949,2798.51806859,2800.47987586,4.0792
1738496400000000,PAXGUSDT,5m,2800.47987586,2805.38439403,2800.47987586,2800.47987586,17.4431
1738496700000000,PAXGUSDT,5m,2800.47987586,2802.44099622,2796.55763513,2800.47987586,10.6004
1738497000000000,PAXGUSDT,5m,2800.47987586,2814.21733846,2800.47987586,2809.31110181,92.5715
1738497300000000,PAXGUSDT,5m,2809.31110181,2814.21733846,2807.34860716,2811.27359647,38.647
1738497600000000,PAXGUSDT,5m,2811.27359647,2826.99550404,2799.4821658,2799.4821658,86.5028
1738497900000000,PAXGUSDT,5m,2799.4821658,2802.40539813,2795.58452268,2801.43098735,32.0069
1738498200000000,PAXGUSDT,5m,2801.43098735,2804.35829246,2801.43098735,2804.35829246,25.6999
1738498500000000,PAXGUSDT,5m,2804.35829246,2807.28661647,2785.81224041,2795.57332043,42.983
1738498800000000,PAXGUSDT,5m,2795.57332043,2795.57332043,2785.79858854,2792.64090087,42.0049
1738499100000000,PAXGUSDT,5m,2792.64090087,2800.46068638,2784.82111536,2784.82111536,52.6595
1738499400000000,PAXGUSDT,5m,2784.82111536,2788.70917276,2775.10097185,2788.70917276,19.9534
1738499700000000,PAXGUSDT,5m,2788.70917276,2793.57942979,2785.78701854,2793.57942979,18.9792
1738500000000000,PAXGUSDT,5m,2793.57942979,2797.47835432,2779.93319391,2797.47835432,30.6038
1738500300000000,PAXGUSDT,5m,2797.47835432,2802.36734131,2789.65597514,2792.58936733,22.5042
1738500600000000,PAXGUSDT,5m,2792.58936733,2792.58936733,2788.68910285,2790.63923509,7.3844
1738500900000000,PAXGUSDT,5m,2790.63923509,2793.56647905,2786.73624316,2791.61498308,14.4598
1738501200000000,PAXGUSDT,5m,2791.61498308,2794.54120423,2787.71335487,2788.68876192,16.931
1738501500000000,PAXGUSDT,5m,2788.68876192,2788.68876192,2783.82194035,2785.76866898,13.1534
1738501800000000,PAXGUSDT,5m,2785.76866898,2785.76866898,2782.84857603,2785.76866898,8.6199
1738502100000000,PAXGUSDT,5m,2785.76866898,2786.74203329,2783.82194035,2786.74203329,10.1664
1738502400000000,PAXGUSDT,5m,2786.74203329,2787.71607804,2785.76798854,2786.74203329,1.4134
1738502700000000,PAXGUSDT,5m,2786.74203329,2790.6382123,2786.74203329,2790.6382123,10.1304
1738503000000000,PAXGUSDT,5m,2790.6382123,2791.61259715,2786.74067289,2791.61259715,13.6499
1738503300000000,PAXGUSDT,5m,2791.61259715,2792.58766267,2788.68740057,2788.68740057,4.2988
1738503600000000,PAXGUSDT,5m,2788.68740057,2790.63616885,2787.71301644,2787.71301644,19.1134
1738503900000000,PAXGUSDT,5m,2787.71301644,2789.6611038,2786.73897275,2786.73897275,5.1458
1738504200000000,PAXGUSDT,5m,2786.73897275,2788.68569925,2784.79224626,2784.79224626,4.9493
1738504500000000,PAXGUSDT,5m,2784.79224626,2784.79224626,2782.84823771,2783.82024199,8.6358
1738504800000000,PAXGUSDT,5m,2783.82024199,2804.23233175,2772.1561907,2772.1561907,252.197
1738505100000000,PAXGUSDT,5m,2772.1561907,2780.83424486,2765.40659301,2776.01310366,56.2953
1738505400000000,PAXGUSDT,5m,2776.01310366,2776.01310366,2772.14544346,2776.01310366,8.4197
1738505700000000,PAXGUSDT,5m,2776.01310366,2779.87941717,2775.04652528,2775.04652528,5.3696
1738506000000000,PAXGUSDT,5m,2775.04652528,2776.01344044,2770.21194945,2770.21194945,8.5183
1738506300000000,PAXGUSDT,5m,2770.21194945,2773.11067141,2763.44826489,2773.11067141,10.8799
1738506600000000,PAXGUSDT,5m,2773.11067141,2778.9202608,2770.20587671,2776.983731,10.0513
1738506900000000,PAXGUSDT,5m,2776.983731,2776.983731,2773.11067141,2773.11067141,2.9672
1738507200000000,PAXGUSDT,5m,2773.11067141,2774.0789363,2772.14240651,2774.0789363,1.3226
1738507500000000,PAXGUSDT,5m,2774.0789363,2780.86152539,2767.29634722,2767.29634722,6.6726
1738507800000000,PAXGUSDT,5m,2767.29634722,2772.11742099,2766.33213246,2771.15320624,8.2577
1738508100000000,PAXGUSDT,5m,2771.15320624,2773.08163575,2769.22477673,2769.22477673,35.0541
1738508400000000,PAXGUSDT,5m,2769.22477673,2769.22477673,2767.29902932,2767.29902932,23.6074
1738508700000000,PAXGUSDT,5m,2767.29902932,2769.2241069,2766.33649053,2766.33649053,3.6831
1738509000000000,PAXGUSDT,5m,2766.33649053,2779.80266259,2766.33649053,2773.06957656,73.6763
1738509300000000,PAXGUSDT,5m,2773.06957656,2774.99331543,2770.18396826,2773.06957656,35.7327
1738509600000000,PAXGUSDT,5m,2773.06957656,2774.03111247,2772.10804065,2773.06957656,10.7058
1738509900000000,PAXGUSDT,5m,2773.06957656,2774.03111247,2765.37728925,2766.33882516,21.5289
1738510200000000,PAXGUSDT,5m,2766.33882516,2768.26189699,2765.37728925,2765.37728925,12.5937
1738510500000000,PAXGUSDT,5m,2765.37728925,2771.14049304,2763.45622131,2763.45622131,15.3171
1738510800000000,PAXGUSDT,5m,2763.45622131,2763.45622131,2757.70101919,2757.70101919,4.5564
1738511100000000,PAXGUSDT,5m,2757.70101919,2767.29302273,2756.74181883,2764.41542167,16.6446
1738511400000000,PAXGUSDT,5m,2764.41542167,2767.29402155,2764.41542167,2767.29402155,4.3481
1738511700000000,PAXGUSDT,5m,2767.29402155,2768.25355485,2763.45588837,2768.25355485,11.9789
1738512000000000,PAXGUSDT,5m,2768.25355485,2771.13515119,2761.52983004,2767.29302273,14.6564
1738512300000000,PAXGUSDT,5m,2767.29302273,2782.67221285,2765.37062397,2765.37062397,51.8323
1738512600000000,PAXGUSDT,5m,2765.37062397,2771.12981305,2765.37062397,2767.29035366,21.7233
1738512900000000,PAXGUSDT,5m,2767.29035366,2776.88900213,2758.65157004,2758.65157004,28.314
1738513200000000,PAXGUSDT,5m,2758.65157004,2762.46713237,2749.11266419,2753.88211712,50.231
1738513500000000,PAXGUSDT,5m,2753.88211712,2760.55703914,2750.06787596,2754.83567741,51.5832
1738513800000000,PAXGUSDT,5m,2754.83567741,2760.55505943,2750.06952571,2758.64859876,15.325
1738514100000000,PAXGUSDT,5m,2758.64859876,2773.90028417,2751.02275605,2767.2276718,79.1284
1738514400000000,PAXGUSDT,5m,2767.2276718,2773.90028417,2753.88244707,2773.90028417,101.0172
1738514700000000,PAXGUSDT,5m,2773.90028417,2783.47866913,2758.57486823,2783.47866913,21.9475
1738515000000000,PAXGUSDT,5m,2783.47866913,2788.30105074,2778.65628751,2783.47866913,16.892
1738515300000000,PAXGUSDT,5m,2783.47866913,2793.12343236,2781.54971648,2791.19447971,21.17
1738515600000000,PAXGUSDT,5m,2791.19447971,2814.34191147,2788.30105074,2809.51952986,71.9967
1738515900000000,PAXGUSDT,5m,2809.51952986,2820.12876941,2786.3720981,2820.12876941,104.368
1738516200000000,PAXGUSDT,5m,2820.12876941,2822.0716759,2811.38569021,2818.18586293,32.6786
1738516500000000,PAXGUSDT,5m,2818.18586293,2819.1563126,2795.86552035,2806.5404668,39.6377
1738516800000000,PAXGUSDT,5m,2806.5404668,2814.30138064,2794.89909604,2814.30138064,16.636
1738517100000000,PAXGUSDT,5m,2814.30138064,2829.92011879,2814.30138064,2826.99160538,113.1276
1738517400000000,PAXGUSDT,5m,2826.99160538,2829.92011879,2822.11074971,2824.06309198,31.4299
1738517700000000,PAXGUSDT,5m,2824.06309198,2833.80796117,2818.21617046,2831.85898733,106.9429
1738518000000000,PAXGUSDT,5m,2831.85898733,2836.73645717,2826.9815175,2826.9815175,70.209
1738518300000000,PAXGUSDT,5m,2826.9815175,2844.48002758,2809.48300742,2844.48002758,85.7732
1738518600000000,PAXGUSDT,5m,2844.48002758,2851.37215641,2840.54166825,2840.54166825,67.9937
1738518900000000,PAXGUSDT,5m,2840.54166825,2843.4872697,2818.94059092,2819.92245807,68.0959
1738519200000000,PAXGUSDT,5m,2819.92245807,2820.90432522,2799.3032479,2819.92245807,125.5736
1738519500000000,PAXGUSDT,5m,2819.92245807,2831.70896782,2815.99362149,2815.99362149,57.993
1738519800000000,PAXGUSDT,5m,2815.99362149,2833.61806001,2798.36918297,2798.36918297,51.2522
1738520100000000,PAXGUSDT,5m,2798.36918297,2801.27205556,2790.62818938,2801.27205556,22.9325
1738520400000000,PAXGUSDT,5m,2801.27205556,2806.12526425,2796.41884687,2796.41884687,27.9145
1738520700000000,PAXGUSDT,5m,2796.41884687,2804.1571211,2795.4515626,2804.1571211,16.6646
1738521000000000,PAXGUSDT,5m,2804.1571211,2825.44471829,2803.18950304,2824.47710023,69.3509
1738521300000000,PAXGUSDT,5m,2824.47710023,2832.21804467,2799.31903082,2832.21804467,77.5912
1738521600000000,PAXGUSDT,5m,2832.21804467,2843.89729434,2820.538795,2843.89729434,37.5187
1738521900000000,PAXGUSDT,5m,2843.89729434,2853.70383673,2839.97467738,2839.97467738,36.9257
1738522200000000,PAXGUSDT,5m,2839.97467738,2844.86275772,2835.08659704,2835.08659704,23.0332
1738522500000000,PAXGUSDT,5m,2835.08659704,2861.40056683,2835.08659704,2860.42597536,146.5835
1738522800000000,PAXGUSDT,5m,2860.42597536,2873.09134923,2836.06948715,2873.09134923,260.3878
1738523100000000,PAXGUSDT,5m,2873.09134923,2890.77191137,2847.55275945,2883.8961372,119.1919
1738523400000000,PAXGUSDT,5m,2883.8961372,2886.86412637,2861.14155362,2877.96015888,29.2183
1738523700000000,PAXGUSDT,5m,2877.96015888,2877.96015888,2849.25973088,2857.17709033,34.2019
1738524000000000,PAXGUSDT,5m,2857.17709033,2863.11510992,2847.28039102,2859.15643019,43.7402
1738524300000000,PAXGUSDT,5m,2859.15643019,2867.08476691,2840.32663048,2863.12059855,97.8771
1738524600000000,PAXGUSDT,5m,2863.12059855,2864.1119838,2842.30150833,2856.18090181,45.7398
1738524900000000,PAXGUSDT,5m,2856.18090181,2865.10336905,2853.20674606,2864.1119838,10.1084
1738525200000000,PAXGUSDT,5m,2864.1119838,2874.02583629,2863.12059855,2866.0947543,93.1992
1738525500000000,PAXGUSDT,5m,2866.0947543,2883.93968878,2844.28427883,2883.93968878,23.857
1738525800000000,PAXGUSDT,5m,2883.93968878,2890.96634308,2878.92064999,2878.92064999,19.3215
1738526100000000,PAXGUSDT,5m,2878.92064999,2896.92640805,2878.92064999,2892.92512848,19.883
1738526400000000,PAXGUSDT,5m,2892.92512848,2895.92401424,2883.9284712,2884.92809979,17.0653
1738526700000000,PAXGUSDT,5m,2884.92809979,2888.92661413,2880.92958545,2887.92698555,13.9416
1738527000000000,PAXGUSDT,5m,2887.92698555,2891.92688442,2882.92711196,2883.92708668,18.4577
1738527300000000,PAXGUSDT,5m,2883.92708668,2887.92698555,2882.92711196,2884.92706139,12.9528
1738527600000000,PAXGUSDT,5m,2884.92706139,2891.92688442,2882.92711196,2886.92701083,18.9722
1738527900000000,PAXGUSDT,5m,2886.92701083,2895.92990172,2878.92444115,2878.92444115,28.6548
1738528200000000,PAXGUSDT,5m,2878.92444115,2882.90497961,2871.95849885,2882.90497961,12.2543
1738528500000000,PAXGUSDT,5m,2882.90497961,2886.89930588,2881.90639805,2881.90639805,5.5731
1738528800000000,PAXGUSDT,5m,2881.90639805,2893.88937683,2881.90639805,2889.89505057,10.9214
1738529100000000,PAXGUSDT,5m,2889.89505057,2895.89068346,2887.89650628,2895.89068346,11.0551
1738529400000000,PAXGUSDT,5m,2895.89068346,2896.8899556,2885.89796198,2886.89723413,19.1342
1738529700000000,PAXGUSDT,5m,2886.89723413,2889.89505057,2885.89796198,2886.89723413,7.32
1738530000000000,PAXGUSDT,5m,2886.89723413,2896.8899556,2886.89723413,2894.89141131,9.8945
1738530300000000,PAXGUSDT,5m,2894.89141131,2897.88922775,2886.89723413,2886.89723413,15.4777
1738530600000000,PAXGUSDT,5m,2886.89723413,2888.89577842,2884.89868983,2888.89577842,12.2031
1738530900000000,PAXGUSDT,5m,2888.89577842,2891.89774841,2884.89315178,2891.89774841,9.6773
1738531200000000,PAXGUSDT,5m,2891.89774841,2901.90431501,2890.89709175,2890.89709175,31.7885
1738531500000000,PAXGUSDT,5m,2890.89709175,2906.89652221,2877.89755449,2877.89755449,33.5687
1738531800000000,PAXGUSDT,5m,2877.89755449,2887.80767004,2872.94249672,2876.90654294,67.9712
1738532100000000,PAXGUSDT,5m,2876.90654294,2903.64543336,2864.03226237,2878.88720149,103.6657
1738532400000000,PAXGUSDT,5m,2878.88720149,2880.86990617,2870.95638275,2880.86990617,16.9093
1738532700000000,PAXGUSDT,5m,2880.86990617,2892.778428,2880.86990617,2890.79367437,18.2023
1738533000000000,PAXGUSDT,5m,2890.79367437,2907.66408029,2886.82416709,2901.70981938,75.55
1738533300000000,PAXGUSDT,5m,2901.70981938,2903.69457302,2890.79367437,2892.778428,26.5467
1738533600000000,PAXGUSDT,5m,2892.778428,2901.700637,2883.85621901,2901.700637,21.0709
1738533900000000,PAXGUSDT,5m,2901.700637,2923.64543384,2900.70314624,2909.68056313,28.8427
1738534200000000,PAXGUSDT,5m,2909.68056313,2914.66972733,2905.68923176,2912.67406165,5.1485
1738534500000000,PAXGUSDT,5m,2912.67406165,2921.64840829,2910.67976239,2915.66551053,11.3152
1738534800000000,PAXGUSDT,5m,2915.66551053,2928.62402391,2906.69423204,2916.66231925,30.5734
1738535100000000,PAXGUSDT,5m,2916.66231925,2920.65228138,2905.68992338,2910.67737605,23.4394
1738535400000000,PAXGUSDT,5m,2910.67737605,2916.66642415,2897.70110517,2916.66642415,20.2486
1738535700000000,PAXGUSDT,5m,2916.66642415,2948.7728313,2908.63982236,2908.63982236,32.7744
1738536000000000,PAXGUSDT,5m,2908.63982236,2910.63477423,2895.67263523,2900.66001489,63.6426
1738536300000000,PAXGUSDT,5m,2900.66001489,2907.64474833,2898.66437677,2900.66001489,21.9387
1738536600000000,PAXGUSDT,5m,2900.66001489,2917.62293896,2888.68618614,2888.68618614,65.3862
1738536900000000,PAXGUSDT,5m,2888.68618614,2890.66541614,2881.75888114,2882.74849614,9.4407
1738537200000000,PAXGUSDT,5m,2882.74849614,2918.37463616,2840.19505112,2918.37463616,100.9012
1738537500000000,PAXGUSDT,5m,2918.37463616,2948.82724105,2884.87677077,2948.82724105,154.4728
1738537800000000,PAXGUSDT,5m,2948.82724105,2954.01153649,2941.56922745,2949.86410014,123.5368
1738538100000000,PAXGUSDT,5m,2949.86410014,2950.90168864,2942.60098065,2945.71374615,63.2198
1738538400000000,PAXGUSDT,5m,2945.71374615,2945.71374615,2939.49259779,2944.67688809,22.0929
1738538700000000,PAXGUSDT,5m,2944.67688809,2946.75060421,2938.45573973,2945.71374615,114.2412
1738539000000000,PAXGUSDT,5m,2945.71374615,2947.78965436,2944.67579204,2945.71374615,110.3067
1738539300000000,PAXGUSDT,5m,2945.71374615,2945.71374615,2924.94734681,2929.10062668,287.3899
1738539600000000,PAXGUSDT,5m,2929.10062668,2938.4355791,2928.06340974,2930.13784361,18.4827
1738539900000000,PAXGUSDT,5m,2930.13784361,2940.50634271,2912.51139516,2940.50634271,170.195
1738540200000000,PAXGUSDT,5m,2940.50634271,2942.5932883,2930.07161473,2932.15856033,97.0759
1738540500000000,PAXGUSDT,5m,2932.15856033,2940.50634271,2923.81077795,2923.81077795,54.2502
1738540800000000,PAXGUSDT,5m,2923.81077795,2925.8873481,2915.50449733,2916.54278241,55.6529
1738541100000000,PAXGUSDT,5m,2916.54278241,2919.65431454,2904.09665389,2915.50560503,69.1607
1738541400000000,PAXGUSDT,5m,2915.50560503,2922.76843038,2909.28032616,2910.31787264,37.6488
1738541700000000,PAXGUSDT,5m,2910.31787264,2916.52324124,2902.04404784,2916.52324124,12.142
1738542000000000,PAXGUSDT,5m,2916.52324124,2926.90972002,2908.21405821,2908.21405821,27.6525
1738542300000000,PAXGUSDT,5m,2908.21405821,2912.34651158,2904.08160484,2909.24717156,15.2796
1738542600000000,PAXGUSDT,5m,2909.24717156,2912.34981696,2904.07609589,2906.14452615,10.9666
1738542900000000,PAXGUSDT,5m,2906.14452615,2912.34540352,2902.01060791,2910.2784444,16.0529
1738543200000000,PAXGUSDT,5m,2910.2784444,2912.34466978,2900.9804302,2904.07976827,15.5295
1738543500000000,PAXGUSDT,5m,2904.07976827,2908.21368964,2899.94584689,2905.11324861,16.1253
1738543800000000,PAXGUSDT,5m,2905.11324861,2908.21589715,2902.01060007,2908.21589715,42.3426
1738544100000000,PAXGUSDT,5m,2908.21589715,2913.38881764,2905.11214486,2905.11214486,18.3752
1738544400000000,PAXGUSDT,5m,2905.11214486,2907.18057643,2902.0094975,2906.14636064,8.3422
1738544700000000,PAXGUSDT,5m,2906.14636064,2908.21552858,2896.83510495,2903.04260875,66.5407
1738545000000000,PAXGUSDT,5m,2903.04260875,2905.11251435,2896.83289194,2897.86784474,15.6811
1738545300000000,PAXGUSDT,5m,2897.86784474,2902.00617797,2893.72951151,2893.72951151,12.3944
1738545600000000,PAXGUSDT,5m,2893.72951151,2900.95093988,2893.72951151,2893.72951151,24.9212
1738545900000000,PAXGUSDT,5m,2893.72951151,2894.76114413,2886.50808314,2891.66624626,10.9748
1738546200000000,PAXGUSDT,5m,2891.66624626,2898.88767463,2888.57134839,2889.60298101,11.2964
1738546500000000,PAXGUSDT,5m,2889.60298101,2893.72656714,2886.51029141,2887.54118794,11.7539
1738546800000000,PAXGUSDT,5m,2887.54118794,2892.69567061,2886.51029141,2888.57208448,10.822
1738547100000000,PAXGUSDT,5m,2888.57208448,2898.8810498,2878.26311915,2898.8810498,72.8978
1738547400000000,PAXGUSDT,5m,2898.8810498,2903.02971678,2876.06338143,2887.47221562,248.6001
1738547700000000,PAXGUSDT,5m,2887.47221562,2890.58036655,2876.0756622,2888.50826593,150.5892
1738548000000000,PAXGUSDT,5m,2888.50826593,2904.05459675,2884.36257771,2884.36257771,52.7017
1738548300000000,PAXGUSDT,5m,2884.36257771,2891.5915566,2870.9373312,2891.5915566,60.091
1738548600000000,PAXGUSDT,5m,2891.5915566,2909.24220524,2879.13227521,2879.13227521,43.4827
1738548900000000,PAXGUSDT,5m,2879.13227521,2889.42591938,2870.89735987,2872.95608871,62.284
1738549200000000,PAXGUSDT,5m,2872.95608871,2875.01555544,2867.80742188,2870.89662198,41.3417
1738549500000000,PAXGUSDT,5m,2870.89662198,2871.9252485,2865.75348937,2868.83936893,9.8328
1738549800000000,PAXGUSDT,5m,2868.83936893,2873.98619234,2859.57508679,2867.81000425,31.6137
1738550100000000,PAXGUSDT,5m,2867.81000425,2873.98619234,2865.75127489,2867.81000425,24.6531
1738550400000000,PAXGUSDT,5m,2867.81000425,2871.92746298,2861.63381616,2871.92746298,7.6855
1738550700000000,PAXGUSDT,5m,2871.92746298,2875.02443724,2867.79816397,2875.02443724,3.9006
1738551000000000,PAXGUSDT,5m,2875.02443724,2878.13033328,2871.91854119,2871.91854119,18.8975
1738551300000000,PAXGUSDT,5m,2871.91854119,2873.98615713,2865.71569337,2872.95234916,46.1501
1738551600000000,PAXGUSDT,5m,2872.95234916,2873.98727436,2869.84757357,2873.98727436,9.6504
1738551900000000,PAXGUSDT,5m,2873.98727436,2878.13145212,2872.95122992,2872.95122992,4.4683
1738552200000000,PAXGUSDT,5m,2872.95122992,2878.12771863,2871.91593218,2875.0218254,12.0037
1738552500000000,PAXGUSDT,5m,2875.0218254,2880.19831411,2869.8453367,2869.8453367,65.7424
1738552800000000,PAXGUSDT,5m,2869.8453367,2871.90848935,2864.68745508,2870.87691303,29.4733
1738553100000000,PAXGUSDT,5m,2870.87691303,2870.87691303,2861.5927261,2862.62430243,11.9641
1738553400000000,PAXGUSDT,5m,2862.62430243,2864.68596919,2860.56263566,2862.62430243,6.7274
1738553700000000,PAXGUSDT,5m,2862.62430243,2866.75060773,2862.62430243,2862.62430243,4.8588
1738554000000000,PAXGUSDT,5m,2862.62430243,2865.7190314,2861.5927261,2865.7190314,3.3433
1738554300000000,PAXGUSDT,5m,2865.7190314,2868.81599001,2864.68671186,2868.81599001,3.2189
1738554600000000,PAXGUSDT,5m,2868.81599001,2871.91294862,2864.68671186,2867.78367047,9.2834
1738554900000000,PAXGUSDT,5m,2867.78367047,2870.87840105,2867.78367047,2867.78367047,3.8805
1738555200000000,PAXGUSDT,5m,2867.78367047,2878.09943907,2866.75209361,2866.75209361,16.4305
1738555500000000,PAXGUSDT,5m,2866.75209361,2867.7829286,2859.53624872,2863.65958866,40.24
1738555800000000,PAXGUSDT,5m,2863.65958866,2869.8468258,2862.62838247,2862.62838247,6.3991
1738556100000000,PAXGUSDT,5m,2862.62838247,2873.95125633,2852.33486078,2852.33486078,19.1899
1738556400000000,PAXGUSDT,5m,2852.33486078,2861.53264428,2841.09312539,2861.53264428,11.2225
1738556700000000,PAXGUSDT,5m,2861.53264428,2866.67558576,2859.47546768,2862.56123257,28.2077
1738557000000000,PAXGUSDT,5m,2862.56123257,2862.56123257,2857.41829108,2857.41829108,22.2172
1738557300000000,PAXGUSDT,5m,2857.41829108,2864.61840917,2857.41829108,2863.58982087,10.3465
1738557600000000,PAXGUSDT,5m,2863.58982087,2866.67780414,2862.56049311,2866.67780414,3.735
1738557900000000,PAXGUSDT,5m,2866.67780414,2869.76800659,2864.61766918,2867.70787163,8.823
1738558200000000,PAXGUSDT,5m,2867.70787163,2872.86005968,2864.61655879,2864.61655879,4.062
1738558500000000,PAXGUSDT,5m,2864.61655879,2869.75396295,2856.39671214,2869.75396295,49.1881
1738558800000000,PAXGUSDT,5m,2869.75396295,2870.78513577,2866.66044449,2866.66044449,12.3884
1738559100000000,PAXGUSDT,5m,2866.66044449,2879.03451835,2866.66044449,2869.75396295,25.6888
1738559400000000,PAXGUSDT,5m,2869.75396295,2873.87421272,2867.69383807,2869.75396295,24.2377
1738559700000000,PAXGUSDT,5m,2869.75396295,2871.81408783,2868.72390051,2868.72390051,3.3876
1738560000000000,PAXGUSDT,5m,2868.72390051,2875.9317495,2863.57543694,2863.57543694,9.0893
1738560300000000,PAXGUSDT,5m,2863.57543694,2869.72925235,2857.42162153,2867.67798055,43.2638
1738560600000000,PAXGUSDT,5m,2867.67798055,2869.73440075,2857.3958795,2866.64977044,31.6849
1738560900000000,PAXGUSDT,5m,2866.64977044,2873.84208169,2860.48493223,2860.48493223,36.4143
1738561200000000,PAXGUSDT,5m,2860.48493223,2865.60207879,2858.4380736,2859.46150291,25.6163
1738561500000000,PAXGUSDT,5m,2859.46150291,2865.60207879,2853.32092703,2865.60207879,32.9819
1738561800000000,PAXGUSDT,5m,2865.60207879,2873.82475334,2864.57424448,2873.82475334,20.1153
1738562100000000,PAXGUSDT,5m,2873.82475334,2874.8529554,2870.74014716,2873.82475334,10.1469
1738562400000000,PAXGUSDT,5m,2873.82475334,2874.8529554,2870.74014716,2874.8529554,9.6259
1738562700000000,PAXGUSDT,5m,2874.8529554,2878.96870766,2870.73720314,2870.73720314,12.7049
1738563000000000,PAXGUSDT,5m,2870.73720314,2875.87085336,2867.657013,2867.657013,13.0791
1738563300000000,PAXGUSDT,5m,2867.657013,2873.80858329,2864.58122786,2864.58122786,6.5738
1738563600000000,PAXGUSDT,5m,2864.58122786,2871.73756926,2861.51422441,2870.71523477,37.8144
1738563900000000,PAXGUSDT,5m,2870.71523477,2873.78442426,2866.62298212,2872.7613611,24.5409
1738564200000000,PAXGUSDT,5m,2872.7613611,2875.83273818,2871.73756874,2872.7613611,14.8963
1738564500000000,PAXGUSDT,5m,2872.7613611,2875.83273818,2871.73756874,2873.78515346,11.4174
1738564800000000,PAXGUSDT,5m,2873.78515346,2875.83200898,2872.7617257,2872.7617257,29.4238
1738565100000000,PAXGUSDT,5m,2872.7617257,2884.00741217,2861.51603923,2861.51603923,84.6361
1738565400000000,PAXGUSDT,5m,2861.51603923,2862.53076123,2851.36881923,2851.36881923,30.6648
1738565700000000,PAXGUSDT,5m,2851.36881923,2851.36881923,2844.27081719,2846.29881777,15.2528
1738566000000000,PAXGUSDT,5m,2846.29881777,2853.39681981,2842.24281661,2842.24281661,18.1326
1738566300000000,PAXGUSDT,5m,2842.24281661,2844.26432644,2841.23206169,2841.23206169,4.7766
1738566600000000,PAXGUSDT,5m,2841.23206169,2848.30482999,2838.20087528,2844.26324811,42.7402
1738566900000000,PAXGUSDT,5m,2844.26324811,2846.28691459,2842.23958162,2844.26324811,7.8203
1738567200000000,PAXGUSDT,5m,2844.26324811,2844.26324811,2839.20588102,2842.24030127,14.7645
1738567500000000,PAXGUSDT,5m,2842.24030127,2845.27580177,2839.20480077,2840.21663427,14.646
1738567800000000,PAXGUSDT,5m,2840.21663427,2841.22810743,2838.19368795,2841.22810743,9.8683
1738568100000000,PAXGUSDT,5m,2841.22810743,2845.27400007,2835.15926847,2845.27400007,8.1703
1738568400000000,PAXGUSDT,5m,2845.27400007,2849.3314318,2841.21656834,2843.24528421,17.0782
1738568700000000,PAXGUSDT,5m,2843.24528421,2845.27400007,2840.20221041,2842.23092628,14.2146
1738569000000000,PAXGUSDT,5m,2842.23092628,2843.2445607,2837.16275415,2838.17638858,24.6041
1738569300000000,PAXGUSDT,5m,2838.17638858,2842.22947874,2836.1498435,2836.1498435,14.9893
1738569600000000,PAXGUSDT,5m,2836.1498435,2838.17349661,2833.11436382,2834.12619038,11.0553
1738569900000000,PAXGUSDT,5m,2834.12619038,2837.16275415,2834.12619038,2836.15056623,14.4473
1738570200000000,PAXGUSDT,5m,2836.15056623,2842.22586198,2830.07527048,2830.07527048,9.4715
1738570500000000,PAXGUSDT,5m,2830.07527048,2831.0838504,2828.05811063,2831.0838504,7.9741
1738570800000000,PAXGUSDT,5m,2831.0838504,2839.15824285,2831.0838504,2837.13964474,9.9429
1738571100000000,PAXGUSDT,5m,2837.13964474,2847.23263529,2835.12104663,2838.14894379,49.5818
1738571400000000,PAXGUSDT,5m,2838.14894379,2841.17791812,2833.10065325,2841.17791812,24.3375
1738571700000000,PAXGUSDT,5m,2841.17791812,2844.212284,2839.15500753,2841.17791812,14.3224
1738572000000000,PAXGUSDT,5m,2841.17791812,2844.212284,2840.16646282,2842.18937341,16.1325
1738572300000000,PAXGUSDT,5m,2842.18937341,2851.29247105,2840.16646282,2848.25810517,17.2555
1738572600000000,PAXGUSDT,5m,2848.25810517,2851.29247105,2847.24664988,2849.26956046,8.5136
1738572900000000,PAXGUSDT,5m,2849.26956046,2850.28065683,2846.23627136,2849.26956046,10.3406
1738573200000000,PAXGUSDT,5m,2849.26956046,2850.28101576,2848.25810517,2849.26956046,2.8135
1738573500000000,PAXGUSDT,5m,2849.26956046,2851.29247105,2847.24664988,2847.24664988,11.4036
1738573800000000,PAXGUSDT,5m,2847.24664988,2848.25810517,2843.2008287,2845.22373929,6.2414
1738574100000000,PAXGUSDT,5m,2845.22373929,2846.23555428,2842.18829433,2845.22373929,4.5192
1738574400000000,PAXGUSDT,5m,2845.22373929,2845.22373929,2839.15500753,2841.17791812,7.6154
1738574700000000,PAXGUSDT,5m,2841.17791812,2844.212284,2839.15500753,2843.2008287,8.8051
1738575000000000,PAXGUSDT,5m,2843.2008287,2846.23519458,2842.18937341,2842.18937341,3.4296
1738575300000000,PAXGUSDT,5m,2842.18937341,2845.22265983,2839.15608699,2839.15608699,5.5215
1738575600000000,PAXGUSDT,5m,2839.15608699,2843.19184547,2835.12032852,2843.19184547,5.9098
1738575900000000,PAXGUSDT,5m,2843.19184547,2844.20365751,2837.1209732,2840.15640933,18.3655
1738576200000000,PAXGUSDT,5m,2840.15640933,2847.23909365,2836.10916116,2836.10916116,8.4794
1738576500000000,PAXGUSDT,5m,2836.10916116,2838.12774419,2832.07199509,2838.12774419,9.9501
1738576800000000,PAXGUSDT,5m,2838.12774419,2839.13883352,2834.08338688,2837.11665486,16.006
1738577100000000,PAXGUSDT,5m,2837.11665486,2839.13883352,2837.11665486,2839.13883352,1.7984
1738577400000000,PAXGUSDT,5m,2839.13883352,2840.15064351,2838.12702353,2838.12702353,3.9978
1738577700000000,PAXGUSDT,5m,2838.12702353,2839.1381126,2838.12702353,2838.12702353,1.1405
1738578000000000,PAXGUSDT,5m,2838.12702353,2840.14920167,2836.10484538,2839.1381126,2.7535
1738578300000000,PAXGUSDT,5m,2839.1381126,2844.19175822,2838.12738347,2840.14884172,11.4111
1738578600000000,PAXGUSDT,5m,2840.14884172,2844.19175822,2839.1381126,2840.14884172,20.9729
1738578900000000,PAXGUSDT,5m,2840.14884172,2842.16958085,2837.11773303,2838.1281026,20.1147
1738579200000000,PAXGUSDT,5m,2838.1281026,2842.16383399,2835.10130405,2841.15490114,38.3722
1738579500000000,PAXGUSDT,5m,2841.15490114,2842.16383399,2835.10130405,2837.11916975,19.5445
1738579800000000,PAXGUSDT,5m,2837.11916975,2841.15490114,2835.10130405,2835.10130405,15.0951
1738580100000000,PAXGUSDT,5m,2835.10130405,2838.12487459,2834.09344721,2834.09344721,14.7458
1738580400000000,PAXGUSDT,5m,2834.09344721,2841.14343091,2829.05774456,2829.05774456,15.937
1738580700000000,PAXGUSDT,5m,2829.05774456,2833.07201593,2827.05060888,2827.05060888,35.7925
1738581000000000,PAXGUSDT,5m,2827.05060888,2833.05921804,2824.0463043,2826.04917402,32.3418
1738581300000000,PAXGUSDT,5m,2826.04917402,2831.05280216,2822.04627151,2824.04772277,26.631
1738581600000000,PAXGUSDT,5m,2824.04772277,2829.05135091,2818.043369,2829.05135091,7.0315
1738581900000000,PAXGUSDT,5m,2829.05135091,2829.05135091,2827.04279475,2828.04707283,3.7308
1738582200000000,PAXGUSDT,5m,2828.04707283,2831.05990707,2823.02568243,2831.05990707,12.3087
1738582500000000,PAXGUSDT,5m,2831.05990707,2844.13871971,2825.023532,2825.023532,36.8964
1738582800000000,PAXGUSDT,5m,2825.023532,2828.02781083,2821.01782688,2828.02781083,12.4783
1738583100000000,PAXGUSDT,5m,2828.02781083,2834.04916174,2827.02425235,2831.03848629,5.7879
1738583400000000,PAXGUSDT,5m,2831.03848629,2834.04702878,2829.03279129,2831.03848629,16.1217
1738583700000000,PAXGUSDT,5m,2831.03848629,2833.04347105,2826.02602438,2830.03599391,41.3089
1738584000000000,PAXGUSDT,5m,2830.03599391,2831.03848629,2826.02602438,2826.02602438,14.9389
1738584300000000,PAXGUSDT,5m,2826.02602438,2826.02602438,2816.00820792,2823.02067944,37.8844
1738584600000000,PAXGUSDT,5m,2823.02067944,2829.03777503,2822.01783018,2827.0320765,14.9714
1738584900000000,PAXGUSDT,5m,2827.0320765,2832.04454472,2826.02958285,2828.03457014,10.1411
1738585200000000,PAXGUSDT,5m,2828.03457014,2830.03955743,2823.02210192,2823.02210192,8.2836
1738585500000000,PAXGUSDT,5m,2823.02210192,2828.03279078,2822.01996415,2828.03279078,6.7418
1738585800000000,PAXGUSDT,5m,2828.03279078,2829.03492855,2826.02851524,2828.03279078,2.2216
1738586100000000,PAXGUSDT,5m,2828.03279078,2829.03457356,2827.031008,2829.03457356,2.7187
1738586400000000,PAXGUSDT,5m,2829.03457356,2831.03884885,2827.03029827,2831.03884885,4.7014
1738586700000000,PAXGUSDT,5m,2831.03884885,2832.0409865,2827.03029827,2832.0409865,10.9829
1738587000000000,PAXGUSDT,5m,2832.0409865,2837.05344842,2831.03849411,2831.03849411,24.1566
1738587300000000,PAXGUSDT,5m,2831.03849411,2833.04276915,2828.03208155,2833.04276915,8.3557
1738587600000000,PAXGUSDT,5m,2833.04276915,2840.06767152,2830.03209671,2830.03209671,14.6522
1738587900000000,PAXGUSDT,5m,2830.03209671,2833.0342524,2828.03065958,2830.03209671,36.9117
1738588200000000,PAXGUSDT,5m,2830.03209671,2832.03353383,2827.02994102,2828.03065958,3.1497
1738588500000000,PAXGUSDT,5m,2828.03065958,2832.03353383,2821.02562964,2832.03353383,59.0959
1738588800000000,PAXGUSDT,5m,2832.03353383,2835.04526748,2832.03353383,2835.04526748,5.8532
1738589100000000,PAXGUSDT,5m,2835.04526748,2837.05380114,2835.04526748,2836.04953431,13.5311
1738589400000000,PAXGUSDT,5m,2836.04953431,2845.0911375,2836.04953431,2844.08651492,23.785
1738589700000000,PAXGUSDT,5m,2844.08651492,2844.08651492,2840.06802462,2844.08651492,16.7555
1738590000000000,PAXGUSDT,5m,2844.08651492,2845.0911375,2840.06802462,2845.0911375,15.7772
1738590300000000,PAXGUSDT,5m,2845.0911375,2846.09576008,2841.07264719,2846.09576008,18.6751
1738590600000000,PAXGUSDT,5m,2846.09576008,2847.10073739,2843.08082813,2846.09576008,16.2145
1738590900000000,PAXGUSDT,5m,2846.09576008,2847.10073739,2844.08580544,2846.09576008,10.3488
1738591200000000,PAXGUSDT,5m,2846.09576008,2846.09576008,2839.06091886,2843.08082813,14.0451
1738591500000000,PAXGUSDT,5m,2843.08082813,2845.09149349,2838.05416471,2839.05949739,29.3086
1738591800000000,PAXGUSDT,5m,2839.05949739,2840.06411859,2837.050255,2840.06411859,8.8504
1738592100000000,PAXGUSDT,5m,2840.06411859,2841.06909528,2839.0591419,2839.0591419,16.8625
1738592400000000,PAXGUSDT,5m,2839.0591419,2841.06767331,2838.0548762,2838.0548762,8.0582
1738592700000000,PAXGUSDT,5m,2838.0548762,2840.06198714,2836.04776525,2838.0548762,23.0489
1738593000000000,PAXGUSDT,5m,2838.0548762,2843.07265356,2837.05132073,2838.0548762,41.2151
1738593300000000,PAXGUSDT,5m,2838.0548762,2840.06056869,2835.04633746,2839.05772244,27.846
1738593600000000,PAXGUSDT,5m,2839.05772244,2840.06127767,2834.03994634,2837.050612,48.4642
1738593900000000,PAXGUSDT,5m,2837.050612,2843.06981415,2831.03140985,2831.03140985,50.9887
1738594200000000,PAXGUSDT,5m,2831.03140985,2835.02863034,2828.03349449,2828.03349449,18.4825
1738594500000000,PAXGUSDT,5m,2828.03349449,2830.02717337,2825.04297617,2827.03665505,57.3178
1738594800000000,PAXGUSDT,5m,2827.03665505,2831.02401281,2826.03981561,2827.03665505,57.0561
1738595100000000,PAXGUSDT,5m,2827.03665505,2835.00575062,2825.04438115,2833.01347673,87.4908
1738595400000000,PAXGUSDT,5m,2833.01347673,2838.99029841,2827.03665505,2832.01733978,155.8312
1738595700000000,PAXGUSDT,5m,2832.01733978,2836.99277432,2825.05173143,2836.99277432,52.0821
1738596000000000,PAXGUSDT,5m,2836.99277432,2840.98713233,2833.99700582,2835.99418482,40.6074
1738596300000000,PAXGUSDT,5m,2835.99418482,2836.99207158,2827.01320394,2830.00686423,59.0093
1738596600000000,PAXGUSDT,5m,2830.00686423,2833.99700433,2825.01918911,2832.00193428,59.3089
1738596900000000,PAXGUSDT,5m,2832.00193428,2832.99946931,2826.01672413,2829.00932921,14.5114
1738597200000000,PAXGUSDT,5m,2829.00932921,2836.99524122,2826.0146122,2832.00404621,131.5114
1738597500000000,PAXGUSDT,5m,2832.00404621,2837.99559215,2831.00545522,2834.99981918,47.5825
1738597800000000,PAXGUSDT,5m,2834.99981918,2835.99805855,2833.00334043,2834.99981918,19.5787
1738598100000000,PAXGUSDT,5m,2834.99981918,2836.99559519,2833.00404317,2835.99770718,25.182
1738598400000000,PAXGUSDT,5m,2835.99770718,2840.9924196,2833.00087974,2834.9987647,31.365
1738598700000000,PAXGUSDT,5m,2834.9987647,2837.99453656,2834.9987647,2836.99594594,10.8735
1738599000000000,PAXGUSDT,5m,2836.99594594,2842.98748965,2830.00581161,2842.98748965,17.8766
1738599300000000,PAXGUSDT,5m,2842.98748965,2848.00157693,2836.97058491,2839.97903728,35.5177
1738599600000000,PAXGUSDT,5m,2839.97903728,2841.98043195,2834.9755506,2841.98043195,12.7779
1738599900000000,PAXGUSDT,5m,2841.98043195,2841.98043195,2835.97413304,2837.97623268,35.1531
1738600200000000,PAXGUSDT,5m,2837.97623268,2840.98044181,2835.97342658,2835.97342658,4.2773
1738600500000000,PAXGUSDT,5m,2835.97342658,2838.97234103,2833.97415029,2834.97378844,12.7867
1738600800000000,PAXGUSDT,5m,2834.97378844,2837.97270288,2832.97451214,2836.97306473,10.3687
1738601100000000,PAXGUSDT,5m,2836.97306473,2837.97270288,2833.97415029,2836.97306473,7.9944
1738601400000000,PAXGUSDT,5m,2836.97306473,2838.97304574,2832.97310271,2838.97304574,18.451
1738601700000000,PAXGUSDT,5m,2838.97304574,2838.97304574,2833.97309322,2836.97306473,11.1964
1738602000000000,PAXGUSDT,5m,2836.97306473,2838.97304574,2831.9731122,2832.97310271,10.4354
1738602300000000,PAXGUSDT,5m,2832.97310271,2833.97344632,2829.97207188,2830.97241549,9.7334
1738602600000000,PAXGUSDT,5m,2830.97241549,2832.97310271,2829.97207188,2830.97241549,15.0783
1738602900000000,PAXGUSDT,5m,2830.97241549,2832.97380992,2829.97171828,2829.97171828,19.5106
1738603200000000,PAXGUSDT,5m,2829.97171828,2830.97135505,2828.9720815,2830.97135505,2.891
1738603500000000,PAXGUSDT,5m,2830.97135505,2832.97204152,2828.97066858,2829.97101182,7.4597
1738603800000000,PAXGUSDT,5m,2829.97101182,2831.97099133,2827.97103231,2827.97103231,12.6595
1738604100000000,PAXGUSDT,5m,2827.97103231,2828.96996238,2824.97424209,2828.96996238,14.8823
1738604400000000,PAXGUSDT,5m,2828.96996238,2829.9692453,2827.97067945,2827.97067945,0.7589
1738604700000000,PAXGUSDT,5m,2827.97067945,2828.9696094,2826.97174951,2828.9696094,1.4933
1738605000000000,PAXGUSDT,5m,2828.9696094,2832.9667406,2824.9724782,2824.9724782,11.8984
1738605300000000,PAXGUSDT,5m,2824.9724782,2825.96858979,2822.98025501,2824.9724782,2.068
1738605600000000,PAXGUSDT,5m,2824.9724782,2825.96823867,2822.98095724,2825.96823867,7.1503
1738605900000000,PAXGUSDT,5m,2825.96823867,2826.96435014,2823.97601574,2824.9721272,19.3836
1738606200000000,PAXGUSDT,5m,2824.9721272,2824.9721272,2823.97601574,2824.9721272,0.8536
1738606500000000,PAXGUSDT,5m,2824.9721272,2826.96435014,2821.9837928,2826.96435014,8.2875
1738606800000000,PAXGUSDT,5m,2826.96435014,2828.96008918,2826.96435014,2827.96221966,3.3399
1738607100000000,PAXGUSDT,5m,2827.96221966,2827.96221966,2826.96435014,2827.96221966,1.0564
1738607400000000,PAXGUSDT,5m,2827.96221966,2830.95688492,2824.96755441,2824.96755441,2.558
1738607700000000,PAXGUSDT,5m,2824.96755441,2825.96366427,2823.97144455,2823.97144455,2.4637
1738608000000000,PAXGUSDT,5m,2823.97144455,2824.96720317,2822.97568594,2823.97144455,2.4329
1738608300000000,PAXGUSDT,5m,2823.97144455,2823.97144455,2820.9841687,2823.97144455,94.4684
1738608600000000,PAXGUSDT,5m,2823.97144455,2824.96755441,2821.97922484,2821.97922484,277.505
1738608900000000,PAXGUSDT,5m,2821.97922484,2823.97144455,2820.98311498,2820.98311498,4.6656
1738609200000000,PAXGUSDT,5m,2820.98311498,2825.95839385,2818.99300344,2823.9682823,17.3612
1738609500000000,PAXGUSDT,5m,2823.9682823,2824.96368882,2817.99584321,2819.98665624,18.6738
1738609800000000,PAXGUSDT,5m,2819.98665624,2822.97287579,2818.99124973,2821.97746927,9.3449
1738610100000000,PAXGUSDT,5m,2821.97746927,2823.96968775,2820.98136003,2821.97746927,4.4409
1738610400000000,PAXGUSDT,5m,2821.97746927,2822.97322702,2817.99443826,2819.98595377,30.6164
1738610700000000,PAXGUSDT,5m,2819.98595377,2820.98171152,2818.99019602,2818.99019602,4.4145
1738611000000000,PAXGUSDT,5m,2818.99019602,2820.98171152,2818.99019602,2819.98595377,3.3547
1738611300000000,PAXGUSDT,5m,2819.98595377,2823.97039171,2818.98984428,2818.98984428,6.7131
1738611600000000,PAXGUSDT,5m,2818.98984428,2821.97500825,2816.00468031,2821.97500825,14.8586
1738611900000000,PAXGUSDT,5m,2821.97500825,2824.9665012,2820.97784394,2820.97784394,13.2963
1738612200000000,PAXGUSDT,5m,2820.97784394,2821.9746559,2818.98422002,2821.9746559,19.457
1738612500000000,PAXGUSDT,5m,2821.9746559,2821.9746559,2816.99411468,2821.9746559,20.8929
1738612800000000,PAXGUSDT,5m,2821.9746559,2823.96898428,2819.98032752,2819.98032752,4.6843
1738613100000000,PAXGUSDT,5m,2819.98032752,2820.976787,2816.99094908,2819.98032752,8.1892
1738613400000000,PAXGUSDT,5m,2819.98032752,2822.97076265,2817.9867041,2819.98032752,7.7905
1738613700000000,PAXGUSDT,5m,2819.98032752,2820.97713923,2819.98032752,2819.98032752,5.0079
1738614000000000,PAXGUSDT,5m,2819.98032752,2819.98032752,2815.9944896,2815.9944896,9.4697
1738614300000000,PAXGUSDT,5m,2815.9944896,2817.98599914,2813.00722529,2817.98599914,5.7503
1738614600000000,PAXGUSDT,5m,2817.98599914,2818.98316333,2815.99167076,2818.98316333,13.768
1738614900000000,PAXGUSDT,5m,2818.98316333,2819.98068037,2817.98564629,2817.98564629,18.7078
1738615200000000,PAXGUSDT,5m,2817.98564629,2818.98281035,2816.98848222,2817.98564629,1.5295
1738615500000000,PAXGUSDT,5m,2817.98564629,2819.97997442,2817.98564629,2817.98564629,3.302
1738615800000000,PAXGUSDT,5m,2817.98564629,2821.97430255,2815.99131816,2815.99131816,2.8088
1738616100000000,PAXGUSDT,5m,2815.99131816,2817.98212149,2813.00511316,2816.98671983,9.8271
1738616400000000,PAXGUSDT,5m,2816.98671983,2820.9683265,2815.99131816,2815.99131816,3.1642
1738616700000000,PAXGUSDT,5m,2815.99131816,2816.98601661,2811.0178259,2811.0178259,10.5788
1738617000000000,PAXGUSDT,5m,2811.0178259,2813.00651909,2810.0234793,2811.0178259,2.7241
1738617300000000,PAXGUSDT,5m,2811.0178259,2812.01217249,2810.0234793,2811.0178259,2.4795
1738617600000000,PAXGUSDT,5m,2811.0178259,2814.00086568,2809.02913271,2813.00651909,3.7493
1738617900000000,PAXGUSDT,5m,2813.00651909,2813.00651909,2810.0234793,2811.0178259,1.1186
1738618200000000,PAXGUSDT,5m,2811.0178259,2814.00192125,2810.02312745,2810.02312745,2.0593
1738618500000000,PAXGUSDT,5m,2810.02312745,2813.9991064,2810.02312745,2811.01712218,3.7933
1738618800000000,PAXGUSDT,5m,2811.01712218,2812.01111692,2809.02913271,2809.02913271,2.4188
1738619100000000,PAXGUSDT,5m,2809.02913271,2812.01111692,2809.02913271,2811.01712218,1.0281
1738619400000000,PAXGUSDT,5m,2811.01712218,2817.97508536,2811.01712218,2813.9991064,14.6435
1738619700000000,PAXGUSDT,5m,2813.9991064,2817.97508536,2812.01111692,2813.00511166,10.0988
1738620000000000,PAXGUSDT,5m,2813.00511166,2815.98498996,2809.0319406,2814.99169719,5.8373
1738620300000000,PAXGUSDT,5m,2814.99169719,2819.96342396,2805.04824365,2817.97473326,41.9167
1738620600000000,PAXGUSDT,5m,2817.97473326,2822.95700824,2813.98891327,2819.96764325,7.8245
1738620900000000,PAXGUSDT,5m,2819.96764325,2822.96123948,2816.97404703,2822.96123948,5.5329
1738621200000000,PAXGUSDT,5m,2822.96123948,2831.9611159,2822.96123948,2828.96115709,10.9367
1738621500000000,PAXGUSDT,5m,2828.96115709,2836.96387607,2823.95945774,2823.95945774,8.2832
1738621800000000,PAXGUSDT,5m,2823.95945774,2825.95237196,2819.97362928,2825.95237196,15.1207
1738622100000000,PAXGUSDT,5m,2825.95237196,2829.94383011,2823.95664288,2824.95450742,11.4537
1738622400000000,PAXGUSDT,5m,2824.95450742,2826.94882758,2823.95734734,2825.9516675,2.5881
1738622700000000,PAXGUSDT,5m,2825.9516675,2827.94739608,2823.95593892,2826.94953179,1.8227
1738623000000000,PAXGUSDT,5m,2826.94953179,2829.94629808,2825.9506097,2825.9506097,4.7167
1738623300000000,PAXGUSDT,5m,2825.9506097,2826.94882609,2825.9506097,2826.94882609,7.5405
1738623600000000,PAXGUSDT,5m,2826.94882609,2826.94882609,2825.9506097,2826.94882609,2.4936
1738623900000000,PAXGUSDT,5m,2826.94882609,2827.94739509,2826.94882609,2826.94882609,4.4644
1738624200000000,PAXGUSDT,5m,2826.94882609,2827.94739509,2826.94882609,2826.94882609,4.9337
1738624500000000,PAXGUSDT,5m,2826.94882609,2827.94739509,2826.94882609,2826.94882609,3.1755
1738624800000000,PAXGUSDT,5m,2826.94882609,2827.94739509,2826.94882609,2827.94739509,2.1716
1738625100000000,PAXGUSDT,5m,2827.94739509,2827.94739509,2826.94882609,2827.94739509,1.4803
1738625400000000,PAXGUSDT,5m,2827.94739509,2827.94739509,2826.94882609,2826.94882609,1.8617
1738625700000000,PAXGUSDT,5m,2826.94882609,2829.94453308,2823.9531191,2823.9531191,10.2268
1738626000000000,PAXGUSDT,5m,2823.9531191,2825.94743628,2823.9531191,2823.9531191,8.6395
1738626300000000,PAXGUSDT,5m,2823.9531191,2824.94992571,2822.9563125,2822.9563125,2.0143
1738626600000000,PAXGUSDT,5m,2822.9563125,2824.94992571,2822.9563125,2822.9563125,2.8816
1738626900000000,PAXGUSDT,5m,2822.9563125,2824.94992571,2821.95950589,2822.9563125,8.3987
1738627200000000,PAXGUSDT,5m,2822.9563125,2824.94992571,2820.96269928,2820.96269928,13.9215
1738627500000000,PAXGUSDT,5m,2820.96269928,2821.95880193,2819.96659663,2821.95880193,5.3741
1738627800000000,PAXGUSDT,5m,2821.95880193,2824.94816507,2817.97298441,2824.94816507,15.5829
1738628100000000,PAXGUSDT,5m,2824.94816507,2825.94673282,2823.94959732,2824.94816507,4.0983
1738628400000000,PAXGUSDT,5m,2824.94816507,2825.94673282,2820.95389407,2822.95102957,10.3095
1738628700000000,PAXGUSDT,5m,2822.95102957,2822.95102957,2820.95460027,2821.95281492,1.5793
1738629000000000,PAXGUSDT,5m,2821.95281492,2823.94924422,2819.95638562,2823.94924422,2.6756
1738629300000000,PAXGUSDT,5m,2823.94924422,2825.94779287,2821.95069557,2822.94996989,4.911
1738629600000000,PAXGUSDT,5m,2822.94996989,2822.94996989,2819.95426776,2820.95283514,2.6797
1738629900000000,PAXGUSDT,5m,2820.95283514,2825.94567202,2820.95283514,2821.95140252,4.8289
1738630200000000,PAXGUSDT,5m,2821.95140252,2822.94996989,2821.95140252,2821.95140252,1.1558
1738630500000000,PAXGUSDT,5m,2821.95140252,2822.94996989,2820.95283514,2820.95283514,1.4006
1738630800000000,PAXGUSDT,5m,2820.95283514,2821.95104917,2819.95462111,2819.95462111,3.3193
1738631100000000,PAXGUSDT,5m,2819.95462111,2820.95248192,2818.95676031,2820.95248192,2.296
1738631400000000,PAXGUSDT,5m,2820.95248192,2822.94961642,2820.95248192,2822.94961642,2.0723
1738631700000000,PAXGUSDT,5m,2822.94961642,2824.94745762,2821.95069582,2821.95069582,7.6375
1738632000000000,PAXGUSDT,5m,2821.95069582,2824.94533752,2821.95069582,2824.94533752,1.2208
1738632300000000,PAXGUSDT,5m,2824.94533752,2832.93387152,2817.95537026,2817.95537026,12.2734
1738632600000000,PAXGUSDT,5m,2817.95537026,2820.93523142,2814.9755091,2820.93523142,2.683
1738632900000000,PAXGUSDT,5m,2820.93523142,2822.92530919,2819.94019254,2821.9302703,4.5887
1738633200000000,PAXGUSDT,5m,2821.9302703,2823.92034807,2820.93523142,2822.92530919,3.0256
1738633500000000,PAXGUSDT,5m,2822.92530919,2826.90546472,2818.94515366,2826.90546472,5.5151
1738633800000000,PAXGUSDT,5m,2826.90546472,2828.90116218,2825.90761598,2827.90331345,4.7984
1738634100000000,PAXGUSDT,5m,2827.90331345,2828.90186688,2826.90476002,2826.90476002,2.8654
1738634400000000,PAXGUSDT,5m,2826.90476002,2828.90116169,2824.90835835,2824.90835835,1.5134
1738634700000000,PAXGUSDT,5m,2824.90835835,2826.90264593,2823.91121456,2824.90835835,1.3619
1738635000000000,PAXGUSDT,5m,2824.90835835,2825.90585424,2823.91086246,2825.90585424,3.1576
1738635300000000,PAXGUSDT,5m,2825.90585424,2825.90585424,2823.91015802,2823.91015802,3.0062
1738635600000000,PAXGUSDT,5m,2823.91015802,2824.90800613,2822.91230991,2822.91230991,3.6798
1738635900000000,PAXGUSDT,5m,2822.91230991,2822.91230991,2820.91661368,2820.91661368,5.4297
1738636200000000,PAXGUSDT,5m,2820.91661368,2823.91015802,2819.91876557,2822.91230991,12.9036
1738636500000000,PAXGUSDT,5m,2822.91230991,2824.90941801,2822.91230991,2823.91086396,3.6247
1738636800000000,PAXGUSDT,5m,2823.91086396,2824.90977123,2821.91304941,2824.90977123,4.0733
1738637100000000,PAXGUSDT,5m,2824.90977123,2828.90822809,2824.90977123,2826.90899966,4.3107
1738637400000000,PAXGUSDT,5m,2826.90899966,2828.90822809,2824.90977123,2824.90977123,11.6989
1738637700000000,PAXGUSDT,5m,2824.90977123,2825.90832541,2823.91121705,2823.91121705,7.8293
1738638000000000,PAXGUSDT,5m,2823.91121705,2827.90402189,2822.91301585,2823.91121705,7.4187
1738638300000000,PAXGUSDT,5m,2823.91121705,2826.90582068,2821.91481464,2821.91481464,6.3054
1738638600000000,PAXGUSDT,5m,2821.91481464,2822.91125349,2820.91837579,2822.91125349,3.0627
1738638900000000,PAXGUSDT,5m,2822.91125349,2822.91125349,2821.91446279,2822.91125349,1.9995
1738639200000000,PAXGUSDT,5m,2822.91125349,2823.90839628,2822.91125349,2822.91125349,2.1879
1738639500000000,PAXGUSDT,5m,2822.91125349,2823.90839628,2821.91411069,2822.91125349,3.6336
1738639800000000,PAXGUSDT,5m,2822.91125349,2824.90624377,2822.91125349,2822.91125349,15.0553
1738640100000000,PAXGUSDT,5m,2822.91125349,2824.90624377,2813.9337972,2822.91125349,20.8201
1738640400000000,PAXGUSDT,5m,2822.91125349,2824.90694896,2821.91340575,2821.91340575,2.2637
1738640700000000,PAXGUSDT,5m,2821.91340575,2824.90483339,2821.91340575,2822.91054829,1.3966
1738641000000000,PAXGUSDT,5m,2822.91054829,2823.90733874,2821.91375785,2823.90733874,0.9087
1738641300000000,PAXGUSDT,5m,2823.90733874,2824.90448116,2822.91019632,2824.90448116,2.8237
1738641600000000,PAXGUSDT,5m,2824.90448116,2824.90448116,2824.90448116,2824.90448116,1.3108
1738641900000000,PAXGUSDT,5m,2824.90448116,2825.90232803,2820.91309369,2820.91309369,5.966
1738642200000000,PAXGUSDT,5m,2820.91309369,2821.91094056,2820.91309369,2820.91309369,1.3283
1738642500000000,PAXGUSDT,5m,2820.91309369,2821.91094056,2820.91309369,2820.91309369,0.7436
1738642800000000,PAXGUSDT,5m,2820.91309369,2821.91094056,2818.91739996,2819.91524683,1.7642
1738643100000000,PAXGUSDT,5m,2819.91524683,2822.90878743,2817.91955309,2817.91955309,2.5263
1738643400000000,PAXGUSDT,5m,2817.91955309,2818.91598858,2815.92668212,2817.91955309,3.589
1738643700000000,PAXGUSDT,5m,2817.91955309,2818.91598858,2816.92311761,2818.91598858,0.327
1738644000000000,PAXGUSDT,5m,2818.91598858,2818.91598858,2816.92241291,2817.91920075,0.7579
1738644300000000,PAXGUSDT,5m,2817.91920075,2818.9163413,2816.92206019,2818.9163413,1.6746
1738644600000000,PAXGUSDT,5m,2818.9163413,2819.91418779,2815.92280182,2816.92064831,9.7864
1738644900000000,PAXGUSDT,5m,2816.92064831,2818.9163413,2816.92064831,2817.91849481,5.4997
1738645200000000,PAXGUSDT,5m,2817.91849481,2818.9163413,2814.92495533,2818.9163413,2.8554
1738645500000000,PAXGUSDT,5m,2818.9163413,2823.90910846,2813.92357413,2823.90910846,11.7748
1738645800000000,PAXGUSDT,5m,2823.90910846,2828.91959304,2822.90701155,2822.90701155,16.0663
1738646100000000,PAXGUSDT,5m,2822.90701155,2823.9083975,2818.90146772,2822.90701155,61.2046
1738646400000000,PAXGUSDT,5m,2822.90701155,2823.90875286,2821.90527024,2821.90527024,7.1694
1738646700000000,PAXGUSDT,5m,2821.90527024,2821.90527024,2818.90111275,2820.90388441,10.192
1738647000000000,PAXGUSDT,5m,2820.90388441,2824.91085015,2820.90388441,2821.90562584,6.9477
1738647300000000,PAXGUSDT,5m,2821.90562584,2823.90839776,2818.90146797,2823.90839776,11.0523
1738647600000000,PAXGUSDT,5m,2823.90839776,2824.91120614,2822.90558938,2823.90839776,1.022
1738647900000000,PAXGUSDT,5m,2823.90839776,2829.92524804,2822.90558938,2827.91963128,8.8912
1738648200000000,PAXGUSDT,5m,2827.91963128,2827.91963128,2823.90839776,2826.9168229,3.7195
1738648500000000,PAXGUSDT,5m,2826.9168229,2829.92631561,2825.91365866,2825.91365866,8.6626
1738648800000000,PAXGUSDT,5m,2825.91365866,2827.9185637,2824.91120614,2825.91365866,10.0283
1738649100000000,PAXGUSDT,5m,2825.91365866,2829.92489167,2822.9052339,2822.9052339,10.6155
1738649400000000,PAXGUSDT,5m,2822.9052339,2824.90729435,2819.90214322,2824.90729435,3.7059
1738649700000000,PAXGUSDT,5m,2824.90729435,2825.91010134,2823.90448736,2824.90729435,2.8992
1738650000000000,PAXGUSDT,5m,2824.90729435,2824.90729435,2823.90448736,2824.90729435,3.9681
1738650300000000,PAXGUSDT,5m,2824.90729435,2825.91010134,2822.90168036,2825.91010134,3.1835
1738650600000000,PAXGUSDT,5m,2825.91010134,2825.91010134,2824.90622564,2825.91010134,1.9748
1738650900000000,PAXGUSDT,5m,2825.91010134,2826.91433378,2825.91010134,2825.91010134,0.8118
1738651200000000,PAXGUSDT,5m,2825.91010134,2826.91433378,2824.90586889,2824.90586889,5.0502
1738651500000000,PAXGUSDT,5m,2824.90586889,2827.91749562,2824.90586889,2827.91749562,1.7973
1738651800000000,PAXGUSDT,5m,2827.91749562,2830.93019181,2824.90479942,2824.90479942,2.8304
1738652100000000,PAXGUSDT,5m,2824.90479942,2824.90479942,2823.90270478,2824.90479942,0.6475
1738652400000000,PAXGUSDT,5m,2824.90479942,2830.91736728,2823.90270478,2830.91736728,10.8955
1738652700000000,PAXGUSDT,5m,2830.91736728,2833.92258742,2827.91214715,2833.92258742,4.2215
1738653000000000,PAXGUSDT,5m,2833.92258742,2836.93419484,2830.91097999,2830.91097999,1.483
1738653300000000,PAXGUSDT,5m,2830.91097999,2833.91725714,2827.90470285,2827.90470285,2.4107
1738653600000000,PAXGUSDT,5m,2827.90470285,2831.90456805,2823.90483764,2831.90456805,2.315
1738653900000000,PAXGUSDT,5m,2831.90456805,2835.91576433,2829.89896992,2833.91016619,9.9217
1738654200000000,PAXGUSDT,5m,2833.91016619,2835.91860713,2831.90172525,2835.91860713,3.2605
1738654500000000,PAXGUSDT,5m,2835.91860713,2837.92989692,2834.91296223,2834.91296223,2.0211
1738654800000000,PAXGUSDT,5m,2834.91296223,2838.93268994,2833.90803031,2835.91789416,5.1044
1738655100000000,PAXGUSDT,5m,2835.91789416,2837.92918345,2831.89531559,2837.92918345,10.0223
1738655400000000,PAXGUSDT,5m,2837.92918345,2838.9369708,2833.89803404,2838.9369708,12.2793
1738655700000000,PAXGUSDT,5m,2838.9369708,2839.94583255,2838.9369708,2839.94583255,1.615
1738656000000000,PAXGUSDT,5m,2839.94583255,2847.00535699,2837.92882557,2845.9968535,21.2855
1738656300000000,PAXGUSDT,5m,2845.9968535,2850.03086747,2845.9968535,2850.03086747,3.4163
1738656600000000,PAXGUSDT,5m,2850.03086747,2856.08403037,2849.02200698,2853.05744892,16.8796
1738656900000000,PAXGUSDT,5m,2853.05744892,2853.05744892,2851.03972795,2853.05744892,2.0824
1738657200000000,PAXGUSDT,5m,2853.05744892,2856.08403037,2851.03972795,2851.03972795,8.7146
1738657500000000,PAXGUSDT,5m,2851.03972795,2852.04751859,2850.03193731,2851.03972795,1.7209
1738657800000000,PAXGUSDT,5m,2851.03972795,2853.05530924,2849.02414667,2852.04751859,8.3826
1738658100000000,PAXGUSDT,5m,2852.04751859,2852.04751859,2847.00856538,2849.02414667,5.0845
1738658400000000,PAXGUSDT,5m,2849.02414667,2849.02414667,2847.00856538,2847.00856538,0.7119
1738658700000000,PAXGUSDT,5m,2847.00856538,2850.03086747,2843.98626329,2843.98626329,5.5508
1738659000000000,PAXGUSDT,5m,2843.98626329,2845.99828046,2841.97424613,2845.99828046,2.3776
1738659300000000,PAXGUSDT,5m,2845.99828046,2847.00535699,2844.99120393,2847.00535699,0.6731
1738659600000000,PAXGUSDT,5m,2847.00535699,2847.00535699,2845.9979241,2847.00535699,0.4846
1738659900000000,PAXGUSDT,5m,2847.00535699,2848.0131465,2847.00535699,2848.0131465,0.2723
1738660200000000,PAXGUSDT,5m,2848.0131465,2848.0131465,2847.00535699,2847.00535699,0.2713
1738660500000000,PAXGUSDT,5m,2847.00535699,2850.02765567,2847.00535699,2850.02765567,4.4393
1738660800000000,PAXGUSDT,5m,2850.02765567,2851.03508857,2849.02022278,2850.02765567,0.4472
1738661100000000,PAXGUSDT,5m,2850.02765567,2850.02765567,2849.02057876,2849.02057876,1.3713
1738661400000000,PAXGUSDT,5m,2849.02057876,2854.05596331,2845.99934803,2845.99934803,11.2797
1738661700000000,PAXGUSDT,5m,2845.99934803,2848.00923458,2843.98946149,2848.00923458,2.1708
1738662000000000,PAXGUSDT,5m,2848.00923458,2851.0272592,2845.99721816,2845.99721816,4.0308
1738662300000000,PAXGUSDT,5m,2845.99721816,2849.00991811,2844.99298485,2849.00991811,8.4052
1738662600000000,PAXGUSDT,5m,2849.00991811,2849.00991811,2844.99298485,2847.00145148,6.1926
1738662900000000,PAXGUSDT,5m,2847.00145148,2850.01415143,2843.98875153,2849.00991811,9.8689
1738663200000000,PAXGUSDT,5m,2849.00991811,2855.04169634,2844.98873262,2848.00462174,19.5165
1738663500000000,PAXGUSDT,5m,2848.00462174,2848.00462174,2843.98343625,2843.98343625,3.2301
1738663800000000,PAXGUSDT,5m,2843.98343625,2843.98343625,2841.97284351,2842.97813988,0.97
1738664100000000,PAXGUSDT,5m,2842.97813988,2848.00462174,2838.95695439,2838.95695439,6.3917
1738664400000000,PAXGUSDT,5m,2838.95695439,2840.9618675,2836.95204129,2840.9618675,3.2974
1738664700000000,PAXGUSDT,5m,2840.9618675,2841.96538635,2838.95482979,2841.96538635,1.3246
1738665000000000,PAXGUSDT,5m,2841.96538635,2845.98087965,2837.94989304,2845.98087965,1.4391
1738665300000000,PAXGUSDT,5m,2845.98087965,2846.98723781,2844.97452149,2846.98723781,0.8313
1738665600000000,PAXGUSDT,5m,2846.98723781,2850.00737986,2843.96709576,2843.96709576,4.9743
1738665900000000,PAXGUSDT,5m,2843.96709576,2843.96709576,2841.95793498,2841.95793498,1.127
1738666200000000,PAXGUSDT,5m,2841.95793498,2841.95793498,2838.94525872,2838.94525872,1.9102
1738666500000000,PAXGUSDT,5m,2838.94525872,2842.96073999,2837.9413884,2842.96073999,5.3687
1738666800000000,PAXGUSDT,5m,2842.96073999,2844.96848063,2836.93751808,2844.96848063,17.4917
1738667100000000,PAXGUSDT,5m,2844.96848063,2845.97341474,2841.95367828,2842.9586124,11.5886
1738667400000000,PAXGUSDT,5m,2842.9586124,2844.96706073,2839.9459399,2844.96706073,3.8328
1738667700000000,PAXGUSDT,5m,2844.96706073,2846.97906006,2844.96706073,2844.96706073,1.6015
1738668000000000,PAXGUSDT,5m,2844.96706073,2844.96706073,2843.96141666,2844.96706073,0.8122
1738668300000000,PAXGUSDT,5m,2844.96706073,2846.97906006,2844.96706073,2846.97906006,0.7025
1738668600000000,PAXGUSDT,5m,2846.97906006,2847.98541533,2845.97270479,2846.97906006,1.5029
1738668900000000,PAXGUSDT,5m,2846.97906006,2853.01719168,2845.97270479,2851.00448114,17.061
1738669200000000,PAXGUSDT,5m,2851.00448114,2852.01119177,2849.99777052,2852.01119177,1.6354
1738669500000000,PAXGUSDT,5m,2852.01119177,2856.03803425,2846.97763866,2856.03803425,3.1707
1738669800000000,PAXGUSDT,5m,2856.03803425,2858.05786313,2856.03803425,2856.03803425,1.2202
1738670100000000,PAXGUSDT,5m,2856.03803425,2857.04794869,2855.02811981,2857.04794869,6.9354
1738670400000000,PAXGUSDT,5m,2857.04794869,2859.0684918,2857.04794869,2857.04794869,0.4759
1738670700000000,PAXGUSDT,5m,2857.04794869,2859.06777757,2855.02811981,2855.02811981,0.6416
1738671000000000,PAXGUSDT,5m,2855.02811981,2856.03696367,2854.01927596,2856.03696367,0.2806
1738671300000000,PAXGUSDT,5m,2856.03696367,2857.04652075,2856.03696367,2857.04652075,0.7471
1738671600000000,PAXGUSDT,5m,2857.04652075,2858.05572121,2856.03732028,2856.03732028,4.2249
1738671900000000,PAXGUSDT,5m,2856.03732028,2858.05500825,2855.0284763,2858.05500825,6.7298
1738672200000000,PAXGUSDT,5m,2858.05500825,2862.09038419,2855.0284763,2855.0284763,7.3458
1738672500000000,PAXGUSDT,5m,2855.0284763,2857.04118583,2854.02212153,2855.0284763,6.3465
1738672800000000,PAXGUSDT,5m,2855.0284763,2856.03483106,2852.00941199,2856.03483106,12.1613
1738673100000000,PAXGUSDT,5m,2856.03483106,2857.04118583,2854.02212153,2857.04118583,9.416
1738673400000000,PAXGUSDT,5m,2857.04118583,2858.0478952,2856.03447646,2857.04118583,3.4843
1738673700000000,PAXGUSDT,5m,2857.04118583,2858.0478952,2856.03447646,2858.0478952,4.7346
1738674000000000,PAXGUSDT,5m,2858.0478952,2858.0478952,2853.01434836,2857.04118583,22.1751
1738674300000000,PAXGUSDT,5m,2857.04118583,2858.04825005,2857.04118583,2857.04118583,1.3909
1738674600000000,PAXGUSDT,5m,2857.04118583,2858.04825005,2857.04118583,2858.04825005,1.6502
1738674900000000,PAXGUSDT,5m,2858.04825005,2859.05566924,2858.04825005,2858.04825005,0.7619
1738675200000000,PAXGUSDT,5m,2858.04825005,2863.08534601,2858.04825005,2863.08534601,33.652
1738675500000000,PAXGUSDT,5m,2863.08534601,2863.08534601,2861.07050763,2863.08534601,27.5863
1738675800000000,PAXGUSDT,5m,2863.08534601,2864.09276521,2862.07792682,2864.09276521,10.9261
1738676100000000,PAXGUSDT,5m,2864.09276521,2865.10053887,2863.08499154,2864.09276521,5.3748
1738676400000000,PAXGUSDT,5m,2864.09276521,2865.1008936,2862.07650842,2863.08463681,5.4073
1738676700000000,PAXGUSDT,5m,2863.08463681,2865.1016038,2861.06766983,2861.06766983,8.9949
1738677000000000,PAXGUSDT,5m,2861.06766983,2868.11711498,2854.01822467,2868.11711498,31.6427
1738677300000000,PAXGUSDT,5m,2868.11711498,2870.14119199,2867.10507648,2869.12915349,24.6866
1738677600000000,PAXGUSDT,5m,2869.12915349,2875.2013845,2869.12915349,2875.2013845,19.6708
1738677900000000,PAXGUSDT,5m,2875.2013845,2876.21377935,2874.18898964,2875.2013845,6.4507
1738678200000000,PAXGUSDT,5m,2875.2013845,2877.22688741,2872.16313013,2876.21413595,13.3359
1738678500000000,PAXGUSDT,5m,2876.21413595,2877.22724414,2874.18791959,2875.20102777,4.3942
1738678800000000,PAXGUSDT,5m,2875.20102777,2876.21413595,2874.18791959,2874.18791959,3.0908
1738679100000000,PAXGUSDT,5m,2874.18791959,2877.2261732,2874.18791959,2876.213422,5.0498
1738679400000000,PAXGUSDT,5m,2876.213422,2879.25167561,2876.213422,2877.2261732,35.5197
1738679700000000,PAXGUSDT,5m,2877.2261732,2878.23856805,2875.20138349,2876.21377835,11.8157
1738680000000000,PAXGUSDT,5m,2876.21377835,2877.22581697,2875.20173972,2877.22581697,16.4692
1738680300000000,PAXGUSDT,5m,2877.22581697,2879.24989423,2876.21377835,2876.21377835,16.888
1738680600000000,PAXGUSDT,5m,2876.21377835,2881.27041298,2872.16847064,2872.16847064,26.187
1738680900000000,PAXGUSDT,5m,2872.16847064,2875.193929,2871.15998452,2874.18544288,7.1404
1738681200000000,PAXGUSDT,5m,2874.18544288,2877.21090124,2869.14301228,2877.21090124,9.3579
1738681500000000,PAXGUSDT,5m,2877.21090124,2878.22186783,2875.18896807,2878.22186783,1.848
1738681800000000,PAXGUSDT,5m,2878.22186783,2880.24522239,2878.22186783,2879.23354511,3.9501
1738682100000000,PAXGUSDT,5m,2879.23354511,2880.24557799,2877.20947935,2877.20947935,10.3179
1738682400000000,PAXGUSDT,5m,2877.20947935,2879.23354511,2876.19744647,2878.22151223,5.7575
1738682700000000,PAXGUSDT,5m,2878.22151223,2879.23354511,2877.20947935,2878.22151223,3.9921
1738683000000000,PAXGUSDT,5m,2878.22151223,2882.26822086,2874.1748036,2874.1748036,6.4073
1738683300000000,PAXGUSDT,5m,2874.1748036,2875.18399419,2874.1748036,2874.1748036,3.5626
1738683600000000,PAXGUSDT,5m,2874.1748036,2879.22075656,2869.12885065,2879.22075656,3.4176
1738683900000000,PAXGUSDT,5m,2879.22075656,2881.24623722,2877.1952759,2877.1952759,2.3395
1738684200000000,PAXGUSDT,5m,2877.1952759,2881.24196405,2874.16025978,2875.17193182,7.4233
1738684500000000,PAXGUSDT,5m,2875.17193182,2876.18360386,2874.16025978,2876.18360386,0.9167
1738684800000000,PAXGUSDT,5m,2876.18360386,2876.18360386,2872.13549182,2873.14751983,5.582
1738685100000000,PAXGUSDT,5m,2873.14751983,2874.15919149,2872.13584817,2874.15919149,0.8334
1738685400000000,PAXGUSDT,5m,2874.15919149,2880.23349764,2869.0972697,2869.0972697,3.2605
1738685700000000,PAXGUSDT,5m,2869.0972697,2869.0972697,2866.07079579,2866.07079579,1.4099
1738686000000000,PAXGUSDT,5m,2866.07079579,2871.11491898,2862.03549724,2862.03549724,4.7904
1738686300000000,PAXGUSDT,5m,2862.03549724,2863.04113164,2860.02422844,2863.04113164,3.1128
1738686600000000,PAXGUSDT,5m,2863.04113164,2864.04711939,2862.03514389,2864.04711939,0.7542
1738686900000000,PAXGUSDT,5m,2864.04711939,2864.04711939,2863.04077816,2864.04711939,0.801
1738687200000000,PAXGUSDT,5m,2864.04711939,2864.04711939,2863.04077816,2864.04711939,6.6422
1738687500000000,PAXGUSDT,5m,2864.04711939,2865.05381433,2864.04711939,2864.04711939,5.0133
1738687800000000,PAXGUSDT,5m,2864.04711939,2865.05346061,2862.03443694,2865.05346061,2.2055
1738688100000000,PAXGUSDT,5m,2865.05346061,2867.06826614,2865.05346061,2866.06086337,0.3569
1738688400000000,PAXGUSDT,5m,2866.06086337,2867.06826614,2864.04605785,2865.05346061,3.3169
1738688700000000,PAXGUSDT,5m,2865.05346061,2867.06826614,2864.04605785,2864.04605785,1.2433
1738689000000000,PAXGUSDT,5m,2864.04605785,2866.05944699,2862.0326687,2862.0326687,12.1706
1738689300000000,PAXGUSDT,5m,2862.0326687,2863.03794888,2860.02210834,2862.0326687,4.3
1738689600000000,PAXGUSDT,5m,2862.0326687,2863.03794888,2861.02738852,2862.0326687,4.0665
1738689900000000,PAXGUSDT,5m,2862.0326687,2863.0375959,2860.0228143,2862.0326687,3.8461
1738690200000000,PAXGUSDT,5m,2862.0326687,2864.04322906,2861.02738852,2863.03794888,1.1608
1738690500000000,PAXGUSDT,5m,2863.03794888,2866.05590877,2860.01998899,2860.01998899,0.6163
1738690800000000,PAXGUSDT,5m,2860.01998899,2861.02420949,2860.01998899,2861.02420949,3.9487
1738691100000000,PAXGUSDT,5m,2861.02420949,2862.0287826,2861.02420949,2861.02420949,7.0045
1738691400000000,PAXGUSDT,5m,2861.02420949,2862.0287826,2861.02420949,2861.02420949,1.4936
1738691700000000,PAXGUSDT,5m,2861.02420949,2862.0287826,2861.02420949,2861.02420949,2.0008
1738692000000000,PAXGUSDT,5m,2861.02420949,2862.0287826,2861.02420949,2861.02420949,3.4906
1738692300000000,PAXGUSDT,5m,2861.02420949,2862.0287826,2860.01963638,2860.01963638,1.7491
1738692600000000,PAXGUSDT,5m,2860.01963638,2861.02385676,2860.01963638,2860.01963638,4.4506
1738692900000000,PAXGUSDT,5m,2860.01963638,2860.01963638,2856.0041648,2858.01190059,24.955
1738693200000000,PAXGUSDT,5m,2858.01190059,2860.01963638,2856.0041648,2856.0041648,6.1898
1738693500000000,PAXGUSDT,5m,2856.0041648,2857.00697525,2855.00135435,2856.0041648,0.7568
1738693800000000,PAXGUSDT,5m,2856.0041648,2857.00697525,2856.0041648,2856.0041648,2.6274
1738694100000000,PAXGUSDT,5m,2856.0041648,2857.00697525,2853.9985439,2856.0041648,7.8799
1738694400000000,PAXGUSDT,5m,2856.0041648,2857.00662326,2855.00170633,2856.0041648,12.0052
1738694700000000,PAXGUSDT,5m,2856.0041648,2858.00908173,2855.00170633,2855.00170633,7.9602
1738695000000000,PAXGUSDT,5m,2855.00170633,2856.00346132,2855.00170633,2855.00170633,4.8524
1738695300000000,PAXGUSDT,5m,2855.00170633,2856.00346132,2855.00170633,2855.00170633,0.8562
1738695600000000,PAXGUSDT,5m,2855.00170633,2856.00346132,2853.99995135,2853.99995135,2.3347
1738695900000000,PAXGUSDT,5m,2853.99995135,2855.00135484,2852.99854786,2855.00135484,1.0035
1738696200000000,PAXGUSDT,5m,2855.00135484,2857.00486456,2853.99959998,2855.00135484,17.6796
1738696500000000,PAXGUSDT,5m,2855.00135484,2855.00135484,2852.9992501,2854.00030247,9.5461
1738696800000000,PAXGUSDT,5m,2854.00030247,2855.00135484,2850.99714537,2851.99819774,13.2201
1738697100000000,PAXGUSDT,5m,2851.99819774,2852.9992501,2849.996093,2849.996093,10.7633
1738697400000000,PAXGUSDT,5m,2849.996093,2849.996093,2845.99469448,2847.99539374,8.9731
1738697700000000,PAXGUSDT,5m,2847.99539374,2848.99609486,2846.99469262,2846.99469262,4.7831
1738698000000000,PAXGUSDT,5m,2846.99469262,2847.99539374,2845.9939915,2847.99539374,3.828
1738698300000000,PAXGUSDT,5m,2847.99539374,2848.99679859,2845.99258404,2846.99398889,19.4668
1738698600000000,PAXGUSDT,5m,2846.99398889,2846.99398889,2845.99328802,2846.99398889,1.7119
1738698900000000,PAXGUSDT,5m,2846.99398889,2849.99609152,2844.99258714,2846.99398889,14.0256
1738699200000000,PAXGUSDT,5m,2846.99398889,2849.99820344,2845.99258404,2846.99398889,13.3793
1738699500000000,PAXGUSDT,5m,2846.99398889,2851.99925258,2844.99188341,2845.99293615,28.5358
1738699800000000,PAXGUSDT,5m,2845.99293615,2846.99328516,2838.99049308,2840.9911911,17.0026
1738700100000000,PAXGUSDT,5m,2840.9911911,2843.9911818,2839.9911942,2839.9911942,2.2744
1738700400000000,PAXGUSDT,5m,2839.9911942,2841.98907756,2836.99436916,2836.99436916,28.6115
1738700700000000,PAXGUSDT,5m,2836.99436916,2841.98907756,2833.99754412,2833.99754412,6.6284
1738701000000000,PAXGUSDT,5m,2833.99754412,2840.97047305,2832.00527871,2837.98207494,58.4666
1738701300000000,PAXGUSDT,5m,2837.98207494,2841.96800482,2836.98559247,2837.98207494,14.5565
1738701600000000,PAXGUSDT,5m,2837.98207494,2838.97785812,2835.99050857,2836.98629176,20.1924
1738701900000000,PAXGUSDT,5m,2836.98629176,2840.97082307,2836.98629176,2840.97082307,6.8287
1738702200000000,PAXGUSDT,5m,2840.97082307,2841.96730529,2839.97434084,2841.96730529,7.206
1738702500000000,PAXGUSDT,5m,2841.96730529,2843.96096878,2839.9736418,2842.96413704,21.299
1738702800000000,PAXGUSDT,5m,2842.96413704,2842.96413704,2833.98950454,2833.98950454,25.7966
1738703100000000,PAXGUSDT,5m,2833.98950454,2842.96098029,2826.01485944,2826.01485944,14.4657
1738703400000000,PAXGUSDT,5m,2826.01485944,2828.99065606,2823.03906281,2828.99065606,8.5729
1738703700000000,PAXGUSDT,5m,2828.99065606,2831.97167888,2826.00963324,2826.00963324,8.2983
1738704000000000,PAXGUSDT,5m,2826.00963324,2827.9927979,2825.01805091,2825.01805091,15.6588
1738704300000000,PAXGUSDT,5m,2825.01805091,2827.99175412,2821.0531133,2826.00928532,18.6833
1738704600000000,PAXGUSDT,5m,2826.00928532,2827.00086752,2821.05137429,2823.0345387,15.6777
1738704900000000,PAXGUSDT,5m,2823.0345387,2823.0345387,2819.06960255,2821.05207063,8.1555
1738705200000000,PAXGUSDT,5m,2821.05207063,2827.99070889,2820.06083659,2823.0345387,31.9793
1738705500000000,PAXGUSDT,5m,2823.0345387,2826.00824081,2820.06083659,2826.00824081,10.7638
1738705800000000,PAXGUSDT,5m,2826.00824081,2826.99912729,2820.06292193,2823.03558137,17.1229
1738706100000000,PAXGUSDT,5m,2823.03558137,2826.00824081,2820.06292193,2822.04469489,25.2655
1738706400000000,PAXGUSDT,5m,2822.04469489,2823.03558137,2818.08114897,2823.03558137,17.2842
1738706700000000,PAXGUSDT,5m,2823.03558137,2823.03558137,2820.06292193,2820.06292193,1.8864
1738707000000000,PAXGUSDT,5m,2820.06292193,2822.0439988,2818.08184507,2820.06292193,7.271
1738707300000000,PAXGUSDT,5m,2820.06292193,2825.0156141,2819.0723835,2824.02507567,6.0004
1738707600000000,PAXGUSDT,5m,2824.02507567,2826.00754326,2822.04260808,2823.03384188,2.1874
1738707900000000,PAXGUSDT,5m,2823.03384188,2825.01630946,2822.04260808,2822.04260808,2.9332
1738708200000000,PAXGUSDT,5m,2822.04260808,2824.02368398,2821.05207014,2821.05207014,2.8221
1738708500000000,PAXGUSDT,5m,2821.05207014,2823.03314603,2819.07099425,2823.03314603,4.3977
1738708800000000,PAXGUSDT,5m,2823.03314603,2828.98263633,2822.04156431,2826.9994729,7.2063
1738709100000000,PAXGUSDT,5m,2826.9994729,2828.98194097,2826.00823886,2826.9994729,10.5471
1738709400000000,PAXGUSDT,5m,2826.9994729,2831.95216994,2822.04677585,2831.95216994,10.3218
1738709700000000,PAXGUSDT,5m,2831.95216994,2836.92225097,2827.97610512,2827.97610512,11.5838
1738710000000000,PAXGUSDT,5m,2827.97610512,2828.96698672,2825.9943419,2828.96698672,6.8137
1738710300000000,PAXGUSDT,5m,2828.96698672,2829.95856295,2825.0006818,2825.99225803,4.7188
1738710600000000,PAXGUSDT,5m,2825.99225803,2827.97541049,2824.00910557,2824.00910557,9.4138
1738710900000000,PAXGUSDT,5m,2824.00910557,2824.9996384,2824.00910557,2824.00910557,1.3272
1738711200000000,PAXGUSDT,5m,2824.00910557,2826.98070407,2824.00910557,2824.9996384,5.1078
1738711500000000,PAXGUSDT,5m,2824.9996384,2824.9996384,2823.01926712,2823.01926712,1.4122
1738711800000000,PAXGUSDT,5m,2823.01926712,2824.00910557,2822.02942866,2824.00910557,0.5797
1738712100000000,PAXGUSDT,5m,2824.00910557,2825.98947661,2823.01892005,2823.01892005,2.6267
1738712400000000,PAXGUSDT,5m,2823.01892005,2823.01892005,2820.05044589,2821.03993728,9.2517
1738712700000000,PAXGUSDT,5m,2821.03993728,2823.01892005,2820.05044589,2820.05044589,2.707
1738713000000000,PAXGUSDT,5m,2820.05044589,2821.0388968,2819.06199498,2820.05044589,5.4617
1738713300000000,PAXGUSDT,5m,2820.05044589,2821.0388968,2818.07354407,2821.0388968,12.9624
1738713600000000,PAXGUSDT,5m,2821.0388968,2822.02734771,2820.05044589,2821.0388968,7.4081
1738713900000000,PAXGUSDT,5m,2821.0388968,2824.00321088,2819.06268742,2819.06268742,29.9977
1738714200000000,PAXGUSDT,5m,2819.06268742,2821.03682095,2818.07562065,2818.07562065,12.5673
1738714500000000,PAXGUSDT,5m,2818.07562065,2820.04837222,2816.10286908,2820.04837222,4.7459
1738714800000000,PAXGUSDT,5m,2820.04837222,2820.04837222,2817.08509898,2818.07285673,2.5854
1738715100000000,PAXGUSDT,5m,2818.07285673,2820.0490649,2816.09664855,2816.09664855,2.0579
1738715400000000,PAXGUSDT,5m,2816.09664855,2818.07008699,2814.12321012,2814.12321012,2.2488
1738715700000000,PAXGUSDT,5m,2814.12321012,2816.09319486,2812.15322537,2812.15322537,2.9422
1738716000000000,PAXGUSDT,5m,2812.15322537,2814.12114225,2812.15322537,2814.12114225,1.1082
1738716300000000,PAXGUSDT,5m,2814.12114225,2817.07301758,2813.13718381,2817.07301758,7.5729
1738716600000000,PAXGUSDT,5m,2817.07301758,2819.04231014,2815.10372501,2817.07301758,2.824
1738716900000000,PAXGUSDT,5m,2817.07301758,2818.05800814,2815.10303645,2817.07301758,1.4409
1738717200000000,PAXGUSDT,5m,2817.07301758,2819.04368775,2815.1023474,2816.08768249,8.117
1738717500000000,PAXGUSDT,5m,2816.08768249,2816.08768249,2815.10303645,2816.08768249,1.6636
1738717800000000,PAXGUSDT,5m,2816.08768249,2816.08768249,2815.10303645,2816.08768249,0.8375
1738718100000000,PAXGUSDT,5m,2816.08768249,2817.07232853,2814.1183904,2817.07232853,1.0666
1738718400000000,PAXGUSDT,5m,2817.07232853,2818.05800814,2817.07232853,2817.07232853,3.4714
1738718700000000,PAXGUSDT,5m,2817.07232853,2821.01504698,2817.07232853,2818.05800814,20.4013
1738719000000000,PAXGUSDT,5m,2818.05800814,2819.04403264,2817.07198365,2819.04403264,3.1885
1738719300000000,PAXGUSDT,5m,2819.04403264,2819.04403264,2817.07129364,2817.07129364,5.6994
1738719600000000,PAXGUSDT,5m,2817.07129364,2818.05766314,2816.08492414,2816.08492414,1.6276
1738719900000000,PAXGUSDT,5m,2816.08492414,2816.08492414,2816.08492414,2816.08492414,0.7352
1738720200000000,PAXGUSDT,5m,2816.08492414,2818.0569724,2815.0989,2818.0569724,6.9838
1738720500000000,PAXGUSDT,5m,2818.0569724,2822.9888187,2818.0569724,2822.9888187,9.9199
1738720800000000,PAXGUSDT,5m,2822.9888187,2822.9888187,2821.01608018,2821.01608018,2.8197
1738721100000000,PAXGUSDT,5m,2821.01608018,2822.9888187,2821.01608018,2822.00244944,0.6362
1738721400000000,PAXGUSDT,5m,2822.00244944,2824.96155721,2822.00244944,2822.9888187,3.2056
1738721700000000,PAXGUSDT,5m,2822.9888187,2824.96155721,2821.01608018,2821.01608018,2.1867
1738722000000000,PAXGUSDT,5m,2821.01608018,2822.00107183,2816.09112194,2818.06110523,7.2287
1738722300000000,PAXGUSDT,5m,2818.06110523,2825.94103842,2812.15115535,2812.15115535,15.966
1738722600000000,PAXGUSDT,5m,2812.15115535,2813.1323665,2811.1699442,2811.1699442,6.6668
1738722900000000,PAXGUSDT,5m,2811.1699442,2813.1323665,2810.18873305,2810.18873305,6.2956
1738723200000000,PAXGUSDT,5m,2810.18873305,2812.15047038,2810.18873305,2811.16960171,4.6336
1738723500000000,PAXGUSDT,5m,2811.16960171,2815.09307638,2810.18873305,2813.13133905,13.4314
1738723800000000,PAXGUSDT,5m,2813.13133905,2817.05755166,2812.1497859,2815.09444536,24.6147
1738724100000000,PAXGUSDT,5m,2815.09444536,2833.74395528,2813.13133905,2813.13133905,55.8217
1738724400000000,PAXGUSDT,5m,2813.13133905,2815.09239261,2812.15081227,2814.11186583,5.0371
1738724700000000,PAXGUSDT,5m,2814.11186583,2821.95608009,2808.22870514,2808.22870514,29.1653
1738725000000000,PAXGUSDT,5m,2808.22870514,2810.18157628,2802.3700917,2809.20514071,25.0906
1738725300000000,PAXGUSDT,5m,2809.20514071,2811.15937037,2806.27379621,2811.15937037,7.1825
1738725600000000,PAXGUSDT,5m,2811.15937037,2815.07190951,2811.15937037,2813.11563994,6.2973
1738725900000000,PAXGUSDT,5m,2813.11563994,2814.09377473,2812.13750516,2814.09377473,1.8647
1738726200000000,PAXGUSDT,5m,2814.09377473,2814.09377473,2808.22496602,2808.22496602,7.7732
1738726500000000,PAXGUSDT,5m,2808.22496602,2809.2031008,2805.29056167,2809.2031008,5.2898
1738726800000000,PAXGUSDT,5m,2809.2031008,2811.16073363,2807.24546798,2811.16073363,1.7931
1738727100000000,PAXGUSDT,5m,2811.16073363,2811.16073363,2809.2017366,2810.18123511,2.5379
1738727400000000,PAXGUSDT,5m,2810.18123511,2812.14023214,2810.18123511,2812.14023214,2.6022
1738727700000000,PAXGUSDT,5m,2812.14023214,2813.11973065,2811.16073363,2812.14023214,1.9082
1738728000000000,PAXGUSDT,5m,2812.14023214,2812.14023214,2810.18191721,2810.18191721,7.2402
1738728300000000,PAXGUSDT,5m,2810.18191721,2813.1193896,2810.18191721,2812.14023214,3.6394
1738728600000000,PAXGUSDT,5m,2812.14023214,2814.09922917,2810.18123511,2812.14023214,4.1893
1738728900000000,PAXGUSDT,5m,2812.14023214,2813.11904879,2810.18259884,2812.14023214,2.7446
1738729200000000,PAXGUSDT,5m,2812.14023214,2812.14023214,2810.18327999,2812.14023214,2.1724
1738729500000000,PAXGUSDT,5m,2812.14023214,2816.05549873,2812.14023214,2815.07668209,47.9122
1738729800000000,PAXGUSDT,5m,2815.07668209,2817.03431538,2814.09786544,2814.09786544,14.8079
1738730100000000,PAXGUSDT,5m,2814.09786544,2815.07600164,2807.25091199,2811.16345682,36.9285
1738730400000000,PAXGUSDT,5m,2811.16345682,2814.09786544,2808.2290482,2814.09786544,9.4098
1738730700000000,PAXGUSDT,5m,2814.09786544,2815.07600164,2813.11972923,2814.09786544,1.4038
1738731000000000,PAXGUSDT,5m,2814.09786544,2815.07634175,2813.11938913,2814.09786544,1.7841
1738731300000000,PAXGUSDT,5m,2814.09786544,2815.07600164,2812.14159302,2813.11972923,5.9765
1738731600000000,PAXGUSDT,5m,2813.11972923,2815.07600164,2812.14159302,2812.14159302,10.6139
1738731900000000,PAXGUSDT,5m,2812.14159302,2813.12006957,2812.14159302,2812.14159302,1.1672
1738732200000000,PAXGUSDT,5m,2812.14159302,2813.12006957,2811.16311648,2811.16311648,0.643
1738732500000000,PAXGUSDT,5m,2811.16311648,2812.14125257,2809.2068443,2810.18498039,3.823
1738732800000000,PAXGUSDT,5m,2810.18498039,2812.14125257,2809.2068443,2811.16311648,7.091
1738733100000000,PAXGUSDT,5m,2811.16311648,2813.11938865,2811.16311648,2813.11938865,2.5492
1738733400000000,PAXGUSDT,5m,2813.11938865,2814.09752474,2812.14125257,2812.14125257,2.1722
1738733700000000,PAXGUSDT,5m,2812.14125257,2813.11938865,2810.18498039,2811.16311648,5.6597
1738734000000000,PAXGUSDT,5m,2811.16311648,2815.07702266,2811.16311648,2814.09854612,4.1935
1738734300000000,PAXGUSDT,5m,2814.09854612,2816.05617989,2812.14091235,2812.14091235,6.4617
1738734600000000,PAXGUSDT,5m,2812.14091235,2814.09650408,2812.14091235,2813.11870821,16.8924
1738734900000000,PAXGUSDT,5m,2813.11870821,2814.09650408,2811.16311648,2813.11870821,7.0186
1738735200000000,PAXGUSDT,5m,2813.11870821,2814.09616433,2811.16379598,2814.09616433,8.6143
1738735500000000,PAXGUSDT,5m,2814.09616433,2815.07429995,2813.11802872,2813.11802872,1.3882
1738735800000000,PAXGUSDT,5m,2813.11802872,2814.09582435,2813.11802872,2813.11802872,0.6082
1738736100000000,PAXGUSDT,5m,2813.11802872,2814.09582435,2812.14023308,2812.14023308,0.2959
1738736400000000,PAXGUSDT,5m,2812.14023308,2815.07158149,2807.25465242,2815.07158149,16.5329
1738736700000000,PAXGUSDT,5m,2815.07158149,2817.0285308,2814.09310683,2816.05005614,1.4191
1738737000000000,PAXGUSDT,5m,2816.05005614,2819.96395476,2816.05005614,2818.9854801,43.8004
1738737300000000,PAXGUSDT,5m,2818.9854801,2819.96361525,2817.02920982,2819.96361525,0.8102
1738737600000000,PAXGUSDT,5m,2819.96361525,2820.94242941,2818.98480108,2819.96361525,0.7223
1738737900000000,PAXGUSDT,5m,2819.96361525,2819.96361525,2818.98514071,2819.96361525,3.3362
1738738200000000,PAXGUSDT,5m,2819.96361525,2819.96361525,2818.98514071,2819.96361525,1.3159
1738738500000000,PAXGUSDT,5m,2819.96361525,2821.92056432,2817.02819164,2821.92056432,16.5233
1738738800000000,PAXGUSDT,5m,2821.92056432,2822.90073819,2815.05934725,2819.96021659,23.655
1738739100000000,PAXGUSDT,5m,2819.96021659,2819.96021659,2818.98004272,2819.96021659,7.6344
1738739400000000,PAXGUSDT,5m,2819.96021659,2819.96021659,2818.00123068,2819.96021659,7.849
1738739700000000,PAXGUSDT,5m,2819.96021659,2820.93970954,2818.00123068,2820.93970954,1.6799
1738740000000000,PAXGUSDT,5m,2820.93970954,2821.91988317,2819.95953591,2820.93970954,9.8261
1738740300000000,PAXGUSDT,5m,2820.93970954,2827.79854176,2819.95987637,2822.89937589,23.3572
1738740600000000,PAXGUSDT,5m,2822.89937589,2824.85836227,2817.02241674,2823.87886908,16.3412
1738740900000000,PAXGUSDT,5m,2823.87886908,2826.81938856,2823.87886908,2824.85904224,10.5959
1738741200000000,PAXGUSDT,5m,2824.85904224,2825.8392154,2824.85904224,2825.8392154,1.3953
1738741500000000,PAXGUSDT,5m,2825.8392154,2827.79956171,2824.85904224,2824.85904224,16.5652
1738741800000000,PAXGUSDT,5m,2824.85904224,2825.83853567,2824.85904224,2825.83853567,1.6422
1738742100000000,PAXGUSDT,5m,2825.83853567,2829.75922736,2825.83853567,2827.79888151,8.7075
1738742400000000,PAXGUSDT,5m,2827.79888151,2834.66009197,2826.81870859,2833.67991905,17.9872
1738742700000000,PAXGUSDT,5m,2833.67991905,2836.62043781,2830.73940028,2836.62043781,7.5859
1738743000000000,PAXGUSDT,5m,2836.62043781,2838.58349694,2834.65737869,2836.62043781,24.4539
1738743300000000,PAXGUSDT,5m,2836.62043781,2839.56604574,2835.6385685,2837.60230712,9.7227
1738743600000000,PAXGUSDT,5m,2837.60230712,2839.56740567,2836.61975785,2837.60230712,9.8482
1738743900000000,PAXGUSDT,5m,2837.60230712,2842.5150535,2832.68956075,2842.5150535,7.5067
1738744200000000,PAXGUSDT,5m,2842.5150535,2846.45751543,2842.5150535,2845.47189995,17.3519
1738744500000000,PAXGUSDT,5m,2845.47189995,2845.47189995,2842.5150535,2844.48628447,3.7491
1738744800000000,PAXGUSDT,5m,2844.48628447,2845.47189995,2841.52943802,2844.48628447,13.943
1738745100000000,PAXGUSDT,5m,2844.48628447,2845.47189995,2842.5150535,2844.48628447,5.6298
1738745400000000,PAXGUSDT,5m,2844.48628447,2845.47189995,2842.5150535,2844.48628447,6.8736
1738745700000000,PAXGUSDT,5m,2844.48628447,2845.47189995,2841.52943802,2845.47189995,5.8725
1738746000000000,PAXGUSDT,5m,2845.47189995,2849.41709496,2842.51300369,2842.51300369,4.5768
1738746300000000,PAXGUSDT,5m,2842.51300369,2843.49691266,2840.54518576,2841.52909473,2.4469
1738746600000000,PAXGUSDT,5m,2841.52909473,2842.51300369,2838.57736783,2842.51300369,3.8036
1738746900000000,PAXGUSDT,5m,2842.51300369,2844.48218485,2840.54382253,2840.54382253,1.8105
1738747200000000,PAXGUSDT,5m,2840.54382253,2843.49452595,2838.57668692,2838.57668692,2.4378
1738747500000000,PAXGUSDT,5m,2838.57668692,2838.57668692,2837.59448046,2837.59448046,0.1386
1738747800000000,PAXGUSDT,5m,2837.59448046,2837.59448046,2833.66701405,2834.64888065,5.5193
1738748100000000,PAXGUSDT,5m,2834.64888065,2835.63074725,2833.66701405,2834.64888065,3.7938
1738748400000000,PAXGUSDT,5m,2834.64888065,2834.64888065,2830.72141424,2834.64888065,8.3444
1738748700000000,PAXGUSDT,5m,2834.64888065,2838.57634706,2832.68514745,2837.59448046,8.3137
1738749000000000,PAXGUSDT,5m,2837.59448046,2843.48771925,2833.66565459,2833.66565459,9.4948
1738749300000000,PAXGUSDT,5m,2833.66565459,2835.62395843,2830.72819883,2835.62395843,17.268
1738749600000000,PAXGUSDT,5m,2835.62395843,2837.58497085,2834.64345222,2835.62395843,0.756
1738749900000000,PAXGUSDT,5m,2835.62395843,2836.60412572,2834.64379115,2834.64379115,3.7948
1738750200000000,PAXGUSDT,5m,2834.64379115,2842.4797104,2826.80787189,2842.4797104,7.01
1738750500000000,PAXGUSDT,5m,2842.4797104,2845.43447102,2839.52494979,2839.52494979,2.8048
1738750800000000,PAXGUSDT,5m,2839.52494979,2839.52494979,2837.55920043,2839.52494979,0.9585
1738751100000000,PAXGUSDT,5m,2839.52494979,2842.47357383,2836.57632575,2836.57632575,5.9681
1738751400000000,PAXGUSDT,5m,2836.57632575,2836.57632575,2834.61465471,2834.61465471,1.2477
1738751700000000,PAXGUSDT,5m,2834.61465471,2834.61465471,2833.6344975,2834.61465471,1.7903
1738752000000000,PAXGUSDT,5m,2834.61465471,2840.49559797,2833.6344975,2836.57496913,21.221
1738752300000000,PAXGUSDT,5m,2836.57496913,2838.53528355,2834.61465471,2838.53528355,0.6421
1738752600000000,PAXGUSDT,5m,2838.53528355,2838.53528355,2834.61058907,2835.59176269,3.217
1738752900000000,PAXGUSDT,5m,2835.59176269,2835.59176269,2833.62941545,2834.61058907,14.3903
1738753200000000,PAXGUSDT,5m,2834.61058907,2841.47642787,2834.61058907,2837.55309141,20.0749
1738753500000000,PAXGUSDT,5m,2837.55309141,2839.5140818,2836.57259622,2837.55309141,27.8698
1738753800000000,PAXGUSDT,5m,2837.55309141,2838.53358661,2836.57259622,2836.57259622,59.1781
1738754100000000,PAXGUSDT,5m,2836.57259622,2839.51204969,2835.5927784,2837.55241404,14.8254
1738754400000000,PAXGUSDT,5m,2837.55241404,2840.49186751,2835.5927784,2837.55241404,47.9706
1738754700000000,PAXGUSDT,5m,2837.55241404,2844.41350796,2833.63178894,2833.63178894,117.5566
1738755000000000,PAXGUSDT,5m,2833.63178894,2833.63178894,2827.76708017,2829.7219831,17.8828
1738755300000000,PAXGUSDT,5m,2829.7219831,2830.69943456,2827.76708017,2830.69943456,3.4011
1738755600000000,PAXGUSDT,5m,2830.69943456,2834.61329482,2826.7855743,2826.7855743,3.131
1738755900000000,PAXGUSDT,5m,2826.7855743,2830.68862652,2823.85828513,2823.85828513,49.0319
1738756200000000,PAXGUSDT,5m,2823.85828513,2831.64823902,2816.06833124,2831.64823902,44.0695
1738756500000000,PAXGUSDT,5m,2831.64823902,2835.56476493,2830.66910754,2834.58563346,66.2626
1738756800000000,PAXGUSDT,5m,2834.58563346,2834.58563346,2833.60684007,2834.58563346,5.2977
1738757100000000,PAXGUSDT,5m,2834.58563346,2842.41598051,2828.71287316,2828.71287316,18.7274
1738757400000000,PAXGUSDT,5m,2828.71287316,2831.63711115,2822.8643972,2823.8391432,47.5087
1738757700000000,PAXGUSDT,5m,2823.8391432,2824.81388919,2818.96541323,2818.96541323,59.2764
1738758000000000,PAXGUSDT,5m,2818.96541323,2819.94015922,2817.99066724,2817.99066724,19.2634
1738758300000000,PAXGUSDT,5m,2817.99066724,2817.99066724,2817.01659511,2817.01659511,1.8124
1738758600000000,PAXGUSDT,5m,2817.01659511,2829.67515568,2816.04285968,2828.70142025,29.0526
1738758900000000,PAXGUSDT,5m,2828.70142025,2830.64956173,2827.72734951,2828.70142025,27.1361
1738759200000000,PAXGUSDT,5m,2828.70142025,2832.5977032,2822.85699583,2832.5977032,26.8603
1738759500000000,PAXGUSDT,5m,2832.5977032,2839.43029587,2822.83685653,2839.43029587,135.8665
1738759800000000,PAXGUSDT,5m,2839.43029587,2847.27673537,2837.46868599,2847.27673537,10.4177
1738760100000000,PAXGUSDT,5m,2847.27673537,2849.2390212,2846.29559246,2846.29559246,15.4219
1738760400000000,PAXGUSDT,5m,2846.29559246,2847.27639728,2843.35317799,2844.33398282,10.7196
1738760700000000,PAXGUSDT,5m,2844.33398282,2848.25584973,2843.35351609,2847.275383,9.6163
1738761000000000,PAXGUSDT,5m,2847.275383,2850.21678319,2846.29491628,2848.25584973,24.342
1738761300000000,PAXGUSDT,5m,2848.25584973,2851.19724992,2845.31444955,2847.275383,33.9297
1738761600000000,PAXGUSDT,5m,2847.275383,2855.11911684,2839.43164917,2855.11911684,20.8421
1738761900000000,PAXGUSDT,5m,2855.11911684,2859.06265153,2853.1473495,2856.10500052,62.9066
1738762200000000,PAXGUSDT,5m,2856.10500052,2859.06571752,2854.13118918,2854.13118918,7.5308
1738762500000000,PAXGUSDT,5m,2854.13118918,2857.09190618,2852.15737785,2852.15737785,8.3707
1738762800000000,PAXGUSDT,5m,2852.15737785,2852.15737785,2850.18629466,2850.18629466,3.5558
1738763100000000,PAXGUSDT,5m,2850.18629466,2853.14291944,2845.25858668,2847.22966987,110.6821
1738763400000000,PAXGUSDT,5m,2847.22966987,2849.20075306,2846.24412827,2847.22966987,33.1932
1738763700000000,PAXGUSDT,5m,2847.22966987,2848.21521146,2845.25858668,2845.25858668,4.0079
1738764000000000,PAXGUSDT,5m,2845.25858668,2856.09579044,2844.27338634,2846.24378702,110.3021
1738764300000000,PAXGUSDT,5m,2846.24378702,2860.03181921,2836.3951926,2836.3951926,41.5407
1738764600000000,PAXGUSDT,5m,2836.3951926,2839.33141951,2831.50148109,2839.33141951,24.3329
1738764900000000,PAXGUSDT,5m,2839.33141951,2840.31252919,2838.35030983,2840.31252919,1.5258
1738765200000000,PAXGUSDT,5m,2840.31252919,2844.23968098,2837.36716535,2837.36716535,3.0054
1738765500000000,PAXGUSDT,5m,2837.36716535,2841.28618077,2833.44814993,2841.28618077,6.9726
1738765800000000,PAXGUSDT,5m,2841.28618077,2842.26830527,2839.32193177,2840.30405627,8.2773
1738766100000000,PAXGUSDT,5m,2840.30405627,2842.26830527,2840.30405627,2840.30405627,1.2198
1738766400000000,PAXGUSDT,5m,2840.30405627,2840.30405627,2833.43393589,2835.39682742,11.1911
1738766700000000,PAXGUSDT,5m,2835.39682742,2849.14658689,2829.50407337,2829.50407337,30.1905
1738767000000000,PAXGUSDT,5m,2829.50407337,2834.39433274,2828.52602149,2832.43822899,13.5034
1738767300000000,PAXGUSDT,5m,2832.43822899,2837.32848836,2826.56991774,2837.32848836,5.1658
1738767600000000,PAXGUSDT,5m,2837.32848836,2840.27279326,2836.3470534,2838.30992333,10.6016
1738767900000000,PAXGUSDT,5m,2838.30992333,2840.27279326,2837.32848836,2839.2913583,4.0705
1738768200000000,PAXGUSDT,5m,2839.2913583,2839.2913583,2834.3858791,2835.36697494,21.4696
1738768500000000,PAXGUSDT,5m,2835.36697494,2836.34807078,2835.36697494,2836.34807078,4.0771
1738768800000000,PAXGUSDT,5m,2836.34807078,2836.34807078,2835.36697494,2836.34807078,3.9843
1738769100000000,PAXGUSDT,5m,2836.34807078,2836.34807078,2834.3858791,2836.34807078,11.0831
1738769400000000,PAXGUSDT,5m,2836.34807078,2837.32916662,2835.36697494,2837.32916662,137.8406
1738769700000000,PAXGUSDT,5m,2837.32916662,2837.32916662,2836.34807078,2837.32916662,11.0467
1738770000000000,PAXGUSDT,5m,2837.32916662,2840.27245414,2836.34807078,2838.31026246,11.8188
1738770300000000,PAXGUSDT,5m,2838.31026246,2840.27177612,2837.32950563,2839.29101929,10.7011
1738770600000000,PAXGUSDT,5m,2839.29101929,2842.2322738,2839.29101929,2841.25185563,13.8959
1738770900000000,PAXGUSDT,5m,2841.25185563,2841.25185563,2839.29101929,2839.29101929,11.1919
1738771200000000,PAXGUSDT,5m,2839.29101929,2844.19311014,2839.29101929,2843.21269197,19.2274
1738771500000000,PAXGUSDT,5m,2843.21269197,2847.13436464,2839.29101929,2847.13436464,83.0251
1738771800000000,PAXGUSDT,5m,2847.13436464,2858.92781041,2841.23764176,2841.23764176,91.8543
1738772100000000,PAXGUSDT,5m,2841.23764176,2848.08871427,2840.25891712,2846.13126498,58.7984
1738772400000000,PAXGUSDT,5m,2846.13126498,2850.04885791,2842.21367205,2845.15186675,43.8399
1738772700000000,PAXGUSDT,5m,2845.15186675,2851.0302797,2845.15186675,2850.05054421,28.1628
1738773000000000,PAXGUSDT,5m,2850.05054421,2850.05054421,2842.21266028,2845.15186675,13.6594
1738773300000000,PAXGUSDT,5m,2845.15186675,2848.0920857,2844.17179377,2844.17179377,5.2454
1738773600000000,PAXGUSDT,5m,2844.17179377,2845.15152914,2843.19205839,2845.15152914,2.0316
1738773900000000,PAXGUSDT,5m,2845.15152914,2848.09073527,2845.15152914,2847.11099989,7.4008
1738774200000000,PAXGUSDT,5m,2847.11099989,2850.05020602,2846.13126452,2848.09073527,11.2839
1738774500000000,PAXGUSDT,5m,2848.09073527,2850.05020602,2847.11099989,2849.07047064,2.8773
1738774800000000,PAXGUSDT,5m,2849.07047064,2851.02994139,2847.11099989,2847.11099989,6.4299
1738775100000000,PAXGUSDT,5m,2847.11099989,2847.11099989,2846.13261123,2847.11099989,10.2321
1738775400000000,PAXGUSDT,5m,2847.11099989,2847.11099989,2842.21905659,2844.17583391,18.3704
1738775700000000,PAXGUSDT,5m,2844.17583391,2852.00294319,2839.28389062,2839.28389062,71.0148
1738776000000000,PAXGUSDT,5m,2839.28389062,2844.15903466,2833.43371776,2844.15903466,9.6634
1738776300000000,PAXGUSDT,5m,2844.15903466,2844.15903466,2843.18065178,2844.15903466,4.0629
1738776600000000,PAXGUSDT,5m,2844.15903466,2845.13775422,2843.1803151,2843.1803151,12.7408
1738776900000000,PAXGUSDT,5m,2843.1803151,2844.15869787,2842.20193234,2844.15869787,13.953
1738777200000000,PAXGUSDT,5m,2844.15869787,2844.15869787,2842.20193234,2844.15869787,4.9053
1738777500000000,PAXGUSDT,5m,2844.15869787,2851.98575999,2839.26678404,2839.26678404,13.8969
1738777800000000,PAXGUSDT,5m,2839.26678404,2840.24180697,2836.34171524,2840.24180697,6.2643
1738778100000000,PAXGUSDT,5m,2840.24180697,2844.14591942,2839.26577886,2840.24180697,8.4883
1738778400000000,PAXGUSDT,5m,2840.24180697,2843.16989131,2836.33769453,2843.16989131,7.3183
1738778700000000,PAXGUSDT,5m,2843.16989131,2844.14793393,2842.19184869,2843.16989131,1.06
1738779000000000,PAXGUSDT,5m,2843.16989131,2845.12664967,2839.2563746,2845.12664967,10.9716
1738779300000000,PAXGUSDT,5m,2845.12664967,2847.08610328,2843.16719605,2843.16719605,1.8676
1738779600000000,PAXGUSDT,5m,2843.16719605,2844.1455743,2841.21043955,2844.1455743,3.7041
1738779900000000,PAXGUSDT,5m,2844.1455743,2847.08070905,2842.1888178,2842.1888178,19.3903
1738780200000000,PAXGUSDT,5m,2842.1888178,2842.1888178,2841.21212061,2842.1888178,4.7143
1738780500000000,PAXGUSDT,5m,2842.1888178,2843.16585074,2840.23475192,2841.21178486,5.4109
1738780800000000,PAXGUSDT,5m,2841.21178486,2841.21178486,2839.25906199,2841.21178486,4.5213
1738781100000000,PAXGUSDT,5m,2841.21178486,2843.16450774,2837.30633911,2843.16450774,9.0737
1738781400000000,PAXGUSDT,5m,2843.16450774,2845.11991662,2840.23139442,2841.20909886,13.9986
1738781700000000,PAXGUSDT,5m,2841.20909886,2841.20909886,2819.70700042,2820.68436853,157.8798
1738782000000000,PAXGUSDT,5m,2820.68436853,2822.63910475,2817.7522642,2819.70700042,21.965
1738782300000000,PAXGUSDT,5m,2819.70700042,2822.63910475,2819.70700042,2819.70700042,8.6448
1738782600000000,PAXGUSDT,5m,2819.70700042,2820.68402987,2818.72997097,2820.68402987,10.2376
1738782900000000,PAXGUSDT,5m,2820.68402987,2822.63944341,2816.77320279,2822.63944341,49.0696
1738783200000000,PAXGUSDT,5m,2822.63944341,2822.63944341,2820.68199581,2821.66071961,5.1841
1738783500000000,PAXGUSDT,5m,2821.66071961,2824.59587292,2820.68233517,2824.59587292,14.7178
1738783800000000,PAXGUSDT,5m,2824.59587292,2825.57425736,2823.61748848,2825.57425736,8.5492
1738784100000000,PAXGUSDT,5m,2825.57425736,2826.55298069,2824.59553403,2826.55298069,4.0181
1738784400000000,PAXGUSDT,5m,2826.55298069,2826.55298069,2825.57391835,2825.57391835,1.3834
1738784700000000,PAXGUSDT,5m,2825.57391835,2825.57391835,2824.59519514,2825.57391835,2.6879
1738785000000000,PAXGUSDT,5m,2825.57391835,2825.57391835,2824.59519514,2824.59519514,8.3733
1738785300000000,PAXGUSDT,5m,2824.59519514,2824.59519514,2819.70327412,2820.68165832,7.7275
1738785600000000,PAXGUSDT,5m,2820.68165832,2823.61681093,2820.68165832,2822.63842673,9.1851
1738785900000000,PAXGUSDT,5m,2822.63842673,2825.57459708,2817.74480949,2825.57459708,49.2769
1738786200000000,PAXGUSDT,5m,2825.57459708,2826.55501852,2824.59417563,2826.55501852,0.4515
1738786500000000,PAXGUSDT,5m,2826.55501852,2829.49832468,2826.55501852,2826.55501852,1.3332
1738786800000000,PAXGUSDT,5m,2826.55501852,2828.51722263,2826.55501852,2827.53612057,2.5478
1738787100000000,PAXGUSDT,5m,2827.53612057,2829.49832468,2826.55501852,2827.53612057,1.6515
1738787400000000,PAXGUSDT,5m,2827.53612057,2828.51722263,2827.53612057,2827.53612057,3.2015
1738787700000000,PAXGUSDT,5m,2827.53612057,2833.4227329,2821.64950825,2821.64950825,9.4918
1738788000000000,PAXGUSDT,5m,2821.64950825,2828.48868642,2814.81033008,2828.48868642,11.0706
1738788300000000,PAXGUSDT,5m,2828.48868642,2828.48868642,2826.52513995,2827.50691318,8.076
1738788600000000,PAXGUSDT,5m,2827.50691318,2835.36382715,2827.50691318,2832.41748441,10.519
1738788900000000,PAXGUSDT,5m,2832.41748441,2833.39959866,2830.45325592,2830.45325592,4.0995
1738789200000000,PAXGUSDT,5m,2830.45325592,2833.39959866,2826.52479894,2833.39959866,4.6981
1738789500000000,PAXGUSDT,5m,2833.39959866,2841.27288688,2829.46295455,2829.46295455,14.1156
1738789800000000,PAXGUSDT,5m,2829.46295455,2829.46295455,2827.50009436,2828.48152446,2.9112
1738790100000000,PAXGUSDT,5m,2828.48152446,2829.4632952,2827.49975371,2827.49975371,1.1708
1738790400000000,PAXGUSDT,5m,2827.49975371,2828.48118368,2824.55546379,2824.55546379,6.0333
1738790700000000,PAXGUSDT,5m,2824.55546379,2828.48118368,2824.55546379,2826.51832374,3.5766
1738791000000000,PAXGUSDT,5m,2826.51832374,2827.49907263,2824.55682594,2827.49907263,2.848
1738791300000000,PAXGUSDT,5m,2827.49907263,2829.46193211,2826.5176429,2826.5176429,2.1735
1738791600000000,PAXGUSDT,5m,2826.5176429,2828.47982106,2826.5176429,2827.49873198,1.8486
1738791900000000,PAXGUSDT,5m,2827.49873198,2828.47982106,2827.49873198,2827.49873198,0.9776
1738792200000000,PAXGUSDT,5m,2827.49873198,2832.40417738,2827.49873198,2831.4230883,6.2809
1738792500000000,PAXGUSDT,5m,2831.4230883,2835.34744463,2828.47982106,2828.47982106,38.6036
1738792800000000,PAXGUSDT,5m,2828.47982106,2830.43724654,2826.52239558,2830.43724654,15.3486
1738793100000000,PAXGUSDT,5m,2830.43724654,2833.37745144,2827.49704164,2827.49704164,14.3151
1738793400000000,PAXGUSDT,5m,2827.49704164,2836.30239575,2819.67006021,2819.67006021,24.6733
1738793700000000,PAXGUSDT,5m,2819.67006021,2820.64303125,2818.69708918,2820.64303125,7.4544
1738794000000000,PAXGUSDT,5m,2820.64303125,2822.59031674,2818.69574576,2818.69574576,28.5359
1738794300000000,PAXGUSDT,5m,2818.69574576,2821.61264374,2816.75114711,2816.75114711,14.3847
1738794600000000,PAXGUSDT,5m,2816.75114711,2825.48977528,2808.98347762,2808.98347762,61.2134
1738794900000000,PAXGUSDT,5m,2808.98347762,2811.88033236,2807.05224113,2807.05224113,25.1969
1738795200000000,PAXGUSDT,5m,2807.05224113,2808.98082391,2806.08794974,2808.01653252,11.4186
1738795500000000,PAXGUSDT,5m,2808.01653252,2811.87369809,2806.08794974,2806.08794974,31.4574
1738795800000000,PAXGUSDT,5m,2806.08794974,2810.90278836,2804.16201429,2804.16201429,44.1713
1738796100000000,PAXGUSDT,5m,2804.16201429,2806.08530785,2802.23872073,2802.23872073,23.596
1738796400000000,PAXGUSDT,5m,2802.23872073,2810.88464067,2787.82885415,2810.88464067,54.8551
1738796700000000,PAXGUSDT,5m,2810.88464067,2818.614815,2807.01955351,2807.01955351,26.6142
1738797000000000,PAXGUSDT,5m,2807.01955351,2810.87138137,2805.09363958,2809.90842441,27.3746
1738797300000000,PAXGUSDT,5m,2809.90842441,2811.83433834,2807.01955351,2810.87138137,31.3036
1738797600000000,PAXGUSDT,5m,2810.87138137,2812.79795531,2809.9080944,2811.83466834,6.9822
1738797900000000,PAXGUSDT,5m,2811.83466834,2812.79795531,2810.87138137,2811.83466834,16.7346
1738798200000000,PAXGUSDT,5m,2811.83466834,2812.79795531,2810.87138137,2812.79795531,10.5854
1738798500000000,PAXGUSDT,5m,2812.79795531,2814.72452925,2810.87138137,2810.87138137,13.0164
1738798800000000,PAXGUSDT,5m,2810.87138137,2811.83334967,2809.90941307,2811.83334967,8.8686
1738799100000000,PAXGUSDT,5m,2811.83334967,2816.64648447,2807.02021487,2807.02021487,14.1982
1738799400000000,PAXGUSDT,5m,2807.02021487,2808.93888898,2804.14220372,2808.93888898,7.8307
1738799700000000,PAXGUSDT,5m,2808.93888898,2810.85953095,2799.3356791,2801.25632108,15.0821
1738800000000000,PAXGUSDT,5m,2801.25632108,2806.05792602,2797.41503713,2803.17696305,10.5329
1738800300000000,PAXGUSDT,5m,2803.17696305,2804.1386018,2801.25368555,2803.17696305,3.5533
1738800600000000,PAXGUSDT,5m,2803.17696305,2805.10024056,2803.17696305,2803.17696305,1.0256
1738800900000000,PAXGUSDT,5m,2803.17696305,2805.10024056,2800.2920468,2805.10024056,10.5541
1738801200000000,PAXGUSDT,5m,2805.10024056,2811.83633033,2805.10024056,2810.87403179,16.5362
1738801500000000,PAXGUSDT,5m,2810.87403179,2816.64782302,2805.10024056,2816.64782302,3.7037
1738801800000000,PAXGUSDT,5m,2816.64782302,2817.61375163,2814.71596581,2817.61375163,2.2449
1738802100000000,PAXGUSDT,5m,2817.61375163,2819.54627135,2815.68123191,2818.58001149,7.0223
1738802400000000,PAXGUSDT,5m,2818.58001149,2818.58001149,2815.67924304,2818.58001149,4.8815
1738802700000000,PAXGUSDT,5m,2818.58001149,2818.58001149,2812.77847459,2813.74539741,20.8266
1738803000000000,PAXGUSDT,5m,2813.74539741,2817.61308867,2813.74539741,2815.67924304,10.9588
1738803300000000,PAXGUSDT,5m,2815.67924304,2816.64616586,2814.71232022,2814.71232022,1.9638
1738803600000000,PAXGUSDT,5m,2814.71232022,2816.64616586,2813.74539741,2815.67924304,2.9477
1738803900000000,PAXGUSDT,5m,2815.67924304,2817.61441778,2814.71165567,2815.67924304,2.9465
1738804200000000,PAXGUSDT,5m,2815.67924304,2818.58200515,2815.67924304,2815.67924304,5.0484
1738804500000000,PAXGUSDT,5m,2815.67924304,2819.54693431,2811.81155177,2819.54693431,24.0438
1738804800000000,PAXGUSDT,5m,2819.54693431,2825.36443142,2818.57735146,2822.45568286,9.5251
1738805100000000,PAXGUSDT,5m,2822.45568286,2823.42559891,2821.48576682,2822.45568286,2.0775
1738805400000000,PAXGUSDT,5m,2822.45568286,2823.42559891,2821.48576682,2823.42559891,2.3205
1738805700000000,PAXGUSDT,5m,2823.42559891,2826.33534703,2820.51585078,2826.33534703,6.5618
1738806000000000,PAXGUSDT,5m,2826.33534703,2828.27918152,2824.39151254,2824.39151254,2.0969
1738806300000000,PAXGUSDT,5m,2824.39151254,2825.36209382,2823.42093127,2825.36209382,1.8726
1738806600000000,PAXGUSDT,5m,2825.36209382,2838.95490114,2810.79837169,2838.95490114,55.3306
1738806900000000,PAXGUSDT,5m,2838.95490114,2840.91482859,2836.9949737,2838.95490114,39.6392
1738807200000000,PAXGUSDT,5m,2838.95490114,2839.93452671,2837.97527557,2837.97527557,21.063
1738807500000000,PAXGUSDT,5m,2837.97527557,2838.95456311,2835.03741297,2835.03741297,21.1255
1738807800000000,PAXGUSDT,5m,2835.03741297,2839.93215989,2830.14266606,2839.93215989,32.2926
1738808100000000,PAXGUSDT,5m,2839.93215989,2842.8781476,2836.98617217,2841.8961517,10.7143
1738808400000000,PAXGUSDT,5m,2841.8961517,2844.84621691,2836.97937635,2844.84621691,37.8382
1738808700000000,PAXGUSDT,5m,2844.84621691,2850.75860946,2841.89002063,2841.89002063,36.1256
1738809000000000,PAXGUSDT,5m,2841.89002063,2847.79013832,2841.89002063,2846.80678537,4.8052
1738809300000000,PAXGUSDT,5m,2846.80678537,2848.77349127,2844.84007948,2844.84007948,9.5194
1738809600000000,PAXGUSDT,5m,2844.84007948,2845.82241376,2842.87541091,2843.85774519,6.6533
1738809900000000,PAXGUSDT,5m,2843.85774519,2844.83974027,2842.87575012,2844.83974027,12.9991
1738810200000000,PAXGUSDT,5m,2844.83974027,2845.82207444,2844.83974027,2844.83974027,0.8052
1738810500000000,PAXGUSDT,5m,2844.83974027,2847.78674276,2842.87507194,2842.87507194,19.0452
1738810800000000,PAXGUSDT,5m,2842.87507194,2843.85605023,2841.89409366,2841.89409366,0.4744
1738811100000000,PAXGUSDT,5m,2841.89409366,2842.87439517,2838.95318911,2842.87439517,11.4141
1738811400000000,PAXGUSDT,5m,2842.87439517,2843.85571184,2838.94912849,2839.93044516,9.522
1738811700000000,PAXGUSDT,5m,2839.93044516,2842.87439517,2836.98649515,2836.98649515,2.4332
1738812000000000,PAXGUSDT,5m,2836.98649515,2837.96577941,2836.00721089,2836.98649515,0.6836
1738812300000000,PAXGUSDT,5m,2836.98649515,2838.94506366,2834.04864237,2838.94506366,2.9598
1738812600000000,PAXGUSDT,5m,2838.94506366,2839.92570099,2838.94506366,2838.94506366,0.4986
1738812900000000,PAXGUSDT,5m,2838.94506366,2840.90566108,2836.98446624,2836.98446624,2.0616
1738813200000000,PAXGUSDT,5m,2836.98446624,2838.94370966,2836.98446624,2836.98446624,1.4776
1738813500000000,PAXGUSDT,5m,2836.98446624,2838.94370966,2834.04560112,2838.94370966,11.5589
1738813800000000,PAXGUSDT,5m,2838.94370966,2839.92502446,2836.98108006,2838.94370966,23.2977
1738814100000000,PAXGUSDT,5m,2838.94370966,2839.92502446,2838.94370966,2838.94370966,1.083
1738814400000000,PAXGUSDT,5m,2838.94370966,2844.83159845,2836.98108006,2842.86896885,15.0655
1738814700000000,PAXGUSDT,5m,2842.86896885,2870.32682712,2841.88833105,2855.61726019,194.813
1738815000000000,PAXGUSDT,5m,2855.61726019,2855.61726019,2851.69336152,2855.61726019,7.7615
1738815300000000,PAXGUSDT,5m,2855.61726019,2856.59823486,2854.63628552,2856.59823486,1.3904
1738815600000000,PAXGUSDT,5m,2856.59823486,2858.56153261,2856.59823486,2856.59823486,4.0268
1738815900000000,PAXGUSDT,5m,2856.59823486,2857.57988374,2852.67163935,2852.67163935,2.5521
1738816200000000,PAXGUSDT,5m,2852.67163935,2852.67163935,2847.76677064,2851.69066561,9.4112
1738816500000000,PAXGUSDT,5m,2851.69066561,2854.63561294,2849.72736739,2849.72736739,1.618
1738816800000000,PAXGUSDT,5m,2849.72736739,2850.70766576,2849.72736739,2849.72736739,1.6166
1738817100000000,PAXGUSDT,5m,2849.72736739,2850.70766576,2848.74706901,2849.72736739,2.5747
1738817400000000,PAXGUSDT,5m,2849.72736739,2849.72736739,2842.86527878,2849.72736739,20.5192
1738817700000000,PAXGUSDT,5m,2849.72736739,2850.70766576,2847.76677064,2849.72736739,1.797
1738818000000000,PAXGUSDT,5m,2849.72736739,2850.70732865,2848.74740612,2848.74740612,3.8574
1738818300000000,PAXGUSDT,5m,2848.74740612,2850.70732865,2844.82756105,2849.72736739,18.6265
1738818600000000,PAXGUSDT,5m,2849.72736739,2861.48286013,2843.84962101,2843.84962101,41.1049
1738818900000000,PAXGUSDT,5m,2843.84962101,2848.72925317,2837.99406242,2848.72925317,6.5241
1738819200000000,PAXGUSDT,5m,2848.72925317,2849.70853445,2847.74997188,2848.72925317,0.9086
1738819500000000,PAXGUSDT,5m,2848.72925317,2849.70853445,2846.7706906,2849.70853445,3.1222
1738819800000000,PAXGUSDT,5m,2849.70853445,2852.64839883,2848.72857966,2851.66844403,3.4891
1738820100000000,PAXGUSDT,5m,2851.66844403,2861.46462557,2850.68882588,2850.68882588,22.9549
1738820400000000,PAXGUSDT,5m,2850.68882588,2858.52038859,2850.68882588,2856.56249791,49.4486
1738820700000000,PAXGUSDT,5m,2856.56249791,2856.56249791,2853.6256619,2853.6256619,2.3303
1738821000000000,PAXGUSDT,5m,2853.6256619,2854.60460724,2852.64671656,2852.64671656,1.1006
1738821300000000,PAXGUSDT,5m,2852.64671656,2854.60460724,2850.68882588,2850.68882588,1.1062
1738821600000000,PAXGUSDT,5m,2850.68882588,2850.68882588,2844.8191852,2844.8191852,8.1967
1738821900000000,PAXGUSDT,5m,2844.8191852,2851.66709933,2839.92781796,2839.92781796,8.2497
1738822200000000,PAXGUSDT,5m,2839.92781796,2839.92781796,2833.10341194,2837.97798767,40.2156
1738822500000000,PAXGUSDT,5m,2837.97798767,2838.95290281,2837.00307252,2838.95290281,1.8241
1738822800000000,PAXGUSDT,5m,2838.95290281,2838.95290281,2837.00307252,2837.00307252,1.259
1738823100000000,PAXGUSDT,5m,2837.00307252,2838.95357309,2835.05257196,2838.95357309,5.3701
1738823400000000,PAXGUSDT,5m,2838.95357309,2842.85994195,2836.02379644,2836.02379644,9.2861
1738823700000000,PAXGUSDT,5m,2836.02379644,2838.94753231,2832.12548194,2836.99837506,12.4415
1738824000000000,PAXGUSDT,5m,2836.99837506,2839.92010357,2829.20709906,2839.92010357,30.57
1738824300000000,PAXGUSDT,5m,2839.92010357,2841.87328108,2839.92010357,2839.92010357,0.7218
1738824600000000,PAXGUSDT,5m,2839.92010357,2843.82645859,2832.10739351,2843.82645859,20.4011
1738824900000000,PAXGUSDT,5m,2843.82645859,2845.78501676,2840.88862134,2844.80573767,14.5622
1738825200000000,PAXGUSDT,5m,2844.80573767,2845.78535398,2841.86688877,2845.78535398,3.3916
1738825500000000,PAXGUSDT,5m,2845.78535398,2846.76530761,2838.92567854,2838.92567854,34.4578
1738825800000000,PAXGUSDT,5m,2838.92567854,2842.84414048,2835.98683208,2835.98683208,65.1741
1738826100000000,PAXGUSDT,5m,2835.98683208,2836.96644756,2829.12952368,2830.10913916,52.5069
1738826400000000,PAXGUSDT,5m,2830.10913916,2833.04696872,2828.15058612,2828.15058612,8.3408
1738826700000000,PAXGUSDT,5m,2828.15058612,2832.06092223,2825.21783405,2825.21783405,7.2577
1738827000000000,PAXGUSDT,5m,2825.21783405,2829.11872163,2821.31694646,2821.31694646,4.9228
1738827300000000,PAXGUSDT,5m,2821.31694646,2824.23353876,2820.34474903,2820.34474903,5.5428
1738827600000000,PAXGUSDT,5m,2820.34474903,2821.31661145,2818.40102419,2821.31661145,4.7697
1738827900000000,PAXGUSDT,5m,2821.31661145,2823.2603363,2819.37288661,2823.2603363,3.3668
1738828200000000,PAXGUSDT,5m,2823.2603363,2825.20674122,2821.31393138,2821.31393138,1.2478
1738828500000000,PAXGUSDT,5m,2821.31393138,2825.20405744,2816.45127379,2825.20405744,11.2691
1738828800000000,PAXGUSDT,5m,2825.20405744,2825.20405744,2822.27840602,2822.27840602,1.0631
1738829100000000,PAXGUSDT,5m,2822.27840602,2830.08014315,2820.32797174,2829.10492601,5.864
1738829400000000,PAXGUSDT,5m,2829.10492601,2831.05536029,2827.15449173,2831.05536029,1.0646
1738829700000000,PAXGUSDT,5m,2831.05536029,2833.98504849,2828.12567209,2833.98504849,6.1053
1738830000000000,PAXGUSDT,5m,2833.98504849,2834.96397251,2830.06935239,2833.00612446,14.2872
1738830300000000,PAXGUSDT,5m,2833.00612446,2835.94188211,2833.00612446,2833.98471034,1.26
1738830600000000,PAXGUSDT,5m,2833.98471034,2835.94188211,2829.09178094,2835.94188211,1.7055
1738830900000000,PAXGUSDT,5m,2835.94188211,2836.92182056,2833.00206675,2833.9820052,1.6658
1738831200000000,PAXGUSDT,5m,2833.9820052,2840.84157437,2832.02212829,2840.84157437,26.0915
1738831500000000,PAXGUSDT,5m,2840.84157437,2852.60489352,2835.94019139,2835.94019139,80.678
1738831800000000,PAXGUSDT,5m,2835.94019139,2837.8946643,2835.94019139,2835.94019139,2.9379
1738832100000000,PAXGUSDT,5m,2835.94019139,2836.91709121,2833.98639174,2836.91709121,26.1618
1738832400000000,PAXGUSDT,5m,2836.91709121,2839.84880023,2835.93985488,2839.84880023,7.4905
1738832700000000,PAXGUSDT,5m,2839.84880023,2843.75774559,2837.89432755,2837.89432755,7.7788
1738833000000000,PAXGUSDT,5m,2837.89432755,2840.82200396,2833.99075901,2840.82200396,12.5184
1738833300000000,PAXGUSDT,5m,2840.82200396,2844.73363494,2840.82200396,2844.73363494,2.9004
1738833600000000,PAXGUSDT,5m,2844.73363494,2847.66735818,2842.77781945,2843.7557272,15.4461
1738833900000000,PAXGUSDT,5m,2843.7557272,2846.68743413,2841.80125591,2841.80125591,4.6822
1738834200000000,PAXGUSDT,5m,2841.80125591,2846.68072235,2841.80125591,2846.68072235,12.6705
1738834500000000,PAXGUSDT,5m,2846.68072235,2846.68072235,2844.72826644,2845.70449439,22.8447
1738834800000000,PAXGUSDT,5m,2845.70449439,2851.56186213,2843.75203848,2843.75203848,14.0114
1738835100000000,PAXGUSDT,5m,2843.75203848,2845.70181704,2838.87759206,2839.85248135,14.7603
1738835400000000,PAXGUSDT,5m,2839.85248135,2840.82703608,2838.87792662,2838.87792662,3.8613
1738835700000000,PAXGUSDT,5m,2838.87792662,2840.82703608,2836.92881716,2836.92881716,4.7701
1738836000000000,PAXGUSDT,5m,2836.92881716,2838.87525202,2834.98238229,2838.87525202,12.9268
1738836300000000,PAXGUSDT,5m,2838.87525202,2845.69478763,2831.08149704,2845.69478763,12.4085
1738836600000000,PAXGUSDT,5m,2845.69478763,2847.65395788,2844.71520251,2844.71520251,3.1369
1738836900000000,PAXGUSDT,5m,2844.71520251,2846.67235091,2843.73662831,2846.67235091,2.4784
1738837200000000,PAXGUSDT,5m,2846.67235091,2849.61009327,2844.713856,2844.713856,4.6957
1738837500000000,PAXGUSDT,5m,2844.713856,2845.69175695,2842.75805411,2843.73595505,3.108
1738837800000000,PAXGUSDT,5m,2843.73595505,2845.69175695,2842.75805411,2844.713856,18.7931
1738838100000000,PAXGUSDT,5m,2844.713856,2850.58126169,2838.84645032,2850.58126169,25.4465
1738838400000000,PAXGUSDT,5m,2850.58126169,2851.56320494,2847.63543193,2850.58126169,7.6939
1738838700000000,PAXGUSDT,5m,2850.58126169,2852.54650213,2849.59864146,2850.58126169,5.1594
1738839000000000,PAXGUSDT,5m,2850.58126169,2852.54582493,2848.61669845,2848.61669845,1.1434
1738839300000000,PAXGUSDT,5m,2848.61669845,2849.59796496,2847.63543193,2847.63543193,1.7187
1738839600000000,PAXGUSDT,5m,2847.63543193,2849.59593825,2846.65517877,2847.63543193,1.6421
1738839900000000,PAXGUSDT,5m,2847.63543193,2853.51897621,2842.73247836,2842.73247836,4.9029
1738840200000000,PAXGUSDT,5m,2842.73247836,2845.66615481,2837.84301761,2845.66615481,5.0176
1738840500000000,PAXGUSDT,5m,2845.66615481,2847.62733066,2843.70497896,2844.68556689,3.416
1738840800000000,PAXGUSDT,5m,2844.68556689,2847.62328004,2840.76861602,2847.62328004,3.3243
1738841100000000,PAXGUSDT,5m,2847.62328004,2849.58580469,2843.69823072,2843.69823072,8.0039
1738841400000000,PAXGUSDT,5m,2843.69823072,2844.67949305,2840.75444373,2843.69823072,14.2072
1738841700000000,PAXGUSDT,5m,2843.69823072,2854.49211634,2815.24162316,2854.49211634,196.8906
1738842000000000,PAXGUSDT,5m,2854.49211634,2862.39929672,2849.55012861,2849.55012861,27.2158
1738842300000000,PAXGUSDT,5m,2849.55012861,2852.50405065,2848.56548793,2852.50405065,4.0238
1738842600000000,PAXGUSDT,5m,2852.50405065,2854.47333201,2849.55012861,2853.48869133,40.9736
1738842900000000,PAXGUSDT,5m,2853.48869133,2855.45933269,2851.51804997,2855.45933269,7.4198
1738843200000000,PAXGUSDT,5m,2855.45933269,2862.36372486,2854.47299095,2861.37738312,23.7251
1738843500000000,PAXGUSDT,5m,2861.37738312,2868.28177529,2854.47299095,2868.28177529,50.4812
1738843800000000,PAXGUSDT,5m,2868.28177529,2870.26400181,2868.28177529,2868.28177529,3.1151
1738844100000000,PAXGUSDT,5m,2868.28177529,2869.27254619,2865.30946257,2869.27254619,3.4348
1738844400000000,PAXGUSDT,5m,2869.27254619,2875.22127988,2867.28963497,2867.28963497,17.743
1738844700000000,PAXGUSDT,5m,2867.28963497,2872.24006597,2864.31937637,2864.31937637,39.3074
1738845000000000,PAXGUSDT,5m,2864.31937637,2865.30775434,2864.31937637,2865.30775434,0.3658
1738845300000000,PAXGUSDT,5m,2865.30775434,2866.29647338,2865.30775434,2865.30775434,4.4382
1738845600000000,PAXGUSDT,5m,2865.30775434,2867.28519241,2863.33031628,2863.33031628,3.932
1738845900000000,PAXGUSDT,5m,2863.33031628,2863.33031628,2858.39353987,2858.39353987,3.9789
1738846200000000,PAXGUSDT,5m,2858.39353987,2859.38089515,2857.40618459,2858.39353987,6.093
1738846500000000,PAXGUSDT,5m,2858.39353987,2858.39353987,2856.41951118,2857.40652553,3.2337
1738846800000000,PAXGUSDT,5m,2857.40652553,2858.39353987,2855.43249684,2858.39353987,1.1203
1738847100000000,PAXGUSDT,5m,2858.39353987,2859.38157774,2855.42942628,2858.39353987,5.4715
1738847400000000,PAXGUSDT,5m,2858.39353987,2859.38157774,2855.42942628,2855.42942628,6.0312
1738847700000000,PAXGUSDT,5m,2855.42942628,2855.42942628,2850.49094578,2850.49094578,6.8287
1738848000000000,PAXGUSDT,5m,2850.49094578,2852.46496998,2848.51692158,2848.51692158,2.0964
1738848300000000,PAXGUSDT,5m,2848.51692158,2849.50256757,2848.51692158,2848.51692158,1.8265
1738848600000000,PAXGUSDT,5m,2848.51692158,2849.50256757,2845.5599836,2847.53127558,14.3963
1738848900000000,PAXGUSDT,5m,2847.53127558,2850.48923744,2844.57331373,2844.57331373,6.1433
1738849200000000,PAXGUSDT,5m,2844.57331373,2846.54119565,2842.60543181,2842.60543181,39.2711
1738849500000000,PAXGUSDT,5m,2842.60543181,2843.58903231,2841.62183132,2843.58903231,2.2892
1738849800000000,PAXGUSDT,5m,2843.58903231,2844.57263281,2841.62183132,2842.60543181,5.3648
1738850100000000,PAXGUSDT,5m,2842.60543181,2844.57263281,2839.65463033,2844.57263281,77.2921
1738850400000000,PAXGUSDT,5m,2844.57263281,2845.55759563,2843.58766998,2845.55759563,0.5163
1738850700000000,PAXGUSDT,5m,2845.55759563,2847.52820338,2842.601684,2847.52820338,3.5177
1738851000000000,PAXGUSDT,5m,2847.52820338,2848.51521489,2846.54119187,2846.54119187,3.0611
1738851300000000,PAXGUSDT,5m,2846.54119187,2848.5158996,2844.56648414,2848.5158996,4.3481
1738851600000000,PAXGUSDT,5m,2848.5158996,2851.48207374,2845.54972546,2845.54972546,2.6779
1738851900000000,PAXGUSDT,5m,2845.54972546,2845.54972546,2843.57639001,2844.56305773,3.1925
1738852200000000,PAXGUSDT,5m,2844.56305773,2844.56305773,2840.6177553,2843.57673212,4.8095
1738852500000000,PAXGUSDT,5m,2843.57673212,2844.56339997,2842.59006428,2843.57673212,2.9648
1738852800000000,PAXGUSDT,5m,2843.57673212,2848.51007135,2842.59006428,2842.59006428,14.6866
1738853100000000,PAXGUSDT,5m,2842.59006428,2844.56271526,2840.6174133,2844.56271526,8.6612
1738853400000000,PAXGUSDT,5m,2844.56271526,2844.56271526,2838.63654294,2840.61193371,8.3194
1738853700000000,PAXGUSDT,5m,2840.61193371,2842.58732449,2838.63654294,2842.58732449,1.3818
1738854000000000,PAXGUSDT,5m,2842.58732449,2846.54222859,2837.64369436,2846.54222859,41.6596
1738854300000000,PAXGUSDT,5m,2846.54222859,2848.52519078,2845.55074749,2846.54222859,16.0528
1738854600000000,PAXGUSDT,5m,2846.54222859,2848.52450034,2844.55995684,2848.52450034,2.6338
1738854900000000,PAXGUSDT,5m,2848.52450034,2849.51701758,2848.52450034,2849.51701758,1.0633
1738855200000000,PAXGUSDT,5m,2849.51701758,2851.50274373,2848.52415451,2851.50274373,3.7133
1738855500000000,PAXGUSDT,5m,2851.50274373,2853.48985365,2851.50274373,2853.48985365,3.991
1738855800000000,PAXGUSDT,5m,2853.48985365,2857.46407351,2847.52852388,2857.46407351,24.1038
1738856100000000,PAXGUSDT,5m,2857.46407351,2865.43190641,2856.46809439,2859.45603173,18.9015
1738856400000000,PAXGUSDT,5m,2859.45603173,2863.43856102,2857.46476708,2861.44729638,11.5362
1738856700000000,PAXGUSDT,5m,2861.44729638,2863.43925412,2860.45131751,2860.45131751,23.5468
1738857000000000,PAXGUSDT,5m,2860.45131751,2860.45131751,2852.4918008,2857.46649874,36.5132
1738857300000000,PAXGUSDT,5m,2857.46649874,2862.44119668,2854.48167997,2861.44625709,33.6761
1738857600000000,PAXGUSDT,5m,2861.44625709,2869.4057738,2853.48674039,2869.4057738,11.3738
1738857900000000,PAXGUSDT,5m,2869.4057738,2873.40633954,2867.40549094,2871.40605667,13.7223
1738858200000000,PAXGUSDT,5m,2871.40605667,2877.41527758,2871.40605667,2875.41220394,17.7555
1738858500000000,PAXGUSDT,5m,2875.41220394,2876.41339204,2871.40745157,2876.41339204,9.8279
1738858800000000,PAXGUSDT,5m,2876.41339204,2879.42009593,2873.40668814,2873.40668814,4.2022
1738859100000000,PAXGUSDT,5m,2873.40668814,2880.4101167,2867.40374938,2867.40374938,49.3674
1738859400000000,PAXGUSDT,5m,2867.40374938,2869.39638576,2862.42215843,2862.42215843,27.2785
1738859700000000,PAXGUSDT,5m,2862.42215843,2865.40903373,2862.42215843,2864.41340863,49.7101
1738860000000000,PAXGUSDT,5m,2864.41340863,2870.38715922,2858.43965804,2858.43965804,23.2433
1738860300000000,PAXGUSDT,5m,2858.43965804,2861.41616584,2858.43965804,2858.43965804,53.7277
1738860600000000,PAXGUSDT,5m,2858.43965804,2859.43217181,2850.49954788,2851.49206165,31.3597
1738860900000000,PAXGUSDT,5m,2851.49206165,2855.46349906,2848.51348359,2851.49206165,28.5165
1738861200000000,PAXGUSDT,5m,2851.49206165,2852.484921,2848.51348359,2850.49920229,15.3993
1738861500000000,PAXGUSDT,5m,2850.49920229,2857.44196305,2843.55644154,2843.55644154,27.9025
1738861800000000,PAXGUSDT,5m,2843.55644154,2850.46546448,2834.67341204,2850.46546448,61.7689
1738862100000000,PAXGUSDT,5m,2850.46546448,2854.42995052,2845.50985692,2854.42995052,3.113
1738862400000000,PAXGUSDT,5m,2854.42995052,2857.41263594,2854.42995052,2856.41840747,1.8375
1738862700000000,PAXGUSDT,5m,2856.41840747,2857.41263594,2854.42995052,2856.41840747,26.3441
1738863000000000,PAXGUSDT,5m,2856.41840747,2857.41263594,2854.42995052,2854.42995052,1.0986
1738863300000000,PAXGUSDT,5m,2854.42995052,2855.42348687,2852.44287781,2852.44287781,2.1236
1738863600000000,PAXGUSDT,5m,2852.44287781,2854.42995052,2852.44287781,2852.44287781,3.5738
1738863900000000,PAXGUSDT,5m,2852.44287781,2854.42995052,2851.44934145,2853.43641416,2.4301
1738864200000000,PAXGUSDT,5m,2853.43641416,2854.42995052,2851.44934145,2854.42995052,5.8626
1738864500000000,PAXGUSDT,5m,2854.42995052,2855.42452541,2854.42995052,2854.42995052,1.5832
1738864800000000,PAXGUSDT,5m,2854.42995052,2856.41910031,2854.42995052,2854.42995052,7.8402
1738865100000000,PAXGUSDT,5m,2854.42995052,2856.41910031,2853.43537562,2853.43537562,1.8308
1738865400000000,PAXGUSDT,5m,2853.43537562,2854.42925768,2852.44149357,2852.44149357,12.8263
1738865700000000,PAXGUSDT,5m,2852.44149357,2854.42925768,2851.44761152,2851.44761152,2.0247
1738866000000000,PAXGUSDT,5m,2851.44761152,2852.44080121,2851.44761152,2851.44761152,5.6841
1738866300000000,PAXGUSDT,5m,2851.44761152,2854.4271806,2851.44761152,2853.4339909,12.2059
1738866600000000,PAXGUSDT,5m,2853.4339909,2856.41355999,2853.4339909,2855.42037029,12.4981
1738866900000000,PAXGUSDT,5m,2855.42037029,2857.40605901,2854.42752594,2856.41321465,13.3712
1738867200000000,PAXGUSDT,5m,2856.41321465,2859.39174772,2856.41321465,2858.39890336,45.202
1738867500000000,PAXGUSDT,5m,2858.39890336,2858.39890336,2853.43640527,2853.43640527,2.6447
1738867800000000,PAXGUSDT,5m,2853.43640527,2856.41390412,2852.44390565,2852.44390565,11.9516
1738868100000000,PAXGUSDT,5m,2852.44390565,2853.43537033,2850.46097627,2852.44390565,4.6719
1738868400000000,PAXGUSDT,5m,2852.44390565,2859.38657162,2850.4602868,2851.45209622,16.6626
1738868700000000,PAXGUSDT,5m,2851.45209622,2858.3923482,2850.46063165,2853.43502536,23.9203
1738869000000000,PAXGUSDT,5m,2853.43502536,2856.40941906,2850.46063165,2850.46063165,3.1031
1738869300000000,PAXGUSDT,5m,2850.46063165,2853.42883085,2848.48183219,2848.48183219,13.4886
1738869600000000,PAXGUSDT,5m,2848.48183219,2851.44591318,2847.49380519,2849.46985919,2.4544
1738869900000000,PAXGUSDT,5m,2849.46985919,2851.44591318,2847.49380519,2847.49380519,18.7494
1738870200000000,PAXGUSDT,5m,2847.49380519,2850.45480395,2846.50680561,2850.45480395,20.3748
1738870500000000,PAXGUSDT,5m,2850.45480395,2856.37885273,2846.5054381,2846.5054381,6.7196
1738870800000000,PAXGUSDT,5m,2846.5054381,2850.44387523,2846.5054381,2850.44387523,9.9563
1738871100000000,PAXGUSDT,5m,2850.44387523,2855.36692165,2848.47465666,2850.44387523,29.4199
1738871400000000,PAXGUSDT,5m,2850.44387523,2855.36692165,2846.5054381,2846.5054381,30.0522
1738871700000000,PAXGUSDT,5m,2846.5054381,2847.48733028,2840.614085,2840.614085,23.6597
1738872000000000,PAXGUSDT,5m,2840.614085,2844.54165373,2833.74083972,2844.54165373,9.3184
1738872300000000,PAXGUSDT,5m,2844.54165373,2846.51087606,2843.55704257,2843.55704257,2.3042
1738872600000000,PAXGUSDT,5m,2843.55704257,2845.5262649,2843.55704257,2844.54165373,6.2748
1738872900000000,PAXGUSDT,5m,2844.54165373,2845.5262649,2841.58782024,2842.5724314,11.6072
1738873200000000,PAXGUSDT,5m,2842.5724314,2846.51224073,2842.5724314,2845.5272884,5.3708
1738873500000000,PAXGUSDT,5m,2845.5272884,2845.5272884,2844.54267688,2845.5272884,2.0908
1738873800000000,PAXGUSDT,5m,2845.5272884,2846.51224073,2843.55738373,2844.54233607,5.527
1738874100000000,PAXGUSDT,5m,2844.54233607,2845.5272884,2843.55738373,2845.5272884,12.9596
1738874400000000,PAXGUSDT,5m,2845.5272884,2846.51224073,2843.55738373,2846.51224073,5.5739
1738874700000000,PAXGUSDT,5m,2846.51224073,2849.46709773,2845.5272884,2849.46709773,15.519
1738875000000000,PAXGUSDT,5m,2849.46709773,2850.45239064,2847.49651191,2849.46709773,1.4197
1738875300000000,PAXGUSDT,5m,2849.46709773,2850.45239064,2848.48180482,2849.46709773,1.1333
1738875600000000,PAXGUSDT,5m,2849.46709773,2852.42297646,2849.46709773,2850.45239064,19.9443
1738875900000000,PAXGUSDT,5m,2850.45239064,2852.42297646,2850.45239064,2852.42297646,7.2939
1738876200000000,PAXGUSDT,5m,2852.42297646,2863.26119848,2840.59946153,2863.26119848,57.5788
1738876500000000,PAXGUSDT,5m,2863.26119848,2864.25400749,2863.26119848,2864.25400749,2.6247
1738876800000000,PAXGUSDT,5m,2864.25400749,2865.24681651,2862.26838946,2865.24681651,1.6505
1738877100000000,PAXGUSDT,5m,2865.24681651,2866.24031402,2864.253319,2865.24681651,5.8905
1738877400000000,PAXGUSDT,5m,2865.24681651,2867.23381153,2862.26632398,2867.23381153,7.6513
1738877700000000,PAXGUSDT,5m,2867.23381153,2871.21469846,2866.23858979,2869.22425499,4.1555
1738878000000000,PAXGUSDT,5m,2869.22425499,2871.21469846,2866.23858979,2867.23381153,3.8634
1738878300000000,PAXGUSDT,5m,2867.23381153,2870.21947672,2866.23858979,2866.23858979,2.4224
1738878600000000,PAXGUSDT,5m,2866.23858979,2866.23858979,2864.250907,2864.250907,0.9778
1738878900000000,PAXGUSDT,5m,2864.250907,2866.23858979,2863.2570656,2863.2570656,1.2837
1738879200000000,PAXGUSDT,5m,2863.2570656,2864.25021755,2863.2570656,2863.2570656,1.2697
1738879500000000,PAXGUSDT,5m,2863.2570656,2864.25021755,2862.26391365,2862.26391365,1.0474
1738879800000000,PAXGUSDT,5m,2862.26391365,2863.25672112,2861.27110619,2862.26391365,2.0659
1738880100000000,PAXGUSDT,5m,2862.26391365,2863.2570656,2856.30500197,2856.30500197,14.2956
1738880400000000,PAXGUSDT,5m,2856.30500197,2857.29746375,2853.32761663,2856.30500197,4.5494
1738880700000000,PAXGUSDT,5m,2856.30500197,2859.2834222,2855.31219522,2855.31219522,3.4939
1738881000000000,PAXGUSDT,5m,2855.31219522,2857.29642885,2853.32796159,2853.32796159,3.4102
1738881300000000,PAXGUSDT,5m,2853.32796159,2858.28854567,2852.33584478,2857.29642885,3.7559
1738881600000000,PAXGUSDT,5m,2857.29642885,2861.26627454,2856.30396743,2858.28889028,7.8774
1738881900000000,PAXGUSDT,5m,2858.28889028,2860.27381312,2856.30396743,2856.30396743,0.5807
1738882200000000,PAXGUSDT,5m,2856.30396743,2857.29573965,2854.32042301,2857.29573965,0.8306
1738882500000000,PAXGUSDT,5m,2857.29573965,2859.2799728,2855.31150649,2859.2799728,2.1565
1738882800000000,PAXGUSDT,5m,2859.2799728,2861.26558389,2856.30155616,2861.26558389,2.8473
1738883100000000,PAXGUSDT,5m,2861.26558389,2864.24814009,2859.27721309,2859.27721309,2.0334
1738883400000000,PAXGUSDT,5m,2859.27721309,2860.27001768,2857.29160391,2859.27721309,1.8069
1738883700000000,PAXGUSDT,5m,2859.27721309,2860.27001768,2857.29160391,2858.2844085,7.442
1738884000000000,PAXGUSDT,5m,2858.2844085,2859.27686836,2854.31456904,2859.27686836,6.2444
1738884300000000,PAXGUSDT,5m,2859.27686836,2861.26316699,2858.28371905,2859.27686836,2.9133
1738884600000000,PAXGUSDT,5m,2859.27686836,2860.27001768,2859.27686836,2859.27686836,0.2692
1738884900000000,PAXGUSDT,5m,2859.27686836,2860.27001768,2859.27686836,2860.27001768,0.9903
1738885200000000,PAXGUSDT,5m,2860.27001768,2861.26282226,2858.2844085,2860.27001768,23.0703
1738885500000000,PAXGUSDT,5m,2860.27001768,2861.26282226,2857.29160391,2857.29160391,1.2392
1738885800000000,PAXGUSDT,5m,2857.29160391,2857.29160391,2855.30668442,2857.29160391,0.7365
1738886100000000,PAXGUSDT,5m,2857.29160391,2859.2765234,2856.29914417,2856.29914417,2.0646
1738886400000000,PAXGUSDT,5m,2856.29914417,2859.27548923,2854.31491413,2854.31491413,4.2792
1738886700000000,PAXGUSDT,5m,2854.31491413,2857.28609551,2850.35333895,2857.28609551,3.464
1738887000000000,PAXGUSDT,5m,2857.28609551,2859.27101117,2857.28609551,2858.27855334,0.5182
1738887300000000,PAXGUSDT,5m,2858.27855334,2860.263469,2857.28609551,2857.28609551,13.5771
1738887600000000,PAXGUSDT,5m,2857.28609551,2858.27752025,2856.29467077,2857.28609551,8.2631
1738887900000000,PAXGUSDT,5m,2857.28609551,2857.28609551,2856.29501466,2857.28609551,1.3845
1738888200000000,PAXGUSDT,5m,2857.28609551,2858.27752025,2857.28609551,2857.28609551,0.8587
1738888500000000,PAXGUSDT,5m,2857.28609551,2858.27752025,2856.29467077,2856.29467077,1.7418
1738888800000000,PAXGUSDT,5m,2856.29467077,2858.27752025,2856.29467077,2856.29467077,0.6153
1738889100000000,PAXGUSDT,5m,2856.29467077,2856.29467077,2852.33034784,2852.33034784,2.2136
1738889400000000,PAXGUSDT,5m,2852.33034784,2857.2857515,2848.36602491,2848.36602491,4.4951
1738889700000000,PAXGUSDT,5m,2848.36602491,2849.35435455,2847.37769527,2847.37769527,1.6086
1738890000000000,PAXGUSDT,5m,2847.37769527,2847.37769527,2845.40240724,2846.39005126,1.4945
1738890300000000,PAXGUSDT,5m,2846.39005126,2847.3773527,2845.40274982,2847.3773527,0.5652
1738890600000000,PAXGUSDT,5m,2847.3773527,2848.36533929,2846.38936611,2846.38936611,3.8062
1738890900000000,PAXGUSDT,5m,2846.38936611,2846.38936611,2845.40137952,2846.38936611,0.6779
1738891200000000,PAXGUSDT,5m,2846.38936611,2847.3773527,2844.41339293,2846.38936611,0.8359
1738891500000000,PAXGUSDT,5m,2846.38936611,2848.36602539,2846.38936611,2846.38936611,1.0665
1738891800000000,PAXGUSDT,5m,2846.38936611,2848.36671197,2846.38936611,2846.38936611,1.2039
1738892100000000,PAXGUSDT,5m,2846.38936611,2849.3553849,2846.38936611,2848.36671197,1.1354
1738892400000000,PAXGUSDT,5m,2848.36671197,2850.34405783,2848.36671197,2850.34405783,2.665
1738892700000000,PAXGUSDT,5m,2850.34405783,2852.32277637,2850.34405783,2850.34405783,12.4572
1738893000000000,PAXGUSDT,5m,2850.34405783,2852.32208979,2849.35504185,2852.32208979,20.0617
1738893300000000,PAXGUSDT,5m,2852.32208979,2853.31144882,2850.34337172,2850.34337172,10.3738
1738893600000000,PAXGUSDT,5m,2850.34337172,2852.32140321,2848.36534024,2852.32140321,2.9918
1738893900000000,PAXGUSDT,5m,2852.32140321,2854.30218196,2851.33101383,2851.33101383,2.1556
1738894200000000,PAXGUSDT,5m,2851.33101383,2852.32071568,2851.33101383,2851.33101383,0.6061
1738894500000000,PAXGUSDT,5m,2851.33101383,2853.31041752,2849.35161015,2849.35161015,2.4483
1738894800000000,PAXGUSDT,5m,2849.35161015,2850.33993883,2848.36328146,2850.33993883,4.7122
1738895100000000,PAXGUSDT,5m,2850.33993883,2850.33993883,2849.35161015,2850.33993883,4.4799
1738895400000000,PAXGUSDT,5m,2850.33993883,2850.33993883,2849.35161015,2850.33993883,3.0986
1738895700000000,PAXGUSDT,5m,2850.33993883,2850.33993883,2849.35161015,2849.35161015,1.1235
1738896000000000,PAXGUSDT,5m,2849.35161015,2850.33993883,2849.35161015,2849.35161015,0.3886
1738896300000000,PAXGUSDT,5m,2849.35161015,2850.33993883,2849.35161015,2849.35161015,0.8516
1738896600000000,PAXGUSDT,5m,2849.35161015,2850.33993883,2849.35161015,2849.35161015,2.8468
1738896900000000,PAXGUSDT,5m,2849.35161015,2850.33993883,2849.35161015,2849.35161015,1.1686
1738897200000000,PAXGUSDT,5m,2849.35161015,2851.32826752,2848.36328146,2848.36328146,5.5817
1738897500000000,PAXGUSDT,5m,2848.36328146,2849.35092476,2848.36328146,2848.36328146,2.6491
1738897800000000,PAXGUSDT,5m,2848.36328146,2849.35092476,2848.36328146,2848.36328146,1.1381
1738898100000000,PAXGUSDT,5m,2848.36328146,2848.36328146,2847.37598049,2848.36328146,4.5875
1738898400000000,PAXGUSDT,5m,2848.36328146,2849.35092476,2845.40035155,2846.38799485,8.0774
1738898700000000,PAXGUSDT,5m,2846.38799485,2847.37563816,2846.38799485,2846.38799485,1.0316
1738899000000000,PAXGUSDT,5m,2846.38799485,2848.36328146,2846.38799485,2847.37563816,2.1191
1738899300000000,PAXGUSDT,5m,2847.37563816,2848.36328146,2846.38799485,2848.36328146,1.227
1738899600000000,PAXGUSDT,5m,2848.36328146,2850.33993883,2847.37495277,2847.37495277,1.2194
1738899900000000,PAXGUSDT,5m,2847.37495277,2849.3502389,2847.37495277,2847.37495277,14.994
1738900200000000,PAXGUSDT,5m,2847.37495277,2848.36259583,2845.39966664,2845.39966664,5.2853
1738900500000000,PAXGUSDT,5m,2845.39966664,2847.37495277,2843.42438051,2843.42438051,0.3262
1738900800000000,PAXGUSDT,5m,2843.42438051,2843.42438051,2842.43810775,2842.43810775,0.4255
1738901100000000,PAXGUSDT,5m,2842.43810775,2843.42403841,2841.45217708,2841.45217708,2.8427
1738901400000000,PAXGUSDT,5m,2841.45217708,2842.43810775,2841.45217708,2841.45217708,4.4943
1738901700000000,PAXGUSDT,5m,2841.45217708,2843.42403841,2841.45217708,2842.43810775,1.3779
1738902000000000,PAXGUSDT,5m,2842.43810775,2844.40996908,2842.43810775,2842.43810775,5.0916
1738902300000000,PAXGUSDT,5m,2842.43810775,2844.40996908,2842.43810775,2843.42403841,1.6149
1738902600000000,PAXGUSDT,5m,2843.42403841,2843.42403841,2842.43810775,2842.43810775,1.118
1738902900000000,PAXGUSDT,5m,2842.43810775,2843.42403841,2841.45217708,2841.45217708,0.3996
1738903200000000,PAXGUSDT,5m,2841.45217708,2842.43776577,2841.45217708,2841.45217708,0.5717
1738903500000000,PAXGUSDT,5m,2841.45217708,2842.43776577,2841.45217708,2841.45217708,0.9931
1738903800000000,PAXGUSDT,5m,2841.45217708,2842.43776577,2840.4665884,2842.43776577,4.4681
1738904100000000,PAXGUSDT,5m,2842.43776577,2843.42403841,2842.43776577,2842.43776577,0.348
1738904400000000,PAXGUSDT,5m,2842.43776577,2843.42369631,2841.45183522,2842.43776577,1.2371
1738904700000000,PAXGUSDT,5m,2842.43776577,2842.43776577,2840.46590467,2840.46590467,1.7477
1738905000000000,PAXGUSDT,5m,2840.46590467,2842.43776577,2840.46590467,2841.45183522,1.1756
1738905300000000,PAXGUSDT,5m,2841.45183522,2842.43776577,2841.45183522,2841.45183522,0.3878
1738905600000000,PAXGUSDT,5m,2841.45183522,2842.43776577,2840.46590467,2840.46590467,1.0462
1738905900000000,PAXGUSDT,5m,2840.46590467,2840.46590467,2839.48031623,2839.48031623,0.3565
1738906200000000,PAXGUSDT,5m,2839.48031623,2840.46556269,2838.49506976,2840.46556269,0.548
1738906500000000,PAXGUSDT,5m,2840.46556269,2841.45149312,2840.46556269,2840.46556269,0.4173
1738906800000000,PAXGUSDT,5m,2840.46556269,2842.43742355,2840.46556269,2840.46556269,0.9597
1738907100000000,PAXGUSDT,5m,2840.46556269,2843.42335398,2840.46556269,2841.45149312,11.9503
1738907400000000,PAXGUSDT,5m,2841.45149312,2842.43673983,2839.48099971,2839.48099971,3.0723
1738907700000000,PAXGUSDT,5m,2839.48099971,2839.48099971,2837.51187281,2839.48099971,0.6517
1738908000000000,PAXGUSDT,5m,2839.48099971,2840.46556317,2837.51187281,2840.46556317,1.1039
1738908300000000,PAXGUSDT,5m,2840.46556317,2841.45080963,2839.4803167,2841.45080963,0.5243
1738908600000000,PAXGUSDT,5m,2841.45080963,2842.43639784,2840.46522142,2841.45080963,0.9654
1738908900000000,PAXGUSDT,5m,2841.45080963,2841.45080963,2840.46556317,2841.45080963,0.6404
1738909200000000,PAXGUSDT,5m,2841.45080963,2841.45080963,2839.4803167,2840.46556317,3.5228
1738909500000000,PAXGUSDT,5m,2840.46556317,2843.42232815,2840.46556317,2842.43673983,14.9886
1738909800000000,PAXGUSDT,5m,2842.43673983,2842.43673983,2840.46624642,2842.43673983,3.9581
1738910100000000,PAXGUSDT,5m,2842.43673983,2843.42232815,2840.46556317,2842.43673983,2.1216
1738910400000000,PAXGUSDT,5m,2842.43673983,2845.3945304,2839.47894925,2839.47894925,7.4843
1738910700000000,PAXGUSDT,5m,2839.47894925,2841.44807474,2838.49438651,2838.49438651,1.6737
1738911000000000,PAXGUSDT,5m,2838.49438651,2840.46214692,2837.51050631,2837.51050631,0.6621
1738911300000000,PAXGUSDT,5m,2837.51050631,2837.51050631,2835.54479068,2836.52764849,0.9882
1738911600000000,PAXGUSDT,5m,2836.52764849,2837.51050631,2835.54479068,2835.54479068,0.9492
1738911900000000,PAXGUSDT,5m,2835.54479068,2836.52730793,2834.56227343,2834.56227343,0.7804
1738912200000000,PAXGUSDT,5m,2834.56227343,2837.50982519,2833.57975618,2833.57975618,1.7428
1738912500000000,PAXGUSDT,5m,2833.57975618,2837.50710165,2833.57975618,2837.50710165,4.9948
1738912800000000,PAXGUSDT,5m,2837.50710165,2839.47009514,2835.54410815,2836.5256049,9.7226
1738913100000000,PAXGUSDT,5m,2836.5256049,2836.5256049,2831.62151498,2831.62151498,8.3588
1738913400000000,PAXGUSDT,5m,2831.62151498,2833.58315095,2829.65987902,2829.65987902,4.8808
1738913700000000,PAXGUSDT,5m,2829.65987902,2833.58043306,2829.65987902,2830.64001753,3.2647
1738914000000000,PAXGUSDT,5m,2830.64001753,2831.62015604,2829.65987902,2829.65987902,1.7279
1738914300000000,PAXGUSDT,5m,2829.65987902,2832.5992764,2828.68007989,2828.68007989,5.7275
1738914600000000,PAXGUSDT,5m,2828.68007989,2830.63967815,2828.68007989,2828.68007989,2.9597
1738914900000000,PAXGUSDT,5m,2828.68007989,2829.65987902,2827.70028077,2827.70028077,7.64
1738915200000000,PAXGUSDT,5m,2827.70028077,2831.6154075,2826.72149908,2827.70028077,8.1867
1738915500000000,PAXGUSDT,5m,2827.70028077,2830.63662581,2824.76393572,2824.76393572,1.511
1738915800000000,PAXGUSDT,5m,2824.76393572,2825.74102459,2823.78684684,2824.76393572,1.8431
1738916100000000,PAXGUSDT,5m,2824.76393572,2825.74102459,2824.76393572,2824.76393572,0.8412
1738916400000000,PAXGUSDT,5m,2824.76393572,2825.74068673,2823.7871847,2823.7871847,0.5295
1738916700000000,PAXGUSDT,5m,2823.7871847,2848.20596008,2822.81043369,2825.74068673,133.0518
1738917000000000,PAXGUSDT,5m,2825.74068673,2827.6955402,2823.78583327,2823.78583327,2.441
1738917300000000,PAXGUSDT,5m,2823.78583327,2825.73798386,2821.83368267,2821.83368267,3.3185
1738917600000000,PAXGUSDT,5m,2821.83368267,2822.80908319,2817.93208062,2822.80908319,17.9293
1738917900000000,PAXGUSDT,5m,2822.80908319,2830.62308757,2815.97182935,2815.97182935,12.6874
1738918200000000,PAXGUSDT,5m,2815.97182935,2821.8080404,2810.13561831,2821.8080404,3.6535
1738918500000000,PAXGUSDT,5m,2821.8080404,2827.66849323,2815.94758756,2815.94758756,10.0156
1738918800000000,PAXGUSDT,5m,2815.94758756,2847.08453393,2815.94758756,2823.73182415,101.9455
1738919100000000,PAXGUSDT,5m,2823.73182415,2836.38556897,2815.94490427,2815.94490427,16.8002
1738919400000000,PAXGUSDT,5m,2815.94490427,2815.94490427,2810.1368364,2812.07285902,10.6959
1738919700000000,PAXGUSDT,5m,2812.07285902,2820.78796086,2812.07285902,2813.04120367,19.652
1738920000000000,PAXGUSDT,5m,2813.04120367,2815.94523795,2809.16915797,2815.94523795,9.4028
1738920300000000,PAXGUSDT,5m,2815.94523795,2819.8252865,2813.03520153,2813.03520153,25.1765
1738920600000000,PAXGUSDT,5m,2813.03520153,2814.00321089,2812.06719217,2813.03520153,4.7185
1738920900000000,PAXGUSDT,5m,2813.03520153,2813.03520153,2811.09918281,2813.03520153,4.4388
1738921200000000,PAXGUSDT,5m,2813.03520153,2818.84325769,2807.22714537,2818.84325769,6.0547
1738921500000000,PAXGUSDT,5m,2818.84325769,2820.7866174,2817.87157784,2817.87157784,16.8379
1738921800000000,PAXGUSDT,5m,2817.87157784,2818.84292275,2816.90023293,2816.90023293,5.3508
1738922100000000,PAXGUSDT,5m,2816.90023293,2818.84158389,2814.95888198,2818.84158389,1.2548
1738922400000000,PAXGUSDT,5m,2818.84158389,2820.78561256,2818.84158389,2818.84158389,2.3915
1738922700000000,PAXGUSDT,5m,2818.84158389,2819.81359823,2815.92554087,2816.89755521,16.2215
1738923000000000,PAXGUSDT,5m,2816.89755521,2821.75595044,2810.09580188,2821.75595044,12.2112
1738923300000000,PAXGUSDT,5m,2821.75595044,2824.67904017,2818.83286071,2824.67904017,2.3162
1738923600000000,PAXGUSDT,5m,2824.67904017,2825.65474968,2822.72762114,2823.70333065,0.6441
1738923900000000,PAXGUSDT,5m,2823.70333065,2824.67836633,2821.75325929,2822.72829497,3.1722
1738924200000000,PAXGUSDT,5m,2822.72829497,2824.67836633,2821.75325929,2822.72829497,1.5381
1738924500000000,PAXGUSDT,5m,2822.72829497,2825.65340201,2819.80318793,2819.80318793,2.5401
1738924800000000,PAXGUSDT,5m,2819.80318793,2821.75056582,2817.85581004,2821.75056582,1.5027
1738925100000000,PAXGUSDT,5m,2821.75056582,2822.72526377,2820.77586787,2820.77586787,0.5134
1738925400000000,PAXGUSDT,5m,2820.77586787,2822.72526377,2820.77586787,2820.77586787,0.449
1738925700000000,PAXGUSDT,5m,2820.77586787,2822.72526377,2820.77586787,2822.72526377,0.7896
1738926000000000,PAXGUSDT,5m,2822.72526377,2823.69996172,2819.80116992,2820.77586787,5.3054
1738926300000000,PAXGUSDT,5m,2820.77586787,2821.75056582,2819.80116992,2820.77586787,2.0123
1738926600000000,PAXGUSDT,5m,2820.77586787,2822.72526377,2818.82647197,2822.72526377,12.5657
1738926900000000,PAXGUSDT,5m,2822.72526377,2824.67668117,2822.72526377,2822.72526377,1.0848
1738927200000000,PAXGUSDT,5m,2822.72526377,2824.67668117,2821.74955508,2824.67668117,2.6355
1738927500000000,PAXGUSDT,5m,2824.67668117,2826.62877286,2823.70063532,2824.67668117,2.7627
1738927800000000,PAXGUSDT,5m,2824.67668117,2826.62877286,2824.67668117,2824.67668117,0.7395
1738928100000000,PAXGUSDT,5m,2824.67668117,2830.53295625,2821.74854363,2821.74854363,4.7048
1738928400000000,PAXGUSDT,5m,2821.74854363,2822.72256798,2820.77451928,2820.77451928,0.4245
1738928700000000,PAXGUSDT,5m,2820.77451928,2822.72189554,2818.82714301,2820.77451928,5.0517
1738929000000000,PAXGUSDT,5m,2820.77451928,2822.72189554,2818.82714301,2818.82714301,1.8883
1738929300000000,PAXGUSDT,5m,2818.82714301,2824.66523858,2814.9350793,2814.9350793,10.6718
1738929600000000,PAXGUSDT,5m,2814.9350793,2814.9350793,2812.99441396,2814.9350793,4.4033
1738929900000000,PAXGUSDT,5m,2814.9350793,2821.727408,2808.1427506,2821.727408,13.4469
1738930200000000,PAXGUSDT,5m,2821.727408,2822.70176139,2815.88128768,2816.85564107,33.4956
1738930500000000,PAXGUSDT,5m,2816.85564107,2818.80434784,2813.93258091,2818.80434784,4.0313
1738930800000000,PAXGUSDT,5m,2818.80434784,2821.73145516,2818.80434784,2818.80434784,4.3645
1738931100000000,PAXGUSDT,5m,2818.80434784,2819.78005028,2812.9501332,2818.80434784,13.2031
1738931400000000,PAXGUSDT,5m,2818.80434784,2819.78038813,2817.82830755,2819.78038813,1.2094
1738931700000000,PAXGUSDT,5m,2819.78038813,2822.71053747,2816.85023878,2816.85023878,3.4859
1738932000000000,PAXGUSDT,5m,2816.85023878,2817.82526482,2815.87521274,2816.85023878,1.2239
1738932300000000,PAXGUSDT,5m,2816.85023878,2820.74899344,2814.90086145,2814.90086145,29.7895
1738932600000000,PAXGUSDT,5m,2814.90086145,2814.90086145,2811.98184915,2811.98184915,2.0367
1738932900000000,PAXGUSDT,5m,2811.98184915,2812.95485325,2809.06283685,2810.03584095,24.3409
1738933200000000,PAXGUSDT,5m,2810.03584095,2811.00884505,2809.06283685,2811.00884505,1.288
1738933500000000,PAXGUSDT,5m,2811.00884505,2811.98252321,2810.03516689,2811.98252321,26.3178
1738933800000000,PAXGUSDT,5m,2811.98252321,2811.98252321,2811.00884505,2811.00884505,0.4803
1738934100000000,PAXGUSDT,5m,2811.00884505,2811.98218607,2810.03550404,2811.98218607,0.4618
1738934400000000,PAXGUSDT,5m,2811.98218607,2813.93021668,2811.98218607,2813.93021668,23.7493
1738934700000000,PAXGUSDT,5m,2813.93021668,2816.85226259,2810.03415546,2816.85226259,70.001
1738935000000000,PAXGUSDT,5m,2816.85226259,2818.803667,2813.92515598,2815.87656039,63.7642
1738935300000000,PAXGUSDT,5m,2815.87656039,2817.82728887,2812.95046767,2813.92583191,26.1727
1738935600000000,PAXGUSDT,5m,2813.92583191,2814.8998457,2811.97780433,2811.97780433,7.9339
1738935900000000,PAXGUSDT,5m,2811.97780433,2815.87520947,2811.00345305,2815.87520947,7.0605
1738936200000000,PAXGUSDT,5m,2815.87520947,2818.80028759,2812.95013134,2818.80028759,4.3715
1738936500000000,PAXGUSDT,5m,2818.80028759,2821.73043342,2815.87014176,2821.73043342,71.3587
1738936800000000,PAXGUSDT,5m,2821.73043342,2822.70918141,2821.73043342,2822.70918141,4.9027
1738937100000000,PAXGUSDT,5m,2822.70918141,2826.62553129,2819.77191899,2819.77191899,11.0221
1738937400000000,PAXGUSDT,5m,2819.77191899,2819.77191899,2816.84177844,2818.79520547,4.4815
1738937700000000,PAXGUSDT,5m,2818.79520547,2819.77191899,2817.81849196,2817.81849196,11.4601
1738938000000000,PAXGUSDT,5m,2817.81849196,2817.81849196,2816.84245507,2817.81849196,15.2538
1738938300000000,PAXGUSDT,5m,2817.81849196,2821.72263951,2815.86641819,2815.86641819,52.8078
1738938600000000,PAXGUSDT,5m,2815.86641819,2817.81578919,2815.86641819,2817.81578919,17.4681
1738938900000000,PAXGUSDT,5m,2817.81578919,2831.46610789,2817.81578919,2825.61597131,64.5906
1738939200000000,PAXGUSDT,5m,2825.61597131,2826.59133063,2809.03486274,2822.68989332,387.0972
1738939500000000,PAXGUSDT,5m,2822.68989332,2823.6655898,2816.83571449,2822.68989332,58.5207
1738939800000000,PAXGUSDT,5m,2822.68989332,2823.66592717,2820.73782563,2822.68989332,7.7353
1738940100000000,PAXGUSDT,5m,2822.68989332,2825.61799487,2819.76179178,2819.76179178,1.6401
1738940400000000,PAXGUSDT,5m,2819.76179178,2820.73613932,2816.83874914,2818.78744423,10.8744
1738940700000000,PAXGUSDT,5m,2818.78744423,2823.65918195,2817.81309669,2823.65918195,20.3787
1738941000000000,PAXGUSDT,5m,2823.65918195,2824.63386582,2821.7098142,2821.7098142,8.9904
1738941300000000,PAXGUSDT,5m,2821.7098142,2831.45665294,2817.81107871,2817.81107871,27.5896
1738941600000000,PAXGUSDT,5m,2817.81107871,2820.7280674,2816.83874914,2817.81107871,17.996
1738941900000000,PAXGUSDT,5m,2817.81107871,2819.75573784,2816.83874914,2816.83874914,5.2742
1738942200000000,PAXGUSDT,5m,2816.83874914,2821.69871938,2815.8667551,2820.72672533,12.5303
1738942500000000,PAXGUSDT,5m,2820.72672533,2822.67138354,2819.75439623,2819.75439623,3.5047
1738942800000000,PAXGUSDT,5m,2819.75439623,2825.58837084,2819.75439623,2822.67138354,7.155
1738943100000000,PAXGUSDT,5m,2822.67138354,2823.64371264,2821.69905444,2823.64371264,6.8439
1738943400000000,PAXGUSDT,5m,2823.64371264,2826.56271028,2819.75171579,2819.75171579,10.7822
1738943700000000,PAXGUSDT,5m,2819.75171579,2823.64371264,2819.75171579,2822.67071343,3.81
1738944000000000,PAXGUSDT,5m,2822.67071343,2827.53403306,2816.83472987,2827.53403306,18.1946
1738944300000000,PAXGUSDT,5m,2827.53403306,2828.51005447,2826.55801165,2827.53403306,8.1179
1738944600000000,PAXGUSDT,5m,2827.53403306,2828.51005447,2826.55801165,2826.55801165,0.9652
1738944900000000,PAXGUSDT,5m,2826.55801165,2827.53369615,2822.65527362,2827.53369615,12.8144
1738945200000000,PAXGUSDT,5m,2827.53369615,2829.48573874,2827.53369615,2827.53369615,3.5687
1738945500000000,PAXGUSDT,5m,2827.53369615,2828.50971745,2826.55767485,2827.53369615,4.78
1738945800000000,PAXGUSDT,5m,2827.53369615,2832.41380263,2822.65358967,2832.41380263,14.8306
1738946100000000,PAXGUSDT,5m,2832.41380263,2833.39286029,2830.45568732,2832.41380263,45.6945
1738946400000000,PAXGUSDT,5m,2832.41380263,2835.35097561,2829.47662966,2835.35097561,21.4598
1738946700000000,PAXGUSDT,5m,2835.35097561,2837.31315621,2835.35097561,2837.31315621,3.1822
1738947000000000,PAXGUSDT,5m,2837.31315621,2839.27533682,2835.35097561,2837.31315621,6.1938
1738947300000000,PAXGUSDT,5m,2837.31315621,2838.29424651,2835.35097561,2838.29424651,8.3081
1738947600000000,PAXGUSDT,5m,2838.29424651,2839.27601554,2836.33070847,2837.31247749,32.5262
1738947900000000,PAXGUSDT,5m,2837.31247749,2838.29390692,2836.33104806,2838.29390692,1.0508
1738948200000000,PAXGUSDT,5m,2838.29390692,2839.27533635,2835.34961863,2839.27533635,4.3806
1738948500000000,PAXGUSDT,5m,2839.27533635,2840.25778456,2838.29288813,2839.27533635,1.4727
1738948800000000,PAXGUSDT,5m,2839.27533635,2841.2409129,2838.29254807,2838.29254807,37.9478
1738949100000000,PAXGUSDT,5m,2838.29254807,2838.29254807,2837.31009997,2837.31009997,52.7744
1738949400000000,PAXGUSDT,5m,2837.31009997,2837.31009997,2836.32799194,2837.31009997,1.4232
1738949700000000,PAXGUSDT,5m,2837.31009997,2838.29254807,2836.32765188,2836.32765188,33.5651
1738950000000000,PAXGUSDT,5m,2836.32765188,2838.29254807,2836.32765188,2837.31009997,0.3756
1738950300000000,PAXGUSDT,5m,2837.31009997,2838.29288837,2836.32731158,2837.31009997,2.6846
1738950600000000,PAXGUSDT,5m,2837.31009997,2837.31009997,2832.3978595,2835.34520378,10.6143
1738950900000000,PAXGUSDT,5m,2835.34520378,2836.32765188,2833.38030759,2836.32765188,2.3325
1738951200000000,PAXGUSDT,5m,2836.32765188,2838.29322891,2835.34486336,2837.31044039,2.7682
1738951500000000,PAXGUSDT,5m,2837.31044039,2838.29322891,2837.31044039,2837.31044039,5.1532
1738951800000000,PAXGUSDT,5m,2837.31044039,2838.29322891,2837.31044039,2837.31044039,3.4742
1738952100000000,PAXGUSDT,5m,2837.31044039,2838.29322891,2837.31044039,2837.31044039,6.1785
1738952400000000,PAXGUSDT,5m,2837.31044039,2838.29322891,2836.32765188,2836.32765188,1.8411
1738952700000000,PAXGUSDT,5m,2836.32765188,2837.31044039,2836.32765188,2836.32765188,1.7224
1738953000000000,PAXGUSDT,5m,2836.32765188,2837.31009997,2835.34520378,2837.31009997,3.7013
1738953300000000,PAXGUSDT,5m,2837.31009997,2838.29288837,2836.32731158,2837.31009997,1.1159
1738953600000000,PAXGUSDT,5m,2837.31009997,2838.29322891,2836.32697104,2837.31009997,0.9671
1738953900000000,PAXGUSDT,5m,2837.31009997,2839.27703938,2837.31009997,2838.29356968,3.0703
1738954200000000,PAXGUSDT,5m,2838.29356968,2839.27738028,2837.30975908,2837.30975908,1.1544
1738954500000000,PAXGUSDT,5m,2837.30975908,2840.26119087,2837.30975908,2837.30975908,2.9292
1738954800000000,PAXGUSDT,5m,2837.30975908,2838.2928879,2835.34350145,2838.2928879,2.8302
1738955100000000,PAXGUSDT,5m,2838.2928879,2838.2928879,2836.32663027,2836.32663027,2.3821
1738955400000000,PAXGUSDT,5m,2836.32663027,2838.2928879,2835.34350145,2837.30975908,9.3465
1738955700000000,PAXGUSDT,5m,2837.30975908,2840.25914553,2834.36037264,2840.25914553,6.1552
1738956000000000,PAXGUSDT,5m,2840.25914553,2842.22949526,2840.25914553,2842.22949526,2.4948
1738956300000000,PAXGUSDT,5m,2842.22949526,2843.21501173,2842.22949526,2842.22949526,0.3718
1738956600000000,PAXGUSDT,5m,2842.22949526,2843.21501173,2841.2439788,2841.2439788,4.436
1738956900000000,PAXGUSDT,5m,2841.2439788,2842.22915355,2840.25880405,2840.25880405,10.2047
1738957200000000,PAXGUSDT,5m,2840.25880405,2842.22915355,2838.28845455,2838.28845455,1.856
1738957500000000,PAXGUSDT,5m,2838.28845455,2839.2726045,2837.3043046,2838.28845455,5.1685
1738957800000000,PAXGUSDT,5m,2838.28845455,2839.2726045,2837.3043046,2838.28845455,12.8139
1738958100000000,PAXGUSDT,5m,2838.28845455,2839.2726045,2838.28845455,2838.28845455,3.7407
1738958400000000,PAXGUSDT,5m,2838.28845455,2839.2726045,2837.3043046,2838.28845455,2.0711
1738958700000000,PAXGUSDT,5m,2838.28845455,2841.24192848,2835.33498061,2841.24192848,30.923
1738959000000000,PAXGUSDT,5m,2841.24192848,2843.21501316,2840.25538615,2840.25538615,13.5758
1738959300000000,PAXGUSDT,5m,2840.25538615,2846.17258487,2840.25538615,2840.25538615,11.4002
1738959600000000,PAXGUSDT,5m,2840.25538615,2842.22778572,2838.28298657,2841.24158593,12.214
1738959900000000,PAXGUSDT,5m,2841.24158593,2842.22847082,2839.26781616,2839.26781616,1.6955
1738960200000000,PAXGUSDT,5m,2839.26781616,2841.24158593,2837.29404639,2841.24158593,8.1431
1738960500000000,PAXGUSDT,5m,2841.24158593,2842.22950025,2840.25367161,2841.24158593,4.2287
1738960800000000,PAXGUSDT,5m,2841.24158593,2848.15698618,2839.26575729,2839.26575729,8.5903
1738961100000000,PAXGUSDT,5m,2839.26575729,2841.23883982,2838.27921603,2840.25229856,1.3482
1738961400000000,PAXGUSDT,5m,2840.25229856,2841.23952563,2839.26507148,2841.23952563,1.9177
1738961700000000,PAXGUSDT,5m,2841.23952563,2843.21535284,2837.28787122,2843.21535284,69.2273
1738962000000000,PAXGUSDT,5m,2843.21535284,2844.20429731,2842.22640837,2843.21535284,4.8223
1738962300000000,PAXGUSDT,5m,2843.21535284,2845.19324178,2843.21535284,2844.20429731,4.0098
1738962600000000,PAXGUSDT,5m,2844.20429731,2847.17216267,2843.21500886,2843.21500886,5.1464
1738962900000000,PAXGUSDT,5m,2843.21500886,2850.13040325,2841.23918189,2843.21500886,9.6601
1738963200000000,PAXGUSDT,5m,2843.21500886,2849.13837346,2841.24055399,2842.22778143,10.2678
1738963500000000,PAXGUSDT,5m,2842.22778143,2843.21500886,2841.24055399,2843.21500886,2.4982
1738963800000000,PAXGUSDT,5m,2843.21500886,2849.14248977,2834.3237875,2845.19083583,69.6916
1738964100000000,PAXGUSDT,5m,2845.19083583,2846.17977946,2843.21294856,2846.17977946,0.5672
1738964400000000,PAXGUSDT,5m,2846.17977946,2846.17977946,2845.19014811,2846.17977946,3.6887
1738964700000000,PAXGUSDT,5m,2846.17977946,2846.17977946,2841.22990159,2846.17977946,13.1134
1738965000000000,PAXGUSDT,5m,2846.17977946,2848.15973062,2844.19982831,2848.15973062,3.0458
1738965300000000,PAXGUSDT,5m,2848.15973062,2849.15108451,2847.16837672,2848.15973062,3.2056
1738965600000000,PAXGUSDT,5m,2848.15973062,2849.15073957,2846.17771271,2846.17771271,3.3395
1738965900000000,PAXGUSDT,5m,2846.17771271,2847.16872166,2845.18670376,2846.17771271,2.282
1738966200000000,PAXGUSDT,5m,2846.17771271,2849.15073957,2843.20468585,2843.20468585,2.9395
1738966500000000,PAXGUSDT,5m,2843.20468585,2846.17357345,2841.22542746,2842.21505665,4.5865
1738966800000000,PAXGUSDT,5m,2842.21505665,2848.15283184,2840.23579826,2840.23579826,5.1184
1738967100000000,PAXGUSDT,5m,2840.23579826,2843.20261838,2840.23579826,2842.21367834,2.1779
1738967400000000,PAXGUSDT,5m,2842.21367834,2845.18049846,2842.21367834,2844.19155842,6.7869
1738967700000000,PAXGUSDT,5m,2844.19155842,2846.1694385,2842.21367834,2844.19155842,3.8743
1738968000000000,PAXGUSDT,5m,2844.19155842,2844.19155842,2838.2558543,2840.23442234,2.2245
1738968300000000,PAXGUSDT,5m,2840.23442234,2842.21299038,2839.24513832,2841.22370636,1.0785
1738968600000000,PAXGUSDT,5m,2841.22370636,2843.2022744,2841.22370636,2842.21299038,1.9972
1738968900000000,PAXGUSDT,5m,2842.21299038,2843.2022744,2840.23442234,2842.21299038,3.2378
1738969200000000,PAXGUSDT,5m,2842.21299038,2844.19224734,2842.21299038,2844.19224734,1.4777
1738969500000000,PAXGUSDT,5m,2844.19224734,2846.17219321,2842.21230146,2842.21230146,1.1278
1738969800000000,PAXGUSDT,5m,2842.21230146,2845.17912015,2839.24548278,2839.24548278,2.0976
1738970100000000,PAXGUSDT,5m,2839.24548278,2842.20714357,2838.25826251,2838.25826251,10.5851
1738970400000000,PAXGUSDT,5m,2838.25826251,2840.23270304,2838.25826251,2840.23270304,5.2525
1738970700000000,PAXGUSDT,5m,2840.23270304,2841.21992331,2839.24548278,2841.21992331,2.1897
1738971000000000,PAXGUSDT,5m,2841.21992331,2841.21992331,2839.24479649,2841.21992331,0.9781
1738971300000000,PAXGUSDT,5m,2841.21992331,2843.19505012,2841.21992331,2843.19505012,1.565
1738971600000000,PAXGUSDT,5m,2843.19505012,2843.19505012,2842.20748672,2843.19505012,0.5439
1738971900000000,PAXGUSDT,5m,2843.19505012,2844.18295667,2843.19505012,2843.19505012,1.0716
1738972200000000,PAXGUSDT,5m,2843.19505012,2845.17086322,2843.19505012,2843.19505012,2.9574
1738972500000000,PAXGUSDT,5m,2843.19505012,2844.18261353,2841.21992331,2841.21992331,3.4571
1738972800000000,PAXGUSDT,5m,2841.21992331,2841.21992331,2836.2855365,2837.27241386,2.041
1738973100000000,PAXGUSDT,5m,2837.27241386,2838.25929122,2833.32490442,2835.29865914,8.0779
1738973400000000,PAXGUSDT,5m,2835.29865914,2836.28519312,2832.3390572,2835.29865914,4.5053
1738973700000000,PAXGUSDT,5m,2835.29865914,2836.28519312,2832.3390572,2836.28519312,7.4407
1738974000000000,PAXGUSDT,5m,2836.28519312,2840.23132904,2832.3390572,2832.3390572,7.2838
1738974300000000,PAXGUSDT,5m,2832.3390572,2833.32353376,2830.37010408,2832.3390572,4.2621
1738974600000000,PAXGUSDT,5m,2832.3390572,2833.32353376,2831.35458064,2831.35458064,2.3342
1738974900000000,PAXGUSDT,5m,2831.35458064,2835.29248687,2828.40115097,2828.40115097,2.2577
1738975200000000,PAXGUSDT,5m,2828.40115097,2829.3832347,2827.41906724,2829.3832347,0.6044
1738975500000000,PAXGUSDT,5m,2829.3832347,2831.34808417,2827.41838523,2827.41838523,1.889
1738975800000000,PAXGUSDT,5m,2827.41838523,2829.38118869,2827.41838523,2827.41838523,0.7596
1738976100000000,PAXGUSDT,5m,2827.41838523,2828.39978696,2825.45558177,2826.4369835,1.238
1738976400000000,PAXGUSDT,5m,2826.4369835,2827.41770418,2824.47554215,2827.41770418,1.3004
1738976700000000,PAXGUSDT,5m,2827.41770418,2829.37914553,2825.45626283,2829.37914553,1.6593
1738977000000000,PAXGUSDT,5m,2829.37914553,2829.37914553,2826.43289858,2826.43289858,2.0758
1738977300000000,PAXGUSDT,5m,2826.43289858,2827.4149809,2824.46873396,2826.43289858,0.6583
1738977600000000,PAXGUSDT,5m,2826.43289858,2828.39842911,2824.46736806,2824.46736806,0.5852
1738977900000000,PAXGUSDT,5m,2824.46736806,2826.43084902,2824.46736806,2825.44910854,0.8781
1738978200000000,PAXGUSDT,5m,2825.44910854,2826.43050802,2824.46770906,2824.46770906,0.5929
1738978500000000,PAXGUSDT,5m,2824.46770906,2826.42914497,2822.50627315,2826.42914497,1.8823
1738978800000000,PAXGUSDT,5m,2826.42914497,2828.39330699,2826.42914497,2826.42914497,0.1333
1738979100000000,PAXGUSDT,5m,2826.42914497,2827.41122598,2825.44706396,2827.41122598,0.2072
1738979400000000,PAXGUSDT,5m,2827.41122598,2831.34228086,2827.41122598,2831.34228086,2.6618
1738979700000000,PAXGUSDT,5m,2831.34228086,2832.32572729,2831.34228086,2831.34228086,1.1537
1738980000000000,PAXGUSDT,5m,2831.34228086,2833.30917373,2830.35883443,2830.35883443,1.5459
1738980300000000,PAXGUSDT,5m,2830.35883443,2831.34193927,2829.37572959,2829.37572959,2.0242
1738980600000000,PAXGUSDT,5m,2829.37572959,2830.35849295,2829.37572959,2829.37572959,0.5201
1738980900000000,PAXGUSDT,5m,2829.37572959,2830.35815172,2828.39330746,2829.37572959,0.6836
1738981200000000,PAXGUSDT,5m,2829.37572959,2831.34057384,2829.37572959,2829.37572959,0.8212
1738981500000000,PAXGUSDT,5m,2829.37572959,2831.33989184,2829.37572959,2830.35781072,1.1841
1738981800000000,PAXGUSDT,5m,2830.35781072,2831.3395512,2829.37607023,2829.37607023,0.7855
1738982100000000,PAXGUSDT,5m,2829.37607023,2831.33818956,2827.41395091,2831.33818956,1.5186
1738982400000000,PAXGUSDT,5m,2831.33818956,2833.30303216,2831.33818956,2833.30303216,0.6828
1738982700000000,PAXGUSDT,5m,2833.30303216,2835.26923829,2832.3199291,2832.3199291,3.6284
1738983000000000,PAXGUSDT,5m,2832.3199291,2833.30303216,2831.33682603,2831.33682603,0.3736
1738983300000000,PAXGUSDT,5m,2831.33682603,2833.30166769,2829.37198438,2833.30166769,0.7361
1738983600000000,PAXGUSDT,5m,2833.30166769,2834.28477028,2831.33546251,2834.28477028,0.6788
1738983900000000,PAXGUSDT,5m,2834.28477028,2839.2036956,2834.28477028,2835.26855535,20.9523
1738984200000000,PAXGUSDT,5m,2835.26855535,2835.26855535,2834.28511152,2834.28511152,0.6328
1738984500000000,PAXGUSDT,5m,2834.28511152,2835.26855535,2834.28511152,2834.28511152,0.569
1738984800000000,PAXGUSDT,5m,2834.28511152,2834.28511152,2833.30200881,2834.28511152,0.4319
1738985100000000,PAXGUSDT,5m,2834.28511152,2837.235443,2834.28511152,2837.235443,1.6519
1738985400000000,PAXGUSDT,5m,2837.235443,2838.21922783,2837.235443,2837.235443,0.4062
1738985700000000,PAXGUSDT,5m,2837.235443,2837.235443,2836.25199917,2837.235443,0.1701
1738986000000000,PAXGUSDT,5m,2837.235443,2838.21888683,2831.33478003,2836.25199917,7.4082
1738986300000000,PAXGUSDT,5m,2836.25199917,2836.25199917,2835.26855535,2836.25199917,0.6776
1738986600000000,PAXGUSDT,5m,2836.25199917,2838.21888683,2836.25199917,2837.235443,1.6879
1738986900000000,PAXGUSDT,5m,2837.235443,2837.235443,2835.26855535,2837.235443,1.4543
1738987200000000,PAXGUSDT,5m,2837.235443,2839.20301266,2827.39759472,2839.20301266,12.2736
1738987500000000,PAXGUSDT,5m,2839.20301266,2841.17331315,2837.23271216,2837.23271216,1.1549
1738987800000000,PAXGUSDT,5m,2837.23271216,2838.21649604,2836.24892828,2836.24892828,0.8827
1738988100000000,PAXGUSDT,5m,2836.24892828,2838.21649604,2836.24892828,2838.21649604,0.5226
1738988400000000,PAXGUSDT,5m,2838.21649604,2838.21649604,2836.24892828,2838.21649604,0.2781
1738988700000000,PAXGUSDT,5m,2838.21649604,2842.15163157,2826.41108947,2842.15163157,12.401
1738989000000000,PAXGUSDT,5m,2842.15163157,2842.15163157,2838.20693811,2841.1654582,1.4529
1738989300000000,PAXGUSDT,5m,2841.1654582,2842.15163157,2838.20693811,2842.15163157,3.9781
1738989600000000,PAXGUSDT,5m,2842.15163157,2843.13848977,2840.17791515,2841.16477336,6.0322
1738989900000000,PAXGUSDT,5m,2841.16477336,2842.15094648,2839.19242711,2841.16477336,3.68
1738990200000000,PAXGUSDT,5m,2841.16477336,2841.16477336,2839.19311148,2841.16477336,0.7036
1738990500000000,PAXGUSDT,5m,2841.16477336,2841.16477336,2839.19311148,2841.16477336,1.2958
1738990800000000,PAXGUSDT,5m,2841.16477336,2842.1506043,2838.20728054,2842.1506043,1.3058
1738991100000000,PAXGUSDT,5m,2842.1506043,2843.13711961,2841.16408899,2841.16408899,1.3454
1738991400000000,PAXGUSDT,5m,2841.16408899,2843.13711961,2841.16408899,2843.13711961,0.7205
1738991700000000,PAXGUSDT,5m,2843.13711961,2844.12363492,2841.16408899,2843.13711961,1.442
1738992000000000,PAXGUSDT,5m,2843.13711961,2847.08318084,2841.16408899,2845.11015023,14.2284
1738992300000000,PAXGUSDT,5m,2845.11015023,2845.11015023,2843.1378035,2845.11015023,0.4752
1738992600000000,PAXGUSDT,5m,2845.11015023,2847.08386521,2843.13643524,2846.09700772,3.4804
1738992900000000,PAXGUSDT,5m,2846.09700772,2848.07140731,2843.13540834,2847.08420751,2.9778
1738993200000000,PAXGUSDT,5m,2847.08420751,2847.08420751,2846.09632264,2847.08420751,0.4332
1738993500000000,PAXGUSDT,5m,2847.08420751,2850.04786214,2844.12055289,2850.04786214,6.4119
1738993800000000,PAXGUSDT,5m,2850.04786214,2850.04786214,2848.07209239,2848.07209239,0.5835
1738994100000000,PAXGUSDT,5m,2848.07209239,2848.07209239,2846.09769232,2848.07209239,1.4287
1738994400000000,PAXGUSDT,5m,2848.07209239,2849.05929242,2847.08489236,2847.08489236,1.2074
1738994700000000,PAXGUSDT,5m,2847.08489236,2847.08489236,2845.11186055,2847.08489236,1.2361
1738995000000000,PAXGUSDT,5m,2847.08489236,2849.05792416,2845.11186055,2849.05792416,1.4632
1738995300000000,PAXGUSDT,5m,2849.05792416,2849.05792416,2848.07038242,2849.05792416,1.4756
1738995600000000,PAXGUSDT,5m,2849.05792416,2850.0454659,2847.08284068,2850.0454659,0.4465
1738995900000000,PAXGUSDT,5m,2850.0454659,2851.03369248,2850.0454659,2850.0454659,0.9698
1738996200000000,PAXGUSDT,5m,2850.0454659,2850.0454659,2849.05758186,2849.05758186,1.3255
1738996500000000,PAXGUSDT,5m,2849.05758186,2850.0454659,2848.06969781,2848.06969781,1.8908
1738996800000000,PAXGUSDT,5m,2848.06969781,2850.0454659,2846.09392973,2846.09392973,0.2496
1738997100000000,PAXGUSDT,5m,2846.09392973,2846.09392973,2844.12090101,2844.12090101,0.761
1738997400000000,PAXGUSDT,5m,2844.12090101,2844.12090101,2843.13472871,2844.12090101,0.4764
1738997700000000,PAXGUSDT,5m,2844.12090101,2845.10741537,2843.13438665,2844.12090101,1.225
1738998000000000,PAXGUSDT,5m,2844.12090101,2846.09392973,2843.13438665,2845.10741537,7.1563
1738998300000000,PAXGUSDT,5m,2845.10741537,2846.09461433,2844.1202164,2845.10741537,1.3089
1738998600000000,PAXGUSDT,5m,2845.10741537,2846.09461433,2843.13301744,2844.1202164,2.6727
1738998900000000,PAXGUSDT,5m,2844.1202164,2844.1202164,2842.14650355,2843.13335998,1.7067
1738999200000000,PAXGUSDT,5m,2843.13335998,2844.1202164,2842.14650355,2844.1202164,0.383
1738999500000000,PAXGUSDT,5m,2844.1202164,2845.10741537,2843.13301744,2845.10741537,0.8004
1738999800000000,PAXGUSDT,5m,2845.10741537,2845.10741537,2843.13301744,2845.10741537,0.5668
1739000100000000,PAXGUSDT,5m,2845.10741537,2846.09461433,2843.13301744,2845.10741537,1.0866
1739000400000000,PAXGUSDT,5m,2845.10741537,2846.09427191,2844.12055882,2846.09427191,0.8275
1739000700000000,PAXGUSDT,5m,2846.09427191,2847.0818133,2846.09427191,2847.0818133,0.3726
1739001000000000,PAXGUSDT,5m,2847.0818133,2847.0818133,2846.09427191,2847.0818133,0.6697
1739001300000000,PAXGUSDT,5m,2847.0818133,2849.05689607,2846.09427191,2849.05689607,4.9026
1739001600000000,PAXGUSDT,5m,2849.05689607,2850.04443745,2848.06935468,2848.06935468,2.6465
1739001900000000,PAXGUSDT,5m,2848.06935468,2849.05655376,2845.10775743,2845.10775743,2.5409
1739002200000000,PAXGUSDT,5m,2845.10775743,2849.05518408,2844.12090077,2844.12090077,6.033
1739002500000000,PAXGUSDT,5m,2844.12090077,2845.10638965,2842.14992301,2843.13541189,1.7642
1739002800000000,PAXGUSDT,5m,2843.13541189,2843.13541189,2841.16443414,2843.13541189,0.3333
1739003100000000,PAXGUSDT,5m,2843.13541189,2844.12090077,2841.16443414,2843.13541189,0.9171
1739003400000000,PAXGUSDT,5m,2843.13541189,2845.1057067,2840.17996967,2845.1057067,1.2104
1739003700000000,PAXGUSDT,5m,2845.1057067,2846.09222047,2844.11919293,2845.1057067,0.223
1739004000000000,PAXGUSDT,5m,2845.1057067,2845.1057067,2844.11919293,2845.1057067,0.1217
1739004300000000,PAXGUSDT,5m,2845.1057067,2845.1057067,2843.13267917,2845.1057067,0.2063
1739004600000000,PAXGUSDT,5m,2845.1057067,2845.1057067,2843.13267917,2845.1057067,0.4958
1739004900000000,PAXGUSDT,5m,2845.1057067,2845.1057067,2842.1461654,2843.13267917,2.5711
1739005200000000,PAXGUSDT,5m,2843.13267917,2846.09119392,2843.13267917,2843.13267917,5.977
1739005500000000,PAXGUSDT,5m,2843.13267917,2843.13267917,2843.13267917,2843.13267917,0.0722
1739005800000000,PAXGUSDT,5m,2843.13267917,2844.11850881,2842.14684953,2844.11850881,0.7128
1739006100000000,PAXGUSDT,5m,2844.11850881,2844.11850881,2842.14684953,2844.11850881,0.4124
1739006400000000,PAXGUSDT,5m,2844.11850881,2844.11850881,2843.13267917,2844.11850881,0.0794
1739006700000000,PAXGUSDT,5m,2844.11850881,2845.10433844,2843.13267917,2844.11850881,1.8897
1739007000000000,PAXGUSDT,5m,2844.11850881,2844.11850881,2843.13233734,2844.11850881,1.8606
1739007300000000,PAXGUSDT,5m,2844.11850881,2844.11850881,2844.11850881,2844.11850881,0.379
1739007600000000,PAXGUSDT,5m,2844.11850881,2844.11850881,2843.13233734,2844.11850881,0.8269
1739007900000000,PAXGUSDT,5m,2844.11850881,2844.11850881,2843.13233734,2844.11850881,0.4003
1739008200000000,PAXGUSDT,5m,2844.11850881,2844.11850881,2843.13233734,2844.11850881,0.191
1739008500000000,PAXGUSDT,5m,2844.11850881,2848.06319467,2837.21530854,2848.06319467,8.078
1739008800000000,PAXGUSDT,5m,2848.06319467,2850.04101633,2847.07428384,2850.04101633,2.3605
1739009100000000,PAXGUSDT,5m,2850.04101633,2850.04101633,2849.0521055,2850.04101633,0.4046
1739009400000000,PAXGUSDT,5m,2850.04101633,2851.02992716,2849.0521055,2851.02992716,0.076
1739009700000000,PAXGUSDT,5m,2851.02992716,2851.02992716,2849.05141923,2849.05141923,0.891
1739010000000000,PAXGUSDT,5m,2849.05141923,2851.02992716,2849.05141923,2851.02992716,1.5986
1739010300000000,PAXGUSDT,5m,2851.02992716,2851.02992716,2849.05141923,2851.02992716,1.0376
1739010600000000,PAXGUSDT,5m,2851.02992716,2852.0195245,2851.02992716,2851.02992716,0.295
1739010900000000,PAXGUSDT,5m,2851.02992716,2852.01918113,2850.0406732,2851.02992716,0.4931
1739011200000000,PAXGUSDT,5m,2851.02992716,2851.02992716,2844.10514941,2845.09440337,10.4345
1739011500000000,PAXGUSDT,5m,2845.09440337,2846.08331349,2844.10549326,2844.10549326,3.4127
1739011800000000,PAXGUSDT,5m,2844.10549326,2845.09371615,2843.11727036,2845.09371615,0.1259
1739012100000000,PAXGUSDT,5m,2845.09371615,2845.09371615,2823.34525828,2835.20805349,128.8414
1739012400000000,PAXGUSDT,5m,2835.20805349,2837.18449688,2833.23161009,2837.18449688,6.4613
1739012700000000,PAXGUSDT,5m,2837.18449688,2840.15329824,2834.21569553,2834.21569553,4.9895
1739013000000000,PAXGUSDT,5m,2834.21569553,2835.20322713,2834.21569553,2835.20322713,3.1913
1739013300000000,PAXGUSDT,5m,2835.20322713,2835.20322713,2834.21603937,2835.20322713,0.617
1739013600000000,PAXGUSDT,5m,2835.20322713,2835.20322713,2833.22816392,2834.21569553,2.5637
1739013900000000,PAXGUSDT,5m,2834.21569553,2835.20322713,2833.22816392,2833.22816392,1.1917
1739014200000000,PAXGUSDT,5m,2833.22816392,2835.20322713,2832.24063232,2832.24063232,0.9871
1739014500000000,PAXGUSDT,5m,2832.24063232,2833.22713202,2830.26763293,2832.24063232,8.5882
1739014800000000,PAXGUSDT,5m,2832.24063232,2834.21363172,2830.26763293,2830.26763293,3.0016
1739015100000000,PAXGUSDT,5m,2830.26763293,2831.25310216,2830.26763293,2831.25310216,0.4021
1739015400000000,PAXGUSDT,5m,2831.25310216,2831.25310216,2830.26763293,2831.25310216,1.1932
1739015700000000,PAXGUSDT,5m,2831.25310216,2832.23857139,2830.26763293,2832.23857139,0.3825
1739016000000000,PAXGUSDT,5m,2832.23857139,2833.22438363,2831.25275915,2831.25275915,0.911
1739016300000000,PAXGUSDT,5m,2831.25275915,2832.23788537,2830.26763293,2832.23788537,0.0898
1739016600000000,PAXGUSDT,5m,2832.23788537,2835.19429235,2828.2960094,2835.19429235,6.1506
1739016900000000,PAXGUSDT,5m,2835.19429235,2837.1700375,2833.2185472,2833.2185472,1.5712
1739017200000000,PAXGUSDT,5m,2833.2185472,2834.20504391,2831.24555378,2832.23205049,1.48
1739017500000000,PAXGUSDT,5m,2832.23205049,2832.23205049,2831.24624052,2831.24624052,0.0808
1739017800000000,PAXGUSDT,5m,2831.24624052,2832.23170736,2830.26077367,2832.23170736,0.4484
1739018100000000,PAXGUSDT,5m,2832.23170736,2832.23170736,2830.26008765,2830.26008765,1.4779
1739018400000000,PAXGUSDT,5m,2830.26008765,2831.24589751,2829.2742778,2829.2742778,1.7545
1739018700000000,PAXGUSDT,5m,2829.2742778,2831.24589751,2828.28846795,2831.24589751,1.092
1739019000000000,PAXGUSDT,5m,2831.24589751,2832.23205073,2831.24589751,2831.24589751,0.1241
1739019300000000,PAXGUSDT,5m,2831.24589751,2831.24589751,2830.26008765,2831.24589751,0.2786
1739019600000000,PAXGUSDT,5m,2831.24589751,2832.23170736,2830.26008765,2832.23170736,0.5413
1739019900000000,PAXGUSDT,5m,2832.23170736,2833.21786046,2830.25940116,2832.23170736,1.1286
1739020200000000,PAXGUSDT,5m,2832.23170736,2832.23170736,2830.25940116,2830.25940116,0.0166
1739020500000000,PAXGUSDT,5m,2830.25940116,2831.24521077,2829.27359154,2831.24521077,0.5319
1739020800000000,PAXGUSDT,5m,2831.24521077,2831.24521077,2828.28675182,2831.24521077,3.0558
1739021100000000,PAXGUSDT,5m,2831.24521077,2831.24521077,2830.25905779,2830.25905779,0.2415
1739021400000000,PAXGUSDT,5m,2830.25905779,2831.24486728,2829.27324829,2831.24486728,0.2292
1739021700000000,PAXGUSDT,5m,2831.24486728,2831.24486728,2830.25871442,2830.25871442,0.1362
1739022000000000,PAXGUSDT,5m,2830.25871442,2831.24486728,2830.25871442,2830.25871442,5.2231
1739022300000000,PAXGUSDT,5m,2830.25871442,2832.23102014,2830.25871442,2832.23102014,1.1844
1739022600000000,PAXGUSDT,5m,2832.23102014,2832.23102014,2829.27256156,2831.24486728,2.5686
1739022900000000,PAXGUSDT,5m,2831.24486728,2831.24486728,2825.32795011,2827.30025583,11.5458
1739023200000000,PAXGUSDT,5m,2827.30025583,2833.21923753,2825.32726194,2825.32726194,10.974
1739023500000000,PAXGUSDT,5m,2825.32726194,2829.26774626,2825.32726194,2829.26774626,2.2279
1739023800000000,PAXGUSDT,5m,2829.26774626,2829.26774626,2827.29681784,2827.29681784,1.3632
1739024100000000,PAXGUSDT,5m,2827.29681784,2829.26774626,2827.29681784,2827.29681784,1.3708
1739024400000000,PAXGUSDT,5m,2827.29681784,2827.29681784,2825.32657616,2825.32657616,1.2374
1739024700000000,PAXGUSDT,5m,2825.32657616,2826.311697,2822.37121363,2825.32657616,3.8567
1739025000000000,PAXGUSDT,5m,2825.32657616,2825.32657616,2823.35633447,2825.32657616,1.6316
1739025300000000,PAXGUSDT,5m,2825.32657616,2826.31204061,2824.34111171,2825.32657616,2.2212
1739025600000000,PAXGUSDT,5m,2825.32657616,2826.31204061,2824.34111171,2826.31204061,2.3952
1739025900000000,PAXGUSDT,5m,2826.31204061,2826.31204061,2825.32657616,2826.31204061,0.4145
1739026200000000,PAXGUSDT,5m,2826.31204061,2826.31204061,2825.32657616,2826.31204061,3.2336
1739026500000000,PAXGUSDT,5m,2826.31204061,2826.31204061,2818.42832501,2824.34111171,17.8557
1739026800000000,PAXGUSDT,5m,2824.34111171,2826.31204061,2822.37018281,2822.37018281,14.8661
1739027100000000,PAXGUSDT,5m,2822.37018281,2826.30928983,2822.37018281,2826.30928983,0.6222
1739027400000000,PAXGUSDT,5m,2826.30928983,2828.27884335,2823.35495957,2826.30928983,6.0199
1739027700000000,PAXGUSDT,5m,2826.30928983,2828.27815733,2825.32485609,2827.29372358,0.3907
1739028000000000,PAXGUSDT,5m,2827.29372358,2827.29372358,2826.30928983,2827.29372358,1.2427
1739028300000000,PAXGUSDT,5m,2827.29372358,2828.27815733,2825.32485609,2827.29372358,2.6484
1739028600000000,PAXGUSDT,5m,2827.29372358,2829.26396311,2824.33836429,2825.32348405,2.9514
1739028900000000,PAXGUSDT,5m,2825.32348405,2825.32348405,2824.33836429,2825.32348405,0.8024
1739029200000000,PAXGUSDT,5m,2825.32348405,2827.29372358,2823.35324452,2823.35324452,2.8679
1739029500000000,PAXGUSDT,5m,2823.35324452,2823.35324452,2822.36949775,2823.35324452,0.354
1739029800000000,PAXGUSDT,5m,2823.35324452,2823.35324452,2821.38575097,2823.35324452,1.9497
1739030100000000,PAXGUSDT,5m,2823.35324452,2825.32211011,2823.35324452,2825.32211011,1.1054
1739030400000000,PAXGUSDT,5m,2825.32211011,2827.29166194,2825.32211011,2827.29166194,0.1966
1739030700000000,PAXGUSDT,5m,2827.29166194,2829.26121378,2826.30688602,2828.27643786,1.0052
1739031000000000,PAXGUSDT,5m,2828.27643786,2828.27643786,2824.33733419,2826.30688602,8.5708
1739031300000000,PAXGUSDT,5m,2826.30688602,2827.29200519,2826.30688602,2827.29200519,0.0946
1739031600000000,PAXGUSDT,5m,2827.29200519,2827.29200519,2826.30688602,2827.29200519,0.0808
1739031900000000,PAXGUSDT,5m,2827.29200519,2827.29200519,2826.30688602,2827.29200519,0.2708
1739032200000000,PAXGUSDT,5m,2827.29200519,2827.29200519,2826.30688602,2826.30688602,0.4156
1739032500000000,PAXGUSDT,5m,2826.30688602,2830.2459897,2823.35255827,2823.35255827,14.9516
1739032800000000,PAXGUSDT,5m,2823.35255827,2824.33527757,2821.38711966,2822.36983897,0.2325
1739033100000000,PAXGUSDT,5m,2822.36983897,2824.33527757,2822.36983897,2822.36983897,0.4543
1739033400000000,PAXGUSDT,5m,2822.36983897,2824.33527757,2820.40440036,2824.33527757,5.8983
1739033700000000,PAXGUSDT,5m,2824.33527757,2825.31902375,2824.33527757,2824.33527757,2.0932
1739034000000000,PAXGUSDT,5m,2824.33527757,2826.30140029,2821.3860935,2826.30140029,5.3325
1739034300000000,PAXGUSDT,5m,2826.30140029,2827.28583129,2825.31696929,2826.30140029,5.8359
1739034600000000,PAXGUSDT,5m,2826.30140029,2828.27026228,2826.30140029,2826.30140029,1.2707
1739034900000000,PAXGUSDT,5m,2826.30140029,2828.27026228,2825.31696929,2827.28583129,12.3742
1739035200000000,PAXGUSDT,5m,2827.28583129,2827.28583129,2826.30140029,2826.30140029,1.189
1739035500000000,PAXGUSDT,5m,2826.30140029,2826.30140029,2824.33322382,2824.33322382,0.7565
1739035800000000,PAXGUSDT,5m,2824.33322382,2828.26957675,2823.34913559,2823.34913559,2.5091
1739036100000000,PAXGUSDT,5m,2823.34913559,2826.29934367,2823.34913559,2825.31594098,0.7525
1739036400000000,PAXGUSDT,5m,2825.31594098,2825.31594098,2824.33253829,2824.33253829,1.7898
1739036700000000,PAXGUSDT,5m,2824.33253829,2826.29865909,2822.36641748,2826.29865909,0.8209
1739037000000000,PAXGUSDT,5m,2826.29865909,2828.26751918,2825.31422905,2825.31422905,0.8432
1739037300000000,PAXGUSDT,5m,2825.31422905,2825.31422905,2824.33048454,2825.31422905,0.0909
1739037600000000,PAXGUSDT,5m,2825.31422905,2827.28171806,2823.34674003,2823.34674003,2.8723
1739037900000000,PAXGUSDT,5m,2823.34674003,2823.34674003,2822.36402275,2823.34674003,0.7938
1739038200000000,PAXGUSDT,5m,2823.34674003,2826.29591838,2823.34674003,2823.34674003,2.7441
1739038500000000,PAXGUSDT,5m,2823.34674003,2824.32945731,2822.36402275,2824.32945731,0.3639
1739038800000000,PAXGUSDT,5m,2824.32945731,2825.31217459,2823.34674003,2825.31217459,1.1991
1739039100000000,PAXGUSDT,5m,2825.31217459,2826.2952338,2824.32911537,2826.2952338,1.1649
1739039400000000,PAXGUSDT,5m,2826.2952338,2828.26272091,2826.2952338,2826.2952338,0.069
1739039700000000,PAXGUSDT,5m,2826.2952338,2827.27897735,2825.31149024,2825.31149024,0.1772
1739040000000000,PAXGUSDT,5m,2825.31149024,2827.27829253,2824.3280891,2824.3280891,4.8498
1739040300000000,PAXGUSDT,5m,2824.3280891,2827.2762395,2823.3453723,2823.3453723,3.4006
1739040600000000,PAXGUSDT,5m,2823.3453723,2824.32706401,2823.3453723,2823.3453723,0.1422
1739040900000000,PAXGUSDT,5m,2823.3453723,2824.32706401,2822.36368058,2822.36368058,1.1019
1739041200000000,PAXGUSDT,5m,2822.36368058,2823.34503096,2821.3823302,2821.3823302,0.4348
1739041500000000,PAXGUSDT,5m,2821.3823302,2823.34503096,2820.40097983,2821.3823302,4.2086
1739041800000000,PAXGUSDT,5m,2821.3823302,2821.3823302,2819.42031189,2821.3823302,0.6768
1739042100000000,PAXGUSDT,5m,2821.3823302,2821.3823302,2819.42031189,2821.3823302,0.0741
1739042400000000,PAXGUSDT,5m,2821.3823302,2822.36368058,2820.40097983,2821.3823302,0.447
1739042700000000,PAXGUSDT,5m,2821.3823302,2822.36368058,2820.40097983,2820.40097983,0.4302
1739043000000000,PAXGUSDT,5m,2820.40097983,2821.38198887,2819.41997079,2819.41997079,0.2035
1739043300000000,PAXGUSDT,5m,2819.41997079,2821.38062446,2817.45931713,2821.38062446,2.0024
1739043600000000,PAXGUSDT,5m,2821.38062446,2826.28566727,2813.53255596,2826.28566727,13.0205
1739043900000000,PAXGUSDT,5m,2826.28566727,2828.25520432,2825.30089874,2828.25520432,2.1647
1739044200000000,PAXGUSDT,5m,2828.25520432,2829.23997284,2828.25520432,2828.25520432,0.36
1739044500000000,PAXGUSDT,5m,2828.25520432,2829.23997284,2828.25520432,2828.25520432,0.4461
1739044800000000,PAXGUSDT,5m,2828.25520432,2828.25520432,2827.27077856,2828.25520432,0.2834
1739045100000000,PAXGUSDT,5m,2828.25520432,2829.23963008,2827.27077856,2829.23963008,1.7003
1739045400000000,PAXGUSDT,5m,2829.23963008,2831.20985266,2829.23963008,2829.23963008,0.3068
1739045700000000,PAXGUSDT,5m,2829.23963008,2831.20985266,2829.23963008,2829.23963008,0.4746
1739046000000000,PAXGUSDT,5m,2829.23963008,2829.23963008,2827.27077856,2829.23963008,1.0442
1739046300000000,PAXGUSDT,5m,2829.23963008,2829.23963008,2828.25520432,2829.23963008,0.2777
1739046600000000,PAXGUSDT,5m,2829.23963008,2829.23963008,2828.25520432,2829.23963008,0.1779
1739046900000000,PAXGUSDT,5m,2829.23963008,2829.23963008,2828.25520432,2829.23963008,1.4296
1739047200000000,PAXGUSDT,5m,2829.23963008,2831.20916689,2827.27009327,2827.27009327,1.108
1739047500000000,PAXGUSDT,5m,2827.27009327,2828.25383373,2826.2863528,2826.2863528,1.6914
1739047800000000,PAXGUSDT,5m,2826.2863528,2827.26940892,2825.30329668,2825.30329668,0.131
1739048100000000,PAXGUSDT,5m,2825.30329668,2825.30329668,2823.33855169,2824.32092418,1.8313
1739048400000000,PAXGUSDT,5m,2824.32092418,2824.32092418,2822.35754502,2824.32092418,1.0411
1739048700000000,PAXGUSDT,5m,2824.32092418,2825.30261376,2822.35754502,2825.30261376,0.928
1739049000000000,PAXGUSDT,5m,2825.30261376,2826.28498602,2824.32024151,2824.32024151,1.9141
1739049300000000,PAXGUSDT,5m,2824.32024151,2825.30261376,2824.32024151,2824.32024151,0.2799
1739049600000000,PAXGUSDT,5m,2824.32024151,2824.32024151,2823.33821082,2823.33821082,0.6286
1739049900000000,PAXGUSDT,5m,2823.33821082,2827.26633355,2814.49993469,2827.26633355,12.6637
1739050200000000,PAXGUSDT,5m,2827.26633355,2829.23655399,2823.32589267,2827.26633355,9.0921
1739050500000000,PAXGUSDT,5m,2827.26633355,2827.26633355,2825.29748513,2825.29748513,0.4303
1739050800000000,PAXGUSDT,5m,2825.29748513,2826.28190934,2820.37536408,2826.28190934,21.9194
1739051100000000,PAXGUSDT,5m,2826.28190934,2826.28190934,2825.29748513,2826.28190934,0.1906
1739051400000000,PAXGUSDT,5m,2826.28190934,2826.28190934,2824.31306092,2825.29748513,1.744
1739051700000000,PAXGUSDT,5m,2825.29748513,2826.28190934,2824.31306092,2824.31306092,1.5371
1739052000000000,PAXGUSDT,5m,2824.31306092,2824.31306092,2822.34558404,2824.31306092,1.7485
1739052300000000,PAXGUSDT,5m,2824.31306092,2824.31306092,2823.32932248,2823.32932248,0.1982
1739052600000000,PAXGUSDT,5m,2823.32932248,2825.29679936,2823.32932248,2823.32932248,0.2199
1739052900000000,PAXGUSDT,5m,2823.32932248,2827.26427624,2819.39436872,2819.39436872,1.3265
1739053200000000,PAXGUSDT,5m,2819.39436872,2819.39436872,2817.43236846,2818.41336859,0.8121
1739053500000000,PAXGUSDT,5m,2818.41336859,2818.41336859,2817.43236846,2818.41336859,0.1495
1739053800000000,PAXGUSDT,5m,2818.41336859,2819.39471029,2818.41336859,2819.39471029,0.867
1739054100000000,PAXGUSDT,5m,2819.39471029,2820.376052,2815.46934349,2820.376052,4.7735
1739054400000000,PAXGUSDT,5m,2820.376052,2822.34010217,2818.41200182,2822.34010217,0.1226
1739054700000000,PAXGUSDT,5m,2822.34010217,2824.30552007,2820.37468427,2824.30552007,0.7932
1739055000000000,PAXGUSDT,5m,2824.30552007,2825.28857107,2824.30552007,2824.30552007,0.1668
1739055300000000,PAXGUSDT,5m,2824.30552007,2825.28857107,2824.30552007,2824.30552007,0.6087
1739055600000000,PAXGUSDT,5m,2824.30552007,2824.30552007,2823.32281112,2824.30552007,0.3465
1739055900000000,PAXGUSDT,5m,2824.30552007,2825.28857107,2824.30552007,2825.28857107,0.0951
1739056200000000,PAXGUSDT,5m,2825.28857107,2827.2553574,2825.28857107,2827.2553574,0.8229
1739056500000000,PAXGUSDT,5m,2827.2553574,2827.2553574,2825.28857107,2827.2553574,0.0967
1739056800000000,PAXGUSDT,5m,2827.2553574,2829.22351289,2825.28720192,2825.28720192,0.1209
1739057100000000,PAXGUSDT,5m,2825.28720192,2827.2539873,2824.30380923,2824.30380923,0.2066
1739057400000000,PAXGUSDT,5m,2824.30380923,2825.28651758,2823.32110087,2823.32110087,0.5954
1739057700000000,PAXGUSDT,5m,2823.32110087,2824.3034673,2823.32110087,2823.32110087,0.2536
1739058000000000,PAXGUSDT,5m,2823.32110087,2823.32110087,2821.35705141,2822.33907614,1.6483
1739058300000000,PAXGUSDT,5m,2822.33907614,2822.33907614,2820.37502668,2822.33907614,2.889
1739058600000000,PAXGUSDT,5m,2822.33907614,2826.26854231,2822.33907614,2824.30380923,8.4375
1739058900000000,PAXGUSDT,5m,2824.30380923,2826.26717649,2822.34044196,2824.30380923,2.2192
1739059200000000,PAXGUSDT,5m,2824.30380923,2825.28515176,2822.34112416,2825.28515176,0.9709
1739059500000000,PAXGUSDT,5m,2825.28515176,2826.26751795,2825.28515176,2826.26751795,0.1298
1739059800000000,PAXGUSDT,5m,2826.26751795,2827.25022571,2825.28481019,2827.25022571,1.222
1739060100000000,PAXGUSDT,5m,2827.25022571,2829.21700847,2827.25022571,2827.25022571,0.0671
1739060400000000,PAXGUSDT,5m,2827.25022571,2828.23361709,2827.25022571,2828.23361709,0.096
1739060700000000,PAXGUSDT,5m,2828.23361709,2828.23361709,2827.25022571,2828.23361709,0.2956
1739061000000000,PAXGUSDT,5m,2828.23361709,2829.21700847,2827.25022571,2829.21700847,0.684
1739061300000000,PAXGUSDT,5m,2829.21700847,2831.18379124,2827.25022571,2827.25022571,0.0841
1739061600000000,PAXGUSDT,5m,2827.25022571,2827.25022571,2825.28617553,2827.25022571,0.9333
1739061900000000,PAXGUSDT,5m,2827.25022571,2827.25022571,2826.26820062,2827.25022571,1.3057
1739062200000000,PAXGUSDT,5m,2827.25022571,2828.23225079,2826.26820062,2827.25022571,0.59
1739062500000000,PAXGUSDT,5m,2827.25022571,2827.25022571,2826.26820062,2827.25022571,0.1124
1739062800000000,PAXGUSDT,5m,2827.25022571,2828.23225079,2826.26820062,2828.23225079,0.0911
1739063100000000,PAXGUSDT,5m,2828.23225079,2828.23225079,2826.26820062,2826.26820062,0.418
1739063400000000,PAXGUSDT,5m,2826.26820062,2827.24988461,2825.28651663,2825.28651663,0.3112
1739063700000000,PAXGUSDT,5m,2825.28651663,2825.28651663,2824.30551437,2824.30551437,0.3382
1739064000000000,PAXGUSDT,5m,2824.30551437,2825.28651663,2823.32451211,2823.32451211,1.1312
1739064300000000,PAXGUSDT,5m,2823.32451211,2823.32451211,2823.32451211,2823.32451211,0.1806
1739064600000000,PAXGUSDT,5m,2823.32451211,2824.30517362,2823.32451211,2824.30517362,0.0288
1739064900000000,PAXGUSDT,5m,2824.30517362,2825.28583514,2823.32451211,2825.28583514,0.0145
1739065200000000,PAXGUSDT,5m,2825.28583514,2825.28583514,2824.30483312,2824.30483312,0.4098
1739065500000000,PAXGUSDT,5m,2824.30483312,2824.30483312,2823.32349023,2823.32349023,1.065
1739065800000000,PAXGUSDT,5m,2823.32349023,2824.30483312,2823.32349023,2823.32349023,0.3059
1739066100000000,PAXGUSDT,5m,2823.32349023,2823.32349023,2820.3804845,2822.34248832,1.9378
1739066400000000,PAXGUSDT,5m,2822.34248832,2823.32349023,2821.36148641,2823.32349023,0.3196
1739066700000000,PAXGUSDT,5m,2823.32349023,2824.30483312,2822.34214734,2824.30483312,0.9598
1739067000000000,PAXGUSDT,5m,2824.30483312,2824.30483312,2824.30483312,2824.30483312,0.0069
1739067300000000,PAXGUSDT,5m,2824.30483312,2825.28685844,2823.32280779,2823.32280779,0.1504
1739067600000000,PAXGUSDT,5m,2823.32280779,2823.32280779,2823.32280779,2823.32280779,0.1139
1739067900000000,PAXGUSDT,5m,2823.32280779,2823.32280779,2822.34146514,2822.34146514,0.3205
1739068200000000,PAXGUSDT,5m,2822.34146514,2822.34146514,2821.36046359,2821.36046359,0.1426
1739068500000000,PAXGUSDT,5m,2821.36046359,2822.34146514,2820.37946204,2820.37946204,0.0346
1739068800000000,PAXGUSDT,5m,2820.37946204,2820.37946204,2819.39914245,2819.39914245,0.0401
1739069100000000,PAXGUSDT,5m,2819.39914245,2820.37946204,2819.39914245,2819.39914245,1.0578
1739069400000000,PAXGUSDT,5m,2819.39914245,2820.37946204,2819.39914245,2819.39914245,0.0769
1739069700000000,PAXGUSDT,5m,2819.39914245,2819.39914245,2818.41882286,2818.41882286,0.5995
1739070000000000,PAXGUSDT,5m,2818.41882286,2819.39846096,2817.43918475,2819.39846096,0.5364
1739070300000000,PAXGUSDT,5m,2819.39846096,2820.37878031,2818.41814161,2818.41814161,0.0266
1739070600000000,PAXGUSDT,5m,2818.41814161,2818.41814161,2817.43850374,2818.41814161,0.4162
1739070900000000,PAXGUSDT,5m,2818.41814161,2818.41814161,2817.43850374,2818.41814161,0.5071
1739071200000000,PAXGUSDT,5m,2818.41814161,2819.3981201,2817.43816311,2817.43816311,0.0056
1739071500000000,PAXGUSDT,5m,2817.43816311,2817.43816311,2816.45886587,2817.43816311,0.091
1739071800000000,PAXGUSDT,5m,2817.43816311,2818.41780086,2817.43816311,2817.43816311,0.1692
1739072100000000,PAXGUSDT,5m,2817.43816311,2818.41780086,2817.43816311,2817.43816311,1.2427
1739072400000000,PAXGUSDT,5m,2817.43816311,2821.35671411,2817.43816311,2821.35671411,4.9171
1739072700000000,PAXGUSDT,5m,2821.35671411,2823.31667014,2819.39675807,2819.39675807,10.4805
1739073000000000,PAXGUSDT,5m,2819.39675807,2820.37537548,2819.39675807,2819.39675807,2.7085
1739073300000000,PAXGUSDT,5m,2819.39675807,2819.39675807,2818.41848022,2818.41848022,0.3727
1739073600000000,PAXGUSDT,5m,2818.41848022,2818.41848022,2818.41848022,2818.41848022,0.1131
1739073900000000,PAXGUSDT,5m,2818.41848022,2818.41848022,2816.46192453,2816.46192453,8.7636
1739074200000000,PAXGUSDT,5m,2816.46192453,2818.41848022,2816.46192453,2818.41848022,0.902
1739074500000000,PAXGUSDT,5m,2818.41848022,2822.33159161,2816.46192453,2821.35331377,19.8168
1739074800000000,PAXGUSDT,5m,2821.35331377,2821.35331377,2820.37537501,2821.35331377,3.0679
1739075100000000,PAXGUSDT,5m,2821.35331377,2821.35331377,2820.37537501,2821.35331377,0.3943
1739075400000000,PAXGUSDT,5m,2821.35331377,2822.33159161,2820.37503592,2821.35331377,1.8228
1739075700000000,PAXGUSDT,5m,2821.35331377,2821.35331377,2820.37503592,2821.35331377,0.098
1739076000000000,PAXGUSDT,5m,2821.35331377,2822.33159161,2820.37503592,2820.37503592,0.0737
1739076300000000,PAXGUSDT,5m,2820.37503592,2823.30783491,2817.44223692,2823.30783491,5.4567
1739076600000000,PAXGUSDT,5m,2823.30783491,2824.28746983,2822.3282,2823.30783491,1.214
1739076900000000,PAXGUSDT,5m,2823.30783491,2824.28780987,2822.32785996,2824.28780987,0.4354
1739077200000000,PAXGUSDT,5m,2824.28780987,2824.28780987,2822.32785996,2823.30783491,0.5738
1739077500000000,PAXGUSDT,5m,2823.30783491,2824.28815014,2820.36688925,2823.30783491,12.5057
1739077800000000,PAXGUSDT,5m,2823.30783491,2825.26846536,2822.32751969,2825.26846536,1.305
1739078100000000,PAXGUSDT,5m,2825.26846536,2832.13543732,2825.26846536,2827.23045735,8.3398
1739078400000000,PAXGUSDT,5m,2827.23045735,2827.23045735,2826.24946135,2827.23045735,1.0296
1739078700000000,PAXGUSDT,5m,2827.23045735,2828.21043324,2825.27050556,2825.27050556,2.6805
1739079000000000,PAXGUSDT,5m,2825.27050556,2825.27050556,2823.31191248,2823.31191248,0.8109
1739079300000000,PAXGUSDT,5m,2823.31191248,2824.29086946,2821.35399854,2824.29086946,0.1721
1739079600000000,PAXGUSDT,5m,2824.29086946,2824.29086946,2823.31123336,2824.29086946,0.2234
1739079900000000,PAXGUSDT,5m,2824.29086946,2824.29086946,2823.31123336,2824.29086946,0.0769
1739080200000000,PAXGUSDT,5m,2824.29086946,2825.27050556,2823.31123336,2824.29086946,1.2643
1739080500000000,PAXGUSDT,5m,2824.29086946,2824.29086946,2822.33159726,2824.29086946,0.744
1739080800000000,PAXGUSDT,5m,2824.29086946,2824.29086946,2822.33159726,2823.31123336,0.0823
1739081100000000,PAXGUSDT,5m,2823.31123336,2823.31123336,2822.33159726,2823.31123336,2.2694
1739081400000000,PAXGUSDT,5m,2823.31123336,2823.31123336,2822.33159726,2823.31123336,0.8189
1739081700000000,PAXGUSDT,5m,2823.31123336,2824.29086946,2822.33159726,2822.33159726,0.2763
1739082000000000,PAXGUSDT,5m,2822.33159726,2822.33159726,2820.37368426,2821.35264076,2.8676
1739082300000000,PAXGUSDT,5m,2821.35264076,2821.35264076,2820.37368426,2821.35264076,0.0623
1739082600000000,PAXGUSDT,5m,2821.35264076,2821.35264076,2820.37368426,2820.37368426,0.4449
1739082900000000,PAXGUSDT,5m,2820.37368426,2820.37368426,2819.39506743,2819.39506743,0.6912
1739083200000000,PAXGUSDT,5m,2819.39506743,2819.39506743,2818.41679017,2819.39506743,1.3146
1739083500000000,PAXGUSDT,5m,2819.39506743,2819.39506743,2818.41679017,2819.39506743,0.4446
1739083800000000,PAXGUSDT,5m,2819.39506743,2819.39506743,2818.41679017,2818.41679017,0.9047
1739084100000000,PAXGUSDT,5m,2818.41679017,2819.39472799,2817.43885235,2819.39472799,0.4501
1739084400000000,PAXGUSDT,5m,2819.39472799,2819.39472799,2818.41679017,2818.41679017,1.142
1739084700000000,PAXGUSDT,5m,2818.41679017,2818.41679017,2817.43919156,2818.41679017,1.7751
1739085000000000,PAXGUSDT,5m,2818.41679017,2818.41679017,2817.43919156,2818.41679017,0.3389
1739085300000000,PAXGUSDT,5m,2818.41679017,2819.39472799,2817.43885235,2817.43885235,3.1668
1739085600000000,PAXGUSDT,5m,2817.43885235,2818.41645085,2817.43885235,2817.43885235,0.4984
1739085900000000,PAXGUSDT,5m,2817.43885235,2818.41645085,2816.46125386,2816.46125386,0.2062
1739086200000000,PAXGUSDT,5m,2816.46125386,2818.41509448,2814.50741324,2818.41509448,4.3353
1739086500000000,PAXGUSDT,5m,2818.41509448,2819.39303171,2817.43715725,2819.39303171,0.7143
1739086800000000,PAXGUSDT,5m,2819.39303171,2820.37130827,2818.41475516,2819.39303171,0.5945
1739087100000000,PAXGUSDT,5m,2819.39303171,2820.37130827,2819.39303171,2820.37130827,0.3999
1739087400000000,PAXGUSDT,5m,2820.37130827,2821.34958482,2819.39303171,2821.34958482,1.2435
1739087700000000,PAXGUSDT,5m,2821.34958482,2822.3282007,2820.37096894,2822.3282007,0.1715
1739088000000000,PAXGUSDT,5m,2822.3282007,2823.30749571,2822.3282007,2822.3282007,0.3958
1739088300000000,PAXGUSDT,5m,2822.3282007,2823.30715603,2822.3282007,2822.3282007,1.2215
1739088600000000,PAXGUSDT,5m,2822.3282007,2823.30715603,2821.34924538,2821.34924538,0.6747
1739088900000000,PAXGUSDT,5m,2821.34924538,2822.3282007,2821.34924538,2821.34924538,1.4316
1739089200000000,PAXGUSDT,5m,2821.34924538,2822.3282007,2820.37029005,2821.34924538,1.1204
1739089500000000,PAXGUSDT,5m,2821.34924538,2822.32786114,2819.39201385,2822.32786114,3.5447
1739089800000000,PAXGUSDT,5m,2822.32786114,2823.30681635,2820.36995073,2822.32786114,2.0141
1739090100000000,PAXGUSDT,5m,2822.32786114,2823.30715603,2821.34856626,2823.30715603,2.8306
1739090400000000,PAXGUSDT,5m,2823.30715603,2825.26710546,2821.3472066,2821.3472066,0.8071
1739090700000000,PAXGUSDT,5m,2821.3472066,2822.32582165,2819.38997648,2822.32582165,1.6476
1739091000000000,PAXGUSDT,5m,2822.32582165,2824.28441001,2822.32582165,2822.32582165,1.1049
1739091300000000,PAXGUSDT,5m,2822.32582165,2823.30477615,2820.36791265,2822.32582165,4.2624
1739091600000000,PAXGUSDT,5m,2822.32582165,2823.30477615,2820.36791265,2823.30477615,0.8578
1739091900000000,PAXGUSDT,5m,2823.30477615,2824.28441001,2822.3251423,2822.3251423,0.7028
1739092200000000,PAXGUSDT,5m,2822.3251423,2823.30477615,2822.3251423,2822.3251423,0.3581
1739092500000000,PAXGUSDT,5m,2822.3251423,2822.3251423,2821.34584835,2821.34584835,0.2791
1739092800000000,PAXGUSDT,5m,2821.34584835,2822.3251423,2821.34584835,2821.34584835,0.1765
1739093100000000,PAXGUSDT,5m,2821.34584835,2822.3251423,2820.36655441,2820.36655441,7.663
1739093400000000,PAXGUSDT,5m,2820.36655441,2820.36655441,2819.38760038,2819.38760038,0.4979
1739093700000000,PAXGUSDT,5m,2819.38760038,2820.36655441,2818.40864635,2818.40864635,0.9294
1739094000000000,PAXGUSDT,5m,2818.40864635,2819.38726047,2818.40864635,2818.40864635,0.5817
1739094300000000,PAXGUSDT,5m,2818.40864635,2819.38726047,2818.40864635,2818.40864635,0.1994
1739094600000000,PAXGUSDT,5m,2818.40864635,2818.40864635,2816.45209749,2817.43037192,1.3475
1739094900000000,PAXGUSDT,5m,2817.43037192,2817.43037192,2816.45209749,2817.43037192,0.9558
1739095200000000,PAXGUSDT,5m,2817.43037192,2818.40864635,2816.45209749,2818.40864635,5.1637
1739095500000000,PAXGUSDT,5m,2818.40864635,2818.40864635,2817.43037192,2818.40864635,0.3184
1739095800000000,PAXGUSDT,5m,2818.40864635,2819.38692079,2817.43037192,2819.38692079,0.3312
1739096100000000,PAXGUSDT,5m,2819.38692079,2819.38692079,2818.40830679,2819.38692079,0.1693
1739096400000000,PAXGUSDT,5m,2819.38692079,2820.36553478,2819.38692079,2820.36553478,0.6605
1739096700000000,PAXGUSDT,5m,2820.36553478,2820.36553478,2819.38692079,2820.36553478,0.1282
1739097000000000,PAXGUSDT,5m,2820.36553478,2820.36553478,2819.38692079,2820.36553478,0.1004
1739097300000000,PAXGUSDT,5m,2820.36553478,2820.36553478,2819.38692079,2820.36553478,0.3093
1739097600000000,PAXGUSDT,5m,2820.36553478,2820.36553478,2819.38692079,2820.36553478,0.2355
1739097900000000,PAXGUSDT,5m,2820.36553478,2821.34414878,2819.38692079,2819.38692079,1.8095
1739098200000000,PAXGUSDT,5m,2819.38692079,2819.38692079,2817.43105057,2818.40898568,1.6085
1739098500000000,PAXGUSDT,5m,2818.40898568,2819.38692079,2818.40898568,2818.40898568,0.2552
1739098800000000,PAXGUSDT,5m,2818.40898568,2819.38658158,2817.43138978,2819.38658158,3.8937
1739099100000000,PAXGUSDT,5m,2819.38658158,2821.34313022,2817.43003295,2817.43003295,0.6068
1739099400000000,PAXGUSDT,5m,2817.43003295,2821.34041467,2817.43003295,2819.38522381,3.5254
1739099700000000,PAXGUSDT,5m,2819.38522381,2820.36315833,2818.40728929,2818.40728929,0.1244
1739100000000000,PAXGUSDT,5m,2818.40728929,2821.33905831,2817.43003295,2817.43003295,4.8036
1739100300000000,PAXGUSDT,5m,2817.43003295,2818.40661182,2817.43003295,2817.43003295,0.4719
1739100600000000,PAXGUSDT,5m,2817.43003295,2818.40627343,2816.45379246,2816.45379246,3.2296
1739100900000000,PAXGUSDT,5m,2816.45379246,2819.38149911,2815.47789025,2818.40559689,25.6915
1739101200000000,PAXGUSDT,5m,2818.40559689,2819.38149911,2814.50198804,2814.50198804,5.9575
1739101500000000,PAXGUSDT,5m,2814.50198804,2818.40424382,2813.52642409,2814.50198804,12.6626
1739101800000000,PAXGUSDT,5m,2814.50198804,2817.42766578,2811.57631029,2817.42766578,2.6135
1739102100000000,PAXGUSDT,5m,2817.42766578,2819.38217682,2816.45041026,2817.42766578,1.4642
1739102400000000,PAXGUSDT,5m,2817.42766578,2820.36044961,2816.45007117,2816.45007117,3.7258
1739102700000000,PAXGUSDT,5m,2816.45007117,2818.40390403,2816.45007117,2818.40390403,1.696
1739103000000000,PAXGUSDT,5m,2818.40390403,2820.35909231,2818.40390403,2820.35909231,0.7114
1739103300000000,PAXGUSDT,5m,2820.35909231,2823.29390926,2820.35909231,2822.31563694,3.1759
1739103600000000,PAXGUSDT,5m,2822.31563694,2822.31563694,2821.33736463,2822.31563694,4.4073
1739103900000000,PAXGUSDT,5m,2822.31563694,2823.29390926,2821.33736463,2821.33736463,3.6847
1739104200000000,PAXGUSDT,5m,2821.33736463,2822.31529786,2820.3594314,2821.33736463,0.7984
1739104500000000,PAXGUSDT,5m,2821.33736463,2822.31529786,2819.38149817,2821.33736463,6.9407
1739104800000000,PAXGUSDT,5m,2821.33736463,2821.33736463,2819.38149817,2821.33736463,0.7216
1739105100000000,PAXGUSDT,5m,2821.33736463,2821.33736463,2819.38149817,2820.3594314,0.4043
1739105400000000,PAXGUSDT,5m,2820.3594314,2822.31529786,2819.38149817,2821.33736463,5.1116
1739105700000000,PAXGUSDT,5m,2821.33736463,2822.31529786,2820.3594314,2822.31529786,1.2825
1739106000000000,PAXGUSDT,5m,2822.31529786,2823.29323108,2821.33736463,2823.29323108,4.7141
1739106300000000,PAXGUSDT,5m,2823.29323108,2823.29323108,2822.314959,2823.29323108,0.8714
1739106600000000,PAXGUSDT,5m,2823.29323108,2823.29323108,2822.314959,2823.29323108,1.7071
1739106900000000,PAXGUSDT,5m,2823.29323108,2825.24977525,2820.35841484,2825.24977525,4.7357
1739107200000000,PAXGUSDT,5m,2825.24977525,2827.20971266,2824.26980654,2827.20971266,1.9092
1739107500000000,PAXGUSDT,5m,2827.20971266,2827.20971266,2826.22974395,2826.22974395,1.0399
1739107800000000,PAXGUSDT,5m,2826.22974395,2828.18900201,2822.31122784,2828.18900201,5.2117
1739108100000000,PAXGUSDT,5m,2828.18900201,2830.15097842,2828.18900201,2830.15097842,2.6846
1739108400000000,PAXGUSDT,5m,2830.15097842,2830.15097842,2828.18900201,2828.18900201,4.8758
1739108700000000,PAXGUSDT,5m,2828.18900201,2828.18900201,2826.22770589,2827.20835395,0.9563
1739109000000000,PAXGUSDT,5m,2827.20835395,2829.16965007,2825.24705783,2826.22770589,9.6931
1739109300000000,PAXGUSDT,5m,2826.22770589,2826.22770589,2824.2677699,2824.2677699,0.9554
1739109600000000,PAXGUSDT,5m,2824.2677699,2824.2677699,2823.28814181,2824.2677699,0.5777
1739109900000000,PAXGUSDT,5m,2824.2677699,2827.20665415,2822.30851372,2822.30851372,5.0411
1739110200000000,PAXGUSDT,5m,2822.30851372,2822.30851372,2821.33024388,2822.30851372,2.0819
1739110500000000,PAXGUSDT,5m,2822.30851372,2823.28712278,2822.30851372,2823.28712278,1.4728
1739110800000000,PAXGUSDT,5m,2823.28712278,2824.26607116,2823.28712278,2824.26607116,1.5193
1739111100000000,PAXGUSDT,5m,2824.26607116,2825.24535898,2824.26607116,2824.26607116,0.5034
1739111400000000,PAXGUSDT,5m,2824.26607116,2825.24535898,2823.28678334,2823.28678334,1.9091
1739111700000000,PAXGUSDT,5m,2823.28678334,2825.24467986,2821.32888682,2821.32888682,6.7564
1739112000000000,PAXGUSDT,5m,2821.32888682,2823.2847474,2821.32888682,2823.2847474,3.5426
1739112300000000,PAXGUSDT,5m,2823.2847474,2824.26301654,2823.2847474,2823.2847474,0.8195
1739112600000000,PAXGUSDT,5m,2823.2847474,2835.02397712,2823.2847474,2826.21955483,33.6012
1739112900000000,PAXGUSDT,5m,2826.21955483,2827.19748547,2823.2857629,2827.19748547,2.6665
1739113200000000,PAXGUSDT,5m,2827.19748547,2828.17609311,2826.21887782,2826.21887782,1.7579
1739113500000000,PAXGUSDT,5m,2826.21887782,2829.15266905,2825.24094742,2827.19680823,9.9952
1739113800000000,PAXGUSDT,5m,2827.19680823,2829.15334582,2824.26200186,2829.15334582,10.9031
1739114100000000,PAXGUSDT,5m,2829.15334582,2829.15334582,2828.17372208,2829.15334582,1.922
1739114400000000,PAXGUSDT,5m,2829.15334582,2829.15334582,2826.21447461,2826.21447461,4.8889
1739114700000000,PAXGUSDT,5m,2826.21447461,2826.21447461,2825.23519032,2826.21447461,0.5489
1739115000000000,PAXGUSDT,5m,2826.21447461,2828.1730432,2824.25590602,2828.1730432,1.8421
1739115300000000,PAXGUSDT,5m,2828.1730432,2829.15368573,2828.1730432,2828.1730432,0.7436
1739115600000000,PAXGUSDT,5m,2828.1730432,2829.15334582,2827.19274059,2829.15334582,0.3218
1739115900000000,PAXGUSDT,5m,2829.15334582,2834.05655785,2828.17270341,2828.17270341,4.1459
1739116200000000,PAXGUSDT,5m,2828.17270341,2828.17270341,2827.19308003,2828.17270341,0.6222
1739116500000000,PAXGUSDT,5m,2828.17270341,2830.13195017,2828.17270341,2830.13195017,1.3224
1739116800000000,PAXGUSDT,5m,2830.13195017,2833.07285625,2830.13195017,2832.09255422,0.8519
1739117100000000,PAXGUSDT,5m,2832.09255422,2833.07285625,2831.1122522,2832.09255422,0.5668
1739117400000000,PAXGUSDT,5m,2832.09255422,2833.07251705,2830.13262858,2833.07251705,0.9863
1739117700000000,PAXGUSDT,5m,2833.07251705,2834.05281895,2832.09221514,2834.05281895,0.3865
1739118000000000,PAXGUSDT,5m,2834.05281895,2836.01478006,2832.09085785,2836.01478006,1.7515
1739118300000000,PAXGUSDT,5m,2836.01478006,2836.99711978,2836.01478006,2836.01478006,0.615
1739118600000000,PAXGUSDT,5m,2836.01478006,2836.99711978,2834.05010062,2835.03244034,0.277
1739118900000000,PAXGUSDT,5m,2835.03244034,2836.01512056,2835.03244034,2835.03244034,0.1835
1739119200000000,PAXGUSDT,5m,2835.03244034,2836.01512056,2835.03244034,2835.03244034,0.233
1739119500000000,PAXGUSDT,5m,2835.03244034,2836.01512056,2835.03244034,2835.03244034,0.2835
1739119800000000,PAXGUSDT,5m,2835.03244034,2836.01512056,2834.04976012,2834.04976012,0.6535
1739120100000000,PAXGUSDT,5m,2834.04976012,2835.03209972,2834.04976012,2834.04976012,0.3579
1739120400000000,PAXGUSDT,5m,2834.04976012,2834.04976012,2832.08576167,2832.08576167,2.2755
1739120700000000,PAXGUSDT,5m,2832.08576167,2833.06776089,2831.10376244,2832.08576167,4.2959
1739121000000000,PAXGUSDT,5m,2832.08576167,2834.04976012,2831.10376244,2832.08576167,1.4905
1739121300000000,PAXGUSDT,5m,2832.08576167,2833.06776089,2831.10376244,2831.10376244,1.1555
1739121600000000,PAXGUSDT,5m,2831.10376244,2832.08542117,2831.10376244,2831.10376244,0.4816
1739121900000000,PAXGUSDT,5m,2831.10376244,2832.08542117,2830.12210372,2831.10376244,3.2167
1739122200000000,PAXGUSDT,5m,2831.10376244,2834.04976012,2831.10376244,2831.10376244,3.5043
1739122500000000,PAXGUSDT,5m,2831.10376244,2831.10376244,2830.12210372,2830.12210372,0.5302
1739122800000000,PAXGUSDT,5m,2830.12210372,2831.10376244,2829.140445,2829.140445,0.8686
1739123100000000,PAXGUSDT,5m,2829.140445,2830.12142296,2828.15946703,2830.12142296,0.4723
1739123400000000,PAXGUSDT,5m,2830.12142296,2831.10308145,2830.12142296,2830.12142296,0.0955
1739123700000000,PAXGUSDT,5m,2830.12142296,2830.12142296,2829.14010485,2830.12142296,0.6553
1739124000000000,PAXGUSDT,5m,2830.12142296,2830.12142296,2828.15878674,2829.14010485,1.9619
1739124300000000,PAXGUSDT,5m,2829.14010485,2829.14010485,2828.15878674,2828.15878674,0.7449
1739124600000000,PAXGUSDT,5m,2828.15878674,2828.15878674,2827.17780902,2827.17780902,0.4074
1739124900000000,PAXGUSDT,5m,2827.17780902,2827.17780902,2826.19717155,2827.17780902,0.2575
1739125200000000,PAXGUSDT,5m,2827.17780902,2828.15878674,2826.19683129,2827.17780902,1.2686
1739125500000000,PAXGUSDT,5m,2827.17780902,2827.17780902,2826.19683129,2827.17780902,0.1701
1739125800000000,PAXGUSDT,5m,2827.17780902,2828.15912724,2827.17780902,2828.15912724,1.323
1739126100000000,PAXGUSDT,5m,2828.15912724,2828.15912724,2827.17780902,2827.17780902,0.7158
1739126400000000,PAXGUSDT,5m,2827.17780902,2828.15912724,2827.17780902,2828.15912724,1.6142
1739126700000000,PAXGUSDT,5m,2828.15912724,2829.14044547,2827.17780902,2828.15912724,2.2051
1739127000000000,PAXGUSDT,5m,2828.15912724,2830.12244493,2826.19580956,2826.19580956,2.3662
1739127300000000,PAXGUSDT,5m,2826.19580956,2827.1761064,2824.23521586,2827.1761064,0.815
1739127600000000,PAXGUSDT,5m,2827.1761064,2828.15640325,2826.19580956,2826.19580956,2.8592
1739127900000000,PAXGUSDT,5m,2826.19580956,2831.09729379,2821.29432532,2821.29432532,3.3372
1739128200000000,PAXGUSDT,5m,2821.29432532,2823.24813026,2819.34052039,2819.34052039,2.8934
1739128500000000,PAXGUSDT,5m,2819.34052039,2822.26717145,2817.38941968,2818.36497003,13.4759
1739128800000000,PAXGUSDT,5m,2818.36497003,2818.36497003,2816.41319374,2818.36497003,4.6196
1739129100000000,PAXGUSDT,5m,2818.36497003,2819.34085818,2818.36497003,2818.36497003,0.432
1739129400000000,PAXGUSDT,5m,2818.36497003,2821.29263448,2818.36497003,2818.36497003,2.9932
1739129700000000,PAXGUSDT,5m,2818.36497003,2821.29162109,2816.41386933,2820.31607074,9.9572
1739130000000000,PAXGUSDT,5m,2820.31607074,2821.29229645,2818.36361932,2820.31607074,3.749
1739130300000000,PAXGUSDT,5m,2820.31607074,2821.29229645,2819.33984503,2820.31607074,10.4263
1739130600000000,PAXGUSDT,5m,2820.31607074,2820.31607074,2819.34018283,2820.31607074,0.739
1739130900000000,PAXGUSDT,5m,2820.31607074,2820.31607074,2818.36429491,2819.34018283,0.606
1739131200000000,PAXGUSDT,5m,2819.34018283,2820.31640865,2819.34018283,2819.34018283,0.9455
1739131500000000,PAXGUSDT,5m,2819.34018283,2820.31640865,2819.34018283,2820.31640865,0.6175
1739131800000000,PAXGUSDT,5m,2820.31640865,2821.2929725,2820.31640865,2820.31640865,0.1493
1739132100000000,PAXGUSDT,5m,2820.31640865,2821.2929725,2820.31640865,2820.31640865,0.4202
1739132400000000,PAXGUSDT,5m,2820.31640865,2821.2929725,2820.31640865,2820.31640865,0.34
1739132700000000,PAXGUSDT,5m,2820.31640865,2820.31640865,2818.36328094,2819.3398448,2.3209
1739133000000000,PAXGUSDT,5m,2819.3398448,2821.29364926,2817.38604033,2821.29364926,3.6144
1739133300000000,PAXGUSDT,5m,2821.29364926,2822.27156734,2820.31573119,2822.27156734,4.5206
1739133600000000,PAXGUSDT,5m,2822.27156734,2822.27156734,2819.33577861,2821.2929711,5.1574
1739133900000000,PAXGUSDT,5m,2821.2929711,2823.25084269,2821.2929711,2821.2929711,0.7517
1739134200000000,PAXGUSDT,5m,2821.2929711,2822.27190689,2821.2929711,2822.27190689,0.2337
1739134500000000,PAXGUSDT,5m,2822.27190689,2822.27190689,2821.2929711,2822.27190689,0.8568
1739134800000000,PAXGUSDT,5m,2822.27190689,2823.25118236,2822.27190689,2822.27190689,0.7158
1739135100000000,PAXGUSDT,5m,2822.27190689,2823.25118236,2822.27190689,2822.27190689,1.628
1739135400000000,PAXGUSDT,5m,2822.27190689,2822.27190689,2821.2929711,2822.27190689,1.476
1739135700000000,PAXGUSDT,5m,2822.27190689,2823.25084269,2821.2929711,2823.25084269,0.9478
1739136000000000,PAXGUSDT,5m,2823.25084269,2825.21007298,2823.25084269,2823.25084269,2.8641
1739136300000000,PAXGUSDT,5m,2823.25084269,2824.23045784,2823.25084269,2824.23045784,1.3545
1739136600000000,PAXGUSDT,5m,2824.23045784,2825.21041289,2823.25050278,2825.21041289,2.3994
1739136900000000,PAXGUSDT,5m,2825.21041289,2826.19104823,2824.22977755,2824.22977755,4.3385
1739137200000000,PAXGUSDT,5m,2824.22977755,2824.22977755,2822.26918763,2824.22977755,6.0269
1739137500000000,PAXGUSDT,5m,2824.22977755,2827.17270542,2822.26782564,2824.22977755,15.0939
1739137800000000,PAXGUSDT,5m,2824.22977755,2825.2107535,2822.26782564,2825.2107535,5.8931
1739138100000000,PAXGUSDT,5m,2825.2107535,2844.85073094,2810.48077043,2810.48077043,68.1897
1739138400000000,PAXGUSDT,5m,2810.48077043,2818.24989488,2802.71164598,2818.24989488,17.9632
1739138700000000,PAXGUSDT,5m,2818.24989488,2820.20159149,2816.29819828,2818.24989488,0.9789
1739139000000000,PAXGUSDT,5m,2818.24989488,2826.05668129,2811.41895677,2811.41895677,11.233
1739139300000000,PAXGUSDT,5m,2811.41895677,2813.36188625,2810.44749203,2811.41895677,1.7864
1739139600000000,PAXGUSDT,5m,2811.41895677,2815.30481573,2808.50456255,2808.50456255,6.8271
1739139900000000,PAXGUSDT,5m,2808.50456255,2816.2601844,2808.50456255,2813.35182621,19.384
1739140200000000,PAXGUSDT,5m,2813.35182621,2814.32127894,2810.44346801,2814.32127894,3.3457
1739140500000000,PAXGUSDT,5m,2814.32127894,2815.29173455,2808.49854526,2812.38036771,11.4766
1739140800000000,PAXGUSDT,5m,2812.38036771,2819.17355701,2812.38036771,2819.17355701,12.8286
1739141100000000,PAXGUSDT,5m,2819.17355701,2820.1443468,2811.40723867,2811.40723867,4.2841
1739141400000000,PAXGUSDT,5m,2811.40723867,2816.26118763,2810.43644888,2815.29039784,5.0978
1739141700000000,PAXGUSDT,5m,2815.29039784,2817.23197742,2814.31960804,2817.23197742,1.133
1739142000000000,PAXGUSDT,5m,2817.23197742,2831.79382431,2801.69934074,2831.79382431,47.4788
1739142300000000,PAXGUSDT,5m,2831.79382431,2833.75557964,2830.81294664,2833.75557964,15.8924
1739142600000000,PAXGUSDT,5m,2833.75557964,2834.73679695,2832.77436234,2832.77436234,1.2916
1739142900000000,PAXGUSDT,5m,2832.77436234,2833.75490036,2831.79382431,2833.75490036,1.0638
1739143200000000,PAXGUSDT,5m,2833.75490036,2835.71665523,2831.7931455,2831.7931455,0.7833
1739143500000000,PAXGUSDT,5m,2831.7931455,2834.73170636,2829.83410493,2829.83410493,1.4379
1739143800000000,PAXGUSDT,5m,2829.83410493,2841.57209638,2829.83410493,2833.74676874,25.7516
1739144100000000,PAXGUSDT,5m,2833.74676874,2836.6822799,2832.76826503,2835.70377618,3.7273
1739144400000000,PAXGUSDT,5m,2835.70377618,2840.59629477,2834.72527246,2836.6822799,8.4171
1739144700000000,PAXGUSDT,5m,2836.6822799,2838.64063839,2835.70310065,2835.70310065,1.3423
1739145000000000,PAXGUSDT,5m,2835.70310065,2836.68160414,2835.70310065,2836.68160414,1.3342
1739145300000000,PAXGUSDT,5m,2836.68160414,2845.48813551,2835.70310065,2838.63861111,28.8264
1739145600000000,PAXGUSDT,5m,2838.63861111,2838.63861111,2832.7675902,2832.7675902,10.7332
1739145900000000,PAXGUSDT,5m,2832.7675902,2835.70208701,2829.83309338,2834.7239214,11.7225
1739146200000000,PAXGUSDT,5m,2834.7239214,2834.7239214,2833.74440381,2833.74440381,2.6145
1739146500000000,PAXGUSDT,5m,2833.74440381,2835.703439,2832.76488621,2834.7239214,4.3985
1739146800000000,PAXGUSDT,5m,2834.7239214,2836.6829566,2832.76488621,2832.76488621,4.7016
1739147100000000,PAXGUSDT,5m,2832.76488621,2834.72121556,2831.78672154,2831.78672154,2.6475
1739147400000000,PAXGUSDT,5m,2831.78672154,2831.78672154,2830.80956947,2830.80956947,0.0983
1739147700000000,PAXGUSDT,5m,2830.80956947,2832.76387362,2830.80956947,2830.80956947,0.4752
1739148000000000,PAXGUSDT,5m,2830.80956947,2832.76387362,2830.80956947,2832.76387362,0.6348
1739148300000000,PAXGUSDT,5m,2832.76387362,2833.74068875,2830.81024336,2833.74068875,1.3307
1739148600000000,PAXGUSDT,5m,2833.74068875,2833.74068875,2826.90062502,2831.78638483,14.9032
1739148900000000,PAXGUSDT,5m,2831.78638483,2831.78638483,2830.80923287,2830.80923287,0.1907
1739149200000000,PAXGUSDT,5m,2830.80923287,2831.78604765,2829.83241808,2829.83241808,1.0608
1739149500000000,PAXGUSDT,5m,2829.83241808,2830.8088958,2828.85594037,2829.83241808,2.4508
1739149800000000,PAXGUSDT,5m,2829.83241808,2841.55015066,2829.83241808,2829.83241808,27.3557
1739150100000000,PAXGUSDT,5m,2829.83241808,2831.78604765,2826.90197374,2831.78604765,8.0488
1739150400000000,PAXGUSDT,5m,2831.78604765,2833.74237652,2830.80788321,2831.78604765,15.487
1739150700000000,PAXGUSDT,5m,2831.78604765,2833.74237652,2829.82971877,2829.82971877,1.5632
1739151000000000,PAXGUSDT,5m,2829.82971877,2829.82971877,2828.85290492,2829.82971877,0.9728
1739151300000000,PAXGUSDT,5m,2829.82971877,2830.80686992,2829.82971877,2829.82971877,0.9422
1739151600000000,PAXGUSDT,5m,2829.82971877,2846.44702627,2824.94227539,2824.94227539,113.5397
1739151900000000,PAXGUSDT,5m,2824.94227539,2829.81286552,2822.99403933,2824.94227539,13.6899
1739152200000000,PAXGUSDT,5m,2824.94227539,2829.81118658,2822.99471091,2822.99471091,2.3007
1739152500000000,PAXGUSDT,5m,2822.99471091,2823.96715139,2822.99471091,2822.99471091,1.2382
1739152800000000,PAXGUSDT,5m,2822.99471091,2825.91102776,2821.05049967,2821.05049967,0.8986
1739153100000000,PAXGUSDT,5m,2821.05049967,2822.99203477,2820.07973213,2821.05049967,8.5705
1739153400000000,PAXGUSDT,5m,2821.05049967,2822.99203477,2820.07973213,2820.07973213,14.1347
1739153700000000,PAXGUSDT,5m,2820.07973213,2823.9614661,2820.07973213,2822.02059911,6.3834
1739154000000000,PAXGUSDT,5m,2822.02059911,2822.02059911,2820.07973213,2820.07973213,2.6541
1739154300000000,PAXGUSDT,5m,2820.07973213,2823.9614661,2820.07973213,2822.99103261,5.0687
1739154600000000,PAXGUSDT,5m,2822.99103261,2823.96179981,2821.0494982,2822.0202654,6.2294
1739154900000000,PAXGUSDT,5m,2822.0202654,2822.99069878,2822.0202654,2822.99069878,22.4653
1739155200000000,PAXGUSDT,5m,2822.99069878,2823.96113216,2822.0202654,2822.0202654,3.0126
1739155500000000,PAXGUSDT,5m,2822.0202654,2822.0202654,2818.14119974,2820.08073257,6.2104
1739155800000000,PAXGUSDT,5m,2820.08073257,2821.05016562,2819.11129953,2819.11129953,0.7866
1739156100000000,PAXGUSDT,5m,2819.11129953,2819.11129953,2818.14253276,2819.11129953,0.3996
1739156400000000,PAXGUSDT,5m,2819.11129953,2821.04883306,2814.26746568,2821.04883306,8.8324
1739156700000000,PAXGUSDT,5m,2821.04883306,2822.98903171,2819.10863442,2821.04883306,4.8465
1739157000000000,PAXGUSDT,5m,2821.04883306,2822.98903171,2820.07873374,2822.01893239,3.7124
1739157300000000,PAXGUSDT,5m,2822.01893239,2824.92923036,2820.07873374,2820.07873374,10.9832
1739157600000000,PAXGUSDT,5m,2820.07873374,2821.04750005,2819.10996743,2820.07873374,5.8061
1739157900000000,PAXGUSDT,5m,2820.07873374,2822.98503268,2816.20366849,2822.98503268,8.1888
1739158200000000,PAXGUSDT,5m,2822.98503268,2834.63020985,2822.98503268,2833.65977842,59.887
1739158500000000,PAXGUSDT,5m,2833.65977842,2849.18668131,2815.22158123,2849.18668131,30.5352
1739158800000000,PAXGUSDT,5m,2849.18668131,2857.03568043,2849.18668131,2856.05455554,7.0441
1739159100000000,PAXGUSDT,5m,2856.05455554,2858.01680532,2855.07343065,2857.03568043,12.0126
1739159400000000,PAXGUSDT,5m,2857.03568043,2858.9986043,2856.0542185,2857.03568043,3.5359
1739159700000000,PAXGUSDT,5m,2857.03568043,2858.01714237,2856.0542185,2858.01714237,0.8382
1739160000000000,PAXGUSDT,5m,2858.01714237,2858.99927884,2858.01714237,2858.01714237,0.4832
1739160300000000,PAXGUSDT,5m,2858.01714237,2859.98074054,2856.05354419,2856.05354419,4.253
1739160600000000,PAXGUSDT,5m,2856.05354419,2858.99489697,2851.15128957,2858.99489697,9.2059
1739160900000000,PAXGUSDT,5m,2858.99489697,2860.96119332,2858.01174879,2858.01174879,2.9241
1739161200000000,PAXGUSDT,5m,2858.01174879,2859.97804514,2856.04545244,2856.04545244,0.8451
1739161500000000,PAXGUSDT,5m,2856.04545244,2858.00972029,2853.09905066,2858.00972029,1.5957
1739161800000000,PAXGUSDT,5m,2858.00972029,2859.97669188,2858.00972029,2858.99320608,0.8023
1739162100000000,PAXGUSDT,5m,2858.99320608,2858.99320608,2856.0437633,2857.02691089,0.4371
1739162400000000,PAXGUSDT,5m,2857.02691089,2858.01005849,2857.02691089,2858.01005849,1.2625
1739162700000000,PAXGUSDT,5m,2858.01005849,2858.99320608,2857.02691089,2858.99320608,0.3883
1739163000000000,PAXGUSDT,5m,2858.99320608,2862.92714926,2857.02623449,2857.02623449,9.7705
1739163300000000,PAXGUSDT,5m,2857.02623449,2858.00836795,2856.04410103,2856.04410103,4.3371
1739163600000000,PAXGUSDT,5m,2856.04410103,2858.00701794,2855.06264258,2856.04410103,3.6478
1739163900000000,PAXGUSDT,5m,2856.04410103,2857.02589687,2855.06230519,2855.06230519,1.7983
1739164200000000,PAXGUSDT,5m,2855.06230519,2857.02589687,2855.06230519,2856.04410103,7.8271
1739164500000000,PAXGUSDT,5m,2856.04410103,2857.02623449,2855.06196757,2855.06196757,1.3345
1739164800000000,PAXGUSDT,5m,2855.06196757,2856.04342579,2854.08050935,2856.04342579,0.2882
1739165100000000,PAXGUSDT,5m,2856.04342579,2867.8249731,2853.09803897,2853.09803897,55.515
1739165400000000,PAXGUSDT,5m,2853.09803897,2853.09803897,2849.17894825,2850.15872093,5.2844
1739165700000000,PAXGUSDT,5m,2850.15872093,2851.13883053,2848.19850173,2850.15872093,4.1403
1739166000000000,PAXGUSDT,5m,2850.15872093,2853.10107336,2848.19715265,2848.19715265,2.6261
1739166300000000,PAXGUSDT,5m,2848.19715265,2849.1765877,2847.21771759,2849.1765877,5.1916
1739166600000000,PAXGUSDT,5m,2849.1765877,2849.1765877,2847.21704397,2847.21704397,6.2885
1739166900000000,PAXGUSDT,5m,2847.21704397,2848.19681584,2845.25750024,2847.21704397,7.5235
1739167200000000,PAXGUSDT,5m,2847.21704397,2848.19715311,2844.27671656,2848.19715311,10.7835
1739167500000000,PAXGUSDT,5m,2848.19715311,2849.17759963,2848.19715311,2848.19715311,1.0798
1739167800000000,PAXGUSDT,5m,2848.19715311,2848.19715311,2847.21704397,2847.21704397,0.11
1739168100000000,PAXGUSDT,5m,2847.21704397,2848.19715311,2847.21704397,2847.21704397,1.0271
1739168400000000,PAXGUSDT,5m,2847.21704397,2851.13748052,2845.2568257,2845.2568257,4.259
1739168700000000,PAXGUSDT,5m,2845.2568257,2846.23558622,2845.2568257,2845.2568257,2.0023
1739169000000000,PAXGUSDT,5m,2845.2568257,2849.17052147,2841.34312993,2841.34312993,2.2325
1739169300000000,PAXGUSDT,5m,2841.34312993,2843.29594307,2841.34312993,2841.34312993,0.2288
1739169600000000,PAXGUSDT,5m,2841.34312993,2844.27033782,2839.391658,2844.27033782,3.2446
1739169900000000,PAXGUSDT,5m,2844.27033782,2847.20056138,2842.31685545,2842.31685545,0.7687
1739170200000000,PAXGUSDT,5m,2842.31685545,2846.21711871,2841.34178963,2843.29192126,5.6782
1739170500000000,PAXGUSDT,5m,2843.29192126,2848.16725035,2843.29192126,2847.19218453,12.3637
1739170800000000,PAXGUSDT,5m,2847.19218453,2851.0924478,2843.29192126,2851.0924478,20.0826
1739171100000000,PAXGUSDT,5m,2851.0924478,2860.86985674,2850.1147069,2855.00341137,34.6823
1739171400000000,PAXGUSDT,5m,2855.00341137,2856.95889316,2854.02567048,2854.02567048,18.4494
1739171700000000,PAXGUSDT,5m,2854.02567048,2858.91437495,2854.02567048,2855.98115227,12.0051
1739172000000000,PAXGUSDT,5m,2855.98115227,2857.93596483,2854.02633971,2854.02633971,9.8137
1739172300000000,PAXGUSDT,5m,2854.02633971,2856.95755471,2853.04926804,2854.02633971,14.1939
1739172600000000,PAXGUSDT,5m,2854.02633971,2855.00341137,2853.04926804,2854.02633971,6.1615
1739172900000000,PAXGUSDT,5m,2854.02633971,2855.98115227,2854.02633971,2854.02633971,3.4101
1739173200000000,PAXGUSDT,5m,2854.02633971,2856.95655155,2852.07286514,2853.04960242,12.2334
1739173500000000,PAXGUSDT,5m,2853.04960242,2854.02533758,2848.17092663,2851.09813211,15.5776
1739173800000000,PAXGUSDT,5m,2851.09813211,2851.09813211,2848.17092663,2849.14666179,4.7448
1739174100000000,PAXGUSDT,5m,2849.14666179,2852.07386726,2846.21945632,2846.21945632,1.4839
1739174400000000,PAXGUSDT,5m,2846.21945632,2846.21945632,2845.24572404,2846.21945632,0.2611
1739174700000000,PAXGUSDT,5m,2846.21945632,2848.16692088,2846.21945632,2847.1931886,3.5944
1739175000000000,PAXGUSDT,5m,2847.1931886,2849.14065316,2846.21945632,2847.1931886,8.8391
1739175300000000,PAXGUSDT,5m,2847.1931886,2850.11438544,2843.29825947,2850.11438544,4.6231
1739175600000000,PAXGUSDT,5m,2850.11438544,2853.04258515,2848.1622523,2848.1622523,2.3791
1739175900000000,PAXGUSDT,5m,2848.1622523,2849.13664924,2847.18785536,2847.18785536,3.5834
1739176200000000,PAXGUSDT,5m,2847.18785536,2848.16191894,2846.21379178,2848.16191894,1.516
1739176500000000,PAXGUSDT,5m,2848.16191894,2849.13631577,2846.21312529,2849.13631577,7.5573
1739176800000000,PAXGUSDT,5m,2849.13631577,2851.08711092,2843.28393032,2846.21012304,21.4504
1739177100000000,PAXGUSDT,5m,2846.21012304,2849.1353133,2843.28493278,2847.18518646,27.1749
1739177400000000,PAXGUSDT,5m,2847.18518646,2849.1353133,2844.2599962,2849.1353133,10.2499
1739177700000000,PAXGUSDT,5m,2849.1353133,2853.04091346,2845.22971315,2845.22971315,7.5956
1739178000000000,PAXGUSDT,5m,2845.22971315,2846.20343995,2842.30853274,2846.20343995,5.007
1739178300000000,PAXGUSDT,5m,2846.20343995,2848.15222697,2844.25465293,2844.25465293,6.1249
1739178600000000,PAXGUSDT,5m,2844.25465293,2844.25465293,2841.33547265,2842.30853274,5.375
1739178900000000,PAXGUSDT,5m,2842.30853274,2844.25398691,2841.33580566,2844.25398691,2.1385
1739179200000000,PAXGUSDT,5m,2844.25398691,2847.17516526,2843.28026079,2843.28026079,1.7881
1739179500000000,PAXGUSDT,5m,2843.28026079,2843.28026079,2842.30753405,2843.28026079,0.4218
1739179800000000,PAXGUSDT,5m,2843.28026079,2843.28026079,2842.30753405,2843.28026079,2.0965
1739180100000000,PAXGUSDT,5m,2843.28026079,2845.22571427,2841.33480731,2841.33480731,7.7231
1739180400000000,PAXGUSDT,5m,2841.33480731,2842.30620383,2840.3634108,2841.33480731,1.4739
1739180700000000,PAXGUSDT,5m,2841.33480731,2841.33480731,2840.36374278,2841.33480731,0.524
1739181000000000,PAXGUSDT,5m,2841.33480731,2842.30620383,2841.33480731,2842.30620383,0.4365
1739181300000000,PAXGUSDT,5m,2842.30620383,2842.30620383,2841.33480731,2841.33480731,1.8753
1739181600000000,PAXGUSDT,5m,2841.33480731,2842.30587184,2838.42161373,2842.30587184,8.9066
1739181900000000,PAXGUSDT,5m,2842.30587184,2844.2499935,2840.36175018,2840.36175018,2.63
1739182200000000,PAXGUSDT,5m,2840.36175018,2841.33248215,2838.42028623,2840.36175018,16.8476
1739182500000000,PAXGUSDT,5m,2840.36175018,2841.3321505,2839.39134985,2841.3321505,1.3428
1739182800000000,PAXGUSDT,5m,2841.3321505,2843.27427774,2840.36108688,2840.36108688,4.0014
1739183100000000,PAXGUSDT,5m,2840.36108688,2842.30255037,2840.36108688,2840.36108688,2.1003
1739183400000000,PAXGUSDT,5m,2840.36108688,2842.30188708,2838.42028668,2842.30188708,1.9657
1739183700000000,PAXGUSDT,5m,2842.30188708,2845.2170685,2842.30188708,2842.30188708,7.3979
1739184000000000,PAXGUSDT,5m,2842.30188708,2847.16052278,2842.30188708,2846.18879564,9.5046
1739184300000000,PAXGUSDT,5m,2846.18879564,2847.16085465,2846.18879564,2846.18879564,2.7347
1739184600000000,PAXGUSDT,5m,2846.18879564,2847.16151908,2846.18879564,2846.18879564,1.3509
1739184900000000,PAXGUSDT,5m,2846.18879564,2850.07968941,2844.24334875,2844.24334875,12.976
1739185200000000,PAXGUSDT,5m,2844.24334875,2845.21474334,2843.27195417,2845.21474334,1.1073
1739185500000000,PAXGUSDT,5m,2845.21474334,2846.18613793,2844.24334875,2844.24334875,5.1012
1739185800000000,PAXGUSDT,5m,2844.24334875,2844.24334875,2841.3311542,2841.3311542,3.4079
1739186100000000,PAXGUSDT,5m,2841.3311542,2844.24334875,2840.36042268,2842.30188572,47.6629
1739186400000000,PAXGUSDT,5m,2842.30188572,2845.21408027,2841.3311542,2844.24334875,4.5542
1739186700000000,PAXGUSDT,5m,2844.24334875,2845.21441169,2841.33015994,2841.33015994,8.8803
1739187000000000,PAXGUSDT,5m,2841.33015994,2843.27162229,2840.35942876,2841.33015994,2.7157
1739187300000000,PAXGUSDT,5m,2841.33015994,2843.27162229,2841.33015994,2843.27162229,1.6712
1739187600000000,PAXGUSDT,5m,2843.27162229,2845.21308465,2842.30089111,2844.24235347,3.5813
1739187900000000,PAXGUSDT,5m,2844.24235347,2846.18381583,2843.27162229,2846.18381583,15.299
1739188200000000,PAXGUSDT,5m,2846.18381583,2848.12594058,2845.21275346,2846.18381583,14.2901
1739188500000000,PAXGUSDT,5m,2846.18381583,2847.1548782,2845.21275346,2845.21275346,2.639
1739188800000000,PAXGUSDT,5m,2845.21275346,2846.18348452,2843.27129132,2845.21275346,2.2563
1739189100000000,PAXGUSDT,5m,2845.21275346,2847.15421559,2844.24202239,2846.18348452,5.3645
1739189400000000,PAXGUSDT,5m,2846.18348452,2847.15388462,2845.21308442,2846.18348452,5.5739
1739189700000000,PAXGUSDT,5m,2846.18348452,2846.18348452,2843.27228423,2843.27228423,4.6536
1739190000000000,PAXGUSDT,5m,2843.27228423,2844.24268433,2841.33148404,2843.27228423,19.1719
1739190300000000,PAXGUSDT,5m,2843.27228423,2845.21308442,2841.33148404,2845.21308442,3.9536
1739190600000000,PAXGUSDT,5m,2845.21308442,2847.15653598,2845.21308442,2845.21308442,3.2607
1739190900000000,PAXGUSDT,5m,2845.21308442,2846.18447844,2844.2416904,2844.2416904,4.3605
1739191200000000,PAXGUSDT,5m,2844.2416904,2845.21275278,2843.27062803,2844.2416904,4.1877
1739191500000000,PAXGUSDT,5m,2844.2416904,2846.18381515,2844.2416904,2845.21275278,11.5976
1739191800000000,PAXGUSDT,5m,2845.21275278,2845.21275278,2844.24202171,2844.24202171,7.0144
1739192100000000,PAXGUSDT,5m,2844.24202171,2846.18282145,2842.30122197,2846.18282145,3.5537
1739192400000000,PAXGUSDT,5m,2846.18282145,2846.18282145,2843.26864109,2844.24003455,4.0307
1739192700000000,PAXGUSDT,5m,2844.24003455,2848.12560836,2844.24003455,2847.15421491,45.9243
1739193000000000,PAXGUSDT,5m,2847.15421491,2848.12560836,2846.18282145,2848.12560836,4.2749
1739193300000000,PAXGUSDT,5m,2848.12560836,2849.09733324,2848.12560836,2848.12560836,4.2104
1739193600000000,PAXGUSDT,5m,2848.12560836,2848.12560836,2847.15421491,2847.15421491,6.9244
1739193900000000,PAXGUSDT,5m,2847.15421491,2849.0963392,2845.21209061,2849.0963392,4.6555
1739194200000000,PAXGUSDT,5m,2849.0963392,2850.06872703,2848.12395137,2849.0963392,10.6693
1739194500000000,PAXGUSDT,5m,2849.0963392,2850.06839527,2847.15222706,2847.15222706,13.5551
1739194800000000,PAXGUSDT,5m,2847.15222706,2849.09567568,2843.26532983,2846.18050275,39.8337
1739195100000000,PAXGUSDT,5m,2846.18050275,2850.06474773,2840.3541353,2850.06474773,40.2634
1739195400000000,PAXGUSDT,5m,2850.06474773,2850.06474773,2847.14360176,2850.06474773,24.3367
1739195700000000,PAXGUSDT,5m,2850.06474773,2852.98589369,2849.0910324,2849.0910324,20.1769
1739196000000000,PAXGUSDT,5m,2849.0910324,2852.01018305,2846.17188176,2852.01018305,21.9222
1739196300000000,PAXGUSDT,5m,2852.01018305,2852.98489603,2850.06075709,2852.98489603,8.8343
1739196600000000,PAXGUSDT,5m,2852.98489603,2854.93565494,2852.00951658,2852.98489603,5.3724
1739196900000000,PAXGUSDT,5m,2852.98489603,2853.95994213,2852.00984993,2852.98489603,5.579
1739197200000000,PAXGUSDT,5m,2852.98489603,2852.98489603,2852.01018305,2852.98489603,5.6551
1739197500000000,PAXGUSDT,5m,2852.98489603,2853.95994213,2852.00984993,2852.00984993,0.515
1739197800000000,PAXGUSDT,5m,2852.00984993,2852.9845628,2851.03513706,2851.03513706,7.8349
1739198100000000,PAXGUSDT,5m,2851.03513706,2852.00951681,2844.21447884,2850.06075732,41.0983
1739198400000000,PAXGUSDT,5m,2850.06075732,2851.03513706,2842.26571935,2851.03513706,64.4932
1739198700000000,PAXGUSDT,5m,2851.03513706,2852.9852295,2848.10999841,2852.9852295,7.3216
1739199000000000,PAXGUSDT,5m,2852.9852295,2856.89209047,2849.07836852,2849.07836852,10.3542
1739199300000000,PAXGUSDT,5m,2849.07836852,2850.05274552,2848.10399151,2850.05274552,1.1632
1739199600000000,PAXGUSDT,5m,2850.05274552,2850.05274552,2848.10399151,2850.05274552,0.4353
1739199900000000,PAXGUSDT,5m,2850.05274552,2851.02712253,2849.07836852,2850.05274552,3.5759
1739200200000000,PAXGUSDT,5m,2850.05274552,2850.05274552,2849.07870152,2850.05274552,5.1395
1739200500000000,PAXGUSDT,5m,2850.05274552,2850.05274552,2849.07870152,2850.05274552,0.8921
1739200800000000,PAXGUSDT,5m,2850.05274552,2851.02712253,2850.05274552,2851.02712253,0.2448
1739201100000000,PAXGUSDT,5m,2851.02712253,2852.00149954,2850.05274552,2852.00149954,1.7168
1739201400000000,PAXGUSDT,5m,2852.00149954,2852.97620955,2850.05207951,2852.97620955,27.2598
1739201700000000,PAXGUSDT,5m,2852.97620955,2853.95191961,2852.00049949,2852.00049949,3.0595
1739202000000000,PAXGUSDT,5m,2852.00049949,2855.90333973,2852.00049949,2853.95191961,14.1603
1739202300000000,PAXGUSDT,5m,2853.95191961,2856.87704969,2850.05174616,2856.87704969,2.8271
1739202600000000,PAXGUSDT,5m,2856.87704969,2857.8537598,2854.92362949,2857.8537598,2.0525
1739202900000000,PAXGUSDT,5m,2857.8537598,2859.80851613,2856.87638163,2858.83113796,5.3119
1739203200000000,PAXGUSDT,5m,2858.83113796,2858.83113796,2856.87704969,2857.85409383,3.4993
1739203500000000,PAXGUSDT,5m,2857.85409383,2857.85409383,2856.87738361,2856.87738361,3.6399
1739203800000000,PAXGUSDT,5m,2856.87738361,2857.85409383,2855.9006734,2856.87738361,5.6154
1739204100000000,PAXGUSDT,5m,2856.87738361,2858.83013644,2853.94825437,2858.83013644,6.6916
1739204400000000,PAXGUSDT,5m,2858.83013644,2858.83013644,2857.85242435,2857.85242435,1.2955
1739204700000000,PAXGUSDT,5m,2857.85242435,2859.80784852,2857.85242435,2858.83013644,2.7412
1739205000000000,PAXGUSDT,5m,2858.83013644,2858.83013644,2856.87471227,2857.85242435,2.9331
1739205300000000,PAXGUSDT,5m,2857.85242435,2858.83013644,2856.87471227,2858.83013644,3.4832
1739205600000000,PAXGUSDT,5m,2858.83013644,2860.78689902,2857.85175515,2857.85175515,2.4052
1739205900000000,PAXGUSDT,5m,2857.85175515,2858.829467,2854.91861958,2858.829467,18.1355
1739206200000000,PAXGUSDT,5m,2858.829467,2858.829467,2856.87270488,2856.87270488,3.2741
1739206500000000,PAXGUSDT,5m,2856.87270488,2858.82812767,2854.91728208,2858.82812767,1.5618
1739206800000000,PAXGUSDT,5m,2858.82812767,2860.78622913,2858.82812767,2858.82812767,1.4314
1739207100000000,PAXGUSDT,5m,2858.82812767,2860.78622913,2856.87002621,2860.78622913,5.5805
1739207400000000,PAXGUSDT,5m,2860.78622913,2862.74567175,2857.84706519,2862.74567175,5.8647
1739207700000000,PAXGUSDT,5m,2862.74567175,2863.72673607,2862.74567175,2862.74567175,1.9785
1739208000000000,PAXGUSDT,5m,2862.74567175,2863.72673607,2862.74567175,2862.74567175,2.788
1739208300000000,PAXGUSDT,5m,2862.74567175,2868.63205764,2862.74567175,2862.74567175,9.2316
1739208600000000,PAXGUSDT,5m,2862.74567175,2864.70780038,2862.74567175,2862.74567175,1.6367
1739208900000000,PAXGUSDT,5m,2862.74567175,2863.72673607,2862.74567175,2863.72673607,1.0704
1739209200000000,PAXGUSDT,5m,2863.72673607,2866.66992901,2861.76460744,2864.70780038,8.9595
1739209500000000,PAXGUSDT,5m,2864.70780038,2865.6888647,2864.70780038,2864.70780038,1.0658
1739209800000000,PAXGUSDT,5m,2864.70780038,2865.6888647,2863.72673607,2864.70780038,6.0013
1739210100000000,PAXGUSDT,5m,2864.70780038,2866.66925728,2863.72707193,2865.68852883,2.7901
1739210400000000,PAXGUSDT,5m,2865.68852883,2866.66892176,2864.7081359,2864.7081359,14.1739
1739210700000000,PAXGUSDT,5m,2864.7081359,2867.64730294,2861.76896887,2867.64730294,2.1909
1739211000000000,PAXGUSDT,5m,2867.64730294,2867.64730294,2863.72305073,2865.68517683,3.6386
1739211300000000,PAXGUSDT,5m,2865.68517683,2868.62937393,2863.72237877,2863.72237877,2.4503
1739211600000000,PAXGUSDT,5m,2863.72237877,2864.70243434,2862.74232319,2864.70243434,3.6028
1739211900000000,PAXGUSDT,5m,2864.70243434,2866.66388756,2863.72170772,2863.72170772,5.8802
1739212200000000,PAXGUSDT,5m,2863.72170772,2864.70176307,2862.74165238,2864.70176307,3.918
1739212500000000,PAXGUSDT,5m,2864.70176307,2866.66321583,2862.7403103,2862.7403103,3.1142
1739212800000000,PAXGUSDT,5m,2862.7403103,2863.7196946,2860.7815417,2863.7196946,2.4479
1739213100000000,PAXGUSDT,5m,2863.7196946,2864.69974925,2862.73963995,2862.73963995,1.5964
1739213400000000,PAXGUSDT,5m,2862.73963995,2863.7193592,2862.73963995,2862.73963995,1.0094
1739213700000000,PAXGUSDT,5m,2862.73963995,2863.7193592,2861.7599207,2862.73963995,1.9183
1739214000000000,PAXGUSDT,5m,2862.73963995,2863.71902402,2860.78087181,2863.71902402,7.4642
1739214300000000,PAXGUSDT,5m,2863.71902402,2863.71902402,2861.75958575,2862.73930489,5.8641
1739214600000000,PAXGUSDT,5m,2862.73930489,2863.71902402,2862.73930489,2862.73930489,3.4115
1739214900000000,PAXGUSDT,5m,2862.73930489,2862.73930489,2861.75992093,2862.73930489,1.0608
1739215200000000,PAXGUSDT,5m,2862.73930489,2863.71902402,2861.75958575,2861.75958575,2.2855
1739215500000000,PAXGUSDT,5m,2861.75958575,2863.71902402,2861.75958575,2861.75958575,2.4395
1739215800000000,PAXGUSDT,5m,2861.75958575,2863.71902402,2860.77986662,2862.73930489,2.7351
1739216100000000,PAXGUSDT,5m,2862.73930489,2863.71969506,2853.91579333,2862.73930489,71.4352
1739216400000000,PAXGUSDT,5m,2862.73930489,2862.73930489,2861.75891471,2862.73930489,0.5196
1739216700000000,PAXGUSDT,5m,2862.73930489,2863.72003093,2861.75857885,2863.72003093,2.6228
1739217000000000,PAXGUSDT,5m,2863.72003093,2863.72003093,2862.73930489,2863.72003093,0.248
1739217300000000,PAXGUSDT,5m,2863.72003093,2863.72003093,2861.75857885,2861.75857885,2.1788
1739217600000000,PAXGUSDT,5m,2861.75857885,2863.71935897,2860.77818879,2862.73896891,5.7338
1739217900000000,PAXGUSDT,5m,2862.73896891,2863.71935897,2862.73896891,2863.71935897,1.2817
1739218200000000,PAXGUSDT,5m,2863.71935897,2864.69974902,2863.71935897,2864.69974902,2.0918
1739218500000000,PAXGUSDT,5m,2864.69974902,2865.68047472,2864.69974902,2865.68047472,0.5346
1739218800000000,PAXGUSDT,5m,2865.68047472,2865.68047472,2864.69974902,2865.68047472,1.4324
1739219100000000,PAXGUSDT,5m,2865.68047472,2866.66120041,2864.69974902,2866.66120041,0.0875
1739219400000000,PAXGUSDT,5m,2866.66120041,2867.6425976,2866.66120041,2866.66120041,1.7343
1739219700000000,PAXGUSDT,5m,2866.66120041,2867.6425976,2866.66120041,2866.66120041,0.4858
1739220000000000,PAXGUSDT,5m,2866.66120041,2866.66120041,2865.68013908,2865.68013908,1.5343
1739220300000000,PAXGUSDT,5m,2865.68013908,2866.66120041,2864.69907775,2865.68013908,1.6762
1739220600000000,PAXGUSDT,5m,2865.68013908,2867.6429337,2864.69874177,2864.69874177,1.6394
1739220900000000,PAXGUSDT,5m,2864.69874177,2865.67946712,2863.71801642,2863.71801642,6.3809
1739221200000000,PAXGUSDT,5m,2863.71801642,2864.69773521,2862.73829764,2864.69773521,6.4782
1739221500000000,PAXGUSDT,5m,2864.69773521,2865.67778918,2863.71768125,2865.67778918,1.7477
1739221800000000,PAXGUSDT,5m,2865.67778918,2865.67778918,2864.69739992,2865.67778918,0.6978
1739222100000000,PAXGUSDT,5m,2865.67778918,2866.65851395,2865.67778918,2865.67778918,1.9893
1739222400000000,PAXGUSDT,5m,2865.67778918,2865.67778918,2864.69739992,2865.67778918,2.0302
1739222700000000,PAXGUSDT,5m,2865.67778918,2866.65851395,2865.67778918,2865.67778918,0.2587
1739223000000000,PAXGUSDT,5m,2865.67778918,2866.65851395,2865.67778918,2866.65851395,0.1938
1739223300000000,PAXGUSDT,5m,2866.65851395,2868.62063477,2866.65851395,2866.65851395,4.1056
1739223600000000,PAXGUSDT,5m,2866.65851395,2868.62063477,2866.65851395,2868.62063477,0.6973
1739223900000000,PAXGUSDT,5m,2868.62063477,2869.60203081,2868.62063477,2868.62063477,2.3325
1739224200000000,PAXGUSDT,5m,2868.62063477,2869.60203081,2868.62063477,2868.62063477,0.1409
1739224500000000,PAXGUSDT,5m,2868.62063477,2868.62063477,2867.63957436,2868.62063477,0.2382
1739224800000000,PAXGUSDT,5m,2868.62063477,2868.62063477,2867.63957436,2867.63957436,7.0037
1739225100000000,PAXGUSDT,5m,2867.63957436,2868.62029925,2866.65884947,2867.63957436,2.712
1739225400000000,PAXGUSDT,5m,2867.63957436,2869.60169518,2867.63957436,2868.62063477,1.9096
1739225700000000,PAXGUSDT,5m,2868.62063477,2869.60169518,2867.63957436,2867.63957436,6.0863
1739226000000000,PAXGUSDT,5m,2867.63957436,2868.61996396,2866.65918476,2866.65918476,12.0156
1739226300000000,PAXGUSDT,5m,2866.65918476,2868.61996396,2866.65918476,2868.61996396,0.3903
1739226600000000,PAXGUSDT,5m,2868.61996396,2868.61996396,2867.63957436,2868.61996396,0.9441
1739226900000000,PAXGUSDT,5m,2868.61996396,2869.60068873,2867.63923918,2868.61996396,2.8784
1739227200000000,PAXGUSDT,5m,2868.61996396,2869.60102414,2868.61996396,2869.60102414,0.2843
1739227500000000,PAXGUSDT,5m,2869.60102414,2870.58208431,2868.61996396,2870.58208431,0.1839
1739227800000000,PAXGUSDT,5m,2870.58208431,2871.5634799,2869.60068873,2871.5634799,4.4639
1739228100000000,PAXGUSDT,5m,2871.5634799,2871.5634799,2870.58174879,2871.5634799,1.0792
1739228400000000,PAXGUSDT,5m,2871.5634799,2873.52694211,2869.60001769,2869.60001769,20.6965
1739228700000000,PAXGUSDT,5m,2869.60001769,2870.58040717,2868.61962821,2870.58040717,5.3256
1739229000000000,PAXGUSDT,5m,2870.58040717,2870.58040717,2869.59968274,2870.58040717,0.5704
1739229300000000,PAXGUSDT,5m,2870.58040717,2870.58040717,2870.58040717,2870.58040717,0.1358
1739229600000000,PAXGUSDT,5m,2870.58040717,2870.58040717,2869.59968274,2869.59968274,0.1199
1739229900000000,PAXGUSDT,5m,2869.59968274,2870.58040717,2869.59968274,2869.59968274,0.0807
1739230200000000,PAXGUSDT,5m,2869.59968274,2870.58040717,2869.59968274,2870.58040717,0.8268
1739230500000000,PAXGUSDT,5m,2870.58040717,2872.54185603,2869.59968274,2872.54185603,6.7916
1739230800000000,PAXGUSDT,5m,2872.54185603,2872.54185603,2871.5611316,2872.54185603,1.6915
1739231100000000,PAXGUSDT,5m,2872.54185603,2873.52224575,2871.56146632,2872.54185603,0.7911
1739231400000000,PAXGUSDT,5m,2872.54185603,2873.52224575,2872.54185603,2873.52224575,2.7046
1739231700000000,PAXGUSDT,5m,2873.52224575,2874.50230108,2872.54219041,2874.50230108,4.8424
1739232000000000,PAXGUSDT,5m,2874.50230108,2875.48269068,2873.52191148,2875.48269068,3.8972
1739232300000000,PAXGUSDT,5m,2875.48269068,2876.46308028,2874.50230108,2876.46308028,1.7152
1739232600000000,PAXGUSDT,5m,2876.46308028,2877.44413863,2875.48202193,2875.48202193,1.3006
1739232900000000,PAXGUSDT,5m,2875.48202193,2875.48202193,2874.50163256,2875.48202193,0.8745
1739233200000000,PAXGUSDT,5m,2875.48202193,2876.46274567,2875.48202193,2875.48202193,3.1805
1739233500000000,PAXGUSDT,5m,2875.48202193,2875.48202193,2874.50163256,2875.48202193,5.1709
1739233800000000,PAXGUSDT,5m,2875.48202193,2876.46274567,2874.50129818,2874.50129818,0.8947
1739234100000000,PAXGUSDT,5m,2874.50129818,2875.48135318,2873.52124319,2875.48135318,17.8841
1739234400000000,PAXGUSDT,5m,2875.48135318,2875.48135318,2874.50129818,2875.48135318,6.4021
1739234700000000,PAXGUSDT,5m,2875.48135318,2876.46174232,2873.52057489,2876.46174232,3.1561
1739235000000000,PAXGUSDT,5m,2876.46174232,2878.42385811,2875.48068443,2875.48068443,1.2113
1739235300000000,PAXGUSDT,5m,2875.48068443,2877.44146225,2873.5199066,2877.44146225,3.3494
1739235600000000,PAXGUSDT,5m,2877.44146225,2878.42251969,2875.47934738,2876.46040482,6.1145
1739235900000000,PAXGUSDT,5m,2876.46040482,2877.44112776,2875.47968187,2875.47968187,1.7909
1739236200000000,PAXGUSDT,5m,2875.47968187,2885.28356759,2874.4992933,2884.30317902,128.8689
1739236500000000,PAXGUSDT,5m,2884.30317902,2886.26462287,2879.3995694,2886.26462287,32.6972
1739236800000000,PAXGUSDT,5m,2886.26462287,2891.17490634,2885.28256617,2888.22873625,9.6361
1739237100000000,PAXGUSDT,5m,2888.22873625,2890.19284964,2885.28256617,2890.19284964,2.4714
1739237400000000,PAXGUSDT,5m,2890.19284964,2891.17657764,2889.20912165,2889.20912165,0.6894
1739237700000000,PAXGUSDT,5m,2889.20912165,2889.20912165,2887.24300452,2888.22606308,1.726
1739238000000000,PAXGUSDT,5m,2888.22606308,2889.20945636,2887.2426698,2887.2426698,0.4679
1739238300000000,PAXGUSDT,5m,2887.2426698,2890.19084135,2886.25994595,2890.19084135,13.3905
1739238600000000,PAXGUSDT,5m,2890.19084135,2890.19084135,2888.22539365,2890.19084135,0.4431
1739238900000000,PAXGUSDT,5m,2890.19084135,2891.1735652,2889.2081175,2889.2081175,3.6492
1739239200000000,PAXGUSDT,5m,2889.2081175,2889.2081175,2887.24400593,2889.2081175,20.2607
1739239500000000,PAXGUSDT,5m,2889.2081175,2891.17289691,2887.24333809,2891.17289691,7.1992
1739239800000000,PAXGUSDT,5m,2891.17289691,2894.12207021,2889.20678137,2889.20678137,4.7002
1739240100000000,PAXGUSDT,5m,2889.20678137,2891.16955772,2887.24400503,2887.24400503,16.1783
1739240400000000,PAXGUSDT,5m,2887.24400503,2887.24400503,2886.26394935,2887.24400503,32.4818
1739240700000000,PAXGUSDT,5m,2887.24400503,2888.2240607,2886.26394935,2887.24400503,9.4816
1739241000000000,PAXGUSDT,5m,2887.24400503,2888.2240607,2883.32378234,2888.2240607,15.6795
1739241300000000,PAXGUSDT,5m,2888.2240607,2888.2240607,2877.43612702,2878.41684827,31.4897
1739241600000000,PAXGUSDT,5m,2878.41684827,2882.3383971,2871.5541378,2875.47568664,34.1912
1739241900000000,PAXGUSDT,5m,2875.47568664,2875.47568664,2873.51758266,2875.47568664,3.121
1739242200000000,PAXGUSDT,5m,2875.47568664,2885.26620651,2875.47568664,2878.4128426,47.2862
1739242500000000,PAXGUSDT,5m,2878.4128426,2880.37094657,2875.47568664,2880.37094657,3.5955
1739242800000000,PAXGUSDT,5m,2880.37094657,2882.33171645,2877.42979176,2882.33171645,2.3658
1739243100000000,PAXGUSDT,5m,2882.33171645,2883.31377155,2882.33171645,2882.33171645,1.1089
1739243400000000,PAXGUSDT,5m,2882.33171645,2883.31377155,2882.33171645,2882.33171645,0.856
1739243700000000,PAXGUSDT,5m,2882.33171645,2882.33171645,2881.34999584,2882.33171645,0.1659
1739244000000000,PAXGUSDT,5m,2882.33171645,2883.31377155,2881.34966135,2881.34966135,8.5399
1739244300000000,PAXGUSDT,5m,2881.34966135,2884.29281728,2879.38755739,2884.29281728,1.8963
1739244600000000,PAXGUSDT,5m,2884.29281728,2884.29281728,2882.33071333,2883.31176531,0.508
1739244900000000,PAXGUSDT,5m,2883.31176531,2889.19807718,2883.31176531,2885.27386926,3.7203
1739245200000000,PAXGUSDT,5m,2885.27386926,2888.2170252,2885.27386926,2888.2170252,0.4993
1739245500000000,PAXGUSDT,5m,2888.2170252,2892.14390083,2885.27186848,2885.27186848,1.1649
1739245800000000,PAXGUSDT,5m,2885.27186848,2886.25192006,2882.33171372,2886.25192006,1.7097
1739246100000000,PAXGUSDT,5m,2886.25192006,2889.19607367,2882.32638192,2889.19607367,16.9268
1739246400000000,PAXGUSDT,5m,2889.19607367,2892.14724433,2889.19607367,2892.14724433,2.8346
1739246700000000,PAXGUSDT,5m,2892.14724433,2892.14724433,2892.14724433,2892.14724433,0.2162
1739247000000000,PAXGUSDT,5m,2892.14724433,2893.13063339,2891.16385526,2893.13063339,0.4557
1739247300000000,PAXGUSDT,5m,2893.13063339,2893.13063339,2892.14690996,2893.13063339,0.168
1739247600000000,PAXGUSDT,5m,2893.13063339,2893.13063339,2892.14690996,2893.13063339,0.0766
1739247900000000,PAXGUSDT,5m,2893.13063339,2893.13063339,2892.14657536,2893.13063339,3.5848
1739248200000000,PAXGUSDT,5m,2893.13063339,2893.13063339,2891.16184766,2893.13063339,1.9812
1739248500000000,PAXGUSDT,5m,2893.13063339,2894.11502626,2892.14624053,2893.13063339,7.9779
1739248800000000,PAXGUSDT,5m,2893.13063339,2894.11502626,2892.14624053,2893.13063339,2.3157
1739249100000000,PAXGUSDT,5m,2893.13063339,2894.11536132,2893.13063339,2893.13063339,4.18
1739249400000000,PAXGUSDT,5m,2893.13063339,2894.11502626,2891.16184766,2894.11502626,1.5147
1739249700000000,PAXGUSDT,5m,2894.11502626,2894.11502626,2889.18971138,2889.18971138,7.3952
1739250000000000,PAXGUSDT,5m,2889.18971138,2894.11334756,2885.25080243,2885.25080243,10.7793
1739250300000000,PAXGUSDT,5m,2885.25080243,2885.25080243,2884.26875655,2884.26875655,1.6427
1739250600000000,PAXGUSDT,5m,2884.26875655,2885.25046817,2883.28704492,2885.25046817,1.9422
1739250900000000,PAXGUSDT,5m,2885.25046817,2886.23284831,2883.2857079,2886.23284831,2.6643
1739251200000000,PAXGUSDT,5m,2886.23284831,2889.18300114,2885.24946404,2889.18300114,5.7504
1739251500000000,PAXGUSDT,5m,2889.18300114,2889.18300114,2888.19961686,2889.18300114,0.9832
1739251800000000,PAXGUSDT,5m,2889.18300114,2892.13315396,2886.23284831,2892.13315396,1.8038
1739252100000000,PAXGUSDT,5m,2892.13315396,2893.11854857,2891.14775936,2891.14775936,5.2742
1739252400000000,PAXGUSDT,5m,2891.14775936,2894.10293595,2888.19258278,2888.19258278,5.5066
1739252700000000,PAXGUSDT,5m,2888.19258278,2888.19258278,2886.22648844,2887.20953561,1.2284
1739253000000000,PAXGUSDT,5m,2887.20953561,2890.15767332,2887.20953561,2888.19224818,2.9881
1739253300000000,PAXGUSDT,5m,2888.19224818,2892.12309847,2887.20953561,2888.19224818,15.835
1739253600000000,PAXGUSDT,5m,2888.19224818,2890.15700481,2887.20986987,2890.15700481,4.286
1739253900000000,PAXGUSDT,5m,2890.15700481,2894.08651808,2890.15700481,2894.08651808,8.5033
1739254200000000,PAXGUSDT,5m,2894.08651808,2895.06889639,2893.10413976,2895.06889639,12.354
1739254500000000,PAXGUSDT,5m,2895.06889639,2895.06889639,2888.18757813,2892.11975999,13.4333
1739254800000000,PAXGUSDT,5m,2892.11975999,2892.11975999,2889.17162568,2891.13704856,0.2634
1739255100000000,PAXGUSDT,5m,2891.13704856,2891.13704856,2889.17162568,2889.17162568,5.7077
1739255400000000,PAXGUSDT,5m,2889.17162568,2889.17162568,2886.22549554,2887.20753892,6.1045
1739255700000000,PAXGUSDT,5m,2887.20753892,2888.1895823,2887.20753892,2888.1895823,4.4965
1739256000000000,PAXGUSDT,5m,2888.1895823,2889.17195971,2885.24245007,2889.17195971,8.9958
1739256300000000,PAXGUSDT,5m,2889.17195971,2890.15467126,2886.22382506,2887.20653661,9.0738
1739256600000000,PAXGUSDT,5m,2887.20653661,2889.17195971,2886.22382506,2886.22382506,4.2185
1739256900000000,PAXGUSDT,5m,2886.22382506,2886.22382506,2884.25973943,2885.24178225,0.311
1739257200000000,PAXGUSDT,5m,2885.24178225,2890.15199631,2880.33156818,2890.15199631,7.4025
1739257500000000,PAXGUSDT,5m,2890.15199631,2894.09356057,2887.19582311,2887.19582311,6.6349
1739257800000000,PAXGUSDT,5m,2887.19582311,2892.11438499,2882.27726123,2882.27726123,2.8164
1739258100000000,PAXGUSDT,5m,2882.27726123,2882.27726123,2879.33616198,2879.33616198,2.8636
1739258400000000,PAXGUSDT,5m,2879.33616198,2880.3165284,2878.35579557,2879.33616198,0.9288
1739258700000000,PAXGUSDT,5m,2879.33616198,2883.25896329,2875.41336067,2883.25896329,5.1023
1739259000000000,PAXGUSDT,5m,2883.25896329,2885.22571566,2881.29221093,2884.24233948,5.4451
1739259300000000,PAXGUSDT,5m,2884.24233948,2885.22638667,2883.25829228,2883.25829228,8.9538
1739259600000000,PAXGUSDT,5m,2883.25829228,2883.25829228,2881.29154037,2883.25829228,3.2004
1739259900000000,PAXGUSDT,5m,2883.25829228,2884.24166823,2882.27491632,2884.24166823,2.8063
1739260200000000,PAXGUSDT,5m,2884.24166823,2890.14393631,2883.25795688,2885.22537958,34.6215
1739260500000000,PAXGUSDT,5m,2885.22537958,2888.17550778,2883.25862744,2883.25862744,17.0183
1739260800000000,PAXGUSDT,5m,2883.25862744,2885.22270008,2882.27659112,2882.27659112,1.0134
1739261100000000,PAXGUSDT,5m,2882.27659112,2882.27659112,2879.33248838,2881.29522354,6.9362
1739261400000000,PAXGUSDT,5m,2881.29522354,2884.24133318,2878.34911391,2884.24133318,8.4888
1739261700000000,PAXGUSDT,5m,2884.24133318,2885.22538003,2882.27323947,2885.22538003,13.4595
1739262000000000,PAXGUSDT,5m,2885.22538003,2887.19414522,2881.28784966,2887.19414522,11.1907
1739262300000000,PAXGUSDT,5m,2887.19414522,2888.17987214,2885.22269138,2886.2084183,5.6453
1739262600000000,PAXGUSDT,5m,2886.2084183,2886.2084183,2884.23831016,2886.2084183,0.3757
1739262900000000,PAXGUSDT,5m,2886.2084183,2887.19380868,2886.2084183,2887.19380868,1.1828
1739263200000000,PAXGUSDT,5m,2887.19380868,2889.16458944,2885.22302792,2885.22302792,5.2191
1739263500000000,PAXGUSDT,5m,2885.22302792,2886.20774568,2884.23831016,2884.23831016,0.9963
1739263800000000,PAXGUSDT,5m,2884.23831016,2886.20774568,2884.23831016,2885.22302792,2.1087
1739264100000000,PAXGUSDT,5m,2885.22302792,2886.20808187,2885.22302792,2886.20808187,0.2357
1739264400000000,PAXGUSDT,5m,2886.20808187,2887.19313583,2883.25292002,2887.19313583,2.3285
1739264700000000,PAXGUSDT,5m,2887.19313583,2890.15031555,2884.2359561,2890.15031555,2.3843
1739265000000000,PAXGUSDT,5m,2890.15031555,2891.13772598,2889.16290512,2889.16290512,0.1045
1739265300000000,PAXGUSDT,5m,2889.16290512,2889.16290512,2888.17616916,2889.16290512,1.1097
1739265600000000,PAXGUSDT,5m,2889.16290512,2890.1499782,2888.17583204,2888.17583204,1.01
1739265900000000,PAXGUSDT,5m,2888.17583204,2895.08062399,2869.4342539,2895.08062399,216.5771
1739266200000000,PAXGUSDT,5m,2895.08062399,2899.04513015,2895.08062399,2897.06287707,45.1819
1739266500000000,PAXGUSDT,5m,2897.06287707,2899.04580854,2893.09701413,2899.04580854,16.4057
1739266800000000,PAXGUSDT,5m,2899.04580854,2901.03213661,2898.05264451,2898.05264451,21.5953
1739267100000000,PAXGUSDT,5m,2898.05264451,2898.05264451,2897.0605005,2898.05264451,2.0079
1739267400000000,PAXGUSDT,5m,2898.05264451,2904.00550855,2898.05264451,2903.01336455,28.1731
1739267700000000,PAXGUSDT,5m,2903.01336455,2904.99765256,2901.02907653,2902.02122054,33.9305
1739268000000000,PAXGUSDT,5m,2902.02122054,2904.0041527,2898.05535621,2904.0041527,47.1737
1739268300000000,PAXGUSDT,5m,2904.0041527,2908.96996008,2899.03834533,2904.0041527,86.091
1739268600000000,PAXGUSDT,5m,2904.0041527,2905.99047565,2903.01099123,2904.0041527,6.5429
1739268900000000,PAXGUSDT,5m,2904.0041527,2907.9781577,2901.02364895,2901.02364895,4.3997
1739269200000000,PAXGUSDT,5m,2901.02364895,2902.01477422,2899.04139842,2901.02364895,12.2786
1739269500000000,PAXGUSDT,5m,2901.02364895,2902.01477422,2899.04139842,2902.01477422,3.973
1739269800000000,PAXGUSDT,5m,2902.01477422,2902.01477422,2901.02263241,2901.02263241,1.2954
1739270100000000,PAXGUSDT,5m,2901.02263241,2902.01443502,2901.02263241,2901.02263241,0.6123
1739270400000000,PAXGUSDT,5m,2901.02263241,2902.01443502,2899.0390272,2900.0308298,1.5458
1739270700000000,PAXGUSDT,5m,2900.0308298,2903.99804024,2897.05542198,2897.05542198,26.0244
1739271000000000,PAXGUSDT,5m,2897.05542198,2898.04654597,2895.073174,2898.04654597,2.4532
1739271300000000,PAXGUSDT,5m,2898.04654597,2900.0308298,2898.04654597,2898.04654597,0.9263
1739271600000000,PAXGUSDT,5m,2898.04654597,2900.03015072,2895.07113884,2899.03834834,8.2541
1739271900000000,PAXGUSDT,5m,2899.03834834,2900.02981153,2898.04688516,2900.02981153,2.2481
1739272200000000,PAXGUSDT,5m,2900.02981153,2902.01341605,2898.046207,2899.03800927,10.6834
1739272500000000,PAXGUSDT,5m,2899.03800927,2899.03800927,2897.05576105,2897.05576105,1.784
1739272800000000,PAXGUSDT,5m,2897.05576105,2898.0465462,2896.06497591,2897.05576105,1.9587
1739273100000000,PAXGUSDT,5m,2897.05576105,2901.01754671,2896.06531464,2900.0271003,20.334
1739273400000000,PAXGUSDT,5m,2900.0271003,2900.0271003,2896.06666725,2897.05677551,39.2571
1739273700000000,PAXGUSDT,5m,2897.05677551,2898.04688377,2896.06666725,2896.06666725,5.5873
1739274000000000,PAXGUSDT,5m,2896.06666725,2897.05643713,2896.06666725,2896.06666725,8.8655
1739274300000000,PAXGUSDT,5m,2896.06666725,2901.01551664,2896.06666725,2897.05643713,39.3247
1739274600000000,PAXGUSDT,5m,2897.05643713,2900.02574677,2896.06666725,2896.06666725,14.1307
1739274900000000,PAXGUSDT,5m,2896.06666725,2900.02304248,2896.06666725,2899.03394867,8.7637
1739275200000000,PAXGUSDT,5m,2899.03394867,2900.02304248,2897.05576105,2900.02304248,26.4615
1739275500000000,PAXGUSDT,5m,2900.02304248,2901.01281143,2899.03327352,2901.01281143,30.7118
1739275800000000,PAXGUSDT,5m,2901.01281143,2901.01281143,2899.03192184,2900.02236663,20.1551
1739276100000000,PAXGUSDT,5m,2900.02236663,2900.02236663,2899.03225999,2899.03225999,4.7974
1739276400000000,PAXGUSDT,5m,2899.03225999,2900.0227049,2897.05137016,2898.04181508,2.0064
1739276700000000,PAXGUSDT,5m,2898.04181508,2899.03225999,2897.05137016,2899.03225999,3.1232
1739277000000000,PAXGUSDT,5m,2899.03225999,2900.02338213,2898.04113785,2899.03225999,9.4983
1739277300000000,PAXGUSDT,5m,2899.03225999,2900.02338213,2898.04113785,2899.03225999,2.7328
1739277600000000,PAXGUSDT,5m,2899.03225999,2899.03225999,2894.07664929,2896.05889357,24.7517
1739277900000000,PAXGUSDT,5m,2896.05889357,2899.03225999,2890.11216073,2899.03225999,8.8987
1739278200000000,PAXGUSDT,5m,2899.03225999,2901.01789852,2895.06098292,2895.06098292,6.7279
1739278500000000,PAXGUSDT,5m,2895.06098292,2897.0452605,2893.07670534,2894.06884413,11.16
1739278800000000,PAXGUSDT,5m,2894.06884413,2894.06884413,2891.09344779,2891.09344779,5.9464
1739279100000000,PAXGUSDT,5m,2891.09344779,2892.08524657,2890.10164901,2892.08524657,1.4347
1739279400000000,PAXGUSDT,5m,2892.08524657,2894.06952461,2890.10096853,2892.08524657,13.5567
1739279700000000,PAXGUSDT,5m,2892.08524657,2892.08524657,2887.12455146,2887.12455146,8.1662
1739280000000000,PAXGUSDT,5m,2887.12455146,2890.09994606,2884.14915687,2884.14915687,5.1425
1739280300000000,PAXGUSDT,5m,2884.14915687,2885.13891293,2883.15940081,2885.13891293,1.7901
1739280600000000,PAXGUSDT,5m,2885.13891293,2887.11910436,2884.14881722,2884.14881722,15.7003
1739280900000000,PAXGUSDT,5m,2884.14881722,2887.11910436,2884.14881722,2887.11910436,1.9874
1739281200000000,PAXGUSDT,5m,2887.11910436,2894.04977437,2887.11910436,2893.05967865,40.5729
1739281500000000,PAXGUSDT,5m,2893.05967865,2896.03098267,2889.09793996,2890.08837463,54.1712
1739281800000000,PAXGUSDT,5m,2890.08837463,2892.06924398,2888.10750529,2892.06924398,6.7165
1739282100000000,PAXGUSDT,5m,2892.06924398,2893.06103727,2891.07745068,2893.06103727,16.8388
1739282400000000,PAXGUSDT,5m,2893.06103727,2893.06103727,2892.06924398,2893.06103727,51.195
1739282700000000,PAXGUSDT,5m,2893.06103727,2895.0453041,2892.06890386,2892.06890386,6.6158
1739283000000000,PAXGUSDT,5m,2892.06890386,2892.06890386,2891.07779046,2892.06890386,4.3262
1739283300000000,PAXGUSDT,5m,2892.06890386,2899.00907606,2886.12018482,2886.12018482,25.7084
1739283600000000,PAXGUSDT,5m,2886.12018482,2887.10723003,2883.1590492,2887.10723003,16.5846
1739283900000000,PAXGUSDT,5m,2887.10723003,2889.08267117,2884.14406832,2889.08267117,6.7269
1739284200000000,PAXGUSDT,5m,2889.08267117,2892.04684628,2887.10655443,2887.10655443,7.0589
1739284500000000,PAXGUSDT,5m,2887.10655443,2888.09326207,2883.15972387,2883.15972387,4.5965
1739284800000000,PAXGUSDT,5m,2883.15972387,2887.10655443,2882.17301623,2885.13313915,14.246
1739285100000000,PAXGUSDT,5m,2885.13313915,2888.09326207,2882.17301623,2882.17301623,6.4491
1739285400000000,PAXGUSDT,5m,2882.17301623,2884.14643151,2879.21289331,2881.18630859,42.1652
1739285700000000,PAXGUSDT,5m,2881.18630859,2886.12153694,2880.19926293,2880.19926293,13.1104
1739286000000000,PAXGUSDT,5m,2880.19926293,2881.18597045,2874.27901778,2875.2657253,29.7124
1739286300000000,PAXGUSDT,5m,2875.2657253,2879.2125554,2875.2657253,2879.2125554,12.2402
1739286600000000,PAXGUSDT,5m,2879.2125554,2881.18664697,2877.23846383,2877.23846383,24.5141
1739286900000000,PAXGUSDT,5m,2877.23846383,2878.22415704,2876.25277063,2878.22415704,17.6351
1739287200000000,PAXGUSDT,5m,2878.22415704,2880.19554344,2877.23846383,2878.22415704,12.1706
1739287500000000,PAXGUSDT,5m,2878.22415704,2880.19621881,2878.22415704,2878.22415704,1.4386
1739287800000000,PAXGUSDT,5m,2878.22415704,2879.20985024,2877.23846383,2877.23846383,1.2843
1739288100000000,PAXGUSDT,5m,2877.23846383,2881.17853704,2874.28340892,2878.22348213,37.6683
1739288400000000,PAXGUSDT,5m,2878.22348213,2881.1795487,2876.25277109,2876.25277109,21.1655
1739288700000000,PAXGUSDT,5m,2876.25277109,2879.20479241,2873.30074977,2873.30074977,5.0399
1739289000000000,PAXGUSDT,5m,2873.30074977,2880.17702507,2868.38912456,2868.38912456,22.7963
1739289300000000,PAXGUSDT,5m,2868.38912456,2868.38912456,2862.51929688,2862.51929688,43.7425
1739289600000000,PAXGUSDT,5m,2862.51929688,2864.47590611,2862.51929688,2863.49760149,4.1743
1739289900000000,PAXGUSDT,5m,2863.49760149,2865.45421072,2863.49760149,2864.47590611,5.6779
1739290200000000,PAXGUSDT,5m,2864.47590611,2865.45421072,2863.49760149,2863.49760149,1.8123
1739290500000000,PAXGUSDT,5m,2863.49760149,2864.47557199,2863.49760149,2863.49760149,3.496
1739290800000000,PAXGUSDT,5m,2863.49760149,2865.45421072,2862.51929688,2862.51929688,2.6005
1739291100000000,PAXGUSDT,5m,2862.51929688,2862.51929688,2854.69820591,2861.54166051,22.0741
1739291400000000,PAXGUSDT,5m,2861.54166051,2862.51929688,2859.58638776,2860.56402414,29.6959
1739291700000000,PAXGUSDT,5m,2860.56402414,2860.56402414,2858.61075406,2860.56402414,29.4705
1739292000000000,PAXGUSDT,5m,2860.56402414,2862.51796131,2856.65614979,2862.51796131,38.2658
1739292300000000,PAXGUSDT,5m,2862.51796131,2864.47523855,2861.53932269,2861.53932269,1.1262
1739292600000000,PAXGUSDT,5m,2861.53932269,2864.47323177,2858.60541361,2858.60541361,12.2333
1739292900000000,PAXGUSDT,5m,2858.60541361,2859.58104686,2856.65414712,2858.60541361,36.9088
1739293200000000,PAXGUSDT,5m,2858.60541361,2863.48357985,2853.72724738,2863.48357985,20.7455
1739293500000000,PAXGUSDT,5m,2863.48357985,2864.46254859,2861.52564236,2863.48357985,5.4392
1739293800000000,PAXGUSDT,5m,2863.48357985,2887.95779848,2861.52564236,2861.52564236,107.7229
1739294100000000,PAXGUSDT,5m,2861.52564236,2862.50327326,2860.54801146,2860.54801146,1.478
1739294400000000,PAXGUSDT,5m,2860.54801146,2860.54801146,2859.57071456,2860.54801146,4.2052
1739294700000000,PAXGUSDT,5m,2860.54801146,2861.52564236,2859.57038056,2859.57038056,2.9239
1739295000000000,PAXGUSDT,5m,2859.57038056,2862.50327326,2857.61511876,2857.61511876,16.3772
1739295300000000,PAXGUSDT,5m,2857.61511876,2860.54600606,2854.68423146,2854.68423146,4.9954
1739295600000000,PAXGUSDT,5m,2854.68423146,2855.65919192,2853.709271,2855.65919192,42.9901
1739295900000000,PAXGUSDT,5m,2855.65919192,2856.63481857,2854.68356527,2854.68356527,2.3253
1739296200000000,PAXGUSDT,5m,2854.68356527,2856.63481857,2852.73231198,2856.63481857,2.4735
1739296500000000,PAXGUSDT,5m,2856.63481857,2858.58874115,2854.68089598,2856.63481857,4.8259
1739296800000000,PAXGUSDT,5m,2856.63481857,2856.63481857,2853.7049367,2856.63481857,4.5576
1739297100000000,PAXGUSDT,5m,2856.63481857,2859.56470043,2853.7049367,2855.65819128,7.5554
1739297400000000,PAXGUSDT,5m,2855.65819128,2860.53798996,2850.77839259,2860.53798996,13.3985
1739297700000000,PAXGUSDT,5m,2860.53798996,2861.51729088,2858.57938812,2858.57938812,6.0718
1739298000000000,PAXGUSDT,5m,2858.57938812,2858.57938812,2857.6000872,2857.6000872,6.5034
1739298300000000,PAXGUSDT,5m,2857.6000872,2858.57938812,2854.66218444,2858.57938812,10.3621
1739298600000000,PAXGUSDT,5m,2858.57938812,2861.51930522,2855.63947103,2855.63947103,37.6951
1739298900000000,PAXGUSDT,5m,2855.63947103,2856.61776478,2855.63947103,2855.63947103,9.9491
1739299200000000,PAXGUSDT,5m,2855.63947103,2855.63947103,2854.6615123,2854.6615123,2.9414
1739299500000000,PAXGUSDT,5m,2854.6615123,2854.6615123,2853.6838885,2854.6615123,2.2343
1739299800000000,PAXGUSDT,5m,2854.6615123,2855.63947103,2853.68355358,2855.63947103,10.5654
1739300100000000,PAXGUSDT,5m,2855.63947103,2858.57535808,2853.68221299,2853.68221299,2.2213
1739300400000000,PAXGUSDT,5m,2853.68221299,2854.65950142,2853.68221299,2854.65950142,1.5299
1739300700000000,PAXGUSDT,5m,2854.65950142,2857.59237077,2854.65950142,2857.59237077,1.6254
1739301000000000,PAXGUSDT,5m,2857.59237077,2859.54761701,2856.61474766,2857.59237077,6.0446
1739301300000000,PAXGUSDT,5m,2857.59237077,2859.54761701,2855.63712454,2855.63712454,4.1492
1739301600000000,PAXGUSDT,5m,2855.63712454,2860.52022496,2855.63712454,2859.54360487,33.6528
1739301900000000,PAXGUSDT,5m,2859.54360487,2862.47346512,2856.61374462,2856.61374462,141.3534
1739302200000000,PAXGUSDT,5m,2856.61374462,2858.56431734,2855.63845826,2855.63845826,3.5764
1739302500000000,PAXGUSDT,5m,2855.63845826,2856.6130789,2854.66383763,2855.63845826,13.8485
1739302800000000,PAXGUSDT,5m,2855.63845826,2858.56232017,2850.76535509,2858.56232017,15.0941
1739303100000000,PAXGUSDT,5m,2858.56232017,2861.491175,2855.63346533,2861.491175,4.5728
1739303400000000,PAXGUSDT,5m,2861.491175,2861.491175,2858.55631226,2859.53459984,3.1367
1739303700000000,PAXGUSDT,5m,2859.53459984,2862.47147208,2858.55564243,2858.55564243,2.1827
1739304000000000,PAXGUSDT,5m,2858.55564243,2860.51221713,2858.55564243,2858.55564243,0.5786
1739304300000000,PAXGUSDT,5m,2858.55564243,2859.5335951,2854.64383177,2859.5335951,15.2834
1739304600000000,PAXGUSDT,5m,2859.5335951,2862.47247854,2858.55396728,2858.55396728,2.0725
1739304900000000,PAXGUSDT,5m,2858.55396728,2859.53292412,2857.57501044,2857.57501044,0.224
1739305200000000,PAXGUSDT,5m,2857.57501044,2858.55363202,2856.59638886,2858.55363202,1.5204
1739305500000000,PAXGUSDT,5m,2858.55363202,2858.55363202,2854.63646363,2856.59504783,9.5806
1739305800000000,PAXGUSDT,5m,2856.59504783,2861.4948678,2852.67519184,2852.67519184,40.2313
1739306100000000,PAXGUSDT,5m,2852.67519184,2853.65247009,2851.6979136,2853.65247009,3.3033
1739306400000000,PAXGUSDT,5m,2853.65247009,2853.65247009,2852.67485704,2852.67485704,0.1274
1739306700000000,PAXGUSDT,5m,2852.67485704,2853.65247009,2852.67485704,2852.67485704,0.9653
1739307000000000,PAXGUSDT,5m,2852.67485704,2854.6294133,2848.76574453,2854.6294133,9.0908
1739307300000000,PAXGUSDT,5m,2854.6294133,2855.60803154,2851.69355857,2851.69355857,8.6805
1739307600000000,PAXGUSDT,5m,2851.69355857,2854.6294133,2850.71494033,2850.71494033,13.427
1739307900000000,PAXGUSDT,5m,2850.71494033,2850.71494033,2846.80583517,2848.76038775,25.3886
1739308200000000,PAXGUSDT,5m,2848.76038775,2850.71494033,2848.76038775,2849.73766404,7.9473
1739308500000000,PAXGUSDT,5m,2849.73766404,2850.71494033,2848.76038775,2850.71494033,6.3185
1739308800000000,PAXGUSDT,5m,2850.71494033,2851.69288714,2849.73699352,2851.69288714,3.9111
1739309100000000,PAXGUSDT,5m,2851.69288714,2854.62874117,2849.73565111,2849.73565111,22.2371
1739309400000000,PAXGUSDT,5m,2849.73565111,2850.71292671,2848.75837551,2848.75837551,3.3751
1739309700000000,PAXGUSDT,5m,2848.75837551,2850.71292671,2848.75837551,2848.75837551,1.3874
1739310000000000,PAXGUSDT,5m,2848.75837551,2849.73498106,2846.80516442,2849.73498106,1.406
1739310300000000,PAXGUSDT,5m,2849.73498106,2851.69020231,2849.73498106,2849.73498106,3.9469
1739310600000000,PAXGUSDT,5m,2849.73498106,2850.71259169,2846.80214917,2848.75737043,7.4969
1739310900000000,PAXGUSDT,5m,2848.75737043,2850.71326289,2848.75737043,2848.75737043,4.4254
1739311200000000,PAXGUSDT,5m,2848.75737043,2849.73464568,2846.80281992,2849.73464568,7.5416
1739311500000000,PAXGUSDT,5m,2849.73464568,2849.73464568,2846.80281992,2846.80281992,1.8963
1739311800000000,PAXGUSDT,5m,2846.80281992,2849.73464568,2845.82554466,2845.82554466,2.8561
1739312100000000,PAXGUSDT,5m,2845.82554466,2847.77875368,2845.82554466,2847.77875368,0.8385
1739312400000000,PAXGUSDT,5m,2847.77875368,2849.73330327,2847.77875368,2849.73330327,3.6847
1739312700000000,PAXGUSDT,5m,2849.73330327,2849.73330327,2848.75602848,2848.75602848,0.1887
1739313000000000,PAXGUSDT,5m,2848.75602848,2849.73296813,2847.77908883,2849.73296813,1.0305
1739313300000000,PAXGUSDT,5m,2849.73296813,2849.73296813,2846.80013832,2846.80013832,19.8273
1739313600000000,PAXGUSDT,5m,2846.80013832,2847.77774826,2845.82252838,2847.77774826,17.8898
1739313900000000,PAXGUSDT,5m,2847.77774826,2850.71259307,2846.79946665,2846.79946665,2.5876
1739314200000000,PAXGUSDT,5m,2846.79946665,2846.79946665,2844.84558919,2844.84558919,1.7025
1739314500000000,PAXGUSDT,5m,2844.84558919,2845.82252792,2840.93783426,2845.82252792,14.3267
1739314800000000,PAXGUSDT,5m,2845.82252792,2848.75334412,2844.84558919,2847.77640539,7.1004
1739315100000000,PAXGUSDT,5m,2847.77640539,2848.75334412,2846.79946665,2846.79946665,1.4089
1739315400000000,PAXGUSDT,5m,2846.79946665,2847.77607024,2846.79946665,2846.79946665,0.2704
1739315700000000,PAXGUSDT,5m,2846.79946665,2846.79946665,2846.79946665,2846.79946665,6.3755
1739316000000000,PAXGUSDT,5m,2846.79946665,2847.77607024,2846.79946665,2846.79946665,0.3153
1739316300000000,PAXGUSDT,5m,2846.79946665,2847.77607024,2846.79946665,2846.79946665,1.6349
1739316600000000,PAXGUSDT,5m,2846.79946665,2847.77607024,2846.79946665,2846.79946665,3.0386
1739316900000000,PAXGUSDT,5m,2846.79946665,2847.77607024,2846.79946665,2846.79946665,1.1908
1739317200000000,PAXGUSDT,5m,2846.79946665,2847.77607024,2846.79946665,2846.79946665,0.2451
1739317500000000,PAXGUSDT,5m,2846.79946665,2846.79946665,2846.79946665,2846.79946665,0.7256
1739317800000000,PAXGUSDT,5m,2846.79946665,2846.79946665,2845.82319797,2845.82319797,0.3731
1739318100000000,PAXGUSDT,5m,2845.82319797,2846.79913186,2844.84726409,2844.84726409,1.9869
1739318400000000,PAXGUSDT,5m,2844.84726409,2850.70085929,2841.9204665,2841.9204665,26.1767
1739318700000000,PAXGUSDT,5m,2841.9204665,2843.86765421,2839.97327878,2843.86765421,5.2381
1739319000000000,PAXGUSDT,5m,2843.86765421,2846.79244096,2843.86765421,2846.79244096,2.931
1739319300000000,PAXGUSDT,5m,2846.79244096,2848.7422988,2845.81751205,2845.81751205,7.6011
1739319600000000,PAXGUSDT,5m,2845.81751205,2845.81751205,2838.02075174,2841.91913189,9.4495
1739319900000000,PAXGUSDT,5m,2841.91913189,2845.81751205,2839.96994181,2839.96994181,8.5714
1739320200000000,PAXGUSDT,5m,2839.96994181,2841.91645994,2838.02342369,2838.02342369,2.8227
1739320500000000,PAXGUSDT,5m,2838.02342369,2839.96860767,2837.0508317,2837.0508317,3.2181
1739320800000000,PAXGUSDT,5m,2837.0508317,2840.93986643,2834.13405566,2834.13405566,9.5979
1739321100000000,PAXGUSDT,5m,2834.13405566,2837.04583722,2831.2222741,2837.04583722,4.1131
1739321400000000,PAXGUSDT,5m,2837.04583722,2837.04583722,2834.12906631,2835.10132328,2.2819
1739321700000000,PAXGUSDT,5m,2835.10132328,2836.07358025,2834.12906631,2834.12906631,0.6653
1739322000000000,PAXGUSDT,5m,2834.12906631,2836.07291341,2832.18521922,2832.18521922,0.2794
1739322300000000,PAXGUSDT,5m,2832.18521922,2835.09699292,2829.27344552,2835.09699292,2.2107
1739322600000000,PAXGUSDT,5m,2835.09699292,2837.04217096,2835.09699292,2835.09699292,0.239
1739322900000000,PAXGUSDT,5m,2835.09699292,2836.06958194,2834.1244039,2834.1244039,1.6874
1739323200000000,PAXGUSDT,5m,2834.1244039,2836.06958194,2834.1244039,2834.1244039,0.2379
1739323500000000,PAXGUSDT,5m,2834.1244039,2836.06958194,2834.1244039,2834.1244039,0.5872
1739323800000000,PAXGUSDT,5m,2834.1244039,2835.09699292,2834.1244039,2834.1244039,0.301
1739324100000000,PAXGUSDT,5m,2834.1244039,2835.09699292,2834.1244039,2834.1244039,1.5928
1739324400000000,PAXGUSDT,5m,2834.1244039,2835.09699292,2834.1244039,2834.1244039,0.1818
1739324700000000,PAXGUSDT,5m,2834.1244039,2838.01342538,2834.1244039,2838.01342538,5.9076
1739325000000000,PAXGUSDT,5m,2838.01342538,2839.95727019,2837.04150297,2838.01342538,3.3998
1739325300000000,PAXGUSDT,5m,2838.01342538,2838.98534779,2837.04150297,2838.01342538,1.5224
1739325600000000,PAXGUSDT,5m,2838.01342538,2840.92819439,2835.09865637,2840.92819439,2.1654
1739325900000000,PAXGUSDT,5m,2840.92819439,2841.90178184,2839.95460693,2839.95460693,1.7507
1739326200000000,PAXGUSDT,5m,2839.95460693,2840.92819439,2838.00743202,2838.98101948,15.4618
1739326500000000,PAXGUSDT,5m,2838.98101948,2838.98101948,2837.03451209,2837.03451209,2.0095
1739326800000000,PAXGUSDT,5m,2837.03451209,2838.98035195,2833.14283238,2838.98035195,6.2199
1739327100000000,PAXGUSDT,5m,2838.98035195,2838.98035195,2833.13481931,2837.03184107,56.2554
1739327400000000,PAXGUSDT,5m,2837.03184107,2843.84928799,2837.03184107,2840.92752503,11.1946
1739327700000000,PAXGUSDT,5m,2840.92752503,2841.90144602,2839.95360404,2841.90144602,1.4916
1739328000000000,PAXGUSDT,5m,2841.90144602,2843.85062396,2840.92685704,2840.92685704,1.2814
1739328300000000,PAXGUSDT,5m,2840.92685704,2841.9007778,2839.95293628,2841.9007778,1.2938
1739328600000000,PAXGUSDT,5m,2841.9007778,2842.87536655,2841.9007778,2841.9007778,0.941
1739328900000000,PAXGUSDT,5m,2841.9007778,2847.74831027,2838.97701157,2838.97701157,10.7648
1739329200000000,PAXGUSDT,5m,2838.97701157,2841.89277023,2835.08933336,2841.89277023,7.0383
1739329500000000,PAXGUSDT,5m,2841.89277023,2842.86702212,2838.97001455,2839.94426644,2.0969
1739329800000000,PAXGUSDT,5m,2839.94426644,2840.91885267,2838.96968022,2838.96968022,2.7493
1739330100000000,PAXGUSDT,5m,2838.96968022,2840.91885267,2838.96968022,2839.94426644,0.3659
1739330400000000,PAXGUSDT,5m,2839.94426644,2841.8934389,2839.94426644,2840.91885267,1.6199
1739330700000000,PAXGUSDT,5m,2840.91885267,2842.86802512,2838.96968022,2838.96968022,3.0513
1739331000000000,PAXGUSDT,5m,2838.96968022,2840.91551276,2837.02384767,2840.91551276,1.0168
1739331300000000,PAXGUSDT,5m,2840.91551276,2840.91551276,2833.12150586,2834.09575673,11.3053
1739331600000000,PAXGUSDT,5m,2834.09575673,2837.99008274,2833.12217522,2836.04291973,21.287
1739331900000000,PAXGUSDT,5m,2836.04291973,2836.04291973,2834.09575673,2836.04291973,0.3635
1739332200000000,PAXGUSDT,5m,2836.04291973,2837.01717014,2834.09441893,2834.09441893,0.5853
1739332500000000,PAXGUSDT,5m,2834.09441893,2835.06833454,2833.12050332,2834.09441893,3.4343
1739332800000000,PAXGUSDT,5m,2834.09441893,2834.09441893,2831.1736758,2834.09441893,18.3046
1739333100000000,PAXGUSDT,5m,2834.09441893,2837.98874311,2834.09441893,2837.98874311,3.6711
1739333400000000,PAXGUSDT,5m,2837.98874311,2838.96299259,2837.01449362,2837.01449362,1.5147
1739333700000000,PAXGUSDT,5m,2837.01449362,2841.88574104,2835.06599466,2835.06599466,7.0948
1739334000000000,PAXGUSDT,5m,2835.06599466,2837.01048437,2833.12150495,2837.01048437,0.8968
1739334300000000,PAXGUSDT,5m,2837.01048437,2837.9840638,2836.03690493,2837.9840638,19.2623
1739334600000000,PAXGUSDT,5m,2837.9840638,2842.85530319,2836.03556805,2837.00981593,7.2432
1739334900000000,PAXGUSDT,5m,2837.00981593,2838.95697435,2837.00981593,2838.95697435,0.7685
1739335200000000,PAXGUSDT,5m,2838.95697435,2838.95697435,2837.00981593,2838.95697435,2.1497
1739335500000000,PAXGUSDT,5m,2838.95697435,2840.90480074,2837.98306115,2839.93088755,4.4531
1739335800000000,PAXGUSDT,5m,2839.93088755,2840.90480074,2837.00914795,2837.00914795,4.9677
1739336100000000,PAXGUSDT,5m,2837.00914795,2843.82654034,2830.19175556,2843.82654034,12.7103
1739336400000000,PAXGUSDT,5m,2843.82654034,2846.76033663,2841.87067614,2846.76033663,41.1532
1739336700000000,PAXGUSDT,5m,2846.76033663,2848.71620083,2845.78240454,2846.76033663,7.2872
1739337000000000,PAXGUSDT,5m,2846.76033663,2848.71552917,2843.82754783,2845.78274036,9.0926
1739337300000000,PAXGUSDT,5m,2845.78274036,2845.78274036,2842.85095869,2842.85095869,1.6591
1739337600000000,PAXGUSDT,5m,2842.85095869,2844.80547981,2842.85095869,2842.85095869,0.5906
1739337900000000,PAXGUSDT,5m,2842.85095869,2844.80413696,2840.89778043,2842.85095869,3.3296
1739338200000000,PAXGUSDT,5m,2842.85095869,2843.82754783,2842.85095869,2842.85095869,0.4138
1739338500000000,PAXGUSDT,5m,2842.85095869,2845.77971998,2839.9221974,2845.77971998,5.9285
1739338800000000,PAXGUSDT,5m,2845.77971998,2847.73625468,2842.84491794,2847.73625468,13.1266
1739339100000000,PAXGUSDT,5m,2847.73625468,2847.73625468,2845.77971998,2847.73625468,1.681
1739339400000000,PAXGUSDT,5m,2847.73625468,2847.73625468,2845.77971998,2845.77971998,3.8598
1739339700000000,PAXGUSDT,5m,2845.77971998,2845.77971998,2843.82452952,2843.82452952,11.2203
1739340000000000,PAXGUSDT,5m,2843.82452952,2844.80178881,2842.84727023,2844.80178881,2.5505
1739340300000000,PAXGUSDT,5m,2844.80178881,2845.77971998,2844.80178881,2844.80178881,0.623
1739340600000000,PAXGUSDT,5m,2844.80178881,2846.75765116,2844.80178881,2846.75765116,2.2849
1739340900000000,PAXGUSDT,5m,2846.75765116,2848.71418563,2844.80111669,2844.80111669,1.144
1739341200000000,PAXGUSDT,5m,2844.80111669,2845.77837575,2844.80111669,2844.80111669,0.6568
1739341500000000,PAXGUSDT,5m,2844.80111669,2845.77837575,2844.80111669,2844.80111669,0.2855
1739341800000000,PAXGUSDT,5m,2844.80111669,2847.73289386,2843.82385763,2843.82385763,4.5565
1739342100000000,PAXGUSDT,5m,2843.82385763,2845.77636286,2840.8950998,2845.77636286,4.5979
1739342400000000,PAXGUSDT,5m,2845.77636286,2846.75395694,2845.77636286,2846.75395694,6.1799
1739342700000000,PAXGUSDT,5m,2846.75395694,2847.73188684,2845.77602703,2847.73188684,0.9617
1739343000000000,PAXGUSDT,5m,2847.73188684,2848.71048887,2846.75328482,2847.73188684,1.9515
1739343300000000,PAXGUSDT,5m,2847.73188684,2847.73188684,2846.75362099,2846.75362099,0.3861
1739343600000000,PAXGUSDT,5m,2846.75362099,2847.73155078,2845.7756912,2847.73155078,1.1912
1739343900000000,PAXGUSDT,5m,2847.73155078,2849.6887546,2847.73155078,2849.6887546,11.8389
1739344200000000,PAXGUSDT,5m,2849.6887546,2851.64595841,2848.71015269,2848.71015269,3.3253
1739344500000000,PAXGUSDT,5m,2848.71015269,2851.64595841,2848.71015269,2849.6887546,7.3627
1739344800000000,PAXGUSDT,5m,2849.6887546,2850.66702056,2848.71048863,2848.71048863,0.8985
1739345100000000,PAXGUSDT,5m,2848.71048863,2850.66702056,2848.71048863,2848.71048863,1.0073
1739345400000000,PAXGUSDT,5m,2848.71048863,2849.68841877,2847.7325585,2849.68841877,4.6961
1739345700000000,PAXGUSDT,5m,2849.68841877,2850.66702056,2849.68841877,2849.68841877,0.8794
1739346000000000,PAXGUSDT,5m,2849.68841877,2849.68841877,2849.68841877,2849.68841877,0.6011
1739346300000000,PAXGUSDT,5m,2849.68841877,2850.66702056,2849.68841877,2850.66702056,2.1469
1739346600000000,PAXGUSDT,5m,2850.66702056,2852.62489626,2849.68808271,2849.68808271,10.3077
1739346900000000,PAXGUSDT,5m,2849.68808271,2849.68808271,2848.71015269,2848.71015269,10.2721
1739347200000000,PAXGUSDT,5m,2848.71015269,2848.71015269,2847.73255827,2847.73255827,2.0729
1739347500000000,PAXGUSDT,5m,2847.73255827,2847.73255827,2846.75529932,2847.73255827,5.8438
1739347800000000,PAXGUSDT,5m,2847.73255827,2848.71015269,2844.79977499,2848.71015269,12.3008
1739348100000000,PAXGUSDT,5m,2848.71015269,2849.6887546,2847.73155078,2849.6887546,0.8762
1739348400000000,PAXGUSDT,5m,2849.6887546,2850.66802908,2848.70948011,2849.6887546,1.063
1739348700000000,PAXGUSDT,5m,2849.6887546,2851.64663076,2846.75194035,2851.64663076,7.433
1739349000000000,PAXGUSDT,5m,2851.64663076,2852.62691492,2851.64663076,2851.64663076,0.4306
1739349300000000,PAXGUSDT,5m,2851.64663076,2853.60719909,2849.68606243,2851.64663076,7.9637
1739349600000000,PAXGUSDT,5m,2851.64663076,2852.62691492,2850.6663466,2852.62691492,5.5057
1739349900000000,PAXGUSDT,5m,2852.62691492,2853.60787329,2852.62691492,2852.62691492,1.253
1739350200000000,PAXGUSDT,5m,2852.62691492,2853.60787329,2851.64595656,2851.64595656,1.2742
1739350500000000,PAXGUSDT,5m,2851.64595656,2852.62691492,2851.64595656,2852.62691492,0.6321
1739350800000000,PAXGUSDT,5m,2852.62691492,2854.58950654,2850.66432331,2852.62691492,22.9146
1739351100000000,PAXGUSDT,5m,2852.62691492,2853.60821073,2851.64561912,2851.64561912,0.771
1739351400000000,PAXGUSDT,5m,2851.64561912,2853.60821073,2851.64561912,2851.64561912,7.7687
1739351700000000,PAXGUSDT,5m,2851.64561912,2853.60753561,2850.66466087,2850.66466087,4.5103
1739352000000000,PAXGUSDT,5m,2850.66466087,2851.64494445,2850.66466087,2851.64494445,1.5352
1739352300000000,PAXGUSDT,5m,2851.64494445,2852.62556514,2848.70308241,2852.62556514,6.9852
1739352600000000,PAXGUSDT,5m,2852.62556514,2853.60686048,2851.64426979,2852.62556514,1.5532
1739352900000000,PAXGUSDT,5m,2852.62556514,2853.60719816,2851.64393211,2851.64393211,5.7963
1739353200000000,PAXGUSDT,5m,2851.64393211,2852.62522734,2850.66263689,2850.66263689,7.5327
1739353500000000,PAXGUSDT,5m,2850.66263689,2853.60652257,2850.66263689,2852.62522734,1.8204
1739353800000000,PAXGUSDT,5m,2852.62522734,2853.60652257,2852.62522734,2852.62522734,0.8461
1739354100000000,PAXGUSDT,5m,2852.62522734,2853.60652257,2852.62522734,2852.62522734,1.9944
1739354400000000,PAXGUSDT,5m,2852.62522734,2853.60652257,2852.62522734,2853.60652257,1.1668
1739354700000000,PAXGUSDT,5m,2853.60652257,2854.58815536,2853.60652257,2853.60652257,0.6451
1739355000000000,PAXGUSDT,5m,2853.60652257,2854.58815536,2853.60652257,2853.60652257,0.8324
1739355300000000,PAXGUSDT,5m,2853.60652257,2853.60652257,2852.62488978,2853.60652257,5.2415
1739355600000000,PAXGUSDT,5m,2853.60652257,2854.58815536,2852.62488978,2854.58815536,0.8467
1739355900000000,PAXGUSDT,5m,2854.58815536,2857.5350805,2853.60584698,2854.58815536,39.6735
1739356200000000,PAXGUSDT,5m,2854.58815536,2854.58815536,2852.62421442,2854.58815536,9.2864
1739356500000000,PAXGUSDT,5m,2854.58815536,2855.57046374,2854.58815536,2854.58815536,0.4166
1739356800000000,PAXGUSDT,5m,2854.58815536,2858.51603724,2849.67830301,2858.51603724,19.7889
1739357100000000,PAXGUSDT,5m,2858.51603724,2860.48539035,2857.53136068,2857.53136068,8.5301
1739357400000000,PAXGUSDT,5m,2857.53136068,2857.53136068,2856.54770101,2857.53136068,2.5233
1739357700000000,PAXGUSDT,5m,2857.53136068,2858.51535909,2857.53136068,2857.53136068,1.2662
1739358000000000,PAXGUSDT,5m,2857.53136068,2859.49935749,2857.53136068,2859.49935749,1.6432
1739358300000000,PAXGUSDT,5m,2859.49935749,2860.48369462,2856.5463461,2858.51502036,6.7298
1739358600000000,PAXGUSDT,5m,2858.51502036,2859.49969657,2856.54566795,2859.49969657,9.8802
1739358900000000,PAXGUSDT,5m,2859.49969657,2860.48471196,2858.51468117,2858.51468117,2.5857
1739359200000000,PAXGUSDT,5m,2858.51468117,2859.49935726,2857.53000508,2859.49935726,2.653
1739359500000000,PAXGUSDT,5m,2859.49935726,2861.47006667,2858.51400255,2860.48471196,4.1428
1739359800000000,PAXGUSDT,5m,2860.48471196,2862.45542137,2859.49935726,2859.49935726,5.5121
1739360100000000,PAXGUSDT,5m,2859.49935726,2862.45542137,2857.52864784,2857.52864784,5.7032
1739360400000000,PAXGUSDT,5m,2857.52864784,2858.51264531,2856.54465038,2856.54465038,2.711
1739360700000000,PAXGUSDT,5m,2856.54465038,2857.528309,2856.54465038,2856.54465038,3.0146
1739361000000000,PAXGUSDT,5m,2856.54465038,2857.528309,2856.54465038,2857.528309,0.5045
1739361300000000,PAXGUSDT,5m,2857.528309,2857.528309,2856.54465038,2857.528309,57.4949
1739361600000000,PAXGUSDT,5m,2857.528309,2857.528309,2856.54465038,2856.54465038,10.8464
1739361900000000,PAXGUSDT,5m,2856.54465038,2857.528309,2855.56099175,2856.54465038,2.1467
1739362200000000,PAXGUSDT,5m,2856.54465038,2856.54465038,2855.56133036,2855.56133036,0.8875
1739362500000000,PAXGUSDT,5m,2855.56133036,2856.54465038,2855.56133036,2855.56133036,1.9215
1739362800000000,PAXGUSDT,5m,2855.56133036,2859.49461043,2852.61137031,2853.59469032,23.6828
1739363100000000,PAXGUSDT,5m,2853.59469032,2854.57665684,2852.61272381,2854.57665684,1.3004
1739363400000000,PAXGUSDT,5m,2854.57665684,2855.5592994,2853.59401427,2855.5592994,2.2587
1739363700000000,PAXGUSDT,5m,2855.5592994,2856.54261872,2854.57598009,2856.54261872,1.5535
1739364000000000,PAXGUSDT,5m,2856.54261872,2859.49460903,2856.54261872,2859.49460903,1.6695
1739364300000000,PAXGUSDT,5m,2859.49460903,2859.49460903,2857.52661549,2858.51061226,0.2732
1739364600000000,PAXGUSDT,5m,2858.51061226,2859.49460903,2858.51061226,2858.51061226,0.3063
1739364900000000,PAXGUSDT,5m,2858.51061226,2859.49460903,2858.51061226,2858.51061226,0.6851
1739365200000000,PAXGUSDT,5m,2858.51061226,2858.51061226,2856.54329594,2856.54329594,3.8598
1739365500000000,PAXGUSDT,5m,2856.54329594,2857.52661549,2855.55997639,2857.52661549,0.7636
1739365800000000,PAXGUSDT,5m,2857.52661549,2859.49393158,2855.5592994,2859.49393158,3.2898
1739366100000000,PAXGUSDT,5m,2859.49393158,2860.47894499,2857.52390476,2859.49393158,15.2372
1739366400000000,PAXGUSDT,5m,2859.49393158,2860.47928441,2859.49393158,2859.49393158,4.4654
1739366700000000,PAXGUSDT,5m,2859.49393158,2861.4639584,2857.52390476,2860.47894499,9.5647
1739367000000000,PAXGUSDT,5m,2860.47894499,2862.45100907,2852.59068868,2852.59068868,72.1053
1739367300000000,PAXGUSDT,5m,2852.59068868,2862.44760191,2852.59068868,2854.56207132,26.8554
1739367600000000,PAXGUSDT,5m,2854.56207132,2859.49223034,2849.6319123,2854.56207132,67.5238
1739367900000000,PAXGUSDT,5m,2854.56207132,2865.40842116,2854.56207132,2859.49223034,23.209
1739368200000000,PAXGUSDT,5m,2859.49223034,2862.45134614,2854.56037068,2856.53311454,23.219
1739368500000000,PAXGUSDT,5m,2856.53311454,2858.50585841,2853.57399875,2858.50585841,47.6497
1739368800000000,PAXGUSDT,5m,2858.50585841,2860.47928323,2858.50585841,2859.49257082,24.9143
1739369100000000,PAXGUSDT,5m,2859.49257082,2861.46599565,2859.49257082,2860.47928323,11.8205
1739369400000000,PAXGUSDT,5m,2860.47928323,2864.42613288,2856.53243358,2856.53243358,45.2352
1739369700000000,PAXGUSDT,5m,2856.53243358,2872.27632574,2843.7405212,2843.7405212,59.064
1739370000000000,PAXGUSDT,5m,2843.7405212,2847.64273804,2839.83830437,2844.71607541,24.9647
1739370300000000,PAXGUSDT,5m,2844.71607541,2848.61829225,2837.88719595,2845.69162962,50.9529
1739370600000000,PAXGUSDT,5m,2845.69162962,2847.64474673,2840.80883685,2847.64474673,9.8283
1739370900000000,PAXGUSDT,5m,2847.64474673,2848.62130529,2846.66818818,2848.62130529,7.7029
1739371200000000,PAXGUSDT,5m,2848.62130529,2848.62130529,2847.64441184,2848.62130529,17.9952
1739371500000000,PAXGUSDT,5m,2848.62130529,2848.62130529,2847.64441184,2847.64441184,7.4912
1739371800000000,PAXGUSDT,5m,2847.64441184,2848.62097028,2846.6678534,2846.6678534,12.482
1739372100000000,PAXGUSDT,5m,2846.6678534,2847.64441184,2845.69129496,2847.64441184,13.804
1739372400000000,PAXGUSDT,5m,2847.64441184,2847.64441184,2844.71473652,2845.69129496,4.576
1739372700000000,PAXGUSDT,5m,2845.69129496,2846.66818864,2844.71440128,2846.66818864,5.1057
1739373000000000,PAXGUSDT,5m,2846.66818864,2846.66818864,2842.75793014,2845.69062401,3.1147
1739373300000000,PAXGUSDT,5m,2845.69062401,2845.69062401,2844.71339509,2845.69062401,0.9701
1739373600000000,PAXGUSDT,5m,2845.69062401,2849.60088251,2845.69062401,2848.62331789,33.8332
1739373900000000,PAXGUSDT,5m,2848.62331789,2849.60088251,2848.62331789,2848.62331789,4.8429
1739374200000000,PAXGUSDT,5m,2848.62331789,2852.53223496,2841.78271301,2852.53223496,23.7239
1739374500000000,PAXGUSDT,5m,2852.53223496,2854.49206474,2852.53223496,2853.51214985,4.0388
1739374800000000,PAXGUSDT,5m,2853.51214985,2853.51214985,2850.57341437,2852.53257136,2.3657
1739375100000000,PAXGUSDT,5m,2852.53257136,2853.51248636,2852.53257136,2852.53257136,1.2253
1739375400000000,PAXGUSDT,5m,2852.53257136,2856.45088533,2849.59383588,2849.59383588,9.2364
1739375700000000,PAXGUSDT,5m,2849.59383588,2849.59383588,2848.61660891,2849.59383588,0.8399
1739376000000000,PAXGUSDT,5m,2849.59383588,2849.59383588,2847.63938194,2848.61660891,2.2918
1739376300000000,PAXGUSDT,5m,2848.61660891,2849.59350075,2847.63971707,2849.59350075,2.4619
1739376600000000,PAXGUSDT,5m,2849.59350075,2852.52518131,2846.6618202,2852.52518131,4.783
1739376900000000,PAXGUSDT,5m,2852.52518131,2854.48366066,2852.52518131,2852.52518131,1.31
1739377200000000,PAXGUSDT,5m,2852.52518131,2852.52518131,2849.58947786,2851.54661349,5.2745
1739377500000000,PAXGUSDT,5m,2851.54661349,2851.54661349,2850.56804568,2851.54661349,1.7798
1739377800000000,PAXGUSDT,5m,2851.54661349,2852.52551724,2851.54661349,2851.54661349,1.2604
1739378100000000,PAXGUSDT,5m,2851.54661349,2852.52518131,2850.56804568,2852.52518131,1.4228
1739378400000000,PAXGUSDT,5m,2852.52518131,2854.48366066,2851.54594163,2851.54594163,1.7014
1739378700000000,PAXGUSDT,5m,2851.54594163,2852.52417352,2848.61124598,2851.54594163,14.3136
1739379000000000,PAXGUSDT,5m,2851.54594163,2853.5024054,2850.56770975,2850.56770975,12.5914
1739379300000000,PAXGUSDT,5m,2850.56770975,2852.52216138,2849.59048393,2851.54493556,31.3307
1739379600000000,PAXGUSDT,5m,2851.54493556,2860.33996792,2850.56770975,2858.38551629,29.8809
1739379900000000,PAXGUSDT,5m,2858.38551629,2861.31719374,2854.47661302,2861.31719374,15.2572
1739380200000000,PAXGUSDT,5m,2861.31719374,2868.16947576,2860.33829631,2864.25388604,15.6553
1739380500000000,PAXGUSDT,5m,2864.25388604,2865.23278347,2864.25388604,2864.25388604,3.2417
1739380800000000,PAXGUSDT,5m,2864.25388604,2864.25388604,2863.27532304,2864.25388604,0.8293
1739381100000000,PAXGUSDT,5m,2864.25388604,2867.19057833,2864.25388604,2866.2116809,5.9208
1739381400000000,PAXGUSDT,5m,2866.2116809,2867.19057833,2865.23278347,2865.23278347,7.3159
1739381700000000,PAXGUSDT,5m,2865.23278347,2867.1892415,2863.27632544,2867.1892415,3.5301
1739382000000000,PAXGUSDT,5m,2867.1892415,2868.16914213,2852.49073206,2859.35003646,49.1339
1739382300000000,PAXGUSDT,5m,2859.35003646,2864.24953961,2855.43043394,2855.43043394,1.6817
1739382600000000,PAXGUSDT,5m,2855.43043394,2855.43043394,2850.54601651,2852.49978348,4.4224
1739382900000000,PAXGUSDT,5m,2852.49978348,2854.45488957,2852.49978348,2852.49978348,2.9012
1739383200000000,PAXGUSDT,5m,2852.49978348,2853.47733653,2852.49978348,2852.49978348,5.9149
1739383500000000,PAXGUSDT,5m,2852.49978348,2853.47733653,2852.49978348,2852.49978348,1.6404
1739383800000000,PAXGUSDT,5m,2852.49978348,2853.47733653,2850.54467739,2853.47733653,4.6889
1739384100000000,PAXGUSDT,5m,2853.47733653,2854.45555982,2852.49911324,2852.49911324,2.7878
1739384400000000,PAXGUSDT,5m,2852.49911324,2853.47666605,2852.49911324,2852.49911324,3.8407
1739384700000000,PAXGUSDT,5m,2852.49911324,2853.47666605,2850.54400761,2850.54400761,4.9481
1739385000000000,PAXGUSDT,5m,2850.54400761,2851.5212253,2848.58957222,2848.58957222,19.7018
1739385300000000,PAXGUSDT,5m,2848.58957222,2851.5212253,2848.58957222,2850.54400761,8.9531
1739385600000000,PAXGUSDT,5m,2850.54400761,2851.5212253,2849.56678992,2851.5212253,1.5351
1739385900000000,PAXGUSDT,5m,2851.5212253,2852.49911324,2850.54333736,2851.5212253,2.0155
1739386200000000,PAXGUSDT,5m,2851.5212253,2852.4994487,2851.5212253,2851.5212253,4.5419
1739386500000000,PAXGUSDT,5m,2851.5212253,2852.4994487,2851.5212253,2852.4994487,1.1673
1739386800000000,PAXGUSDT,5m,2852.4994487,2853.47800769,2851.52088972,2852.4994487,12.7055
1739387100000000,PAXGUSDT,5m,2852.4994487,2856.41368465,2847.60665377,2856.41368465,22.1101
1739387400000000,PAXGUSDT,5m,2856.41368465,2858.37685557,2852.48734282,2854.45051374,20.8857
1739387700000000,PAXGUSDT,5m,2854.45051374,2856.41098799,2853.47027661,2855.43075086,7.7855
1739388000000000,PAXGUSDT,5m,2855.43075086,2858.37348266,2854.44984027,2854.44984027,2.609
1739388300000000,PAXGUSDT,5m,2854.44984027,2856.41031406,2851.50912958,2852.48936647,10.1637
1739388600000000,PAXGUSDT,5m,2852.48936647,2854.44714916,2850.53158379,2852.48936647,15.5159
1739388900000000,PAXGUSDT,5m,2852.48936647,2855.42704862,2852.48936647,2854.44782124,1.8615
1739389200000000,PAXGUSDT,5m,2854.44782124,2855.42704862,2853.46859386,2853.46859386,3.5408
1739389500000000,PAXGUSDT,5m,2853.46859386,2854.44714962,2853.46859386,2853.46859386,2.2655
1739389800000000,PAXGUSDT,5m,2853.46859386,2854.44714962,2852.4900381,2852.4900381,9.4131
1739390100000000,PAXGUSDT,5m,2852.4900381,2852.4900381,2850.53426845,2851.51215327,5.6289
1739390400000000,PAXGUSDT,5m,2851.51215327,2851.51215327,2848.5795045,2849.55705409,3.9053
1739390700000000,PAXGUSDT,5m,2849.55705409,2850.53493915,2849.55705409,2849.55705409,0.6814
1739391000000000,PAXGUSDT,5m,2849.55705409,2852.49070926,2848.57916904,2852.49070926,19.4429
1739391300000000,PAXGUSDT,5m,2852.49070926,2853.46892967,2852.49070926,2853.46892967,0.8156
1739391600000000,PAXGUSDT,5m,2853.46892967,2853.46892967,2852.49070926,2852.49070926,1.1524
1739391900000000,PAXGUSDT,5m,2852.49070926,2854.44715008,2850.53426845,2850.53426845,1.3227
1739392200000000,PAXGUSDT,5m,2850.53426845,2852.4893674,2850.53426845,2850.53426845,1.4796
1739392500000000,PAXGUSDT,5m,2850.53426845,2851.51181792,2849.55671897,2851.51181792,2.0366
1739392800000000,PAXGUSDT,5m,2851.51181792,2853.46825828,2850.53359774,2850.53359774,5.4001
1739393100000000,PAXGUSDT,5m,2850.53359774,2851.51114699,2850.53359774,2850.53359774,1.5924
1739393400000000,PAXGUSDT,5m,2850.53359774,2851.51114699,2850.53359774,2850.53359774,1.1754
1739393700000000,PAXGUSDT,5m,2850.53359774,2852.48869623,2848.57849925,2852.48869623,1.7391
1739394000000000,PAXGUSDT,5m,2852.48869623,2855.42436213,2849.55303034,2855.42436213,1.903
1739394300000000,PAXGUSDT,5m,2855.42436213,2857.38550524,2855.42436213,2856.40493368,1.9085
1739394600000000,PAXGUSDT,5m,2856.40493368,2857.38550524,2855.42436213,2855.42436213,1.7502
1739394900000000,PAXGUSDT,5m,2855.42436213,2857.384832,2854.4441272,2856.40459706,4.0863
1739395200000000,PAXGUSDT,5m,2856.40459706,2857.384832,2856.40459706,2856.40459706,1.9719
1739395500000000,PAXGUSDT,5m,2856.40459706,2858.36506693,2856.40459706,2857.384832,7.0448
1739395800000000,PAXGUSDT,5m,2857.384832,2858.36506693,2857.384832,2857.384832,3.5051
1739396100000000,PAXGUSDT,5m,2857.384832,2858.36506693,2856.40459706,2856.40459706,4.0835
1739396400000000,PAXGUSDT,5m,2856.40459706,2857.38449572,2855.4246984,2855.4246984,1.7056
1739396700000000,PAXGUSDT,5m,2855.4246984,2856.40392498,2854.44547183,2855.4246984,5.6785
1739397000000000,PAXGUSDT,5m,2855.4246984,2856.40392498,2854.44547183,2856.40392498,1.0842
1739397300000000,PAXGUSDT,5m,2856.40392498,2856.40392498,2851.50443283,2852.48433126,76.824
1739397600000000,PAXGUSDT,5m,2852.48433126,2853.46389318,2850.5252074,2852.48433126,3.9387
1739397900000000,PAXGUSDT,5m,2852.48433126,2853.46389318,2848.56608355,2850.5252074,14.6486
1739398200000000,PAXGUSDT,5m,2850.5252074,2851.50476933,2849.54564548,2850.5252074,3.0696
1739398500000000,PAXGUSDT,5m,2850.5252074,2853.46389318,2849.54564548,2853.46389318,5.2614
1739398800000000,PAXGUSDT,5m,2853.46389318,2856.40056271,2852.48500334,2854.44278303,54.9399
1739399100000000,PAXGUSDT,5m,2854.44278303,2857.37945256,2854.44278303,2856.40056271,21.444
1739399400000000,PAXGUSDT,5m,2856.40056271,2858.3576717,2852.48634474,2854.44345373,34.5724
1739399700000000,PAXGUSDT,5m,2854.44345373,2860.31478068,2848.57212678,2848.57212678,29.7154
1739400000000000,PAXGUSDT,5m,2848.57212678,2854.42736239,2847.59625417,2850.52387198,27.9544
1739400300000000,PAXGUSDT,5m,2850.52387198,2851.49974458,2846.62038157,2849.54799938,14.3085
1739400600000000,PAXGUSDT,5m,2849.54799938,2852.47561719,2845.64450897,2845.64450897,27.6092
1739400900000000,PAXGUSDT,5m,2845.64450897,2854.42736239,2845.64450897,2850.52387198,33.6357
1739401200000000,PAXGUSDT,5m,2850.52387198,2851.49974458,2845.64450897,2846.62038157,5.2684
1739401500000000,PAXGUSDT,5m,2846.62038157,2848.57212678,2845.64450897,2845.64450897,1.004
1739401800000000,PAXGUSDT,5m,2845.64450897,2846.61971271,2838.8180828,2842.71889775,8.9222
1739402100000000,PAXGUSDT,5m,2842.71889775,2844.66997455,2842.71889775,2843.69443615,1.5041
1739402400000000,PAXGUSDT,5m,2843.69443615,2844.66997455,2843.69443615,2844.66997455,0.2668
1739402700000000,PAXGUSDT,5m,2844.66997455,2848.57212815,2840.76782095,2848.57212815,6.3365
1739403000000000,PAXGUSDT,5m,2848.57212815,2849.54967521,2847.5945811,2848.57212815,0.9799
1739403300000000,PAXGUSDT,5m,2848.57212815,2849.54933986,2847.59491645,2849.54933986,4.0355
1739403600000000,PAXGUSDT,5m,2849.54933986,2850.5268868,2847.59424597,2847.59424597,3.6231
1739403900000000,PAXGUSDT,5m,2847.59424597,2849.55001125,2846.61636334,2846.61636334,2.291
1739404200000000,PAXGUSDT,5m,2846.61636334,2849.54699103,2845.63948744,2849.54699103,5.506
1739404500000000,PAXGUSDT,5m,2849.54699103,2858.3388741,2849.54699103,2858.3388741,15.6537
1739404800000000,PAXGUSDT,5m,2858.3388741,2861.26950179,2855.40824641,2861.26950179,13.1563
1739405100000000,PAXGUSDT,5m,2861.26950179,2866.16390737,2861.26950179,2864.20614514,17.8347
1739405400000000,PAXGUSDT,5m,2864.20614514,2865.18502625,2861.26950179,2863.22726402,6.0373
1739405700000000,PAXGUSDT,5m,2863.22726402,2864.20681491,2862.24771312,2863.22726402,1.6153
1739406000000000,PAXGUSDT,5m,2863.22726402,2866.16491169,2859.31040046,2866.16491169,0.4342
1739406300000000,PAXGUSDT,5m,2866.16491169,2866.16491169,2865.1836844,2865.1836844,0.1823
1739406600000000,PAXGUSDT,5m,2865.1836844,2868.1263585,2861.26011893,2868.1263585,4.3354
1739406900000000,PAXGUSDT,5m,2868.1263585,2869.10859356,2867.14412345,2869.10859356,1.9898
1739407200000000,PAXGUSDT,5m,2869.10859356,2871.07440966,2865.17696136,2871.07440966,4.1707
1739407500000000,PAXGUSDT,5m,2871.07440966,2873.04292142,2868.12164201,2873.04292142,14.5317
1739407800000000,PAXGUSDT,5m,2873.04292142,2874.02852791,2872.05731493,2873.04292142,24.5223
1739408100000000,PAXGUSDT,5m,2873.04292142,2875.0141344,2871.07170844,2871.07170844,2.8967
1739408400000000,PAXGUSDT,5m,2871.07170844,2871.07170844,2870.08745348,2871.07170844,0.1632
1739408700000000,PAXGUSDT,5m,2871.07170844,2871.07170844,2869.10319853,2870.08745348,3.1014
1739409000000000,PAXGUSDT,5m,2870.08745348,2871.07204609,2862.21071261,2868.11826827,15.4142
1739409300000000,PAXGUSDT,5m,2868.11826827,2869.10286087,2868.11826827,2868.11826827,2.4485
1739409600000000,PAXGUSDT,5m,2868.11826827,2869.10286087,2867.13367566,2867.13367566,2.8526
1739409900000000,PAXGUSDT,5m,2867.13367566,2868.11793027,2867.13367566,2867.13367566,0.4179
1739410200000000,PAXGUSDT,5m,2867.13367566,2869.10218487,2865.16516644,2866.14942105,7.0549
1739410500000000,PAXGUSDT,5m,2866.14942105,2868.1186065,2865.16482832,2865.16482832,1.2576
1739410800000000,PAXGUSDT,5m,2865.16482832,2866.14874482,2865.16482832,2866.14874482,1.4441
1739411100000000,PAXGUSDT,5m,2866.14874482,2872.05224378,2862.21307884,2862.21307884,9.5192
1739411400000000,PAXGUSDT,5m,2862.21307884,2863.19396064,2861.23219705,2863.19396064,1.9716
1739411700000000,PAXGUSDT,5m,2863.19396064,2864.17484243,2862.21307884,2864.17484243,0.1624
1739412000000000,PAXGUSDT,5m,2864.17484243,2864.17484243,2861.23118895,2862.21240678,1.5733
1739412300000000,PAXGUSDT,5m,2862.21240678,2862.21240678,2857.30463516,2861.23085245,9.3955
1739412600000000,PAXGUSDT,5m,2861.23085245,2862.21308069,2860.24862422,2860.24862422,0.0723
1739412900000000,PAXGUSDT,5m,2860.24862422,2862.21240631,2859.26673317,2859.26673317,2.4369
1739413200000000,PAXGUSDT,5m,2859.26673317,2861.22916744,2858.28551603,2858.28551603,2.7089
1739413500000000,PAXGUSDT,5m,2858.28551603,2859.26639644,2857.30463562,2857.30463562,0.1404
1739413800000000,PAXGUSDT,5m,2857.30463562,2857.30463562,2856.3244282,2856.3244282,0.3557
1739414100000000,PAXGUSDT,5m,2856.3244282,2858.28417052,2854.36468588,2854.36468588,1.7608
1739414400000000,PAXGUSDT,5m,2854.36468588,2856.322412,2854.36468588,2854.36468588,1.5177
1739414700000000,PAXGUSDT,5m,2854.36468588,2855.34321337,2853.38615839,2855.34321337,0.219
1739415000000000,PAXGUSDT,5m,2855.34321337,2863.17680243,2855.34321337,2857.30161064,15.0785
1739415300000000,PAXGUSDT,5m,2857.30161064,2861.21840517,2853.38481611,2853.38481611,4.4235
1739415600000000,PAXGUSDT,5m,2853.38481611,2853.38481611,2851.43178064,2852.40829837,0.0512
1739415900000000,PAXGUSDT,5m,2852.40829837,2854.36133384,2850.45526291,2850.45526291,0.7438
1739416200000000,PAXGUSDT,5m,2850.45526291,2850.45526291,2846.55453726,2846.55453726,4.9206
1739416500000000,PAXGUSDT,5m,2846.55453726,2847.52971868,2846.55453726,2846.55453726,0.296
1739416800000000,PAXGUSDT,5m,2846.55453726,2848.50490009,2846.55453726,2847.52971868,0.0997
1739417100000000,PAXGUSDT,5m,2847.52971868,2851.42910891,2846.55487112,2850.45426135,2.3553
1739417400000000,PAXGUSDT,5m,2850.45426135,2850.45426135,2842.65814713,2847.53071852,17.9821
1739417700000000,PAXGUSDT,5m,2847.53071852,2849.47974707,2847.53071852,2847.53071852,3.7581
1739418000000000,PAXGUSDT,5m,2847.53071852,2849.47908028,2847.53071852,2847.53071852,1.3719
1739418300000000,PAXGUSDT,5m,2847.53071852,2849.47841395,2847.53071852,2849.47841395,2.7754
1739418600000000,PAXGUSDT,5m,2849.47841395,2851.42610938,2849.47841395,2851.42610938,4.7475
1739418900000000,PAXGUSDT,5m,2851.42610938,2852.39995709,2850.45226166,2851.42610938,0.5951
1739419200000000,PAXGUSDT,5m,2851.42610938,2852.39962461,2848.50556369,2849.47907892,7.6127
1739419500000000,PAXGUSDT,5m,2849.47907892,2852.39962461,2846.55853323,2852.39962461,8.7872
1739419800000000,PAXGUSDT,5m,2852.39962461,2852.39962461,2851.42444525,2852.39962461,0.2137
1739420100000000,PAXGUSDT,5m,2852.39962461,2852.39962461,2851.42444525,2851.42444525,0.1401
1739420400000000,PAXGUSDT,5m,2851.42444525,2852.39929121,2850.44959929,2852.39929121,0.1388
1739420700000000,PAXGUSDT,5m,2852.39929121,2853.37447046,2850.44893272,2853.37447046,0.7188
1739421000000000,PAXGUSDT,5m,2853.37447046,2854.35065057,2851.42211023,2852.39829035,5.6613
1739421300000000,PAXGUSDT,5m,2852.39829035,2853.37380276,2851.42277793,2853.37380276,0.7243
1739421600000000,PAXGUSDT,5m,2853.37380276,2854.34964879,2853.37380276,2853.37380276,0.6233
1739421900000000,PAXGUSDT,5m,2853.37380276,2855.32549482,2851.42211069,2851.42211069,2.1114
1739422200000000,PAXGUSDT,5m,2851.42211069,2853.37180102,2849.47242036,2849.47242036,1.9116
1739422500000000,PAXGUSDT,5m,2849.47242036,2850.44626602,2847.52472902,2849.47242036,7.4044
1739422800000000,PAXGUSDT,5m,2849.47242036,2850.44626602,2849.47242036,2849.47242036,1.8765
1739423100000000,PAXGUSDT,5m,2849.47242036,2851.42077757,2848.49824175,2848.49824175,3.5615
1739423400000000,PAXGUSDT,5m,2848.49824175,2852.39229266,2845.57770357,2845.57770357,12.6792
1739423700000000,PAXGUSDT,5m,2845.57770357,2846.54922207,2844.60618506,2844.60618506,0.936
1739424000000000,PAXGUSDT,5m,2844.60618506,2844.60618506,2843.63532971,2844.60618506,1.2226
1739424300000000,PAXGUSDT,5m,2844.60618506,2844.60618506,2844.60618506,2844.60618506,2.709
1739424600000000,PAXGUSDT,5m,2844.60618506,2845.57737188,2844.60618506,2845.57737188,0.1858
1739424900000000,PAXGUSDT,5m,2845.57737188,2846.54889027,2845.57737188,2845.57737188,0.4434
1739425200000000,PAXGUSDT,5m,2845.57737188,2847.51974551,2842.66381143,2847.51974551,11.198
1739425500000000,PAXGUSDT,5m,2847.51974551,2848.49192706,2846.54756397,2848.49192706,0.9298
1739425800000000,PAXGUSDT,5m,2848.49192706,2851.41146098,2845.57239314,2851.41146098,1.4221
1739426100000000,PAXGUSDT,5m,2851.41146098,2853.36181081,2851.41146098,2851.41146098,2.8292
1739426400000000,PAXGUSDT,5m,2851.41146098,2851.41146098,2850.43661945,2851.41146098,0.1851
1739426700000000,PAXGUSDT,5m,2851.41146098,2852.3863025,2850.43661945,2850.43661945,0.537
1739427000000000,PAXGUSDT,5m,2850.43661945,2850.43661945,2849.46244426,2850.43661945,0.057
1739427300000000,PAXGUSDT,5m,2850.43661945,2852.38496984,2849.46244426,2849.46244426,2.0668
1739427600000000,PAXGUSDT,5m,2849.46244426,2850.4359538,2847.51542516,2849.46244426,5.5971
1739427900000000,PAXGUSDT,5m,2849.46244426,2850.4359538,2848.48893471,2850.4359538,0.9325
1739428200000000,PAXGUSDT,5m,2850.4359538,2850.4359538,2849.46177884,2850.4359538,0.5384
1739428500000000,PAXGUSDT,5m,2850.4359538,2852.38430374,2848.48760387,2852.38430374,3.1946
1739428800000000,PAXGUSDT,5m,2852.38430374,2852.38430374,2851.40912962,2852.38430374,0.5517
1739429100000000,PAXGUSDT,5m,2852.38430374,2853.35947786,2851.40912962,2853.35947786,4.6868
1739429400000000,PAXGUSDT,5m,2853.35947786,2854.33465198,2852.38430374,2852.38430374,0.6064
1739429700000000,PAXGUSDT,5m,2852.38430374,2853.35881153,2851.40979595,2852.38430374,1.3777
1739430000000000,PAXGUSDT,5m,2852.38430374,2852.38430374,2849.46078037,2852.38430374,5.5206
1739430300000000,PAXGUSDT,5m,2852.38430374,2853.35914458,2852.38430374,2853.35914458,0.0588
1739430600000000,PAXGUSDT,5m,2853.35914458,2854.33398542,2852.38430374,2854.33398542,0.6713
1739430900000000,PAXGUSDT,5m,2854.33398542,2855.30882626,2853.35914458,2855.30882626,1.8207
1739431200000000,PAXGUSDT,5m,2855.30882626,2856.2846666,2854.33298593,2855.30882626,2.358
1739431500000000,PAXGUSDT,5m,2855.30882626,2863.11288182,2849.4557846,2849.4557846,45.3446
1739431800000000,PAXGUSDT,5m,2849.4557846,2851.39881616,2848.48426882,2849.4557846,39.517
1739432100000000,PAXGUSDT,5m,2849.4557846,2851.39881616,2848.48426882,2849.4557846,24.9747
1739432400000000,PAXGUSDT,5m,2849.4557846,2851.39881616,2848.48426882,2850.42730038,25.2528
1739432700000000,PAXGUSDT,5m,2850.42730038,2851.39947886,2849.4551219,2851.39947886,23.5723
1739433000000000,PAXGUSDT,5m,2851.39947886,2853.34449897,2850.4269688,2850.4269688,0.1096
1739433300000000,PAXGUSDT,5m,2850.4269688,2850.4269688,2848.48393747,2848.48393747,1.3114
1739433600000000,PAXGUSDT,5m,2848.48393747,2848.48393747,2847.5124218,2848.48393747,0.9874
1739433900000000,PAXGUSDT,5m,2848.48393747,2850.4269688,2846.54090613,2848.48393747,38.5151
1739434200000000,PAXGUSDT,5m,2848.48393747,2849.4551219,2846.5415686,2846.5415686,24.9878
1739434500000000,PAXGUSDT,5m,2846.5415686,2847.5124218,2840.71644943,2847.5124218,18.4792
1739434800000000,PAXGUSDT,5m,2847.5124218,2852.36834339,2845.57005316,2851.39715907,43.298
1739435100000000,PAXGUSDT,5m,2851.39715907,2853.34018951,2847.51109821,2853.34018951,37.2455
1739435400000000,PAXGUSDT,5m,2853.34018951,2856.25870999,2852.36734935,2853.34018951,24.6525
1739435700000000,PAXGUSDT,5m,2853.34018951,2855.28653343,2852.36701754,2854.31336147,7.9415
1739436000000000,PAXGUSDT,5m,2854.31336147,2856.25970539,2850.42067362,2856.25970539,21.676
1739436300000000,PAXGUSDT,5m,2856.25970539,2859.1832056,2855.28520532,2855.28520532,7.6174
1739436600000000,PAXGUSDT,5m,2855.28520532,2855.28520532,2853.3381987,2854.31170201,1.8259
1739436900000000,PAXGUSDT,5m,2854.31170201,2857.23320836,2853.33786656,2853.33786656,12.1333
1739437200000000,PAXGUSDT,5m,2853.33786656,2853.33786656,2851.39218782,2852.36502719,1.1188
1739437500000000,PAXGUSDT,5m,2852.36502719,2853.33786656,2851.39218782,2851.39218782,0.4857
1739437800000000,PAXGUSDT,5m,2851.39218782,2853.33653981,2850.42001183,2850.42001183,7.0019
1739438100000000,PAXGUSDT,5m,2850.42001183,2850.42001183,2849.4481673,2850.42001183,1.5115
1739438400000000,PAXGUSDT,5m,2850.42001183,2850.42001183,2846.5326337,2846.5326337,4.9037
1739438700000000,PAXGUSDT,5m,2846.5326337,2847.50381509,2844.59027094,2847.50381509,0.3829
1739439000000000,PAXGUSDT,5m,2847.50381509,2848.47565939,2844.58828217,2848.47565939,3.5425
1739439300000000,PAXGUSDT,5m,2848.47565939,2850.42067521,2847.50315149,2847.50315149,4.0122
1739439600000000,PAXGUSDT,5m,2847.50315149,2847.50315149,2844.58861397,2844.58861397,2.0587
1739439900000000,PAXGUSDT,5m,2844.58861397,2847.50215642,2843.61743315,2846.53097561,4.2376
1739440200000000,PAXGUSDT,5m,2846.53097561,2852.3560731,2846.53097561,2850.41437394,11.7543
1739440500000000,PAXGUSDT,5m,2850.41437394,2852.35739669,2850.41437394,2850.41437394,1.3086
1739440800000000,PAXGUSDT,5m,2850.41437394,2852.3560731,2849.44352435,2849.44352435,0.5139
1739441100000000,PAXGUSDT,5m,2849.44352435,2851.38456218,2847.50248653,2851.38456218,4.5612
1739441400000000,PAXGUSDT,5m,2851.38456218,2852.35640422,2851.38456218,2852.35640422,0.429
1739441700000000,PAXGUSDT,5m,2852.35640422,2854.30075078,2852.35640422,2853.3285775,2.712
1739442000000000,PAXGUSDT,5m,2853.3285775,2854.30075078,2852.35640422,2853.3285775,3.9282
1739442300000000,PAXGUSDT,5m,2853.3285775,2853.3285775,2852.35673534,2853.3285775,0.2509
1739442600000000,PAXGUSDT,5m,2853.3285775,2854.30041966,2852.35673534,2853.3285775,1.8714
1739442900000000,PAXGUSDT,5m,2853.3285775,2854.30041966,2852.35673534,2854.30041966,4.9292
1739443200000000,PAXGUSDT,5m,2854.30041966,2855.27259283,2853.32824649,2855.27259283,6.7599
1739443500000000,PAXGUSDT,5m,2855.27259283,2857.21693916,2854.30041966,2854.30041966,5.114
1739443800000000,PAXGUSDT,5m,2854.30041966,2857.21396211,2853.32923884,2854.30041966,15.9393
1739444100000000,PAXGUSDT,5m,2854.30041966,2855.27160048,2852.35805803,2855.27160048,2.2527
1739444400000000,PAXGUSDT,5m,2855.27160048,2856.24344241,2854.29975854,2855.27160048,4.3259
1739444700000000,PAXGUSDT,5m,2855.27160048,2856.24344241,2854.29975854,2854.29975854,1.6413
1739445000000000,PAXGUSDT,5m,2854.29975854,2855.27093914,2853.32857795,2853.32857795,1.5061
1739445300000000,PAXGUSDT,5m,2853.32857795,2854.2994281,2852.35772781,2854.2994281,2.6658
1739445600000000,PAXGUSDT,5m,2854.2994281,2854.2994281,2853.32857795,2853.32857795,3.449
1739445900000000,PAXGUSDT,5m,2853.32857795,2853.32857795,2852.35772781,2852.35772781,0.6431
1739446200000000,PAXGUSDT,5m,2852.35772781,2854.29876743,2848.47564856,2854.29876743,6.3572
1739446500000000,PAXGUSDT,5m,2854.29876743,2855.27060903,2853.32692583,2853.32692583,2.2374
1739446800000000,PAXGUSDT,5m,2853.32692583,2855.26994723,2853.32692583,2855.26994723,0.5343
1739447100000000,PAXGUSDT,5m,2855.26994723,2856.24178861,2855.26994723,2855.26994723,2.0226
1739447400000000,PAXGUSDT,5m,2855.26994723,2856.24178861,2852.35442312,2856.24178861,5.3669
1739447700000000,PAXGUSDT,5m,2856.24178861,2856.24178861,2855.26994723,2856.24178861,0.8292
1739448000000000,PAXGUSDT,5m,2856.24178861,2856.24178861,2853.32626449,2854.29810586,4.8287
1739448300000000,PAXGUSDT,5m,2854.29810586,2857.214623,2854.29810586,2856.24245062,11.5361
1739448600000000,PAXGUSDT,5m,2856.24245062,2856.24245062,2855.27060903,2855.27060903,2.0441
1739448900000000,PAXGUSDT,5m,2855.27060903,2855.27060903,2852.35607625,2852.35607625,4.8161
1739449200000000,PAXGUSDT,5m,2852.35607625,2852.35607625,2850.41371597,2851.38489611,0.8922
1739449500000000,PAXGUSDT,5m,2851.38489611,2851.38489611,2850.41371597,2850.41371597,0.8354
1739449800000000,PAXGUSDT,5m,2850.41371597,2852.35607625,2849.44253583,2849.44253583,2.5968
1739450100000000,PAXGUSDT,5m,2849.44253583,2850.4130544,2849.44253583,2849.44253583,1.4133
1739450400000000,PAXGUSDT,5m,2849.44253583,2850.4130544,2848.47201725,2848.47201725,0.5606
1739450700000000,PAXGUSDT,5m,2848.47201725,2848.47201725,2847.50182923,2848.47201725,8.8606
1739451000000000,PAXGUSDT,5m,2848.47201725,2848.47201725,2845.56046153,2847.50149868,28.251
1739451300000000,PAXGUSDT,5m,2847.50149868,2848.47234815,2847.50149868,2848.47234815,3.5891
1739451600000000,PAXGUSDT,5m,2848.47234815,2849.44286683,2846.53131077,2849.44286683,6.6286
1739451900000000,PAXGUSDT,5m,2849.44286683,2850.41404709,2848.47168658,2850.41404709,4.1571
1739452200000000,PAXGUSDT,5m,2850.41404709,2851.38588959,2849.44220459,2850.41404709,2.9483
1739452500000000,PAXGUSDT,5m,2850.41404709,2851.38588959,2849.44220459,2849.44220459,2.4883
1739452800000000,PAXGUSDT,5m,2849.44220459,2850.41338462,2848.47102456,2850.41338462,2.0042
1739453100000000,PAXGUSDT,5m,2850.41338462,2850.41338462,2849.44154235,2850.41338462,1.4359
1739453400000000,PAXGUSDT,5m,2850.41338462,2852.35706916,2848.46970008,2851.38522689,14.2393
1739453700000000,PAXGUSDT,5m,2851.38522689,2852.35706916,2841.66680417,2846.52601553,46.9706
1739454000000000,PAXGUSDT,5m,2846.52601553,2846.52601553,2840.69695202,2844.58299436,23.2368
1739454300000000,PAXGUSDT,5m,2844.58299436,2845.55450495,2844.58299436,2844.58299436,0.8142
1739454600000000,PAXGUSDT,5m,2844.58299436,2846.52535216,2842.64063656,2846.52535216,1.5033
1739454900000000,PAXGUSDT,5m,2846.52535216,2847.49752612,2845.5531782,2847.49752612,7.3671
1739455200000000,PAXGUSDT,5m,2847.49752612,2848.4700321,2845.55251415,2847.49752612,6.1283
1739455500000000,PAXGUSDT,5m,2847.49752612,2847.49752612,2845.5531782,2846.52535216,1.553
1739455800000000,PAXGUSDT,5m,2846.52535216,2847.49785826,2845.55284606,2845.55284606,1.3226
1739456100000000,PAXGUSDT,5m,2845.55284606,2846.5250199,2845.55284606,2845.55284606,3.195
1739456400000000,PAXGUSDT,5m,2845.55284606,2848.4693676,2844.58067221,2844.58067221,16.7254
1739456700000000,PAXGUSDT,5m,2844.58067221,2846.5236918,2842.63765263,2842.63765263,6.4333
1739457000000000,PAXGUSDT,5m,2842.63765263,2843.60816736,2842.63765263,2842.63765263,1.2831
1739457300000000,PAXGUSDT,5m,2842.63765263,2842.63765263,2837.78673513,2838.75691863,13.6996
1739457600000000,PAXGUSDT,5m,2838.75691863,2841.66746913,2835.84636813,2835.84636813,2.4008
1739457900000000,PAXGUSDT,5m,2835.84636813,2836.81456423,2834.87817204,2834.87817204,0.1691
1739458200000000,PAXGUSDT,5m,2834.87817204,2835.84603758,2834.87817204,2834.87817204,0.5872
1739458500000000,PAXGUSDT,5m,2834.87817204,2834.87817204,2832.94310161,2833.91063682,6.595
1739458800000000,PAXGUSDT,5m,2833.91063682,2834.87817204,2832.94310161,2832.94310161,6.1994
1739459100000000,PAXGUSDT,5m,2832.94310161,2833.90997639,2831.97622683,2832.94310161,5.2528
1739459400000000,PAXGUSDT,5m,2832.94310161,2833.90997639,2832.94310161,2833.90997639,3.0498
1739459700000000,PAXGUSDT,5m,2833.90997639,2833.90997639,2831.97622683,2831.97622683,17.2207
1739460000000000,PAXGUSDT,5m,2831.97622683,2831.97622683,2830.04313726,2831.97622683,12.3151
1739460300000000,PAXGUSDT,5m,2831.97622683,2832.94277162,2831.00968205,2832.94277162,4.27
1739460600000000,PAXGUSDT,5m,2832.94277162,2832.94277162,2831.97589695,2832.94277162,0.0771
1739460900000000,PAXGUSDT,5m,2832.94277162,2834.87718116,2831.97556685,2831.97556685,4.2738
1739461200000000,PAXGUSDT,5m,2831.97556685,2832.94211141,2831.97556685,2831.97556685,1.2544
1739461500000000,PAXGUSDT,5m,2831.97556685,2831.97556685,2831.00935205,2831.00935205,4.4414
1739461800000000,PAXGUSDT,5m,2831.00935205,2831.9752372,2830.04346691,2831.00935205,7.4557
1739462100000000,PAXGUSDT,5m,2831.00935205,2831.97490777,2830.04379634,2830.04379634,3.1675
1739462400000000,PAXGUSDT,5m,2830.04379634,2831.00869365,2829.07889904,2831.00869365,1.0463
1739462700000000,PAXGUSDT,5m,2831.00869365,2832.93914622,2830.04346736,2830.04346736,2.7618
1739463000000000,PAXGUSDT,5m,2830.04346736,2831.00803569,2829.07889904,2831.00803569,1.8501
1739463300000000,PAXGUSDT,5m,2831.00803569,2831.00803569,2830.04313861,2831.00803569,0.703
1739463600000000,PAXGUSDT,5m,2831.00803569,2833.90371387,2828.11235751,2828.11235751,20.0393
1739463900000000,PAXGUSDT,5m,2828.11235751,2830.03886456,2826.18585045,2826.18585045,37.8934
1739464200000000,PAXGUSDT,5m,2826.18585045,2827.14877578,2826.18585045,2827.14877578,6.3853
1739464500000000,PAXGUSDT,5m,2827.14877578,2827.14877578,2826.18585045,2827.14877578,0.8263
1739464800000000,PAXGUSDT,5m,2827.14877578,2829.07528261,2827.14877578,2827.14877578,2.8756
1739465100000000,PAXGUSDT,5m,2827.14877578,2827.14877578,2825.22292512,2827.14877578,9.4401
1739465400000000,PAXGUSDT,5m,2827.14877578,2830.0365682,2824.26098337,2830.0365682,5.2978
1739465700000000,PAXGUSDT,5m,2830.0365682,2832.93026612,2825.21373833,2832.93026612,6.8225
1739466000000000,PAXGUSDT,5m,2832.93026612,2832.93026612,2830.99718508,2830.99718508,1.7964
1739466300000000,PAXGUSDT,5m,2830.99718508,2832.92960637,2829.06476379,2832.92960637,1.0486
1739466600000000,PAXGUSDT,5m,2832.92960637,2834.86334671,2830.99586602,2834.86334671,0.7981
1739466900000000,PAXGUSDT,5m,2834.86334671,2835.83120719,2831.95976527,2834.86334671,10.3095
1739467200000000,PAXGUSDT,5m,2834.86334671,2836.79906767,2832.92762575,2832.92762575,1.6227
1739467500000000,PAXGUSDT,5m,2832.92762575,2835.82922455,2830.99322655,2830.99322655,2.4018
1739467800000000,PAXGUSDT,5m,2830.99322655,2833.89086548,2830.99322655,2833.89086548,2.3753
1739468100000000,PAXGUSDT,5m,2833.89086548,2833.89086548,2832.92498583,2833.89086548,3.5092
1739468400000000,PAXGUSDT,5m,2833.89086548,2834.85674512,2830.99322655,2834.85674512,2.4765
1739468700000000,PAXGUSDT,5m,2834.85674512,2834.85674512,2833.89020685,2834.85674512,0.6801
1739469000000000,PAXGUSDT,5m,2834.85674512,2835.82328339,2831.95713031,2835.82328339,4.0766
1739469300000000,PAXGUSDT,5m,2835.82328339,2835.82328339,2834.85608581,2835.82328339,0.7393
1739469600000000,PAXGUSDT,5m,2835.82328339,2836.79081095,2834.85575582,2834.85575582,2.0426
1739469900000000,PAXGUSDT,5m,2834.85575582,2834.85575582,2833.88855836,2833.88855836,0.6308
1739470200000000,PAXGUSDT,5m,2833.88855836,2835.82295328,2831.95416344,2831.95416344,4.0336
1739470500000000,PAXGUSDT,5m,2831.95416344,2832.92037094,2830.98795595,2830.98795595,0.7246
1739470800000000,PAXGUSDT,5m,2830.98795595,2832.91971163,2829.05620026,2832.91971163,4.5961
1739471100000000,PAXGUSDT,5m,2832.91971163,2834.85476608,2832.91971163,2834.85476608,2.0472
1739471400000000,PAXGUSDT,5m,2834.85476608,2835.82262363,2834.85476608,2834.85476608,5.1367
1739471700000000,PAXGUSDT,5m,2834.85476608,2835.82229331,2833.88723886,2833.88723886,1.7815
1739472000000000,PAXGUSDT,5m,2833.88723886,2834.85410588,2833.88723886,2833.88723886,0.4338
1739472300000000,PAXGUSDT,5m,2833.88723886,2834.85410588,2832.92037184,2832.92037184,2.0145
1739472600000000,PAXGUSDT,5m,2832.92037184,2834.85344613,2830.98729755,2830.98729755,1.3462
1739472900000000,PAXGUSDT,5m,2830.98729755,2834.84817351,2830.98729755,2831.95251654,25.3214
1739473200000000,PAXGUSDT,5m,2831.95251654,2833.88229679,2831.95251654,2833.88229679,6.7121
1739473500000000,PAXGUSDT,5m,2833.88229679,2836.77696716,2831.95251654,2831.95251654,15.4791
1739473800000000,PAXGUSDT,5m,2831.95251654,2831.95251654,2830.98893963,2830.98893963,7.6713
1739474100000000,PAXGUSDT,5m,2830.98893963,2830.98893963,2830.02569059,2830.98893963,7.1557
1739474400000000,PAXGUSDT,5m,2830.98893963,2830.98893963,2830.02569059,2830.98893963,4.552
1739474700000000,PAXGUSDT,5m,2830.98893963,2831.95251654,2830.98893963,2831.95251654,1.1174
1739475000000000,PAXGUSDT,5m,2831.95251654,2832.91609344,2830.98893963,2832.91609344,12.6183
1739475300000000,PAXGUSDT,5m,2832.91609344,2834.84455913,2832.91609344,2833.88032628,1.8927
1739475600000000,PAXGUSDT,5m,2833.88032628,2834.84455913,2832.91609344,2832.91609344,2.6685
1739475900000000,PAXGUSDT,5m,2832.91609344,2833.8799982,2831.95218868,2831.95218868,4.5661
1739476200000000,PAXGUSDT,5m,2831.95218868,2832.91576547,2831.95218868,2832.91576547,1.668
1739476500000000,PAXGUSDT,5m,2832.91576547,2833.87967012,2831.95186082,2832.91576547,1.3072
1739476800000000,PAXGUSDT,5m,2832.91576547,2833.8799982,2831.95153274,2831.95153274,0.296
1739477100000000,PAXGUSDT,5m,2831.95153274,2832.91510931,2830.98795617,2832.91510931,0.9939
1739477400000000,PAXGUSDT,5m,2832.91510931,2833.87934181,2832.91510931,2832.91510931,0.774
1739477700000000,PAXGUSDT,5m,2832.91510931,2832.91510931,2831.95120488,2832.91510931,1.3192
1739478000000000,PAXGUSDT,5m,2832.91510931,2833.87934181,2832.91510931,2832.91510931,2.9375
1739478300000000,PAXGUSDT,5m,2832.91510931,2832.91510931,2831.95120488,2832.91510931,1.4428
1739478600000000,PAXGUSDT,5m,2832.91510931,2832.91510931,2831.95120488,2831.95120488,0.9567
1739478900000000,PAXGUSDT,5m,2831.95120488,2832.91478134,2830.98762842,2832.91478134,7.8852
1739479200000000,PAXGUSDT,5m,2832.91478134,2833.87901373,2831.95054894,2832.91478134,15.1051
1739479500000000,PAXGUSDT,5m,2832.91478134,2833.87901373,2831.95054894,2832.91478134,0.8643
1739479800000000,PAXGUSDT,5m,2832.91478134,2833.87934204,2832.91478134,2832.91478134,1.4721
1739480100000000,PAXGUSDT,5m,2832.91478134,2835.80846344,2832.91478134,2834.84390274,16.6789
1739480400000000,PAXGUSDT,5m,2834.84390274,2835.80846344,2834.84390274,2834.84390274,3.9167
1739480700000000,PAXGUSDT,5m,2834.84390274,2835.80813536,2833.87967012,2834.84390274,16.984
1739481000000000,PAXGUSDT,5m,2834.84390274,2834.84390274,2831.95218846,2834.84390274,22.6716
1739481300000000,PAXGUSDT,5m,2834.84390274,2835.80813536,2833.87967012,2833.87967012,7.9711
1739481600000000,PAXGUSDT,5m,2833.87967012,2834.84357477,2833.87967012,2833.87967012,1.3352
1739481900000000,PAXGUSDT,5m,2833.87967012,2834.84357477,2833.87967012,2834.84357477,0.2634
1739482200000000,PAXGUSDT,5m,2834.84357477,2834.84357477,2832.91576547,2833.87967012,9.2775
1739482500000000,PAXGUSDT,5m,2833.87967012,2835.80813536,2831.95120488,2831.95120488,4.131
1739482800000000,PAXGUSDT,5m,2831.95120488,2831.95120488,2830.98828369,2831.95120488,0.5368
1739483100000000,PAXGUSDT,5m,2831.95120488,2832.91445359,2831.95120488,2831.95120488,2.6615
1739483400000000,PAXGUSDT,5m,2831.95120488,2832.91445359,2831.95120488,2831.95120488,0.5478
1739483700000000,PAXGUSDT,5m,2831.95120488,2832.91412606,2830.98828369,2832.91412606,1.7882
1739484000000000,PAXGUSDT,5m,2832.91412606,2832.91412606,2830.98762887,2830.98762887,6.3466
1739484300000000,PAXGUSDT,5m,2830.98762887,2831.95087747,2830.02438027,2830.02438027,0.3076
1739484600000000,PAXGUSDT,5m,2830.02438027,2831.95022197,2830.02438027,2831.95022197,10.3651
1739484900000000,PAXGUSDT,5m,2831.95022197,2832.91347035,2831.95022197,2831.95022197,0.2624
1739485200000000,PAXGUSDT,5m,2831.95022197,2833.87671872,2830.02372522,2833.87671872,9.2808
1739485500000000,PAXGUSDT,5m,2833.87671872,2833.87671872,2831.9475991,2831.9475991,7.3648
1739485800000000,PAXGUSDT,5m,2831.9475991,2834.8393087,2831.9475991,2831.9475991,8.5382
1739486100000000,PAXGUSDT,5m,2831.9475991,2833.8754055,2830.9836959,2830.9836959,3.6455
1739486400000000,PAXGUSDT,5m,2830.9836959,2831.94661553,2830.02077628,2830.02077628,4.0143
1739486700000000,PAXGUSDT,5m,2830.02077628,2831.94530588,2829.05851148,2829.05851148,16.7242
1739487000000000,PAXGUSDT,5m,2829.05851148,2836.75139662,2823.28884762,2823.28884762,62.0812
1739487300000000,PAXGUSDT,5m,2823.28884762,2824.24654398,2821.37345492,2824.24654398,11.1176
1739487600000000,PAXGUSDT,5m,2824.24654398,2825.20521558,2822.32920077,2825.20521558,5.7656
1739487900000000,PAXGUSDT,5m,2825.20521558,2826.1642126,2824.24621856,2824.24621856,2.927
1739488200000000,PAXGUSDT,5m,2824.24621856,2826.16291094,2822.32952618,2826.16291094,1.5869
1739488500000000,PAXGUSDT,5m,2826.16291094,2827.12288475,2826.16291094,2826.16291094,5.029
1739488800000000,PAXGUSDT,5m,2826.16291094,2826.16291094,2825.20326309,2826.16291094,0.7301
1739489100000000,PAXGUSDT,5m,2826.16291094,2827.12288475,2826.16291094,2826.16291094,0.6293
1739489400000000,PAXGUSDT,5m,2826.16291094,2827.12288475,2825.20293712,2825.20293712,1.8755
1739489700000000,PAXGUSDT,5m,2825.20293712,2827.12158088,2823.28429336,2823.28429336,1.4221
1739490000000000,PAXGUSDT,5m,2823.28429336,2824.24231314,2822.32627358,2824.24231314,0.1247
1739490300000000,PAXGUSDT,5m,2824.24231314,2828.07699381,2824.24231314,2828.07699381,11.1571
1739490600000000,PAXGUSDT,5m,2828.07699381,2829.99433415,2826.15965348,2829.99433415,3.7614
1739490900000000,PAXGUSDT,5m,2829.99433415,2830.95397957,2829.03468873,2829.03468873,1.7071
1739491200000000,PAXGUSDT,5m,2829.03468873,2829.99400873,2828.07536873,2829.99400873,2.5583
1739491500000000,PAXGUSDT,5m,2829.99400873,2832.87294465,2826.15542751,2832.87294465,1.9365
1739491800000000,PAXGUSDT,5m,2832.87294465,2832.87294465,2831.91134488,2832.87294465,2.4442
1739492100000000,PAXGUSDT,5m,2832.87294465,2833.83487095,2832.87294465,2833.83487095,3.2881
1739492400000000,PAXGUSDT,5m,2833.83487095,2834.79679725,2833.83487095,2833.83487095,3.4006
1739492700000000,PAXGUSDT,5m,2833.83487095,2834.79647084,2832.87327106,2834.79647084,6.1759
1739493000000000,PAXGUSDT,5m,2834.79647084,2836.72032321,2833.83454465,2834.79647084,6.335
1739493300000000,PAXGUSDT,5m,2834.79647084,2838.64417558,2830.94876609,2838.64417558,2.666
1739493600000000,PAXGUSDT,5m,2838.64417558,2839.60871659,2838.64417558,2839.60871659,0.3567
1739493900000000,PAXGUSDT,5m,2839.60871659,2840.57325759,2838.64417558,2840.57325759,1.1108
1739494200000000,PAXGUSDT,5m,2840.57325759,2841.53878215,2840.57325759,2840.57325759,0.3267
1739494500000000,PAXGUSDT,5m,2840.57325759,2840.57325759,2839.60806111,2840.57325759,1.9694
1739494800000000,PAXGUSDT,5m,2840.57325759,2844.43273213,2839.60838896,2843.46786349,5.3026
1739495100000000,PAXGUSDT,5m,2843.46786349,2844.43273213,2841.53812623,2844.43273213,0.1438
1739495400000000,PAXGUSDT,5m,2844.43273213,2844.43273213,2844.43273213,2844.43273213,0.1877
1739495700000000,PAXGUSDT,5m,2844.43273213,2844.43273213,2844.43273213,2844.43273213,0.1862
1739496000000000,PAXGUSDT,5m,2844.43273213,2844.43273213,2843.46688061,2844.43273213,0.8494
1739496300000000,PAXGUSDT,5m,2844.43273213,2845.39858365,2843.46688061,2843.46688061,0.2961
1739496600000000,PAXGUSDT,5m,2843.46688061,2843.46688061,2842.50168479,2843.46688061,0.9839
1739496900000000,PAXGUSDT,5m,2843.46688061,2843.46688061,2842.50168479,2843.46688061,0.5787
1739497200000000,PAXGUSDT,5m,2843.46688061,2846.36345128,2841.53583349,2841.53583349,1.4558
1739497500000000,PAXGUSDT,5m,2841.53583349,2841.53583349,2840.57162045,2841.53583349,0.5745
1739497800000000,PAXGUSDT,5m,2841.53583349,2841.53583349,2840.57162045,2841.53583349,0.4082
1739498100000000,PAXGUSDT,5m,2841.53583349,2842.50004653,2840.57162045,2840.57162045,4.5069
1739498400000000,PAXGUSDT,5m,2840.57162045,2841.5355063,2839.60773459,2840.57162045,5.0107
1739498700000000,PAXGUSDT,5m,2840.57162045,2842.49939216,2839.60773459,2842.49939216,10.0338
1739499000000000,PAXGUSDT,5m,2842.49939216,2845.39104973,2838.64384873,2845.39104973,24.376
1739499300000000,PAXGUSDT,5m,2845.39104973,2845.39104973,2842.49350284,2843.4593518,13.6824
1739499600000000,PAXGUSDT,5m,2843.4593518,2843.4593518,2842.49350284,2843.4593518,0.7578
1739499900000000,PAXGUSDT,5m,2843.4593518,2844.42552895,2840.56082035,2844.42552895,52.4949
1739500200000000,PAXGUSDT,5m,2844.42552895,2846.35919688,2842.49186102,2846.35919688,1.0228
1739500500000000,PAXGUSDT,5m,2846.35919688,2846.35919688,2844.42421443,2846.35919688,0.6705
1739500800000000,PAXGUSDT,5m,2846.35919688,2847.32668811,2845.39170566,2846.35919688,4.0523
1739501100000000,PAXGUSDT,5m,2846.35919688,2848.29417934,2845.39170566,2846.35919688,4.4952
1739501400000000,PAXGUSDT,5m,2846.35919688,2847.32668811,2845.39170566,2845.39170566,0.0837
1739501700000000,PAXGUSDT,5m,2845.39170566,2846.35886803,2844.42454328,2844.42454328,0.2053
1739502000000000,PAXGUSDT,5m,2844.42454328,2844.42454328,2843.45803817,2844.42454328,0.1764
1739502300000000,PAXGUSDT,5m,2844.42454328,2844.42454328,2843.45803817,2844.42454328,0.2483
1739502600000000,PAXGUSDT,5m,2844.42454328,2844.42454328,2843.45803817,2844.42454328,1.7173
1739502900000000,PAXGUSDT,5m,2844.42454328,2845.39137691,2843.45770965,2843.45770965,0.5569
1739503200000000,PAXGUSDT,5m,2843.45770965,2843.45770965,2842.49153306,2842.49153306,0.6157
1739503500000000,PAXGUSDT,5m,2842.49153306,2843.45770965,2842.49153306,2842.49153306,0.3046
1739503800000000,PAXGUSDT,5m,2842.49153306,2843.45738135,2841.52568476,2843.45738135,0.3755
1739504100000000,PAXGUSDT,5m,2843.45738135,2845.39039113,2843.45738135,2844.42388624,0.8138
1739504400000000,PAXGUSDT,5m,2844.42388624,2845.39039113,2843.45738135,2845.39039113,4.6837
1739504700000000,PAXGUSDT,5m,2845.39039113,2847.32471498,2845.39039113,2847.32471498,6.6871
1739505000000000,PAXGUSDT,5m,2847.32471498,2850.22718666,2847.32471498,2849.2596961,6.8555
1739505300000000,PAXGUSDT,5m,2849.2596961,2850.22751529,2848.29187691,2849.2596961,6.9364
1739505600000000,PAXGUSDT,5m,2849.2596961,2850.22718666,2848.29220554,2850.22718666,1.3461
1739505900000000,PAXGUSDT,5m,2850.22718666,2855.06628205,2845.38809127,2855.06628205,9.7288
1739506200000000,PAXGUSDT,5m,2855.06628205,2860.89294794,2855.06628205,2858.95072598,10.2645
1739506500000000,PAXGUSDT,5m,2858.95072598,2859.92150721,2857.97994474,2859.92150721,1.6697
1739506800000000,PAXGUSDT,5m,2859.92150721,2860.89294794,2857.97862575,2858.95006648,1.1543
1739507100000000,PAXGUSDT,5m,2858.95006648,2859.9218374,2858.95006648,2858.95006648,0.1888
1739507400000000,PAXGUSDT,5m,2858.95006648,2859.9218374,2857.97829555,2857.97829555,0.6791
1739507700000000,PAXGUSDT,5m,2857.97829555,2859.9218374,2857.00652462,2859.9218374,1.1739
1739508000000000,PAXGUSDT,5m,2859.9218374,2860.89360833,2858.95006648,2859.9218374,0.6095
1739508300000000,PAXGUSDT,5m,2859.9218374,2860.89360833,2858.95006648,2858.95006648,0.0859
1739508600000000,PAXGUSDT,5m,2858.95006648,2859.92150721,2858.95006648,2858.95006648,0.603
1739508900000000,PAXGUSDT,5m,2858.95006648,2859.92150721,2858.95006648,2858.95006648,0.1343
1739509200000000,PAXGUSDT,5m,2858.95006648,2858.95006648,2857.97895572,2858.95006648,0.6946
1739509500000000,PAXGUSDT,5m,2858.95006648,2859.92150721,2858.95006648,2858.95006648,0.0777
1739509800000000,PAXGUSDT,5m,2858.95006648,2859.92150721,2857.97862575,2857.97862575,0.7279
1739510100000000,PAXGUSDT,5m,2857.97862575,2858.94973639,2857.97862575,2858.94973639,1.6596
1739510400000000,PAXGUSDT,5m,2858.94973639,2859.92084704,2857.97862575,2858.94973639,3.2634
1739510700000000,PAXGUSDT,5m,2858.94973639,2858.94973639,2858.94973639,2858.94973639,0.0921
1739511000000000,PAXGUSDT,5m,2858.94973639,2859.92084704,2858.94973639,2858.94973639,1.1347
1739511300000000,PAXGUSDT,5m,2858.94973639,2860.89129818,2857.9789555,2859.92051729,11.8508
1739511600000000,PAXGUSDT,5m,2859.92051729,2860.89096877,2858.95006581,2860.89096877,0.2655
1739511900000000,PAXGUSDT,5m,2860.89096877,2861.86207908,2859.91985846,2859.91985846,0.9732
1739512200000000,PAXGUSDT,5m,2859.91985846,2859.91985846,2858.9494072,2858.9494072,1.4713
1739512500000000,PAXGUSDT,5m,2858.9494072,2862.83121224,2856.03805343,2856.03805343,37.5567
1739512800000000,PAXGUSDT,5m,2856.03805343,2860.87879589,2855.06990494,2856.03805343,114.3183
1739513100000000,PAXGUSDT,5m,2856.03805343,2856.03805343,2855.07023301,2855.07023301,0.8704
1739513400000000,PAXGUSDT,5m,2855.07023301,2857.00521792,2852.16775565,2857.00521792,3.6364
1739513700000000,PAXGUSDT,5m,2857.00521792,2858.94282743,2855.06760841,2855.06760841,7.9433
1739514000000000,PAXGUSDT,5m,2855.06760841,2856.03509998,2854.10011685,2856.03509998,0.9317
1739514300000000,PAXGUSDT,5m,2856.03509998,2856.03509998,2855.06760841,2855.06760841,0.0467
1739514600000000,PAXGUSDT,5m,2855.06760841,2855.06760841,2854.10044459,2855.06760841,0.5337
1739514900000000,PAXGUSDT,5m,2855.06760841,2856.03509998,2855.06760841,2855.06760841,0.1743
1739515200000000,PAXGUSDT,5m,2855.06760841,2856.03509998,2855.06760841,2855.06760841,1.1132
1739515500000000,PAXGUSDT,5m,2855.06760841,2856.03477224,2854.10044459,2854.10044459,4.7333
1739515800000000,PAXGUSDT,5m,2854.10044459,2856.03411698,2852.1667722,2852.1667722,5.3162
1739516100000000,PAXGUSDT,5m,2852.1667722,2852.1667722,2851.2012452,2852.1667722,0.3007
1739516400000000,PAXGUSDT,5m,2852.1667722,2852.1667722,2850.23571819,2850.23571819,7.1107
1739516700000000,PAXGUSDT,5m,2850.23571819,2851.2012452,2850.23571819,2850.23571819,0.1405
1739517000000000,PAXGUSDT,5m,2850.23571819,2850.23571819,2849.27051815,2850.23571819,0.0322
1739517300000000,PAXGUSDT,5m,2850.23571819,2850.23571819,2849.27051815,2850.23571819,1.213
1739517600000000,PAXGUSDT,5m,2850.23571819,2851.20091823,2848.30531811,2851.20091823,10.308
1739517900000000,PAXGUSDT,5m,2851.20091823,2851.20091823,2848.30335632,2851.20091823,17.577
1739518200000000,PAXGUSDT,5m,2851.20091823,2853.13328076,2847.33619316,2853.13328076,9.0725
1739518500000000,PAXGUSDT,5m,2853.13328076,2853.13328076,2851.19829719,2853.13328076,0.3953
1739518800000000,PAXGUSDT,5m,2853.13328076,2855.06957753,2851.196984,2851.196984,0.9588
1739519100000000,PAXGUSDT,5m,2851.196984,2852.16381919,2849.26331361,2852.16381919,1.4041
1739519400000000,PAXGUSDT,5m,2852.16381919,2853.13065439,2850.23014881,2853.13065439,5.3152
1739519700000000,PAXGUSDT,5m,2853.13065439,2853.13065439,2851.19763904,2853.13065439,1.8241
1739520000000000,PAXGUSDT,5m,2853.13065439,2853.13065439,2851.19763904,2853.13065439,4.764
1739520300000000,PAXGUSDT,5m,2853.13065439,2854.09748958,2852.16381919,2854.09748958,1.3722
1739520600000000,PAXGUSDT,5m,2854.09748958,2855.0646524,2853.13032676,2855.0646524,0.5076
1739520900000000,PAXGUSDT,5m,2855.0646524,2856.03181522,2854.09748958,2856.03181522,0.3949
1739521200000000,PAXGUSDT,5m,2856.03181522,2856.03181522,2855.06432477,2855.06432477,11.2131
1739521500000000,PAXGUSDT,5m,2855.06432477,2856.9999616,2854.09650636,2856.03214319,14.992
1739521800000000,PAXGUSDT,5m,2856.03214319,2856.03214319,2855.0639967,2855.0639967,0.2426
1739522100000000,PAXGUSDT,5m,2855.0639967,2856.03214319,2854.09585021,2854.09585021,0.2459
1739522400000000,PAXGUSDT,5m,2854.09585021,2856.03083045,2852.16086997,2852.16086997,5.7877
1739522700000000,PAXGUSDT,5m,2852.16086997,2853.12737654,2851.19436341,2853.12737654,7.2613
1739523000000000,PAXGUSDT,5m,2853.12737654,2854.09453836,2852.16021471,2853.12737654,2.1239
1739523300000000,PAXGUSDT,5m,2853.12737654,2854.09486632,2852.15988675,2854.09486632,2.3708
1739523600000000,PAXGUSDT,5m,2854.09486632,2855.06268418,2854.09486632,2854.09486632,2.0438
1739523900000000,PAXGUSDT,5m,2854.09486632,2859.90177348,2850.22359488,2850.22359488,10.1031
1739524200000000,PAXGUSDT,5m,2850.22359488,2852.15398675,2850.22359488,2851.18879082,4.9014
1739524500000000,PAXGUSDT,5m,2851.18879082,2853.11918269,2851.18879082,2851.18879082,5.948
1739524800000000,PAXGUSDT,5m,2851.18879082,2852.15398675,2851.18879082,2851.18879082,2.1129
1739525100000000,PAXGUSDT,5m,2851.18879082,2852.15398675,2850.22359488,2851.18879082,0.9082
1739525400000000,PAXGUSDT,5m,2851.18879082,2853.11983639,2850.22326803,2850.22326803,0.9913
1739525700000000,PAXGUSDT,5m,2850.22326803,2850.22326803,2845.40055523,2846.36509779,16.5194
1739526000000000,PAXGUSDT,5m,2846.36509779,2847.32964035,2845.40055523,2846.36509779,2.6834
1739526300000000,PAXGUSDT,5m,2846.36509779,2847.32964035,2844.43601267,2846.36509779,2.2083
1739526600000000,PAXGUSDT,5m,2846.36509779,2847.32996731,2844.43535874,2845.40022826,10.4556
1739526900000000,PAXGUSDT,5m,2845.40022826,2847.32996731,2845.40022826,2845.40022826,6.0157
1739527200000000,PAXGUSDT,5m,2845.40022826,2852.15431494,2845.40022826,2850.22457589,12.7597
1739527500000000,PAXGUSDT,5m,2850.22457589,2851.18944541,2849.25970636,2851.18944541,33.687
1739527800000000,PAXGUSDT,5m,2851.18944541,2853.12049143,2850.2239224,2850.2239224,0.8222
1739528100000000,PAXGUSDT,5m,2850.2239224,2851.18879171,2850.2239224,2850.2239224,3.8137
1739528400000000,PAXGUSDT,5m,2850.2239224,2852.15366101,2850.2239224,2852.15366101,5.0434
1739528700000000,PAXGUSDT,5m,2852.15366101,2853.11885683,2851.18846518,2851.18846518,16.2805
1739529000000000,PAXGUSDT,5m,2851.18846518,2852.15333438,2850.22359599,2850.22359599,2.3289
1739529300000000,PAXGUSDT,5m,2850.22359599,2851.18813866,2850.22359599,2850.22359599,0.4642
1739529600000000,PAXGUSDT,5m,2850.22359599,2851.18813866,2849.25905332,2851.18813866,0.4968
1739529900000000,PAXGUSDT,5m,2851.18813866,2854.08372581,2851.18813866,2852.15333438,10.9616
1739530200000000,PAXGUSDT,5m,2852.15333438,2852.15333438,2850.22359599,2851.18846518,3.8173
1739530500000000,PAXGUSDT,5m,2851.18846518,2851.18846518,2850.2239224,2850.2239224,3.6519
1739530800000000,PAXGUSDT,5m,2850.2239224,2851.18813888,2849.25970592,2851.18813888,0.303
1739531100000000,PAXGUSDT,5m,2851.18813888,2852.15300797,2851.18813888,2851.18813888,0.6628
1739531400000000,PAXGUSDT,5m,2851.18813888,2851.18813888,2850.2232698,2851.18813888,7.1383
1739531700000000,PAXGUSDT,5m,2851.18813888,2852.1533346,2851.18813888,2852.1533346,1.9603
1739532000000000,PAXGUSDT,5m,2852.1533346,2853.11885705,2852.1533346,2852.1533346,0.3974
1739532300000000,PAXGUSDT,5m,2852.1533346,2852.1533346,2851.18813888,2852.1533346,0.4523
1739532600000000,PAXGUSDT,5m,2852.1533346,2853.11885705,2852.1533346,2852.1533346,1.5744
1739532900000000,PAXGUSDT,5m,2852.1533346,2852.1533346,2850.22294317,2850.22294317,3.0159
1739533200000000,PAXGUSDT,5m,2850.22294317,2851.18813888,2850.22294317,2850.22294317,1.0565
1739533500000000,PAXGUSDT,5m,2850.22294317,2850.22294317,2846.36346728,2847.32833625,12.009
1739533800000000,PAXGUSDT,5m,2847.32833625,2848.29320523,2846.36346728,2846.36346728,14.5964
1739534100000000,PAXGUSDT,5m,2846.36346728,2847.32833625,2845.39859831,2846.36346728,1.3381
1739534400000000,PAXGUSDT,5m,2846.36346728,2847.32833625,2845.39859831,2847.32833625,3.5859
1739534700000000,PAXGUSDT,5m,2847.32833625,2849.25938294,2847.32833625,2847.32833625,2.0478
1739535000000000,PAXGUSDT,5m,2847.32833625,2847.32833625,2843.46755207,2845.39794416,23.321
1739535300000000,PAXGUSDT,5m,2845.39794416,2850.22556198,2840.57032634,2840.57032634,18.3388
1739535600000000,PAXGUSDT,5m,2840.57032634,2840.57032634,2838.6458207,2839.60807352,0.4368
1739535900000000,PAXGUSDT,5m,2839.60807352,2839.60807352,2838.6458207,2839.60807352,0.3438
1739536200000000,PAXGUSDT,5m,2839.60807352,2839.60807352,2838.6458207,2838.6458207,1.558
1739536500000000,PAXGUSDT,5m,2838.6458207,2838.6458207,2835.76004047,2836.72196721,3.5591
1739536800000000,PAXGUSDT,5m,2836.72196721,2838.6458207,2833.83618698,2838.6458207,9.9557
1739537100000000,PAXGUSDT,5m,2838.6458207,2840.57163198,2836.72000942,2836.72000942,1.0636
1739537400000000,PAXGUSDT,5m,2836.72000942,2840.56901893,2833.83325229,2833.83325229,23.1415
1739537700000000,PAXGUSDT,5m,2833.83325229,2833.83325229,2830.95334045,2830.95334045,5.3023
1739538000000000,PAXGUSDT,5m,2830.95334045,2830.95334045,2826.15511445,2829.03405005,11.1077
1739538300000000,PAXGUSDT,5m,2829.03405005,2830.95334045,2828.07440485,2830.95334045,19.433
1739538600000000,PAXGUSDT,5m,2830.95334045,2831.91331106,2828.07342861,2829.03339922,15.822
1739538900000000,PAXGUSDT,5m,2829.03339922,2829.99336983,2828.07342861,2829.99336983,0.6748
1739539200000000,PAXGUSDT,5m,2829.99336983,2829.99336983,2829.03307348,2829.03307348,0.1118
1739539500000000,PAXGUSDT,5m,2829.03307348,2829.99336983,2829.03307348,2829.99336983,0.2957
1739539800000000,PAXGUSDT,5m,2829.99336983,2830.95366619,2829.99336983,2830.95366619,0.8103
1739540100000000,PAXGUSDT,5m,2830.95366619,2831.91396255,2829.99336983,2829.99336983,5.5156
1739540400000000,PAXGUSDT,5m,2829.99336983,2838.63310536,2821.35363431,2838.63310536,41.1765
1739540700000000,PAXGUSDT,5m,2838.63310536,2839.59895534,2820.28195565,2836.70140539,350.9804
1739541000000000,PAXGUSDT,5m,2836.70140539,2837.66725538,2835.73555541,2836.70140539,8.6083
1739541300000000,PAXGUSDT,5m,2836.70140539,2837.66692663,2835.73588415,2835.73588415,7.1575
1739541600000000,PAXGUSDT,5m,2835.73588415,2835.73588415,2830.90992111,2834.77069154,11.8033
1739541900000000,PAXGUSDT,5m,2834.77069154,2839.59665458,2829.9447285,2839.59665458,11.8041
1739542200000000,PAXGUSDT,5m,2839.59665458,2842.50210819,2836.69120098,2836.69120098,3.8052
1739542500000000,PAXGUSDT,5m,2836.69120098,2837.65737646,2835.7250255,2837.65737646,1.1614
1739542800000000,PAXGUSDT,5m,2837.65737646,2839.58972741,2836.69120098,2839.58972741,1.5524
1739543100000000,PAXGUSDT,5m,2839.58972741,2845.3887534,2839.58972741,2844.42224907,20.1708
1739543400000000,PAXGUSDT,5m,2844.42224907,2845.38908192,2843.45541622,2844.42224907,2.1069
1739543700000000,PAXGUSDT,5m,2844.42224907,2845.38908192,2841.52175052,2845.38908192,5.882
1739544000000000,PAXGUSDT,5m,2845.38908192,2846.35657226,2844.42159159,2844.42159159,2.967
1739544300000000,PAXGUSDT,5m,2844.42159159,2845.38908192,2841.51912058,2842.48661091,19.1102
1739544600000000,PAXGUSDT,5m,2842.48661091,2847.32570967,2840.55097141,2843.45443066,38.1843
1739544900000000,PAXGUSDT,5m,2843.45443066,2844.42290969,2842.48595163,2842.48595163,1.3007
1739545200000000,PAXGUSDT,5m,2842.48595163,2842.48595163,2839.58249305,2840.55031258,4.9546
1739545500000000,PAXGUSDT,5m,2840.55031258,2841.51813211,2837.646854,2841.51813211,6.4458
1739545800000000,PAXGUSDT,5m,2841.51813211,2842.48694156,2841.51813211,2841.51813211,2.0849
1739546100000000,PAXGUSDT,5m,2841.51813211,2842.48694156,2836.67408483,2836.67408483,52.9045
1739546400000000,PAXGUSDT,5m,2836.67408483,2837.64256352,2831.83169138,2837.64256352,37.357
1739546700000000,PAXGUSDT,5m,2837.64256352,2843.45740484,2830.85858198,2843.45740484,25.2401
1739547000000000,PAXGUSDT,5m,2843.45740484,2845.40364536,2839.56492379,2845.40364536,39.8247
1739547300000000,PAXGUSDT,5m,2845.40364536,2850.27591188,2840.53137885,2840.53137885,24.2939
1739547600000000,PAXGUSDT,5m,2840.53137885,2845.38698804,2840.53137885,2843.44474436,4.6282
1739547900000000,PAXGUSDT,5m,2843.44474436,2846.35612124,2840.53336749,2846.35612124,14.1878
1739548200000000,PAXGUSDT,5m,2846.35612124,2849.27346608,2843.43877639,2844.41122467,30.1818
1739548500000000,PAXGUSDT,5m,2844.41122467,2853.16625238,2843.43844382,2845.38400553,40.4034
1739548800000000,PAXGUSDT,5m,2845.38400553,2845.38400553,2839.54732039,2842.46566296,40.6657
1739549100000000,PAXGUSDT,5m,2842.46566296,2844.41122467,2841.4928821,2841.4928821,9.7727
1739549400000000,PAXGUSDT,5m,2841.4928821,2844.41022592,2839.54798622,2842.46533004,9.8277
1739549700000000,PAXGUSDT,5m,2842.46533004,2845.38267386,2839.54798622,2841.4928821,41.2572
1739550000000000,PAXGUSDT,5m,2841.4928821,2843.43844382,2839.54732039,2839.54732039,10.3324
1739550300000000,PAXGUSDT,5m,2839.54732039,2842.46166933,2833.7186225,2842.46166933,44.2182
1739550600000000,PAXGUSDT,5m,2842.46166933,2843.43511511,2841.48822356,2842.46166933,1.5499
1739550900000000,PAXGUSDT,5m,2842.46166933,2843.43511511,2841.48822356,2843.43511511,1.3857
1739551200000000,PAXGUSDT,5m,2843.43511511,2847.33156611,2843.43511511,2846.35745336,12.6769
1739551500000000,PAXGUSDT,5m,2846.35745336,2854.14502505,2837.5964352,2854.14502505,48.7869
1739551800000000,PAXGUSDT,5m,2854.14502505,2856.10260051,2853.16623732,2854.14502505,19.8006
1739552100000000,PAXGUSDT,5m,2854.14502505,2858.06151908,2853.16590154,2854.14502505,52.8833
1739552400000000,PAXGUSDT,5m,2854.14502505,2858.06286311,2853.16556554,2857.08340359,37.2394
1739552700000000,PAXGUSDT,5m,2857.08340359,2858.06286311,2856.10394408,2856.10394408,4.6602
1739553000000000,PAXGUSDT,5m,2856.10394408,2857.08306782,2854.1456966,2856.10394408,8.5529
1739553300000000,PAXGUSDT,5m,2856.10394408,2858.06219155,2854.1456966,2858.06219155,5.1193
1739553600000000,PAXGUSDT,5m,2858.06219155,2861.98406077,2858.06219155,2860.02312616,9.2465
1739553900000000,PAXGUSDT,5m,2860.02312616,2860.02312616,2856.10260097,2856.10260097,4.2337
1739554200000000,PAXGUSDT,5m,2856.10260097,2857.08273227,2855.12246968,2857.08273227,7.124
1739554500000000,PAXGUSDT,5m,2857.08273227,2857.08273227,2855.12246968,2857.08273227,6.3708
1739554800000000,PAXGUSDT,5m,2857.08273227,2858.06286357,2850.22181319,2852.18207578,56.0458
1739555100000000,PAXGUSDT,5m,2852.18207578,2858.06286357,2851.20194449,2853.16220708,37.5307
1739555400000000,PAXGUSDT,5m,2853.16220708,2854.14233838,2851.20194449,2854.14233838,22.8489
1739555700000000,PAXGUSDT,5m,2854.14233838,2858.06555809,2853.16153345,2855.1231433,14.2715
1739556000000000,PAXGUSDT,5m,2855.1231433,2860.02548387,2853.16220708,2857.08407953,17.085
1739556300000000,PAXGUSDT,5m,2857.08407953,2859.04703664,2855.12112242,2859.04703664,6.4038
1739556600000000,PAXGUSDT,5m,2859.04703664,2865.92446938,2858.06454625,2861.99450782,14.3288
1739556900000000,PAXGUSDT,5m,2861.99450782,2863.9594886,2859.04703664,2863.9594886,6.5012
1739557200000000,PAXGUSDT,5m,2863.9594886,2866.90999631,2861.99248345,2861.99248345,10.8762
1739557500000000,PAXGUSDT,5m,2861.99248345,2862.97497315,2861.00999376,2861.99248345,5.8487
1739557800000000,PAXGUSDT,5m,2861.99248345,2864.94096472,2857.07834801,2864.94096472,31.4198
1739558100000000,PAXGUSDT,5m,2864.94096472,2865.92615762,2861.98538601,2862.97057891,11.6857
1739558400000000,PAXGUSDT,5m,2862.97057891,2863.95611095,2862.97057891,2863.95611095,1.5701
1739558700000000,PAXGUSDT,5m,2863.95611095,2864.94164299,2862.97057891,2863.95611095,5.9991
1739559000000000,PAXGUSDT,5m,2863.95611095,2864.94164299,2862.97057891,2862.97057891,4.6695
1739559300000000,PAXGUSDT,5m,2862.97057891,2863.95611095,2862.97057891,2862.97057891,0.7939
1739559600000000,PAXGUSDT,5m,2862.97057891,2865.92615762,2861.98538601,2863.95577182,5.3499
1739559900000000,PAXGUSDT,5m,2863.95577182,2865.92615762,2863.95577182,2864.94096472,2.9089
1739560200000000,PAXGUSDT,5m,2864.94096472,2865.92615762,2863.95577182,2865.92615762,2.9215
1739560500000000,PAXGUSDT,5m,2865.92615762,2865.92615762,2863.95509424,2863.95509424,8.1161
1739560800000000,PAXGUSDT,5m,2863.95509424,2864.94062593,2862.96956255,2862.96956255,1.3201
1739561100000000,PAXGUSDT,5m,2862.96956255,2863.95509424,2860.99849917,2861.98403086,8.1507
1739561400000000,PAXGUSDT,5m,2861.98403086,2863.95509424,2858.0419041,2863.95509424,22.1906
1739561700000000,PAXGUSDT,5m,2863.95509424,2863.95509424,2861.98199394,2862.96854409,2.4478
1739562000000000,PAXGUSDT,5m,2862.96854409,2865.92819455,2861.98199394,2864.9416444,5.5837
1739562300000000,PAXGUSDT,5m,2864.9416444,2864.9416444,2862.9692233,2863.95543385,5.3485
1739562600000000,PAXGUSDT,5m,2863.95543385,2864.94130491,2861.98369172,2861.98369172,8.9928
1739562900000000,PAXGUSDT,5m,2861.98369172,2861.98369172,2857.05773012,2859.02811476,14.1229
1739563200000000,PAXGUSDT,5m,2859.02811476,2860.99917861,2858.04258284,2858.04258284,5.5191
1739563500000000,PAXGUSDT,5m,2858.04258284,2859.02743555,2854.10317197,2856.0728774,19.493
1739563800000000,PAXGUSDT,5m,2856.0728774,2856.0728774,2854.10317197,2855.08802469,6.5568
1739564100000000,PAXGUSDT,5m,2855.08802469,2856.0728774,2854.10317197,2855.08802469,2.5181
1739564400000000,PAXGUSDT,5m,2855.08802469,2857.05773012,2855.08802469,2856.0728774,2.9036
1739564700000000,PAXGUSDT,5m,2856.0728774,2857.05773012,2856.0728774,2857.05773012,1.1902
1739565000000000,PAXGUSDT,5m,2857.05773012,2858.04224347,2856.07321677,2856.07321677,2.4645
1739565300000000,PAXGUSDT,5m,2856.07321677,2857.05705185,2854.10554663,2857.05705185,2.8788
1739565600000000,PAXGUSDT,5m,2857.05705185,2858.04156496,2857.05705185,2857.05705185,0.4943
1739565900000000,PAXGUSDT,5m,2857.05705185,2860.9951043,2857.05705185,2860.9951043,2.5824
1739566200000000,PAXGUSDT,5m,2860.9951043,2862.96480833,2860.9951043,2860.9951043,3.0704
1739566500000000,PAXGUSDT,5m,2860.9951043,2861.97961741,2860.9951043,2860.9951043,1.6066
1739566800000000,PAXGUSDT,5m,2860.9951043,2864.93315675,2860.9951043,2862.96413052,8.1079
1739567100000000,PAXGUSDT,5m,2862.96413052,2863.94796699,2861.98029405,2862.96413052,37.2841
1739567400000000,PAXGUSDT,5m,2862.96413052,2863.94796699,2860.01262111,2860.01262111,10.4118
1739567700000000,PAXGUSDT,5m,2860.01262111,2860.01262111,2859.02912296,2859.02912296,2.2972
1739568000000000,PAXGUSDT,5m,2859.02912296,2863.94661371,2857.06212666,2857.06212666,5.3461
1739568300000000,PAXGUSDT,5m,2857.06212666,2858.04393495,2855.09851007,2858.04393495,2.4085
1739568600000000,PAXGUSDT,5m,2858.04393495,2859.02675611,2857.06111379,2859.02675611,3.7142
1739568900000000,PAXGUSDT,5m,2859.02675611,2860.01025344,2859.02675611,2859.02675611,1.0655
1739569200000000,PAXGUSDT,5m,2859.02675611,2860.01025344,2859.02675611,2859.02675611,1.5545
1739569500000000,PAXGUSDT,5m,2859.02675611,2860.01025344,2858.04325877,2859.02675611,1.559
1739569800000000,PAXGUSDT,5m,2859.02675611,2860.99375078,2858.04325877,2858.04325877,1.5982
1739570100000000,PAXGUSDT,5m,2858.04325877,2859.0260797,2856.07761692,2859.0260797,5.2158
1739570400000000,PAXGUSDT,5m,2859.0260797,2865.91055942,2855.09209129,2855.09209129,13.9691
1739570700000000,PAXGUSDT,5m,2855.09209129,2857.05367981,2853.13050277,2857.05367981,8.5673
1739571000000000,PAXGUSDT,5m,2857.05367981,2859.0179656,2856.07153691,2856.07153691,3.7736
1739571300000000,PAXGUSDT,5m,2856.07153691,2857.05266764,2855.09040619,2857.05266764,1.4237
1739571600000000,PAXGUSDT,5m,2857.05266764,2862.94349788,2853.12544747,2853.12544747,5.3031
1739571900000000,PAXGUSDT,5m,2853.12544747,2855.08366672,2853.12544747,2854.1045571,3.3327
1739572200000000,PAXGUSDT,5m,2854.1045571,2855.08366672,2853.12544747,2853.12544747,3.8681
1739572500000000,PAXGUSDT,5m,2853.12544747,2854.1045571,2849.20900897,2850.1881186,16.3869
1739572800000000,PAXGUSDT,5m,2850.1881186,2853.12544747,2850.1881186,2853.12544747,1.2693
1739573100000000,PAXGUSDT,5m,2853.12544747,2854.1045571,2852.14633785,2854.1045571,1.0006
1739573400000000,PAXGUSDT,5m,2854.1045571,2855.08433896,2853.12477524,2853.12477524,1.9132
1739573700000000,PAXGUSDT,5m,2853.12477524,2854.1045571,2852.14499338,2852.14499338,2.0884
1739574000000000,PAXGUSDT,5m,2852.14499338,2854.1045571,2851.16521152,2853.12477524,1.297
1739574300000000,PAXGUSDT,5m,2853.12477524,2856.06412082,2851.16521152,2851.16521152,3.3879
1739574600000000,PAXGUSDT,5m,2851.16521152,2853.12208538,2851.16521152,2852.14364845,0.9092
1739574900000000,PAXGUSDT,5m,2852.14364845,2853.12208538,2851.16521152,2853.12208538,3.0577
1739575200000000,PAXGUSDT,5m,2853.12208538,2853.12208538,2848.22654302,2852.14297691,7.9522
1739575500000000,PAXGUSDT,5m,2852.14297691,2853.12208538,2850.18475997,2850.18475997,0.5799
1739575800000000,PAXGUSDT,5m,2850.18475997,2851.16386844,2849.20565149,2850.18475997,0.5975
1739576100000000,PAXGUSDT,5m,2850.18475997,2851.16386844,2850.18475997,2850.18475997,0.4336
1739576400000000,PAXGUSDT,5m,2850.18475997,2852.14297691,2848.22654302,2852.14297691,11.697
1739576700000000,PAXGUSDT,5m,2852.14297691,2853.12309477,2851.16285905,2853.12309477,0.5262
1739577000000000,PAXGUSDT,5m,2853.12309477,2854.10354944,2852.1426401,2853.12309477,0.8357
1739577300000000,PAXGUSDT,5m,2853.12309477,2856.06344835,2853.12309477,2855.08333049,2.4136
1739577600000000,PAXGUSDT,5m,2855.08333049,2857.04356622,2852.14297691,2857.04356622,5.6563
1739577900000000,PAXGUSDT,5m,2857.04356622,2858.02503085,2857.04356622,2857.04356622,2.0804
1739578200000000,PAXGUSDT,5m,2857.04356622,2858.02503085,2857.04356622,2857.04356622,1.8079
1739578500000000,PAXGUSDT,5m,2857.04356622,2858.02503085,2857.04356622,2857.04356622,0.4601
1739578800000000,PAXGUSDT,5m,2857.04356622,2858.02503085,2857.04356622,2857.04356622,1.8424
1739579100000000,PAXGUSDT,5m,2857.04356622,2858.02469381,2856.06243862,2858.02469381,1.7559
1739579400000000,PAXGUSDT,5m,2858.02469381,2859.00649549,2858.02469381,2858.02469381,0.6139
1739579700000000,PAXGUSDT,5m,2858.02469381,2859.00649549,2858.02469381,2858.02469381,0.9183
1739580000000000,PAXGUSDT,5m,2858.02469381,2858.02469381,2857.04322929,2857.04322929,0.637
1739580300000000,PAXGUSDT,5m,2857.04322929,2858.02469381,2857.04322929,2857.04322929,0.8422
1739580600000000,PAXGUSDT,5m,2857.04322929,2858.02469381,2856.06176477,2857.04322929,5.6725
1739580900000000,PAXGUSDT,5m,2857.04322929,2858.02435677,2856.06210181,2858.02435677,0.2748
1739581200000000,PAXGUSDT,5m,2858.02435677,2859.00615834,2858.02435677,2858.02435677,0.9447
1739581500000000,PAXGUSDT,5m,2858.02435677,2859.00615834,2858.02435677,2858.02435677,1.4317
1739581800000000,PAXGUSDT,5m,2858.02435677,2858.02435677,2857.04289236,2857.04289236,0.2252
1739582100000000,PAXGUSDT,5m,2857.04289236,2858.02435677,2854.09849914,2855.07996355,11.0433
1739582400000000,PAXGUSDT,5m,2855.07996355,2856.06176546,2848.20735016,2849.18915207,20.6925
1739582700000000,PAXGUSDT,5m,2849.18915207,2854.09816163,2849.18915207,2853.11635972,4.7123
1739583000000000,PAXGUSDT,5m,2853.11635972,2855.07996355,2852.13455781,2852.13455781,3.5391
1739583300000000,PAXGUSDT,5m,2852.13455781,2853.11568425,2852.13455781,2852.13455781,0.6753
1739583600000000,PAXGUSDT,5m,2852.13455781,2853.11568425,2851.15343137,2851.15343137,0.7492
1739583900000000,PAXGUSDT,5m,2851.15343137,2853.11568425,2851.15343137,2851.15343137,2.2464
1739584200000000,PAXGUSDT,5m,2851.15343137,2852.13455781,2850.17230493,2851.15343137,9.7307
1739584500000000,PAXGUSDT,5m,2851.15343137,2854.09681069,2851.15343137,2852.13455781,3.002
1739584800000000,PAXGUSDT,5m,2852.13455781,2854.09681069,2852.13455781,2853.11568425,0.8784
1739585100000000,PAXGUSDT,5m,2853.11568425,2854.09681069,2853.11568425,2853.11568425,0.4203
1739585400000000,PAXGUSDT,5m,2853.11568425,2854.09681069,2853.11568425,2853.11568425,0.3712
1739585700000000,PAXGUSDT,5m,2853.11568425,2854.09681069,2852.13455781,2854.09681069,1.4405
1739586000000000,PAXGUSDT,5m,2854.09681069,2855.07827451,2854.09681069,2854.09681069,0.5635
1739586300000000,PAXGUSDT,5m,2854.09681069,2855.07827451,2854.09681069,2854.09681069,0.6709
1739586600000000,PAXGUSDT,5m,2854.09681069,2855.07827451,2852.13388303,2852.13388303,3.7433
1739586900000000,PAXGUSDT,5m,2852.13388303,2853.11534686,2847.22656389,2853.11534686,22.7118
1739587200000000,PAXGUSDT,5m,2853.11534686,2856.06176546,2853.11534686,2855.07962593,1.7263
1739587500000000,PAXGUSDT,5m,2855.07962593,2856.06176546,2855.07962593,2855.07962593,0.2943
1739587800000000,PAXGUSDT,5m,2855.07962593,2856.06176546,2855.07962593,2855.07962593,0.2982
1739588100000000,PAXGUSDT,5m,2855.07962593,2855.07962593,2854.09782413,2854.09782413,0.9756
1739588400000000,PAXGUSDT,5m,2854.09782413,2854.09782413,2853.11635995,2853.11635995,0.3081
1739588700000000,PAXGUSDT,5m,2853.11635995,2855.07928831,2852.13489578,2852.13489578,3.018
1739589000000000,PAXGUSDT,5m,2852.13489578,2854.09647411,2851.15410661,2851.15410661,1.3409
1739589300000000,PAXGUSDT,5m,2851.15410661,2852.13422146,2850.17399176,2850.17399176,2.3968
1739589600000000,PAXGUSDT,5m,2850.17399176,2851.15343299,2849.19455052,2851.15343299,0.9027
1739589900000000,PAXGUSDT,5m,2851.15343299,2853.11366223,2851.15343299,2851.15343299,0.5281
1739590200000000,PAXGUSDT,5m,2851.15343299,2853.11231546,2849.19455052,2853.11231546,0.552
1739590500000000,PAXGUSDT,5m,2853.11231546,2855.07389148,2850.16995144,2855.07389148,2.0796
1739590800000000,PAXGUSDT,5m,2855.07389148,2857.03749113,2853.11029183,2857.03749113,0.7274
1739591100000000,PAXGUSDT,5m,2857.03749113,2858.02030416,2856.05467809,2857.03749113,0.5954
1739591400000000,PAXGUSDT,5m,2857.03749113,2858.02030416,2857.03749113,2857.03749113,0.3003
1739591700000000,PAXGUSDT,5m,2857.03749113,2859.0031172,2855.07186506,2855.07186506,1.1774
1739592000000000,PAXGUSDT,5m,2855.07186506,2856.05366419,2855.07186506,2855.07186506,1.2401
1739592300000000,PAXGUSDT,5m,2855.07186506,2856.05366419,2855.07186506,2855.07186506,0.7066
1739592600000000,PAXGUSDT,5m,2855.07186506,2856.05366419,2855.07186506,2855.07186506,0.3068
1739592900000000,PAXGUSDT,5m,2855.07186506,2858.01726244,2855.07186506,2856.05366419,0.5357
1739593200000000,PAXGUSDT,5m,2856.05366419,2858.01658767,2856.05366419,2858.01658767,0.434
1739593500000000,PAXGUSDT,5m,2858.01658767,2858.01658767,2856.05366419,2858.01658767,0.1049
1739593800000000,PAXGUSDT,5m,2858.01658767,2859.98086024,2858.01658767,2858.99872395,1.3649
1739594100000000,PAXGUSDT,5m,2858.99872395,2859.98119774,2858.99872395,2858.99872395,0.1933
1739594400000000,PAXGUSDT,5m,2858.99872395,2859.98119774,2858.99872395,2858.99872395,0.1649
1739594700000000,PAXGUSDT,5m,2858.99872395,2859.98119774,2858.99872395,2858.99872395,0.2002
1739595000000000,PAXGUSDT,5m,2858.99872395,2859.98119774,2858.99872395,2858.99872395,0.6495
1739595300000000,PAXGUSDT,5m,2858.99872395,2859.98119774,2858.99872395,2858.99872395,0.2541
1739595600000000,PAXGUSDT,5m,2858.99872395,2859.98119774,2858.99872395,2858.99872395,0.9493
1739595900000000,PAXGUSDT,5m,2858.99872395,2859.98119774,2858.99872395,2858.99872395,0.1204
1739596200000000,PAXGUSDT,5m,2858.99872395,2859.98119774,2858.99872395,2858.99872395,0.2007
1739596500000000,PAXGUSDT,5m,2858.99872395,2861.94614532,2858.99872395,2861.94614532,5.0412
1739596800000000,PAXGUSDT,5m,2861.94614532,2862.92895649,2859.98052296,2859.98052296,2.8828
1739597100000000,PAXGUSDT,5m,2859.98052296,2860.96333414,2859.98052296,2859.98052296,1.2285
1739597400000000,PAXGUSDT,5m,2859.98052296,2860.96299652,2859.98052296,2859.98052296,0.1696
1739597700000000,PAXGUSDT,5m,2859.98052296,2860.96299652,2859.98052296,2859.98052296,0.9264
1739598000000000,PAXGUSDT,5m,2859.98052296,2861.94547008,2859.98052296,2860.96299652,1.7132
1739598300000000,PAXGUSDT,5m,2860.96299652,2861.94547008,2860.96299652,2860.96299652,0.9657
1739598600000000,PAXGUSDT,5m,2860.96299652,2860.96299652,2859.98086024,2859.98086024,0.5564
1739598900000000,PAXGUSDT,5m,2859.98086024,2860.96299652,2859.98086024,2859.98086024,1.6819
1739599200000000,PAXGUSDT,5m,2859.98086024,2860.96299652,2859.98086024,2859.98086024,1.7514
1739599500000000,PAXGUSDT,5m,2859.98086024,2861.9451328,2859.98086024,2859.98086024,3.57
1739599800000000,PAXGUSDT,5m,2859.98086024,2859.98086024,2858.99906111,2858.99906111,0.6519
1739600100000000,PAXGUSDT,5m,2858.99906111,2860.96265936,2858.99906111,2860.96265936,0.1981
1739600400000000,PAXGUSDT,5m,2860.96265936,2860.96265936,2859.98086024,2859.98086024,1.0537
1739600700000000,PAXGUSDT,5m,2859.98086024,2860.96265936,2859.98086024,2859.98086024,0.1995
1739601000000000,PAXGUSDT,5m,2859.98086024,2860.96265936,2858.99906111,2860.96265936,1.4245
1739601300000000,PAXGUSDT,5m,2860.96265936,2860.96265936,2859.9805232,2859.9805232,1.2312
1739601600000000,PAXGUSDT,5m,2859.9805232,2860.96232221,2858.99872418,2860.96232221,0.1526
1739601900000000,PAXGUSDT,5m,2860.96232221,2861.94479553,2860.96232221,2860.96232221,0.4785
1739602200000000,PAXGUSDT,5m,2860.96232221,2862.92659431,2858.9980501,2862.92659431,1.5244
1739602500000000,PAXGUSDT,5m,2862.92659431,2863.91007992,2861.94310871,2862.92659431,2.6769
1739602800000000,PAXGUSDT,5m,2862.92659431,2862.92659431,2861.94310871,2862.92659431,0.328
1739603100000000,PAXGUSDT,5m,2862.92659431,2862.92659431,2861.94310871,2861.94310871,1.1111
1739603400000000,PAXGUSDT,5m,2861.94310871,2862.92625646,2860.95996096,2862.92625646,0.1857
1739603700000000,PAXGUSDT,5m,2862.92625646,2863.91007992,2862.92625646,2862.92625646,1.1659
1739604000000000,PAXGUSDT,5m,2862.92625646,2863.91007992,2860.95860955,2860.95860955,2.58
1739604300000000,PAXGUSDT,5m,2860.95860955,2860.95860955,2858.99163904,2858.99163904,0.4717
1739604600000000,PAXGUSDT,5m,2858.99163904,2859.97512429,2858.99163904,2859.97512429,0.679
1739604900000000,PAXGUSDT,5m,2859.97512429,2860.95894787,2859.97512429,2859.97512429,0.4748
1739605200000000,PAXGUSDT,5m,2859.97512429,2860.95894787,2859.97512429,2859.97512429,0.1245
1739605500000000,PAXGUSDT,5m,2859.97512429,2860.95894787,2859.97512429,2860.95894787,0.1065
1739605800000000,PAXGUSDT,5m,2860.95894787,2861.94310987,2860.95894787,2860.95894787,0.306
1739606100000000,PAXGUSDT,5m,2860.95894787,2861.94310987,2860.95894787,2860.95894787,0.3911
1739606400000000,PAXGUSDT,5m,2860.95894787,2862.92659501,2858.99130072,2862.92659501,0.6486
1739606700000000,PAXGUSDT,5m,2862.92659501,2864.89695055,2862.92659501,2862.92659501,6.0686
1739607000000000,PAXGUSDT,5m,2862.92659501,2863.91143388,2862.92659501,2862.92659501,1.7438
1739607300000000,PAXGUSDT,5m,2862.92659501,2863.91109522,2861.94209481,2862.92659501,1.2561
1739607600000000,PAXGUSDT,5m,2862.92659501,2862.92659501,2861.94243324,2861.94243324,0.663
1739607900000000,PAXGUSDT,5m,2861.94243324,2862.92659501,2859.97410969,2859.97410969,1.8598
1739608200000000,PAXGUSDT,5m,2859.97410969,2860.95827147,2854.06913906,2860.95827147,17.6492
1739608500000000,PAXGUSDT,5m,2860.95827147,2861.9431108,2858.98859279,2861.9431108,6.2658
1739608800000000,PAXGUSDT,5m,2861.9431108,2862.9286284,2861.9431108,2861.9431108,0.1281
1739609100000000,PAXGUSDT,5m,2861.9431108,2862.92828915,2860.95793245,2862.92828915,0.3727
1739609400000000,PAXGUSDT,5m,2862.92828915,2865.8858597,2857.01314806,2865.8858597,61.5746
1739609700000000,PAXGUSDT,5m,2865.8858597,2867.86097056,2864.89830427,2866.87341513,12.2253
1739610000000000,PAXGUSDT,5m,2866.87341513,2870.82636021,2866.87341513,2870.82636021,10.9365
1739610300000000,PAXGUSDT,5m,2870.82636021,2872.80419442,2870.82636021,2871.81527731,1.5055
1739610600000000,PAXGUSDT,5m,2871.81527731,2872.80419442,2871.81527731,2871.81527731,0.5157
1739610900000000,PAXGUSDT,5m,2871.81527731,2872.80419442,2871.81527731,2871.81527731,0.3124
1739611200000000,PAXGUSDT,5m,2871.81527731,2872.80419442,2871.81527731,2871.81527731,0.1696
1739611500000000,PAXGUSDT,5m,2871.81527731,2873.79243069,2869.83812394,2869.83812394,7.373
1739611800000000,PAXGUSDT,5m,2869.83812394,2870.82534035,2867.8636911,2869.83812394,12.2419
1739612100000000,PAXGUSDT,5m,2869.83812394,2870.82568007,2869.83812394,2869.83812394,0.7878
1739612400000000,PAXGUSDT,5m,2869.83812394,2869.83812394,2868.85090752,2869.83812394,0.8126
1739612700000000,PAXGUSDT,5m,2869.83812394,2870.82568007,2869.83812394,2869.83812394,0.6691
1739613000000000,PAXGUSDT,5m,2869.83812394,2869.83812394,2868.85090752,2868.85090752,0.2209
1739613300000000,PAXGUSDT,5m,2868.85090752,2869.83812394,2867.8636911,2869.83812394,2.3581
1739613600000000,PAXGUSDT,5m,2869.83812394,2871.81391611,2869.83812394,2870.82602002,3.3983
1739613900000000,PAXGUSDT,5m,2870.82602002,2871.81425617,2870.82602002,2870.82602002,0.3389
1739614200000000,PAXGUSDT,5m,2870.82602002,2872.80181219,2869.83812394,2870.82602002,3.9644
1739614500000000,PAXGUSDT,5m,2870.82602002,2872.80181219,2870.82602002,2870.82602002,0.5579
1739614800000000,PAXGUSDT,5m,2870.82602002,2871.81391611,2870.82602002,2870.82602002,0.7389
1739615100000000,PAXGUSDT,5m,2870.82602002,2871.81391611,2870.82602002,2870.82602002,1.3243
1739615400000000,PAXGUSDT,5m,2870.82602002,2872.80113252,2868.85090752,2872.80113252,2.6864
1739615700000000,PAXGUSDT,5m,2872.80113252,2872.80113252,2870.82466115,2872.80113252,0.0764
1739616000000000,PAXGUSDT,5m,2872.80113252,2874.77896463,2871.81221647,2871.81221647,2.2568
1739616300000000,PAXGUSDT,5m,2871.81221647,2871.81221647,2869.8350652,2870.82364084,0.5016
1739616600000000,PAXGUSDT,5m,2870.82364084,2871.81221647,2870.82364084,2870.82364084,0.1602
1739616900000000,PAXGUSDT,5m,2870.82364084,2871.81187617,2869.8354055,2870.82364084,0.4491
1739617200000000,PAXGUSDT,5m,2870.82364084,2871.81187617,2869.8354055,2871.81187617,0.2395
1739617500000000,PAXGUSDT,5m,2871.81187617,2872.8007921,2871.81187617,2871.81187617,0.4063
1739617800000000,PAXGUSDT,5m,2871.81187617,2871.81187617,2870.82330065,2870.82330065,0.5221
1739618100000000,PAXGUSDT,5m,2870.82330065,2871.81187617,2869.83472513,2869.83472513,0.3808
1739618400000000,PAXGUSDT,5m,2869.83472513,2870.82296023,2867.85825494,2870.82296023,4.5242
1739618700000000,PAXGUSDT,5m,2870.82296023,2870.82296023,2868.84580943,2868.84580943,3.5083
1739619000000000,PAXGUSDT,5m,2868.84580943,2868.84580943,2867.85757457,2868.84580943,0.6343
1739619300000000,PAXGUSDT,5m,2868.84580943,2868.84580943,2867.85757457,2867.85757457,1.335
1739619600000000,PAXGUSDT,5m,2867.85757457,2868.84546902,2866.86968013,2868.84546902,1.8157
1739619900000000,PAXGUSDT,5m,2868.84546902,2868.84546902,2867.85723427,2868.84546902,0.5342
1739620200000000,PAXGUSDT,5m,2868.84546902,2869.8340443,2866.86831845,2869.8340443,26.2103
1739620500000000,PAXGUSDT,5m,2869.8340443,2870.82330112,2869.8340443,2869.8340443,0.9538
1739620800000000,PAXGUSDT,5m,2869.8340443,2875.76753991,2865.87838056,2865.87838056,35.3821
1739621100000000,PAXGUSDT,5m,2865.87838056,2868.83899872,2865.87838056,2866.86525328,1.1992
1739621400000000,PAXGUSDT,5m,2866.86525328,2867.852126,2866.86525328,2866.86525328,1.4124
1739621700000000,PAXGUSDT,5m,2866.86525328,2867.852126,2866.86525328,2866.86525328,0.3992
1739622000000000,PAXGUSDT,5m,2866.86525328,2867.852126,2866.86525328,2867.852126,0.8636
1739622300000000,PAXGUSDT,5m,2867.852126,2868.83933843,2867.852126,2867.852126,0.6849
1739622600000000,PAXGUSDT,5m,2867.852126,2868.83899872,2866.86525328,2867.852126,1.8996
1739622900000000,PAXGUSDT,5m,2867.852126,2867.852126,2866.86559276,2866.86559276,3.1921
1739623200000000,PAXGUSDT,5m,2866.86559276,2867.852126,2865.87905952,2865.87905952,0.8456
1739623500000000,PAXGUSDT,5m,2865.87905952,2865.87905952,2863.9073505,2865.87905952,5.213
1739623800000000,PAXGUSDT,5m,2865.87905952,2865.87905952,2863.9073505,2864.89320501,0.3458
1739624100000000,PAXGUSDT,5m,2864.89320501,2865.87905952,2863.9073505,2863.9073505,0.7038
1739624400000000,PAXGUSDT,5m,2863.9073505,2863.9073505,2861.93699801,2862.92217425,2.0547
1739624700000000,PAXGUSDT,5m,2862.92217425,2863.9073505,2861.93699801,2862.92217425,3.7049
1739625000000000,PAXGUSDT,5m,2862.92217425,2863.9070116,2861.9373369,2862.92217425,8.1147
1739625300000000,PAXGUSDT,5m,2862.92217425,2863.9070116,2861.9373369,2861.9373369,19.219
1739625600000000,PAXGUSDT,5m,2861.9373369,2862.92217425,2861.9373369,2861.9373369,0.1894
1739625900000000,PAXGUSDT,5m,2861.9373369,2862.92217425,2860.95249955,2862.92217425,1.7533
1739626200000000,PAXGUSDT,5m,2862.92217425,2863.90768963,2862.92217425,2862.92217425,0.5218
1739626500000000,PAXGUSDT,5m,2862.92217425,2863.9073505,2861.93699801,2861.93699801,1.6119
1739626800000000,PAXGUSDT,5m,2861.93699801,2862.92183524,2861.93699801,2861.93699801,0.1249
1739627100000000,PAXGUSDT,5m,2861.93699801,2861.93699801,2860.95249955,2860.95249955,0.2448
1739627400000000,PAXGUSDT,5m,2860.95249955,2861.93699801,2859.9680011,2859.9680011,1.3989
1739627700000000,PAXGUSDT,5m,2859.9680011,2861.93632044,2858.98384143,2858.98384143,1.0615
1739628000000000,PAXGUSDT,5m,2858.98384143,2859.96766244,2858.98384143,2858.98384143,0.6348
1739628300000000,PAXGUSDT,5m,2858.98384143,2859.96766244,2858.00002043,2858.98384143,1.5876
1739628600000000,PAXGUSDT,5m,2858.98384143,2860.95148344,2858.00002043,2858.98384143,1.1987
1739628900000000,PAXGUSDT,5m,2858.98384143,2858.98384143,2858.00035886,2858.00035886,0.2143
1739629200000000,PAXGUSDT,5m,2858.00035886,2858.00035886,2857.0172146,2858.00035886,1.1196
1739629500000000,PAXGUSDT,5m,2858.00035886,2858.98350312,2857.0172146,2857.0172146,1.0762
1739629800000000,PAXGUSDT,5m,2857.0172146,2858.00002066,2856.03440854,2856.03440854,1.774
1739630100000000,PAXGUSDT,5m,2856.03440854,2858.00002066,2853.08599036,2853.08599036,12.1633
1739630400000000,PAXGUSDT,5m,2853.08599036,2854.06845799,2852.10352274,2852.10352274,0.376
1739630700000000,PAXGUSDT,5m,2852.10352274,2853.08565205,2852.10352274,2852.10352274,0.261
1739631000000000,PAXGUSDT,5m,2852.10352274,2853.08531397,2851.12173151,2852.10352274,1.2644
1739631300000000,PAXGUSDT,5m,2852.10352274,2853.0846385,2850.14129121,2853.0846385,0.248
1739631600000000,PAXGUSDT,5m,2853.0846385,2854.06609176,2852.10318524,2854.06609176,3.795
1739631900000000,PAXGUSDT,5m,2854.06609176,2855.04822049,2854.06609176,2854.06609176,0.7616
1739632200000000,PAXGUSDT,5m,2854.06609176,2854.06609176,2853.08430088,2853.08430088,1.4395
1739632500000000,PAXGUSDT,5m,2853.08430088,2853.08430088,2852.10284773,2853.08430088,0.5705
1739632800000000,PAXGUSDT,5m,2853.08430088,2853.08430088,2852.10251,2852.10251,1.0489
1739633100000000,PAXGUSDT,5m,2852.10251,2853.08430088,2852.10251,2852.10251,0.2062
1739633400000000,PAXGUSDT,5m,2852.10251,2853.08396303,2851.12105697,2853.08396303,0.4716
1739633700000000,PAXGUSDT,5m,2853.08396303,2854.06609176,2853.08396303,2853.08396303,1.0063
1739634000000000,PAXGUSDT,5m,2853.08396303,2854.06609176,2852.1018343,2853.08396303,1.395
1739634300000000,PAXGUSDT,5m,2853.08396303,2854.06609176,2853.08396303,2853.08396303,0.3935
1739634600000000,PAXGUSDT,5m,2853.08396303,2854.06609176,2853.08396303,2853.08396303,0.8192
1739634900000000,PAXGUSDT,5m,2853.08396303,2854.06609176,2853.08396303,2853.08396303,1.4542
1739635200000000,PAXGUSDT,5m,2853.08396303,2854.06609176,2853.08396303,2853.08396303,0.2074
1739635500000000,PAXGUSDT,5m,2853.08396303,2853.08396303,2852.10217227,2852.10217227,0.3925
1739635800000000,PAXGUSDT,5m,2852.10217227,2853.08396303,2852.10217227,2852.10217227,0.1783
1739636100000000,PAXGUSDT,5m,2852.10217227,2853.08396303,2852.10217227,2852.10217227,0.3266
1739636400000000,PAXGUSDT,5m,2852.10217227,2853.08396303,2849.15679997,2850.13859074,6.8784
1739636700000000,PAXGUSDT,5m,2850.13859074,2851.1203815,2850.13859074,2850.13859074,2.3785
1739637000000000,PAXGUSDT,5m,2850.13859074,2850.13859074,2849.15713805,2850.13859074,0.3935
1739637300000000,PAXGUSDT,5m,2850.13859074,2852.1014961,2848.17568537,2852.1014961,0.4632
1739637600000000,PAXGUSDT,5m,2852.1014961,2854.06710706,2849.15307967,2850.13588515,8.9033
1739637900000000,PAXGUSDT,5m,2850.13588515,2851.11835184,2849.15341845,2850.13588515,0.7483
1739638200000000,PAXGUSDT,5m,2850.13588515,2851.11835184,2849.15341845,2851.11835184,0.5359
1739638500000000,PAXGUSDT,5m,2851.11835184,2853.08328524,2850.13588515,2850.13588515,6.0165
1739638800000000,PAXGUSDT,5m,2850.13588515,2851.11767498,2850.13588515,2850.13588515,0.4664
1739639100000000,PAXGUSDT,5m,2850.13588515,2851.11767498,2850.13588515,2850.13588515,0.6711
1739639400000000,PAXGUSDT,5m,2850.13588515,2852.09946481,2849.15409531,2849.15409531,0.2947
1739639700000000,PAXGUSDT,5m,2849.15409531,2850.13520898,2849.15409531,2850.13520898,0.3752
1739640000000000,PAXGUSDT,5m,2850.13520898,2851.1166605,2850.13520898,2850.13520898,0.3603
1739640300000000,PAXGUSDT,5m,2850.13520898,2852.09811202,2849.15375747,2849.15375747,2.8327
1739640600000000,PAXGUSDT,5m,2849.15375747,2850.13453329,2848.17298165,2850.13453329,0.1536
1739640900000000,PAXGUSDT,5m,2850.13453329,2852.09743586,2850.13453329,2851.11598457,1.4412
1739641200000000,PAXGUSDT,5m,2851.11598457,2852.09777382,2851.11598457,2851.11598457,0.4527
1739641500000000,PAXGUSDT,5m,2851.11598457,2852.09777382,2851.11598457,2851.11598457,0.2597
1739641800000000,PAXGUSDT,5m,2851.11598457,2852.09777382,2851.11598457,2851.11598457,0.1279
1739642100000000,PAXGUSDT,5m,2851.11598457,2852.09743586,2850.13453329,2851.11598457,1.9129
1739642400000000,PAXGUSDT,5m,2851.11598457,2852.09743586,2850.13453329,2851.11598457,6.8801
1739642700000000,PAXGUSDT,5m,2851.11598457,2853.07888714,2850.13453329,2850.13453329,4.3403
1739643000000000,PAXGUSDT,5m,2850.13453329,2852.09608493,2849.15375747,2852.09608493,3.0967
1739643300000000,PAXGUSDT,5m,2852.09608493,2852.09608493,2850.13453329,2851.11530911,5.4591
1739643600000000,PAXGUSDT,5m,2851.11530911,2852.09608493,2850.13453329,2852.09608493,0.1937
1739643900000000,PAXGUSDT,5m,2852.09608493,2853.07753575,2852.09608493,2852.09608493,1.1717
1739644200000000,PAXGUSDT,5m,2852.09608493,2853.07753575,2852.09608493,2852.09608493,0.3213
1739644500000000,PAXGUSDT,5m,2852.09608493,2853.07753575,2852.09608493,2852.09608493,0.1425
1739644800000000,PAXGUSDT,5m,2852.09608493,2853.07753575,2852.09608493,2852.09608493,0.1253
1739645100000000,PAXGUSDT,5m,2852.09608493,2852.09608493,2851.11497172,2852.09608493,1.0693
1739645400000000,PAXGUSDT,5m,2852.09608493,2853.07753575,2852.09608493,2852.09608493,0.3667
1739645700000000,PAXGUSDT,5m,2852.09608493,2853.07753575,2852.09608493,2852.09608493,0.4209
1739646000000000,PAXGUSDT,5m,2852.09608493,2853.07753575,2852.09608493,2853.07753575,0.2503
1739646300000000,PAXGUSDT,5m,2853.07753575,2854.0593243,2853.07753575,2853.07753575,0.3007
1739646600000000,PAXGUSDT,5m,2853.07753575,2855.04111285,2852.09574719,2852.09574719,24.8489
1739646900000000,PAXGUSDT,5m,2852.09574719,2853.0771979,2851.11429649,2852.09574719,1.4398
1739647200000000,PAXGUSDT,5m,2852.09574719,2852.09574719,2851.11429649,2851.11429649,0.51
1739647500000000,PAXGUSDT,5m,2851.11429649,2851.11429649,2850.13318352,2851.11429649,0.4556
1739647800000000,PAXGUSDT,5m,2851.11429649,2852.09574719,2851.11429649,2851.11429649,0.5982
1739648100000000,PAXGUSDT,5m,2851.11429649,2852.09574719,2851.11429649,2851.11429649,0.1207
1739648400000000,PAXGUSDT,5m,2851.11429649,2852.09574719,2851.11429649,2851.11429649,0.1753
1739648700000000,PAXGUSDT,5m,2851.11429649,2853.0771979,2851.11429649,2853.0771979,2.2962
1739649000000000,PAXGUSDT,5m,2853.0771979,2854.05898633,2853.0771979,2853.0771979,0.134
1739649300000000,PAXGUSDT,5m,2853.0771979,2854.05898633,2853.0771979,2853.0771979,0.1697
1739649600000000,PAXGUSDT,5m,2853.0771979,2854.05898633,2853.0771979,2853.0771979,0.5062
1739649900000000,PAXGUSDT,5m,2853.0771979,2854.05898633,2853.0771979,2853.0771979,0.8968
1739650200000000,PAXGUSDT,5m,2853.0771979,2854.05898633,2853.0771979,2853.0771979,0.1859
1739650500000000,PAXGUSDT,5m,2853.0771979,2854.05898633,2852.09540946,2852.09540946,0.7643
1739650800000000,PAXGUSDT,5m,2852.09540946,2853.07686005,2852.09540946,2852.09540946,0.1579
1739651100000000,PAXGUSDT,5m,2852.09540946,2853.07652243,2851.11429649,2853.07652243,1.5491
1739651400000000,PAXGUSDT,5m,2853.07652243,2855.04009884,2853.07652243,2853.07652243,4.089
1739651700000000,PAXGUSDT,5m,2853.07652243,2854.05831064,2853.07652243,2853.07652243,0.1552
1739652000000000,PAXGUSDT,5m,2853.07652243,2854.05831064,2852.09473423,2852.09473423,0.5075
1739652300000000,PAXGUSDT,5m,2852.09473423,2852.09473423,2851.11362149,2851.11362149,0.8467
1739652600000000,PAXGUSDT,5m,2851.11362149,2852.09439673,2850.13284625,2852.09439673,0.4695
1739652900000000,PAXGUSDT,5m,2852.09439673,2853.07584697,2852.09439673,2852.09439673,0.1295
1739653200000000,PAXGUSDT,5m,2852.09439673,2853.07550935,2851.1132841,2853.07550935,0.3961
1739653500000000,PAXGUSDT,5m,2853.07550935,2854.05729721,2853.07550935,2853.07550935,0.1337
1739653800000000,PAXGUSDT,5m,2853.07550935,2855.03908506,2852.0937215,2852.0937215,11.9711
1739654100000000,PAXGUSDT,5m,2852.0937215,2853.07483389,2851.1126091,2852.0937215,0.558
1739654400000000,PAXGUSDT,5m,2852.0937215,2852.0937215,2851.1126091,2852.0937215,0.387
1739654700000000,PAXGUSDT,5m,2852.0937215,2852.0937215,2851.1126091,2851.1126091,0.1692
1739655000000000,PAXGUSDT,5m,2851.1126091,2851.1126091,2850.13183421,2851.1126091,0.2951
1739655300000000,PAXGUSDT,5m,2851.1126091,2852.093384,2850.13183421,2852.093384,0.3146
1739655600000000,PAXGUSDT,5m,2852.093384,2853.07483389,2852.093384,2852.093384,0.1251
1739655900000000,PAXGUSDT,5m,2852.093384,2853.07483389,2852.093384,2852.093384,0.1269
1739656200000000,PAXGUSDT,5m,2852.093384,2853.07483389,2852.093384,2852.093384,1.5086
1739656500000000,PAXGUSDT,5m,2852.093384,2853.07483389,2852.093384,2852.093384,0.3059
1739656800000000,PAXGUSDT,5m,2852.093384,2852.093384,2851.11227172,2851.11227172,0.1216
1739657100000000,PAXGUSDT,5m,2851.11227172,2853.07449627,2851.11227172,2851.11227172,10.8626
1739657400000000,PAXGUSDT,5m,2851.11227172,2853.07449627,2849.15004717,2853.07449627,4.6385
1739657700000000,PAXGUSDT,5m,2853.07449627,2854.05695994,2853.07449627,2854.05695994,0.119
1739658000000000,PAXGUSDT,5m,2854.05695994,2855.03976192,2854.05695994,2855.03976192,0.5928
1739658300000000,PAXGUSDT,5m,2855.03976192,2855.03976192,2853.07415796,2855.03976192,3.2133
1739658600000000,PAXGUSDT,5m,2855.03976192,2855.03976192,2853.07483435,2854.05729814,0.1515
1739658900000000,PAXGUSDT,5m,2854.05729814,2854.05729814,2853.07517243,2853.07517243,0.5618
1739659200000000,PAXGUSDT,5m,2853.07517243,2854.05696017,2852.09338469,2853.07517243,2.3301
1739659500000000,PAXGUSDT,5m,2853.07517243,2853.07517243,2852.09372243,2852.09372243,0.4496
1739659800000000,PAXGUSDT,5m,2852.09372243,2853.07517243,2852.09372243,2852.09372243,0.1023
1739660100000000,PAXGUSDT,5m,2852.09372243,2853.07517243,2852.09372243,2852.09372243,0.1285
1739660400000000,PAXGUSDT,5m,2852.09372243,2853.07517243,2852.09372243,2852.09372243,0.277
1739660700000000,PAXGUSDT,5m,2852.09372243,2853.07483482,2851.11261003,2853.07483482,2.0555
1739661000000000,PAXGUSDT,5m,2853.07483482,2854.05696041,2853.07483482,2853.07483482,0.7206
1739661300000000,PAXGUSDT,5m,2853.07483482,2854.05696041,2853.07483482,2853.07483482,0.1995
1739661600000000,PAXGUSDT,5m,2853.07483482,2854.05696041,2853.07483482,2853.07483482,0.7941
1739661900000000,PAXGUSDT,5m,2853.07483482,2854.05696041,2853.07483482,2853.07483482,0.0971
1739662200000000,PAXGUSDT,5m,2853.07483482,2854.05696041,2853.07483482,2854.05696041,0.6933
1739662500000000,PAXGUSDT,5m,2854.05696041,2855.03942408,2854.05696041,2854.05696041,1.1791
1739662800000000,PAXGUSDT,5m,2854.05696041,2855.03942408,2854.05696041,2854.05696041,0.1072
1739663100000000,PAXGUSDT,5m,2854.05696041,2854.05696041,2853.07449674,2854.05696041,3.911
1739663400000000,PAXGUSDT,5m,2854.05696041,2855.03942408,2854.05696041,2854.05696041,0.1822
1739663700000000,PAXGUSDT,5m,2854.05696041,2856.02188775,2852.09203307,2852.09203307,1.6606
1739664000000000,PAXGUSDT,5m,2852.09203307,2853.07348249,2851.11058364,2853.07348249,0.3568
1739664300000000,PAXGUSDT,5m,2853.07348249,2853.07348249,2852.09169533,2852.09169533,0.2171
1739664600000000,PAXGUSDT,5m,2852.09169533,2853.07348249,2852.09169533,2852.09169533,0.1066
1739664900000000,PAXGUSDT,5m,2852.09169533,2854.05526965,2851.10990818,2852.09169533,5.9534
1739665200000000,PAXGUSDT,5m,2852.09169533,2853.07348249,2852.09169533,2852.09169533,0.4442
1739665500000000,PAXGUSDT,5m,2852.09169533,2853.07348249,2852.09169533,2852.09169533,0.2221
1739665800000000,PAXGUSDT,5m,2852.09169533,2854.05526965,2851.10990818,2851.10990818,5.8008
1739666100000000,PAXGUSDT,5m,2851.10990818,2852.09101964,2851.10990818,2851.10990818,5.0031
1739666400000000,PAXGUSDT,5m,2851.10990818,2853.0721311,2850.12879671,2850.12879671,3.0669
1739666700000000,PAXGUSDT,5m,2850.12879671,2850.12879671,2849.1486974,2849.1486974,0.8962
1739667000000000,PAXGUSDT,5m,2849.1486974,2849.1486974,2848.16893513,2848.16893513,0.1304
1739667300000000,PAXGUSDT,5m,2848.16893513,2849.1486974,2848.16893513,2848.16893513,0.2571
1739667600000000,PAXGUSDT,5m,2848.16893513,2849.14836048,2847.18950977,2849.14836048,0.5576
1739667900000000,PAXGUSDT,5m,2849.14836048,2850.12845968,2848.16826129,2849.14836048,1.5457
1739668200000000,PAXGUSDT,5m,2849.14836048,2850.12879695,2849.14836048,2849.14836048,0.1424
1739668500000000,PAXGUSDT,5m,2849.14836048,2850.12879695,2849.14836048,2849.14836048,0.1037
1739668800000000,PAXGUSDT,5m,2849.14836048,2850.12879695,2849.14836048,2849.14836048,0.3613
1739669100000000,PAXGUSDT,5m,2849.14836048,2850.12879695,2849.14836048,2849.14836048,0.1201
1739669400000000,PAXGUSDT,5m,2849.14836048,2850.12879695,2848.16792402,2849.14836048,0.1113
1739669700000000,PAXGUSDT,5m,2849.14836048,2851.10923341,2847.18748756,2851.10923341,2.5843
1739670000000000,PAXGUSDT,5m,2851.10923341,2852.09102033,2851.10923341,2851.10923341,0.1055
1739670300000000,PAXGUSDT,5m,2851.10923341,2851.10923341,2850.12778445,2850.12778445,0.1308
1739670600000000,PAXGUSDT,5m,2850.12778445,2851.10923341,2847.18343756,2850.12778445,4.8652
1739670900000000,PAXGUSDT,5m,2850.12778445,2851.10923341,2847.18343756,2850.12778445,10.1334
1739671200000000,PAXGUSDT,5m,2850.12778445,2852.09068237,2848.16488652,2852.09068237,1.2866
1739671500000000,PAXGUSDT,5m,2852.09068237,2853.07348412,2852.09068237,2852.09068237,0.6479
1739671800000000,PAXGUSDT,5m,2852.09068237,2854.05560878,2852.09068237,2852.09068237,8.963
1739672100000000,PAXGUSDT,5m,2852.09068237,2853.07314557,2851.10821917,2852.09068237,0.4079
1739672400000000,PAXGUSDT,5m,2852.09068237,2852.09068237,2852.09068237,2852.09068237,0.1713
1739672700000000,PAXGUSDT,5m,2852.09068237,2853.07314557,2852.09068237,2852.09068237,0.2355
1739673000000000,PAXGUSDT,5m,2852.09068237,2853.07314557,2852.09068237,2852.09068237,0.3686
1739673300000000,PAXGUSDT,5m,2852.09068237,2853.07314557,2852.09068237,2852.09068237,0.188
1739673600000000,PAXGUSDT,5m,2852.09068237,2853.07314557,2852.09068237,2852.09068237,0.279
1739673900000000,PAXGUSDT,5m,2852.09068237,2853.07314557,2851.10821917,2851.10821917,0.2082
1739674200000000,PAXGUSDT,5m,2851.10821917,2852.09000574,2850.12643259,2851.10821917,9.8248
1739674500000000,PAXGUSDT,5m,2851.10821917,2852.08966778,2850.12677055,2852.08966778,0.2307
1739674800000000,PAXGUSDT,5m,2852.08966778,2852.08966778,2851.10788132,2851.10788132,0.1542
1739675100000000,PAXGUSDT,5m,2851.10788132,2853.07145424,2850.12609486,2850.12609486,1.103
1739675400000000,PAXGUSDT,5m,2850.12609486,2850.12609486,2849.14532194,2849.14532194,0.1914
1739675700000000,PAXGUSDT,5m,2849.14532194,2850.12609486,2848.16454902,2848.16454902,1.5577
1739676000000000,PAXGUSDT,5m,2848.16454902,2849.14430979,2847.18478826,2847.18478826,57.7233
1739676300000000,PAXGUSDT,5m,2847.18478826,2848.16454902,2847.18478826,2847.18478826,0.1283
1739676600000000,PAXGUSDT,5m,2847.18478826,2847.18478826,2846.20536453,2846.20536453,0.1643
1739676900000000,PAXGUSDT,5m,2846.20536453,2847.18478826,2846.20536453,2846.20536453,0.1703
1739677200000000,PAXGUSDT,5m,2846.20536453,2847.18478826,2846.20536453,2847.18478826,0.1184
1739677500000000,PAXGUSDT,5m,2847.18478826,2847.18478826,2846.20536453,2846.20536453,0.1121
1739677800000000,PAXGUSDT,5m,2846.20536453,2847.18478826,2846.20536453,2846.20536453,0.1319
1739678100000000,PAXGUSDT,5m,2846.20536453,2847.18478826,2845.22594079,2845.22594079,0.1547
1739678400000000,PAXGUSDT,5m,2845.22594079,2845.22594079,2844.2471909,2844.2471909,0.1913
1739678700000000,PAXGUSDT,5m,2844.2471909,2845.22594079,2844.2471909,2844.2471909,0.1346
1739679000000000,PAXGUSDT,5m,2844.2471909,2845.22594079,2844.2471909,2844.2471909,0.1059
1739679300000000,PAXGUSDT,5m,2844.2471909,2845.22594079,2844.2471909,2844.2471909,0.3145
1739679600000000,PAXGUSDT,5m,2844.2471909,2845.22594079,2844.2471909,2845.22594079,0.1565
1739679900000000,PAXGUSDT,5m,2845.22594079,2846.20502749,2845.22594079,2845.22594079,0.1941
1739680200000000,PAXGUSDT,5m,2845.22594079,2845.22594079,2844.2471909,2844.2471909,0.1357
1739680500000000,PAXGUSDT,5m,2844.2471909,2844.2471909,2844.2471909,2844.2471909,0.0927
1739680800000000,PAXGUSDT,5m,2844.2471909,2845.22594079,2844.2471909,2844.2471909,0.191
1739681100000000,PAXGUSDT,5m,2844.2471909,2845.22594079,2844.2471909,2844.2471909,0.1167
1739681400000000,PAXGUSDT,5m,2844.2471909,2844.2471909,2844.2471909,2844.2471909,0.1018
1739681700000000,PAXGUSDT,5m,2844.2471909,2845.22594079,2844.2471909,2844.2471909,0.2543
1739682000000000,PAXGUSDT,5m,2844.2471909,2844.2471909,2843.26877769,2843.26877769,0.116
1739682300000000,PAXGUSDT,5m,2843.26877769,2843.26877769,2843.26877769,2843.26877769,0.1452
1739682600000000,PAXGUSDT,5m,2843.26877769,2844.2471909,2843.26877769,2843.26877769,0.1847
1739682900000000,PAXGUSDT,5m,2843.26877769,2844.2471909,2843.26877769,2843.26877769,2.0715
1739683200000000,PAXGUSDT,5m,2843.26877769,2844.2471909,2843.26877769,2843.26877769,0.176
1739683500000000,PAXGUSDT,5m,2843.26877769,2844.2471909,2843.26877769,2843.26877769,0.2214
1739683800000000,PAXGUSDT,5m,2843.26877769,2844.2471909,2843.26877769,2843.26877769,0.1648
1739684100000000,PAXGUSDT,5m,2843.26877769,2844.2471909,2843.26877769,2844.2471909,0.2122
1739684400000000,PAXGUSDT,5m,2844.2471909,2845.22594079,2844.2471909,2844.2471909,1.4343
1739684700000000,PAXGUSDT,5m,2844.2471909,2846.20469069,2844.2471909,2845.22594079,3.3016
1739685000000000,PAXGUSDT,5m,2845.22594079,2845.22594079,2843.26844101,2843.26844101,0.9439
1739685300000000,PAXGUSDT,5m,2843.26844101,2844.2471909,2843.26844101,2844.2471909,0.1988
1739685600000000,PAXGUSDT,5m,2844.2471909,2845.22627771,2843.26810409,2843.26810409,0.2639
1739685900000000,PAXGUSDT,5m,2843.26810409,2844.24685387,2843.26810409,2844.24685387,0.1006
1739686200000000,PAXGUSDT,5m,2844.24685387,2845.22594056,2843.26776717,2845.22594056,0.8642
1739686500000000,PAXGUSDT,5m,2845.22594056,2846.20570156,2845.22594056,2845.22594056,0.9805
1739686800000000,PAXGUSDT,5m,2845.22594056,2846.20570156,2845.22594056,2845.22594056,0.5112
1739687100000000,PAXGUSDT,5m,2845.22594056,2846.20570156,2845.22594056,2845.22594056,0.0902
1739687400000000,PAXGUSDT,5m,2845.22594056,2845.22594056,2844.24651683,2844.24651683,0.4276
1739687700000000,PAXGUSDT,5m,2844.24651683,2844.24651683,2844.24651683,2844.24651683,0.1007
1739688000000000,PAXGUSDT,5m,2844.24651683,2845.22594056,2844.24651683,2844.24651683,0.2151
1739688300000000,PAXGUSDT,5m,2844.24651683,2844.24651683,2844.24651683,2844.24651683,0.1206
1739688600000000,PAXGUSDT,5m,2844.24651683,2845.22594056,2843.2670931,2843.2670931,0.1789
1739688900000000,PAXGUSDT,5m,2843.2670931,2845.22526603,2843.2670931,2844.24617956,2.4729
1739689200000000,PAXGUSDT,5m,2844.24617956,2845.22492911,2843.26743002,2845.22492911,2.2912
1739689500000000,PAXGUSDT,5m,2845.22492911,2846.20435249,2845.22492911,2845.22492911,0.1049
1739689800000000,PAXGUSDT,5m,2845.22492911,2846.20435249,2845.22492911,2845.22492911,0.1067
1739690100000000,PAXGUSDT,5m,2845.22492911,2846.20435249,2844.24550573,2845.22492911,2.9665
1739690400000000,PAXGUSDT,5m,2845.22492911,2845.22492911,2844.24550573,2844.24550573,0.9754
1739690700000000,PAXGUSDT,5m,2844.24550573,2845.22492911,2844.24550573,2844.24550573,0.1467
1739691000000000,PAXGUSDT,5m,2844.24550573,2845.22492911,2844.24550573,2844.24550573,0.229
1739691300000000,PAXGUSDT,5m,2844.24550573,2845.22492911,2844.24550573,2844.24550573,0.266
1739691600000000,PAXGUSDT,5m,2844.24550573,2845.22492911,2844.24550573,2844.24550573,0.1059
1739691900000000,PAXGUSDT,5m,2844.24550573,2845.22492911,2844.24550573,2844.24550573,0.1321
1739692200000000,PAXGUSDT,5m,2844.24550573,2845.22492911,2844.24550573,2844.24550573,0.1948
1739692500000000,PAXGUSDT,5m,2844.24550573,2844.24550573,2843.26641949,2843.26641949,0.235
1739692800000000,PAXGUSDT,5m,2843.26641949,2843.26641949,2841.3089211,2842.2876703,0.9276
1739693100000000,PAXGUSDT,5m,2842.2876703,2844.24516869,2840.3301719,2840.3301719,1.9098
1739693400000000,PAXGUSDT,5m,2840.3301719,2840.3301719,2839.35243346,2839.35243346,0.2257
1739693700000000,PAXGUSDT,5m,2839.35243346,2840.3301719,2839.35243346,2839.35243346,0.119
1739694000000000,PAXGUSDT,5m,2839.35243346,2840.3301719,2839.35243346,2839.35243346,0.1648
1739694300000000,PAXGUSDT,5m,2839.35243346,2840.32983533,2838.37503159,2840.32983533,0.1578
1739694600000000,PAXGUSDT,5m,2840.32983533,2841.30791034,2840.32983533,2840.32983533,0.7975
1739694900000000,PAXGUSDT,5m,2840.32983533,2841.30791034,2839.35176032,2840.32983533,5.0676
1739695200000000,PAXGUSDT,5m,2840.32983533,2841.30791034,2839.35176032,2839.35176032,1.6058
1739695500000000,PAXGUSDT,5m,2839.35176032,2840.32983533,2839.35176032,2839.35176032,1.7846
1739695800000000,PAXGUSDT,5m,2839.35176032,2841.30791034,2839.35176032,2839.35176032,2.3428
1739696100000000,PAXGUSDT,5m,2839.35176032,2840.32949853,2838.37402211,2840.32949853,0.2457
1739696400000000,PAXGUSDT,5m,2840.32949853,2840.32949853,2839.35142363,2839.35142363,0.7579
1739696700000000,PAXGUSDT,5m,2839.35142363,2841.30757342,2839.35142363,2840.32949853,1.0391
1739697000000000,PAXGUSDT,5m,2840.32949853,2842.28564832,2840.32949853,2842.28564832,2.1017
1739697300000000,PAXGUSDT,5m,2842.28564832,2843.2640599,2841.30723674,2842.28564832,0.8894
1739697600000000,PAXGUSDT,5m,2842.28564832,2842.28564832,2841.30723674,2841.30723674,0.2187
1739697900000000,PAXGUSDT,5m,2841.30723674,2842.28564832,2841.30723674,2841.30723674,0.2644
1739698200000000,PAXGUSDT,5m,2841.30723674,2842.28564832,2841.30723674,2841.30723674,0.2975
1739698500000000,PAXGUSDT,5m,2841.30723674,2842.28564832,2840.32882515,2840.32882515,0.186
1739698800000000,PAXGUSDT,5m,2840.32882515,2841.30689982,2840.32882515,2840.32882515,0.582
1739699100000000,PAXGUSDT,5m,2840.32882515,2841.30689982,2840.32882515,2840.32882515,0.2007
1739699400000000,PAXGUSDT,5m,2840.32882515,2841.30689982,2839.35075049,2839.35075049,0.948
1739699700000000,PAXGUSDT,5m,2839.35075049,2839.35075049,2838.3733492,2838.3733492,0.4894
1739700000000000,PAXGUSDT,5m,2838.3733492,2839.35041403,2837.39628436,2839.35041403,0.2471
1739700300000000,PAXGUSDT,5m,2839.35041403,2840.32815178,2839.35041403,2839.35041403,1.0101
1739700600000000,PAXGUSDT,5m,2839.35041403,2840.32815178,2838.37267629,2838.37267629,0.6672
1739700900000000,PAXGUSDT,5m,2838.37267629,2839.35007735,2837.39527523,2837.39527523,0.0996
1739701200000000,PAXGUSDT,5m,2837.39527523,2839.35007735,2837.39527523,2837.39527523,0.1109
1739701500000000,PAXGUSDT,5m,2837.39527523,2839.35007735,2837.39527523,2837.39527523,0.5429
1739701800000000,PAXGUSDT,5m,2837.39527523,2837.39527523,2837.39527523,2837.39527523,0.1929
1739702100000000,PAXGUSDT,5m,2837.39527523,2838.37267629,2837.39527523,2837.39527523,0.2954
1739702400000000,PAXGUSDT,5m,2837.39527523,2838.37267629,2837.39527523,2837.39527523,1.7942
1739702700000000,PAXGUSDT,5m,2837.39527523,2838.37267629,2837.39527523,2837.39527523,0.4355
1739703000000000,PAXGUSDT,5m,2837.39527523,2838.37267629,2837.39527523,2837.39527523,0.1398
1739703300000000,PAXGUSDT,5m,2837.39527523,2838.37267629,2837.39527523,2837.39527523,0.6283
1739703600000000,PAXGUSDT,5m,2837.39527523,2838.37233972,2836.41821074,2838.37233972,0.2741
1739703900000000,PAXGUSDT,5m,2838.37233972,2839.35007735,2838.37233972,2839.35007735,0.232
1739704200000000,PAXGUSDT,5m,2839.35007735,2840.32815178,2839.35007735,2839.35007735,0.2148
1739704500000000,PAXGUSDT,5m,2839.35007735,2840.32815178,2839.35007735,2839.35007735,0.4071
1739704800000000,PAXGUSDT,5m,2839.35007735,2840.32815178,2839.35007735,2839.35007735,0.2448
1739705100000000,PAXGUSDT,5m,2839.35007735,2840.32815178,2837.39392848,2839.35007735,11.3427
1739705400000000,PAXGUSDT,5m,2839.35007735,2839.35007735,2836.41585405,2837.39392848,10.9653
1739705700000000,PAXGUSDT,5m,2837.39392848,2838.37200291,2836.41585405,2837.39392848,5.5388
1739706000000000,PAXGUSDT,5m,2837.39392848,2839.35007735,2837.39392848,2839.35007735,2.8513
1739706300000000,PAXGUSDT,5m,2839.35007735,2840.32815178,2838.37200291,2840.32815178,1.2932
1739706600000000,PAXGUSDT,5m,2840.32815178,2842.28564878,2838.37065478,2842.28564878,4.8788
1739706900000000,PAXGUSDT,5m,2842.28564878,2843.26574728,2842.28564878,2842.28564878,0.7096
1739707200000000,PAXGUSDT,5m,2842.28564878,2843.26540943,2841.30588813,2843.26540943,0.2257
1739707500000000,PAXGUSDT,5m,2843.26540943,2844.24584578,2843.26540943,2843.26540943,0.296
1739707800000000,PAXGUSDT,5m,2843.26540943,2843.26540943,2841.30521267,2841.30521267,20.0248
1739708100000000,PAXGUSDT,5m,2841.30521267,2843.26540943,2838.36491752,2843.26540943,50.5848
1739708400000000,PAXGUSDT,5m,2843.26540943,2844.24719998,2843.26540943,2844.24719998,3.6853
1739708700000000,PAXGUSDT,5m,2844.24719998,2845.22865174,2843.26574822,2845.22865174,8.646
1739709000000000,PAXGUSDT,5m,2845.22865174,2846.21044216,2845.22865174,2845.22865174,1.0758
1739709300000000,PAXGUSDT,5m,2845.22865174,2846.21044216,2845.22865174,2845.22865174,6.8783
1739709600000000,PAXGUSDT,5m,2845.22865174,2847.19223259,2845.22865174,2846.21044216,0.9796
1739709900000000,PAXGUSDT,5m,2846.21044216,2847.19189404,2845.22899028,2845.22899028,1.0375
1739710200000000,PAXGUSDT,5m,2845.22899028,2846.21010373,2845.22899028,2845.22899028,0.1647
1739710500000000,PAXGUSDT,5m,2845.22899028,2846.21010373,2845.22899028,2846.21010373,0.5229
1739710800000000,PAXGUSDT,5m,2846.21010373,2847.19087909,2845.22932837,2847.19087909,0.1261
1739711100000000,PAXGUSDT,5m,2847.19087909,2848.17233062,2847.19087909,2847.19087909,0.1263
1739711400000000,PAXGUSDT,5m,2847.19087909,2848.17233062,2846.20942757,2848.17233062,8.3483
1739711700000000,PAXGUSDT,5m,2848.17233062,2849.15445901,2847.19020223,2849.15445901,3.1933
1739712000000000,PAXGUSDT,5m,2849.15445901,2850.13726496,2849.15445901,2849.15445901,0.5953
1739712300000000,PAXGUSDT,5m,2849.15445901,2850.13726496,2849.15445901,2849.15445901,0.1452
1739712600000000,PAXGUSDT,5m,2849.15445901,2850.13726496,2849.15445901,2849.15445901,3.2758
1739712900000000,PAXGUSDT,5m,2849.15445901,2850.13726496,2849.15445901,2850.13726496,1.6513
1739713200000000,PAXGUSDT,5m,2850.13726496,2851.12040993,2850.13726496,2850.13726496,0.2401
1739713500000000,PAXGUSDT,5m,2850.13726496,2851.12040993,2850.13726496,2850.13726496,2.2325
1739713800000000,PAXGUSDT,5m,2850.13726496,2851.12040993,2850.13726496,2850.13726496,0.6735
1739714100000000,PAXGUSDT,5m,2850.13726496,2851.12040993,2849.15411999,2849.15411999,2.2501
1739714400000000,PAXGUSDT,5m,2849.15411999,2849.15411999,2843.25728497,2846.20570248,54.0628
1739714700000000,PAXGUSDT,5m,2846.20570248,2847.18850832,2845.22289665,2847.18850832,2.839
1739715000000000,PAXGUSDT,5m,2847.18850832,2848.17131416,2842.27447914,2845.22289665,34.4009
1739715300000000,PAXGUSDT,5m,2845.22289665,2847.18850832,2843.25728497,2847.18850832,3.8224
1739715600000000,PAXGUSDT,5m,2847.18850832,2848.17233296,2845.22085904,2848.17233296,5.2567
1739715900000000,PAXGUSDT,5m,2848.17233296,2848.17233296,2846.20400377,2848.17233296,4.0026
1739716200000000,PAXGUSDT,5m,2848.17233296,2850.14134252,2848.17233296,2849.15683774,0.3112
1739716500000000,PAXGUSDT,5m,2849.15683774,2850.14100245,2848.17267303,2850.14100245,0.1359
1739716800000000,PAXGUSDT,5m,2850.14100245,2851.1258473,2849.1561576,2849.1561576,3.0039
1739717100000000,PAXGUSDT,5m,2849.1561576,2849.1561576,2848.17199312,2849.1561576,0.4153
1739717400000000,PAXGUSDT,5m,2849.1561576,2852.10967124,2849.1561576,2851.12516669,1.9067
1739717700000000,PAXGUSDT,5m,2851.12516669,2855.06182554,2850.14100198,2850.14100198,14.3631
1739718000000000,PAXGUSDT,5m,2850.14100198,2852.10661647,2849.15819474,2851.12380922,4.2786
1739718300000000,PAXGUSDT,5m,2851.12380922,2851.12380922,2849.15954894,2850.14167908,1.7645
1739718600000000,PAXGUSDT,5m,2850.14167908,2852.10593937,2849.15954894,2849.15954894,13.8989
1739718900000000,PAXGUSDT,5m,2849.15954894,2849.15954894,2848.17843339,2848.17843339,4.8966
1739719200000000,PAXGUSDT,5m,2848.17843339,2848.17843339,2846.21687799,2846.21687799,5.3436
1739719500000000,PAXGUSDT,5m,2846.21687799,2847.19765569,2845.2361003,2847.19765569,14.5448
1739719800000000,PAXGUSDT,5m,2847.19765569,2848.17910955,2847.19765569,2847.19765569,0.4409
1739720100000000,PAXGUSDT,5m,2847.19765569,2848.17910955,2846.21620183,2846.21620183,1.3472
1739720400000000,PAXGUSDT,5m,2846.21620183,2847.19765569,2846.21620183,2846.21620183,0.3415
1739720700000000,PAXGUSDT,5m,2846.21620183,2848.17843292,2844.25397073,2848.17843292,1.2153
1739721000000000,PAXGUSDT,5m,2848.17843292,2849.16056342,2847.19630243,2849.16056342,0.3288
1739721300000000,PAXGUSDT,5m,2849.16056342,2849.16056342,2847.19630243,2848.17843292,2.4309
1739721600000000,PAXGUSDT,5m,2848.17843292,2848.17843292,2847.19664098,2848.17843292,0.2553
1739721900000000,PAXGUSDT,5m,2848.17843292,2848.17843292,2845.23204144,2845.23204144,3.7278
1739722200000000,PAXGUSDT,5m,2845.23204144,2845.23204144,2843.26845825,2844.25024985,0.5235
1739722500000000,PAXGUSDT,5m,2844.25024985,2846.21383303,2844.25024985,2845.23204144,1.997
1739722800000000,PAXGUSDT,5m,2845.23204144,2846.21383303,2845.23204144,2845.23204144,0.1631
1739723100000000,PAXGUSDT,5m,2845.23204144,2846.21383303,2845.23204144,2845.23204144,1.0599
1739723400000000,PAXGUSDT,5m,2845.23204144,2847.19562463,2844.25024985,2844.25024985,0.5503
1739723700000000,PAXGUSDT,5m,2844.25024985,2845.23136411,2843.26913558,2845.23136411,0.1862
1739724000000000,PAXGUSDT,5m,2845.23136411,2846.21315547,2845.23136411,2845.23136411,0.1043
1739724300000000,PAXGUSDT,5m,2845.23136411,2846.21315547,2845.23136411,2845.23136411,0.2185
1739724600000000,PAXGUSDT,5m,2845.23136411,2846.21315547,2845.23136411,2845.23136411,2.8225
1739724900000000,PAXGUSDT,5m,2845.23136411,2846.21315547,2845.23136411,2845.23136411,1.0669
1739725200000000,PAXGUSDT,5m,2845.23136411,2846.21315547,2845.23136411,2845.23136411,0.4112
1739725500000000,PAXGUSDT,5m,2845.23136411,2845.23136411,2839.34264794,2843.26845872,7.2304
1739725800000000,PAXGUSDT,5m,2843.26845872,2843.26845872,2842.28700602,2842.28700602,2.2649
1739726100000000,PAXGUSDT,5m,2842.28700602,2850.13862759,2842.28700602,2845.23136411,11.3039
1739726400000000,PAXGUSDT,5m,2845.23136411,2847.19359264,2843.26913558,2847.19359264,0.1846
1739726700000000,PAXGUSDT,5m,2847.19359264,2848.1757222,2847.19359264,2847.19359264,1.3344
1739727000000000,PAXGUSDT,5m,2847.19359264,2848.1757222,2847.19359264,2847.19359264,0.6275
1739727300000000,PAXGUSDT,5m,2847.19359264,2848.1757222,2847.19359264,2847.19359264,0.1402
1739727600000000,PAXGUSDT,5m,2847.19359264,2848.1757222,2847.19359264,2848.1757222,0.1344
1739727900000000,PAXGUSDT,5m,2848.1757222,2848.1757222,2847.19359264,2848.1757222,0.2112
1739728200000000,PAXGUSDT,5m,2848.1757222,2849.15819054,2848.1757222,2848.1757222,1.4956
1739728500000000,PAXGUSDT,5m,2848.1757222,2851.12211087,2842.28294484,2851.12211087,10.3113
1739728800000000,PAXGUSDT,5m,2851.12211087,2853.09043819,2847.18545625,2853.09043819,7.6038
1739729100000000,PAXGUSDT,5m,2853.09043819,2855.0621662,2852.10457418,2854.07630219,0.8573
1739729400000000,PAXGUSDT,5m,2854.07630219,2856.04939331,2854.07630219,2854.07630219,0.7016
1739729700000000,PAXGUSDT,5m,2854.07630219,2856.04803021,2852.10457418,2856.04803021,0.9856
1739730000000000,PAXGUSDT,5m,2856.04803021,2858.02248443,2856.04803021,2856.04803021,1.3444
1739730300000000,PAXGUSDT,5m,2856.04803021,2858.02248443,2854.07357599,2854.07357599,0.7747
1739730600000000,PAXGUSDT,5m,2854.07357599,2856.04530212,2852.10184986,2856.04530212,2.4201
1739730900000000,PAXGUSDT,5m,2856.04530212,2857.03252829,2856.04530212,2856.04530212,0.34
1739731200000000,PAXGUSDT,5m,2856.04530212,2859.00698062,2856.04530212,2859.00698062,2.5161
1739731500000000,PAXGUSDT,5m,2859.00698062,2860.98211498,2859.00698062,2859.9945478,1.2499
1739731800000000,PAXGUSDT,5m,2859.9945478,2860.98211498,2859.9945478,2859.9945478,0.1332
1739732100000000,PAXGUSDT,5m,2859.9945478,2860.98211498,2859.9945478,2859.9945478,1.4399
1739732400000000,PAXGUSDT,5m,2859.9945478,2860.98211498,2859.9945478,2859.9945478,0.1771
1739732700000000,PAXGUSDT,5m,2859.9945478,2860.98211498,2859.9945478,2859.9945478,1.711
1739733000000000,PAXGUSDT,5m,2859.9945478,2860.98211498,2859.9945478,2859.9945478,0.3871
1739733300000000,PAXGUSDT,5m,2859.9945478,2860.98177408,2859.00732151,2860.98177408,0.1907
1739733600000000,PAXGUSDT,5m,2860.98177408,2861.96968216,2860.98177408,2861.96968216,0.8877
1739733900000000,PAXGUSDT,5m,2861.96968216,2862.95759023,2860.98177408,2860.98177408,2.7106
1739734200000000,PAXGUSDT,5m,2860.98177408,2861.96968216,2860.98177408,2860.98177408,0.6677
1739734500000000,PAXGUSDT,5m,2860.98177408,2861.96934114,2860.98177408,2860.98177408,1.7094
1739734800000000,PAXGUSDT,5m,2860.98177408,2861.96934114,2860.98177408,2860.98177408,0.132
1739735100000000,PAXGUSDT,5m,2860.98177408,2861.96934114,2860.98177408,2860.98177408,5.4174
1739735400000000,PAXGUSDT,5m,2860.98177408,2864.93067922,2859.9945478,2859.9945478,9.0403
1739735700000000,PAXGUSDT,5m,2859.9945478,2860.98075282,2859.00834278,2859.00834278,0.2029
1739736000000000,PAXGUSDT,5m,2859.00834278,2859.99420773,2859.00834278,2859.00834278,0.5904
1739736300000000,PAXGUSDT,5m,2859.00834278,2859.99420773,2859.00834278,2859.00834278,0.2289
1739736600000000,PAXGUSDT,5m,2859.00834278,2859.99420773,2859.00834278,2859.00834278,0.32
1739736900000000,PAXGUSDT,5m,2859.00834278,2859.99420773,2859.00834278,2859.00834278,0.1729
1739737200000000,PAXGUSDT,5m,2859.00834278,2859.00834278,2859.00834278,2859.00834278,0.1334
1739737500000000,PAXGUSDT,5m,2859.00834278,2859.99420773,2858.02247784,2858.02247784,0.2157
1739737800000000,PAXGUSDT,5m,2858.02247784,2859.00800283,2858.02247784,2858.02247784,0.4015
1739738100000000,PAXGUSDT,5m,2858.02247784,2859.00800283,2858.02247784,2858.02247784,0.6128
1739738400000000,PAXGUSDT,5m,2858.02247784,2859.99352782,2856.05142785,2859.99352782,8.4303
1739738700000000,PAXGUSDT,5m,2859.99352782,2862.95316238,2859.00698297,2859.00698297,5.2597
1739739000000000,PAXGUSDT,5m,2859.00698297,2859.99216801,2857.03661289,2859.99216801,24.9608
1739739300000000,PAXGUSDT,5m,2859.99216801,2860.9783722,2859.00596381,2859.00596381,10.4851
1739739600000000,PAXGUSDT,5m,2859.00596381,2859.00596381,2858.02009969,2858.02009969,0.2569
1739739900000000,PAXGUSDT,5m,2858.02009969,2858.02009969,2857.03457551,2858.02009969,0.1747
1739740200000000,PAXGUSDT,5m,2858.02009969,2859.00596381,2858.02009969,2859.00596381,1.3781
1739740500000000,PAXGUSDT,5m,2859.00596381,2860.9783722,2856.04735122,2860.9783722,0.78
1739740800000000,PAXGUSDT,5m,2860.9783722,2871.84534807,2859.99046531,2864.92999979,28.6172
1739741100000000,PAXGUSDT,5m,2864.92999979,2867.89167794,2863.94277374,2866.90445189,12.3581
1739741400000000,PAXGUSDT,5m,2866.90445189,2871.84058215,2861.96832164,2871.84058215,25.2116
1739741700000000,PAXGUSDT,5m,2871.84058215,2872.8312136,2870.84995069,2870.84995069,0.4411
1739742000000000,PAXGUSDT,5m,2870.84995069,2870.84995069,2869.86000243,2869.86000243,0.0601
1739742300000000,PAXGUSDT,5m,2869.86000243,2871.83921623,2867.88078864,2871.83921623,0.3386
1739742600000000,PAXGUSDT,5m,2871.83921623,2872.83018904,2871.83921623,2871.83921623,1.0566
1739742900000000,PAXGUSDT,5m,2871.83921623,2872.83018904,2871.83921623,2872.83018904,0.0665
1739743200000000,PAXGUSDT,5m,2872.83018904,2872.83018904,2871.83921623,2872.83018904,0.0785
1739743500000000,PAXGUSDT,5m,2872.83018904,2874.81281857,2872.83018904,2874.81281857,1.5667
1739743800000000,PAXGUSDT,5m,2874.81281857,2875.80413334,2873.82150381,2874.81281857,3.6435
1739744100000000,PAXGUSDT,5m,2874.81281857,2874.81281857,2874.81281857,2874.81281857,0.0122
1739744400000000,PAXGUSDT,5m,2874.81281857,2874.81281857,2874.81281857,2874.81281857,0.1818
1739744700000000,PAXGUSDT,5m,2874.81281857,2875.80413334,2873.82150381,2873.82150381,0.3672
1739745000000000,PAXGUSDT,5m,2873.82150381,2878.77636847,2872.83053088,2878.77636847,13.6668
1739745300000000,PAXGUSDT,5m,2878.77636847,2878.77636847,2877.78539554,2877.78539554,1.846
1739745600000000,PAXGUSDT,5m,2877.78539554,2877.78539554,2876.79476373,2877.78539554,1.9529
1739745900000000,PAXGUSDT,5m,2877.78539554,2877.78539554,2875.80413193,2875.80413193,4.2191
1739746200000000,PAXGUSDT,5m,2875.80413193,2876.79476373,2874.81350012,2874.81350012,1.3555
1739746500000000,PAXGUSDT,5m,2874.81350012,2875.80379068,2874.81350012,2875.80379068,0.4463
1739746800000000,PAXGUSDT,5m,2875.80379068,2876.79442237,2874.81315899,2874.81315899,4.2789
1739747100000000,PAXGUSDT,5m,2874.81315899,2876.79237632,2872.83394167,2872.83394167,17.6016
1739747400000000,PAXGUSDT,5m,2872.83394167,2873.82218864,2871.8456947,2872.83394167,1.8592
1739747700000000,PAXGUSDT,5m,2872.83394167,2873.82218864,2870.85744773,2872.83394167,1.2039
1739748000000000,PAXGUSDT,5m,2872.83394167,2873.82252871,2871.84535463,2872.83394167,0.6111
1739748300000000,PAXGUSDT,5m,2872.83394167,2877.77517652,2866.90445985,2877.77517652,8.433
1739748600000000,PAXGUSDT,5m,2877.77517652,2877.77517652,2875.79187178,2875.79187178,1.4811
1739748900000000,PAXGUSDT,5m,2875.79187178,2876.78318232,2875.79187178,2876.78318232,0.4269
1739749200000000,PAXGUSDT,5m,2876.78318232,2877.77483457,2875.79153007,2875.79153007,7.9735
1739749500000000,PAXGUSDT,5m,2875.79153007,2876.78284049,2875.79153007,2875.79153007,0.6421
1739749800000000,PAXGUSDT,5m,2875.79153007,2875.79153007,2873.80959242,2874.80056125,0.4149
1739750100000000,PAXGUSDT,5m,2874.80056125,2875.79153007,2873.80959242,2873.80959242,1.8139
1739750400000000,PAXGUSDT,5m,2873.80959242,2874.80021965,2872.81896519,2874.80021965,2.076
1739750700000000,PAXGUSDT,5m,2874.80021965,2878.76272857,2874.80021965,2878.76272857,3.4322
1739751000000000,PAXGUSDT,5m,2878.76272857,2878.76272857,2876.78147411,2878.76272857,0.1105
1739751300000000,PAXGUSDT,5m,2878.76272857,2878.76272857,2877.77210134,2878.76272857,0.4132
1739751600000000,PAXGUSDT,5m,2878.76272857,2878.76272857,2877.77210134,2878.76272857,1.3731
1739751900000000,PAXGUSDT,5m,2878.76272857,2879.7533558,2878.76272857,2879.7533558,1.9075
1739752200000000,PAXGUSDT,5m,2879.7533558,2880.74432392,2878.76238768,2878.76238768,0.0874
1739752500000000,PAXGUSDT,5m,2878.76238768,2878.76238768,2877.77210134,2877.77210134,1.0362
1739752800000000,PAXGUSDT,5m,2877.77210134,2877.77210134,2875.79220997,2875.79220997,1.5732
1739753100000000,PAXGUSDT,5m,2875.79220997,2875.79220997,2874.80260494,2875.79220997,0.1192
1739753400000000,PAXGUSDT,5m,2875.79220997,2877.77142003,2872.82339489,2877.77142003,5.5727
1739753700000000,PAXGUSDT,5m,2877.77142003,2882.72626063,2872.81657943,2882.72626063,6.0232
1739754000000000,PAXGUSDT,5m,2882.72626063,2884.71366239,2879.74515798,2884.71366239,12.4785
1739754300000000,PAXGUSDT,5m,2884.71366239,2886.70243431,2884.71366239,2885.70804835,4.147
1739754600000000,PAXGUSDT,5m,2885.70804835,2890.67826545,2885.70804835,2889.68422203,12.9802
1739754900000000,PAXGUSDT,5m,2889.68422203,2890.67894982,2888.68949424,2888.68949424,1.1895
1739755200000000,PAXGUSDT,5m,2888.68949424,2889.68387961,2887.69510887,2887.69510887,0.3699
1739755500000000,PAXGUSDT,5m,2887.69510887,2888.68915194,2887.69510887,2888.68915194,0.0258
1739755800000000,PAXGUSDT,5m,2888.68915194,2889.68319501,2888.68915194,2888.68915194,1.9663
1739756100000000,PAXGUSDT,5m,2888.68915194,2889.68319501,2888.68915194,2888.68915194,2.0195
1739756400000000,PAXGUSDT,5m,2888.68915194,2889.68285306,2887.69545082,2888.68915194,2.9788
1739756700000000,PAXGUSDT,5m,2888.68915194,2889.68319501,2887.69510887,2888.68915194,0.227
1739757000000000,PAXGUSDT,5m,2888.68915194,2889.68285306,2887.69545082,2889.68285306,0.366
1739757300000000,PAXGUSDT,5m,2889.68285306,2889.68285306,2888.68881011,2888.68881011,0.3883
1739757600000000,PAXGUSDT,5m,2888.68881011,2888.68881011,2887.69510911,2888.68881011,0.376
1739757900000000,PAXGUSDT,5m,2888.68881011,2888.68881011,2887.69510911,2887.69510911,0.6193
1739758200000000,PAXGUSDT,5m,2887.69510911,2889.68251111,2887.69510911,2887.69510911,2.1264
1739758500000000,PAXGUSDT,5m,2887.69510911,2889.68251111,2887.69510911,2887.69510911,0.4727
1739758800000000,PAXGUSDT,5m,2887.69510911,2889.68251111,2887.69510911,2889.68251111,0.4454
1739759100000000,PAXGUSDT,5m,2889.68251111,2891.67128091,2888.68812621,2889.68251111,2.2122
1739759400000000,PAXGUSDT,5m,2889.68251111,2890.67689601,2888.68812621,2888.68812621,0.2397
1739759700000000,PAXGUSDT,5m,2888.68812621,2890.67621164,2888.68812621,2889.68216893,7.0054
1739760000000000,PAXGUSDT,5m,2889.68216893,2889.68216893,2888.68846804,2889.68216893,12.2759
1739760300000000,PAXGUSDT,5m,2889.68216893,2889.68216893,2888.68846804,2889.68216893,3.1347
1739760600000000,PAXGUSDT,5m,2889.68216893,2889.68216893,2888.68846804,2888.68846804,1.9281
1739760900000000,PAXGUSDT,5m,2888.68846804,2889.68216893,2888.68846804,2888.68846804,1.1746
1739761200000000,PAXGUSDT,5m,2888.68846804,2889.68216893,2887.69476716,2887.69476716,8.1788
1739761500000000,PAXGUSDT,5m,2887.69476716,2887.69476716,2886.7017497,2887.69476716,16.7529
1739761800000000,PAXGUSDT,5m,2887.69476716,2887.69476716,2886.7017497,2887.69476716,9.8398
1739762100000000,PAXGUSDT,5m,2887.69476716,2889.68080208,2885.70873225,2885.70873225,69.7257
1739762400000000,PAXGUSDT,5m,2885.70873225,2896.61690958,2878.76716485,2878.76716485,43.5003
1739762700000000,PAXGUSDT,5m,2878.76716485,2882.71473724,2878.76716485,2881.72784414,7.676
1739763000000000,PAXGUSDT,5m,2881.72784414,2881.72784414,2879.75405795,2881.72784414,0.3461
1739763300000000,PAXGUSDT,5m,2881.72784414,2883.70230652,2881.72784414,2881.72784414,4.5084
1739763600000000,PAXGUSDT,5m,2881.72784414,2883.70230652,2879.75338176,2879.75338176,7.2644
1739763900000000,PAXGUSDT,5m,2879.75338176,2881.72716749,2877.77959603,2881.72716749,2.4153
1739764200000000,PAXGUSDT,5m,2881.72716749,2883.70298317,2880.73925965,2883.70298317,8.5257
1739764500000000,PAXGUSDT,5m,2883.70298317,2884.69055268,2881.72784414,2884.69055268,1.3523
1739764800000000,PAXGUSDT,5m,2884.69055268,2885.67846041,2883.70264496,2885.67846041,0.5736
1739765100000000,PAXGUSDT,5m,2885.67846041,2888.64421422,2885.67846041,2886.66704501,8.8737
1739765400000000,PAXGUSDT,5m,2886.66704501,2897.54147566,2886.66704501,2892.59855264,36.0565
1739765700000000,PAXGUSDT,5m,2892.59855264,2898.53006027,2888.64421422,2890.62138343,42.2212
1739766000000000,PAXGUSDT,5m,2890.62138343,2892.59922906,2888.6435378,2888.6435378,8.1937
1739766300000000,PAXGUSDT,5m,2888.6435378,2889.63110824,2887.65596736,2887.65596736,0.1279
1739766600000000,PAXGUSDT,5m,2887.65596736,2889.63043298,2886.66873455,2886.66873455,3.5649
1739766900000000,PAXGUSDT,5m,2886.66873455,2888.64252514,2885.68183926,2886.66873455,7.9539
1739767200000000,PAXGUSDT,5m,2886.66873455,2887.65596736,2886.66873455,2887.65596736,3.1665
1739767500000000,PAXGUSDT,5m,2887.65596736,2888.64320017,2885.68150174,2886.66873455,29.1937
1739767800000000,PAXGUSDT,5m,2886.66873455,2888.64252514,2884.69494397,2888.64252514,4.6015
1739768100000000,PAXGUSDT,5m,2888.64252514,2889.63043298,2886.66670946,2889.63043298,0.9644
1739768400000000,PAXGUSDT,5m,2889.63043298,2890.61901678,2887.65326539,2890.61901678,0.9345
1739768700000000,PAXGUSDT,5m,2890.61901678,2891.60861589,2889.62941766,2889.62941766,1.8177
1739769000000000,PAXGUSDT,5m,2889.62941766,2889.62941766,2888.64015733,2888.64015733,2.0206
1739769300000000,PAXGUSDT,5m,2888.64015733,2888.64015733,2886.66231402,2887.65123568,0.2073
1739769600000000,PAXGUSDT,5m,2887.65123568,2888.64015733,2886.66231402,2888.64015733,4.5211
1739769900000000,PAXGUSDT,5m,2888.64015733,2888.64015733,2887.65123568,2887.65123568,2.4333
1739770200000000,PAXGUSDT,5m,2887.65123568,2887.65123568,2885.67406948,2887.65123568,7.5425
1739770500000000,PAXGUSDT,5m,2887.65123568,2888.63981878,2884.68548638,2888.63981878,4.5155
1739770800000000,PAXGUSDT,5m,2888.63981878,2888.63981878,2884.68277793,2886.66129835,5.7785
1739771100000000,PAXGUSDT,5m,2886.66129835,2888.64049705,2884.68209966,2885.67169901,5.6397
1739771400000000,PAXGUSDT,5m,2885.67169901,2885.67169901,2885.67169901,2885.67169901,0.1339
1739771700000000,PAXGUSDT,5m,2885.67169901,2887.6502192,2885.67169901,2887.6502192,2.9818
1739772000000000,PAXGUSDT,5m,2887.6502192,2890.61799948,2882.70391872,2890.61799948,9.516
1739772300000000,PAXGUSDT,5m,2890.61799948,2890.61799948,2889.62602351,2890.61799948,0.9729
1739772600000000,PAXGUSDT,5m,2890.61799948,2892.60263251,2890.61799948,2890.61799948,0.9713
1739772900000000,PAXGUSDT,5m,2890.61799948,2892.60195144,2888.63404753,2888.63404753,4.1472
1739773200000000,PAXGUSDT,5m,2888.63404753,2889.6250026,2887.64309245,2888.63404753,1.7451
1739773500000000,PAXGUSDT,5m,2888.63404753,2891.60793296,2885.6601621,2891.60793296,6.9696
1739773800000000,PAXGUSDT,5m,2891.60793296,2894.587948,2890.61459461,2890.61459461,3.453
1739774100000000,PAXGUSDT,5m,2890.61459461,2891.60725072,2890.61459461,2890.61459461,0.1461
1739774400000000,PAXGUSDT,5m,2890.61459461,2891.60690995,2889.62227927,2891.60690995,0.1629
1739774700000000,PAXGUSDT,5m,2891.60690995,2892.59990683,2891.60690995,2891.60690995,0.1068
1739775000000000,PAXGUSDT,5m,2891.60690995,2894.58590059,2891.60690995,2892.59990683,2.601
1739775300000000,PAXGUSDT,5m,2892.59990683,2893.59290371,2892.59990683,2892.59990683,1.1856
1739775600000000,PAXGUSDT,5m,2892.59990683,2892.59990683,2891.60725072,2892.59990683,1.1149
1739775900000000,PAXGUSDT,5m,2892.59990683,2893.59290371,2892.59990683,2892.59990683,6.6637
1739776200000000,PAXGUSDT,5m,2892.59990683,2893.59290371,2891.60690995,2891.60690995,9.3416
1739776500000000,PAXGUSDT,5m,2891.60690995,2891.60690995,2890.61459461,2890.61459461,3.8898
1739776800000000,PAXGUSDT,5m,2890.61459461,2891.60690995,2890.61459461,2891.60690995,1.194
1739777100000000,PAXGUSDT,5m,2891.60690995,2895.57753393,2887.63628598,2887.63628598,19.8075
1739777400000000,PAXGUSDT,5m,2887.63628598,2888.62621957,2886.64635239,2886.64635239,1.6811
1739777700000000,PAXGUSDT,5m,2886.64635239,2888.62621957,2884.6664852,2884.6664852,0.7682
1739778000000000,PAXGUSDT,5m,2884.6664852,2885.65506179,2882.68933203,2885.65506179,0.2677
1739778300000000,PAXGUSDT,5m,2885.65506179,2885.65506179,2884.6658074,2884.6658074,5.1084
1739778600000000,PAXGUSDT,5m,2884.6658074,2884.6658074,2883.67689214,2884.6658074,3.991
1739778900000000,PAXGUSDT,5m,2884.6658074,2885.65472266,2883.67689214,2884.6658074,2.0744
1739779200000000,PAXGUSDT,5m,2884.6658074,2885.65438376,2883.67723104,2883.67723104,8.7829
1739779500000000,PAXGUSDT,5m,2883.67723104,2887.63018133,2883.67723104,2886.64194376,30.1181
1739779800000000,PAXGUSDT,5m,2886.64194376,2889.60665647,2885.65370618,2888.6184189,13.7771
1739780100000000,PAXGUSDT,5m,2888.6184189,2888.6184189,2886.64194376,2887.63018133,4.8097
1739780400000000,PAXGUSDT,5m,2887.63018133,2890.59489404,2880.71251833,2890.59489404,14.4514
1739780700000000,PAXGUSDT,5m,2890.59489404,2890.59489404,2888.61435625,2889.60462515,1.6667
1739781000000000,PAXGUSDT,5m,2889.60462515,2890.59489404,2888.61435625,2888.61435625,1.6977
1739781300000000,PAXGUSDT,5m,2888.61435625,2892.57271783,2881.68722351,2892.57271783,14.7674
1739781600000000,PAXGUSDT,5m,2892.57271783,2894.55664973,2890.58878592,2893.56468378,6.8606
1739781900000000,PAXGUSDT,5m,2893.56468378,2895.54793579,2891.58143177,2892.57305777,2.0917
1739782200000000,PAXGUSDT,5m,2892.57305777,2894.5542722,2891.58245056,2892.57305777,3.977
1739782500000000,PAXGUSDT,5m,2892.57305777,2893.56332585,2892.57305777,2892.57305777,6.7707
1739782800000000,PAXGUSDT,5m,2892.57305777,2892.57305777,2890.59319942,2892.57305777,0.7118
1739783100000000,PAXGUSDT,5m,2892.57305777,2893.56298695,2890.59319942,2893.56298695,2.1514
1739783400000000,PAXGUSDT,5m,2893.56298695,2894.55359393,2893.56298695,2893.56298695,0.9894
1739783700000000,PAXGUSDT,5m,2893.56298695,2893.56298695,2890.59218306,2892.57271899,6.086
1739784000000000,PAXGUSDT,5m,2892.57271899,2894.55325491,2890.59218306,2890.59218306,1.4493
1739784300000000,PAXGUSDT,5m,2890.59218306,2890.59218306,2889.6029318,2890.59218306,1.2203
1739784600000000,PAXGUSDT,5m,2890.59218306,2896.52566,2888.61435742,2888.61435742,21.2118
1739784900000000,PAXGUSDT,5m,2888.61435742,2888.61435742,2887.62679695,2887.62679695,0.8284
1739785200000000,PAXGUSDT,5m,2887.62679695,2892.56459927,2882.68899463,2882.68899463,6.8301
1739785500000000,PAXGUSDT,5m,2882.68899463,2883.67351956,2881.7044697,2883.67351956,5.5348
1739785800000000,PAXGUSDT,5m,2883.67351956,2884.65871721,2882.68832191,2883.67351956,2.1272
1739786100000000,PAXGUSDT,5m,2883.67351956,2884.65905391,2882.68798521,2883.67351956,1.5937
1739786400000000,PAXGUSDT,5m,2883.67351956,2885.64458827,2881.70245085,2885.64458827,12.0518
1739786700000000,PAXGUSDT,5m,2885.64458827,2888.60220144,2885.64458827,2885.64458827,18.4612
1739787000000000,PAXGUSDT,5m,2885.64458827,2885.64458827,2882.68697509,2883.67284615,12.8798
1739787300000000,PAXGUSDT,5m,2883.67284615,2887.61498265,2881.7017779,2881.7017779,10.0813
1739787600000000,PAXGUSDT,5m,2881.7017779,2882.68596567,2880.71759014,2880.71759014,3.2995
1739787900000000,PAXGUSDT,5m,2880.71759014,2883.66914505,2877.76603523,2883.66914505,8.6144
1739788200000000,PAXGUSDT,5m,2883.66914505,2884.65501484,2881.69740546,2882.68327525,2.2769
1739788500000000,PAXGUSDT,5m,2882.68327525,2884.6556894,2880.71086111,2884.6556894,4.5864
1739788800000000,PAXGUSDT,5m,2884.6556894,2886.63080456,2884.6556894,2885.64324698,1.2953
1739789100000000,PAXGUSDT,5m,2885.64324698,2886.63080456,2884.6556894,2884.6556894,5.4501
1739789400000000,PAXGUSDT,5m,2884.6556894,2888.60321686,2883.66880754,2883.66880754,9.1239
1739789700000000,PAXGUSDT,5m,2883.66880754,2883.66880754,2882.68260069,2882.68260069,2.8479
1739790000000000,PAXGUSDT,5m,2882.68260069,2883.66847026,2882.68260069,2883.66847026,2.7981
1739790300000000,PAXGUSDT,5m,2883.66847026,2883.66847026,2882.68260069,2883.66847026,0.4347
1739790600000000,PAXGUSDT,5m,2883.66847026,2884.65467698,2883.66847026,2883.66847026,27.566
1739790900000000,PAXGUSDT,5m,2883.66847026,2883.66847026,2881.6960568,2883.66847026,2.7206
1739791200000000,PAXGUSDT,5m,2883.66847026,2885.64223375,2881.69470676,2881.69470676,0.5948
1739791500000000,PAXGUSDT,5m,2881.69470676,2882.68158851,2881.69470676,2881.69470676,0.2852
1739791800000000,PAXGUSDT,5m,2881.69470676,2882.68158851,2881.69470676,2881.69470676,1.1163
1739792100000000,PAXGUSDT,5m,2881.69470676,2883.66847026,2880.70782501,2881.69470676,5.0918
1739792400000000,PAXGUSDT,5m,2881.69470676,2881.69470676,2880.70816287,2880.70816287,0.6529
1739792700000000,PAXGUSDT,5m,2880.70816287,2881.69470676,2880.70816287,2880.70816287,0.0804
1739793000000000,PAXGUSDT,5m,2880.70816287,2881.69470676,2880.70816287,2880.70816287,0.8325
1739793300000000,PAXGUSDT,5m,2880.70816287,2882.68125065,2880.70816287,2881.69470676,3.589
1739793600000000,PAXGUSDT,5m,2881.69470676,2882.68091302,2880.70850049,2880.70850049,1.806
1739793900000000,PAXGUSDT,5m,2880.70850049,2880.70850049,2879.72263174,2880.70850049,3.5571
1739794200000000,PAXGUSDT,5m,2880.70850049,2881.69470676,2880.70850049,2880.70850049,0.3854
1739794500000000,PAXGUSDT,5m,2880.70850049,2881.69436925,2878.73676298,2881.69436925,7.9188
1739794800000000,PAXGUSDT,5m,2881.69436925,2882.68125088,2880.70748761,2880.70748761,1.5116
1739795100000000,PAXGUSDT,5m,2880.70748761,2880.70748761,2879.7212817,2879.7212817,1.3968
1739795400000000,PAXGUSDT,5m,2879.7212817,2880.70748761,2878.73507578,2878.73507578,0.056
1739795700000000,PAXGUSDT,5m,2878.73507578,2879.72094395,2878.73507578,2878.73507578,0.504
1739796000000000,PAXGUSDT,5m,2878.73507578,2881.69268031,2877.7492076,2877.7492076,4.4439
1739796300000000,PAXGUSDT,5m,2877.7492076,2879.71959391,2877.7492076,2878.73440076,4.4202
1739796600000000,PAXGUSDT,5m,2878.73440076,2878.73440076,2877.7492076,2878.73440076,2.2174
1739796900000000,PAXGUSDT,5m,2878.73440076,2879.71959391,2878.73440076,2878.73440076,0.5798
1739797200000000,PAXGUSDT,5m,2878.73440076,2879.71925686,2877.74954465,2877.74954465,10.5783
1739797500000000,PAXGUSDT,5m,2877.74954465,2878.73406382,2876.76502548,2878.73406382,1.3013
1739797800000000,PAXGUSDT,5m,2878.73406382,2879.71925686,2876.76367774,2879.71925686,6.2149
1739798100000000,PAXGUSDT,5m,2879.71925686,2879.71925686,2877.74752166,2878.73338926,2.0248
1739798400000000,PAXGUSDT,5m,2878.73338926,2880.70444944,2876.76232909,2880.70444944,0.6339
1739798700000000,PAXGUSDT,5m,2880.70444944,2880.70444944,2879.71790682,2879.71790682,0.1705
1739799000000000,PAXGUSDT,5m,2879.71790682,2880.70444944,2877.74482158,2880.70444944,6.3958
1739799300000000,PAXGUSDT,5m,2880.70444944,2881.69133003,2879.71756885,2879.71756885,0.492
1739799600000000,PAXGUSDT,5m,2879.71756885,2880.70411135,2878.73102635,2878.73102635,2.4413
1739799900000000,PAXGUSDT,5m,2878.73102635,2879.71689313,2878.73102635,2878.73102635,2.0918
1739800200000000,PAXGUSDT,5m,2878.73102635,2879.71689313,2878.73102635,2878.73102635,3.3946
1739800500000000,PAXGUSDT,5m,2878.73102635,2879.71689313,2877.74515956,2878.73102635,13.3592
1739800800000000,PAXGUSDT,5m,2878.73102635,2879.71689313,2877.74515956,2879.71689313,0.5449
1739801100000000,PAXGUSDT,5m,2879.71689313,2880.70343541,2879.71689313,2879.71689313,1.6079
1739801400000000,PAXGUSDT,5m,2879.71689313,2882.67550638,2878.73068872,2881.68930197,25.9895
1739801700000000,PAXGUSDT,5m,2881.68930197,2882.67584401,2880.70275992,2881.68930197,1.3183
1739802000000000,PAXGUSDT,5m,2881.68930197,2881.68930197,2881.68930197,2881.68930197,0.8251
1739802300000000,PAXGUSDT,5m,2881.68930197,2882.67651995,2880.70208398,2880.70208398,0.3497
1739802600000000,PAXGUSDT,5m,2880.70208398,2880.70208398,2879.7152042,2880.70208398,2.0653
1739802900000000,PAXGUSDT,5m,2880.70208398,2882.67584354,2879.7152042,2880.70208398,3.4526
1739803200000000,PAXGUSDT,5m,2880.70208398,2881.68896376,2880.70208398,2880.70208398,0.7182
1739803500000000,PAXGUSDT,5m,2880.70208398,2880.70208398,2879.71554217,2879.71554217,2.7386
1739803800000000,PAXGUSDT,5m,2879.71554217,2880.70208398,2878.72900036,2878.72900036,0.2478
1739804100000000,PAXGUSDT,5m,2878.72900036,2878.72900036,2877.74313426,2878.72900036,3.5883
1739804400000000,PAXGUSDT,5m,2878.72900036,2886.61863106,2875.77038885,2875.77038885,31.3176
1739804700000000,PAXGUSDT,5m,2875.77038885,2875.77038885,2871.83502054,2872.81886262,5.2402
1739805000000000,PAXGUSDT,5m,2872.81886262,2873.8027047,2870.85117847,2871.83502054,1.9972
1739805300000000,PAXGUSDT,5m,2871.83502054,2871.83502054,2870.85117847,2870.85117847,1.7813
1739805600000000,PAXGUSDT,5m,2870.85117847,2872.81886262,2869.86733639,2870.85117847,3.1059
1739805900000000,PAXGUSDT,5m,2870.85117847,2871.83502054,2867.89965224,2868.88349432,6.6877
1739806200000000,PAXGUSDT,5m,2868.88349432,2869.8676739,2868.88349432,2868.88349432,3.0797
1739806500000000,PAXGUSDT,5m,2868.88349432,2870.85185349,2868.88349432,2869.8676739,1.8317
1739806800000000,PAXGUSDT,5m,2869.8676739,2870.85185349,2869.8676739,2869.8676739,1.3762
1739807100000000,PAXGUSDT,5m,2869.8676739,2870.85185349,2869.8676739,2870.85185349,1.2127
1739807400000000,PAXGUSDT,5m,2870.85185349,2870.85185349,2868.88349432,2868.88349432,1.515
1739807700000000,PAXGUSDT,5m,2868.88349432,2869.8676739,2867.89931473,2867.89931473,0.8612
1739808000000000,PAXGUSDT,5m,2867.89931473,2867.89931473,2866.91581016,2867.89931473,0.6003
1739808300000000,PAXGUSDT,5m,2867.89931473,2867.89931473,2865.9323056,2867.89931473,4.4259
1739808600000000,PAXGUSDT,5m,2867.89931473,2867.89931473,2866.91581016,2867.89931473,6.093
1739808900000000,PAXGUSDT,5m,2867.89931473,2867.89931473,2866.91614733,2867.89931473,0.706
1739809200000000,PAXGUSDT,5m,2867.89931473,2868.8828193,2867.89931473,2867.89931473,1.1671
1739809500000000,PAXGUSDT,5m,2867.89931473,2868.88315669,2866.91547277,2866.91547277,2.0187
1739809800000000,PAXGUSDT,5m,2866.91547277,2867.89897722,2866.91547277,2867.89897722,1.0932
1739810100000000,PAXGUSDT,5m,2867.89897722,2868.88281906,2866.91513537,2867.89897722,1.0704
1739810400000000,PAXGUSDT,5m,2867.89897722,2870.85050275,2866.91513537,2870.85050275,4.256
1739810700000000,PAXGUSDT,5m,2870.85050275,2875.77139837,2866.91378626,2866.91378626,21.8194
1739811000000000,PAXGUSDT,5m,2866.91378626,2868.87675359,2865.93230259,2867.89526993,23.7409
1739811300000000,PAXGUSDT,5m,2867.89526993,2874.76800765,2866.91345025,2868.8770896,56.1401
1739811600000000,PAXGUSDT,5m,2868.8770896,2872.80302472,2866.91412204,2869.85857338,14.5655
1739811900000000,PAXGUSDT,5m,2869.85857338,2870.84005716,2868.8770896,2869.85857338,4.7569
1739812200000000,PAXGUSDT,5m,2869.85857338,2869.85857338,2867.89560582,2867.89560582,3.2464
1739812500000000,PAXGUSDT,5m,2867.89560582,2869.8592454,2866.91378603,2866.91378603,7.0846
1739812800000000,PAXGUSDT,5m,2866.91378603,2866.91378603,2863.97034272,2864.95149049,0.9898
1739813100000000,PAXGUSDT,5m,2864.95149049,2867.89594217,2864.95149049,2866.91445828,0.5362
1739813400000000,PAXGUSDT,5m,2866.91445828,2867.8962783,2865.93263826,2866.91445828,0.2295
1739813700000000,PAXGUSDT,5m,2866.91445828,2868.87809832,2864.95081824,2868.87809832,3.3427
1739814000000000,PAXGUSDT,5m,2868.87809832,2869.86126422,2867.89493242,2869.86126422,0.2186
1739814300000000,PAXGUSDT,5m,2869.86126422,2869.86126422,2867.89493242,2869.86126422,3.6862
1739814600000000,PAXGUSDT,5m,2869.86126422,2870.84476705,2869.86126422,2869.86126422,0.4281
1739814900000000,PAXGUSDT,5m,2869.86126422,2871.82759602,2868.87809832,2868.87809832,2.1618
1739815200000000,PAXGUSDT,5m,2868.87809832,2868.87809832,2867.89594217,2868.87809832,1.5098
1739815500000000,PAXGUSDT,5m,2868.87809832,2868.87809832,2867.89594217,2868.87809832,0.7697
1739815800000000,PAXGUSDT,5m,2868.87809832,2869.86025446,2867.89594217,2869.86025446,1.4152
1739816100000000,PAXGUSDT,5m,2869.86025446,2871.82591217,2869.86025446,2869.86025446,5.5008
1739816400000000,PAXGUSDT,5m,2869.86025446,2871.82591217,2869.86025446,2869.86025446,4.0957
1739816700000000,PAXGUSDT,5m,2869.86025446,2870.84308332,2868.87742561,2868.87742561,1.0177
1739817000000000,PAXGUSDT,5m,2868.87742561,2869.86025446,2863.96328134,2864.94611019,12.4116
1739817300000000,PAXGUSDT,5m,2864.94611019,2864.94611019,2860.03196592,2861.99762363,17.6542
1739817600000000,PAXGUSDT,5m,2861.99762363,2862.98045248,2861.01479478,2862.98045248,2.6916
1739817900000000,PAXGUSDT,5m,2862.98045248,2864.94611019,2861.01479478,2861.01479478,10.1059
1739818200000000,PAXGUSDT,5m,2861.01479478,2862.97775518,2859.05183437,2862.97775518,1.0636
1739818500000000,PAXGUSDT,5m,2862.97775518,2866.9090669,2862.97775518,2866.9090669,2.761
1739818800000000,PAXGUSDT,5m,2866.9090669,2866.9090669,2863.96058311,2864.94341104,3.2043
1739819100000000,PAXGUSDT,5m,2864.94341104,2864.94341104,2863.96092016,2864.94341104,0.592
1739819400000000,PAXGUSDT,5m,2864.94341104,2865.92623897,2864.94341104,2864.94341104,0.3977
1739819700000000,PAXGUSDT,5m,2864.94341104,2865.92590192,2862.97842928,2865.92590192,0.8484
1739820000000000,PAXGUSDT,5m,2865.92590192,2866.90940429,2864.94239955,2864.94239955,0.3372
1739820300000000,PAXGUSDT,5m,2864.94239955,2864.94239955,2863.95957197,2864.94239955,2.329
1739820600000000,PAXGUSDT,5m,2864.94239955,2864.94239955,2863.95957197,2864.94239955,1.6757
1739820900000000,PAXGUSDT,5m,2864.94239955,2865.92522713,2864.94239955,2864.94239955,1.1284
1739821200000000,PAXGUSDT,5m,2864.94239955,2864.94239955,2863.95990902,2864.94239955,1.6027
1739821500000000,PAXGUSDT,5m,2864.94239955,2866.90805472,2864.94239955,2865.92522713,1.1824
1739821800000000,PAXGUSDT,5m,2865.92522713,2866.90805472,2864.94239955,2864.94239955,0.1183
1739822100000000,PAXGUSDT,5m,2864.94239955,2865.92489009,2864.94239955,2864.94239955,0.2342
1739822400000000,PAXGUSDT,5m,2864.94239955,2865.92489009,2864.94239955,2864.94239955,0.8647
1739822700000000,PAXGUSDT,5m,2864.94239955,2865.92489009,2864.94239955,2864.94239955,0.2688
1739823000000000,PAXGUSDT,5m,2864.94239955,2865.92489009,2864.94239955,2864.94239955,0.7776
1739823300000000,PAXGUSDT,5m,2864.94239955,2865.92489009,2864.94239955,2864.94239955,2.5378
1739823600000000,PAXGUSDT,5m,2864.94239955,2865.92489009,2863.95990902,2863.95990902,0.3576
1739823900000000,PAXGUSDT,5m,2863.95990902,2864.94172592,2862.97809211,2864.94172592,0.8186
1739824200000000,PAXGUSDT,5m,2864.94172592,2865.92421623,2864.94172592,2864.94172592,1.2177
1739824500000000,PAXGUSDT,5m,2864.94172592,2867.88919683,2864.94172592,2865.92421623,4.0562
1739824800000000,PAXGUSDT,5m,2865.92421623,2867.88919683,2865.92421623,2867.88919683,2.7937
1739825100000000,PAXGUSDT,5m,2867.88919683,2868.87202384,2867.88919683,2868.87202384,0.6385
1739825400000000,PAXGUSDT,5m,2868.87202384,2869.85518766,2867.88886002,2869.85518766,4.4861
1739825700000000,PAXGUSDT,5m,2869.85518766,2870.83902557,2869.85518766,2869.85518766,0.4832
1739826000000000,PAXGUSDT,5m,2869.85518766,2870.83902557,2868.87134974,2868.87134974,0.0868
1739826300000000,PAXGUSDT,5m,2868.87134974,2869.85451333,2866.90502257,2869.85451333,4.4915
1739826600000000,PAXGUSDT,5m,2869.85451333,2870.83835101,2867.88683797,2870.83835101,0.727
1739826900000000,PAXGUSDT,5m,2870.83835101,2871.82320122,2869.85350081,2871.82320122,2.83
1739827200000000,PAXGUSDT,5m,2871.82320122,2871.82320122,2869.8528251,2870.83801316,5.2511
1739827500000000,PAXGUSDT,5m,2870.83801316,2871.82320122,2866.89726091,2867.88244897,21.697
1739827800000000,PAXGUSDT,5m,2867.88244897,2869.85214845,2866.89759923,2867.88244897,8.9167
1739828100000000,PAXGUSDT,5m,2867.88244897,2871.82184794,2865.91274949,2865.91274949,7.9228
1739828400000000,PAXGUSDT,5m,2865.91274949,2867.8797452,2865.91274949,2865.91274949,3.6664
1739828700000000,PAXGUSDT,5m,2865.91274949,2865.91274949,2864.92925163,2865.91274949,3.6043
1739829000000000,PAXGUSDT,5m,2865.91274949,2867.88042044,2864.92891401,2864.92891401,2.8004
1739829300000000,PAXGUSDT,5m,2864.92891401,2864.92891401,2860.01311285,2862.96259355,19.0451
1739829600000000,PAXGUSDT,5m,2862.96259355,2862.96259355,2860.01412537,2861.97977082,9.8531
1739829900000000,PAXGUSDT,5m,2861.97977082,2862.96259355,2860.9969481,2861.97977082,1.7874
1739830200000000,PAXGUSDT,5m,2861.97977082,2862.96259355,2860.9969481,2860.9969481,1.2254
1739830500000000,PAXGUSDT,5m,2860.9969481,2862.96259355,2859.03130265,2860.9969481,1.2736
1739830800000000,PAXGUSDT,5m,2860.9969481,2863.9474434,2860.01344966,2860.01344966,3.1111
1739831100000000,PAXGUSDT,5m,2860.01344966,2861.97909465,2860.01344966,2860.01344966,0.8691
1739831400000000,PAXGUSDT,5m,2860.01344966,2860.99627215,2860.01344966,2860.01344966,2.8679
1739831700000000,PAXGUSDT,5m,2860.01344966,2860.99627215,2860.01344966,2860.01344966,0.9665
1739832000000000,PAXGUSDT,5m,2860.01344966,2860.99627215,2860.01344966,2860.01344966,1.8744
1739832300000000,PAXGUSDT,5m,2860.01344966,2862.96191714,2859.03062717,2859.03062717,4.0129
1739832600000000,PAXGUSDT,5m,2859.03062717,2859.03062717,2857.06633268,2857.06633268,7.492
1739832900000000,PAXGUSDT,5m,2857.06633268,2858.04780514,2855.10338776,2856.08486022,4.8481
1739833200000000,PAXGUSDT,5m,2856.08486022,2857.06599552,2855.10372492,2856.08486022,1.3112
1739833500000000,PAXGUSDT,5m,2856.08486022,2857.06599552,2855.10372492,2855.10372492,3.94
1739833800000000,PAXGUSDT,5m,2855.10372492,2857.06464781,2853.14280203,2857.06464781,1.8812
1739834100000000,PAXGUSDT,5m,2857.06464781,2859.02826613,2857.06464781,2857.06464781,0.7499
1739834400000000,PAXGUSDT,5m,2857.06464781,2859.02826613,2856.08283865,2856.08283865,2.2126
1739834700000000,PAXGUSDT,5m,2856.08283865,2860.00602937,2854.1212433,2854.1212433,9.6349
1739835000000000,PAXGUSDT,5m,2854.1212433,2855.10069465,2853.14179194,2853.14179194,0.5856
1739835300000000,PAXGUSDT,5m,2853.14179194,2854.12057129,2852.1630126,2854.12057129,0.2881
1739835600000000,PAXGUSDT,5m,2854.12057129,2855.10002241,2854.12057129,2854.12057129,1.1009
1739835900000000,PAXGUSDT,5m,2854.12057129,2855.10002241,2853.14112017,2855.10002241,1.1386
1739836200000000,PAXGUSDT,5m,2855.10002241,2856.080146,2855.10002241,2856.080146,0.2723
1739836500000000,PAXGUSDT,5m,2856.080146,2857.0602696,2855.10002241,2857.0602696,1.598
1739836800000000,PAXGUSDT,5m,2857.0602696,2859.02118948,2857.0602696,2857.0602696,3.7588
1739837100000000,PAXGUSDT,5m,2857.0602696,2857.0602696,2855.10069465,2857.0602696,1.1416
1739837400000000,PAXGUSDT,5m,2857.0602696,2857.0602696,2854.12090718,2855.10069465,0.4226
1739837700000000,PAXGUSDT,5m,2855.10069465,2856.08081847,2855.10069465,2855.10069465,0.0694
1739838000000000,PAXGUSDT,5m,2855.10069465,2855.10069465,2853.14111971,2853.14111971,2.4504
1739838300000000,PAXGUSDT,5m,2853.14111971,2853.14111971,2849.22465969,2849.22465969,5.2008
1739838600000000,PAXGUSDT,5m,2849.22465969,2850.20343835,2848.24588104,2849.22465969,1.4375
1739838900000000,PAXGUSDT,5m,2849.22465969,2851.18154476,2849.22465969,2849.22465969,1.0851
1739839200000000,PAXGUSDT,5m,2849.22465969,2850.20310223,2849.22465969,2849.22465969,1.0791
1739839500000000,PAXGUSDT,5m,2849.22465969,2849.22465969,2848.24655305,2849.22465969,0.0661
1739839800000000,PAXGUSDT,5m,2849.22465969,2851.18087298,2847.2684464,2851.18087298,1.0704
1739840100000000,PAXGUSDT,5m,2851.18087298,2851.18087298,2850.20175867,2851.18087298,0.0591
1739840400000000,PAXGUSDT,5m,2851.18087298,2852.16032364,2851.18087298,2852.16032364,0.0644
1739840700000000,PAXGUSDT,5m,2852.16032364,2853.14011077,2852.16032364,2852.16032364,0.1489
1739841000000000,PAXGUSDT,5m,2852.16032364,2852.16032364,2851.18087298,2852.16032364,0.6106
1739841300000000,PAXGUSDT,5m,2852.16032364,2854.1198979,2850.20074939,2850.20074939,1.1641
1739841600000000,PAXGUSDT,5m,2850.20074939,2851.17952712,2850.20074939,2850.20074939,0.2807
1739841900000000,PAXGUSDT,5m,2850.20074939,2851.17952712,2850.20074939,2850.20074939,0.2625
1739842200000000,PAXGUSDT,5m,2850.20074939,2851.17919112,2848.24386594,2851.17919112,0.746
1739842500000000,PAXGUSDT,5m,2851.17919112,2852.15830485,2850.20007739,2852.15830485,0.4351
1739842800000000,PAXGUSDT,5m,2852.15830485,2853.13775482,2851.17885489,2852.15830485,0.1099
1739843100000000,PAXGUSDT,5m,2852.15830485,2853.13775482,2852.15830485,2852.15830485,0.1688
1739843400000000,PAXGUSDT,5m,2852.15830485,2853.13741859,2852.15830485,2852.15830485,1.5555
1739843700000000,PAXGUSDT,5m,2852.15830485,2853.13741859,2852.15830485,2852.15830485,0.0773
1739844000000000,PAXGUSDT,5m,2852.15830485,2852.15830485,2849.22197166,2850.20074939,2.7812
1739844300000000,PAXGUSDT,5m,2850.20074939,2851.17986336,2850.20074939,2850.20074939,0.2913
1739844600000000,PAXGUSDT,5m,2850.20074939,2851.17952712,2848.24319393,2850.20074939,5.0025
1739844900000000,PAXGUSDT,5m,2850.20074939,2850.20074939,2849.22197166,2850.20074939,0.0406
1739845200000000,PAXGUSDT,5m,2850.20074939,2850.20074939,2849.22197166,2850.20074939,0.3287
1739845500000000,PAXGUSDT,5m,2850.20074939,2851.17952712,2849.22197166,2851.17952712,0.1192
1739845800000000,PAXGUSDT,5m,2851.17952712,2852.15864097,2850.20041327,2852.15864097,0.0925
1739846100000000,PAXGUSDT,5m,2852.15864097,2855.09800061,2852.15864097,2854.11821407,2.5845
1739846400000000,PAXGUSDT,5m,2854.11821407,2856.07711469,2854.11821407,2854.11821407,3.564
1739846700000000,PAXGUSDT,5m,2854.11821407,2856.07711469,2854.11821407,2854.11821407,0.1404
1739847000000000,PAXGUSDT,5m,2854.11821407,2855.09766438,2854.11821407,2854.11821407,0.4648
1739847300000000,PAXGUSDT,5m,2854.11821407,2855.09766438,2853.13876375,2853.13876375,1.0089
1739847600000000,PAXGUSDT,5m,2853.13876375,2855.09632037,2851.18120714,2855.09632037,5.4094
1739847900000000,PAXGUSDT,5m,2855.09632037,2857.05387698,2855.09632037,2856.07509867,1.6429
1739848200000000,PAXGUSDT,5m,2856.07509867,2858.03332637,2856.07509867,2856.07509867,7.253
1739848500000000,PAXGUSDT,5m,2856.07509867,2857.05354167,2855.09665568,2857.05354167,2.3808
1739848800000000,PAXGUSDT,5m,2857.05354167,2859.98987624,2856.07476348,2856.07476348,4.0626
1739849100000000,PAXGUSDT,5m,2856.07476348,2857.05253642,2855.09699053,2855.09699053,2.8328
1739849400000000,PAXGUSDT,5m,2855.09699053,2857.05119792,2853.14278315,2857.05119792,0.4456
1739849700000000,PAXGUSDT,5m,2857.05119792,2859.0080823,2857.05119792,2858.02964011,1.382
1739850000000000,PAXGUSDT,5m,2858.02964011,2859.00774745,2857.05153277,2858.02964011,1.2364
1739850300000000,PAXGUSDT,5m,2858.02964011,2859.0080823,2857.05119792,2857.05119792,4.2396
1739850600000000,PAXGUSDT,5m,2857.05119792,2858.02863589,2856.07375994,2858.02863589,9.8822
1739850900000000,PAXGUSDT,5m,2858.02863589,2860.96094981,2855.09632197,2860.96094981,0.1622
1739851200000000,PAXGUSDT,5m,2860.96094981,2861.94006034,2859.98183929,2861.94006034,0.1704
1739851500000000,PAXGUSDT,5m,2861.94006034,2862.91917086,2861.94006034,2862.91917086,0.3985
1739851800000000,PAXGUSDT,5m,2862.91917086,2863.89861635,2862.91917086,2863.89861635,0.9898
1739852100000000,PAXGUSDT,5m,2863.89861635,2868.79584381,2859.0013889,2868.79584381,6.2994
1739852400000000,PAXGUSDT,5m,2868.79584381,2870.76144562,2868.79584381,2870.76144562,1.6964
1739852700000000,PAXGUSDT,5m,2870.76144562,2872.7283942,2869.77797133,2870.76144562,6.145
1739853000000000,PAXGUSDT,5m,2870.76144562,2873.71085806,2867.81203318,2873.71085806,3.6666
1739853300000000,PAXGUSDT,5m,2873.71085806,2873.71085806,2871.74188865,2873.71085806,5.9305
1739853600000000,PAXGUSDT,5m,2873.71085806,2874.69534277,2873.71085806,2874.69534277,0.0915
1739853900000000,PAXGUSDT,5m,2874.69534277,2888.47812866,2873.71085806,2879.6177663,48.502
1739854200000000,PAXGUSDT,5m,2879.6177663,2880.60225101,2876.66431218,2880.60225101,3.0112
1739854500000000,PAXGUSDT,5m,2880.60225101,2881.58774613,2880.60225101,2880.60225101,0.1206
1739854800000000,PAXGUSDT,5m,2880.60225101,2882.57256719,2878.63193483,2878.63193483,1.795
1739855100000000,PAXGUSDT,5m,2878.63193483,2880.59955748,2878.63193483,2878.63193483,1.0961
1739855400000000,PAXGUSDT,5m,2878.63193483,2880.59888525,2876.66498442,2876.66498442,0.3273
1739855700000000,PAXGUSDT,5m,2876.66498442,2877.64745197,2875.68251687,2875.68251687,5.8295
1739856000000000,PAXGUSDT,5m,2875.68251687,2876.66498442,2873.71758177,2876.66498442,2.955
1739856300000000,PAXGUSDT,5m,2876.66498442,2878.6312626,2876.66498442,2878.6312626,1.1463
1739856600000000,PAXGUSDT,5m,2878.6312626,2879.61440169,2876.66498442,2879.61440169,4.6151
1739856900000000,PAXGUSDT,5m,2879.61440169,2881.58067988,2877.64812351,2881.58067988,2.3691
1739857200000000,PAXGUSDT,5m,2881.58067988,2882.56449028,2879.61305907,2882.56449028,0.1646
1739857500000000,PAXGUSDT,5m,2882.56449028,2883.54897269,2880.59552547,2882.56449028,4.608
1739857800000000,PAXGUSDT,5m,2882.56449028,2884.53278287,2880.5961977,2884.53278287,0.1447
1739858100000000,PAXGUSDT,5m,2884.53278287,2899.30505728,2881.57832799,2881.57832799,49.3944
1739858400000000,PAXGUSDT,5m,2881.57832799,2881.57832799,2874.69870715,2874.69870715,12.937
1739858700000000,PAXGUSDT,5m,2874.69870715,2875.68151013,2872.7331012,2875.68151013,9.5005
1739859000000000,PAXGUSDT,5m,2875.68151013,2875.68151013,2874.69870715,2875.68151013,1.5544
1739859300000000,PAXGUSDT,5m,2875.68151013,2876.6643131,2874.69870715,2876.6643131,1.1964
1739859600000000,PAXGUSDT,5m,2876.6643131,2878.63126306,2875.68083812,2877.64778808,0.4819
1739859900000000,PAXGUSDT,5m,2877.64778808,2879.61473804,2875.68083812,2879.61473804,4.0852
1739860200000000,PAXGUSDT,5m,2879.61473804,2880.59854902,2876.6633051,2877.64711608,3.4832
1739860500000000,PAXGUSDT,5m,2877.64711608,2878.63025483,2877.64711608,2878.63025483,1.7135
1739860800000000,PAXGUSDT,5m,2878.63025483,2879.61339358,2875.68083858,2879.61339358,5.3891
1739861100000000,PAXGUSDT,5m,2879.61339358,2882.56482514,2876.66196201,2882.56482514,0.9315
1739861400000000,PAXGUSDT,5m,2882.56482514,2883.54998058,2881.5796697,2882.56482514,1.1925
1739861700000000,PAXGUSDT,5m,2882.56482514,2883.54998058,2881.5796697,2883.54998058,0.6358
1739862000000000,PAXGUSDT,5m,2883.54998058,2883.54998058,2880.59552363,2882.5651616,2.1073
1739862300000000,PAXGUSDT,5m,2882.5651616,2883.55031716,2881.58000604,2881.58000604,0.8686
1739862600000000,PAXGUSDT,5m,2881.58000604,2881.58000604,2879.61104123,2881.58000604,2.4398
1739862900000000,PAXGUSDT,5m,2881.58000604,2883.54897086,2879.61104123,2883.54897086,1.7678
1739863200000000,PAXGUSDT,5m,2883.54897086,2886.50544622,2883.54897086,2886.50544622,1.6193
1739863500000000,PAXGUSDT,5m,2886.50544622,2890.44741337,2885.51995443,2889.46192158,13.3611
1739863800000000,PAXGUSDT,5m,2889.46192158,2891.43290516,2887.49093801,2891.43290516,1.8593
1739864100000000,PAXGUSDT,5m,2891.43290516,2893.40590612,2889.4599042,2893.40590612,2.1263
1739864400000000,PAXGUSDT,5m,2893.40590612,2894.39341666,2892.41839557,2892.41839557,3.0269
1739864700000000,PAXGUSDT,5m,2892.41839557,2893.40523228,2890.44472215,2890.44472215,7.3874
1739865000000000,PAXGUSDT,5m,2890.44472215,2892.41839557,2889.45788544,2892.41839557,3.7541
1739865300000000,PAXGUSDT,5m,2892.41839557,2892.41839557,2890.44472215,2892.41839557,0.5921
1739865600000000,PAXGUSDT,5m,2892.41839557,2892.41839557,2887.48421202,2890.44472215,5.9869
1739865900000000,PAXGUSDT,5m,2890.44472215,2892.41974417,2887.48218912,2892.41974417,1.9134
1739866200000000,PAXGUSDT,5m,2892.41974417,2894.39746707,2892.41974417,2892.41974417,2.1411
1739866500000000,PAXGUSDT,5m,2892.41974417,2895.38430147,2886.49062956,2895.38430147,23.2335
1739866800000000,PAXGUSDT,5m,2895.38430147,2895.38430147,2894.39408796,2894.39408796,0.2886
1739867100000000,PAXGUSDT,5m,2894.39408796,2894.39408796,2893.4042131,2894.39408796,0.1169
1739867400000000,PAXGUSDT,5m,2894.39408796,2895.38430147,2893.40387445,2893.40387445,1.3873
1739867700000000,PAXGUSDT,5m,2893.40387445,2894.3937492,2892.41399971,2894.3937492,1.6633
1739868000000000,PAXGUSDT,5m,2894.3937492,2897.36438938,2893.4035358,2893.4035358,4.5867
1739868300000000,PAXGUSDT,5m,2893.4035358,2895.38125524,2889.44809693,2895.38125524,1.1272
1739868600000000,PAXGUSDT,5m,2895.38125524,2897.3630357,2894.39036501,2894.39036501,3.3851
1739868900000000,PAXGUSDT,5m,2894.39036501,2895.37990017,2892.41129467,2895.37990017,1.2085
1739869200000000,PAXGUSDT,5m,2895.37990017,2898.34850568,2892.41129467,2898.34850568,1.5684
1739869500000000,PAXGUSDT,5m,2898.34850568,2899.33939406,2896.36672892,2899.33939406,0.7069
1739869800000000,PAXGUSDT,5m,2899.33939406,2900.33028243,2897.3576173,2900.33028243,3.5212
1739870100000000,PAXGUSDT,5m,2900.33028243,2901.32150946,2899.33905541,2901.32150946,1.021
1739870400000000,PAXGUSDT,5m,2901.32150946,2901.32150946,2899.33905541,2900.33028243,3.0073
1739870700000000,PAXGUSDT,5m,2900.33028243,2904.29519054,2896.36537432,2896.36537432,6.9666
1739871000000000,PAXGUSDT,5m,2896.36537432,2898.34376597,2895.3761785,2895.3761785,4.9649
1739871300000000,PAXGUSDT,5m,2895.3761785,2897.35389447,2894.38732051,2894.38732051,1.2752
1739871600000000,PAXGUSDT,5m,2894.38732051,2895.37550328,2893.39913775,2893.39913775,1.2724
1739871900000000,PAXGUSDT,5m,2893.39913775,2894.38732051,2893.39913775,2893.39913775,1.3059
1739872200000000,PAXGUSDT,5m,2893.39913775,2894.38732051,2886.48185839,2894.38732051,39.4736
1739872500000000,PAXGUSDT,5m,2894.38732051,2895.3761785,2891.42074656,2895.3761785,4.7524
1739872800000000,PAXGUSDT,5m,2895.3761785,2896.36571239,2893.39711071,2895.3761785,1.2397
1739873100000000,PAXGUSDT,5m,2895.3761785,2898.34681069,2895.3761785,2896.36638923,1.3205
1739873400000000,PAXGUSDT,5m,2896.36638923,2897.35659996,2893.39575704,2895.3761785,2.251
1739873700000000,PAXGUSDT,5m,2895.3761785,2897.35659996,2895.3761785,2895.3761785,2.769
1739874000000000,PAXGUSDT,5m,2895.3761785,2897.35659996,2895.3761785,2895.3761785,1.2616
1739874300000000,PAXGUSDT,5m,2895.3761785,2897.35659996,2895.3761785,2895.3761785,2.4614
1739874600000000,PAXGUSDT,5m,2895.3761785,2902.30765362,2895.3761785,2901.31744289,11.2082
1739874900000000,PAXGUSDT,5m,2901.31744289,2905.27828581,2899.33702142,2901.31744289,15.5079
1739875200000000,PAXGUSDT,5m,2901.31744289,2903.29786435,2898.34681069,2903.29786435,2.4393
1739875500000000,PAXGUSDT,5m,2903.29786435,2907.26547332,2902.30596211,2904.28976659,5.97
1739875800000000,PAXGUSDT,5m,2904.28976659,2906.27357108,2903.29786435,2903.29786435,0.2574
1739876100000000,PAXGUSDT,5m,2903.29786435,2905.28031424,2902.3066394,2902.3066394,3.5294
1739876400000000,PAXGUSDT,5m,2902.3066394,2903.29684979,2901.31642902,2902.3066394,3.3456
1739876700000000,PAXGUSDT,5m,2902.3066394,2903.29684979,2901.31642902,2902.3066394,1.798
1739877000000000,PAXGUSDT,5m,2902.3066394,2903.29718775,2902.3066394,2902.3066394,0.3954
1739877300000000,PAXGUSDT,5m,2902.3066394,2903.29718775,2901.31609106,2901.31609106,1.7765
1739877600000000,PAXGUSDT,5m,2901.31609106,2902.30596349,2900.32621863,2900.32621863,0.3948
1739877900000000,PAXGUSDT,5m,2900.32621863,2902.30461305,2898.34782421,2902.30461305,0.2499
1739878200000000,PAXGUSDT,5m,2902.30461305,2903.29448502,2900.32486912,2902.30461305,13.4814
1739878500000000,PAXGUSDT,5m,2902.30461305,2904.28435699,2901.31474108,2901.31474108,14.0566
1739878800000000,PAXGUSDT,5m,2901.31474108,2902.30393806,2897.35795317,2902.30393806,5.9292
1739879100000000,PAXGUSDT,5m,2902.30393806,2905.27558032,2902.30393806,2905.27558032,0.6884
1739879400000000,PAXGUSDT,5m,2905.27558032,2907.25735084,2904.28469506,2905.27558032,10.9128
1739879700000000,PAXGUSDT,5m,2905.27558032,2906.26646558,2902.30292454,2906.26646558,6.8387
1739880000000000,PAXGUSDT,5m,2906.26646558,2910.23541944,2902.29751172,2902.29751172,2.5072
1739880300000000,PAXGUSDT,5m,2902.29751172,2904.27657582,2898.33938351,2904.27657582,4.1369
1739880600000000,PAXGUSDT,5m,2904.27657582,2906.25901717,2904.27657582,2904.27657582,0.3093
1739880900000000,PAXGUSDT,5m,2904.27657582,2906.25901717,2904.27657582,2906.25901717,1.4824
1739881200000000,PAXGUSDT,5m,2906.25901717,2907.25023785,2905.2677965,2907.25023785,0.1606
1739881500000000,PAXGUSDT,5m,2907.25023785,2907.25023785,2905.26712036,2907.25023785,1.6867
1739881800000000,PAXGUSDT,5m,2907.25023785,2909.234709,2907.25023785,2907.25023785,0.6307
1739882100000000,PAXGUSDT,5m,2907.25023785,2910.22694458,2907.25023785,2908.24247342,3.6309
1739882400000000,PAXGUSDT,5m,2908.24247342,2910.22694458,2906.25800227,2908.24247342,3.0326
1739882700000000,PAXGUSDT,5m,2908.24247342,2910.22694458,2906.25800227,2907.25023785,3.9584
1739883000000000,PAXGUSDT,5m,2907.25023785,2908.24179659,2904.27556162,2907.25023785,8.6344
1739883300000000,PAXGUSDT,5m,2907.25023785,2908.24213489,2906.2583408,2908.24213489,0.5167
1739883600000000,PAXGUSDT,5m,2908.24213489,2909.23403194,2907.25023785,2907.25023785,1.4837
1739883900000000,PAXGUSDT,5m,2907.25023785,2907.25023785,2904.27657582,2907.25023785,4.2091
1739884200000000,PAXGUSDT,5m,2907.25023785,2908.24179659,2905.26712036,2908.24179659,1.3196
1739884500000000,PAXGUSDT,5m,2908.24179659,2910.22559045,2906.25800273,2910.22559045,2.5668
1739884800000000,PAXGUSDT,5m,2910.22559045,2912.21209256,2910.22559045,2910.22559045,2.0251
1739885100000000,PAXGUSDT,5m,2910.22559045,2912.21209256,2910.22559045,2912.21209256,2.5103
1739885400000000,PAXGUSDT,5m,2912.21209256,2919.16722209,2912.21209256,2916.18645229,20.4035
1739885700000000,PAXGUSDT,5m,2916.18645229,2916.18645229,2914.19994926,2915.19320077,2.0359
1739886000000000,PAXGUSDT,5m,2915.19320077,2925.12571594,2910.22694319,2910.22694319,41.1261
1739886300000000,PAXGUSDT,5m,2910.22694319,2911.21715311,2907.25631344,2909.23673328,8.2015
1739886600000000,PAXGUSDT,5m,2909.23673328,2909.23673328,2907.25631344,2908.24652336,5.2867
1739886900000000,PAXGUSDT,5m,2908.24652336,2908.24652336,2906.2667776,2908.24652336,0.8988
1739887200000000,PAXGUSDT,5m,2908.24652336,2908.24652336,2906.2667776,2906.2667776,0.616
1739887500000000,PAXGUSDT,5m,2906.2667776,2907.25631344,2906.2667776,2907.25631344,0.558
1739887800000000,PAXGUSDT,5m,2907.25631344,2908.24618621,2907.25631344,2907.25631344,0.9177
1739888100000000,PAXGUSDT,5m,2907.25631344,2908.24618621,2907.25631344,2907.25631344,1.3365
1739888400000000,PAXGUSDT,5m,2907.25631344,2908.24618621,2907.25631344,2907.25631344,2.2349
1739888700000000,PAXGUSDT,5m,2907.25631344,2908.24618621,2906.26644068,2907.25631344,0.5691
1739889000000000,PAXGUSDT,5m,2907.25631344,2909.23538513,2905.27724175,2909.23538513,4.7169
1739889300000000,PAXGUSDT,5m,2909.23538513,2912.20803709,2906.26273317,2906.26273317,6.5192
1739889600000000,PAXGUSDT,5m,2906.26273317,2908.24180211,2906.26273317,2906.26273317,1.7124
1739889900000000,PAXGUSDT,5m,2906.26273317,2906.26273317,2904.28433785,2906.26273317,9.6681
1739890200000000,PAXGUSDT,5m,2906.26273317,2907.25193084,2904.28433785,2905.27353551,26.6455
1739890500000000,PAXGUSDT,5m,2905.27353551,2907.25125746,2903.29581357,2903.29581357,20.5717
1739890800000000,PAXGUSDT,5m,2903.29581357,2905.27151674,2901.32011039,2902.30796198,13.8687
1739891100000000,PAXGUSDT,5m,2902.30796198,2904.28366515,2901.32011039,2902.30796198,2.5383
1739891400000000,PAXGUSDT,5m,2902.30796198,2904.28366515,2902.30796198,2904.28366515,9.3014
1739891700000000,PAXGUSDT,5m,2904.28366515,2906.25936833,2902.30796198,2906.25936833,3.1822
1739892000000000,PAXGUSDT,5m,2906.25936833,2910.2161544,2902.30258226,2902.30258226,7.559
1739892300000000,PAXGUSDT,5m,2902.30258226,2902.30258226,2900.32956895,2900.32956895,3.7666
1739892600000000,PAXGUSDT,5m,2900.32956895,2901.31574017,2898.3572265,2899.34339772,6.2149
1739892900000000,PAXGUSDT,5m,2899.34339772,2901.31574017,2899.34339772,2901.31574017,14.8978
1739893200000000,PAXGUSDT,5m,2901.31574017,2902.30224671,2901.31574017,2901.31574017,1.05
1739893500000000,PAXGUSDT,5m,2901.31574017,2903.28808262,2899.34339772,2903.28808262,0.6814
1739893800000000,PAXGUSDT,5m,2903.28808262,2905.26310852,2901.31305671,2901.31305671,4.6528
1739894100000000,PAXGUSDT,5m,2901.31305671,2902.29956234,2900.32655108,2900.32655108,1.8917
1739894400000000,PAXGUSDT,5m,2900.32655108,2902.29822107,2898.35488109,2900.32655108,16.0177
1739894700000000,PAXGUSDT,5m,2900.32655108,2902.29822107,2898.35488109,2901.31238607,3.775
1739895000000000,PAXGUSDT,5m,2901.31238607,2903.28472624,2899.34004591,2903.28472624,3.0661
1739895300000000,PAXGUSDT,5m,2903.28472624,2904.27223805,2903.28472624,2903.28472624,4.255
1739895600000000,PAXGUSDT,5m,2903.28472624,2903.28472624,2902.2975502,2903.28472624,1.5156
1739895900000000,PAXGUSDT,5m,2903.28472624,2904.27223805,2902.29721443,2904.27223805,2.8247
1739896200000000,PAXGUSDT,5m,2904.27223805,2906.24726168,2901.30970262,2906.24726168,5.505
1739896500000000,PAXGUSDT,5m,2906.24726168,2907.23578115,2904.27022272,2905.2587422,32.3942
1739896800000000,PAXGUSDT,5m,2905.2587422,2909.21282011,2905.2587422,2909.21282011,20.321
1739897100000000,PAXGUSDT,5m,2909.21282011,2911.18985906,2907.23578115,2907.23578115,60.3006
1739897400000000,PAXGUSDT,5m,2907.23578115,2907.23578115,2904.27425065,2905.26142748,3.1204
1739897700000000,PAXGUSDT,5m,2905.26142748,2907.23645225,2904.2739151,2904.2739151,2.9438
1739898000000000,PAXGUSDT,5m,2904.2739151,2910.19496284,2903.28707381,2906.24759768,18.6022
1739898300000000,PAXGUSDT,5m,2906.24759768,2907.23410399,2904.27458505,2907.23410399,2.0557
1739898600000000,PAXGUSDT,5m,2907.23410399,2910.19462752,2896.37885106,2910.19462752,29.0295
1739898900000000,PAXGUSDT,5m,2910.19462752,2911.18381672,2909.20543832,2909.20543832,3.3576
1739899200000000,PAXGUSDT,5m,2909.20543832,2911.18247226,2908.21692135,2911.18247226,4.9201
1739899500000000,PAXGUSDT,5m,2911.18247226,2913.16084974,2909.20409477,2913.16084974,12.567
1739899800000000,PAXGUSDT,5m,2913.16084974,2914.15104718,2911.18045488,2913.16084974,7.562
1739900100000000,PAXGUSDT,5m,2913.16084974,2914.15104718,2912.17065231,2912.17065231,18.7359
1739900400000000,PAXGUSDT,5m,2912.17065231,2912.17065231,2911.18112779,2911.18112779,0.8467
1739900700000000,PAXGUSDT,5m,2911.18112779,2912.17065231,2909.20207876,2911.18112779,9.8251
1739901000000000,PAXGUSDT,5m,2911.18112779,2911.18112779,2910.19160328,2911.18112779,1.2291
1739901300000000,PAXGUSDT,5m,2911.18112779,2912.17098877,2910.19126682,2912.17098877,2.704
1739901600000000,PAXGUSDT,5m,2912.17098877,2912.17098877,2910.19126682,2912.17098877,8.2368
1739901900000000,PAXGUSDT,5m,2912.17098877,2912.17098877,2911.18112779,2912.17098877,2.3417
1739902200000000,PAXGUSDT,5m,2912.17098877,2914.15071072,2911.18112779,2914.15071072,12.6401
1739902500000000,PAXGUSDT,5m,2914.15071072,2916.1317785,2913.16017683,2915.14124461,1.6656
1739902800000000,PAXGUSDT,5m,2915.14124461,2918.11284629,2912.16964293,2918.11284629,4.6965
1739903100000000,PAXGUSDT,5m,2918.11284629,2919.10472693,2916.129085,2917.12096565,9.9454
1739903400000000,PAXGUSDT,5m,2917.12096565,2918.11284629,2915.13720436,2917.12096565,3.8558
1739903700000000,PAXGUSDT,5m,2917.12096565,2917.12096565,2916.129085,2917.12096565,3.2977
1739904000000000,PAXGUSDT,5m,2917.12096565,2917.12096565,2915.13720436,2917.12096565,7.9615
1739904300000000,PAXGUSDT,5m,2917.12096565,2919.10540168,2915.13652961,2915.13652961,24.632
1739904600000000,PAXGUSDT,5m,2915.13652961,2916.12739859,2914.14566064,2916.12739859,3.6941
1739904900000000,PAXGUSDT,5m,2916.12739859,2916.12739859,2915.13652961,2916.12739859,3.7416
1739905200000000,PAXGUSDT,5m,2916.12739859,2916.12739859,2912.16392268,2915.13652961,14.1226
1739905500000000,PAXGUSDT,5m,2915.13652961,2915.13652961,2912.16392268,2913.15479166,11.7249
1739905800000000,PAXGUSDT,5m,2913.15479166,2915.13652961,2912.16392268,2914.14566064,3.4949
1739906100000000,PAXGUSDT,5m,2914.14566064,2916.12807265,2914.14566064,2914.14566064,0.8427
1739906400000000,PAXGUSDT,5m,2914.14566064,2916.12807265,2914.14566064,2915.13686664,3.6298
1739906700000000,PAXGUSDT,5m,2915.13686664,2916.12807265,2914.14566064,2916.12807265,2.4149
1739907000000000,PAXGUSDT,5m,2916.12807265,2917.11927866,2914.14566064,2917.11927866,0.9401
1739907300000000,PAXGUSDT,5m,2917.11927866,2918.1114961,2915.13484378,2917.11927866,7.9361
1739907600000000,PAXGUSDT,5m,2917.11927866,2918.11115873,2915.13551852,2918.11115873,11.3384
1739907900000000,PAXGUSDT,5m,2918.11115873,2921.08882317,2916.12604909,2916.12604909,3.2395
1739908200000000,PAXGUSDT,5m,2916.12604909,2918.10913379,2915.13450675,2915.13450675,0.6801
1739908500000000,PAXGUSDT,5m,2915.13450675,2916.12537503,2914.14363846,2916.12537503,4.0322
1739908800000000,PAXGUSDT,5m,2916.12537503,2916.12537503,2914.14296485,2916.12537503,3.903
1739909100000000,PAXGUSDT,5m,2916.12537503,2916.12537503,2915.13416994,2916.12537503,0.7432
1739909400000000,PAXGUSDT,5m,2916.12537503,2917.11691715,2916.12537503,2916.12537503,0.7114
1739909700000000,PAXGUSDT,5m,2916.12537503,2917.11658012,2915.13416994,2917.11658012,1.3593
1739910000000000,PAXGUSDT,5m,2917.11658012,2918.10812213,2916.12503812,2917.11658012,0.5521
1739910300000000,PAXGUSDT,5m,2917.11658012,2918.10845927,2916.12470097,2917.11658012,0.8069
1739910600000000,PAXGUSDT,5m,2917.11658012,2918.10845927,2916.12470097,2916.12470097,1.2205
1739910900000000,PAXGUSDT,5m,2916.12470097,2916.12470097,2912.15988153,2912.15988153,8.2953
1739911200000000,PAXGUSDT,5m,2912.15988153,2913.1504121,2909.18828981,2911.16935096,9.3201
1739911500000000,PAXGUSDT,5m,2911.16935096,2912.15920793,2909.18963702,2912.15920793,0.6629
1739911800000000,PAXGUSDT,5m,2912.15920793,2913.14973827,2911.16867759,2912.15920793,1.5988
1739912100000000,PAXGUSDT,5m,2912.15920793,2913.14973827,2912.15920793,2912.15920793,1.2638
1739912400000000,PAXGUSDT,5m,2912.15920793,2913.14973827,2912.15920793,2912.15920793,1.322
1739912700000000,PAXGUSDT,5m,2912.15920793,2915.13079896,2912.15920793,2914.14026862,8.1498
1739913000000000,PAXGUSDT,5m,2914.14026862,2915.13079896,2914.14026862,2914.14026862,1.8787
1739913300000000,PAXGUSDT,5m,2914.14026862,2914.14026862,2913.15007484,2913.15007484,1.1393
1739913600000000,PAXGUSDT,5m,2913.15007484,2915.12978947,2911.17036022,2911.17036022,3.6277
1739913900000000,PAXGUSDT,5m,2911.17036022,2913.14872947,2909.19199096,2909.19199096,0.445
1739914200000000,PAXGUSDT,5m,2909.19199096,2910.18016759,2908.20381433,2910.18016759,2.1603
1739914500000000,PAXGUSDT,5m,2910.18016759,2913.1467121,2910.18016759,2911.16901576,2.5079
1739914800000000,PAXGUSDT,5m,2911.16901576,2911.16901576,2909.19266205,2909.19266205,1.5301
1739915100000000,PAXGUSDT,5m,2909.19266205,2911.16901576,2908.20448519,2910.1808389,1.8121
1739915400000000,PAXGUSDT,5m,2910.1808389,2912.1585357,2910.1808389,2911.1696873,1.2184
1739915700000000,PAXGUSDT,5m,2911.1696873,2912.1585357,2910.1808389,2912.1585357,0.4633
1739916000000000,PAXGUSDT,5m,2912.1585357,2919.0804745,2909.1919905,2909.1919905,21.8714
1739916300000000,PAXGUSDT,5m,2909.1919905,2914.12616959,2909.1919905,2910.17882632,6.9836
1739916600000000,PAXGUSDT,5m,2910.17882632,2912.15116033,2908.20649232,2910.17882632,7.2034
1739916900000000,PAXGUSDT,5m,2910.17882632,2914.12616959,2906.23148305,2906.23148305,0.5803
1739917200000000,PAXGUSDT,5m,2906.23148305,2910.17080055,2903.27699493,2903.27699493,28.9808
1739917500000000,PAXGUSDT,5m,2903.27699493,2906.22548206,2900.3285078,2900.3285078,9.0428
1739917800000000,PAXGUSDT,5m,2900.3285078,2901.3093426,2899.347673,2901.3093426,13.8549
1739918100000000,PAXGUSDT,5m,2901.3093426,2904.25383787,2900.32784417,2900.32784417,10.1878
1739918400000000,PAXGUSDT,5m,2900.32784417,2903.27034791,2900.32784417,2901.30867875,5.4549
1739918700000000,PAXGUSDT,5m,2901.30867875,2903.2710113,2901.30867875,2901.30867875,7.086
1739919000000000,PAXGUSDT,5m,2901.30867875,2902.28984503,2900.32751248,2900.32751248,1.8048
1739919300000000,PAXGUSDT,5m,2900.32751248,2901.30834694,2899.34667801,2900.32751248,4.3452
1739919600000000,PAXGUSDT,5m,2900.32751248,2907.19335373,2892.48083676,2907.19335373,37.5621
1739919900000000,PAXGUSDT,5m,2907.19335373,2910.14781852,2905.22371054,2907.19335373,10.4498
1739920200000000,PAXGUSDT,5m,2907.19335373,2908.17817533,2906.20853213,2908.17817533,3.8942
1739920500000000,PAXGUSDT,5m,2908.17817533,2909.16333053,2906.20786491,2908.17817533,0.9568
1739920800000000,PAXGUSDT,5m,2908.17817533,2908.17817533,2907.19302012,2908.17817533,1.7232
1739921100000000,PAXGUSDT,5m,2908.17817533,2909.16333053,2906.20786491,2909.16333053,3.5705
1739921400000000,PAXGUSDT,5m,2909.16333053,2910.1494876,2907.19101641,2910.1494876,5.2654
1739921700000000,PAXGUSDT,5m,2910.1494876,2912.12313933,2910.1494876,2912.12313933,2.1213
1739922000000000,PAXGUSDT,5m,2912.12313933,2913.11029972,2912.12313933,2912.12313933,6.5478
1739922300000000,PAXGUSDT,5m,2912.12313933,2913.11029972,2911.13597895,2913.11029972,0.5883
1739922600000000,PAXGUSDT,5m,2913.11029972,2913.11029972,2910.14781467,2911.13530969,3.4795
1739922900000000,PAXGUSDT,5m,2911.13530969,2911.13530969,2910.14781467,2911.13530969,2.1004
1739923200000000,PAXGUSDT,5m,2911.13530969,2912.1228047,2908.17282464,2911.13530969,5.0676
1739923500000000,PAXGUSDT,5m,2911.13530969,2914.09779474,2910.14781467,2913.11029972,2.197
1739923800000000,PAXGUSDT,5m,2913.11029972,2913.11029972,2910.14881856,2912.12313933,0.9321
1739924100000000,PAXGUSDT,5m,2912.12313933,2913.11096944,2912.12313933,2912.12313933,0.2201
1739924400000000,PAXGUSDT,5m,2912.12313933,2913.11063446,2910.14814907,2912.12313933,2.9109
1739924700000000,PAXGUSDT,5m,2912.12313933,2913.11063446,2912.12313933,2912.12313933,0.1538
1739925000000000,PAXGUSDT,5m,2912.12313933,2913.11063446,2911.1356442,2912.12313933,4.6246
1739925300000000,PAXGUSDT,5m,2912.12313933,2912.12313933,2911.13597895,2912.12313933,0.3433
1739925600000000,PAXGUSDT,5m,2912.12313933,2912.12313933,2911.13597895,2912.12313933,2.0873
1739925900000000,PAXGUSDT,5m,2912.12313933,2913.11063446,2912.12313933,2912.12313933,1.5077
1739926200000000,PAXGUSDT,5m,2912.12313933,2912.12313933,2909.16165818,2909.16165818,22.3989
1739926500000000,PAXGUSDT,5m,2909.16165818,2913.11029972,2908.17449779,2911.13597895,49.4193
1739926800000000,PAXGUSDT,5m,2911.13597895,2913.10963046,2910.14915319,2910.14915319,14.6687
1739927100000000,PAXGUSDT,5m,2910.14915319,2911.13631369,2910.14915319,2910.14915319,0.166
1739927400000000,PAXGUSDT,5m,2910.14915319,2911.13631369,2909.16199269,2910.14915319,0.9612
1739927700000000,PAXGUSDT,5m,2910.14915319,2910.14915319,2909.16132252,2910.14915319,1.7864
1739928000000000,PAXGUSDT,5m,2910.14915319,2911.13731929,2909.1609871,2910.14915319,0.6014
1739928300000000,PAXGUSDT,5m,2910.14915319,2910.14915319,2909.1609871,2910.14915319,4.5177
1739928600000000,PAXGUSDT,5m,2910.14915319,2915.08998367,2907.1846549,2907.1846549,7.0613
1739928900000000,PAXGUSDT,5m,2907.1846549,2908.1704754,2906.1988344,2908.1704754,0.0819
1739929200000000,PAXGUSDT,5m,2908.1704754,2909.1562959,2907.1846549,2909.1562959,0.5834
1739929500000000,PAXGUSDT,5m,2909.1562959,2911.12927406,2907.18331774,2907.18331774,0.0821
1739929800000000,PAXGUSDT,5m,2907.18331774,2907.18331774,2905.2130139,2907.18331774,0.3323
1739930100000000,PAXGUSDT,5m,2907.18331774,2908.16846967,2907.18331774,2907.18331774,4.1037
1739930400000000,PAXGUSDT,5m,2907.18331774,2908.16813594,2906.19849955,2907.18331774,2.0672
1739930700000000,PAXGUSDT,5m,2907.18331774,2908.16813594,2907.18331774,2908.16813594,0.3494
1739931000000000,PAXGUSDT,5m,2908.16813594,2909.15262075,2907.18365113,2909.15262075,1.5777
1739931300000000,PAXGUSDT,5m,2909.15262075,2910.13777234,2909.15262075,2909.15262075,0.7464
1739931600000000,PAXGUSDT,5m,2909.15262075,2909.15262075,2907.18298459,2909.15262075,0.2604
1739931900000000,PAXGUSDT,5m,2909.15262075,2913.09456197,2909.15262075,2913.09456197,3.0807
1739932200000000,PAXGUSDT,5m,2913.09456197,2914.08038078,2911.12292437,2914.08038078,8.4018
1739932500000000,PAXGUSDT,5m,2914.08038078,2915.06686703,2913.09389453,2914.08038078,5.559
1739932800000000,PAXGUSDT,5m,2914.08038078,2914.08038078,2913.09422836,2914.08038078,1.9016
1739933100000000,PAXGUSDT,5m,2914.08038078,2919.99729526,2907.17731389,2919.99729526,36.4318
1739933400000000,PAXGUSDT,5m,2919.99729526,2921.97762574,2916.03663429,2919.99729526,23.0816
1739933700000000,PAXGUSDT,5m,2919.99729526,2919.99729526,2916.03663429,2918.01696477,38.8864
1739934000000000,PAXGUSDT,5m,2918.01696477,2919.99729526,2916.03663429,2919.99729526,8.4323
1739934300000000,PAXGUSDT,5m,2919.99729526,2921.97964237,2916.03260103,2921.97964237,10.6666
1739934600000000,PAXGUSDT,5m,2921.97964237,2921.97964237,2920.98745913,2921.97964237,0.2201
1739934900000000,PAXGUSDT,5m,2921.97964237,2921.97964237,2920.98745913,2921.97964237,0.9442
1739935200000000,PAXGUSDT,5m,2921.97964237,2921.97964237,2920.98745913,2921.97964237,3.0812
1739935500000000,PAXGUSDT,5m,2921.97964237,2921.97964237,2920.98745913,2921.97964237,2.7493
1739935800000000,PAXGUSDT,5m,2921.97964237,2922.97216263,2920.98712211,2920.98712211,6.6795
1739936100000000,PAXGUSDT,5m,2920.98712211,2920.98712211,2919.99527589,2920.98712211,6.8271
1739936400000000,PAXGUSDT,5m,2920.98712211,2920.98712211,2919.99527589,2920.98712211,6.6154
1739936700000000,PAXGUSDT,5m,2920.98712211,2922.97081455,2919.99527589,2922.97081455,7.1973
1739937000000000,PAXGUSDT,5m,2922.97081455,2922.97081455,2921.97896833,2922.97081455,6.6811
1739937300000000,PAXGUSDT,5m,2922.97081455,2922.97081455,2921.97896833,2922.97081455,1.4077
1739937600000000,PAXGUSDT,5m,2922.97081455,2922.97081455,2921.97896833,2922.97081455,2.9632
1739937900000000,PAXGUSDT,5m,2922.97081455,2923.96299745,2922.97081455,2923.96299745,5.1063
1739938200000000,PAXGUSDT,5m,2923.96299745,2924.95518035,2922.97081455,2924.95518035,3.4845
1739938500000000,PAXGUSDT,5m,2924.95518035,2924.95518035,2923.96266077,2924.95518035,2.9261
1739938800000000,PAXGUSDT,5m,2924.95518035,2924.95518035,2923.96299745,2924.95518035,11.3227
1739939100000000,PAXGUSDT,5m,2924.95518035,2924.95518035,2924.95518035,2924.95518035,1.1257
1739939400000000,PAXGUSDT,5m,2924.95518035,2925.94769992,2923.96266077,2923.96266077,3.554
1739939700000000,PAXGUSDT,5m,2923.96266077,2923.96266077,2920.98712211,2921.97896833,18.6959
1739940000000000,PAXGUSDT,5m,2921.97896833,2925.94770038,2919.99460231,2919.99460231,11.3515
1739940300000000,PAXGUSDT,5m,2919.99460231,2920.98510251,2919.0041021,2919.0041021,0.33
1739940600000000,PAXGUSDT,5m,2919.0041021,2919.0041021,2918.01427365,2918.01427365,1.8748
1739940900000000,PAXGUSDT,5m,2918.01427365,2918.01427365,2917.02478085,2918.01427365,2.9038
1739941200000000,PAXGUSDT,5m,2918.01427365,2919.00376645,2917.02478085,2919.00376645,0.0943
1739941500000000,PAXGUSDT,5m,2919.00376645,2919.00376645,2918.01393812,2919.00376645,7.2891
1739941800000000,PAXGUSDT,5m,2919.00376645,2919.00376645,2918.01393812,2918.01393812,0.1911
1739942100000000,PAXGUSDT,5m,2918.01393812,2918.01393812,2917.02444543,2918.01393812,0.91
1739942400000000,PAXGUSDT,5m,2918.01393812,2919.00376645,2918.01393812,2919.00376645,0.8923
1739942700000000,PAXGUSDT,5m,2919.00376645,2919.99393055,2919.00376645,2919.00376645,0.1963
1739943000000000,PAXGUSDT,5m,2919.00376645,2919.99393055,2918.01360235,2918.01360235,0.497
1739943300000000,PAXGUSDT,5m,2918.01360235,2919.00309493,2917.02410978,2919.00309493,1.7998
1739943600000000,PAXGUSDT,5m,2919.00309493,2919.9932588,2918.01293106,2918.01293106,0.1197
1739943900000000,PAXGUSDT,5m,2918.01293106,2918.01293106,2917.02343871,2918.01293106,0.1556
1739944200000000,PAXGUSDT,5m,2918.01293106,2918.01293106,2917.02343871,2917.02343871,6.9236
1739944500000000,PAXGUSDT,5m,2917.02343871,2918.01293106,2916.03394636,2916.03394636,5.9027
1739944800000000,PAXGUSDT,5m,2916.03394636,2917.02276764,2915.04512509,2917.02276764,2.0335
1739945100000000,PAXGUSDT,5m,2917.02276764,2917.02276764,2916.03361106,2917.02276764,0.3637
1739945400000000,PAXGUSDT,5m,2917.02276764,2918.01225976,2917.02276764,2918.01225976,0.335
1739945700000000,PAXGUSDT,5m,2918.01225976,2918.01225976,2917.02276764,2918.01225976,2.6153
1739946000000000,PAXGUSDT,5m,2918.01225976,2919.00175188,2917.02276764,2919.00175188,0.2083
1739946300000000,PAXGUSDT,5m,2919.00175188,2919.00175188,2918.01192422,2919.00175188,0.6574
1739946600000000,PAXGUSDT,5m,2919.00175188,2919.9919153,2919.00175188,2919.00175188,2.6809
1739946900000000,PAXGUSDT,5m,2919.00175188,2919.9919153,2918.01158846,2918.01158846,0.5007
1739947200000000,PAXGUSDT,5m,2918.01158846,2918.01158846,2917.02209657,2917.02209657,2.5153
1739947500000000,PAXGUSDT,5m,2917.02209657,2917.02209657,2916.03294021,2916.03294021,2.2528
1739947800000000,PAXGUSDT,5m,2916.03294021,2917.02176115,2915.04411928,2916.03294021,4.1463
1739948100000000,PAXGUSDT,5m,2916.03294021,2917.02142596,2915.04445447,2916.03294021,8.5769
1739948400000000,PAXGUSDT,5m,2916.03294021,2916.03294021,2915.04445447,2916.03294021,0.1849
1739948700000000,PAXGUSDT,5m,2916.03294021,2917.02142596,2914.05596873,2917.02142596,5.241
1739949000000000,PAXGUSDT,5m,2917.02142596,2918.99973821,2915.0431137,2918.99973821,3.5708
1739949300000000,PAXGUSDT,5m,2918.99973821,2919.98990095,2915.03908728,2918.00957548,61.4558
1739949600000000,PAXGUSDT,5m,2918.00957548,2918.99973821,2917.01941275,2917.01941275,0.5192
1739949900000000,PAXGUSDT,5m,2917.01941275,2918.00923949,2916.029586,2916.029586,0.654
1739950200000000,PAXGUSDT,5m,2916.029586,2918.00856774,2916.029586,2916.029586,0.4547
1739950500000000,PAXGUSDT,5m,2916.029586,2918.00856774,2916.029586,2916.029586,3.0398
1739950800000000,PAXGUSDT,5m,2916.029586,2917.01907687,2915.04009514,2916.029586,4.3114
1739951100000000,PAXGUSDT,5m,2916.029586,2918.00856774,2914.05060427,2914.05060427,1.0682
1739951400000000,PAXGUSDT,5m,2914.05060427,2915.03908819,2913.06212035,2913.06212035,0.3774
1739951700000000,PAXGUSDT,5m,2913.06212035,2913.06212035,2911.08649327,2913.06212035,4.317
1739952000000000,PAXGUSDT,5m,2913.06212035,2913.06212035,2912.07430681,2913.06212035,1.9524
1739952300000000,PAXGUSDT,5m,2913.06212035,2914.05026896,2913.06212035,2913.06212035,1.6615
1739952600000000,PAXGUSDT,5m,2913.06212035,2915.03841758,2913.06212035,2915.03841758,6.2012
1739952900000000,PAXGUSDT,5m,2915.03841758,2915.03841758,2913.06212035,2913.06212035,16.1864
1739953200000000,PAXGUSDT,5m,2913.06212035,2915.03841758,2913.06212035,2915.03841758,8.9866
1739953500000000,PAXGUSDT,5m,2915.03841758,2915.03841758,2914.05026896,2915.03841758,12.8572
1739953800000000,PAXGUSDT,5m,2915.03841758,2915.03841758,2914.05026896,2915.03841758,18.3591
1739954100000000,PAXGUSDT,5m,2915.03841758,2917.01471481,2915.03841758,2917.01471481,0.5462
1739954400000000,PAXGUSDT,5m,2917.01471481,2918.99101204,2915.03841758,2918.99101204,1.0379
1739954700000000,PAXGUSDT,5m,2918.99101204,2918.99101204,2917.01337586,2918.00219395,5.5455
1739955000000000,PAXGUSDT,5m,2918.00219395,2918.99101204,2918.00219395,2918.99101204,1.2541
1739955300000000,PAXGUSDT,5m,2918.99101204,2919.97983014,2918.00219395,2919.97983014,5.6097
1739955600000000,PAXGUSDT,5m,2919.97983014,2921.95746632,2918.00219395,2921.95746632,2.6885
1739955900000000,PAXGUSDT,5m,2921.95746632,2922.94762473,2921.95746632,2921.95746632,0.4602
1739956200000000,PAXGUSDT,5m,2921.95746632,2921.95746632,2920.96764333,2920.96764333,2.9849
1739956500000000,PAXGUSDT,5m,2920.96764333,2925.91508175,2916.02020491,2916.02020491,36.0611
1739956800000000,PAXGUSDT,5m,2916.02020491,2917.99248777,2916.02020491,2916.02020491,2.2499
1739957100000000,PAXGUSDT,5m,2916.02020491,2916.02020491,2915.03439687,2915.03439687,0.5934
1739957400000000,PAXGUSDT,5m,2915.03439687,2917.00601296,2915.03439687,2916.02020491,4.0922
1739957700000000,PAXGUSDT,5m,2916.02020491,2917.00567981,2915.03473002,2916.02020491,1.3054
1739958000000000,PAXGUSDT,5m,2916.02020491,2917.00567981,2915.03473002,2915.03473002,11.6845
1739958300000000,PAXGUSDT,5m,2915.03473002,2917.00434808,2913.06511196,2917.00434808,1.9182
1739958600000000,PAXGUSDT,5m,2917.00434808,2917.99015557,2915.03273311,2917.00434808,8.0478
1739958900000000,PAXGUSDT,5m,2917.00434808,2918.97729658,2916.01787384,2916.01787384,9.4192
1739959200000000,PAXGUSDT,5m,2916.01787384,2916.01787384,2915.03239973,2915.03239973,1.1692
1739959500000000,PAXGUSDT,5m,2915.03239973,2916.01754079,2914.04725867,2916.01754079,1.5309
1739959800000000,PAXGUSDT,5m,2916.01754079,2917.00301478,2916.01754079,2916.01754079,0.9528
1739960100000000,PAXGUSDT,5m,2916.01754079,2916.01754079,2914.04659281,2914.04659281,2.6068
1739960400000000,PAXGUSDT,5m,2914.04659281,2915.0320668,2911.09017084,2912.07564483,7.3917
1739960700000000,PAXGUSDT,5m,2912.07564483,2914.04659281,2912.07564483,2914.04659281,3.0725
1739961000000000,PAXGUSDT,5m,2914.04659281,2915.03273379,2913.06045183,2914.04659281,14.0533
1739961300000000,PAXGUSDT,5m,2914.04659281,2917.00501575,2913.06045183,2917.00501575,7.2337
1739961600000000,PAXGUSDT,5m,2917.00501575,2917.99149022,2916.01854127,2916.01854127,0.6224
1739961900000000,PAXGUSDT,5m,2916.01854127,2917.99149022,2915.0320668,2915.0320668,0.158
1739962200000000,PAXGUSDT,5m,2915.0320668,2916.01820756,2915.0320668,2915.0320668,0.0737
1739962500000000,PAXGUSDT,5m,2915.0320668,2915.0320668,2914.04625954,2914.04625954,3.8348
1739962800000000,PAXGUSDT,5m,2914.04625954,2914.04625954,2913.06078566,2914.04625954,1.2784
1739963100000000,PAXGUSDT,5m,2914.04625954,2916.01787406,2914.04625954,2914.04625954,1.9684
1739963400000000,PAXGUSDT,5m,2914.04625954,2914.04625954,2913.06078566,2914.04625954,0.2628
1739963700000000,PAXGUSDT,5m,2914.04625954,2916.01787406,2912.07464502,2912.07464502,0.832
1739964000000000,PAXGUSDT,5m,2912.07464502,2913.0597853,2911.08950475,2911.08950475,3.9347
1739964300000000,PAXGUSDT,5m,2911.08950475,2913.05845267,2909.12055683,2912.07397871,3.1159
1739964600000000,PAXGUSDT,5m,2912.07397871,2913.05845267,2912.07397871,2912.07397871,0.8169
1739964900000000,PAXGUSDT,5m,2912.07397871,2912.07397871,2910.1056962,2911.08983746,25.6159
1739965200000000,PAXGUSDT,5m,2911.08983746,2913.05811997,2910.1056962,2913.05811997,10.3869
1739965500000000,PAXGUSDT,5m,2913.05811997,2916.01054374,2910.1056962,2916.01054374,5.5662
1739965800000000,PAXGUSDT,5m,2916.01054374,2918.96895822,2916.01054374,2916.9966819,20.8466
1739966100000000,PAXGUSDT,5m,2916.9966819,2916.9966819,2911.07985293,2911.07985293,23.6501
1739966400000000,PAXGUSDT,5m,2911.07985293,2912.06565715,2908.12244028,2912.06565715,5.0268
1739966700000000,PAXGUSDT,5m,2912.06565715,2913.05212925,2910.09271294,2913.05212925,5.3796
1739967000000000,PAXGUSDT,5m,2913.05212925,2914.03926993,2912.06498858,2913.05212925,1.9255
1739967300000000,PAXGUSDT,5m,2913.05212925,2915.02574181,2910.09171042,2915.02574181,15.4546
1739967600000000,PAXGUSDT,5m,2915.02574181,2917.00203045,2913.04945317,2917.00203045,13.3927
1739967900000000,PAXGUSDT,5m,2917.00203045,2917.99017477,2916.01388613,2917.00203045,3.1895
1739968200000000,PAXGUSDT,5m,2917.00203045,2917.99017477,2916.01388613,2917.00203045,0.5047
1739968500000000,PAXGUSDT,5m,2917.00203045,2917.00203045,2916.01388613,2916.01388613,2.5133
1739968800000000,PAXGUSDT,5m,2916.01388613,2918.97831909,2913.04945317,2913.04945317,1.0017
1739969100000000,PAXGUSDT,5m,2913.04945317,2914.03559043,2911.07717866,2911.07717866,7.8266
1739969400000000,PAXGUSDT,5m,2911.07717866,2943.61970809,2908.11876689,2908.11876689,134.6708
1739969700000000,PAXGUSDT,5m,2908.11876689,2908.11876689,2903.19809216,2904.18222711,3.7446
1739970000000000,PAXGUSDT,5m,2904.18222711,2908.11876689,2902.21395721,2908.11876689,20.8656
1739970300000000,PAXGUSDT,5m,2908.11876689,2910.08637093,2907.13496487,2909.10256891,11.2411
1739970600000000,PAXGUSDT,5m,2909.10256891,2910.08603834,2906.15216063,2907.13563005,6.3104
1739970900000000,PAXGUSDT,5m,2907.13563005,2907.13563005,2906.15216063,2907.13563005,6.7257
1739971200000000,PAXGUSDT,5m,2907.13563005,2908.11909948,2904.18522177,2908.11909948,5.7308
1739971500000000,PAXGUSDT,5m,2908.11909948,2908.11909948,2907.13529735,2908.11909948,2.044
1739971800000000,PAXGUSDT,5m,2908.11909948,2909.10323454,2906.15082936,2908.11909948,4.1933
1739972100000000,PAXGUSDT,5m,2908.11909948,2908.11909948,2907.13496442,2908.11909948,1.9236
1739972400000000,PAXGUSDT,5m,2908.11909948,2908.11909948,2907.13496442,2907.13496442,2.5441
1739972700000000,PAXGUSDT,5m,2907.13496442,2908.11909948,2906.15082936,2906.15082936,7.3474
1739973000000000,PAXGUSDT,5m,2906.15082936,2907.13496442,2905.1666943,2906.15082936,3.7177
1739973300000000,PAXGUSDT,5m,2906.15082936,2906.15082936,2905.1666943,2905.1666943,0.1842
1739973600000000,PAXGUSDT,5m,2905.1666943,2905.1666943,2904.18289251,2905.1666943,0.851
1739973900000000,PAXGUSDT,5m,2905.1666943,2906.1504961,2904.18289251,2906.1504961,2.1641
1739974200000000,PAXGUSDT,5m,2906.1504961,2907.13496442,2906.1504961,2906.1504961,1.2719
1739974500000000,PAXGUSDT,5m,2906.1504961,2906.1504961,2904.18222621,2905.16636115,4.3404
1739974800000000,PAXGUSDT,5m,2905.16636115,2905.16636115,2903.19875779,2903.19875779,2.1751
1739975100000000,PAXGUSDT,5m,2903.19875779,2904.18255947,2900.24735275,2901.23115443,13.4836
1739975400000000,PAXGUSDT,5m,2901.23115443,2904.18255947,2900.24735275,2902.21495611,18.9003
1739975700000000,PAXGUSDT,5m,2902.21495611,2903.19942523,2900.24601788,2903.19942523,7.9392
1739976000000000,PAXGUSDT,5m,2903.19942523,2908.12344054,2902.21462217,2905.16903135,17.2556
1739976300000000,PAXGUSDT,5m,2905.16903135,2908.12444237,2904.18389434,2904.18389434,6.559
1739976600000000,PAXGUSDT,5m,2904.18389434,2906.15216537,2904.18389434,2904.18389434,11.5933
1739976900000000,PAXGUSDT,5m,2904.18389434,2906.1508323,2902.21695639,2906.1508323,4.7544
1739977200000000,PAXGUSDT,5m,2906.1508323,2906.1508323,2901.230157,2901.230157,3.7987
1739977500000000,PAXGUSDT,5m,2901.230157,2901.230157,2898.27975345,2898.27975345,3.4555
1739977800000000,PAXGUSDT,5m,2898.27975345,2902.21362485,2898.27975345,2901.230157,4.0721
1739978100000000,PAXGUSDT,5m,2901.230157,2905.1640284,2899.2632213,2899.2632213,28.2707
1739978400000000,PAXGUSDT,5m,2899.2632213,2900.24568935,2899.2632213,2899.2632213,2.578
1739978700000000,PAXGUSDT,5m,2899.2632213,2901.22749178,2897.29895083,2897.29895083,3.168
1739979000000000,PAXGUSDT,5m,2897.29895083,2898.27975616,2896.3181455,2897.29895083,11.4393
1739979300000000,PAXGUSDT,5m,2897.29895083,2898.27942425,2897.29895083,2897.29895083,16.5719
1739979600000000,PAXGUSDT,5m,2897.29895083,2897.29895083,2895.33800399,2895.33800399,3.0315
1739979900000000,PAXGUSDT,5m,2895.33800399,2897.29895083,2893.37705715,2893.37705715,3.8793
1739980200000000,PAXGUSDT,5m,2893.37705715,2894.35719843,2893.37705715,2893.37705715,4.9067
1739980500000000,PAXGUSDT,5m,2893.37705715,2894.35719843,2887.49620948,2888.47635076,11.9647
1739980800000000,PAXGUSDT,5m,2888.47635076,2889.45682474,2885.53492881,2885.53492881,23.9654
1739981100000000,PAXGUSDT,5m,2885.53492881,2889.45682474,2883.57398085,2883.57398085,13.9561
1739981400000000,PAXGUSDT,5m,2883.57398085,2887.49188028,2880.63555627,2880.63555627,9.3028
1739981700000000,PAXGUSDT,5m,2880.63555627,2881.61336875,2877.70211884,2879.6577438,9.5727
1739982000000000,PAXGUSDT,5m,2879.6577438,2880.63522436,2877.70278267,2878.68026323,1.2626
1739982300000000,PAXGUSDT,5m,2878.68026323,2879.65807582,2877.70245064,2879.65807582,3.3004
1739982600000000,PAXGUSDT,5m,2879.65807582,2880.63588841,2876.72463805,2880.63588841,2.4818
1739982900000000,PAXGUSDT,5m,2880.63588841,2881.61436528,2878.67893468,2881.61436528,2.2359
1739983200000000,PAXGUSDT,5m,2881.61436528,2882.5931745,2880.63555605,2882.5931745,2.3797
1739983500000000,PAXGUSDT,5m,2882.5931745,2884.55212331,2882.5931745,2884.55212331,0.1569
1739983800000000,PAXGUSDT,5m,2884.55212331,2885.53193042,2884.55212331,2884.55212331,0.6062
1739984100000000,PAXGUSDT,5m,2884.55212331,2886.51173753,2882.5925091,2882.5925091,0.9796
1739984400000000,PAXGUSDT,5m,2882.5925091,2882.5925091,2881.61403235,2882.5925091,1.1549
1739984700000000,PAXGUSDT,5m,2882.5925091,2884.54879855,2880.63621965,2884.54879855,6.8202
1739985000000000,PAXGUSDT,5m,2884.54879855,2886.50774511,2883.56932528,2883.56932528,0.3285
1739985300000000,PAXGUSDT,5m,2883.56932528,2885.52760665,2883.56932528,2885.52760665,1.2314
1739985600000000,PAXGUSDT,5m,2885.52760665,2887.48655275,2883.56866055,2883.56866055,14.2388
1739985900000000,PAXGUSDT,5m,2883.56866055,2885.52627675,2882.58985245,2882.58985245,4.7243
1739986200000000,PAXGUSDT,5m,2882.58985245,2886.50242775,2878.67727715,2886.50242775,16.3644
1739986500000000,PAXGUSDT,5m,2886.50242775,2886.50242775,2884.5414886,2885.52195818,2.9747
1739986800000000,PAXGUSDT,5m,2885.52195818,2886.50242775,2885.52195818,2885.52195818,1.0129
1739987100000000,PAXGUSDT,5m,2885.52195818,2885.52195818,2884.5414886,2884.5414886,1.6227
1739987400000000,PAXGUSDT,5m,2884.5414886,2898.2633985,2868.85930586,2898.2633985,171.3953
1739987700000000,PAXGUSDT,5m,2898.2633985,2905.18994128,2894.30537406,2894.30537406,109.4814
1739988000000000,PAXGUSDT,5m,2894.30537406,2895.29218121,2893.31856691,2894.30537406,7.7252
1739988300000000,PAXGUSDT,5m,2894.30537406,2895.29218121,2894.30537406,2895.29218121,2.5033
1739988600000000,PAXGUSDT,5m,2895.29218121,2897.26646841,2894.30503761,2894.30503761,1.6498
1739988900000000,PAXGUSDT,5m,2894.30503761,2896.27797901,2893.31856691,2896.27797901,9.0042
1739989200000000,PAXGUSDT,5m,2896.27797901,2896.27797901,2894.30503761,2896.27797901,4.4185
1739989500000000,PAXGUSDT,5m,2896.27797901,2896.27797901,2894.30503761,2896.27797901,3.096
1739989800000000,PAXGUSDT,5m,2896.27797901,2897.26444972,2895.29150831,2897.26444972,0.2407
1739990100000000,PAXGUSDT,5m,2897.26444972,2899.23940844,2897.26444972,2899.23940844,0.183
1739990400000000,PAXGUSDT,5m,2899.23940844,2900.2268878,2898.25192908,2900.2268878,0.9463
1739990700000000,PAXGUSDT,5m,2900.2268878,2901.21504006,2899.23873554,2899.23873554,0.6492
1739991000000000,PAXGUSDT,5m,2899.23873554,2900.22621467,2898.25125641,2900.22621467,3.1779
1739991300000000,PAXGUSDT,5m,2900.22621467,2902.20251874,2898.24991061,2898.24991061,1.2279
1739991600000000,PAXGUSDT,5m,2898.24991061,2900.22486796,2898.24991061,2900.22486796,0.8374
1739991900000000,PAXGUSDT,5m,2900.22486796,2904.17747425,2898.24856481,2898.24856481,9.6759
1739992200000000,PAXGUSDT,5m,2898.24856481,2899.23503471,2895.28915511,2897.26209491,6.8768
1739992500000000,PAXGUSDT,5m,2897.26209491,2898.24789352,2896.27629631,2897.26209491,3.4979
1739992800000000,PAXGUSDT,5m,2897.26209491,2898.24755821,2896.27663162,2896.27663162,4.7189
1739993100000000,PAXGUSDT,5m,2896.27663162,2897.26142476,2894.30704533,2895.29183847,1.9903
1739993400000000,PAXGUSDT,5m,2895.29183847,2897.26142476,2895.29183847,2896.27663162,0.7609
1739993700000000,PAXGUSDT,5m,2896.27663162,2896.27663162,2895.29183847,2896.27663162,0.6745
1739994000000000,PAXGUSDT,5m,2896.27663162,2898.2462179,2894.30704533,2898.2462179,0.3439
1739994300000000,PAXGUSDT,5m,2898.2462179,2898.2462179,2897.26041987,2897.26041987,0.0703
1739994600000000,PAXGUSDT,5m,2897.26041987,2900.21781397,2894.30302577,2894.30302577,3.9642
1739994900000000,PAXGUSDT,5m,2894.30302577,2896.2706009,2892.33545063,2892.33545063,11.5991
1739995200000000,PAXGUSDT,5m,2892.33545063,2894.30168819,2891.35233185,2892.33545063,3.8196
1739995500000000,PAXGUSDT,5m,2892.33545063,2893.31856941,2891.35233185,2893.31856941,0.081
1739995800000000,PAXGUSDT,5m,2893.31856941,2894.30235675,2893.31856941,2893.31856941,1.5877
1739996100000000,PAXGUSDT,5m,2893.31856941,2896.26993143,2891.35099473,2891.35099473,8.094
1739996400000000,PAXGUSDT,5m,2891.35099473,2892.33377889,2891.35099473,2891.35099473,1.9333
1739996700000000,PAXGUSDT,5m,2891.35099473,2893.31656305,2889.38542641,2889.38542641,5.731
1739997000000000,PAXGUSDT,5m,2889.38542641,2890.36687527,2888.40397756,2888.40397756,0.6855
1739997300000000,PAXGUSDT,5m,2888.40397756,2888.40397756,2887.42319522,2888.40397756,1.1292
1739997600000000,PAXGUSDT,5m,2888.40397756,2888.40397756,2887.42319522,2888.40397756,0.3576
1739997900000000,PAXGUSDT,5m,2888.40397756,2889.38509304,2886.44174659,2886.44174659,5.4591
1739998200000000,PAXGUSDT,5m,2886.44174659,2886.44174659,2885.46096449,2886.44174659,1.3999
1739998500000000,PAXGUSDT,5m,2886.44174659,2887.4225287,2885.46096449,2887.4225287,4.3795
1739998800000000,PAXGUSDT,5m,2887.4225287,2889.38409292,2886.44174659,2889.38409292,5.1876
1739999100000000,PAXGUSDT,5m,2889.38409292,2890.36520806,2889.38409292,2889.38409292,0.3692
1739999400000000,PAXGUSDT,5m,2889.38409292,2890.36520806,2889.38409292,2889.38409292,0.121
1739999700000000,PAXGUSDT,5m,2889.38409292,2890.36520806,2889.38409292,2890.36520806,2.4536
1740000000000000,PAXGUSDT,5m,2890.36520806,2890.36520806,2889.38409292,2890.36520806,2.3975
1740000300000000,PAXGUSDT,5m,2890.36520806,2891.34665635,2890.36520806,2890.36520806,0.6642
1740000600000000,PAXGUSDT,5m,2890.36520806,2890.36520806,2889.38409292,2890.36520806,0.879
1740000900000000,PAXGUSDT,5m,2890.36520806,2890.36520806,2888.40297778,2888.40297778,2.0524
1740001200000000,PAXGUSDT,5m,2888.40297778,2888.40297778,2887.42219578,2888.40297778,0.1899
1740001500000000,PAXGUSDT,5m,2888.40297778,2889.38409292,2888.40297778,2888.40297778,0.3425
1740001800000000,PAXGUSDT,5m,2888.40297778,2888.40297778,2887.42219578,2888.40297778,0.5634
1740002100000000,PAXGUSDT,5m,2888.40297778,2892.32610576,2884.4798498,2892.32610576,3.5455
1740002400000000,PAXGUSDT,5m,2892.32610576,2893.30955565,2886.42540647,2892.32610576,18.5214
1740002700000000,PAXGUSDT,5m,2892.32610576,2894.29300553,2891.34265588,2894.29300553,2.568
1740003000000000,PAXGUSDT,5m,2894.29300553,2897.24435802,2893.30922137,2893.30922137,0.4757
1740003300000000,PAXGUSDT,5m,2893.30922137,2893.30922137,2892.3264397,2893.30922137,1.2137
1740003600000000,PAXGUSDT,5m,2893.30922137,2894.29233697,2893.30922137,2893.30922137,0.5062
1740003900000000,PAXGUSDT,5m,2893.30922137,2894.29200303,2892.3264397,2894.29200303,0.397
1740004200000000,PAXGUSDT,5m,2894.29200303,2894.29200303,2893.30888754,2894.29200303,1.2209
1740004500000000,PAXGUSDT,5m,2894.29200303,2895.27545257,2893.30855349,2893.30855349,0.0465
1740004800000000,PAXGUSDT,5m,2893.30855349,2893.30855349,2891.34232274,2891.34232274,3.778
1740005100000000,PAXGUSDT,5m,2891.34232274,2892.32543811,2891.34232274,2891.34232274,2.6664
1740005400000000,PAXGUSDT,5m,2891.34232274,2893.30788516,2889.37676031,2889.37676031,3.5857
1740005700000000,PAXGUSDT,5m,2889.37676031,2891.33965213,2889.37676031,2891.33965213,2.4414
1740006000000000,PAXGUSDT,5m,2891.33965213,2892.32109805,2889.37676031,2892.32109805,9.6975
1740006300000000,PAXGUSDT,5m,2892.32109805,2893.30254396,2891.33965213,2891.33965213,7.5496
1740006600000000,PAXGUSDT,5m,2891.33965213,2893.30254396,2891.33965213,2891.33965213,1.7668
1740006900000000,PAXGUSDT,5m,2891.33965213,2892.3214313,2890.35787297,2890.35787297,0.0344
1740007200000000,PAXGUSDT,5m,2890.35787297,2891.33931876,2889.37642717,2889.37642717,0.1081
1740007500000000,PAXGUSDT,5m,2889.37642717,2892.31976479,2886.43308955,2886.43308955,1.3833
1740007800000000,PAXGUSDT,5m,2886.43308955,2887.41286996,2886.43308955,2886.43308955,0.3804
1740008100000000,PAXGUSDT,5m,2886.43308955,2887.41286996,2886.43308955,2887.41286996,5.983
1740008400000000,PAXGUSDT,5m,2887.41286996,2889.37309594,2887.41286996,2889.37309594,0.3193
1740008700000000,PAXGUSDT,5m,2889.37309594,2890.35354151,2889.37309594,2889.37309594,0.3249
1740009000000000,PAXGUSDT,5m,2889.37309594,2890.35320893,2888.39298295,2890.35320893,0.9298
1740009300000000,PAXGUSDT,5m,2890.35320893,2891.33365439,2889.37276348,2889.37276348,1.5999
1740009600000000,PAXGUSDT,5m,2889.37276348,2890.35320893,2889.37276348,2890.35320893,0.2376
1740009900000000,PAXGUSDT,5m,2890.35320893,2891.33365439,2889.37276348,2891.33365439,1.6726
1740010200000000,PAXGUSDT,5m,2891.33365439,2891.33365439,2890.35320893,2891.33365439,0.7253
1740010500000000,PAXGUSDT,5m,2891.33365439,2891.33365439,2890.35320893,2891.33365439,2.028
1740010800000000,PAXGUSDT,5m,2891.33365439,2891.33365439,2889.37276348,2890.35320893,6.0276
1740011100000000,PAXGUSDT,5m,2890.35320893,2891.33365439,2889.37276348,2891.33365439,0.5633
1740011400000000,PAXGUSDT,5m,2891.33365439,2892.31443243,2890.35287635,2891.33365439,4.8501
1740011700000000,PAXGUSDT,5m,2891.33365439,2892.31443243,2890.35287635,2890.35287635,4.4413
1740012000000000,PAXGUSDT,5m,2890.35287635,2890.35287635,2889.37276348,2890.35287635,2.3229
1740012300000000,PAXGUSDT,5m,2890.35287635,2890.35287635,2889.37276348,2889.37276348,0.3787
1740012600000000,PAXGUSDT,5m,2889.37276348,2890.35287635,2889.37276348,2889.37276348,5.9676
1740012900000000,PAXGUSDT,5m,2889.37276348,2890.35287635,2888.3926506,2889.37276348,9.1957
1740013200000000,PAXGUSDT,5m,2889.37276348,2890.35287635,2889.37276348,2889.37276348,0.4066
1740013500000000,PAXGUSDT,5m,2889.37276348,2889.37276348,2888.39298295,2889.37276348,3.0546
1740013800000000,PAXGUSDT,5m,2889.37276348,2890.35287635,2888.3926506,2888.3926506,1.1217
1740014100000000,PAXGUSDT,5m,2888.3926506,2889.37209877,2887.41320243,2889.37209877,4.9998
1740014400000000,PAXGUSDT,5m,2889.37209877,2890.35154694,2889.37209877,2889.37209877,1.6553
1740014700000000,PAXGUSDT,5m,2889.37209877,2890.35154694,2888.3926506,2890.35154694,4.1337
1740015000000000,PAXGUSDT,5m,2890.35154694,2891.33165936,2888.39132208,2888.39132208,4.9195
1740015300000000,PAXGUSDT,5m,2888.39132208,2888.39132208,2887.41154212,2887.41154212,0.55
1740015600000000,PAXGUSDT,5m,2887.41154212,2888.39132208,2886.43176216,2886.43176216,1.4593
1740015900000000,PAXGUSDT,5m,2886.43176216,2887.41120966,2884.47286718,2885.45231467,0.4767
1740016200000000,PAXGUSDT,5m,2885.45231467,2886.43209474,2884.4725346,2886.43209474,0.9843
1740016500000000,PAXGUSDT,5m,2886.43209474,2892.31277134,2886.43209474,2891.33265857,8.5628
1740016800000000,PAXGUSDT,5m,2891.33265857,2893.2928841,2889.37243304,2893.2928841,1.1184
1740017100000000,PAXGUSDT,5m,2893.2928841,2895.2544386,2890.35055236,2895.2544386,5.4696
1740017400000000,PAXGUSDT,5m,2895.2544386,2896.23687987,2894.27199732,2894.27199732,0.3615
1740017700000000,PAXGUSDT,5m,2894.27199732,2895.25410523,2894.27199732,2894.27199732,1.2866
1740018000000000,PAXGUSDT,5m,2894.27199732,2897.21732161,2893.29022256,2896.23554685,3.0225
1740018300000000,PAXGUSDT,5m,2896.23554685,2897.21732161,2896.23554685,2896.23554685,1.5029
1740018600000000,PAXGUSDT,5m,2896.23554685,2897.21732161,2896.23554685,2896.23554685,1.3578
1740018900000000,PAXGUSDT,5m,2896.23554685,2897.21732161,2896.23554685,2896.23554685,1.2609
1740019200000000,PAXGUSDT,5m,2896.23554685,2897.21732161,2896.23554685,2896.23554685,6.9876
1740019500000000,PAXGUSDT,5m,2896.23554685,2898.19909637,2894.27199732,2894.27199732,7.286
1740019800000000,PAXGUSDT,5m,2894.27199732,2894.27199732,2893.29122064,2893.29122064,0.9177
1740020100000000,PAXGUSDT,5m,2893.29122064,2895.2521093,2891.33033198,2895.2521093,3.1289
1740020400000000,PAXGUSDT,5m,2895.2521093,2897.21499209,2893.28922652,2896.23355069,19.3013
1740020700000000,PAXGUSDT,5m,2896.23355069,2899.17787487,2895.2521093,2899.17787487,9.7531
1740021000000000,PAXGUSDT,5m,2899.17787487,2906.05261916,2897.21366222,2897.21366222,27.2579
1740021300000000,PAXGUSDT,5m,2897.21366222,2898.19443868,2896.23288576,2898.19443868,0.0976
1740021600000000,PAXGUSDT,5m,2898.19443868,2901.13776411,2897.2133302,2900.15665563,13.3211
1740021900000000,PAXGUSDT,5m,2900.15665563,2901.13743232,2899.17587895,2901.13743232,5.1334
1740022200000000,PAXGUSDT,5m,2901.13743232,2903.09964905,2899.17521559,2903.09964905,0.8611
1740022500000000,PAXGUSDT,5m,2903.09964905,2905.0645219,2901.13477619,2905.0645219,1.505
1740022800000000,PAXGUSDT,5m,2905.0645219,2905.0645219,2903.09698752,2904.08075471,6.6826
1740023100000000,PAXGUSDT,5m,2904.08075471,2905.06485527,2904.08075471,2904.08075471,0.0139
1740023400000000,PAXGUSDT,5m,2904.08075471,2906.04895583,2904.08075471,2904.08075471,0.5513
1740023700000000,PAXGUSDT,5m,2904.08075471,2905.06418876,2903.09732066,2905.06418876,3.2609
1740024000000000,PAXGUSDT,5m,2905.06418876,2909.0005901,2904.08008843,2904.08008843,6.1086
1740024300000000,PAXGUSDT,5m,2904.08008843,2905.06352225,2904.08008843,2904.08008843,2.0403
1740024600000000,PAXGUSDT,5m,2904.08008843,2905.06352225,2900.14635312,2901.12978695,13.8813
1740024900000000,PAXGUSDT,5m,2901.12978695,2907.03038991,2901.12978695,2903.0966546,8.0865
1740025200000000,PAXGUSDT,5m,2903.0966546,2904.0794226,2903.0966546,2903.0966546,2.0593
1740025500000000,PAXGUSDT,5m,2903.0966546,2905.06219059,2901.13111861,2901.13111861,13.7253
1740025800000000,PAXGUSDT,5m,2901.13111861,2901.13111861,2898.18580783,2899.16757809,27.3787
1740026100000000,PAXGUSDT,5m,2899.16757809,2900.14934835,2898.18580783,2900.14934835,0.7446
1740026400000000,PAXGUSDT,5m,2900.14934835,2901.13145108,2899.16724563,2900.14934835,0.5787
1740026700000000,PAXGUSDT,5m,2900.14934835,2900.14934835,2898.18580783,2898.18580783,0.5282
1740027000000000,PAXGUSDT,5m,2898.18580783,2899.16757809,2897.20403757,2897.20403757,0.655
1740027300000000,PAXGUSDT,5m,2897.20403757,2898.18547525,2897.20403757,2897.20403757,3.0406
1740027600000000,PAXGUSDT,5m,2897.20403757,2899.16624823,2893.27961626,2899.16624823,4.944
1740027900000000,PAXGUSDT,5m,2899.16624823,2900.14901645,2898.18348001,2898.18348001,7.0585
1740028200000000,PAXGUSDT,5m,2898.18348001,2899.16591509,2898.18348001,2898.18348001,0.1317
1740028500000000,PAXGUSDT,5m,2898.18348001,2898.18348001,2894.25507136,2895.23717353,11.9932
1740028800000000,PAXGUSDT,5m,2895.23717353,2896.21960894,2893.27230269,2896.21960894,18.3305
1740029100000000,PAXGUSDT,5m,2896.21960894,2897.20237773,2896.21960894,2896.21960894,3.9492
1740029400000000,PAXGUSDT,5m,2896.21960894,2896.21960894,2895.23717353,2895.23717353,3.2865
1740029700000000,PAXGUSDT,5m,2895.23717353,2896.21927569,2894.25507136,2896.21927569,0.6681
1740030000000000,PAXGUSDT,5m,2896.21927569,2897.20171099,2894.25440508,2896.21927569,0.989
1740030300000000,PAXGUSDT,5m,2896.21927569,2898.18348001,2895.23717353,2898.18348001,21.6447
1740030600000000,PAXGUSDT,5m,2898.18348001,2898.18348001,2897.20137785,2898.18348001,16.5547
1740030900000000,PAXGUSDT,5m,2898.18348001,2899.16591509,2897.20104493,2897.20104493,2.0259
1740031200000000,PAXGUSDT,5m,2897.20104493,2899.16591509,2896.21860986,2897.20104493,4.2942
1740031500000000,PAXGUSDT,5m,2897.20104493,2898.18348001,2897.20104493,2898.18348001,8.0845
1740031800000000,PAXGUSDT,5m,2898.18348001,2899.16624823,2898.18348001,2899.16624823,0.0768
1740032100000000,PAXGUSDT,5m,2899.16624823,2899.16624823,2898.18348001,2899.16624823,28.8917
1740032400000000,PAXGUSDT,5m,2899.16624823,2899.16624823,2899.16624823,2899.16624823,0.0391
1740032700000000,PAXGUSDT,5m,2899.16624823,2900.14901645,2898.18348001,2898.18348001,0.5348
1740033000000000,PAXGUSDT,5m,2898.18348001,2898.18348001,2897.20137785,2897.20137785,0.3054
1740033300000000,PAXGUSDT,5m,2897.20137785,2898.18348001,2897.20137785,2898.18348001,5.3057
1740033600000000,PAXGUSDT,5m,2898.18348001,2900.14768434,2896.21927569,2896.21927569,4.0473
1740033900000000,PAXGUSDT,5m,2896.21927569,2896.21927569,2895.23850384,2895.23850384,0.038
1740034200000000,PAXGUSDT,5m,2895.23850384,2895.23850384,2894.25806411,2895.23850384,0.1023
1740034500000000,PAXGUSDT,5m,2895.23850384,2896.21894356,2894.25806411,2896.21894356,0.9379
1740034800000000,PAXGUSDT,5m,2896.21894356,2897.19938328,2894.25806411,2896.21894356,5.3311
1740035100000000,PAXGUSDT,5m,2896.21894356,2896.21894356,2894.25806411,2894.25806411,1.0733
1740035400000000,PAXGUSDT,5m,2894.25806411,2895.23850384,2893.27762439,2893.27762439,0.0587
1740035700000000,PAXGUSDT,5m,2893.27762439,2893.27762439,2891.318073,2892.2978487,1.7019
1740036000000000,PAXGUSDT,5m,2892.2978487,2895.23717578,2889.35852161,2889.35852161,0.9982
1740036300000000,PAXGUSDT,5m,2889.35852161,2890.33630792,2888.38073531,2890.33630792,5.8012
1740036600000000,PAXGUSDT,5m,2890.33630792,2891.31475623,2887.40096299,2890.33630792,3.9094
1740036900000000,PAXGUSDT,5m,2890.33630792,2895.22854947,2889.35785961,2892.29320454,43.421
1740037200000000,PAXGUSDT,5m,2892.29320454,2894.25010116,2892.29320454,2892.29320454,0.5915
1740037500000000,PAXGUSDT,5m,2892.29320454,2893.27132195,2891.31508712,2893.27132195,0.1996
1740037800000000,PAXGUSDT,5m,2893.27132195,2894.25010116,2892.29254275,2892.29254275,0.4104
1740038100000000,PAXGUSDT,5m,2892.29254275,2892.29254275,2890.33630836,2890.33630836,0.4675
1740038400000000,PAXGUSDT,5m,2890.33630836,2895.22689433,2890.33630836,2893.27065995,18.0808
1740038700000000,PAXGUSDT,5m,2893.27065995,2894.24877714,2890.33630836,2894.24877714,4.0817
1740039000000000,PAXGUSDT,5m,2894.24877714,2895.22755589,2894.24877714,2895.22755589,2.7133
1740039300000000,PAXGUSDT,5m,2895.22755589,2897.1851134,2894.24877714,2895.22755589,8.4549
1740039600000000,PAXGUSDT,5m,2895.22755589,2896.20567331,2893.27132106,2896.20567331,1.1236
1740039900000000,PAXGUSDT,5m,2896.20567331,2896.20567331,2895.22689478,2896.20567331,0.3497
1740040200000000,PAXGUSDT,5m,2896.20567331,2897.18445184,2895.22689478,2895.22689478,3.5873
1740040500000000,PAXGUSDT,5m,2895.22689478,2896.20534253,2894.24844703,2894.24844703,2.1092
1740040800000000,PAXGUSDT,5m,2894.24844703,2895.22656411,2894.24844703,2894.24844703,0.1237
1740041100000000,PAXGUSDT,5m,2894.24844703,2895.22623367,2893.27066039,2895.22623367,4.4334
1740041400000000,PAXGUSDT,5m,2895.22623367,2896.20468119,2894.24778614,2896.20468119,1.2683
1740041700000000,PAXGUSDT,5m,2896.20468119,2897.18345939,2896.20468119,2896.20468119,1.4389
1740042000000000,PAXGUSDT,5m,2896.20468119,2896.20468119,2895.22623367,2896.20468119,3.4648
1740042300000000,PAXGUSDT,5m,2896.20468119,2896.20468119,2894.24778614,2894.24778614,4.7419
1740042600000000,PAXGUSDT,5m,2894.24778614,2895.22557255,2893.26999973,2893.26999973,4.1421
1740042900000000,PAXGUSDT,5m,2893.26999973,2895.22491189,2893.26999973,2894.24745581,15.7663
1740043200000000,PAXGUSDT,5m,2894.24745581,2894.24745581,2892.29254364,2893.26999973,0.7129
1740043500000000,PAXGUSDT,5m,2893.26999973,2894.24745581,2892.29254364,2892.29254364,0.426
1740043800000000,PAXGUSDT,5m,2892.29254364,2892.29254364,2890.33895192,2891.31574778,0.5615
1740044100000000,PAXGUSDT,5m,2891.31574778,2894.2471257,2891.31574778,2893.26999973,17.7785
1740044400000000,PAXGUSDT,5m,2893.26999973,2893.26999973,2890.33862181,2892.29287375,6.8548
1740044700000000,PAXGUSDT,5m,2892.29287375,2892.29287375,2890.33862181,2892.29287375,1.3972
1740045000000000,PAXGUSDT,5m,2892.29287375,2892.29287375,2890.33862181,2890.33862181,1.232
1740045300000000,PAXGUSDT,5m,2890.33862181,2890.33862181,2888.38569031,2890.33862181,2.1179
1740045600000000,PAXGUSDT,5m,2890.33862181,2891.31508756,2888.38569031,2891.31508756,1.5726
1740045900000000,PAXGUSDT,5m,2891.31508756,2892.29221331,2890.33796182,2891.31508756,0.7803
1740046200000000,PAXGUSDT,5m,2891.31508756,2893.26867884,2889.36149629,2889.36149629,4.4546
1740046500000000,PAXGUSDT,5m,2889.36149629,2889.36149629,2888.38601975,2889.36149629,1.8078
1740046800000000,PAXGUSDT,5m,2889.36149629,2890.33730226,2889.36149629,2890.33730226,0.3881
1740047100000000,PAXGUSDT,5m,2890.33730226,2891.31310824,2889.36149629,2891.31310824,1.0131
1740047400000000,PAXGUSDT,5m,2891.31310824,2892.28924366,2890.33697282,2892.28924366,0.4659
1740047700000000,PAXGUSDT,5m,2892.28924366,2893.26603841,2891.31244891,2891.31244891,3.393
1740048000000000,PAXGUSDT,5m,2891.31244891,2892.28891377,2890.33598405,2890.33598405,5.2737
1740048300000000,PAXGUSDT,5m,2890.33598405,2891.31211914,2890.33598405,2890.33598405,4.8456
1740048600000000,PAXGUSDT,5m,2890.33598405,2892.28759512,2889.36017852,2892.28759512,3.4737
1740048900000000,PAXGUSDT,5m,2892.28759512,2894.23986484,2892.28759512,2894.23986484,3.0516
1740049200000000,PAXGUSDT,5m,2894.23986484,2894.23986484,2892.28759512,2893.26372998,1.1547
1740049500000000,PAXGUSDT,5m,2893.26372998,2893.26372998,2893.26372998,2893.26372998,0.6012
1740049800000000,PAXGUSDT,5m,2893.26372998,2893.26372998,2891.31146025,2892.28759512,4.2324
1740050100000000,PAXGUSDT,5m,2892.28759512,2893.26372998,2891.31146025,2893.26372998,44.1879
1740050400000000,PAXGUSDT,5m,2893.26372998,2894.24019428,2892.28726567,2894.24019428,16.5408
1740050700000000,PAXGUSDT,5m,2894.24019428,2896.19444154,2894.24019428,2896.19444154,1.0317
1740051000000000,PAXGUSDT,5m,2896.19444154,2896.19444154,2895.21731791,2896.19444154,1.1821
1740051300000000,PAXGUSDT,5m,2896.19444154,2896.19444154,2894.23953473,2896.19444154,7.1857
1740051600000000,PAXGUSDT,5m,2896.19444154,2898.15066879,2894.23821429,2894.23821429,1.3099
1740051900000000,PAXGUSDT,5m,2894.23821429,2894.23821429,2893.26142111,2894.23821429,0.1675
1740052200000000,PAXGUSDT,5m,2894.23821429,2895.21533726,2893.26109133,2894.23821429,0.9213
1740052500000000,PAXGUSDT,5m,2894.23821429,2894.23821429,2893.26109133,2893.26109133,1.9408
1740052800000000,PAXGUSDT,5m,2893.26109133,2896.19246022,2890.32972244,2890.32972244,3.1156
1740053100000000,PAXGUSDT,5m,2890.32972244,2891.30486742,2889.35457746,2889.35457746,6.0166
1740053400000000,PAXGUSDT,5m,2889.35457746,2892.27803909,2886.43111583,2892.27803909,6.0428
1740053700000000,PAXGUSDT,5m,2892.27803909,2892.27803909,2891.30157791,2892.27803909,0.2645
1740054000000000,PAXGUSDT,5m,2892.27803909,2898.13680622,2885.44281078,2898.13680622,47.3582
1740054300000000,PAXGUSDT,5m,2898.13680622,2900.09765656,2896.17595588,2896.17595588,20.2124
1740054600000000,PAXGUSDT,5m,2896.17595588,2897.15505526,2894.21775713,2895.1968565,7.5089
1740054900000000,PAXGUSDT,5m,2895.1968565,2895.1968565,2893.2399813,2895.1968565,0.898
1740055200000000,PAXGUSDT,5m,2895.1968565,2896.1752941,2893.2399813,2894.2184189,3.5848
1740055500000000,PAXGUSDT,5m,2894.2184189,2894.2184189,2892.26220503,2893.24031197,1.6153
1740055800000000,PAXGUSDT,5m,2893.24031197,2895.19652584,2891.2840981,2895.19652584,11.8833
1740056100000000,PAXGUSDT,5m,2895.19652584,2895.19652584,2893.23965086,2894.21808835,1.6107
1740056400000000,PAXGUSDT,5m,2894.21808835,2896.174302,2893.23998153,2893.23998153,2.3183
1740056700000000,PAXGUSDT,5m,2893.23998153,2893.23998153,2890.30764371,2890.30764371,2.0539
1740057000000000,PAXGUSDT,5m,2890.30764371,2890.30764371,2889.33052821,2890.30764371,1.1977
1740057300000000,PAXGUSDT,5m,2890.30764371,2890.30764371,2888.35341271,2890.30764371,2.727
1740057600000000,PAXGUSDT,5m,2890.30764371,2892.26187471,2886.39918172,2892.26187471,11.0167
1740057900000000,PAXGUSDT,5m,2892.26187471,2895.19718784,2892.26187471,2895.19718784,3.8663
1740058200000000,PAXGUSDT,5m,2895.19718784,2897.15340216,2894.21908068,2894.21908068,1.5843
1740058500000000,PAXGUSDT,5m,2894.21908068,2895.1968574,2893.24130396,2894.21908068,4.5842
1740058800000000,PAXGUSDT,5m,2894.21908068,2895.19718784,2891.28475921,2892.26286636,2.7109
1740059100000000,PAXGUSDT,5m,2892.26286636,2892.26286636,2886.39223808,2886.39223808,27.7091
1740059400000000,PAXGUSDT,5m,2886.39223808,2887.37067613,2884.43536199,2886.39223808,3.2446
1740059700000000,PAXGUSDT,5m,2886.39223808,2886.39223808,2885.41380004,2886.39223808,1.0908
1740060000000000,PAXGUSDT,5m,2886.39223808,2887.37100792,2881.49838892,2887.37100792,20.4553
1740060300000000,PAXGUSDT,5m,2887.37100792,2887.37100792,2882.47217689,2886.39124171,52.2363
1740060600000000,PAXGUSDT,5m,2886.39124171,2886.39124171,2882.47217689,2884.4317093,15.1968
1740060900000000,PAXGUSDT,5m,2884.4317093,2889.3322049,2879.5312137,2879.5312137,2.7737
1740061200000000,PAXGUSDT,5m,2879.5312137,2882.46153719,2875.62411572,2882.46153719,51.0908
1740061500000000,PAXGUSDT,5m,2882.46153719,2883.44030172,2880.50400813,2881.48277266,9.6652
1740061800000000,PAXGUSDT,5m,2881.48277266,2886.37493356,2881.48277266,2886.37493356,28.6157
1740062100000000,PAXGUSDT,5m,2886.37493356,2897.13768755,2886.37493356,2892.24552665,83.8675
1740062400000000,PAXGUSDT,5m,2892.24552665,2896.16057982,2889.30923678,2889.30923678,10.0938
1740062700000000,PAXGUSDT,5m,2889.30923678,2892.23957069,2883.44856895,2892.23957069,29.117
1740063000000000,PAXGUSDT,5m,2892.23957069,2893.21833196,2891.26080941,2893.21833196,7.5265
1740063300000000,PAXGUSDT,5m,2893.21833196,2895.17651696,2887.34377697,2894.19742446,18.0205
1740063600000000,PAXGUSDT,5m,2894.19742446,2895.17751163,2892.23725011,2893.21733729,13.2249
1740063900000000,PAXGUSDT,5m,2893.21733729,2894.19709257,2891.25782673,2894.19709257,2.5996
1740064200000000,PAXGUSDT,5m,2894.19709257,2895.17784387,2893.21634126,2895.17784387,3.5212
1740064500000000,PAXGUSDT,5m,2895.17784387,2896.15892752,2894.19676022,2896.15892752,3.1949
1740064800000000,PAXGUSDT,5m,2896.15892752,2896.15892752,2893.21567657,2895.17784387,3.3528
1740065100000000,PAXGUSDT,5m,2895.17784387,2896.15892752,2895.17784387,2896.15892752,3.4223
1740065400000000,PAXGUSDT,5m,2896.15892752,2898.12175973,2895.17751141,2896.15892752,3.9519
1740065700000000,PAXGUSDT,5m,2896.15892752,2898.12175973,2895.17751141,2895.17751141,2.9537
1740066000000000,PAXGUSDT,5m,2895.17751141,2897.13901379,2893.21600903,2893.21600903,1.6622
1740066300000000,PAXGUSDT,5m,2893.21600903,2893.21600903,2892.2362542,2893.21600903,0.3445
1740066600000000,PAXGUSDT,5m,2893.21600903,2895.17551869,2891.25649937,2891.25649937,0.2395
1740066900000000,PAXGUSDT,5m,2891.25649937,2891.25649937,2888.32121359,2890.27807078,7.2835
1740067200000000,PAXGUSDT,5m,2890.27807078,2891.25649937,2888.32121359,2891.25649937,0.1421
1740067500000000,PAXGUSDT,5m,2891.25649937,2891.25649937,2890.27740811,2891.25649937,3.1265
1740067800000000,PAXGUSDT,5m,2891.25649937,2891.25649937,2890.27740811,2891.25649937,1.1628
1740068100000000,PAXGUSDT,5m,2891.25649937,2891.25649937,2890.27740811,2891.25649937,0.1562
1740068400000000,PAXGUSDT,5m,2891.25649937,2892.23559064,2890.27740811,2891.25649937,41.3885
1740068700000000,PAXGUSDT,5m,2891.25649937,2893.2146819,2890.27740811,2890.27740811,3.9817
1740069000000000,PAXGUSDT,5m,2890.27740811,2891.25550537,2889.29931085,2890.27740811,11.8095
1740069300000000,PAXGUSDT,5m,2890.27740811,2890.27740811,2889.29964173,2890.27740811,7.7508
1740069600000000,PAXGUSDT,5m,2890.27740811,2891.25517449,2889.29964173,2891.25517449,1.7122
1740069900000000,PAXGUSDT,5m,2891.25517449,2891.25517449,2890.27707734,2891.25517449,1.9023
1740070200000000,PAXGUSDT,5m,2891.25517449,2891.25517449,2890.27707734,2891.25517449,0.5958
1740070500000000,PAXGUSDT,5m,2891.25517449,2891.25517449,2890.27707734,2891.25517449,0.6848
1740070800000000,PAXGUSDT,5m,2891.25517449,2892.23327164,2891.25517449,2892.23327164,1.6453
1740071100000000,PAXGUSDT,5m,2892.23327164,2892.23327164,2891.25517449,2892.23327164,1.0437
1740071400000000,PAXGUSDT,5m,2892.23327164,2892.23327164,2891.25517449,2892.23327164,0.816
1740071700000000,PAXGUSDT,5m,2892.23327164,2892.23327164,2891.25517449,2892.23327164,0.3303
1740072000000000,PAXGUSDT,5m,2892.23327164,2893.21136879,2891.25517449,2893.21136879,1.0266
1740072300000000,PAXGUSDT,5m,2893.21136879,2893.21136879,2892.23294086,2892.23294086,2.1179
1740072600000000,PAXGUSDT,5m,2892.23294086,2893.21136879,2892.23294086,2892.23294086,0.4086
1740072900000000,PAXGUSDT,5m,2892.23294086,2893.21136879,2892.23294086,2892.23294086,3.4901
1740073200000000,PAXGUSDT,5m,2892.23294086,2893.2110379,2891.25484383,2893.2110379,2.8238
1740073500000000,PAXGUSDT,5m,2893.2110379,2894.18979671,2893.2110379,2893.2110379,0.9966
1740073800000000,PAXGUSDT,5m,2893.2110379,2894.18946571,2892.23261009,2894.18946571,2.595
1740074100000000,PAXGUSDT,5m,2894.18946571,2894.18946571,2893.21070702,2893.21070702,0.7817
1740074400000000,PAXGUSDT,5m,2893.21070702,2895.16756241,2890.27542392,2895.16756241,12.2254
1740074700000000,PAXGUSDT,5m,2895.16756241,2896.14698311,2894.18814172,2894.18814172,3.7265
1740075000000000,PAXGUSDT,5m,2894.18814172,2895.16723108,2892.22996301,2894.18814172,9.6032
1740075300000000,PAXGUSDT,5m,2894.18814172,2896.14565822,2890.27310873,2896.14565822,25.7069
1740075600000000,PAXGUSDT,5m,2896.14565822,2898.10516137,2895.16590665,2897.1254098,9.9401
1740075900000000,PAXGUSDT,5m,2897.1254098,2898.10516137,2897.1254098,2897.1254098,1.2056
1740076200000000,PAXGUSDT,5m,2897.1254098,2898.10516137,2897.1254098,2897.1254098,2.3732
1740076500000000,PAXGUSDT,5m,2897.1254098,2900.06466452,2897.1254098,2899.08491295,14.8213
1740076800000000,PAXGUSDT,5m,2899.08491295,2901.0444161,2897.1254098,2901.0444161,25.7391
1740077100000000,PAXGUSDT,5m,2901.0444161,2902.02516134,2900.06367086,2902.02516134,2.9448
1740077400000000,PAXGUSDT,5m,2902.02516134,2902.02516134,2897.12143515,2901.0444161,14.7175
1740077700000000,PAXGUSDT,5m,2901.0444161,2903.00590658,2899.08292562,2899.08292562,4.8943
1740078000000000,PAXGUSDT,5m,2899.08292562,2899.08292562,2898.10350572,2899.08292562,1.4979
1740078300000000,PAXGUSDT,5m,2899.08292562,2903.98002516,2893.20640618,2903.98002516,49.883
1740078600000000,PAXGUSDT,5m,2903.98002516,2904.96242706,2902.99762326,2904.96242706,12.7341
1740078900000000,PAXGUSDT,5m,2904.96242706,2904.96242706,2903.98002516,2904.96242706,2.8479
1740079200000000,PAXGUSDT,5m,2904.96242706,2905.94482897,2903.98002516,2905.94482897,6.7294
1740079500000000,PAXGUSDT,5m,2905.94482897,2910.8601619,2903.97869579,2903.97869579,24.6317
1740079800000000,PAXGUSDT,5m,2903.97869579,2903.97869579,2902.01588491,2903.97869579,2.0664
1740080100000000,PAXGUSDT,5m,2903.97869579,2903.97869579,2901.03348413,2901.03348413,24.616
1740080400000000,PAXGUSDT,5m,2901.03348413,2901.03348413,2899.07000969,2900.05174691,0.4093
1740080700000000,PAXGUSDT,5m,2900.05174691,2902.0145569,2898.08893693,2898.08893693,2.4445
1740081000000000,PAXGUSDT,5m,2898.08893693,2900.05041845,2896.12745542,2896.12745542,0.4186
1740081300000000,PAXGUSDT,5m,2896.12745542,2896.12745542,2894.16862724,2895.14804133,1.0679
1740081600000000,PAXGUSDT,5m,2895.14804133,2896.12745542,2894.16862724,2894.16862724,0.8499
1740081900000000,PAXGUSDT,5m,2894.16862724,2894.16862724,2892.21112395,2894.16862724,3.6367
1740082200000000,PAXGUSDT,5m,2894.16862724,2895.14737889,2891.2323723,2895.14737889,3.5189
1740082500000000,PAXGUSDT,5m,2895.14737889,2897.10620662,2893.18855117,2897.10620662,1.081
1740082800000000,PAXGUSDT,5m,2897.10620662,2899.067023,2881.41967555,2890.24334928,119.1762
1740083100000000,PAXGUSDT,5m,2890.24334928,2893.18357649,2872.60198601,2883.38281912,166.8947
1740083400000000,PAXGUSDT,5m,2883.38281912,2884.36289485,2881.42266764,2883.38281912,13.2915
1740083700000000,PAXGUSDT,5m,2883.38281912,2885.34363708,2882.40241013,2882.40241013,8.4376
1740084000000000,PAXGUSDT,5m,2882.40241013,2890.24301513,2882.40241013,2887.30278825,9.7071
1740084300000000,PAXGUSDT,5m,2887.30278825,2887.30278825,2886.32271263,2887.30278825,3.0016
1740084600000000,PAXGUSDT,5m,2887.30278825,2889.2629395,2885.34263701,2885.34263701,2.2897
1740084900000000,PAXGUSDT,5m,2885.34263701,2886.32138281,2883.38514539,2886.32138281,1.5379
1740085200000000,PAXGUSDT,5m,2886.32138281,2887.3011253,2885.34164032,2885.34164032,1.753
1740085500000000,PAXGUSDT,5m,2885.34164032,2888.27887307,2883.38348515,2886.3207179,12.1523
1740085800000000,PAXGUSDT,5m,2886.3207179,2889.2599447,2883.3814911,2889.2599447,0.6845
1740086100000000,PAXGUSDT,5m,2889.2599447,2893.18690351,2885.33298589,2885.33298589,6.8633
1740086400000000,PAXGUSDT,5m,2885.33298589,2886.31239288,2884.35357891,2884.35357891,0.3972
1740086700000000,PAXGUSDT,5m,2884.35357891,2886.31172798,2882.39542984,2882.39542984,1.7089
1740087000000000,PAXGUSDT,5m,2882.39542984,2884.35224954,2882.39542984,2884.35224954,0.5276
1740087300000000,PAXGUSDT,5m,2884.35224954,2884.35224954,2882.39542984,2883.37383969,1.2937
1740087600000000,PAXGUSDT,5m,2883.37383969,2886.30906925,2880.43861013,2880.43861013,5.5291
1740087900000000,PAXGUSDT,5m,2880.43861013,2880.43861013,2878.48510819,2880.43861013,3.3804
1740088200000000,PAXGUSDT,5m,2880.43861013,2883.37085167,2879.46119628,2879.46119628,3.1022
1740088500000000,PAXGUSDT,5m,2879.46119628,2881.41469777,2877.50769479,2877.50769479,0.869
1740088800000000,PAXGUSDT,5m,2877.50769479,2879.45987097,2877.50769479,2877.50769479,0.4359
1740089100000000,PAXGUSDT,5m,2877.50769479,2879.459209,2875.55618059,2876.53193769,3.08
1740089400000000,PAXGUSDT,5m,2876.53193769,2876.53193769,2872.63023279,2872.63023279,2.3205
1740089700000000,PAXGUSDT,5m,2872.63023279,2872.63023279,2869.70594005,2871.65546854,4.7367
1740090000000000,PAXGUSDT,5m,2871.65546854,2878.48345369,2871.65546854,2877.50802724,3.8704
1740090300000000,PAXGUSDT,5m,2877.50802724,2878.48345369,2875.55717434,2878.48345369,4.7062
1740090600000000,PAXGUSDT,5m,2878.48345369,2880.4349679,2877.50769659,2879.45921079,4.8366
1740090900000000,PAXGUSDT,5m,2879.45921079,2886.29182587,2878.48312293,2880.43529866,21.2951
1740091200000000,PAXGUSDT,5m,2880.43529866,2885.315738,2875.55485932,2885.315738,1.2888
1740091500000000,PAXGUSDT,5m,2885.315738,2885.315738,2884.33666921,2885.315738,0.5141
1740091800000000,PAXGUSDT,5m,2885.315738,2886.2948068,2884.33666921,2885.315738,1.1484
1740092100000000,PAXGUSDT,5m,2885.315738,2885.315738,2884.33666921,2885.315738,0.4046
1740092400000000,PAXGUSDT,5m,2885.315738,2885.315738,2883.35826464,2885.315738,0.3602
1740092700000000,PAXGUSDT,5m,2885.315738,2885.315738,2884.33700132,2885.315738,0.5134
1740093000000000,PAXGUSDT,5m,2885.315738,2885.315738,2883.35826464,2885.315738,0.7222
1740093300000000,PAXGUSDT,5m,2885.315738,2885.315738,2883.35826464,2885.315738,1.1336
1740093600000000,PAXGUSDT,5m,2885.315738,2886.29447468,2880.42205459,2886.29447468,7.3054
1740093900000000,PAXGUSDT,5m,2886.29447468,2888.2539414,2884.33500797,2884.33500797,0.8465
1740094200000000,PAXGUSDT,5m,2884.33500797,2888.24995199,2880.42006395,2880.42006395,5.7096
1740094500000000,PAXGUSDT,5m,2880.42006395,2882.37355331,2880.42006395,2880.42006395,5.2538
1740094800000000,PAXGUSDT,5m,2880.42006395,2883.34831206,2877.49181583,2882.37222936,12.2619
1740095100000000,PAXGUSDT,5m,2882.37222936,2883.34831206,2881.39614665,2882.37222936,0.1566
1740095400000000,PAXGUSDT,5m,2882.37222936,2884.32439477,2881.39614665,2884.32439477,1.2602
1740095700000000,PAXGUSDT,5m,2884.32439477,2886.27788234,2882.3709072,2884.32439477,15.3912
1740096000000000,PAXGUSDT,5m,2884.32439477,2885.30113855,2882.3709072,2883.34765098,0.8239
1740096300000000,PAXGUSDT,5m,2883.34765098,2883.34765098,2880.41940354,2882.3715685,0.2003
1740096600000000,PAXGUSDT,5m,2882.3715685,2884.32505652,2882.3715685,2882.3715685,0.9532
1740096900000000,PAXGUSDT,5m,2882.3715685,2882.3715685,2880.41940354,2880.41940354,0.5179
1740097200000000,PAXGUSDT,5m,2880.41940354,2882.3709072,2879.44365171,2882.3709072,1.3398
1740097500000000,PAXGUSDT,5m,2882.3709072,2883.34732011,2882.3709072,2882.3709072,0.5567
1740097800000000,PAXGUSDT,5m,2882.3709072,2882.3709072,2880.41874268,2881.39482494,0.1805
1740098100000000,PAXGUSDT,5m,2881.39482494,2883.34765098,2881.39482494,2883.34765098,0.0967
1740098400000000,PAXGUSDT,5m,2883.34765098,2885.30180053,2883.34765098,2884.32472576,0.7973
1740098700000000,PAXGUSDT,5m,2884.32472576,2885.30213163,2884.32472576,2885.30213163,0.1657
1740099000000000,PAXGUSDT,5m,2885.30213163,2886.27986871,2884.32439454,2884.32439454,1.4003
1740099300000000,PAXGUSDT,5m,2884.32439454,2885.3018003,2883.34698878,2883.34698878,1.9337
1740099600000000,PAXGUSDT,5m,2883.34698878,2884.32373234,2881.39350166,2883.34698878,0.609
1740099900000000,PAXGUSDT,5m,2883.34698878,2886.27721946,2881.39350166,2881.39350166,7.8714
1740100200000000,PAXGUSDT,5m,2881.39350166,2883.34500421,2881.39350166,2882.36925294,0.3918
1740100500000000,PAXGUSDT,5m,2882.36925294,2884.32141633,2882.36925294,2883.34533463,5.194
1740100800000000,PAXGUSDT,5m,2883.34533463,2885.29815911,2881.39251016,2881.39251016,0.7912
1740101100000000,PAXGUSDT,5m,2881.39251016,2882.36793078,2879.44166892,2882.36793078,3.605
1740101400000000,PAXGUSDT,5m,2882.36793078,2884.32075458,2880.41510698,2880.41510698,0.2607
1740101700000000,PAXGUSDT,5m,2880.41510698,2881.39019672,2878.46492749,2880.41510698,3.4308
1740102000000000,PAXGUSDT,5m,2880.41510698,2882.36660773,2878.46360623,2879.4393566,2.4763
1740102300000000,PAXGUSDT,5m,2879.4393566,2885.29584343,2872.60678864,2885.29584343,20.0534
1740102600000000,PAXGUSDT,5m,2885.29584343,2886.27590316,2882.35566424,2882.35566424,12.0933
1740102900000000,PAXGUSDT,5m,2882.35566424,2884.31445165,2880.39687684,2882.35566424,1.0154
1740103200000000,PAXGUSDT,5m,2882.35566424,2887.25263275,2882.35566424,2884.31445165,4.6874
1740103500000000,PAXGUSDT,5m,2884.31445165,2888.23202645,2884.31445165,2888.23202645,0.5603
1740103800000000,PAXGUSDT,5m,2888.23202645,2889.21175238,2888.23202645,2888.23202645,0.7716
1740104100000000,PAXGUSDT,5m,2888.23202645,2892.15093015,2884.31312275,2884.31312275,4.8348
1740104400000000,PAXGUSDT,5m,2884.31312275,2885.29019359,2883.33605191,2885.29019359,1.0635
1740104700000000,PAXGUSDT,5m,2885.29019359,2887.24565967,2884.31246056,2885.29019359,12.5506
1740105000000000,PAXGUSDT,5m,2885.29019359,2886.26825807,2885.29019359,2885.29019359,0.7145
1740105300000000,PAXGUSDT,5m,2885.29019359,2886.26825807,2882.35600018,2886.26825807,0.7238
1740105600000000,PAXGUSDT,5m,2886.26825807,2886.26825807,2883.3310787,2886.26825807,3.0014
1740105900000000,PAXGUSDT,5m,2886.26825807,2888.22637764,2886.26825807,2886.26825807,0.1133
1740106200000000,PAXGUSDT,5m,2886.26825807,2886.26825807,2884.31146603,2884.31146603,1.8073
1740106500000000,PAXGUSDT,5m,2884.31146603,2885.28953027,2883.33340178,2883.33340178,0.1179
1740106800000000,PAXGUSDT,5m,2883.33340178,2885.28953027,2883.33340178,2885.28953027,0.4319
1740107100000000,PAXGUSDT,5m,2885.28953027,2886.26759452,2884.31146603,2886.26759452,0.4586
1740107400000000,PAXGUSDT,5m,2886.26759452,2887.24632209,2884.31013939,2887.24632209,1.9941
1740107700000000,PAXGUSDT,5m,2887.24632209,2887.24632209,2886.26693053,2887.24632209,0.1195
1740108000000000,PAXGUSDT,5m,2887.24632209,2888.22571365,2886.26693053,2886.26693053,0.4249
1740108300000000,PAXGUSDT,5m,2886.26693053,2887.24598987,2884.30881185,2887.24598987,3.1865
1740108600000000,PAXGUSDT,5m,2887.24598987,2888.22571365,2886.26626608,2888.22571365,0.4415
1740108900000000,PAXGUSDT,5m,2888.22571365,2888.22571365,2887.24565742,2888.22571365,0.8546
1740109200000000,PAXGUSDT,5m,2888.22571365,2888.22571365,2887.24565742,2888.22571365,1.1161
1740109500000000,PAXGUSDT,5m,2888.22571365,2888.22571365,2887.24565742,2888.22571365,0.1857
1740109800000000,PAXGUSDT,5m,2888.22571365,2888.22571365,2887.24565742,2888.22571365,0.3043
1740110100000000,PAXGUSDT,5m,2888.22571365,2889.20610255,2887.24532474,2887.24532474,1.9515
1740110400000000,PAXGUSDT,5m,2887.24532474,2887.24532474,2886.26560119,2887.24532474,0.1206
1740110700000000,PAXGUSDT,5m,2887.24532474,2887.24532474,2885.28587763,2887.24532474,9.8437
1740111000000000,PAXGUSDT,5m,2887.24532474,2888.22538086,2887.24532474,2888.22538086,0.0595
1740111300000000,PAXGUSDT,5m,2888.22538086,2889.20576966,2888.22538086,2888.22538086,0.1031
1740111600000000,PAXGUSDT,5m,2888.22538086,2889.20576966,2888.22538086,2888.22538086,0.2766
1740111900000000,PAXGUSDT,5m,2888.22538086,2888.22538086,2887.24532474,2888.22538086,0.3361
1740112200000000,PAXGUSDT,5m,2888.22538086,2891.16554922,2886.26526863,2886.26526863,1.9763
1740112500000000,PAXGUSDT,5m,2886.26526863,2888.22272218,2886.26526863,2888.22272218,1.7203
1740112800000000,PAXGUSDT,5m,2888.22272218,2890.18083928,2886.26460508,2890.18083928,8.1653
1740113100000000,PAXGUSDT,5m,2890.18083928,2891.16122627,2888.22006531,2888.22006531,2.9086
1740113400000000,PAXGUSDT,5m,2888.22006531,2890.18083928,2885.27890434,2890.18083928,17.2809
1740113700000000,PAXGUSDT,5m,2890.18083928,2891.16189184,2889.19978672,2891.16189184,0.7183
1740114000000000,PAXGUSDT,5m,2891.16189184,2892.1429444,2890.18083928,2890.18083928,0.8733
1740114300000000,PAXGUSDT,5m,2890.18083928,2892.14161326,2888.22006531,2892.14161326,2.7207
1740114600000000,PAXGUSDT,5m,2892.14161326,2893.12366474,2892.14161326,2892.14161326,0.1163
1740114900000000,PAXGUSDT,5m,2892.14161326,2893.12366474,2891.15956178,2893.12366474,0.3885
1740115200000000,PAXGUSDT,5m,2893.12366474,2893.12366474,2892.14161326,2893.12366474,0.9876
1740115500000000,PAXGUSDT,5m,2893.12366474,2893.12366474,2891.15956178,2893.12366474,3.1729
1740115800000000,PAXGUSDT,5m,2893.12366474,2894.10604968,2891.15889485,2894.10604968,7.7812
1740116100000000,PAXGUSDT,5m,2894.10604968,2894.10604968,2892.14127979,2894.10604968,0.4135
1740116400000000,PAXGUSDT,5m,2894.10604968,2895.08843463,2893.12366474,2895.08843463,1.8028
1740116700000000,PAXGUSDT,5m,2895.08843463,2896.07081958,2894.10604968,2895.08843463,0.2565
1740117000000000,PAXGUSDT,5m,2895.08843463,2896.07081958,2894.10604968,2896.07081958,0.6248
1740117300000000,PAXGUSDT,5m,2896.07081958,2898.03692332,2896.07081958,2897.05387145,0.2313
1740117600000000,PAXGUSDT,5m,2897.05387145,2898.03692332,2895.0877677,2898.03692332,1.0069
1740117900000000,PAXGUSDT,5m,2898.03692332,2899.02097661,2898.03692332,2898.03692332,1.1838
1740118200000000,PAXGUSDT,5m,2898.03692332,2899.02030877,2896.07015242,2899.02030877,0.1714
1740118500000000,PAXGUSDT,5m,2899.02030877,2900.00469598,2898.03592157,2900.00469598,1.2101
1740118800000000,PAXGUSDT,5m,2900.00469598,2900.98908318,2899.02030877,2900.98908318,0.1678
1740119100000000,PAXGUSDT,5m,2900.98908318,2900.98908318,2900.00436183,2900.98908318,0.4624
1740119400000000,PAXGUSDT,5m,2900.98908318,2900.98908318,2900.00436183,2900.98908318,0.4872
1740119700000000,PAXGUSDT,5m,2900.98908318,2900.98908318,2900.00436183,2900.98908318,0.375
1740120000000000,PAXGUSDT,5m,2900.98908318,2900.98908318,2900.00436183,2900.98908318,0.6736
1740120300000000,PAXGUSDT,5m,2900.98908318,2901.97380452,2899.01964049,2900.00436183,16.5359
1740120600000000,PAXGUSDT,5m,2900.00436183,2900.00436183,2899.01964049,2900.00436183,1.0467
1740120900000000,PAXGUSDT,5m,2900.00436183,2905.9126899,2897.0501978,2897.0501978,24.4639
1740121200000000,PAXGUSDT,5m,2897.0501978,2897.0501978,2894.10204631,2894.10204631,1.1523
1740121500000000,PAXGUSDT,5m,2894.10204631,2896.06748063,2892.13661198,2892.13661198,0.2329
1740121800000000,PAXGUSDT,5m,2892.13661198,2892.13661198,2890.17384536,2892.13661198,0.4469
1740122100000000,PAXGUSDT,5m,2892.13661198,2892.13661198,2891.15522867,2891.15522867,0.2583
1740122400000000,PAXGUSDT,5m,2891.15522867,2891.15522867,2890.17417837,2891.15522867,0.3872
1740122700000000,PAXGUSDT,5m,2891.15522867,2891.15522867,2890.17417837,2891.15522867,0.5217
1740123000000000,PAXGUSDT,5m,2891.15522867,2893.11732927,2889.19312807,2893.11732927,0.5002
1740123300000000,PAXGUSDT,5m,2893.11732927,2894.0993786,2892.13527993,2893.11732927,1.9648
1740123600000000,PAXGUSDT,5m,2893.11732927,2894.0993786,2892.13527993,2892.13527993,0.6417
1740123900000000,PAXGUSDT,5m,2892.13527993,2892.13527993,2890.17251422,2892.13527993,1.0702
1740124200000000,PAXGUSDT,5m,2892.13527993,2892.13527993,2891.15389708,2892.13527993,0.1223
1740124500000000,PAXGUSDT,5m,2892.13527993,2892.13527993,2891.15389708,2892.13527993,0.0847
1740124800000000,PAXGUSDT,5m,2892.13527993,2892.13527993,2891.15389708,2892.13527993,3.6199
1740125100000000,PAXGUSDT,5m,2892.13527993,2894.09804565,2889.19113136,2894.09804565,22.9662
1740125400000000,PAXGUSDT,5m,2894.09804565,2896.06481292,2892.13127837,2896.06481292,3.2008
1740125700000000,PAXGUSDT,5m,2896.06481292,2899.01797215,2895.08042652,2896.06481292,18.0806
1740126000000000,PAXGUSDT,5m,2896.06481292,2899.01897628,2892.12592845,2899.01897628,7.5
1740126300000000,PAXGUSDT,5m,2899.01897628,2902.96321979,2896.06079365,2896.06079365,12.1643
1740126600000000,PAXGUSDT,5m,2896.06079365,2900.00503716,2893.10261103,2893.10261103,4.2732
1740126900000000,PAXGUSDT,5m,2893.10261103,2894.08665953,2891.13451401,2894.08665953,1.0668
1740127200000000,PAXGUSDT,5m,2894.08665953,2895.07070804,2893.10261103,2894.08665953,1.4117
1740127500000000,PAXGUSDT,5m,2894.08665953,2894.08665953,2893.10261103,2894.08665953,0.2479
1740127800000000,PAXGUSDT,5m,2894.08665953,2894.08665953,2893.10261103,2894.08665953,0.4949
1740128100000000,PAXGUSDT,5m,2894.08665953,2895.07104275,2893.10227632,2894.08665953,1.4738
1740128400000000,PAXGUSDT,5m,2894.08665953,2895.07104275,2894.08665953,2894.08665953,2.5346
1740128700000000,PAXGUSDT,5m,2894.08665953,2896.05542597,2892.1178931,2892.1178931,5.5945
1740129000000000,PAXGUSDT,5m,2892.1178931,2894.08532024,2891.13417953,2893.10160667,4.543
1740129300000000,PAXGUSDT,5m,2893.10160667,2898.02352162,2891.13284069,2891.13284069,41.3772
1740129600000000,PAXGUSDT,5m,2891.13284069,2893.09892898,2890.14979654,2891.13284069,7.8288
1740129900000000,PAXGUSDT,5m,2891.13284069,2892.11588484,2889.16675239,2892.11588484,9.4732
1740130200000000,PAXGUSDT,5m,2892.11588484,2894.08398003,2891.13183724,2891.13183724,12.687
1740130500000000,PAXGUSDT,5m,2891.13183724,2896.04705628,2890.14879343,2893.09792485,12.9603
1740130800000000,PAXGUSDT,5m,2893.09792485,2894.08096866,2891.13183724,2893.09792485,5.858
1740131100000000,PAXGUSDT,5m,2893.09792485,2895.06468075,2891.13116896,2895.06468075,10.8054
1740131400000000,PAXGUSDT,5m,2895.06468075,2898.01782391,2892.11153759,2892.11153759,10.9701
1740131700000000,PAXGUSDT,5m,2892.11153759,2892.11153759,2888.18203822,2891.12916275,6.493
1740132000000000,PAXGUSDT,5m,2891.12916275,2891.12916275,2890.1467879,2890.1467879,0.5364
1740132300000000,PAXGUSDT,5m,2890.1467879,2891.12882895,2889.16474686,2891.12882895,2.4634
1740132600000000,PAXGUSDT,5m,2891.12882895,2892.11086999,2890.1467879,2890.1467879,2.6508
1740132900000000,PAXGUSDT,5m,2890.1467879,2891.12849537,2888.18337297,2888.18337297,1.9684
1740133200000000,PAXGUSDT,5m,2888.18337297,2891.12649461,2886.22129187,2890.14545406,14.7784
1740133500000000,PAXGUSDT,5m,2890.14545406,2890.14545406,2888.18403875,2888.18403875,1.7202
1740133800000000,PAXGUSDT,5m,2888.18403875,2890.14545406,2887.2033311,2887.2033311,0.5725
1740134100000000,PAXGUSDT,5m,2887.2033311,2889.16408039,2887.2033311,2887.2033311,1.5226
1740134400000000,PAXGUSDT,5m,2887.2033311,2888.18337297,2886.22328924,2888.18337297,1.0295
1740134700000000,PAXGUSDT,5m,2888.18337297,2890.14478782,2888.18337297,2888.18337297,0.6589
1740135000000000,PAXGUSDT,5m,2888.18337297,2889.1637475,2887.20299843,2889.1637475,2.0845
1740135300000000,PAXGUSDT,5m,2889.1637475,2891.12582814,2889.1637475,2891.12582814,1.7424
1740135600000000,PAXGUSDT,5m,2891.12582814,2893.08790879,2889.1637475,2893.08790879,0.4671
1740135900000000,PAXGUSDT,5m,2893.08790879,2894.07028159,2892.10553598,2892.10553598,1.8987
1740136200000000,PAXGUSDT,5m,2892.10553598,2894.06961444,2890.14145752,2890.14145752,21.6456
1740136500000000,PAXGUSDT,5m,2890.14145752,2891.12249671,2890.14145752,2890.14145752,2.444
1740136800000000,PAXGUSDT,5m,2890.14145752,2890.14145752,2889.16075122,2890.14145752,1.2291
1740137100000000,PAXGUSDT,5m,2890.14145752,2892.1035359,2890.14145752,2892.1035359,19.417
1740137400000000,PAXGUSDT,5m,2892.1035359,2893.08457509,2891.12249671,2893.08457509,0.4118
1740137700000000,PAXGUSDT,5m,2893.08457509,2894.06594706,2892.10320312,2892.10320312,1.0646
1740138000000000,PAXGUSDT,5m,2892.10320312,2893.08390953,2890.1417903,2893.08390953,0.159
1740138300000000,PAXGUSDT,5m,2893.08390953,2894.06528128,2892.10253778,2894.06528128,0.6545
1740138600000000,PAXGUSDT,5m,2894.06528128,2895.04698592,2893.08357664,2894.06528128,0.8469
1740138900000000,PAXGUSDT,5m,2894.06528128,2894.06528128,2892.10187199,2892.10187199,0.6804
1740139200000000,PAXGUSDT,5m,2892.10187199,2893.08324352,2891.12050047,2893.08324352,0.7202
1740139500000000,PAXGUSDT,5m,2893.08324352,2893.08324352,2890.13713023,2890.13713023,3.6841
1740139800000000,PAXGUSDT,5m,2890.13713023,2892.10120575,2888.17305471,2888.17305471,6.1653
1740140100000000,PAXGUSDT,5m,2888.17305471,2893.08324352,2885.22694143,2885.22694143,5.0227
1740140400000000,PAXGUSDT,5m,2885.22694143,2887.18701408,2884.2469051,2885.22694143,7.5605
1740140700000000,PAXGUSDT,5m,2885.22694143,2887.18568341,2883.26819945,2887.18568341,1.3588
1740141000000000,PAXGUSDT,5m,2887.18568341,2890.12778839,2886.20498175,2886.20498175,3.3125
1740141300000000,PAXGUSDT,5m,2886.20498175,2889.1450887,2885.22494611,2886.20498175,8.8548
1740141600000000,PAXGUSDT,5m,2886.20498175,2889.1450887,2885.22494611,2885.22494611,4.389
1740141900000000,PAXGUSDT,5m,2885.22494611,2887.18368673,2885.22494611,2885.22494611,6.2228
1740142200000000,PAXGUSDT,5m,2885.22494611,2886.20398409,2884.24590812,2886.20398409,1.8631
1740142500000000,PAXGUSDT,5m,2886.20398409,2887.18368673,2884.24457881,2884.24457881,4.6201
1740142800000000,PAXGUSDT,5m,2884.24457881,2885.22361634,2880.32842867,2885.22361634,4.937
1740143100000000,PAXGUSDT,5m,2885.22361634,2888.16472095,2884.24324814,2884.24324814,4.3516
1740143400000000,PAXGUSDT,5m,2884.24324814,2889.14175909,2884.24324814,2888.1620569,27.2093
1740143700000000,PAXGUSDT,5m,2888.1620569,2891.10116347,2885.22295033,2891.10116347,3.0093
1740144000000000,PAXGUSDT,5m,2891.10116347,2892.08286166,2891.10116347,2891.10116347,2.6946
1740144300000000,PAXGUSDT,5m,2891.10116347,2893.06455985,2891.10116347,2891.10116347,3.6027
1740144600000000,PAXGUSDT,5m,2891.10116347,2893.06455985,2888.15606891,2893.06455985,7.5809
1740144900000000,PAXGUSDT,5m,2893.06455985,2896.01265553,2890.11646417,2890.11646417,17.8144
1740145200000000,PAXGUSDT,5m,2890.11646417,2890.11646417,2888.15506854,2889.13576635,11.9292
1740145500000000,PAXGUSDT,5m,2889.13576635,2890.11646417,2888.15506854,2890.11646417,0.3042
1740145800000000,PAXGUSDT,5m,2890.11646417,2891.097828,2888.15373652,2891.097828,4.3896
1740146100000000,PAXGUSDT,5m,2891.097828,2891.097828,2890.11579748,2890.11579748,3.4416
1740146400000000,PAXGUSDT,5m,2890.11579748,2892.07985851,2889.13376697,2889.13376697,1.0994
1740146700000000,PAXGUSDT,5m,2889.13376697,2890.1154638,2888.15207014,2888.15207014,1.1698
1740147000000000,PAXGUSDT,5m,2888.15207014,2890.11479666,2888.15207014,2889.1334334,4.5159
1740147300000000,PAXGUSDT,5m,2889.1334334,2892.07652349,2888.15240337,2888.15240337,3.9942
1740147600000000,PAXGUSDT,5m,2888.15240337,2889.13243473,2887.17237202,2889.13243473,3.1827
1740147900000000,PAXGUSDT,5m,2889.13243473,2890.11279863,2888.15207082,2890.11279863,3.2729
1740148200000000,PAXGUSDT,5m,2890.11279863,2890.11279863,2887.17070892,2889.13210206,2.8866
1740148500000000,PAXGUSDT,5m,2889.13210206,2890.11313164,2886.18901333,2890.11313164,6.1523
1740148800000000,PAXGUSDT,5m,2890.11313164,2890.11313164,2889.1314356,2889.1314356,4.9802
1740149100000000,PAXGUSDT,5m,2889.1314356,2895.01961108,2884.2246227,2884.2246227,3.3246
1740149400000000,PAXGUSDT,5m,2884.2246227,2885.20298926,2883.24625614,2883.24625614,0.6952
1740149700000000,PAXGUSDT,5m,2883.24625614,2883.24625614,2882.2685531,2883.24625614,1.5935
1740150000000000,PAXGUSDT,5m,2883.24625614,2883.24625614,2879.33544399,2883.24625614,3.3343
1740150300000000,PAXGUSDT,5m,2883.24625614,2884.22395918,2881.29085007,2883.24625614,1.8455
1740150600000000,PAXGUSDT,5m,2883.24625614,2885.20298926,2880.31115646,2881.28952302,1.6878
1740150900000000,PAXGUSDT,5m,2881.28952302,2883.24692079,2880.31082413,2882.2682219,5.4294
1740151200000000,PAXGUSDT,5m,2882.2682219,2883.24791879,2880.30882814,2880.30882814,8.3911
1740151500000000,PAXGUSDT,5m,2880.30882814,2880.30882814,2875.41367378,2876.39270465,11.3433
1740151800000000,PAXGUSDT,5m,2876.39270465,2879.32979727,2875.41367378,2879.32979727,8.1042
1740152100000000,PAXGUSDT,5m,2879.32979727,2879.32979727,2874.43297789,2875.41234176,25.9923
1740152400000000,PAXGUSDT,5m,2875.41234176,2878.35043339,2873.45361401,2873.45361401,31.6176
1740152700000000,PAXGUSDT,5m,2873.45361401,2877.36706803,2871.496887,2871.496887,19.7598
1740153000000000,PAXGUSDT,5m,2871.496887,2874.42798284,2870.51985506,2872.47391895,11.7184
1740153300000000,PAXGUSDT,5m,2872.47391895,2872.47391895,2869.54381974,2869.54381974,9.9073
1740153600000000,PAXGUSDT,5m,2869.54381974,2871.49655456,2867.59108492,2867.59108492,3.0006
1740153900000000,PAXGUSDT,5m,2867.59108492,2870.51819389,2864.66397595,2864.66397595,3.6683
1740154200000000,PAXGUSDT,5m,2864.66397595,2866.61206434,2863.68993176,2863.68993176,11.8829
1740154500000000,PAXGUSDT,5m,2863.68993176,2865.63669582,2863.68993176,2863.68993176,3.1138
1740154800000000,PAXGUSDT,5m,2863.68993176,2866.61007785,2861.7431677,2861.7431677,16.312
1740155100000000,PAXGUSDT,5m,2861.7431677,2861.7431677,2859.7990487,2861.7431677,9.1269
1740155400000000,PAXGUSDT,5m,2861.7431677,2863.6872867,2857.8549297,2861.7431677,54.7405
1740155700000000,PAXGUSDT,5m,2861.7431677,2861.7431677,2860.77143827,2861.7431677,5.9374
1740156000000000,PAXGUSDT,5m,2861.7431677,2862.71489713,2860.77143827,2860.77143827,0.6328
1740156300000000,PAXGUSDT,5m,2860.77143827,2863.68563668,2859.8000388,2859.8000388,15.3812
1740156600000000,PAXGUSDT,5m,2859.8000388,2859.8000388,2858.8296282,2859.8000388,0.2254
1740156900000000,PAXGUSDT,5m,2859.8000388,2861.74086,2858.8296282,2858.8296282,3.4367
1740157200000000,PAXGUSDT,5m,2858.8296282,2858.8296282,2857.86020479,2857.86020479,0.1402
1740157500000000,PAXGUSDT,5m,2857.86020479,2858.82929947,2857.86020479,2858.82929947,1.8436
1740157800000000,PAXGUSDT,5m,2858.82929947,2858.82929947,2857.86020479,2858.82929947,0.8479
1740158100000000,PAXGUSDT,5m,2858.82929947,2859.79872277,2858.82929947,2859.79872277,5.8596
1740158400000000,PAXGUSDT,5m,2859.79872277,2866.58468584,2856.89045288,2856.89045288,85.9339
1740158700000000,PAXGUSDT,5m,2856.89045288,2861.72935947,2855.92267156,2858.82601552,27.8609
1740159000000000,PAXGUSDT,5m,2858.82601552,2859.79412457,2857.85790647,2858.82601552,0.2942
1740159300000000,PAXGUSDT,5m,2858.82601552,2859.79445252,2858.82601552,2858.82601552,9.2277
1740159600000000,PAXGUSDT,5m,2858.82601552,2859.79445252,2856.88914152,2856.88914152,10.9688
1740159900000000,PAXGUSDT,5m,2856.88914152,2857.85757852,2856.88914152,2856.88914152,0.2113
1740160200000000,PAXGUSDT,5m,2856.88914152,2857.85757852,2855.92070453,2855.92070453,13.4289
1740160500000000,PAXGUSDT,5m,2855.92070453,2859.79182714,2854.95292387,2858.82404648,14.7468
1740160800000000,PAXGUSDT,5m,2858.82404648,2859.79182714,2857.85626583,2859.79182714,3.2374
1740161100000000,PAXGUSDT,5m,2859.79182714,2860.76026324,2857.85495492,2859.79182714,15.3024
1740161400000000,PAXGUSDT,5m,2859.79182714,2862.69811964,2858.82306297,2859.79182714,6.9799
1740161700000000,PAXGUSDT,5m,2859.79182714,2861.72935547,2857.8542988,2857.8542988,1.1745
1740162000000000,PAXGUSDT,5m,2857.8542988,2858.82142377,2856.88717382,2858.82142377,20.1192
1740162300000000,PAXGUSDT,5m,2858.82142377,2858.82142377,2857.85397151,2858.82142377,2.09
1740162600000000,PAXGUSDT,5m,2858.82142377,2860.75632829,2856.88651925,2856.88651925,8.822
1740162900000000,PAXGUSDT,5m,2856.88651925,2857.85298966,2855.92004885,2855.92004885,4.5011
1740163200000000,PAXGUSDT,5m,2855.92004885,2855.92004885,2854.9539054,2855.92004885,0.8441
1740163500000000,PAXGUSDT,5m,2855.92004885,2856.88651925,2855.92004885,2855.92004885,11.1535
1740163800000000,PAXGUSDT,5m,2855.92004885,2856.88651925,2854.95357844,2854.95357844,0.7452
1740164100000000,PAXGUSDT,5m,2854.95357844,2855.91972179,2853.02129176,2853.02129176,12.3186
1740164400000000,PAXGUSDT,5m,2853.02129176,2853.98710804,2852.05547548,2852.05547548,3.5571
1740164700000000,PAXGUSDT,5m,2852.05547548,2853.02096481,2852.05547548,2853.02096481,5.8493
1740165000000000,PAXGUSDT,5m,2853.02096481,2855.91841331,2853.02096481,2854.95259714,18.6694
1740165300000000,PAXGUSDT,5m,2854.95259714,2855.91841331,2853.98678097,2853.98678097,10.2034
1740165600000000,PAXGUSDT,5m,2853.98678097,2854.95259714,2850.1235163,2850.1235163,15.287
1740165900000000,PAXGUSDT,5m,2850.1235163,2851.08933247,2849.15770013,2851.08933247,1.0096
1740166200000000,PAXGUSDT,5m,2851.08933247,2853.98874535,2851.08933247,2852.05580343,2.6833
1740166500000000,PAXGUSDT,5m,2852.05580343,2854.95423412,2852.05580343,2853.02194699,5.1844
1740166800000000,PAXGUSDT,5m,2853.02194699,2853.98776349,2852.05613049,2853.98776349,13.1935
1740167100000000,PAXGUSDT,5m,2853.98776349,2858.82011663,2847.2224691,2858.82011663,41.0402
1740167400000000,PAXGUSDT,5m,2858.82011663,2861.7293637,2856.88061859,2856.88061859,2.3844
1740167700000000,PAXGUSDT,5m,2856.88061859,2858.81814359,2854.94309358,2858.81814359,9.2384
1740168000000000,PAXGUSDT,5m,2858.81814359,2861.72837584,2858.81814359,2860.75829842,15.3116
1740168300000000,PAXGUSDT,5m,2860.75829842,2861.7287049,2859.78789194,2861.7287049,15.9015
1740168600000000,PAXGUSDT,5m,2861.7287049,2862.69976995,2861.7287049,2862.69976995,0.6581
1740168900000000,PAXGUSDT,5m,2862.69976995,2862.69976995,2861.7287049,2862.69976995,0.7843
1740169200000000,PAXGUSDT,5m,2862.69976995,2867.55509521,2862.69976995,2863.670835,21.8499
1740169500000000,PAXGUSDT,5m,2863.670835,2863.670835,2861.7287049,2862.69976995,2.948
1740169800000000,PAXGUSDT,5m,2862.69976995,2864.64190005,2860.75763985,2860.75763985,6.5193
1740170100000000,PAXGUSDT,5m,2860.75763985,2861.72771704,2857.84740827,2861.72771704,7.2379
1740170400000000,PAXGUSDT,5m,2861.72771704,2866.58304062,2858.8145229,2858.8145229,8.336
1740170700000000,PAXGUSDT,5m,2858.8145229,2859.78394118,2857.84510461,2858.8145229,0.6154
1740171000000000,PAXGUSDT,5m,2858.8145229,2859.78361256,2858.8145229,2859.78361256,5.6321
1740171300000000,PAXGUSDT,5m,2859.78361256,2862.69285327,2859.78361256,2859.78361256,7.4704
1740171600000000,PAXGUSDT,5m,2859.78361256,2860.75335947,2853.96513116,2854.93487806,31.6781
1740171900000000,PAXGUSDT,5m,2854.93487806,2855.90429567,2852.02662521,2855.90429567,1.6926
1740172200000000,PAXGUSDT,5m,2855.90429567,2859.78591891,2855.90429567,2857.84510729,19.7186
1740172500000000,PAXGUSDT,5m,2857.84510729,2858.81584272,2856.87437186,2856.87437186,1.7625
1740172800000000,PAXGUSDT,5m,2856.87437186,2857.84477756,2854.93356047,2856.87437186,1.7171
1740173100000000,PAXGUSDT,5m,2856.87437186,2856.87437186,2854.93421949,2856.87437186,1.329
1740173400000000,PAXGUSDT,5m,2856.87437186,2858.81584272,2856.87437186,2858.81584272,3.1876
1740173700000000,PAXGUSDT,5m,2858.81584272,2861.72804901,2857.84510729,2859.78657815,3.145
1740174000000000,PAXGUSDT,5m,2859.78657815,2859.78657815,2855.90627072,2858.81650129,5.2216
1740174300000000,PAXGUSDT,5m,2858.81650129,2862.69944391,2858.81650129,2860.7579726,7.8317
1740174600000000,PAXGUSDT,5m,2860.7579726,2861.72870826,2859.78723695,2861.72870826,3.2456
1740174900000000,PAXGUSDT,5m,2861.72870826,2863.67083836,2860.7576432,2862.69977331,3.2493
1740175200000000,PAXGUSDT,5m,2862.69977331,2864.64190341,2859.78657815,2864.64190341,0.8049
1740175500000000,PAXGUSDT,5m,2864.64190341,2864.64190341,2862.69713634,2864.64190341,0.713
1740175800000000,PAXGUSDT,5m,2864.64190341,2864.64190341,2862.69713634,2864.64190341,1.0395
1740176100000000,PAXGUSDT,5m,2864.64190341,2866.58799166,2863.66885929,2863.66885929,2.6525
1740176400000000,PAXGUSDT,5m,2863.66885929,2863.66885929,2862.69680604,2863.66885929,1.0167
1740176700000000,PAXGUSDT,5m,2863.66885929,2865.61296578,2861.7247528,2861.7247528,1.0418
1740177000000000,PAXGUSDT,5m,2861.7247528,2861.7247528,2860.75401848,2861.7247528,0.4402
1740177300000000,PAXGUSDT,5m,2861.7247528,2865.60769005,2856.87108124,2865.60769005,3.6047
1740177600000000,PAXGUSDT,5m,2865.60769005,2868.52780658,2865.60769005,2868.52780658,0.9135
1740177900000000,PAXGUSDT,5m,2868.52780658,2869.50117876,2868.52780658,2868.52780658,0.0642
1740178200000000,PAXGUSDT,5m,2868.52780658,2868.52780658,2867.55476458,2868.52780658,0.4883
1740178500000000,PAXGUSDT,5m,2868.52780658,2868.52780658,2867.55476458,2868.52780658,0.1262
1740178800000000,PAXGUSDT,5m,2868.52780658,2871.44693257,2864.63563859,2871.44693257,0.5835
1740179100000000,PAXGUSDT,5m,2871.44693257,2872.42195699,2870.47190814,2872.42195699,0.2668
1740179400000000,PAXGUSDT,5m,2872.42195699,2872.42195699,2870.47190814,2871.44693257,0.2547
1740179700000000,PAXGUSDT,5m,2871.44693257,2872.42195699,2870.47190814,2870.47190814,0.458
1740180000000000,PAXGUSDT,5m,2870.47190814,2870.47190814,2867.54882066,2870.47190814,2.0808
1740180300000000,PAXGUSDT,5m,2870.47190814,2871.44627064,2869.49754565,2869.49754565,2.3251
1740180600000000,PAXGUSDT,5m,2869.49754565,2869.49754565,2867.55014318,2869.49754565,0.9107
1740180900000000,PAXGUSDT,5m,2869.49754565,2870.47124689,2869.49754565,2870.47124689,1.6287
1740181200000000,PAXGUSDT,5m,2870.47124689,2871.44494812,2869.49754565,2870.47124689,1.5903
1740181500000000,PAXGUSDT,5m,2870.47124689,2875.33975307,2868.52384441,2868.52384441,3.434
1740181800000000,PAXGUSDT,5m,2868.52384441,2869.49622538,2867.55146345,2867.55146345,1.1549
1740182100000000,PAXGUSDT,5m,2867.55146345,2868.52318539,2865.60801956,2866.5797415,1.752
1740182400000000,PAXGUSDT,5m,2866.5797415,2867.55146345,2864.63629761,2867.55146345,0.7864
1740182700000000,PAXGUSDT,5m,2867.55146345,2869.49688506,2865.60604183,2865.60604183,0.4308
1740183000000000,PAXGUSDT,5m,2865.60604183,2867.54948438,2864.63432056,2867.54948438,1.9783
1740183300000000,PAXGUSDT,5m,2867.54948438,2867.54948438,2866.57776311,2866.57776311,0.8608
1740183600000000,PAXGUSDT,5m,2866.57776311,2874.35153331,2864.63432056,2864.63432056,20.1423
1740183900000000,PAXGUSDT,5m,2864.63432056,2865.60505397,2863.66358714,2863.66358714,2.4051
1740184200000000,PAXGUSDT,5m,2863.66358714,2865.60373862,2861.72343565,2865.60373862,3.4406
1740184500000000,PAXGUSDT,5m,2865.60373862,2867.54652081,2859.77539203,2862.68956532,19.0807
1740184800000000,PAXGUSDT,5m,2862.68956532,2865.60373862,2861.71817423,2865.60373862,3.9176
1740185100000000,PAXGUSDT,5m,2865.60373862,2865.60373862,2857.83260984,2859.77539203,14.7077
1740185400000000,PAXGUSDT,5m,2859.77539203,2860.74645328,2852.006902,2859.77539203,40.6206
1740185700000000,PAXGUSDT,5m,2859.77539203,2861.71751454,2858.80433078,2858.80433078,3.8355
1740186000000000,PAXGUSDT,5m,2858.80433078,2859.77440351,2857.83425805,2859.77440351,0.3863
1740186300000000,PAXGUSDT,5m,2859.77440351,2861.71520731,2859.77440351,2861.71520731,0.7651
1740186600000000,PAXGUSDT,5m,2861.71520731,2861.71520731,2860.74414684,2861.71520731,0.7779
1740186900000000,PAXGUSDT,5m,2861.71520731,2863.65864718,2861.71520731,2863.65864718,0.2831
1740187200000000,PAXGUSDT,5m,2863.65864718,2865.60340687,2863.65864718,2865.60340687,0.255
1740187500000000,PAXGUSDT,5m,2865.60340687,2866.57611678,2864.63069696,2864.63069696,0.1498
1740187800000000,PAXGUSDT,5m,2864.63069696,2866.57611678,2862.68527713,2866.57611678,10.6586
1740188100000000,PAXGUSDT,5m,2866.57611678,2867.54981791,2864.62871453,2865.60241566,9.9978
1740188400000000,PAXGUSDT,5m,2865.60241566,2866.57644775,2863.65435147,2863.65435147,6.0746
1740188700000000,PAXGUSDT,5m,2863.65435147,2865.60241566,2863.65435147,2865.60241566,5.0032
1740189000000000,PAXGUSDT,5m,2865.60241566,2868.52451193,2863.65435147,2864.62838357,8.3257
1740189300000000,PAXGUSDT,5m,2864.62838357,2865.60175373,2862.68164324,2862.68164324,7.9701
1740189600000000,PAXGUSDT,5m,2862.68164324,2863.6550134,2861.70827308,2862.68164324,5.4038
1740189900000000,PAXGUSDT,5m,2862.68164324,2862.68164324,2861.70827308,2862.68164324,1.4685
1740190200000000,PAXGUSDT,5m,2862.68164324,2863.65534448,2861.707942,2862.68164324,6.7282
1740190500000000,PAXGUSDT,5m,2862.68164324,2864.62904572,2862.68164324,2862.68164324,4.8021
1740190800000000,PAXGUSDT,5m,2862.68164324,2862.68164324,2860.73556463,2861.70860394,0.0363
1740191100000000,PAXGUSDT,5m,2861.70860394,2861.70860394,2860.73556463,2860.73556463,0.1593
1740191400000000,PAXGUSDT,5m,2860.73556463,2861.70827308,2859.76285617,2861.70827308,0.1404
1740191700000000,PAXGUSDT,5m,2861.70827308,2862.68131228,2860.73523389,2860.73523389,0.2987
1740192000000000,PAXGUSDT,5m,2860.73523389,2860.73523389,2859.76285617,2860.73523389,0.0683
1740192300000000,PAXGUSDT,5m,2860.73523389,2860.73523389,2859.76285617,2860.73523389,0.0673
1740192600000000,PAXGUSDT,5m,2860.73523389,2861.7076116,2859.76285617,2861.7076116,0.9198
1740192900000000,PAXGUSDT,5m,2861.7076116,2861.7076116,2860.73523389,2861.7076116,0.0707
1740193200000000,PAXGUSDT,5m,2861.7076116,2862.67998931,2860.73523389,2860.73523389,2.0142
1740193500000000,PAXGUSDT,5m,2860.73523389,2861.70695102,2859.76351676,2861.70695102,0.3271
1740193800000000,PAXGUSDT,5m,2861.70695102,2862.67965902,2861.70695102,2861.70695102,0.506
1740194100000000,PAXGUSDT,5m,2861.70695102,2864.62507503,2858.788827,2858.788827,1.099
1740194400000000,PAXGUSDT,5m,2858.788827,2859.75955326,2857.81810075,2857.81810075,1.4312
1740194700000000,PAXGUSDT,5m,2857.81810075,2858.78816799,2856.8480335,2856.8480335,3.9361
1740195000000000,PAXGUSDT,5m,2856.8480335,2857.8174424,2854.9092157,2857.8174424,7.8758
1740195300000000,PAXGUSDT,5m,2857.8174424,2857.8174424,2856.84737538,2857.8174424,0.0781
1740195600000000,PAXGUSDT,5m,2857.8174424,2858.78750942,2855.87730836,2858.78750942,0.6448
1740195900000000,PAXGUSDT,5m,2858.78750942,2858.78750942,2857.81678361,2858.78750942,0.6348
1740196200000000,PAXGUSDT,5m,2858.78750942,2859.75823523,2857.81678361,2857.81678361,0.5238
1740196500000000,PAXGUSDT,5m,2857.81678361,2860.72698401,2854.90658322,2860.72698401,2.3357
1740196800000000,PAXGUSDT,5m,2860.72698401,2860.72698401,2858.78289499,2860.72698401,7.071
1740197100000000,PAXGUSDT,5m,2860.72698401,2861.69935891,2859.7546091,2861.69935891,1.736
1740197400000000,PAXGUSDT,5m,2861.69935891,2862.67173382,2860.72698401,2862.67173382,0.0771
1740197700000000,PAXGUSDT,5m,2862.67173382,2862.67173382,2861.69935891,2862.67173382,0.0604
1740198000000000,PAXGUSDT,5m,2862.67173382,2863.64443914,2862.67173382,2863.64443914,0.1765
1740198300000000,PAXGUSDT,5m,2863.64443914,2864.61747496,2863.64443914,2863.64443914,0.3934
1740198600000000,PAXGUSDT,5m,2863.64443914,2865.59051079,2863.64443914,2865.59051079,1.426
1740198900000000,PAXGUSDT,5m,2865.59051079,2866.56387713,2864.61714445,2864.61714445,0.4636
1740199200000000,PAXGUSDT,5m,2864.61714445,2864.61714445,2863.64443914,2863.64443914,0.0452
1740199500000000,PAXGUSDT,5m,2863.64443914,2864.61714445,2863.64443914,2863.64443914,0.5637
1740199800000000,PAXGUSDT,5m,2863.64443914,2863.64443914,2862.67206411,2863.64443914,0.0898
1740200100000000,PAXGUSDT,5m,2863.64443914,2864.61714445,2862.67173382,2862.67173382,0.547
1740200400000000,PAXGUSDT,5m,2862.67173382,2864.61582329,2860.72764436,2864.61582329,0.0752
1740200700000000,PAXGUSDT,5m,2864.61582329,2866.56255507,2864.61582329,2866.56255507,1.3843
1740201000000000,PAXGUSDT,5m,2866.56255507,2866.56255507,2864.61582329,2866.56255507,0.1766
1740201300000000,PAXGUSDT,5m,2866.56255507,2868.50928686,2864.61582329,2868.50928686,0.1695
1740201600000000,PAXGUSDT,5m,2868.50928686,2868.50928686,2866.56123301,2868.50928686,0.1265
1740201900000000,PAXGUSDT,5m,2868.50928686,2868.50928686,2866.56123301,2868.50928686,0.5213
1740202200000000,PAXGUSDT,5m,2868.50928686,2868.50928686,2867.53525994,2868.50928686,0.1036
1740202500000000,PAXGUSDT,5m,2868.50928686,2869.48331378,2867.53525994,2868.50928686,2.0202
1740202800000000,PAXGUSDT,5m,2868.50928686,2868.50928686,2867.53559056,2868.50928686,0.4747
1740203100000000,PAXGUSDT,5m,2868.50928686,2870.4573407,2866.56123301,2868.50928686,9.2933
1740203400000000,PAXGUSDT,5m,2868.50928686,2869.48397571,2867.53459801,2867.53459801,1.4206
1740203700000000,PAXGUSDT,5m,2867.53459801,2868.50862471,2864.61251792,2868.50862471,3.3605
1740204000000000,PAXGUSDT,5m,2868.50862471,2871.43269058,2867.53393608,2870.45800196,3.3578
1740204300000000,PAXGUSDT,5m,2870.45800196,2871.43235973,2868.50928641,2871.43235973,0.2686
1740204600000000,PAXGUSDT,5m,2871.43235973,2872.40737921,2870.45734025,2870.45734025,0.1057
1740204900000000,PAXGUSDT,5m,2870.45734025,2870.45734025,2868.50862516,2870.45734025,1.7813
1740205200000000,PAXGUSDT,5m,2870.45734025,2871.4316978,2868.50862516,2870.45734025,2.2267
1740205500000000,PAXGUSDT,5m,2870.45734025,2871.43202866,2869.48265185,2871.43202866,0.3185
1740205800000000,PAXGUSDT,5m,2871.43202866,2871.43202866,2869.48265185,2871.43202866,0.3111
1740206100000000,PAXGUSDT,5m,2871.43202866,2871.43202866,2869.48265185,2871.43202866,0.4745
1740206400000000,PAXGUSDT,5m,2871.43202866,2872.40671706,2869.48265185,2871.43202866,0.9696
1740206700000000,PAXGUSDT,5m,2871.43202866,2871.43202866,2869.48331333,2869.48331333,1.9979
1740207000000000,PAXGUSDT,5m,2869.48331333,2869.48331333,2867.53592052,2869.48331333,0.1474
1740207300000000,PAXGUSDT,5m,2869.48331333,2869.48331333,2860.72004566,2862.66743848,21.6166
1740207600000000,PAXGUSDT,5m,2862.66743848,2863.64113489,2856.82526003,2861.69374207,38.2952
1740207900000000,PAXGUSDT,5m,2861.69374207,2864.61284483,2860.72070782,2864.61284483,2.5131
1740208200000000,PAXGUSDT,5m,2864.61284483,2865.58587909,2863.63981058,2863.63981058,6.2126
1740208500000000,PAXGUSDT,5m,2863.63981058,2863.63981058,2862.66743713,2863.63981058,1.6085
1740208800000000,PAXGUSDT,5m,2863.63981058,2866.55693093,2863.63981058,2865.58455748,8.5683
1740209100000000,PAXGUSDT,5m,2865.58455748,2867.52996451,2865.58455748,2867.52996451,1.9592
1740209400000000,PAXGUSDT,5m,2867.52996451,2868.50332838,2866.55660064,2866.55660064,1.9329
1740209700000000,PAXGUSDT,5m,2866.55660064,2868.50332838,2866.55660064,2867.52996451,0.8526
1740210000000000,PAXGUSDT,5m,2867.52996451,2869.47735328,2865.58257574,2865.58257574,0.0406
1740210300000000,PAXGUSDT,5m,2865.58257574,2866.55527858,2864.6098729,2866.55527858,1.524
1740210600000000,PAXGUSDT,5m,2866.55527858,2868.50200543,2866.55527858,2867.52864201,0.908
1740210900000000,PAXGUSDT,5m,2867.52864201,2868.50233594,2866.55494807,2868.50233594,0.355
1740211200000000,PAXGUSDT,5m,2868.50233594,2868.50233594,2866.55494807,2868.50233594,0.9222
1740211500000000,PAXGUSDT,5m,2868.50233594,2869.4763605,2867.52831138,2867.52831138,0.3929
1740211800000000,PAXGUSDT,5m,2867.52831138,2869.4763605,2865.58026226,2865.58026226,5.6818
1740212100000000,PAXGUSDT,5m,2865.58026226,2866.55296431,2865.58026226,2865.58026226,1.0715
1740212400000000,PAXGUSDT,5m,2865.58026226,2868.49836843,2865.58026226,2865.58026226,1.98
1740212700000000,PAXGUSDT,5m,2865.58026226,2868.49836843,2864.6075602,2864.6075602,2.049
1740213000000000,PAXGUSDT,5m,2864.6075602,2865.57960213,2863.63551827,2864.6075602,0.869
1740213300000000,PAXGUSDT,5m,2864.6075602,2865.57960213,2863.63551827,2863.63551827,3.3077
1740213600000000,PAXGUSDT,5m,2863.63551827,2864.60690074,2861.69275333,2864.60690074,1.2286
1740213900000000,PAXGUSDT,5m,2864.60690074,2867.52401571,2862.66215743,2862.66215743,1.1365
1740214200000000,PAXGUSDT,5m,2862.66215743,2863.63320972,2860.72005284,2862.66215743,3.3539
1740214500000000,PAXGUSDT,5m,2862.66215743,2863.63353922,2862.66215743,2862.66215743,0.2716
1740214800000000,PAXGUSDT,5m,2862.66215743,2865.57630282,2860.71939383,2860.71939383,3.8057
1740215100000000,PAXGUSDT,5m,2860.71939383,2861.68945805,2859.74932961,2859.74932961,9.6516
1740215400000000,PAXGUSDT,5m,2859.74932961,2861.68814271,2859.74932961,2861.68814271,5.8464
1740215700000000,PAXGUSDT,5m,2861.68814271,2864.59734787,2858.77893755,2864.59734787,3.0976
1740216000000000,PAXGUSDT,5m,2864.59734787,2865.56905661,2864.59734787,2865.56905661,0.1421
1740216300000000,PAXGUSDT,5m,2865.56905661,2865.56905661,2864.59734787,2865.56905661,0.9881
1740216600000000,PAXGUSDT,5m,2865.56905661,2865.56905661,2864.59734787,2865.56905661,0.0944
1740216900000000,PAXGUSDT,5m,2865.56905661,2867.51247407,2864.59734787,2866.54076534,4.0067
1740217200000000,PAXGUSDT,5m,2866.54076534,2866.54076534,2864.59734787,2865.56905661,0.4358
1740217500000000,PAXGUSDT,5m,2865.56905661,2865.56905661,2863.62563914,2865.56905661,1.2969
1740217800000000,PAXGUSDT,5m,2865.56905661,2866.54109496,2865.56905661,2866.54109496,0.4645
1740218100000000,PAXGUSDT,5m,2866.54109496,2868.48517166,2864.59701826,2864.59701826,4.5384
1740218400000000,PAXGUSDT,5m,2864.59701826,2864.59701826,2863.62629748,2863.62629748,0.3432
1740218700000000,PAXGUSDT,5m,2863.62629748,2866.53747297,2862.65590565,2864.59668931,6.4954
1740219000000000,PAXGUSDT,5m,2864.59668931,2868.47694219,2860.71643643,2868.47694219,8.8913
1740219300000000,PAXGUSDT,5m,2868.47694219,2868.47694219,2866.53287107,2868.47694219,1.6839
1740219600000000,PAXGUSDT,5m,2868.47694219,2870.42101331,2866.53287107,2866.53287107,0.4931
1740219900000000,PAXGUSDT,5m,2866.53287107,2867.50391879,2864.59077563,2866.53287107,0.9019
1740220200000000,PAXGUSDT,5m,2866.53287107,2868.47628318,2866.53287107,2868.47628318,0.3064
1740220500000000,PAXGUSDT,5m,2868.47628318,2868.47628318,2866.53287107,2868.47628318,0.1287
1740220800000000,PAXGUSDT,5m,2868.47628318,2870.42101287,2866.5315535,2866.5315535,0.385
1740221100000000,PAXGUSDT,5m,2866.5315535,2868.47496472,2866.5315535,2867.50325911,0.3652
1740221400000000,PAXGUSDT,5m,2867.50325911,2867.50325911,2864.58912978,2864.58912978,1.6806
1740221700000000,PAXGUSDT,5m,2864.58912978,2865.56050623,2863.61775334,2865.56050623,1.9703
1740222000000000,PAXGUSDT,5m,2865.56050623,2865.56050623,2863.61775334,2865.56050623,0.8043
1740222300000000,PAXGUSDT,5m,2865.56050623,2865.56050623,2863.61775334,2865.56050623,1.501
1740222600000000,PAXGUSDT,5m,2865.56050623,2865.56050623,2863.61775334,2865.56050623,0.2616
1740222900000000,PAXGUSDT,5m,2865.56050623,2866.53188267,2862.6463769,2866.53188267,6.1233
1740223200000000,PAXGUSDT,5m,2866.53188267,2867.5039179,2863.61577699,2867.5039179,2.7463
1740223500000000,PAXGUSDT,5m,2867.5039179,2868.47661258,2865.55852853,2867.5039179,5.1901
1740223800000000,PAXGUSDT,5m,2867.5039179,2868.47661258,2866.53122321,2866.53122321,0.9745
1740224100000000,PAXGUSDT,5m,2866.53122321,2868.47595267,2866.53122321,2868.47595267,0.9382
1740224400000000,PAXGUSDT,5m,2868.47595267,2870.42068213,2866.53122321,2866.53122321,1.8614
1740224700000000,PAXGUSDT,5m,2866.53122321,2868.47463421,2864.58781222,2864.58781222,0.1237
1740225000000000,PAXGUSDT,5m,2864.58781222,2865.55852988,2864.58781222,2864.58781222,0.1441
1740225300000000,PAXGUSDT,5m,2864.58781222,2865.55820104,2862.64703457,2865.55820104,1.003
1740225600000000,PAXGUSDT,5m,2865.55820104,2866.52924753,2864.58715455,2866.52924753,0.2718
1740225900000000,PAXGUSDT,5m,2866.52924753,2868.47265719,2866.52924753,2866.52924753,0.1744
1740226200000000,PAXGUSDT,5m,2866.52924753,2866.52924753,2864.58583787,2866.52924753,3.1843
1740226500000000,PAXGUSDT,5m,2866.52924753,2866.52924753,2865.5575427,2866.52924753,0.2931
1740226800000000,PAXGUSDT,5m,2866.52924753,2869.44436202,2866.52924753,2867.50095236,7.9446
1740227100000000,PAXGUSDT,5m,2867.50095236,2868.47298659,2866.52891814,2866.52891814,1.9176
1740227400000000,PAXGUSDT,5m,2866.52891814,2867.50062286,2866.52891814,2867.50062286,0.1824
1740227700000000,PAXGUSDT,5m,2867.50062286,2868.47232758,2866.52891814,2868.47232758,0.5103
1740228000000000,PAXGUSDT,5m,2868.47232758,2869.44436158,2868.47232758,2868.47232758,1.6136
1740228300000000,PAXGUSDT,5m,2868.47232758,2868.47232758,2867.50062286,2868.47232758,0.4959
1740228600000000,PAXGUSDT,5m,2868.47232758,2868.47232758,2867.50062286,2868.47232758,0.2213
1740228900000000,PAXGUSDT,5m,2868.47232758,2868.47232758,2867.50062286,2868.47232758,0.4229
1740229200000000,PAXGUSDT,5m,2868.47232758,2869.44436158,2867.50029358,2867.50029358,0.2978
1740229500000000,PAXGUSDT,5m,2867.50029358,2867.50029358,2866.52891814,2867.50029358,0.4222
1740229800000000,PAXGUSDT,5m,2867.50029358,2868.47199819,2867.50029358,2867.50029358,0.3232
1740230100000000,PAXGUSDT,5m,2867.50029358,2867.50029358,2866.52891814,2867.50029358,0.188
1740230400000000,PAXGUSDT,5m,2867.50029358,2867.50029358,2866.52891814,2867.50029358,0.4987
1740230700000000,PAXGUSDT,5m,2867.50029358,2868.47199819,2864.58517976,2865.55688437,8.4292
1740231000000000,PAXGUSDT,5m,2865.55688437,2867.50095281,2864.58485015,2864.58485015,1.5966
1740231300000000,PAXGUSDT,5m,2864.58485015,2865.55622514,2863.61347516,2863.61347516,1.5492
1740231600000000,PAXGUSDT,5m,2863.61347516,2863.61347516,2862.64308767,2863.61347516,0.9082
1740231900000000,PAXGUSDT,5m,2863.61347516,2864.58419159,2863.61347516,2864.58419159,4.5905
1740232200000000,PAXGUSDT,5m,2864.58419159,2865.55523708,2864.58419159,2865.55523708,0.2754
1740232500000000,PAXGUSDT,5m,2865.55523708,2865.55523708,2863.6131461,2865.55523708,4.1766
1740232800000000,PAXGUSDT,5m,2865.55523708,2866.52661173,2864.58386242,2866.52661173,4.2569
1740233100000000,PAXGUSDT,5m,2866.52661173,2868.47067861,2864.58254485,2864.58254485,0.9331
1740233400000000,PAXGUSDT,5m,2864.58254485,2865.55391906,2864.58254485,2864.58254485,2.3339
1740233700000000,PAXGUSDT,5m,2864.58254485,2864.58254485,2863.61149992,2864.58254485,5.2288
1740234000000000,PAXGUSDT,5m,2864.58254485,2866.52529327,2862.63979644,2862.63979644,3.0245
1740234300000000,PAXGUSDT,5m,2862.63979644,2863.61018281,2861.66941006,2861.66941006,3.6121
1740234600000000,PAXGUSDT,5m,2861.66941006,2863.60952492,2861.66941006,2862.63946749,1.712
1740234900000000,PAXGUSDT,5m,2862.63946749,2863.60952492,2861.66941006,2862.63946749,7.1458
1740235200000000,PAXGUSDT,5m,2862.63946749,2864.58024001,2860.69869497,2860.69869497,0.6011
1740235500000000,PAXGUSDT,5m,2860.69869497,2862.63815171,2860.69869497,2860.69869497,0.0983
1740235800000000,PAXGUSDT,5m,2860.69869497,2861.66809473,2859.72929521,2859.72929521,0.2694
1740236100000000,PAXGUSDT,5m,2859.72929521,2860.69869497,2857.79049569,2859.72929521,8.4714
1740236400000000,PAXGUSDT,5m,2859.72929521,2859.72929521,2857.79049569,2859.72929521,0.5334
1740236700000000,PAXGUSDT,5m,2859.72929521,2859.72929521,2858.75989545,2859.72929521,0.5767
1740237000000000,PAXGUSDT,5m,2859.72929521,2859.72929521,2858.75989545,2859.72929521,0.0734
1740237300000000,PAXGUSDT,5m,2859.72929521,2859.72929521,2858.75989545,2859.72929521,0.4917
1740237600000000,PAXGUSDT,5m,2859.72929521,2860.69902369,2859.72929521,2860.69902369,0.059
1740237900000000,PAXGUSDT,5m,2860.69902369,2861.66875217,2859.72929521,2861.66875217,0.3364
1740238200000000,PAXGUSDT,5m,2861.66875217,2861.66875217,2859.72929521,2861.66875217,0.2627
1740238500000000,PAXGUSDT,5m,2861.66875217,2862.63880938,2860.69869497,2860.69869497,2.677
1740238800000000,PAXGUSDT,5m,2860.69869497,2861.66842334,2859.7289666,2859.7289666,1.1304
1740239100000000,PAXGUSDT,5m,2859.7289666,2860.69803775,2858.75989545,2859.7289666,2.5163
1740239400000000,PAXGUSDT,5m,2859.7289666,2861.6677659,2859.7289666,2860.69836625,0.8025
1740239700000000,PAXGUSDT,5m,2860.69836625,2861.6677659,2860.69836625,2861.6677659,8.0958
1740240000000000,PAXGUSDT,5m,2861.6677659,2865.54667849,2860.69803775,2864.57695034,15.9077
1740240300000000,PAXGUSDT,5m,2864.57695034,2865.54667849,2862.63749405,2865.54667849,2.1676
1740240600000000,PAXGUSDT,5m,2865.54667849,2867.48744834,2865.54667849,2866.51706342,0.7862
1740240900000000,PAXGUSDT,5m,2866.51706342,2868.45849048,2865.54634988,2865.54634988,3.8151
1740241200000000,PAXGUSDT,5m,2865.54634988,2865.54634988,2864.57662184,2864.57662184,1.289
1740241500000000,PAXGUSDT,5m,2864.57662184,2864.57662184,2863.60722197,2864.57662184,0.9137
1740241800000000,PAXGUSDT,5m,2864.57662184,2865.54634988,2863.60689381,2863.60689381,0.2943
1740242100000000,PAXGUSDT,5m,2863.60689381,2865.54634988,2863.60689381,2863.60689381,0.3194
1740242400000000,PAXGUSDT,5m,2863.60689381,2865.54503722,2860.69967869,2865.54503722,0.902
1740242700000000,PAXGUSDT,5m,2865.54503722,2866.51575031,2863.60361104,2863.60361104,1.568
1740243000000000,PAXGUSDT,5m,2863.60361104,2865.54503722,2863.60361104,2863.60361104,0.1345
1740243300000000,PAXGUSDT,5m,2863.60361104,2865.54503722,2863.60361104,2864.57432413,2.4825
1740243600000000,PAXGUSDT,5m,2864.57432413,2866.51575031,2863.60361104,2866.51575031,1.8581
1740243900000000,PAXGUSDT,5m,2866.51575031,2867.48679223,2865.54470839,2865.54470839,0.6157
1740244200000000,PAXGUSDT,5m,2865.54470839,2867.48613434,2863.60328244,2863.60328244,0.596
1740244500000000,PAXGUSDT,5m,2863.60328244,2863.60328244,2862.63355562,2863.60328244,0.5956
1740244800000000,PAXGUSDT,5m,2863.60328244,2865.5440505,2863.60328244,2865.5440505,0.3534
1740245100000000,PAXGUSDT,5m,2865.5440505,2867.48481857,2864.57366647,2866.51443454,4.3066
1740245400000000,PAXGUSDT,5m,2866.51443454,2869.42755896,2864.57235158,2864.57235158,3.6021
1740245700000000,PAXGUSDT,5m,2864.57235158,2864.57235158,2863.60262499,2864.57235158,0.5562
1740246000000000,PAXGUSDT,5m,2864.57235158,2865.54240656,2863.60229661,2864.57235158,0.1687
1740246300000000,PAXGUSDT,5m,2864.57235158,2865.54240656,2863.60229661,2863.60229661,0.1301
1740246600000000,PAXGUSDT,5m,2863.60229661,2865.54240656,2863.60229661,2865.54240656,0.2643
1740246900000000,PAXGUSDT,5m,2865.54240656,2867.48251652,2863.60229661,2867.48251652,0.2596
1740247200000000,PAXGUSDT,5m,2867.48251652,2870.39662477,2866.5111471,2868.45388594,4.3629
1740247500000000,PAXGUSDT,5m,2868.45388594,2870.39860044,2866.50917144,2866.50917144,1.4519
1740247800000000,PAXGUSDT,5m,2866.50917144,2867.48054018,2865.53780269,2865.53780269,0.3184
1740248100000000,PAXGUSDT,5m,2865.53780269,2866.50884227,2864.56676311,2865.53780269,1.6451
1740248400000000,PAXGUSDT,5m,2865.53780269,2866.50917144,2864.56643394,2864.56643394,0.262
1740248700000000,PAXGUSDT,5m,2864.56643394,2865.53714436,2863.59572353,2865.53714436,1.1734
1740249000000000,PAXGUSDT,5m,2865.53714436,2866.50818372,2865.53714436,2866.50818372,0.1596
1740249300000000,PAXGUSDT,5m,2866.50818372,2867.47955213,2865.5368153,2865.5368153,0.0682
1740249600000000,PAXGUSDT,5m,2865.5368153,2866.50785455,2865.5368153,2865.5368153,0.0811
1740249900000000,PAXGUSDT,5m,2865.5368153,2865.5368153,2863.5953947,2864.566105,0.0912
1740250200000000,PAXGUSDT,5m,2864.566105,2864.566105,2863.5953947,2864.566105,0.5448
1740250500000000,PAXGUSDT,5m,2864.566105,2865.53714436,2863.59506564,2863.59506564,1.0097
1740250800000000,PAXGUSDT,5m,2863.59506564,2863.59506564,2862.62468439,2863.59506564,1.1237
1740251100000000,PAXGUSDT,5m,2863.59506564,2863.59506564,2862.62468439,2863.59506564,0.0639
1740251400000000,PAXGUSDT,5m,2863.59506564,2863.59506564,2862.62468439,2863.59506564,0.1361
1740251700000000,PAXGUSDT,5m,2863.59506564,2864.56577584,2863.59506564,2863.59506564,0.4072
1740252000000000,PAXGUSDT,5m,2863.59506564,2864.56577584,2863.59506564,2863.59506564,0.1466
1740252300000000,PAXGUSDT,5m,2863.59506564,2864.56577584,2862.62435545,2862.62435545,0.1585
1740252600000000,PAXGUSDT,5m,2862.62435545,2863.59440776,2861.65430315,2862.62435545,1.7932
1740252900000000,PAXGUSDT,5m,2862.62435545,2863.59473659,2861.65397431,2861.65397431,0.7035
1740253200000000,PAXGUSDT,5m,2861.65397431,2863.5940787,2860.68392212,2860.68392212,1.6602
1740253500000000,PAXGUSDT,5m,2860.68392212,2860.68392212,2859.71485575,2860.68392212,0.8135
1740253800000000,PAXGUSDT,5m,2860.68392212,2861.65331687,2860.68392212,2860.68392212,0.1558
1740254100000000,PAXGUSDT,5m,2860.68392212,2861.65331687,2859.71452736,2860.68392212,3.539
1740254400000000,PAXGUSDT,5m,2860.68392212,2860.68392212,2859.71452736,2860.68392212,0.3231
1740254700000000,PAXGUSDT,5m,2860.68392212,2861.65364548,2859.71419876,2859.71419876,0.2214
1740255000000000,PAXGUSDT,5m,2859.71419876,2860.6835934,2859.71419876,2859.71419876,0.3397
1740255300000000,PAXGUSDT,5m,2859.71419876,2860.6835934,2859.71419876,2860.6835934,0.203
1740255600000000,PAXGUSDT,5m,2860.6835934,2860.6835934,2858.7441469,2860.6835934,9.4118
1740255900000000,PAXGUSDT,5m,2860.6835934,2861.65331665,2859.71387015,2859.71387015,2.4595
1740256200000000,PAXGUSDT,5m,2859.71387015,2859.71387015,2858.74480411,2859.71387015,0.5428
1740256500000000,PAXGUSDT,5m,2859.71387015,2860.68293618,2858.74480411,2860.68293618,1.0717
1740256800000000,PAXGUSDT,5m,2860.68293618,2860.68293618,2859.71354176,2859.71354176,1.185
1740257100000000,PAXGUSDT,5m,2859.71354176,2859.71354176,2858.74447584,2859.71354176,0.4521
1740257400000000,PAXGUSDT,5m,2859.71354176,2859.71354176,2858.74447584,2859.71354176,1.1669
1740257700000000,PAXGUSDT,5m,2859.71354176,2860.6832649,2858.74381862,2858.74381862,0.5425
1740258000000000,PAXGUSDT,5m,2858.74381862,2860.68260724,2856.80503,2856.80503,0.2094
1740258300000000,PAXGUSDT,5m,2856.80503,2857.77311032,2855.83694968,2857.77311032,0.1855
1740258600000000,PAXGUSDT,5m,2857.77311032,2859.71058362,2855.83563703,2855.83563703,0.1552
1740258900000000,PAXGUSDT,5m,2855.83563703,2855.83563703,2854.86821303,2855.83563703,0.2498
1740259200000000,PAXGUSDT,5m,2855.83563703,2856.80338886,2854.8678852,2854.8678852,0.3396
1740259500000000,PAXGUSDT,5m,2854.8678852,2855.83498137,2853.90078904,2855.83498137,1.1426
1740259800000000,PAXGUSDT,5m,2855.83498137,2856.80240515,2854.8675576,2854.8675576,6.2849
1740260100000000,PAXGUSDT,5m,2854.8675576,2855.83432616,2854.8675576,2855.83432616,3.5593
1740260400000000,PAXGUSDT,5m,2855.83432616,2855.83432616,2854.8675576,2855.83432616,0.4423
1740260700000000,PAXGUSDT,5m,2855.83432616,2856.8014221,2854.86723021,2854.86723021,0.555
1740261000000000,PAXGUSDT,5m,2854.86723021,2854.86723021,2853.90078904,2854.86723021,0.2011
1740261300000000,PAXGUSDT,5m,2854.86723021,2855.83399866,2853.90046176,2853.90046176,0.1062
1740261600000000,PAXGUSDT,5m,2853.90046176,2853.90046176,2852.93434786,2853.90046176,0.081
1740261900000000,PAXGUSDT,5m,2853.90046176,2855.83334389,2852.9340207,2852.9340207,2.3381
1740262200000000,PAXGUSDT,5m,2852.9340207,2852.9340207,2851.96823396,2852.9340207,0.0738
1740262500000000,PAXGUSDT,5m,2852.9340207,2854.86624828,2852.9340207,2853.90013449,0.9222
1740262800000000,PAXGUSDT,5m,2853.90013449,2853.90013449,2852.93434764,2852.93434764,0.4239
1740263100000000,PAXGUSDT,5m,2852.93434764,2853.90013449,2851.96856079,2853.90013449,1.2098
1740263400000000,PAXGUSDT,5m,2853.90013449,2853.90013449,2852.93434764,2853.90013449,0.2933
1740263700000000,PAXGUSDT,5m,2853.90013449,2854.86624828,2853.90013449,2854.86624828,0.1069
1740264000000000,PAXGUSDT,5m,2854.86624828,2855.83268912,2854.86624828,2855.83268912,0.0974
1740264300000000,PAXGUSDT,5m,2855.83268912,2855.83268912,2854.86624828,2855.83268912,0.9085
1740264600000000,PAXGUSDT,5m,2855.83268912,2857.76622513,2853.89915311,2853.89915311,1.0771
1740264900000000,PAXGUSDT,5m,2853.89915311,2854.86526657,2853.89915311,2853.89915311,0.0398
1740265200000000,PAXGUSDT,5m,2853.89915311,2853.89915311,2852.93336659,2853.89915311,0.1415
1740265500000000,PAXGUSDT,5m,2853.89915311,2853.89915311,2852.93336659,2853.89915311,0.1227
1740265800000000,PAXGUSDT,5m,2853.89915311,2854.86526657,2852.93303965,2852.93303965,1.2641
1740266100000000,PAXGUSDT,5m,2852.93303965,2855.83138002,2852.93303965,2854.86526657,0.4695
1740266400000000,PAXGUSDT,5m,2854.86526657,2856.79814759,2853.89882606,2853.89882606,0.0446
1740266700000000,PAXGUSDT,5m,2853.89882606,2853.89882606,2852.93303965,2852.93303965,0.3568
1740267000000000,PAXGUSDT,5m,2852.93303965,2853.89882606,2852.93303965,2852.93303965,0.1933
1740267300000000,PAXGUSDT,5m,2852.93303965,2853.89882606,2852.93303965,2853.89882606,0.4159
1740267600000000,PAXGUSDT,5m,2853.89882606,2854.86461246,2852.93303965,2853.89882606,2.044
1740267900000000,PAXGUSDT,5m,2853.89882606,2854.8649394,2852.93271271,2852.93271271,0.4301
1740268200000000,PAXGUSDT,5m,2852.93271271,2853.89817217,2851.96725325,2853.89817217,0.4355
1740268500000000,PAXGUSDT,5m,2853.89817217,2855.83039842,2852.93205905,2852.93205905,2.6344
1740268800000000,PAXGUSDT,5m,2852.93205905,2853.89784512,2852.93205905,2853.89784512,1.4216
1740269100000000,PAXGUSDT,5m,2853.89784512,2854.86395813,2852.93173211,2852.93173211,0.6553
1740269400000000,PAXGUSDT,5m,2852.93173211,2853.89751807,2852.93173211,2853.89751807,0.2448
1740269700000000,PAXGUSDT,5m,2853.89751807,2855.82974388,2853.89751807,2853.89751807,0.6449
1740270000000000,PAXGUSDT,5m,2853.89751807,2854.86363097,2852.93140516,2852.93140516,0.4935
1740270300000000,PAXGUSDT,5m,2852.93140516,2853.89686418,2851.96594614,2852.93140516,0.8152
1740270600000000,PAXGUSDT,5m,2852.93140516,2853.89686418,2851.96594614,2852.93140516,0.1396
1740270900000000,PAXGUSDT,5m,2852.93140516,2853.89719101,2851.96561931,2851.96561931,5.502
1740271200000000,PAXGUSDT,5m,2851.96561931,2852.93140516,2850.99983346,2850.99983346,0.6596
1740271500000000,PAXGUSDT,5m,2850.99983346,2850.99983346,2850.03470149,2850.03470149,0.6949
1740271800000000,PAXGUSDT,5m,2850.03470149,2850.99950674,2849.06989624,2849.06989624,10.3557
1740272100000000,PAXGUSDT,5m,2849.06989624,2850.99820074,2847.14159175,2850.99820074,1.5842
1740272400000000,PAXGUSDT,5m,2850.99820074,2850.99820074,2850.03306933,2850.99820074,2.6853
1740272700000000,PAXGUSDT,5m,2850.99820074,2850.99820074,2850.03306933,2850.99820074,0.6045
1740273000000000,PAXGUSDT,5m,2850.99820074,2851.96365899,2850.0327425,2850.0327425,1.9424
1740273300000000,PAXGUSDT,5m,2850.0327425,2850.0327425,2849.06793791,2850.0327425,1.1993
1740273600000000,PAXGUSDT,5m,2850.0327425,2850.99754708,2849.06793791,2849.06793791,4.092
1740273900000000,PAXGUSDT,5m,2849.06793791,2849.06793791,2848.10378633,2849.06793791,0.0732
1740274200000000,PAXGUSDT,5m,2849.06793791,2850.03241589,2848.10345994,2850.03241589,1.5728
1740274500000000,PAXGUSDT,5m,2850.03241589,2850.03241589,2849.06761141,2850.03241589,0.048
1740274800000000,PAXGUSDT,5m,2850.03241589,2850.03241589,2849.06761141,2850.03241589,0.0683
1740275100000000,PAXGUSDT,5m,2850.03241589,2850.03241589,2849.06761141,2850.03241589,0.1389
1740275400000000,PAXGUSDT,5m,2850.03241589,2850.99754708,2850.03241589,2850.99754708,0.0519
1740275700000000,PAXGUSDT,5m,2850.99754708,2850.99754708,2850.03241589,2850.99754708,0.9878
1740276000000000,PAXGUSDT,5m,2850.99754708,2851.96267828,2850.03241589,2851.96267828,0.0793
1740276300000000,PAXGUSDT,5m,2851.96267828,2851.96267828,2850.99754708,2850.99754708,0.0711
1740276600000000,PAXGUSDT,5m,2850.99754708,2851.96267828,2850.99754708,2850.99754708,0.1877
1740276900000000,PAXGUSDT,5m,2850.99754708,2851.96235167,2849.06793791,2851.96235167,0.4461
1740277200000000,PAXGUSDT,5m,2851.96235167,2852.92780947,2850.99689386,2851.96235167,12.1607
1740277500000000,PAXGUSDT,5m,2851.96235167,2852.92813641,2851.96235167,2852.92813641,0.5175
1740277800000000,PAXGUSDT,5m,2852.92813641,2853.89424821,2852.92813641,2853.89424821,0.2527
1740278100000000,PAXGUSDT,5m,2853.89424821,2854.86068717,2852.92780925,2854.86068717,0.7148
1740278400000000,PAXGUSDT,5m,2854.86068717,2854.86068717,2853.89392093,2853.89392093,0.1059
1740278700000000,PAXGUSDT,5m,2853.89392093,2854.86035978,2853.89392093,2854.86035978,0.4428
1740279000000000,PAXGUSDT,5m,2854.86035978,2854.86035978,2853.89392093,2854.86035978,0.1263
1740279300000000,PAXGUSDT,5m,2854.86035978,2854.86035978,2853.89392093,2853.89392093,1.145
1740279600000000,PAXGUSDT,5m,2853.89392093,2853.89392093,2852.92780925,2853.89392093,0.1223
1740279900000000,PAXGUSDT,5m,2853.89392093,2853.89392093,2852.92780925,2853.89392093,0.332
1740280200000000,PAXGUSDT,5m,2853.89392093,2854.86035978,2853.89392093,2854.86035978,0.1081
1740280500000000,PAXGUSDT,5m,2854.86035978,2855.82712591,2853.89359366,2853.89359366,0.0757
1740280800000000,PAXGUSDT,5m,2853.89359366,2854.8600324,2853.89359366,2854.8600324,0.0844
1740281100000000,PAXGUSDT,5m,2854.8600324,2855.82647114,2853.89359366,2855.82647114,0.0379
1740281400000000,PAXGUSDT,5m,2855.82647114,2855.82647114,2854.85970524,2855.82647114,0.0488
1740281700000000,PAXGUSDT,5m,2855.82647114,2856.79356442,2855.82647114,2855.82647114,0.0825
1740282000000000,PAXGUSDT,5m,2855.82647114,2855.82647114,2854.85970524,2855.82647114,0.0552
1740282300000000,PAXGUSDT,5m,2855.82647114,2855.82647114,2854.85937785,2855.82647114,1.5369
1740282600000000,PAXGUSDT,5m,2855.82647114,2856.79356442,2855.82647114,2856.79356442,0.8496
1740282900000000,PAXGUSDT,5m,2856.79356442,2857.76065771,2855.82647114,2857.76065771,0.3769
1740283200000000,PAXGUSDT,5m,2857.76065771,2858.72840598,2856.79290943,2856.79290943,0.317
1740283500000000,PAXGUSDT,5m,2856.79290943,2856.79290943,2855.82581637,2855.82581637,0.1871
1740283800000000,PAXGUSDT,5m,2855.82581637,2855.82581637,2854.85905069,2855.82581637,0.1457
1740284100000000,PAXGUSDT,5m,2855.82581637,2856.79290943,2854.8587233,2854.8587233,1.043
1740284400000000,PAXGUSDT,5m,2854.8587233,2855.82548887,2853.89195774,2853.89195774,3.7903
1740284700000000,PAXGUSDT,5m,2853.89195774,2854.85806876,2852.92584672,2852.92584672,2.0805
1740285000000000,PAXGUSDT,5m,2852.92584672,2853.89163068,2851.96006275,2851.96006275,0.1596
1740285300000000,PAXGUSDT,5m,2851.96006275,2851.96006275,2850.99493244,2851.96006275,0.0395
1740285600000000,PAXGUSDT,5m,2851.96006275,2852.92519305,2850.99493244,2852.92519305,0.3299
1740285900000000,PAXGUSDT,5m,2852.92519305,2853.89064997,2851.95973614,2853.89064997,4.5527
1740286200000000,PAXGUSDT,5m,2853.89064997,2854.85676055,2853.89064997,2853.89064997,1.504
1740286500000000,PAXGUSDT,5m,2853.89064997,2854.85676055,2852.92453939,2853.89064997,1.5155
1740286800000000,PAXGUSDT,5m,2853.89064997,2853.89064997,2852.92453939,2853.89064997,0.1142
1740287100000000,PAXGUSDT,5m,2853.89064997,2855.82352545,2853.89064997,2855.82352545,0.8116
1740287400000000,PAXGUSDT,5m,2855.82352545,2859.68927642,2851.95777449,2859.68927642,16.9257
1740287700000000,PAXGUSDT,5m,2859.68927642,2859.68927642,2853.87493021,2853.87493021,38.205
1740288000000000,PAXGUSDT,5m,2853.87493021,2854.84333026,2851.93813012,2851.93813012,24.2858
1740288300000000,PAXGUSDT,5m,2851.93813012,2852.90653017,2850.96973008,2851.93813012,13.718
1740288600000000,PAXGUSDT,5m,2851.93813012,2852.90620145,2850.00198747,2850.9700588,12.4408
1740288900000000,PAXGUSDT,5m,2850.9700588,2850.9700588,2849.03588644,2850.9700588,13.1142
1740289200000000,PAXGUSDT,5m,2850.9700588,2854.83840352,2849.03588644,2849.03588644,15.5199
1740289500000000,PAXGUSDT,5m,2849.03588644,2850.00198881,2844.20537459,2849.03588644,29.6869
1740289800000000,PAXGUSDT,5m,2849.03588644,2849.03588644,2848.06978407,2849.03588644,0.3605
1740290100000000,PAXGUSDT,5m,2849.03588644,2850.96809117,2848.06978407,2850.00198881,5.7469
1740290400000000,PAXGUSDT,5m,2850.00198881,2850.00198881,2848.06847321,2850.00198881,4.5141
1740290700000000,PAXGUSDT,5m,2850.00198881,2850.9687466,2847.10171541,2850.9687466,4.2125
1740291000000000,PAXGUSDT,5m,2850.9687466,2850.9687466,2848.06650492,2850.00133271,4.6393
1740291300000000,PAXGUSDT,5m,2850.00133271,2854.83840218,2845.16426324,2845.16426324,9.5004
1740291600000000,PAXGUSDT,5m,2845.16426324,2845.16426324,2843.23599196,2844.2001276,0.0862
1740291900000000,PAXGUSDT,5m,2844.2001276,2845.16426324,2844.2001276,2845.16426324,1.0178
1740292200000000,PAXGUSDT,5m,2845.16426324,2845.16426324,2844.2001276,2845.16426324,0.0695
1740292500000000,PAXGUSDT,5m,2845.16426324,2846.1287257,2845.16426324,2846.1287257,0.251
1740292800000000,PAXGUSDT,5m,2846.1287257,2846.1287257,2845.16426324,2846.1287257,0.6111
1740293100000000,PAXGUSDT,5m,2846.1287257,2847.09318816,2845.16426324,2846.1287257,0.954
1740293400000000,PAXGUSDT,5m,2846.1287257,2847.0935151,2846.1287257,2847.0935151,0.1175
1740293700000000,PAXGUSDT,5m,2847.0935151,2847.0935151,2846.1287257,2846.1287257,0.1468
1740294000000000,PAXGUSDT,5m,2846.1287257,2846.1287257,2845.16426324,2846.1287257,0.7021
1740294300000000,PAXGUSDT,5m,2846.1287257,2847.0935151,2846.1287257,2847.0935151,0.2743
1740294600000000,PAXGUSDT,5m,2847.0935151,2848.0583045,2846.1287257,2847.0935151,2.7345
1740294900000000,PAXGUSDT,5m,2847.0935151,2850.95136539,2846.12905253,2849.02244024,19.0175
1740295200000000,PAXGUSDT,5m,2849.02244024,2850.95071262,2848.05830405,2849.02244024,5.0292
1740295500000000,PAXGUSDT,5m,2849.02244024,2849.98657643,2848.05830405,2849.98657643,23.9869
1740295800000000,PAXGUSDT,5m,2849.98657643,2854.81215479,2849.98657643,2854.81215479,20.0956
1740296100000000,PAXGUSDT,5m,2854.81215479,2864.46984137,2854.81215479,2863.50407272,158.5892
1740296400000000,PAXGUSDT,5m,2863.50407272,2867.36714735,2862.53830406,2867.36714735,47.9919
1740296700000000,PAXGUSDT,5m,2867.36714735,2868.3332414,2864.46886519,2868.3332414,8.5171
1740297000000000,PAXGUSDT,5m,2868.3332414,2871.23347724,2865.43300557,2871.23347724,16.8862
1740297300000000,PAXGUSDT,5m,2871.23347724,2874.139584,2869.29607273,2872.20217949,26.8836
1740297600000000,PAXGUSDT,5m,2872.20217949,2874.14089173,2871.23282337,2874.14089173,2.1079
1740297900000000,PAXGUSDT,5m,2874.14089173,2875.11024785,2873.17153561,2875.11024785,6.9834
1740298200000000,PAXGUSDT,5m,2875.11024785,2876.0799309,2873.17088174,2876.0799309,2.3213
1740298500000000,PAXGUSDT,5m,2876.0799309,2877.05026826,2875.10959354,2877.05026826,5.7592
1740298800000000,PAXGUSDT,5m,2877.05026826,2878.02126059,2876.07927593,2878.02126059,0.1794
1740299100000000,PAXGUSDT,5m,2878.02126059,2878.02126059,2876.07862052,2877.04994055,3.1456
1740299400000000,PAXGUSDT,5m,2877.04994055,2877.04994055,2876.07862052,2877.04994055,1.753
1740299700000000,PAXGUSDT,5m,2877.04994055,2878.02126059,2876.07862052,2877.04994055,1.7038
1740300000000000,PAXGUSDT,5m,2877.04994055,2878.02126059,2876.07862052,2878.02126059,0.1398
1740300300000000,PAXGUSDT,5m,2878.02126059,2878.02126059,2877.04961262,2878.02126059,0.2992
1740300600000000,PAXGUSDT,5m,2878.02126059,2878.02126059,2877.04961262,2878.02126059,0.0575
1740300900000000,PAXGUSDT,5m,2878.02126059,2878.99290855,2877.04961262,2878.99290855,0.4765
1740301200000000,PAXGUSDT,5m,2878.99290855,2878.99290855,2878.02093255,2878.99290855,0.2504
1740301500000000,PAXGUSDT,5m,2878.99290855,2878.99290855,2878.02093255,2878.02093255,0.1825
1740301800000000,PAXGUSDT,5m,2878.02093255,2878.02093255,2877.0492847,2878.02093255,1.6028
1740302100000000,PAXGUSDT,5m,2878.02093255,2878.02093255,2877.0492847,2878.02093255,0.1174
1740302400000000,PAXGUSDT,5m,2878.02093255,2878.9925804,2877.0492847,2878.9925804,12.9723
1740302700000000,PAXGUSDT,5m,2878.9925804,2879.96488455,2878.02027625,2878.02027625,1.2658
1740303000000000,PAXGUSDT,5m,2878.02027625,2878.02027625,2877.04862862,2877.04862862,0.0396
1740303300000000,PAXGUSDT,5m,2877.04862862,2877.04862862,2875.10598944,2876.07730903,7.6122
1740303600000000,PAXGUSDT,5m,2876.07730903,2878.02060451,2874.13401355,2874.13401355,0.5257
1740303900000000,PAXGUSDT,5m,2874.13401355,2875.10434914,2873.16367796,2875.10434914,1.7764
1740304200000000,PAXGUSDT,5m,2875.10434914,2875.10434914,2874.13401355,2875.10434914,0.1665
1740304500000000,PAXGUSDT,5m,2875.10434914,2875.10434914,2874.13401355,2875.10434914,0.3673
1740304800000000,PAXGUSDT,5m,2875.10434914,2876.07468473,2874.13401355,2874.13401355,30.4185
1740305100000000,PAXGUSDT,5m,2874.13401355,2876.07272115,2872.19530595,2876.07272115,2.8108
1740305400000000,PAXGUSDT,5m,2876.07272115,2877.04305608,2876.07272115,2877.04305608,7.9461
1740305700000000,PAXGUSDT,5m,2877.04305608,2879.95504297,2876.07239378,2876.07239378,17.7766
1740306000000000,PAXGUSDT,5m,2876.07239378,2876.07239378,2873.16237112,2874.13237867,0.4268
1740306300000000,PAXGUSDT,5m,2874.13237867,2875.10271371,2874.13237867,2874.13237867,0.6728
1740306600000000,PAXGUSDT,5m,2874.13237867,2878.01240888,2873.16237112,2877.04240133,25.2027
1740306900000000,PAXGUSDT,5m,2877.04240133,2880.92243154,2876.07239378,2876.07239378,29.9574
1740307200000000,PAXGUSDT,5m,2876.07239378,2877.04240133,2876.07239378,2877.04240133,10.1113
1740307500000000,PAXGUSDT,5m,2877.04240133,2878.01273603,2876.07206662,2878.01273603,1.1229
1740307800000000,PAXGUSDT,5m,2878.01273603,2880.92472194,2874.13008816,2880.92472194,7.8014
1740308100000000,PAXGUSDT,5m,2880.92472194,2883.84260653,2880.92472194,2883.84260653,0.1549
1740308400000000,PAXGUSDT,5m,2883.84260653,2883.84260653,2882.86997833,2883.84260653,0.0823
1740308700000000,PAXGUSDT,5m,2883.84260653,2884.81556288,2881.89669384,2884.81556288,2.1971
1740309000000000,PAXGUSDT,5m,2884.81556288,2885.78917596,2883.84194979,2885.78917596,0.2074
1740309300000000,PAXGUSDT,5m,2885.78917596,2885.78917596,2884.81556288,2884.81556288,2.2675
1740309600000000,PAXGUSDT,5m,2884.81556288,2884.81556288,2883.84194979,2884.81556288,0.3463
1740309900000000,PAXGUSDT,5m,2884.81556288,2885.78917596,2883.84194979,2885.78917596,0.3323
1740310200000000,PAXGUSDT,5m,2885.78917596,2886.76311763,2884.81523429,2884.81523429,0.703
1740310500000000,PAXGUSDT,5m,2884.81523429,2885.78884726,2883.84162132,2883.84162132,0.3638
1740310800000000,PAXGUSDT,5m,2883.84162132,2884.8149057,2883.84162132,2884.8149057,0.1445
1740311100000000,PAXGUSDT,5m,2884.8149057,2884.8149057,2882.86833693,2883.84162132,1.0572
1740311400000000,PAXGUSDT,5m,2883.84162132,2884.81523429,2883.84162132,2884.81523429,1.3253
1740311700000000,PAXGUSDT,5m,2884.81523429,2885.78884726,2883.84162132,2885.78884726,1.1706
1740312000000000,PAXGUSDT,5m,2885.78884726,2885.78884726,2884.81523429,2885.78884726,0.4992
1740312300000000,PAXGUSDT,5m,2885.78884726,2885.78884726,2884.81523429,2885.78884726,2.0711
1740312600000000,PAXGUSDT,5m,2885.78884726,2885.78884726,2884.81523429,2885.78884726,0.0179
1740312900000000,PAXGUSDT,5m,2885.78884726,2886.76278882,2885.78884726,2885.78884726,0.2249
1740313200000000,PAXGUSDT,5m,2885.78884726,2885.78884726,2884.81523429,2885.78884726,1.3177
1740313500000000,PAXGUSDT,5m,2885.78884726,2885.78884726,2884.8149057,2885.78884726,4.7094
1740313800000000,PAXGUSDT,5m,2885.78884726,2887.73738801,2884.81457688,2884.81457688,1.6158
1740314100000000,PAXGUSDT,5m,2884.81457688,2889.68099824,2881.89472407,2881.89472407,33.1165
1740314400000000,PAXGUSDT,5m,2881.89472407,2884.80965468,2880.92308054,2880.92308054,13.8468
1740314700000000,PAXGUSDT,5m,2880.92308054,2881.89406911,2879.95209197,2881.89406911,0.2568
1740315000000000,PAXGUSDT,5m,2881.89406911,2881.89406911,2879.95078248,2881.89406911,4.3695
1740315300000000,PAXGUSDT,5m,2881.89406911,2881.89406911,2880.92242579,2881.89406911,0.8759
1740315600000000,PAXGUSDT,5m,2881.89406911,2883.83801114,2880.92209809,2881.89406911,1.3169
1740315900000000,PAXGUSDT,5m,2881.89406911,2882.86604013,2880.92209809,2881.89406911,1.0901
1740316200000000,PAXGUSDT,5m,2881.89406911,2882.86636805,2881.89406911,2882.86636805,0.6779
1740316500000000,PAXGUSDT,5m,2882.86636805,2884.81162201,2882.86636805,2883.83899503,8.9335
1740316800000000,PAXGUSDT,5m,2883.83899503,2883.83899503,2882.86636805,2883.83899503,0.797
1740317100000000,PAXGUSDT,5m,2883.83899503,2883.83899503,2882.86636805,2883.83899503,0.6973
1740317400000000,PAXGUSDT,5m,2883.83899503,2884.81162201,2881.89374107,2883.83899503,9.5408
1740317700000000,PAXGUSDT,5m,2883.83899503,2886.75687597,2882.86636805,2885.78424899,7.7126
1740318000000000,PAXGUSDT,5m,2885.78424899,2887.7301588,2884.81129408,2884.81129408,0.4619
1740318300000000,PAXGUSDT,5m,2884.81129408,2885.78392095,2883.83866722,2883.83866722,0.5928
1740318600000000,PAXGUSDT,5m,2883.83866722,2884.81063845,2882.86669598,2883.83866722,1.0336
1740318900000000,PAXGUSDT,5m,2883.83866722,2884.81063845,2881.89472474,2883.83866722,1.0227
1740319200000000,PAXGUSDT,5m,2883.83866722,2884.81063845,2881.89472474,2884.81063845,0.733
1740319500000000,PAXGUSDT,5m,2884.81063845,2885.78293729,2883.83833962,2884.81063845,1.1703
1740319800000000,PAXGUSDT,5m,2884.81063845,2885.78293729,2883.83833962,2884.81063845,0.6682
1740320100000000,PAXGUSDT,5m,2884.81063845,2886.75589175,2880.92013186,2886.75589175,11.5214
1740320400000000,PAXGUSDT,5m,2886.75589175,2887.72983099,2886.75589175,2887.72983099,0.6863
1740320700000000,PAXGUSDT,5m,2887.72983099,2888.70409881,2887.72983099,2887.72983099,0.7741
1740321000000000,PAXGUSDT,5m,2887.72983099,2888.70377022,2886.75589175,2888.70377022,0.3181
1740321300000000,PAXGUSDT,5m,2888.70377022,2889.67836663,2888.70377022,2888.70377022,0.4037
1740321600000000,PAXGUSDT,5m,2888.70377022,2889.67836663,2887.72917381,2889.67836663,5.6265
1740321900000000,PAXGUSDT,5m,2889.67836663,2890.65362089,2888.70311238,2890.65362089,1.0545
1740322200000000,PAXGUSDT,5m,2890.65362089,2891.62953366,2890.65362089,2891.62953366,4.2702
1740322500000000,PAXGUSDT,5m,2891.62953366,2892.60577591,2890.65329141,2890.65329141,1.1881
1740322800000000,PAXGUSDT,5m,2890.65329141,2893.58102939,2890.65329141,2893.58102939,3.4577
1740323100000000,PAXGUSDT,5m,2893.58102939,2894.5572713,2893.58102939,2894.5572713,2.0598
1740323400000000,PAXGUSDT,5m,2894.5572713,2895.53384258,2893.58070002,2895.53384258,0.3015
1740323700000000,PAXGUSDT,5m,2895.53384258,2896.51107304,2894.55661212,2896.51107304,0.5951
1740324000000000,PAXGUSDT,5m,2896.51107304,2896.51107304,2895.53351277,2896.51107304,0.3216
1740324300000000,PAXGUSDT,5m,2896.51107304,2897.4886333,2895.53351277,2897.4886333,0.2619
1740324600000000,PAXGUSDT,5m,2897.4886333,2898.46685364,2896.51041297,2896.51041297,0.4968
1740324900000000,PAXGUSDT,5m,2896.51041297,2896.51041297,2895.53285292,2896.51041297,0.1625
1740325200000000,PAXGUSDT,5m,2896.51041297,2897.48830305,2895.53252289,2895.53252289,0.0479
1740325500000000,PAXGUSDT,5m,2895.53252289,2895.53252289,2894.55529288,2895.53252289,2.0857
1740325800000000,PAXGUSDT,5m,2895.53252289,2896.51008282,2894.55496296,2894.55496296,1.0355
1740326100000000,PAXGUSDT,5m,2894.55496296,2897.48665265,2892.60050316,2892.60050316,2.4068
1740326400000000,PAXGUSDT,5m,2892.60050316,2893.57674362,2891.62426269,2891.62426269,0.5853
1740326700000000,PAXGUSDT,5m,2891.62426269,2895.52790665,2891.62426269,2895.52790665,1.4571
1740327000000000,PAXGUSDT,5m,2895.52790665,2896.50381764,2894.55199566,2896.50381764,4.0915
1740327300000000,PAXGUSDT,5m,2896.50381764,2897.48038669,2896.50381764,2897.48038669,1.5804
1740327600000000,PAXGUSDT,5m,2897.48038669,2899.43418331,2897.48038669,2899.43418331,19.6647
1740327900000000,PAXGUSDT,5m,2899.43418331,2900.41141088,2898.45695575,2899.43418331,15.9115
1740328200000000,PAXGUSDT,5m,2899.43418331,2899.43418331,2898.45695575,2899.43418331,7.05
1740328500000000,PAXGUSDT,5m,2899.43418331,2900.41174035,2899.43418331,2900.41174035,0.7262
1740328800000000,PAXGUSDT,5m,2900.41174035,2901.38962698,2897.47808047,2900.41174035,7.1317
1740329100000000,PAXGUSDT,5m,2900.41174035,2900.41174035,2895.52230721,2896.50019384,21.4121
1740329400000000,PAXGUSDT,5m,2896.50019384,2897.47775044,2895.52263724,2897.47775044,0.7553
1740329700000000,PAXGUSDT,5m,2897.47775044,2898.4559671,2896.49953377,2896.49953377,0.4051
1740330000000000,PAXGUSDT,5m,2896.49953377,2897.47742018,2895.52164737,2895.52164737,1.4245
1740330300000000,PAXGUSDT,5m,2895.52164737,2896.49920363,2895.52164737,2895.52164737,0.2298
1740330600000000,PAXGUSDT,5m,2895.52164737,2896.49887371,2894.54442103,2896.49887371,3.1125
1740330900000000,PAXGUSDT,5m,2896.49887371,2898.45398601,2896.49887371,2898.45398601,0.1677
1740331200000000,PAXGUSDT,5m,2898.45398601,2899.43187197,2897.47610005,2897.47610005,0.2473
1740331500000000,PAXGUSDT,5m,2897.47610005,2898.45365609,2896.49854401,2896.49854401,0.407
1740331800000000,PAXGUSDT,5m,2896.49854401,2897.47577024,2896.49854401,2897.47577024,1.312
1740332100000000,PAXGUSDT,5m,2897.47577024,2900.40843802,2896.49821431,2896.49821431,8.4995
1740332400000000,PAXGUSDT,5m,2896.49821431,2899.42890391,2895.52131778,2895.52131778,4.5658
1740332700000000,PAXGUSDT,5m,2895.52131778,2896.49755558,2894.54507998,2896.49755558,0.091
1740333000000000,PAXGUSDT,5m,2896.49755558,2898.4513482,2893.56686666,2898.4513482,30.2721
1740333300000000,PAXGUSDT,5m,2898.4513482,2899.4295633,2897.4731331,2898.4513482,4.9866
1740333600000000,PAXGUSDT,5m,2898.4513482,2901.38599351,2895.51670289,2895.51670289,4.3354
1740333900000000,PAXGUSDT,5m,2895.51670289,2896.49293914,2893.5642304,2896.49293914,2.1691
1740334200000000,PAXGUSDT,5m,2896.49293914,2896.49293914,2893.56225488,2895.51604439,7.3129
1740334500000000,PAXGUSDT,5m,2895.51604439,2897.47115313,2893.56093565,2893.56093565,0.1315
1740334800000000,PAXGUSDT,5m,2893.56093565,2893.56093565,2892.58470051,2893.56093565,0.1053
1740335100000000,PAXGUSDT,5m,2893.56093565,2894.53750025,2892.58437104,2892.58437104,0.389
1740335400000000,PAXGUSDT,5m,2892.58437104,2892.58437104,2891.60846538,2892.58437104,0.4778
1740335700000000,PAXGUSDT,5m,2892.58437104,2892.58437104,2891.60846538,2892.58437104,0.1736
1740336000000000,PAXGUSDT,5m,2892.58437104,2893.56060606,2891.60813601,2892.58437104,2.4848
1740336300000000,PAXGUSDT,5m,2892.58437104,2893.56060606,2890.63190099,2892.58437104,11.4727
1740336600000000,PAXGUSDT,5m,2892.58437104,2892.58437104,2891.60813601,2892.58437104,5.0884
1740336900000000,PAXGUSDT,5m,2892.58437104,2893.56060606,2891.60813601,2891.60813601,1.5748
1740337200000000,PAXGUSDT,5m,2891.60813601,2892.58404156,2891.60813601,2891.60813601,0.1139
1740337500000000,PAXGUSDT,5m,2891.60813601,2891.60813601,2890.63255972,2891.60813601,1.5741
1740337800000000,PAXGUSDT,5m,2891.60813601,2892.58404156,2890.63223047,2890.63223047,0.1378
1740338100000000,PAXGUSDT,5m,2890.63223047,2891.60780665,2890.63223047,2890.63223047,0.0909
1740338400000000,PAXGUSDT,5m,2890.63223047,2891.60780665,2890.63223047,2891.60780665,1.0417
1740338700000000,PAXGUSDT,5m,2891.60780665,2892.58371209,2890.63190121,2890.63190121,0.1743
1740339000000000,PAXGUSDT,5m,2890.63190121,2891.60747729,2890.63190121,2890.63190121,0.2176
1740339300000000,PAXGUSDT,5m,2890.63190121,2891.60747729,2890.63190121,2890.63190121,0.0467
1740339600000000,PAXGUSDT,5m,2890.63190121,2892.58305336,2890.63190121,2890.63190121,8.3522
1740339900000000,PAXGUSDT,5m,2890.63190121,2891.60747729,2889.65632514,2890.63190121,6.9325
1740340200000000,PAXGUSDT,5m,2890.63190121,2890.63190121,2889.65632514,2890.63190121,0.402
1740340500000000,PAXGUSDT,5m,2890.63190121,2892.58437126,2890.63190121,2891.60813624,1.9239
1740340800000000,PAXGUSDT,5m,2891.60813624,2893.56060628,2890.63190121,2891.60813624,2.3334
1740341100000000,PAXGUSDT,5m,2891.60813624,2892.58470096,2891.60813624,2891.60813624,2.1941
1740341400000000,PAXGUSDT,5m,2891.60813624,2892.58470096,2890.63157152,2891.60813624,1.1994
1740341700000000,PAXGUSDT,5m,2891.60813624,2892.58470096,2890.63157152,2890.63157152,2.1484
1740342000000000,PAXGUSDT,5m,2890.63157152,2891.60747684,2889.65566619,2891.60747684,2.5908
1740342300000000,PAXGUSDT,5m,2891.60747684,2892.58404134,2890.63091234,2890.63091234,0.6155
1740342600000000,PAXGUSDT,5m,2890.63091234,2891.60714703,2889.65467766,2889.65467766,0.4892
1740342900000000,PAXGUSDT,5m,2889.65467766,2889.65467766,2888.67877267,2889.65467766,0.0429
1740343200000000,PAXGUSDT,5m,2889.65467766,2890.63091234,2888.67844297,2888.67844297,1.1997
1740343500000000,PAXGUSDT,5m,2888.67844297,2889.65434785,2888.67844297,2889.65434785,0.6661
1740343800000000,PAXGUSDT,5m,2889.65434785,2890.63025273,2888.67844297,2888.67844297,0.0316
1740344100000000,PAXGUSDT,5m,2888.67844297,2888.67844297,2887.70319704,2888.67844297,0.2591
1740344400000000,PAXGUSDT,5m,2888.67844297,2889.65401826,2887.70286767,2887.70286767,0.212
1740344700000000,PAXGUSDT,5m,2887.70286767,2888.67811349,2887.70286767,2887.70286767,0.1205
1740345000000000,PAXGUSDT,5m,2887.70286767,2888.67811349,2887.70286767,2887.70286767,0.28
1740345300000000,PAXGUSDT,5m,2887.70286767,2888.67811349,2887.70286767,2887.70286767,2.1715
1740345600000000,PAXGUSDT,5m,2887.70286767,2888.67811349,2886.72762186,2886.72762186,0.2662
1740345900000000,PAXGUSDT,5m,2886.72762186,2888.67745477,2884.77778895,2884.77778895,1.2892
1740346200000000,PAXGUSDT,5m,2884.77778895,2885.75171798,2883.80385992,2883.80385992,0.1517
1740346500000000,PAXGUSDT,5m,2883.80385992,2883.80385992,2882.83025969,2883.80385992,1.3401
1740346800000000,PAXGUSDT,5m,2883.80385992,2884.77778895,2883.80385992,2884.77778895,0.3927
1740347100000000,PAXGUSDT,5m,2884.77778895,2885.7520469,2883.803531,2884.77778895,8.7655
1740347400000000,PAXGUSDT,5m,2884.77778895,2885.7520469,2884.77778895,2884.77778895,0.4492
1740347700000000,PAXGUSDT,5m,2884.77778895,2885.7520469,2884.77778895,2884.77778895,0.1084
1740348000000000,PAXGUSDT,5m,2884.77778895,2884.77778895,2883.80385992,2884.77778895,0.2521
1740348300000000,PAXGUSDT,5m,2884.77778895,2885.7520469,2883.803531,2883.803531,0.0975
1740348600000000,PAXGUSDT,5m,2883.803531,2884.77745992,2882.82960208,2882.82960208,0.1305
1740348900000000,PAXGUSDT,5m,2882.82960208,2883.80320208,2882.82960208,2882.82960208,0.1277
1740349200000000,PAXGUSDT,5m,2882.82960208,2883.80320208,2881.85600208,2881.85600208,0.2734
1740349500000000,PAXGUSDT,5m,2881.85600208,2882.82927327,2880.88273088,2880.88273088,2.7148
1740349800000000,PAXGUSDT,5m,2880.88273088,2880.88273088,2879.91011686,2880.88273088,0.5881
1740350100000000,PAXGUSDT,5m,2880.88273088,2881.85567338,2880.88273088,2880.88273088,0.2314
1740350400000000,PAXGUSDT,5m,2880.88273088,2880.88273088,2879.91011686,2879.91011686,3.4086
1740350700000000,PAXGUSDT,5m,2879.91011686,2880.88240252,2878.93783121,2878.93783121,3.6028
1740351000000000,PAXGUSDT,5m,2878.93783121,2880.88174601,2876.9939164,2880.88174601,16.3846
1740351300000000,PAXGUSDT,5m,2880.88174601,2880.88174601,2880.88174601,2880.88174601,0.0976
1740351600000000,PAXGUSDT,5m,2880.88174601,2881.85468818,2879.90880385,2881.85468818,5.463
1740351900000000,PAXGUSDT,5m,2881.85468818,2881.85468818,2879.90880385,2881.85468818,4.5705
1740352200000000,PAXGUSDT,5m,2881.85468818,2881.85468818,2879.90880385,2880.88174601,1.8974
1740352500000000,PAXGUSDT,5m,2880.88174601,2883.80155859,2880.88174601,2882.82828773,12.279
1740352800000000,PAXGUSDT,5m,2882.82828773,2883.80123012,2880.88240296,2883.80123012,26.0205
1740353100000000,PAXGUSDT,5m,2883.80123012,2884.77482945,2882.82763078,2884.77482945,1.8409
1740353400000000,PAXGUSDT,5m,2884.77482945,2885.74875749,2883.80090142,2883.80090142,2.7903
1740353700000000,PAXGUSDT,5m,2883.80090142,2885.74809987,2882.8273022,2882.8273022,1.7625
1740354000000000,PAXGUSDT,5m,2882.8273022,2883.80024425,2882.8273022,2882.8273022,2.2095
1740354300000000,PAXGUSDT,5m,2882.8273022,2884.77384325,2880.88076114,2884.77384325,0.6462
1740354600000000,PAXGUSDT,5m,2884.77384325,2886.72235649,2883.79958664,2883.79958664,2.6719
1740354900000000,PAXGUSDT,5m,2883.79958664,2885.7467842,2882.82598786,2882.82598786,7.7554
1740355200000000,PAXGUSDT,5m,2882.82598786,2882.82598786,2881.85304625,2882.82598786,1.8282
1740355500000000,PAXGUSDT,5m,2882.82598786,2884.77252802,2882.82598786,2884.77252802,0.138
1740355800000000,PAXGUSDT,5m,2884.77252802,2887.69233828,2881.85271777,2884.77252802,15.5481
1740356100000000,PAXGUSDT,5m,2884.77252802,2886.71841169,2881.85370253,2886.71841169,3.8897
1740356400000000,PAXGUSDT,5m,2886.71841169,2886.71841169,2884.76924328,2886.71841169,8.1008
1740356700000000,PAXGUSDT,5m,2886.71841169,2887.69299589,2885.74382748,2886.71841169,3.8552
1740357000000000,PAXGUSDT,5m,2886.71841169,2886.71841169,2883.79761734,2883.79761734,1.7271
1740357300000000,PAXGUSDT,5m,2883.79761734,2883.79761734,2881.85107828,2881.85107828,0.9009
1740357600000000,PAXGUSDT,5m,2881.85107828,2882.82434781,2881.85107828,2881.85107828,1.1878
1740357900000000,PAXGUSDT,5m,2881.85107828,2882.82434781,2881.85107828,2881.85107828,0.4521
1740358200000000,PAXGUSDT,5m,2881.85107828,2882.82401922,2881.85107828,2881.85107828,2.2078
1740358500000000,PAXGUSDT,5m,2881.85107828,2881.85107828,2880.8784657,2880.8784657,2.1906
1740358800000000,PAXGUSDT,5m,2880.8784657,2884.77022992,2876.01376042,2884.77022992,7.3439
1740359100000000,PAXGUSDT,5m,2884.77022992,2885.74580321,2883.79465663,2884.77022992,1.8851
1740359400000000,PAXGUSDT,5m,2884.77022992,2884.77022992,2883.79498644,2883.79498644,0.9466
1740359700000000,PAXGUSDT,5m,2883.79498644,2884.77022992,2882.81974295,2883.79498644,1.3067
1740360000000000,PAXGUSDT,5m,2883.79498644,2884.77055984,2882.81941303,2882.81941303,3.2252
1740360300000000,PAXGUSDT,5m,2882.81941303,2885.74514315,2879.89368291,2885.74514315,9.2474
1740360600000000,PAXGUSDT,5m,2885.74514315,2886.72236806,2884.76791825,2884.76791825,4.6075
1740360900000000,PAXGUSDT,5m,2884.76791825,2885.74448152,2884.76791825,2885.74448152,0.7725
1740361200000000,PAXGUSDT,5m,2885.74448152,2887.69694734,2883.7920157,2887.69694734,2.8293
1740361500000000,PAXGUSDT,5m,2887.69694734,2888.67450217,2887.69694734,2887.69694734,0.3782
1740361800000000,PAXGUSDT,5m,2887.69694734,2892.58472146,2887.69694734,2890.62961181,13.3173
1740362100000000,PAXGUSDT,5m,2890.62961181,2890.62961181,2883.79135318,2884.76824727,11.0312
1740362400000000,PAXGUSDT,5m,2884.76824727,2889.65271772,2884.76824727,2888.67582363,4.8166
1740362700000000,PAXGUSDT,5m,2888.67582363,2892.58339999,2888.67582363,2892.58339999,1.0824
1740363000000000,PAXGUSDT,5m,2892.58339999,2897.4695206,2888.67450351,2888.67450351,12.4034
1740363300000000,PAXGUSDT,5m,2888.67450351,2890.62433442,2888.67450351,2889.64941896,5.29
1740363600000000,PAXGUSDT,5m,2889.64941896,2890.62433442,2889.64941896,2889.64941896,22.6945
1740363900000000,PAXGUSDT,5m,2889.64941896,2892.57416534,2885.74975713,2892.57416534,23.2765
1740364200000000,PAXGUSDT,5m,2892.57416534,2893.55105631,2891.59727437,2892.57416534,4.7035
1740364500000000,PAXGUSDT,5m,2892.57416534,2895.50483825,2890.6203834,2890.6203834,4.8521
1740364800000000,PAXGUSDT,5m,2890.6203834,2891.59595558,2889.64481121,2890.6203834,1.0137
1740365100000000,PAXGUSDT,5m,2890.6203834,2891.59595558,2888.66923903,2891.59595558,4.3202
1740365400000000,PAXGUSDT,5m,2891.59595558,2892.57218649,2888.66726285,2889.64349376,3.7388
1740365700000000,PAXGUSDT,5m,2889.64349376,2891.59727571,2888.66660279,2888.66660279,2.4567
1740366000000000,PAXGUSDT,5m,2888.66660279,2891.59430543,2885.73890015,2885.73890015,4.9567
1740366300000000,PAXGUSDT,5m,2885.73890015,2887.68806523,2885.73890015,2887.68806523,4.6487
1740366600000000,PAXGUSDT,5m,2887.68806523,2889.63854687,2885.73758359,2885.73758359,2.825
1740366900000000,PAXGUSDT,5m,2885.73758359,2887.68543211,2883.78973507,2885.73758359,9.7329
1740367200000000,PAXGUSDT,5m,2885.73758359,2886.71150785,2885.73758359,2885.73758359,0.4043
1740367500000000,PAXGUSDT,5m,2885.73758359,2885.73758359,2882.81581081,2883.78973507,8.04
1740367800000000,PAXGUSDT,5m,2883.78973507,2887.68543211,2882.81581081,2885.73758359,21.2254
1740368100000000,PAXGUSDT,5m,2885.73758359,2886.71117927,2883.79039224,2886.71117927,3.3114
1740368400000000,PAXGUSDT,5m,2886.71117927,2887.68543211,2885.73692643,2886.71117927,0.5977
1740368700000000,PAXGUSDT,5m,2886.71117927,2886.71117927,2882.81548267,2883.78940682,6.1523
1740369000000000,PAXGUSDT,5m,2883.78940682,2885.73725512,2882.81548267,2884.76333097,2.0194
1740369300000000,PAXGUSDT,5m,2884.76333097,2885.73725512,2883.78940682,2885.73725512,1.6921
1740369600000000,PAXGUSDT,5m,2885.73725512,2888.66100107,2877.94059925,2888.66100107,26.9051
1740369900000000,PAXGUSDT,5m,2888.66100107,2892.56723637,2885.7313246,2885.7313246,8.3046
1740370200000000,PAXGUSDT,5m,2885.7313246,2886.70590458,2885.7313246,2885.7313246,0.275
1740370500000000,PAXGUSDT,5m,2885.7313246,2888.65506455,2885.7313246,2886.70590458,6.3501
1740370800000000,PAXGUSDT,5m,2886.70590458,2887.68048456,2884.75674462,2884.75674462,8.2662
1740371100000000,PAXGUSDT,5m,2884.75674462,2884.75674462,2882.80824293,2883.78249378,5.1137
1740371400000000,PAXGUSDT,5m,2883.78249378,2883.78249378,2879.88549041,2881.83399209,6.7538
1740371700000000,PAXGUSDT,5m,2881.83399209,2882.80824293,2880.85974125,2881.83399209,5.4394
1740372000000000,PAXGUSDT,5m,2881.83399209,2883.78315272,2879.88483146,2879.88483146,1.8758
1740372300000000,PAXGUSDT,5m,2879.88483146,2881.83201526,2879.88483146,2879.88483146,4.7564
1740372600000000,PAXGUSDT,5m,2879.88483146,2884.75279095,2876.96405577,2876.96405577,18.0176
1740372900000000,PAXGUSDT,5m,2876.96405577,2878.90663785,2875.99276473,2876.96405577,12.4727
1740373200000000,PAXGUSDT,5m,2876.96405577,2878.90663785,2875.02147369,2878.90663785,1.8354
1740373500000000,PAXGUSDT,5m,2878.90663785,2881.82444863,2875.98882707,2875.98882707,7.0168
1740373800000000,PAXGUSDT,5m,2875.98882707,2876.95946116,2874.04755887,2876.95946116,1.3188
1740374100000000,PAXGUSDT,5m,2876.95946116,2877.93075065,2875.98817168,2876.95946116,1.3143
1740374400000000,PAXGUSDT,5m,2876.95946116,2877.93075065,2875.98817168,2876.95946116,3.9322
1740374700000000,PAXGUSDT,5m,2876.95946116,2877.93075065,2875.98817168,2875.98817168,0.9366
1740375000000000,PAXGUSDT,5m,2875.98817168,2877.93075065,2875.98817168,2876.95946116,2.0624
1740375300000000,PAXGUSDT,5m,2876.95946116,2878.90204014,2874.0455927,2878.90204014,1.1643
1740375600000000,PAXGUSDT,5m,2878.90204014,2878.90204014,2875.01294586,2876.957493,4.5969
1740375900000000,PAXGUSDT,5m,2876.957493,2878.90335535,2876.957493,2876.957493,0.4671
1740376200000000,PAXGUSDT,5m,2876.957493,2878.90335535,2876.957493,2876.957493,1.2804
1740376500000000,PAXGUSDT,5m,2876.957493,2882.79508006,2876.957493,2878.90335535,28.8662
1740376800000000,PAXGUSDT,5m,2878.90335535,2879.87694458,2877.92976612,2878.90335535,9.3834
1740377100000000,PAXGUSDT,5m,2878.90335535,2879.87694458,2878.90335535,2878.90335535,1.2159
1740377400000000,PAXGUSDT,5m,2878.90335535,2879.87694458,2878.90335535,2878.90335535,0.3466
1740377700000000,PAXGUSDT,5m,2878.90335535,2879.87694458,2878.90335535,2879.87694458,11.8406
1740378000000000,PAXGUSDT,5m,2879.87694458,2879.87694458,2877.92976612,2878.90335535,2.7044
1740378300000000,PAXGUSDT,5m,2878.90335535,2879.87694458,2877.92976612,2879.87694458,4.997
1740378600000000,PAXGUSDT,5m,2879.87694458,2881.82544049,2877.92844868,2877.92844868,13.4297
1740378900000000,PAXGUSDT,5m,2877.92844868,2877.92844868,2875.98258766,2876.95551817,2.3864
1740379200000000,PAXGUSDT,5m,2876.95551817,2880.84855676,2874.03573923,2874.03573923,7.0489
1740379500000000,PAXGUSDT,5m,2874.03573923,2875.97896826,2873.06412471,2875.00735374,2.5376
1740379800000000,PAXGUSDT,5m,2875.00735374,2875.97929673,2873.06346777,2875.97929673,0.8369
1740380100000000,PAXGUSDT,5m,2875.97929673,2878.89808492,2875.97929673,2877.92515552,1.1959
1740380400000000,PAXGUSDT,5m,2877.92515552,2878.89775612,2876.95255493,2878.89775612,0.3405
1740380700000000,PAXGUSDT,5m,2878.89775612,2879.87101432,2878.89775612,2878.89775612,0.444
1740381000000000,PAXGUSDT,5m,2878.89775612,2880.84427252,2878.89775612,2879.87101432,4.0264
1740381300000000,PAXGUSDT,5m,2879.87101432,2881.81753072,2878.89775612,2878.89775612,2.1742
1740381600000000,PAXGUSDT,5m,2878.89775612,2879.87035671,2878.89775612,2878.89775612,2.3156
1740381900000000,PAXGUSDT,5m,2878.89775612,2878.89775612,2877.92548399,2878.89775612,2.7895
1740382200000000,PAXGUSDT,5m,2878.89775612,2880.8429573,2876.95255493,2876.95255493,4.1285
1740382500000000,PAXGUSDT,5m,2876.95255493,2877.92417011,2876.95255493,2876.95255493,0.6518
1740382800000000,PAXGUSDT,5m,2876.95255493,2877.92417011,2876.95255493,2877.92417011,0.3466
1740383100000000,PAXGUSDT,5m,2877.92417011,2879.86805675,2876.95222679,2876.95222679,7.0738
1740383400000000,PAXGUSDT,5m,2876.95222679,2877.92417011,2876.95222679,2876.95222679,1.7973
1740383700000000,PAXGUSDT,5m,2876.95222679,2878.89611343,2875.98028347,2875.98028347,1.3009
1740384000000000,PAXGUSDT,5m,2875.98028347,2877.92285712,2875.00899665,2875.00899665,1.069
1740384300000000,PAXGUSDT,5m,2875.00899665,2875.97995545,2875.00899665,2875.00899665,1.682
1740384600000000,PAXGUSDT,5m,2875.00899665,2875.97995545,2875.00899665,2875.00899665,1.4125
1740384900000000,PAXGUSDT,5m,2875.00899665,2876.95091424,2873.06707906,2876.95091424,0.8951
1740385200000000,PAXGUSDT,5m,2876.95091424,2877.92318559,2874.0341002,2877.92318559,10.0184
1740385500000000,PAXGUSDT,5m,2877.92318559,2878.89644335,2876.94992783,2876.94992783,1.6181
1740385800000000,PAXGUSDT,5m,2876.94992783,2878.89644335,2876.94992783,2877.92318559,2.9291
1740386100000000,PAXGUSDT,5m,2877.92318559,2882.78947437,2877.92318559,2881.81621662,11.9927
1740386400000000,PAXGUSDT,5m,2881.81621662,2883.76338973,2880.84263006,2882.78980318,3.7362
1740386700000000,PAXGUSDT,5m,2882.78980318,2883.76338973,2881.81621662,2881.81621662,3.7652
1740387000000000,PAXGUSDT,5m,2881.81621662,2883.76273213,2880.84295886,2882.78947437,7.0867
1740387300000000,PAXGUSDT,5m,2882.78947437,2885.70924764,2881.81621662,2881.81621662,12.2538
1740387600000000,PAXGUSDT,5m,2881.81621662,2882.78881743,2881.81621662,2882.78881743,0.3802
1740387900000000,PAXGUSDT,5m,2882.78881743,2883.76141825,2882.78881743,2882.78881743,3.2494
1740388200000000,PAXGUSDT,5m,2882.78881743,2883.76141825,2881.81621662,2881.81621662,2.1168
1740388500000000,PAXGUSDT,5m,2881.81621662,2882.78848929,2881.81621662,2881.81621662,1.5412
1740388800000000,PAXGUSDT,5m,2881.81621662,2882.78848929,2881.81621662,2882.78848929,1.0733
1740389100000000,PAXGUSDT,5m,2882.78848929,2883.76109,2882.78848929,2883.76109,0.889
1740389400000000,PAXGUSDT,5m,2883.76109,2885.70694768,2882.78816116,2882.78816116,2.0578
1740389700000000,PAXGUSDT,5m,2882.78816116,2882.78816116,2880.84427163,2880.84427163,4.3703
1740390000000000,PAXGUSDT,5m,2880.84427163,2881.81621639,2880.84427163,2880.84427163,0.8434
1740390300000000,PAXGUSDT,5m,2880.84427163,2880.84427163,2879.87265468,2880.84427163,1.55
1740390600000000,PAXGUSDT,5m,2880.84427163,2882.78881721,2880.84427163,2881.81654442,2.429
1740390900000000,PAXGUSDT,5m,2881.81654442,2881.81654442,2880.84459955,2881.81654442,0.5266
1740391200000000,PAXGUSDT,5m,2881.81654442,2881.81654442,2879.87265468,2879.87265468,0.9556
1740391500000000,PAXGUSDT,5m,2879.87265468,2879.87265468,2878.90103772,2879.87265468,0.918
1740391800000000,PAXGUSDT,5m,2879.87265468,2880.84459955,2879.87265468,2880.84459955,0.9277
1740392100000000,PAXGUSDT,5m,2880.84459955,2881.81687245,2880.84459955,2880.84459955,3.2209
1740392400000000,PAXGUSDT,5m,2880.84459955,2881.81687245,2879.87232665,2881.81687245,3.3651
1740392700000000,PAXGUSDT,5m,2881.81687245,2882.78980185,2878.89808426,2882.78980185,10.1803
1740393000000000,PAXGUSDT,5m,2882.78980185,2882.78980185,2879.87002824,2880.84328611,4.8965
1740393300000000,PAXGUSDT,5m,2880.84328611,2881.81687289,2878.89611255,2878.89611255,6.773
1740393600000000,PAXGUSDT,5m,2878.89611255,2879.86937019,2877.9228549,2877.9228549,1.949
1740393900000000,PAXGUSDT,5m,2877.9228549,2879.86937019,2877.9228549,2877.9228549,8.963
1740394200000000,PAXGUSDT,5m,2877.9228549,2878.89611255,2875.97633961,2876.94959726,14.0769
1740394500000000,PAXGUSDT,5m,2876.94959726,2878.89545427,2875.97666875,2876.94959726,10.6402
1740394800000000,PAXGUSDT,5m,2876.94959726,2877.9228549,2875.97633961,2875.97633961,1.6508
1740395100000000,PAXGUSDT,5m,2875.97633961,2877.92219641,2875.97633961,2875.97633961,1.7356
1740395400000000,PAXGUSDT,5m,2875.97633961,2876.94926801,2875.00341122,2875.00341122,4.3834
1740395700000000,PAXGUSDT,5m,2875.00341122,2877.92219641,2872.08462603,2872.08462603,1.3933
1740396000000000,PAXGUSDT,5m,2872.08462603,2873.05558094,2871.11367112,2871.11367112,1.5631
1740396300000000,PAXGUSDT,5m,2871.11367112,2874.02555111,2868.20179113,2868.20179113,2.7631
1740396600000000,PAXGUSDT,5m,2868.20179113,2870.13976531,2868.20179113,2870.13976531,0.4538
1740396900000000,PAXGUSDT,5m,2870.13976531,2871.10907965,2869.17045097,2869.17045097,0.8052
1740397200000000,PAXGUSDT,5m,2869.17045097,2870.13943795,2869.17045097,2869.17045097,0.3514
1740397500000000,PAXGUSDT,5m,2869.17045097,2870.13943795,2869.17045097,2869.17045097,0.4904
1740397800000000,PAXGUSDT,5m,2869.17045097,2871.10842493,2867.23247701,2867.23247701,2.394
1740398100000000,PAXGUSDT,5m,2867.23247701,2868.20048257,2866.26447144,2867.23247701,0.8519
1740398400000000,PAXGUSDT,5m,2867.23247701,2871.10449926,2865.29646588,2866.26447144,8.5723
1740398700000000,PAXGUSDT,5m,2866.26447144,2868.19917578,2865.29711928,2867.23182361,3.3498
1740399000000000,PAXGUSDT,5m,2867.23182361,2869.1678343,2865.29581293,2869.1678343,1.2813
1740399300000000,PAXGUSDT,5m,2869.1678343,2869.1678343,2868.1988482,2868.1988482,1.1406
1740399600000000,PAXGUSDT,5m,2868.1988482,2872.07479259,2865.29188991,2865.29188991,2.0457
1740399900000000,PAXGUSDT,5m,2865.29188991,2867.22593776,2862.39081813,2867.22593776,3.2687
1740400200000000,PAXGUSDT,5m,2867.22593776,2868.19426803,2867.22593776,2867.22593776,1.1373
1740400500000000,PAXGUSDT,5m,2867.22593776,2869.16194447,2866.2579344,2866.2579344,2.501
1740400800000000,PAXGUSDT,5m,2866.2579344,2868.19263432,2866.2579344,2866.2579344,2.7004
1740401100000000,PAXGUSDT,5m,2866.2579344,2867.22528436,2865.29058444,2865.29058444,0.7263
1740401400000000,PAXGUSDT,5m,2865.29058444,2866.2579344,2864.32323448,2864.32323448,0.8628
1740401700000000,PAXGUSDT,5m,2864.32323448,2869.15671952,2862.38984046,2864.32323448,41.2283
1740402000000000,PAXGUSDT,5m,2864.32323448,2871.0923981,2864.32323448,2864.32323448,14.4303
1740402300000000,PAXGUSDT,5m,2864.32323448,2867.2243046,2862.38918773,2862.38918773,1.5525
1740402600000000,PAXGUSDT,5m,2862.38918773,2863.35490608,2862.38918773,2863.35490608,0.5599
1740402900000000,PAXGUSDT,5m,2863.35490608,2864.32062443,2863.35490608,2863.35490608,1.0008
1740403200000000,PAXGUSDT,5m,2863.35490608,2864.32062443,2863.35490608,2864.32062443,0.6096
1740403500000000,PAXGUSDT,5m,2864.32062443,2865.28634278,2864.32062443,2864.32062443,0.7023
1740403800000000,PAXGUSDT,5m,2864.32062443,2865.28601729,2863.35523157,2865.28601729,1.6732
1740404100000000,PAXGUSDT,5m,2865.28601729,2868.1841488,2865.28601729,2868.1841488,4.2492
1740404400000000,PAXGUSDT,5m,2868.1841488,2871.08325677,2868.1841488,2871.08325677,26.3637
1740404700000000,PAXGUSDT,5m,2871.08325677,2871.08325677,2870.11656207,2871.08325677,2.5565
1740405000000000,PAXGUSDT,5m,2871.08325677,2871.08325677,2870.11656207,2871.08325677,0.2994
1740405300000000,PAXGUSDT,5m,2871.08325677,2873.01729736,2871.08325677,2872.05027706,33.9101
1740405600000000,PAXGUSDT,5m,2872.05027706,2872.05027706,2871.08358225,2872.05027706,1.0338
1740405900000000,PAXGUSDT,5m,2872.05027706,2872.05027706,2870.11688745,2870.11688745,17.6614
1740406200000000,PAXGUSDT,5m,2870.11688745,2872.05027706,2869.15019264,2870.11688745,9.9561
1740406500000000,PAXGUSDT,5m,2870.11688745,2870.11688745,2869.15051812,2870.11688745,10.9064
1740406800000000,PAXGUSDT,5m,2870.11688745,2872.04962609,2868.1841488,2871.08325677,37.9159
1740407100000000,PAXGUSDT,5m,2871.08325677,2871.08325677,2865.281135,2865.281135,10.9945
1740407400000000,PAXGUSDT,5m,2865.281135,2866.247503,2863.34839899,2863.34839899,2.852
1740407700000000,PAXGUSDT,5m,2863.34839899,2863.34839899,2860.44929497,2861.41566298,22.3367
1740408000000000,PAXGUSDT,5m,2861.41566298,2861.41566298,2858.51655896,2859.48292697,8.0478
1740408300000000,PAXGUSDT,5m,2859.48292697,2861.41631637,2858.51623226,2858.51623226,12.1724
1740408600000000,PAXGUSDT,5m,2858.51623226,2859.48227357,2857.55019096,2858.51623226,2.6443
1740408900000000,PAXGUSDT,5m,2858.51623226,2860.44766215,2855.61908743,2860.44766215,7.2472
1740409200000000,PAXGUSDT,5m,2860.44766215,2861.41501002,2856.57827066,2857.54561853,18.7425
1740409500000000,PAXGUSDT,5m,2857.54561853,2857.54561853,2854.64357491,2856.57827066,20.5434
1740409800000000,PAXGUSDT,5m,2856.57827066,2861.41501002,2855.61092278,2857.54561853,33.4083
1740410100000000,PAXGUSDT,5m,2857.54561853,2870.12539944,2845.93351307,2845.93351307,92.24
1740410400000000,PAXGUSDT,5m,2845.93351307,2846.89335574,2845.93351307,2845.93351307,53.1386
1740410700000000,PAXGUSDT,5m,2845.93351307,2848.81207023,2843.05495591,2848.81207023,9.7939
1740411000000000,PAXGUSDT,5m,2848.81207023,2853.6210035,2844.00313696,2844.00313696,29.6609
1740411300000000,PAXGUSDT,5m,2844.00313696,2845.9208734,2840.16766408,2845.9208734,8.6823
1740411600000000,PAXGUSDT,5m,2845.9208734,2846.88135969,2843.03941453,2844.96038711,3.8369
1740411900000000,PAXGUSDT,5m,2844.96038711,2847.84184597,2842.07892824,2847.84184597,3.7666
1740412200000000,PAXGUSDT,5m,2847.84184597,2848.80427985,2847.84184597,2847.84184597,2.0725
1740412500000000,PAXGUSDT,5m,2847.84184597,2848.80427985,2847.84184597,2847.84184597,2.0863
1740412800000000,PAXGUSDT,5m,2847.84184597,2848.80427985,2846.8794121,2847.84184597,1.8458
1740413100000000,PAXGUSDT,5m,2847.84184597,2849.76606344,2845.91762851,2845.91762851,4.5264
1740413400000000,PAXGUSDT,5m,2845.91762851,2847.83989641,2845.91762851,2847.83989641,1.1847
1740413700000000,PAXGUSDT,5m,2847.83989641,2847.83989641,2846.87876246,2847.83989641,0.9112
1740414000000000,PAXGUSDT,5m,2847.83989641,2849.76281329,2846.87843797,2846.87843797,4.4952
1740414300000000,PAXGUSDT,5m,2846.87843797,2872.81154115,2835.35261434,2835.35261434,273.7526
1740414600000000,PAXGUSDT,5m,2835.35261434,2836.30535379,2819.15604362,2822.01426199,92.0729
1740414900000000,PAXGUSDT,5m,2822.01426199,2827.73069871,2821.06152253,2827.73069871,8.5073
1740415200000000,PAXGUSDT,5m,2827.73069871,2828.68343816,2827.73069871,2827.73069871,1.5289
1740415500000000,PAXGUSDT,5m,2827.73069871,2828.68343816,2825.8252198,2827.73069871,1.7005
1740415800000000,PAXGUSDT,5m,2827.73069871,2827.73069871,2825.8252198,2826.77795925,12.176
1740416100000000,PAXGUSDT,5m,2826.77795925,2827.73069871,2826.77795925,2826.77795925,0.6064
1740416400000000,PAXGUSDT,5m,2826.77795925,2828.68343816,2825.8252198,2825.8252198,11.7573
1740416700000000,PAXGUSDT,5m,2825.8252198,2827.72941469,2823.92102491,2827.72941469,20.8384
1740417000000000,PAXGUSDT,5m,2827.72941469,2827.72941469,2825.82329443,2826.77635456,7.506
1740417300000000,PAXGUSDT,5m,2826.77635456,2827.72941469,2824.87023429,2826.77635456,19.4127
1740417600000000,PAXGUSDT,5m,2826.77635456,2826.77635456,2821.05799376,2823.91717416,24.3652
1740417900000000,PAXGUSDT,5m,2823.91717416,2825.82329443,2823.91717416,2823.91717416,2.2374
1740418200000000,PAXGUSDT,5m,2823.91717416,2824.87023429,2822.96411403,2823.91717416,4.7624
1740418500000000,PAXGUSDT,5m,2823.91717416,2826.77731985,2822.96379227,2825.82393795,2.9294
1740418800000000,PAXGUSDT,5m,2825.82393795,2827.73070174,2825.82393795,2825.82393795,4.685
1740419100000000,PAXGUSDT,5m,2825.82393795,2826.77731985,2824.87055606,2824.87055606,1.3917
1740419400000000,PAXGUSDT,5m,2824.87055606,2825.82329486,2823.91781725,2824.87055606,4.2733
1740419700000000,PAXGUSDT,5m,2824.87055606,2826.77667654,2823.91749581,2823.91749581,1.3976
1740420000000000,PAXGUSDT,5m,2823.91749581,2824.87023451,2822.01201842,2822.01201842,1.7996
1740420300000000,PAXGUSDT,5m,2822.01201842,2825.82297321,2822.01201842,2825.82297321,6.7165
1740420600000000,PAXGUSDT,5m,2825.82297321,2827.72909326,2823.91685316,2827.72909326,3.4317
1740420900000000,PAXGUSDT,5m,2827.72909326,2829.63649905,2825.82168746,2829.63649905,3.527
1740421200000000,PAXGUSDT,5m,2829.63649905,2830.59116724,2828.68183087,2828.68183087,2.3061
1740421500000000,PAXGUSDT,5m,2828.68183087,2830.59052306,2827.72748477,2828.68183087,3.1325
1740421800000000,PAXGUSDT,5m,2828.68183087,2831.54583542,2827.72716268,2829.63649905,3.2903
1740422100000000,PAXGUSDT,5m,2829.63649905,2832.5014702,2829.63649905,2830.59148943,1.3954
1740422400000000,PAXGUSDT,5m,2830.59148943,2832.5014702,2829.63649905,2829.63649905,1.8459
1740422700000000,PAXGUSDT,5m,2829.63649905,2831.54647982,2829.63649905,2831.54647982,1.8866
1740423000000000,PAXGUSDT,5m,2831.54647982,2833.4577498,2830.59084482,2832.50211481,2.9117
1740423300000000,PAXGUSDT,5m,2832.50211481,2834.41467532,2832.50211481,2832.50211481,1.5007
1740423600000000,PAXGUSDT,5m,2832.50211481,2835.36998735,2831.54615729,2834.41402984,4.1977
1740423900000000,PAXGUSDT,5m,2834.41402984,2835.36966504,2833.45839463,2833.45839463,5.7181
1740424200000000,PAXGUSDT,5m,2833.45839463,2834.41370764,2832.50308161,2833.45839463,4.7331
1740424500000000,PAXGUSDT,5m,2833.45839463,2835.36902065,2833.45839463,2834.41370764,13.9661
1740424800000000,PAXGUSDT,5m,2834.41370764,2837.27868106,2831.54873421,2833.4587165,26.2409
1740425100000000,PAXGUSDT,5m,2833.4587165,2834.41306433,2831.55002083,2832.50436866,6.7405
1740425400000000,PAXGUSDT,5m,2832.50436866,2834.41435138,2830.59438595,2830.59438595,2.5396
1740425700000000,PAXGUSDT,5m,2830.59438595,2834.41306303,2830.59438595,2834.41306303,4.7834
1740426000000000,PAXGUSDT,5m,2834.41306303,2834.41306303,2830.59438595,2830.59438595,3.7085
1740426300000000,PAXGUSDT,5m,2830.59438595,2834.41306303,2830.59438595,2833.45839376,1.8858
1740426600000000,PAXGUSDT,5m,2833.45839376,2836.32143693,2832.50404603,2834.41274148,9.4268
1740426900000000,PAXGUSDT,5m,2834.41274148,2835.36805417,2832.50211611,2834.41274148,4.3938
1740427200000000,PAXGUSDT,5m,2834.41274148,2838.2365698,2834.41274148,2838.2365698,8.1558
1740427500000000,PAXGUSDT,5m,2838.2365698,2840.14912814,2838.2365698,2839.19284897,1.9961
1740427800000000,PAXGUSDT,5m,2839.19284897,2840.14912814,2839.19284897,2840.14912814,1.254
1740428100000000,PAXGUSDT,5m,2840.14912814,2843.97553316,2840.14912814,2840.14912814,20.5836
1740428400000000,PAXGUSDT,5m,2840.14912814,2841.1054073,2838.2365698,2841.1054073,2.3301
1740428700000000,PAXGUSDT,5m,2841.1054073,2843.01925399,2839.19156062,2843.01925399,8.4458
1740429000000000,PAXGUSDT,5m,2843.01925399,2844.93568086,2842.06104056,2842.06104056,5.4586
1740429300000000,PAXGUSDT,5m,2842.06104056,2842.06104056,2840.14655013,2842.06104056,3.1003
1740429600000000,PAXGUSDT,5m,2842.06104056,2843.0186083,2841.10347282,2842.06104056,1.2574
1740429900000000,PAXGUSDT,5m,2842.06104056,2843.0186083,2842.06104056,2842.06104056,0.8167
1740430200000000,PAXGUSDT,5m,2842.06104056,2842.06104056,2841.10379535,2841.10379535,0.9443
1740430500000000,PAXGUSDT,5m,2841.10379535,2842.06071815,2837.27610414,2842.06071815,21.5991
1740430800000000,PAXGUSDT,5m,2842.06071815,2843.01828577,2841.10315052,2841.10315052,7.1755
1740431100000000,PAXGUSDT,5m,2841.10315052,2842.06039552,2840.14590552,2840.14590552,0.4685
1740431400000000,PAXGUSDT,5m,2840.14590552,2840.14590552,2839.18930535,2840.14590552,0.2641
1740431700000000,PAXGUSDT,5m,2840.14590552,2840.14590552,2839.18930535,2840.14590552,1.1584
1740432000000000,PAXGUSDT,5m,2840.14590552,2841.102828,2840.14590552,2841.102828,0.2343
1740432300000000,PAXGUSDT,5m,2841.102828,2842.06007288,2841.102828,2842.06007288,0.1794
1740432600000000,PAXGUSDT,5m,2842.06007288,2843.01764029,2842.06007288,2842.06007288,0.4347
1740432900000000,PAXGUSDT,5m,2842.06007288,2843.01731777,2841.102828,2843.01731777,1.8299
1740433200000000,PAXGUSDT,5m,2843.01731777,2843.01731777,2842.05975047,2843.01731777,1.1042
1740433500000000,PAXGUSDT,5m,2843.01731777,2847.80676743,2843.01731777,2846.8488775,10.1947
1740433800000000,PAXGUSDT,5m,2846.8488775,2846.8488775,2843.01731777,2843.9752077,2.3694
1740434100000000,PAXGUSDT,5m,2843.9752077,2843.9752077,2843.01764029,2843.9752077,0.9406
1740434400000000,PAXGUSDT,5m,2843.9752077,2843.9752077,2837.27223583,2838.22980324,14.266
1740434700000000,PAXGUSDT,5m,2838.22980324,2840.14558441,2836.31402207,2836.31402207,5.374
1740435000000000,PAXGUSDT,5m,2836.31402207,2837.27094314,2833.44325889,2836.31402207,29.2641
1740435300000000,PAXGUSDT,5m,2836.31402207,2838.22721872,2833.44422711,2834.40082543,11.7381
1740435600000000,PAXGUSDT,5m,2834.40082543,2838.22206011,2832.49020809,2838.22206011,12.7052
1740435900000000,PAXGUSDT,5m,2838.22206011,2842.0432948,2833.44551676,2842.0432948,13.83
1740436200000000,PAXGUSDT,5m,2842.0432948,2843.95906379,2842.0432948,2843.95906379,7.3535
1740436500000000,PAXGUSDT,5m,2843.95906379,2844.91727102,2843.00085655,2844.91727102,2.915
1740436800000000,PAXGUSDT,5m,2844.91727102,2844.91727102,2843.00085655,2843.95906379,8.8018
1740437100000000,PAXGUSDT,5m,2843.95906379,2846.83368548,2843.00085655,2843.00085655,27.511
1740437400000000,PAXGUSDT,5m,2843.00085655,2843.9580959,2841.08637786,2843.9580959,12.6565
1740437700000000,PAXGUSDT,5m,2843.9580959,2843.9580959,2839.17189917,2843.9580959,16.7562
1740438000000000,PAXGUSDT,5m,2843.9580959,2845.87386424,2842.04232756,2844.91598007,15.8058
1740438300000000,PAXGUSDT,5m,2844.91598007,2845.87386424,2843.00021173,2845.87386424,23.6061
1740438600000000,PAXGUSDT,5m,2845.87386424,2846.8317484,2844.91598007,2844.91598007,18.3779
1740438900000000,PAXGUSDT,5m,2844.91598007,2850.66135061,2839.17060953,2839.17060953,24.9341
1740439200000000,PAXGUSDT,5m,2839.17060953,2842.03171528,2838.21690761,2842.03171528,64.5548
1740439500000000,PAXGUSDT,5m,2842.03171528,2842.03171528,2837.26320569,2841.07801336,43.8703
1740439800000000,PAXGUSDT,5m,2841.07801336,2846.80022487,2840.12431144,2844.89282103,26.7338
1740440100000000,PAXGUSDT,5m,2844.89282103,2844.89282103,2840.12431144,2842.03171528,11.6937
1740440400000000,PAXGUSDT,5m,2842.03171528,2844.89282103,2838.21690761,2839.17060953,29.4129
1740440700000000,PAXGUSDT,5m,2839.17060953,2843.92952775,2837.26704224,2839.17060953,21.4856
1740441000000000,PAXGUSDT,5m,2839.17060953,2842.02691799,2839.17060953,2840.12271235,18.3244
1740441300000000,PAXGUSDT,5m,2840.12271235,2844.8816311,2837.26736109,2843.92984735,19.9949
1740441600000000,PAXGUSDT,5m,2843.92984735,2843.92984735,2842.02627985,2843.92984735,6.3048
1740441900000000,PAXGUSDT,5m,2843.92984735,2844.8816311,2840.12271235,2843.92984735,29.662
1740442200000000,PAXGUSDT,5m,2843.92984735,2844.8816311,2834.41200984,2834.41200984,22.402
1740442500000000,PAXGUSDT,5m,2834.41200984,2852.49590111,2834.41200984,2843.92984735,68.7447
1740442800000000,PAXGUSDT,5m,2843.92984735,2850.5901046,2841.07545138,2841.07545138,19.058
1740443100000000,PAXGUSDT,5m,2841.07545138,2844.8736806,2836.32766487,2844.8736806,12.2846
1740443400000000,PAXGUSDT,5m,2844.8736806,2853.44544595,2836.30191524,2836.30191524,13.9725
1740443700000000,PAXGUSDT,5m,2836.30191524,2838.1953077,2834.40852277,2838.1953077,12.1975
1740444000000000,PAXGUSDT,5m,2838.1953077,2841.98588575,2829.66650711,2841.98588575,9.8764
1740444300000000,PAXGUSDT,5m,2841.98588575,2843.88624408,2839.13534825,2843.88624408,8.9889
1740444600000000,PAXGUSDT,5m,2843.88624408,2850.54639922,2842.93479334,2842.93479334,11.0427
1740444900000000,PAXGUSDT,5m,2842.93479334,2845.78819059,2841.03252851,2844.83705818,2.5223
1740445200000000,PAXGUSDT,5m,2844.83705818,2847.68950175,2839.13217103,2847.68950175,16.7885
1740445500000000,PAXGUSDT,5m,2847.68950175,2847.68950175,2842.92588599,2846.7367786,6.9448
1740445800000000,PAXGUSDT,5m,2846.7367786,2858.16945642,2844.83133229,2848.6422249,35.8049
1740446100000000,PAXGUSDT,5m,2848.6422249,2854.35665264,2844.83260641,2851.49943877,17.6429
1740446400000000,PAXGUSDT,5m,2851.49943877,2852.4521616,2850.54671594,2850.54671594,1.3191
1740446700000000,PAXGUSDT,5m,2850.54671594,2850.54671594,2842.92493327,2844.83037894,10.6268
1740447000000000,PAXGUSDT,5m,2844.83037894,2845.78310177,2843.87765611,2843.87765611,2.5781
1740447300000000,PAXGUSDT,5m,2843.87765611,2844.83005988,2843.87765611,2843.87765611,1.2149
1740447600000000,PAXGUSDT,5m,2843.87765611,2846.73391087,2840.06931643,2846.73391087,3.6924
1740447900000000,PAXGUSDT,5m,2846.73391087,2849.5968682,2846.73391087,2848.64254909,14.605
1740448200000000,PAXGUSDT,5m,2848.64254909,2850.55054812,2847.68854958,2848.64254909,7.7927
1740448500000000,PAXGUSDT,5m,2848.64254909,2849.5965486,2847.68854958,2849.5965486,5.6583
1740448800000000,PAXGUSDT,5m,2849.5965486,2852.46046473,2847.68727119,2852.46046473,1.4451
1740449100000000,PAXGUSDT,5m,2852.46046473,2854.37038135,2851.50550643,2851.50550643,3.2215
1740449400000000,PAXGUSDT,5m,2851.50550643,2856.27710199,2846.73391087,2856.27710199,3.7312
1740449700000000,PAXGUSDT,5m,2856.27710199,2856.27710199,2852.4483123,2855.31990457,3.5889
1740450000000000,PAXGUSDT,5m,2855.31990457,2856.27678121,2852.44927463,2854.36302792,2.7275
1740450300000000,PAXGUSDT,5m,2854.36302792,2858.18797,2850.53808584,2850.53808584,1.4938
1740450600000000,PAXGUSDT,5m,2850.53808584,2854.35406721,2848.63009515,2848.63009515,6.7128
1740450900000000,PAXGUSDT,5m,2848.63009515,2849.58281425,2847.67737606,2848.63009515,2.5625
1740451200000000,PAXGUSDT,5m,2848.63009515,2850.53617083,2846.72401948,2850.53617083,1.5745
1740451500000000,PAXGUSDT,5m,2850.53617083,2852.44416023,2847.67418672,2852.44416023,12.5756
1740451800000000,PAXGUSDT,5m,2852.44416023,2852.44416023,2846.71444314,2848.62434884,11.3401
1740452100000000,PAXGUSDT,5m,2848.62434884,2852.44288014,2844.80581754,2844.80581754,4.2425
1740452400000000,PAXGUSDT,5m,2844.80581754,2844.80581754,2843.85374062,2844.80581754,1.1721
1740452700000000,PAXGUSDT,5m,2844.80581754,2844.80581754,2843.85374062,2843.85374062,1.3823
1740453000000000,PAXGUSDT,5m,2843.85374062,2844.80581754,2843.85374062,2843.85374062,11.8239
1740453300000000,PAXGUSDT,5m,2843.85374062,2844.80581754,2843.85374062,2843.85374062,0.9662
1740453600000000,PAXGUSDT,5m,2843.85374062,2843.85374062,2842.90198234,2842.90198234,2.5725
1740453900000000,PAXGUSDT,5m,2842.90198234,2843.85374062,2842.90198234,2843.85374062,6.9252
1740454200000000,PAXGUSDT,5m,2843.85374062,2845.75725718,2842.90198234,2843.85374062,23.2531
1740454500000000,PAXGUSDT,5m,2843.85374062,2843.85374062,2842.90230077,2842.90230077,2.2226
1740454800000000,PAXGUSDT,5m,2842.90230077,2843.85342231,2841.95117922,2842.90230077,5.6526
1740455100000000,PAXGUSDT,5m,2842.90230077,2843.85342231,2841.00005767,2841.95117922,11.4768
1740455400000000,PAXGUSDT,5m,2841.95117922,2841.95117922,2841.00037588,2841.95117922,1.05
1740455700000000,PAXGUSDT,5m,2841.95117922,2845.7556654,2838.14669304,2845.7556654,4.0721
1740456000000000,PAXGUSDT,5m,2845.7556654,2845.7556654,2835.26527924,2837.17262218,49.4701
1740456300000000,PAXGUSDT,5m,2837.17262218,2840.98730805,2837.17262218,2840.98730805,1.0468
1740456600000000,PAXGUSDT,5m,2840.98730805,2848.61667981,2833.3579363,2848.61667981,11.789
1740456900000000,PAXGUSDT,5m,2848.61667981,2850.53429454,2847.65787245,2849.57548718,21.5257
1740457200000000,PAXGUSDT,5m,2849.57548718,2852.45384625,2846.6971281,2852.45384625,9.3326
1740457500000000,PAXGUSDT,5m,2852.45384625,2857.26081263,2851.49245298,2856.29941935,7.1438
1740457800000000,PAXGUSDT,5m,2856.29941935,2859.18262873,2854.37727977,2854.37727977,8.2599
1740458100000000,PAXGUSDT,5m,2854.37727977,2856.29877239,2852.45578716,2856.29877239,3.1854
1740458400000000,PAXGUSDT,5m,2856.29877239,2861.10897578,2851.488569,2851.488569,1.3796
1740458700000000,PAXGUSDT,5m,2851.488569,2852.44802006,2846.69131367,2849.56966686,4.6439
1740459000000000,PAXGUSDT,5m,2849.56966686,2851.48921531,2849.56966686,2850.52944109,1.9591
1740459300000000,PAXGUSDT,5m,2850.52944109,2852.44834344,2849.56998991,2849.56998991,1.3002
1740459600000000,PAXGUSDT,5m,2849.56998991,2851.48760094,2845.73476785,2851.48760094,4.8589
1740459900000000,PAXGUSDT,5m,2851.48760094,2853.40844136,2851.48760094,2852.44802115,1.3282
1740460200000000,PAXGUSDT,5m,2852.44802115,2853.4081181,2851.48792421,2852.44802115,7.0103
1740460500000000,PAXGUSDT,5m,2852.44802115,2853.4081181,2852.44802115,2853.4081181,5.0269
1740460800000000,PAXGUSDT,5m,2853.4081181,2853.4081181,2852.44802115,2853.4081181,3.8356
1740461100000000,PAXGUSDT,5m,2853.4081181,2853.4081181,2850.52782726,2851.48792421,20.9617
1740461400000000,PAXGUSDT,5m,2851.48792421,2852.44802115,2850.52782726,2851.48792421,12.0526
1740461700000000,PAXGUSDT,5m,2851.48792421,2851.48792421,2850.52782726,2850.52782726,1.1363
1740462000000000,PAXGUSDT,5m,2850.52782726,2851.48792421,2849.56773032,2850.52782726,1.7707
1740462300000000,PAXGUSDT,5m,2850.52782726,2852.44802115,2848.60763337,2852.44802115,2.0637
1740462600000000,PAXGUSDT,5m,2852.44802115,2853.40941246,2852.44802115,2852.44802115,4.0177
1740462900000000,PAXGUSDT,5m,2852.44802115,2852.44802115,2849.56481897,2849.56481897,7.0176
1740463200000000,PAXGUSDT,5m,2849.56481897,2851.4863057,2847.64333224,2848.60407561,6.7914
1740463500000000,PAXGUSDT,5m,2848.60407561,2850.5249145,2847.64365616,2848.60407561,5.0274
1740463800000000,PAXGUSDT,5m,2848.60407561,2850.5242671,2845.72378837,2850.5242671,8.2272
1740464100000000,PAXGUSDT,5m,2850.5242671,2850.5242671,2847.64106656,2850.5242671,9.2684
1740464400000000,PAXGUSDT,5m,2850.5242671,2852.44640079,2848.60213341,2849.56320025,7.9742
1740464700000000,PAXGUSDT,5m,2849.56320025,2851.48533395,2847.64106656,2851.48533395,4.2437
1740465000000000,PAXGUSDT,5m,2851.48533395,2852.44737353,2850.52329436,2851.48533395,7.0074
1740465300000000,PAXGUSDT,5m,2851.48533395,2855.33479103,2851.48533395,2855.33479103,23.669
1740465600000000,PAXGUSDT,5m,2855.33479103,2859.18424811,2851.48533395,2859.18424811,8.0917
1740465900000000,PAXGUSDT,5m,2859.18424811,2860.14855983,2857.25562467,2860.14855983,11.2996
1740466200000000,PAXGUSDT,5m,2860.14855983,2861.11352223,2859.18359743,2861.11352223,1.5329
1740466500000000,PAXGUSDT,5m,2861.11352223,2862.0788102,2861.11352223,2861.11352223,0.3425
1740466800000000,PAXGUSDT,5m,2861.11352223,2862.07848463,2860.14855983,2862.07848463,4.1039
1740467100000000,PAXGUSDT,5m,2862.07848463,2863.04409816,2860.14725759,2862.07848463,18.8543
1740467400000000,PAXGUSDT,5m,2862.07848463,2863.04377249,2861.11319678,2863.04377249,10.6026
1740467700000000,PAXGUSDT,5m,2863.04377249,2864.00971168,2862.07783329,2862.07783329,6.7849
1740468000000000,PAXGUSDT,5m,2862.07783329,2869.80013436,2861.11254566,2869.80013436,23.4144
1740468300000000,PAXGUSDT,5m,2869.80013436,2874.63144772,2861.10377032,2864.968821,74.6149
1740468600000000,PAXGUSDT,5m,2864.968821,2866.90134635,2863.03629566,2864.00255833,17.5098
1740468900000000,PAXGUSDT,5m,2864.00255833,2866.90232468,2863.03596955,2866.90232468,19.4954
1740469200000000,PAXGUSDT,5m,2866.90232468,2866.90232468,2864.96914711,2866.90232468,30.3891
1740469500000000,PAXGUSDT,5m,2866.90232468,2871.73526858,2865.93573589,2871.73526858,35.5701
1740469800000000,PAXGUSDT,5m,2871.73526858,2879.46797883,2864.00255833,2879.46797883,51.8525
1740470100000000,PAXGUSDT,5m,2879.46797883,2881.41159542,2878.49617053,2878.49617053,6.8108
1740470400000000,PAXGUSDT,5m,2878.49617053,2884.32308586,2876.55386543,2878.49617053,30.221
1740470700000000,PAXGUSDT,5m,2878.49617053,2882.38078075,2875.58271287,2880.43847564,23.1323
1740471000000000,PAXGUSDT,5m,2880.43847564,2883.35586775,2878.49354757,2881.41093968,16.6828
1740471300000000,PAXGUSDT,5m,2881.41093968,2887.24769378,2878.49256263,2878.49256263,25.3338
1740471600000000,PAXGUSDT,5m,2878.49256263,2881.40503403,2878.49256263,2879.46338643,7.4821
1740471900000000,PAXGUSDT,5m,2879.46338643,2880.43453765,2879.46338643,2879.46338643,1.4993
1740472200000000,PAXGUSDT,5m,2879.46338643,2889.17162441,2871.69679604,2871.69679604,21.0481
1740472500000000,PAXGUSDT,5m,2871.69679604,2871.69679604,2867.83439282,2868.79999362,9.4198
1740472800000000,PAXGUSDT,5m,2868.79999362,2870.72989607,2867.8350424,2867.8350424,5.5881
1740473100000000,PAXGUSDT,5m,2867.8350424,2868.79966905,2865.90578909,2866.87041574,4.8728
1740473400000000,PAXGUSDT,5m,2866.87041574,2867.8350424,2864.94116244,2867.8350424,7.1835
1740473700000000,PAXGUSDT,5m,2867.8350424,2868.79966905,2866.87041574,2867.8350424,5.2506
1740474000000000,PAXGUSDT,5m,2867.8350424,2868.79966905,2865.90578909,2868.79966905,10.0097
1740474300000000,PAXGUSDT,5m,2868.79966905,2870.72892236,2864.94116244,2870.72892236,11.8353
1740474600000000,PAXGUSDT,5m,2870.72892236,2870.72892236,2869.76299742,2869.76299742,4.967
1740474900000000,PAXGUSDT,5m,2869.76299742,2870.72892236,2866.8652226,2867.83114754,7.9411
1740475200000000,PAXGUSDT,5m,2867.83114754,2867.83114754,2863.96874869,2864.9343484,6.5986
1740475500000000,PAXGUSDT,5m,2864.9343484,2865.89994811,2863.00314897,2863.96874869,6.6397
1740475800000000,PAXGUSDT,5m,2863.96874869,2871.69615172,2857.20727103,2857.20727103,9.2397
1740476100000000,PAXGUSDT,5m,2857.20727103,2860.09333898,2850.47311248,2860.09333898,15.5632
1740476400000000,PAXGUSDT,5m,2860.09333898,2862.02127518,2858.16540279,2862.02127518,6.9419
1740476700000000,PAXGUSDT,5m,2862.02127518,2867.80703247,2860.09268941,2860.09268941,13.9053
1740477000000000,PAXGUSDT,5m,2860.09268941,2862.98069953,2858.16734933,2862.98069953,16.405
1740477300000000,PAXGUSDT,5m,2862.98069953,2862.98069953,2857.20467929,2858.16734933,24.2222
1740477600000000,PAXGUSDT,5m,2858.16734933,2862.98069953,2853.35399913,2853.35399913,17.2624
1740477900000000,PAXGUSDT,5m,2853.35399913,2854.31375493,2853.35399913,2853.35399913,4.7071
1740478200000000,PAXGUSDT,5m,2853.35399913,2855.27351073,2852.39424333,2853.35399913,36.341
1740478500000000,PAXGUSDT,5m,2853.35399913,2855.27351073,2852.39424333,2853.35399913,8.856
1740478800000000,PAXGUSDT,5m,2853.35399913,2855.27351073,2847.59546432,2847.59546432,39.3192
1740479100000000,PAXGUSDT,5m,2847.59546432,2849.51497592,2844.71619691,2849.51497592,8.181
1740479400000000,PAXGUSDT,5m,2849.51497592,2852.39424333,2848.55522012,2848.55522012,8.3622
1740479700000000,PAXGUSDT,5m,2848.55522012,2849.5140068,2846.63764676,2849.5140068,5.1025
1740480000000000,PAXGUSDT,5m,2849.5140068,2853.3517361,2846.63570982,2847.59514215,13.7764
1740480300000000,PAXGUSDT,5m,2847.59514215,2851.42770627,2845.67886009,2845.67886009,4.5257
1740480600000000,PAXGUSDT,5m,2845.67886009,2846.63539079,2844.72232938,2844.72232938,4.3852
1740480900000000,PAXGUSDT,5m,2844.72232938,2848.54716612,2844.72232938,2845.67853856,15.3451
1740481200000000,PAXGUSDT,5m,2845.67853856,2847.59031454,2842.8108746,2847.59031454,8.5401
1740481500000000,PAXGUSDT,5m,2847.59031454,2850.46086929,2844.71975978,2844.71975978,15.6784
1740481800000000,PAXGUSDT,5m,2844.71975978,2845.67468418,2842.809911,2843.76483539,14.7178
1740482100000000,PAXGUSDT,5m,2843.76483539,2843.76483539,2840.90198489,2843.76483539,30.966
1740482400000000,PAXGUSDT,5m,2843.76483539,2847.5819694,2838.99341789,2847.5819694,14.9356
1740482700000000,PAXGUSDT,5m,2847.5819694,2851.40936452,2844.71142306,2844.71142306,7.3662
1740483000000000,PAXGUSDT,5m,2844.71142306,2846.62126625,2842.80157988,2843.75650147,72.9675
1740483300000000,PAXGUSDT,5m,2843.75650147,2843.75650147,2841.84729939,2843.75650147,4.8472
1740483600000000,PAXGUSDT,5m,2843.75650147,2844.71110251,2839.9380973,2843.75650147,18.6239
1740483900000000,PAXGUSDT,5m,2843.75650147,2844.71078217,2841.84794006,2844.71078217,17.2212
1740484200000000,PAXGUSDT,5m,2844.71078217,2844.71078217,2838.98317657,2838.98317657,7.6875
1740484500000000,PAXGUSDT,5m,2838.98317657,2839.93777751,2837.07397471,2837.07397471,5.5637
1740484800000000,PAXGUSDT,5m,2837.07397471,2839.93777751,2834.2101719,2836.11937377,20.3844
1740485100000000,PAXGUSDT,5m,2836.11937377,2842.80158031,2830.39176817,2830.39176817,9.6029
1740485400000000,PAXGUSDT,5m,2830.39176817,2835.14713068,2823.73426065,2835.14713068,17.1854
1740485700000000,PAXGUSDT,5m,2835.14713068,2838.00898849,2832.28527288,2838.00898849,3.4201
1740486000000000,PAXGUSDT,5m,2838.00898849,2847.56779276,2834.18546678,2834.18546678,16.8128
1740486300000000,PAXGUSDT,5m,2834.18546678,2834.18546678,2830.37223373,2830.37223373,3.81
1740486600000000,PAXGUSDT,5m,2830.37223373,2830.37223373,2820.84236088,2822.74833545,51.6809
1740486900000000,PAXGUSDT,5m,2822.74833545,2826.56157197,2822.74833545,2823.70164458,7.9491
1740487200000000,PAXGUSDT,5m,2823.70164458,2831.32554372,2823.70164458,2823.70164458,57.6186
1740487500000000,PAXGUSDT,5m,2823.70164458,2824.65431046,2821.79631284,2824.65431046,4.9064
1740487800000000,PAXGUSDT,5m,2824.65431046,2829.42246425,2821.79341818,2821.79341818,21.9471
1740488100000000,PAXGUSDT,5m,2821.79341818,2826.55031875,2821.79341818,2823.6961784,10.0399
1740488400000000,PAXGUSDT,5m,2823.6961784,2824.64787917,2821.79277687,2823.6961784,5.6467
1740488700000000,PAXGUSDT,5m,2823.6961784,2828.45628659,2821.79213513,2828.45628659,10.8744
1740489000000000,PAXGUSDT,5m,2828.45628659,2832.26437315,2824.64820004,2832.26437315,6.4771
1740489300000000,PAXGUSDT,5m,2832.26437315,2835.12717406,2830.3558392,2830.3558392,1.8755
