symbol_family,events,holdout_labels,dominant_field_contact_class,dominant_field_share,field_classes,syntax_reifung,avg_carry,avg_strain,avg_rekopplung
dio_104t,7493,doge_random:1;btc_random:1;xrp_random:1;paxg_random:1;btc_shuffle:1;doge_shuffle:1;xrp_shuffle:1;paxg_shuffle:1,tragende_rekopplung,1.0,tragende_rekopplung:7493,weltuebergreifend_feldstabil,0.588016425532794,0.16293645990498318,0.726531490043384
dio_0l7p,5777,doge_shuffle:1;btc_shuffle:1;xrp_shuffle:1;doge_random:1;xrp_random:1;btc_random:1;paxg_shuffle:1;paxg_random:1,tragende_rekopplung,1.0,tragende_rekopplung:5777,weltuebergreifend_feldstabil,0.594454034139406,0.1522572831042872,0.7337616922861778
dio_14wj,3945,xrp_shuffle:1;doge_shuffle:1;paxg_shuffle:1;paxg_random:1;xrp_random:1;btc_shuffle:1;doge_random:1;btc_random:1,tragende_rekopplung,1.0,tragende_rekopplung:3945,weltuebergreifend_feldstabil,0.5982369760393371,0.14447248107469426,0.7387751362350197
dio_0m9z,3930,xrp_random:1;doge_random:1;btc_random:1;paxg_random:1;btc_shuffle:1;xrp_shuffle:1;doge_shuffle:1;paxg_shuffle:1,tragende_rekopplung,1.0,tragende_rekopplung:3930,weltuebergreifend_feldstabil,0.5752600392716556,0.18206367427717474,0.7135653233256004
dio_155c,3714,doge_random:1;xrp_random:1;btc_random:1;btc_shuffle:1;paxg_random:1;xrp_shuffle:1;doge_shuffle:1;paxg_shuffle:1,tragende_rekopplung,1.0,tragende_rekopplung:3714,weltuebergreifend_feldstabil,0.5800086835109171,0.1722885483420633,0.7203113494351249
dio_0h9h,3196,doge_random:1;btc_random:1;paxg_random:1;xrp_random:1;xrp_shuffle:1;btc_shuffle:1;doge_shuffle:1;paxg_shuffle:1,tragende_rekopplung,1.0,tragende_rekopplung:3196,weltuebergreifend_feldstabil,0.5900858849358974,0.15752523450670866,0.7303714690374813
dio_06er,2071,paxg_random:1;paxg_shuffle:1;doge_random:1;xrp_shuffle:1;xrp_random:1;doge_shuffle:1;btc_shuffle:1;btc_random:1,tragende_rekopplung,1.0,tragende_rekopplung:2071,weltuebergreifend_feldstabil,0.6002003130812734,0.14305792652917357,0.7428745956125102
dio_0pz6,2012,btc_random:1;doge_random:1;btc_shuffle:1;xrp_random:1;doge_shuffle:1;xrp_shuffle:1;paxg_random:1;paxg_shuffle:1,tragende_rekopplung,1.0,tragende_rekopplung:2012,weltuebergreifend_feldstabil,0.5955593988382653,0.15267817504527348,0.7350764021816827
dio_00ly,1773,btc_random:1;doge_random:1;xrp_random:1;paxg_random:1;paxg_shuffle:1;btc_shuffle:1;xrp_shuffle:1;doge_shuffle:1,tragende_rekopplung,1.0,tragende_rekopplung:1773,weltuebergreifend_feldstabil,0.5877099894510565,0.15786654575086717,0.7290921145704577
dio_06s7,1761,doge_shuffle:1;btc_random:1;doge_random:1;xrp_random:1;xrp_shuffle:1;btc_shuffle:1;paxg_shuffle:1;paxg_random:1,tragende_rekopplung,1.0,tragende_rekopplung:1761,weltuebergreifend_feldstabil,0.5954579777923652,0.1458765847089484,0.737044595762772
dio_17ct,1746,btc_random:1;xrp_random:1;doge_random:1;paxg_random:1;btc_shuffle:1;doge_shuffle:1;xrp_shuffle:1;paxg_shuffle:1,tragende_rekopplung,1.0,tragende_rekopplung:1746,weltuebergreifend_feldstabil,0.5849100393888174,0.1681242495904801,0.7243078463963417
dio_0dd2,1574,paxg_random:1;paxg_shuffle:1;doge_random:1;xrp_shuffle:1;xrp_random:1;btc_random:1;btc_shuffle:1;doge_shuffle:1,tragende_rekopplung,1.0,tragende_rekopplung:1574,weltuebergreifend_feldstabil,0.5899353406851495,0.15634143358693176,0.7329522252449636
dio_1lsu,1524,doge_random:1;btc_random:1;xrp_random:1;paxg_random:1;paxg_shuffle:1;doge_shuffle:1;btc_shuffle:1;xrp_shuffle:1,tragende_rekopplung,1.0,tragende_rekopplung:1524,weltuebergreifend_feldstabil,0.5754277410623635,0.17413410503382343,0.7180149231509203
dio_1kpz,1508,paxg_shuffle:1;doge_shuffle:1;btc_shuffle:1;xrp_random:1;doge_random:1;xrp_shuffle:1;btc_random:1;paxg_random:1,tragende_rekopplung,1.0,tragende_rekopplung:1508,weltuebergreifend_feldstabil,0.5944397588652004,0.14620245268498472,0.7365250033030206
dio_0tay,1439,paxg_random:1;doge_random:1;xrp_random:1;paxg_shuffle:1;btc_random:1;doge_shuffle:1;xrp_shuffle:1;btc_shuffle:1,tragende_rekopplung,1.0,tragende_rekopplung:1439,weltuebergreifend_feldstabil,0.5857393798820708,0.1651598616406333,0.7254734402216133
dio_1492,1392,paxg_random:1;xrp_random:1;btc_shuffle:1;btc_random:1;paxg_shuffle:1;doge_random:1;doge_shuffle:1;xrp_shuffle:1,tragende_rekopplung,1.0,tragende_rekopplung:1392,weltuebergreifend_feldstabil,0.5999063543775855,0.1408864519622041,0.7420213369761485
dio_1q85,1352,paxg_random:1;btc_random:1;xrp_random:1;doge_random:1;paxg_shuffle:1;btc_shuffle:1;doge_shuffle:1;xrp_shuffle:1,tragende_rekopplung,1.0,tragende_rekopplung:1352,weltuebergreifend_feldstabil,0.574639793344127,0.18094381478667967,0.7146586092357247
dio_0nlj,1325,paxg_random:1;paxg_shuffle:1;xrp_shuffle:1;doge_shuffle:1;btc_shuffle:1;doge_random:1;btc_random:1;xrp_random:1,tragende_rekopplung,1.0,tragende_rekopplung:1325,weltuebergreifend_feldstabil,0.6002168964038445,0.1402215331520513,0.742586810672725
dio_1fll,1215,paxg_random:1;paxg_shuffle:1;xrp_shuffle:1;xrp_random:1;doge_random:1;doge_shuffle:1;btc_random:1;btc_shuffle:1,tragende_rekopplung,1.0,tragende_rekopplung:1215,weltuebergreifend_feldstabil,0.6014631853012097,0.1318946782117883,0.747851999805533
dio_09bn,1131,xrp_random:1;doge_random:1;btc_random:1;paxg_random:1;xrp_shuffle:1;doge_shuffle:1;paxg_shuffle:1;btc_shuffle:1,tragende_rekopplung,1.0,tragende_rekopplung:1131,weltuebergreifend_feldstabil,0.5919524821920898,0.15207286462024514,0.7337741638026097
dio_0kx9,1108,doge_shuffle:1;paxg_random:1;xrp_shuffle:1;paxg_shuffle:1;btc_shuffle:1;xrp_random:1;btc_random:1;doge_random:1,tragende_rekopplung,1.0,tragende_rekopplung:1108,weltuebergreifend_feldstabil,0.5970639294391465,0.13716358733836667,0.7411943427308061
dio_1jc2,1068,paxg_random:1;doge_shuffle:1;btc_shuffle:1;btc_random:1;doge_random:1;xrp_random:1;xrp_shuffle:1;paxg_shuffle:1,tragende_rekopplung,1.0,tragende_rekopplung:1068,weltuebergreifend_feldstabil,0.5962475267817666,0.13757679696152703,0.7408943708409794
dio_00ja,1034,btc_random:1;paxg_random:1;doge_random:1;xrp_random:1;doge_shuffle:1;btc_shuffle:1;xrp_shuffle:1;paxg_shuffle:1,tragende_rekopplung,1.0,tragende_rekopplung:1034,weltuebergreifend_feldstabil,0.5633622401691186,0.18180460459181355,0.7043561651890231
dio_0oc3,990,doge_random:1;paxg_random:1;xrp_random:1;btc_random:1;btc_shuffle:1;xrp_shuffle:1;paxg_shuffle:1;doge_shuffle:1,tragende_rekopplung,1.0,tragende_rekopplung:990,weltuebergreifend_feldstabil,0.5497262593081629,0.1895754905530126,0.7015062337649074
dio_1ewh,940,paxg_random:1;btc_random:1;doge_random:1;xrp_random:1;paxg_shuffle:1;xrp_shuffle:1;doge_shuffle:1;btc_shuffle:1,tragende_rekopplung,1.0,tragende_rekopplung:940,weltuebergreifend_feldstabil,0.5545305563406834,0.16731706457778694,0.7093242937020966
dio_0obq,928,paxg_random:1;doge_random:1;btc_random:1;xrp_random:1;btc_shuffle:1;doge_shuffle:1;xrp_shuffle:1;paxg_shuffle:1,tragende_rekopplung,1.0,tragende_rekopplung:928,weltuebergreifend_feldstabil,0.5560249922451652,0.1777419770808556,0.7082416646998607
dio_19pg,887,btc_random:1;xrp_random:1;doge_random:1;btc_shuffle:1;paxg_random:1;doge_shuffle:1;xrp_shuffle:1;paxg_shuffle:1,tragende_rekopplung,1.0,tragende_rekopplung:887,weltuebergreifend_feldstabil,0.568805200278387,0.1812827666507456,0.7080446769413763
dio_0z9t,867,paxg_random:1;paxg_shuffle:1;doge_random:1;xrp_random:1;btc_random:1;btc_shuffle:1;xrp_shuffle:1;doge_shuffle:1,tragende_rekopplung,1.0,tragende_rekopplung:867,weltuebergreifend_feldstabil,0.5724276831829987,0.16893537035624873,0.7206681367035196
dio_1u5i,853,paxg_random:1;xrp_random:1;btc_random:1;doge_random:1;doge_shuffle:1;btc_shuffle:1;paxg_shuffle:1;xrp_shuffle:1,tragende_rekopplung,1.0,tragende_rekopplung:853,weltuebergreifend_feldstabil,0.5726629070317759,0.15092428030241978,0.7232313011528847
dio_03uk,806,doge_shuffle:1;xrp_shuffle:1;paxg_shuffle:1;btc_shuffle:1;doge_random:1;xrp_random:1;btc_random:1,tragende_rekopplung,1.0,tragende_rekopplung:806,weltuebergreifend_feldstabil,0.5876072646348026,0.1470903657248702,0.7346850758877558
dio_10dv,796,paxg_random:1;paxg_shuffle:1;doge_random:1;xrp_random:1;btc_random:1;btc_shuffle:1;xrp_shuffle:1;doge_shuffle:1,tragende_rekopplung,1.0,tragende_rekopplung:796,weltuebergreifend_feldstabil,0.5768414049416933,0.15759258962069433,0.7282777109339086
dio_05yg,784,xrp_random:1;doge_random:1;btc_random:1;paxg_random:1;xrp_shuffle:1;btc_shuffle:1;doge_shuffle:1;paxg_shuffle:1,tragende_rekopplung,1.0,tragende_rekopplung:784,weltuebergreifend_feldstabil,0.5555494511252971,0.20125076941687903,0.6939259675607812
dio_1r55,778,paxg_shuffle:1;doge_random:1;btc_random:1;btc_shuffle:1;xrp_random:1;xrp_shuffle:1;doge_shuffle:1;paxg_random:1,tragende_rekopplung,1.0,tragende_rekopplung:778,weltuebergreifend_feldstabil,0.5695267224669296,0.16791478410743552,0.7204195974560237
dio_1350,757,paxg_random:1;doge_random:1;xrp_shuffle:1;btc_shuffle:1;xrp_random:1;doge_shuffle:1;paxg_shuffle:1;btc_random:1,tragende_rekopplung,1.0,tragende_rekopplung:757,weltuebergreifend_feldstabil,0.5871393370888718,0.15103654328616353,0.7321483354693007
dio_05ap,711,paxg_random:1;paxg_shuffle:1;doge_random:1;xrp_random:1;doge_shuffle:1;btc_shuffle:1;xrp_shuffle:1;btc_random:1,tragende_rekopplung,1.0,tragende_rekopplung:711,weltuebergreifend_feldstabil,0.5948760872048733,0.13686008432652247,0.7430305329066398
dio_1tiu,686,paxg_random:1;paxg_shuffle:1;doge_shuffle:1;xrp_random:1;xrp_shuffle:1;btc_random:1;doge_random:1;btc_shuffle:1,tragende_rekopplung,1.0,tragende_rekopplung:686,weltuebergreifend_feldstabil,0.5879707824015423,0.14737342178026794,0.7356418462263514
dio_1o4z,684,doge_shuffle:1;btc_random:1;btc_shuffle:1;xrp_random:1;xrp_shuffle:1;doge_random:1;paxg_random:1;paxg_shuffle:1,tragende_rekopplung,1.0,tragende_rekopplung:684,weltuebergreifend_feldstabil,0.5725484539052976,0.17043105468072745,0.7141264570784472
dio_07uk,677,btc_random:1;xrp_random:1;doge_random:1;btc_shuffle:1;paxg_shuffle:1;doge_shuffle:1;xrp_shuffle:1;paxg_random:1,tragende_rekopplung,1.0,tragende_rekopplung:677,weltuebergreifend_feldstabil,0.5802359890131225,0.16043936916121554,0.7265883853029328
dio_04uf,672,btc_random:1;xrp_random:1;doge_random:1;paxg_random:1;xrp_shuffle:1;doge_shuffle:1;btc_shuffle:1;paxg_shuffle:1,tragende_rekopplung,1.0,tragende_rekopplung:672,weltuebergreifend_feldstabil,0.559234617469667,0.18662227234453108,0.7023255267173178
dio_0ly7,668,paxg_shuffle:1;paxg_random:1;doge_random:1;xrp_random:1;xrp_shuffle:1;btc_random:1;btc_shuffle:1;doge_shuffle:1,tragende_rekopplung,1.0,tragende_rekopplung:668,weltuebergreifend_feldstabil,0.5945189715045661,0.13548428215372763,0.7435902002270256
dio_0n0i,667,paxg_random:1;paxg_shuffle:1;xrp_shuffle:1;xrp_random:1;btc_shuffle:1;doge_shuffle:1;btc_random:1;doge_random:1,tragende_rekopplung,1.0,tragende_rekopplung:667,weltuebergreifend_feldstabil,0.5967858587192794,0.1301705669495451,0.7454481441471811
dio_1gp2,646,xrp_random:1;btc_random:1;doge_random:1;paxg_random:1;btc_shuffle:1;doge_shuffle:1;xrp_shuffle:1;paxg_shuffle:1,tragende_rekopplung,1.0,tragende_rekopplung:646,weltuebergreifend_feldstabil,0.5591361960079629,0.17034045192255678,0.708065759946059
dio_17db,640,xrp_random:1;paxg_random:1;doge_random:1;btc_random:1;btc_shuffle:1;doge_shuffle:1;xrp_shuffle:1;paxg_shuffle:1,tragende_rekopplung,1.0,tragende_rekopplung:640,weltuebergreifend_feldstabil,0.5459573758302467,0.20623044425254503,0.6916994955617581
dio_01hu,612,paxg_shuffle:1;doge_shuffle:1;xrp_shuffle:1;doge_random:1;btc_shuffle:1;btc_random:1;xrp_random:1,tragende_rekopplung,1.0,tragende_rekopplung:612,weltuebergreifend_feldstabil,0.5769745898646967,0.15608557634229314,0.7265914981404179
dio_13o0,609,paxg_random:1;paxg_shuffle:1;btc_shuffle:1;btc_random:1;doge_random:1;xrp_random:1;xrp_shuffle:1;doge_shuffle:1,tragende_rekopplung,1.0,tragende_rekopplung:609,weltuebergreifend_feldstabil,0.5952227185982145,0.12983648039399392,0.7447296179914146
dio_02n3,573,paxg_shuffle:1;xrp_shuffle:1;doge_shuffle:1;btc_shuffle:1;xrp_random:1;doge_random:1;btc_random:1,tragende_rekopplung,1.0,tragende_rekopplung:573,weltuebergreifend_feldstabil,0.5879071914447419,0.13728998514725316,0.7393029318789386
dio_0g2r,572,btc_random:1;doge_random:1;xrp_random:1;paxg_random:1;xrp_shuffle:1;doge_shuffle:1;btc_shuffle:1;paxg_shuffle:1,tragende_rekopplung,1.0,tragende_rekopplung:572,weltuebergreifend_feldstabil,0.55676292200883,0.1676751420209449,0.7081561402138291
dio_0jkk,546,xrp_random:1;btc_random:1;doge_random:1;paxg_random:1;doge_shuffle:1;xrp_shuffle:1;btc_shuffle:1;paxg_shuffle:1,tragende_rekopplung,1.0,tragende_rekopplung:546,weltuebergreifend_feldstabil,0.5373454329991301,0.1993260610991929,0.686622176608758
dio_1cic,539,btc_random:1;paxg_random:1;xrp_random:1;doge_random:1;doge_shuffle:1;paxg_shuffle:1;xrp_shuffle:1;btc_shuffle:1,tragende_rekopplung,1.0,tragende_rekopplung:539,weltuebergreifend_feldstabil,0.5643347781197476,0.1573425902643749,0.717187120750485
dio_1uof,539,btc_random:1;paxg_random:1;xrp_random:1;doge_random:1;btc_shuffle:1;doge_shuffle:1;paxg_shuffle:1;xrp_shuffle:1,tragende_rekopplung,1.0,tragende_rekopplung:539,weltuebergreifend_feldstabil,0.5684550490415962,0.16465340942243598,0.7133936047044813
dio_169a,522,btc_random:1;paxg_random:1;doge_random:1;xrp_random:1;btc_shuffle:1;xrp_shuffle:1;paxg_shuffle:1;doge_shuffle:1,tragende_rekopplung,1.0,tragende_rekopplung:522,weltuebergreifend_feldstabil,0.5454846500046183,0.19148128804927753,0.6988050824666718
dio_0pq6,511,paxg_random:1;btc_random:1;doge_shuffle:1;xrp_random:1;doge_random:1;xrp_shuffle:1;paxg_shuffle:1;btc_shuffle:1,tragende_rekopplung,1.0,tragende_rekopplung:511,weltuebergreifend_feldstabil,0.5674712698466471,0.1712349451289068,0.7118942003868577
dio_02xf,488,btc_random:1;paxg_random:1;xrp_random:1;doge_random:1;xrp_shuffle:1;doge_shuffle:1;btc_shuffle:1;paxg_shuffle:1,tragende_rekopplung,1.0,tragende_rekopplung:488,weltuebergreifend_feldstabil,0.5629869461419226,0.17139471042331056,0.7099706597508999
dio_06qi,448,xrp_random:1;doge_random:1;btc_random:1;btc_shuffle:1;doge_shuffle:1;paxg_shuffle:1;xrp_shuffle:1;paxg_random:1,tragende_rekopplung,1.0,tragende_rekopplung:448,weltuebergreifend_feldstabil,0.5693464488346971,0.16426844853750186,0.7201831884276797
dio_087m,439,btc_random:1;doge_random:1;xrp_random:1;btc_shuffle:1;paxg_shuffle:1;doge_shuffle:1;paxg_random:1;xrp_shuffle:1,tragende_rekopplung,1.0,tragende_rekopplung:439,weltuebergreifend_feldstabil,0.5854801453228513,0.1399865993339558,0.7367506734743897
dio_0jqc,430,paxg_random:1;paxg_shuffle:1;doge_random:1;btc_random:1;xrp_shuffle:1;xrp_random:1;btc_shuffle:1;doge_shuffle:1,tragende_rekopplung,1.0,tragende_rekopplung:430,weltuebergreifend_feldstabil,0.5665011855436651,0.1551139114048957,0.7254245778493787
dio_1mwv,425,xrp_random:1;btc_random:1;doge_random:1;doge_shuffle:1;btc_shuffle:1;paxg_random:1;xrp_shuffle:1;paxg_shuffle:1,tragende_rekopplung,1.0,tragende_rekopplung:425,weltuebergreifend_feldstabil,0.5704117830383113,0.16056776880362955,0.7213917649532742
dio_0pxr,417,xrp_random:1;doge_random:1;btc_random:1;paxg_random:1;doge_shuffle:1;xrp_shuffle:1;btc_shuffle:1;paxg_shuffle:1,tragende_rekopplung,1.0,tragende_rekopplung:417,weltuebergreifend_feldstabil,0.551564295098121,0.18628978781034727,0.6997036387549603
dio_0fl2,413,paxg_random:1;paxg_shuffle:1;doge_random:1;btc_random:1;xrp_random:1;xrp_shuffle:1;doge_shuffle:1;btc_shuffle:1,tragende_rekopplung,1.0,tragende_rekopplung:413,weltuebergreifend_feldstabil,0.5774574895728317,0.14340768562179057,0.734804431065017
dio_06jk,404,doge_random:1;btc_random:1;xrp_random:1;paxg_random:1;btc_shuffle:1;doge_shuffle:1;xrp_shuffle:1;paxg_shuffle:1,tragende_rekopplung,1.0,tragende_rekopplung:404,weltuebergreifend_feldstabil,0.5554530687259386,0.1724896877953516,0.7122805611326268
dio_08l0,403,xrp_random:1;btc_random:1;doge_shuffle:1;btc_shuffle:1;xrp_shuffle:1;paxg_shuffle:1;doge_random:1;paxg_random:1,tragende_rekopplung,1.0,tragende_rekopplung:403,weltuebergreifend_feldstabil,0.5646423910489085,0.16823451654513322,0.7110998062423155
dio_12fw,399,btc_random:1;xrp_random:1;doge_random:1;paxg_random:1;doge_shuffle:1;xrp_shuffle:1;btc_shuffle:1;paxg_shuffle:1,tragende_rekopplung,1.0,tragende_rekopplung:399,weltuebergreifend_feldstabil,0.5343485483771531,0.18778901309512008,0.6902300982164836
dio_0g3b,386,paxg_random:1;paxg_shuffle:1;xrp_shuffle:1;xrp_random:1;doge_shuffle:1;doge_random:1;btc_shuffle:1;btc_random:1,tragende_rekopplung,1.0,tragende_rekopplung:386,weltuebergreifend_feldstabil,0.5883550022894306,0.12572256081204145,0.7447557635168438
dio_1o0u,385,doge_random:1;btc_random:1;xrp_random:1;btc_shuffle:1;doge_shuffle:1;paxg_random:1;paxg_shuffle:1;xrp_shuffle:1,tragende_rekopplung,1.0,tragende_rekopplung:385,weltuebergreifend_feldstabil,0.5505476811035502,0.17955690982186398,0.7065278837084552
dio_1oye,385,paxg_random:1;doge_random:1;xrp_random:1;btc_random:1;paxg_shuffle:1;btc_shuffle:1;xrp_shuffle:1;doge_shuffle:1,tragende_rekopplung,1.0,tragende_rekopplung:385,weltuebergreifend_feldstabil,0.5356645931693196,0.19247601255539112,0.6950254809642936
dio_0fe7,381,paxg_random:1;xrp_random:1;btc_random:1;doge_random:1;paxg_shuffle:1;btc_shuffle:1;xrp_shuffle:1;doge_shuffle:1,tragende_rekopplung,1.0,tragende_rekopplung:381,weltuebergreifend_feldstabil,0.546963428363429,0.15506120932282894,0.7107439938060229
dio_1ygx,380,paxg_random:1;paxg_shuffle:1;xrp_random:1;doge_random:1;btc_shuffle:1;xrp_shuffle:1;btc_random:1;doge_shuffle:1,tragende_rekopplung,1.0,tragende_rekopplung:380,weltuebergreifend_feldstabil,0.5862533305829493,0.12516300257571408,0.7443670170024967
dio_1xrt,374,paxg_random:1;xrp_random:1;btc_random:1;doge_random:1;doge_shuffle:1;btc_shuffle:1;xrp_shuffle:1;paxg_shuffle:1,tragende_rekopplung,1.0,tragende_rekopplung:374,weltuebergreifend_feldstabil,0.5403356715644083,0.1561051453519548,0.7073131733584472
dio_1772,342,btc_random:1;doge_random:1;xrp_random:1;paxg_random:1;paxg_shuffle:1;btc_shuffle:1;doge_shuffle:1;xrp_shuffle:1,tragende_rekopplung,1.0,tragende_rekopplung:342,weltuebergreifend_feldstabil,0.5178768049714224,0.1812143705417507,0.6877458742005165
dio_14d9,328,xrp_random:1;doge_random:1;btc_random:1;paxg_random:1;xrp_shuffle:1;btc_shuffle:1;doge_shuffle:1;paxg_shuffle:1,tragende_rekopplung,1.0,tragende_rekopplung:328,weltuebergreifend_feldstabil,0.555599979713645,0.1695418482938226,0.7097108714238142
dio_07o8,309,paxg_random:1;doge_random:1;btc_random:1;xrp_random:1;paxg_shuffle:1;btc_shuffle:1;xrp_shuffle:1;doge_shuffle:1,tragende_rekopplung,1.0,tragende_rekopplung:309,weltuebergreifend_feldstabil,0.5180512310140498,0.17209071800327114,0.6935504877198627
dio_1sa0,305,btc_random:1;xrp_random:1;doge_random:1;paxg_random:1;xrp_shuffle:1;btc_shuffle:1;doge_shuffle:1;paxg_shuffle:1,tragende_rekopplung,1.0,tragende_rekopplung:305,weltuebergreifend_feldstabil,0.5582222242524735,0.17093808520649423,0.7100024861691039
dio_1mjc,303,paxg_random:1;paxg_shuffle:1;xrp_shuffle:1;xrp_random:1;doge_shuffle:1;btc_shuffle:1;doge_random:1;btc_random:1,tragende_rekopplung,1.0,tragende_rekopplung:303,weltuebergreifend_feldstabil,0.5713464753253326,0.1349636290164514,0.7323493323774178
dio_1v2w,301,xrp_random:1;btc_random:1;doge_random:1;paxg_random:1;btc_shuffle:1;doge_shuffle:1;xrp_shuffle:1;paxg_shuffle:1,tragende_rekopplung,1.0,tragende_rekopplung:301,weltuebergreifend_feldstabil,0.5268863351197496,0.19180278848224105,0.682647892855373
dio_0f4r,289,paxg_random:1;doge_random:1;xrp_random:1;btc_random:1;paxg_shuffle:1;xrp_shuffle:1;doge_shuffle:1;btc_shuffle:1,tragende_rekopplung,1.0,tragende_rekopplung:289,weltuebergreifend_feldstabil,0.561955627055346,0.1569142802355813,0.7199153975793121
dio_1rqi,278,btc_random:1;doge_random:1;paxg_random:1;xrp_random:1;xrp_shuffle:1;btc_shuffle:1;doge_shuffle:1;paxg_shuffle:1,tragende_rekopplung,1.0,tragende_rekopplung:278,weltuebergreifend_feldstabil,0.5707707721824475,0.139474835311855,0.7291538980945778
dio_0lsd,271,btc_random:1;doge_random:1;xrp_random:1;paxg_random:1;btc_shuffle:1;doge_shuffle:1;xrp_shuffle:1;paxg_shuffle:1,tragende_rekopplung,1.0,tragende_rekopplung:271,weltuebergreifend_feldstabil,0.5259636128051857,0.18043393454819073,0.6914969946184759
dio_0sxm,271,xrp_shuffle:2;xrp_random:2;paxg_shuffle:2;btc_shuffle:1;doge_random:1;paxg_random:1;doge_shuffle:1;btc_random:1,tragende_rekopplung,0.988929889298893,tragende_rekopplung:268;offene_rekopplung:3,weltuebergreifend_feldstabil,0.5260144868216095,0.22408232731009825,0.671119240545299
dio_18kx,269,btc_random:1;xrp_random:1;paxg_random:1;doge_random:1;doge_shuffle:1;btc_shuffle:1;xrp_shuffle:1;paxg_shuffle:1,tragende_rekopplung,1.0,tragende_rekopplung:269,weltuebergreifend_feldstabil,0.5603261278712428,0.14824027189947184,0.7181472216838243
dio_0z3k,261,paxg_random:1;btc_random:1;paxg_shuffle:1;xrp_random:1;doge_random:1;doge_shuffle:1;btc_shuffle:1;xrp_shuffle:1,tragende_rekopplung,1.0,tragende_rekopplung:261,weltuebergreifend_feldstabil,0.5648448507553254,0.1509317950992099,0.7247860107535812
dio_1nmh,261,paxg_random:1;btc_random:1;paxg_shuffle:1;doge_random:1;xrp_random:1;btc_shuffle:1;xrp_shuffle:1;doge_shuffle:1,tragende_rekopplung,1.0,tragende_rekopplung:261,weltuebergreifend_feldstabil,0.524816792472677,0.173206276327575,0.7015165375318774
dio_1yme,244,paxg_random:1;paxg_shuffle:1;doge_random:1;xrp_random:1;btc_random:1;xrp_shuffle:1;doge_shuffle:1;btc_shuffle:1,tragende_rekopplung,1.0,tragende_rekopplung:244,weltuebergreifend_feldstabil,0.5591034784716133,0.15515853656870243,0.7188578338828651
dio_1aeg,241,doge_random:1;paxg_shuffle:1;paxg_random:1;btc_random:1;btc_shuffle:1;doge_shuffle:1;xrp_random:1;xrp_shuffle:1,tragende_rekopplung,1.0,tragende_rekopplung:241,weltuebergreifend_feldstabil,0.5464607252254211,0.1757736187159823,0.707048512308166
dio_0om4,237,btc_random:1;doge_random:1;xrp_random:1;paxg_random:1;btc_shuffle:1;xrp_shuffle:1;doge_shuffle:1;paxg_shuffle:1,tragende_rekopplung,1.0,tragende_rekopplung:237,weltuebergreifend_feldstabil,0.5588051496957893,0.14789279070870376,0.7182666643141273
dio_0dzv,228,paxg_random:1;xrp_random:1;paxg_shuffle:1;btc_random:1;doge_random:1;xrp_shuffle:1;btc_shuffle:1;doge_shuffle:1,tragende_rekopplung,1.0,tragende_rekopplung:228,weltuebergreifend_feldstabil,0.5607449855639515,0.13552360175570044,0.7306168670506241
dio_04q7,227,paxg_random:1;paxg_shuffle:1;doge_random:1;btc_random:1;xrp_random:1;xrp_shuffle:1;btc_shuffle:1;doge_shuffle:1,tragende_rekopplung,1.0,tragende_rekopplung:227,weltuebergreifend_feldstabil,0.5744063383780763,0.1263966557469201,0.736351868319623
dio_161t,225,paxg_shuffle:1;btc_shuffle:1;doge_random:1;doge_shuffle:1;btc_random:1;xrp_random:1;xrp_shuffle:1;paxg_random:1,tragende_rekopplung,1.0,tragende_rekopplung:225,weltuebergreifend_feldstabil,0.5446294906312785,0.16357317107755778,0.7118114860423643
dio_1yoi,225,xrp_random:2;btc_random:2;doge_random:2;btc_shuffle:2;xrp_shuffle:2;paxg_random:2;paxg_shuffle:2;doge_shuffle:2,tragende_rekopplung,0.7022222222222222,tragende_rekopplung:158;offene_rekopplung:67,weltuebergreifend_feldoffen,0.49148719946307173,0.2350284235493111,0.6569175236977606
dio_17dc,223,doge_random:1;xrp_random:1;btc_random:1;doge_shuffle:1;btc_shuffle:1;paxg_random:1;xrp_shuffle:1;paxg_shuffle:1,tragende_rekopplung,1.0,tragende_rekopplung:223,weltuebergreifend_feldstabil,0.545956538598034,0.16139670844543189,0.7102777568818912
dio_18v0,218,btc_random:2;doge_random:1;xrp_random:1;paxg_random:1;xrp_shuffle:1;btc_shuffle:1;paxg_shuffle:1;doge_shuffle:1,tragende_rekopplung,0.9954128440366973,tragende_rekopplung:217;offene_rekopplung:1,weltuebergreifend_feldstabil,0.500613989160053,0.20230277018738976,0.6806309028152557
dio_0u1o,217,btc_random:1;doge_random:1;xrp_shuffle:1;paxg_random:1;xrp_random:1;btc_shuffle:1;doge_shuffle:1;paxg_shuffle:1,tragende_rekopplung,1.0,tragende_rekopplung:217,weltuebergreifend_feldstabil,0.5227034906778666,0.20458514206218673,0.679157322552475
dio_1pij,217,paxg_random:1;doge_random:1;btc_random:1;xrp_random:1;doge_shuffle:1;paxg_shuffle:1;btc_shuffle:1;xrp_shuffle:1,tragende_rekopplung,1.0,tragende_rekopplung:217,weltuebergreifend_feldstabil,0.4805589292325938,0.19749928074528383,0.6711276069470371
dio_0une,216,paxg_random:1;paxg_shuffle:1;xrp_random:1;doge_random:1;btc_random:1;btc_shuffle:1;doge_shuffle:1;xrp_shuffle:1,tragende_rekopplung,1.0,tragende_rekopplung:216,weltuebergreifend_feldstabil,0.5620037298045908,0.13782450344195565,0.7307369637753722
dio_1un4,214,doge_random:2;doge_shuffle:2;xrp_random:2;btc_random:2;paxg_random:2;xrp_shuffle:2;btc_shuffle:2;paxg_shuffle:2,offene_rekopplung,0.6822429906542056,offene_rekopplung:146;tragende_rekopplung:68,weltuebergreifend_feldoffen,0.4910973677169486,0.2405534886453112,0.6506841136646303
dio_0v65,211,paxg_random:1;btc_random:1;xrp_random:1;doge_random:1;btc_shuffle:1;xrp_shuffle:1;doge_shuffle:1;paxg_shuffle:1,tragende_rekopplung,1.0,tragende_rekopplung:211,weltuebergreifend_feldstabil,0.5485571947891072,0.14555697358993352,0.7137222714340343
dio_0gaw,210,btc_random:2;xrp_random:2;doge_random:1;paxg_shuffle:1;paxg_random:1;doge_shuffle:1;btc_shuffle:1;xrp_shuffle:1,tragende_rekopplung,0.9904761904761905,tragende_rekopplung:208;offene_rekopplung:2,weltuebergreifend_feldstabil,0.4886368648480599,0.20708513011930246,0.674326693739949
dio_1oc2,207,btc_random:1;xrp_random:1;doge_random:1;paxg_random:1;doge_shuffle:1;btc_shuffle:1;xrp_shuffle:1;paxg_shuffle:1,tragende_rekopplung,1.0,tragende_rekopplung:207,weltuebergreifend_feldstabil,0.5330845841202053,0.16785330948,0.7010304941856704
dio_1s2n,200,paxg_random:1;btc_shuffle:1;paxg_shuffle:1;btc_random:1;xrp_random:1;doge_shuffle:1;doge_random:1;xrp_shuffle:1,tragende_rekopplung,1.0,tragende_rekopplung:200,weltuebergreifend_feldstabil,0.5551797456364469,0.15105240540334666,0.7156930352539127
dio_0ein,199,paxg_random:1;btc_random:1;xrp_random:1;doge_random:1;paxg_shuffle:1;xrp_shuffle:1;doge_shuffle:1;btc_shuffle:1,tragende_rekopplung,1.0,tragende_rekopplung:199,weltuebergreifend_feldstabil,0.5439557462130604,0.14502306179923768,0.711965757481767
dio_05gr,197,btc_shuffle:2;xrp_random:1;btc_random:1;doge_random:1;paxg_random:1;doge_shuffle:1;xrp_shuffle:1;paxg_shuffle:1,tragende_rekopplung,0.9949238578680203,tragende_rekopplung:196;offene_rekopplung:1,weltuebergreifend_feldstabil,0.4969798351332875,0.2037237272641316,0.673501521162204
dio_0klp,197,btc_random:2;xrp_random:2;doge_random:2;paxg_random:2;doge_shuffle:2;btc_shuffle:2;xrp_shuffle:1;paxg_shuffle:1,tragende_rekopplung,0.9543147208121827,tragende_rekopplung:188;offene_rekopplung:9,weltuebergreifend_feldstabil,0.4866762795215267,0.21934451343796962,0.6577549406918702
dio_00pl,195,paxg_random:1;xrp_random:1;btc_random:1;doge_random:1;doge_shuffle:1;xrp_shuffle:1;btc_shuffle:1;paxg_shuffle:1,tragende_rekopplung,1.0,tragende_rekopplung:195,weltuebergreifend_feldstabil,0.5431975799537274,0.15113172069249356,0.7107748507860225
dio_0d46,192,paxg_random:1;btc_random:1;doge_random:1;xrp_random:1;paxg_shuffle:1;btc_shuffle:1;doge_shuffle:1;xrp_shuffle:1,tragende_rekopplung,1.0,tragende_rekopplung:192,weltuebergreifend_feldstabil,0.5345520051614894,0.17259496031995164,0.7026347850191633
dio_1rcm,192,btc_random:1;paxg_random:1;btc_shuffle:1;doge_shuffle:1;paxg_shuffle:1;doge_random:1;xrp_random:1;xrp_shuffle:1,tragende_rekopplung,1.0,tragende_rekopplung:192,weltuebergreifend_feldstabil,0.5267278868089805,0.1873624563844927,0.6922933843329039
dio_0jmo,191,doge_random:2;btc_random:2;xrp_random:2;xrp_shuffle:2;btc_shuffle:1;doge_shuffle:1;paxg_random:1;paxg_shuffle:1,tragende_rekopplung,0.9528795811518325,tragende_rekopplung:182;offene_rekopplung:9,weltuebergreifend_feldstabil,0.48978144018511444,0.22080836026538142,0.6644347113741582
dio_0cky,186,btc_random:2;xrp_random:2;paxg_random:2;doge_shuffle:2;xrp_shuffle:2;paxg_shuffle:2;doge_random:1;btc_shuffle:1,tragende_rekopplung,0.9193548387096774,tragende_rekopplung:171;offene_rekopplung:15,weltuebergreifend_feldstabil,0.4853540690415309,0.22410753640162726,0.6548760568793476
dio_1j37,185,btc_random:1;xrp_random:1;paxg_random:1;doge_random:1;doge_shuffle:1;btc_shuffle:1;xrp_shuffle:1;paxg_shuffle:1,tragende_rekopplung,1.0,tragende_rekopplung:185,weltuebergreifend_feldstabil,0.5424024530369691,0.1511094286300505,0.7089463554116475
dio_0ssi,180,doge_random:1;xrp_random:1;btc_random:1;doge_shuffle:1;btc_shuffle:1;xrp_shuffle:1;paxg_shuffle:1;paxg_random:1,tragende_rekopplung,1.0,tragende_rekopplung:180,weltuebergreifend_feldstabil,0.538922150566254,0.17312638421975662,0.6996741614222449
dio_0rgc,178,xrp_random:1;doge_shuffle:1;paxg_random:1;btc_shuffle:1;paxg_shuffle:1;btc_random:1;doge_random:1;xrp_shuffle:1,tragende_rekopplung,1.0,tragende_rekopplung:178,weltuebergreifend_feldstabil,0.5516084475620386,0.151009537008438,0.7127132034659048
dio_1rx4,177,paxg_random:1;doge_random:1;paxg_shuffle:1;btc_random:1;xrp_random:1;btc_shuffle:1;doge_shuffle:1;xrp_shuffle:1,tragende_rekopplung,1.0,tragende_rekopplung:177,weltuebergreifend_feldstabil,0.5490329187352281,0.13833664353873212,0.7212979970862679
dio_05mh,175,xrp_random:1;btc_random:1;doge_random:1;paxg_random:1;btc_shuffle:1;doge_shuffle:1;xrp_shuffle:1;paxg_shuffle:1,tragende_rekopplung,1.0,tragende_rekopplung:175,weltuebergreifend_feldstabil,0.524602121754354,0.15808957464621265,0.7019553420225155
dio_1wdi,168,btc_random:1;doge_random:1;xrp_random:1;paxg_shuffle:1;paxg_random:1;btc_shuffle:1;doge_shuffle:1;xrp_shuffle:1,tragende_rekopplung,1.0,tragende_rekopplung:168,weltuebergreifend_feldstabil,0.5497178941237263,0.1380729277040482,0.7187978824473736
dio_18im,166,xrp_random:1;btc_random:1;doge_random:1;paxg_random:1;btc_shuffle:1;paxg_shuffle:1;doge_shuffle:1;xrp_shuffle:1,tragende_rekopplung,1.0,tragende_rekopplung:166,weltuebergreifend_feldstabil,0.5241633157428829,0.17503997236982682,0.6968939564305395
dio_16yy,164,paxg_random:1;paxg_shuffle:1;btc_random:1;doge_random:1;xrp_random:1;doge_shuffle:1;btc_shuffle:1;xrp_shuffle:1,tragende_rekopplung,1.0,tragende_rekopplung:164,weltuebergreifend_feldstabil,0.5206072893139894,0.1746276863806989,0.69848940748167
dio_1e0y,161,btc_random:1;paxg_random:1;xrp_random:1;btc_shuffle:1;doge_shuffle:1;doge_random:1;xrp_shuffle:1;paxg_shuffle:1,tragende_rekopplung,1.0,tragende_rekopplung:161,weltuebergreifend_feldstabil,0.5272286757293676,0.18004407214258872,0.6940483143535001
dio_0ahb,158,btc_random:1;doge_random:1;xrp_random:1;paxg_random:1;xrp_shuffle:1;doge_shuffle:1;btc_shuffle:1;paxg_shuffle:1,tragende_rekopplung,1.0,tragende_rekopplung:158,weltuebergreifend_feldstabil,0.5236620955392743,0.18000485141380915,0.686124536142123
dio_1yt8,157,paxg_shuffle:1;btc_shuffle:1;doge_shuffle:1;btc_random:1;doge_random:1;xrp_random:1;xrp_shuffle:1;paxg_random:1,tragende_rekopplung,1.0,tragende_rekopplung:157,weltuebergreifend_feldstabil,0.5424005815705129,0.15403692967032967,0.7094822493589743
dio_0c76,156,xrp_random:2;doge_random:2;paxg_random:2;btc_random:2;btc_shuffle:1;doge_shuffle:1;paxg_shuffle:1;xrp_shuffle:1,tragende_rekopplung,0.967948717948718,tragende_rekopplung:151;offene_rekopplung:5,weltuebergreifend_feldstabil,0.49243601291925465,0.2194782426994797,0.6710123595119593
dio_0d03,155,paxg_random:1;btc_random:1;xrp_random:1;doge_random:1;btc_shuffle:1;paxg_shuffle:1;doge_shuffle:1;xrp_shuffle:1,tragende_rekopplung,1.0,tragende_rekopplung:155,weltuebergreifend_feldstabil,0.5416396335553814,0.14451771135302377,0.7130308858158634
dio_0kd6,153,btc_shuffle:1;doge_shuffle:1;paxg_shuffle:1;xrp_shuffle:1;doge_random:1;xrp_random:1;btc_random:1,tragende_rekopplung,1.0,tragende_rekopplung:153,weltuebergreifend_feldstabil,0.5490457290460011,0.1464777321358168,0.7183239926020725
dio_18po,150,paxg_random:1;btc_random:1;doge_random:1;xrp_random:1;paxg_shuffle:1,tragende_rekopplung,1.0,tragende_rekopplung:150,weltuebergreifend_feldstabil,0.4971353141573034,0.19293574,0.6806697143820225
dio_1vdo,146,btc_random:1;paxg_random:1;xrp_random:1;doge_random:1;paxg_shuffle:1;btc_shuffle:1;doge_shuffle:1;xrp_shuffle:1,tragende_rekopplung,1.0,tragende_rekopplung:146,weltuebergreifend_feldstabil,0.5353528600000533,0.14403601116031425,0.7110646941306644
dio_1ba6,143,btc_random:1;doge_random:1;xrp_random:1;paxg_random:1;xrp_shuffle:1;doge_shuffle:1;paxg_shuffle:1;btc_shuffle:1,tragende_rekopplung,1.0,tragende_rekopplung:143,weltuebergreifend_feldstabil,0.5421592942578255,0.13555306946595072,0.7167594002712565
dio_0jsd,136,paxg_shuffle:2;btc_random:1;paxg_random:1;doge_random:1;btc_shuffle:1;doge_shuffle:1;xrp_random:1;xrp_shuffle:1,tragende_rekopplung,0.9926470588235294,tragende_rekopplung:135;offene_rekopplung:1,weltuebergreifend_feldstabil,0.4906318918524525,0.2118293860631972,0.6691246189493342
dio_1rrr,136,paxg_random:3;btc_random:2;xrp_random:1;doge_random:1;doge_shuffle:1;btc_shuffle:1;xrp_shuffle:1;paxg_shuffle:1,tragende_rekopplung,0.9411764705882353,tragende_rekopplung:128;getragen_offen:7;offener_feldkontakt:1,weltuebergreifend_feldstabil,0.4968627542178074,0.21527943845260383,0.6671311943225158
dio_06ik,135,btc_random:1;paxg_shuffle:1;doge_random:1;xrp_random:1;btc_shuffle:1;doge_shuffle:1;xrp_shuffle:1;paxg_random:1,tragende_rekopplung,1.0,tragende_rekopplung:135,weltuebergreifend_feldstabil,0.5067380417434716,0.17354725615079367,0.6948324246757126
dio_17rn,135,btc_random:2;doge_random:2;xrp_random:2;paxg_random:2;xrp_shuffle:2;btc_shuffle:2;doge_shuffle:2;paxg_shuffle:2,offene_rekopplung,0.6074074074074074,offene_rekopplung:82;tragende_rekopplung:53,weltuebergreifend_feldoffen,0.44956512835445805,0.23747552143686906,0.6386151182469668
dio_1q2r,134,paxg_random:1;xrp_random:1;btc_random:1;doge_random:1;btc_shuffle:1;doge_shuffle:1;paxg_shuffle:1;xrp_shuffle:1,tragende_rekopplung,1.0,tragende_rekopplung:134,weltuebergreifend_feldstabil,0.5418524533996212,0.15283526385010823,0.7115427191653139
dio_0p44,133,doge_random:2;xrp_random:2;paxg_random:1;btc_random:1;paxg_shuffle:1;doge_shuffle:1;btc_shuffle:1;xrp_shuffle:1,tragende_rekopplung,0.9849624060150376,tragende_rekopplung:131;offene_rekopplung:2,weltuebergreifend_feldstabil,0.46881870478883864,0.20564817295123178,0.6634404458343257
dio_1b3m,133,btc_random:1;xrp_random:1;paxg_random:1;doge_random:1;doge_shuffle:1;btc_shuffle:1;xrp_shuffle:1;paxg_shuffle:1,tragende_rekopplung,1.0,tragende_rekopplung:133,weltuebergreifend_feldstabil,0.5128343648077617,0.17938772921453547,0.6815991436171467
dio_1w94,129,btc_random:1;doge_random:1;xrp_random:1;paxg_random:1;btc_shuffle:1;doge_shuffle:1,tragende_rekopplung,1.0,tragende_rekopplung:129,weltuebergreifend_feldstabil,0.5314802379917184,0.15072981511387162,0.7043023130779849
dio_0bgx,127,doge_random:2;btc_shuffle:2;btc_random:1;xrp_random:1;paxg_random:1;doge_shuffle:1;xrp_shuffle:1;paxg_shuffle:1,tragende_rekopplung,0.984251968503937,tragende_rekopplung:125;offene_rekopplung:2,weltuebergreifend_feldstabil,0.47463233368519175,0.20860424530166746,0.6601773804812555
dio_0trm,125,doge_random:2;btc_random:2;paxg_random:2;xrp_random:2;btc_shuffle:2;paxg_shuffle:1;xrp_shuffle:1,tragende_rekopplung,0.896,tragende_rekopplung:112;offene_rekopplung:13,weltuebergreifend_feldstabil,0.46710374655856596,0.22365358400725233,0.6535601472222222
dio_1a0z,125,paxg_random:1;xrp_shuffle:1;btc_random:1;doge_shuffle:1;doge_random:1;xrp_random:1;btc_shuffle:1;paxg_shuffle:1,tragende_rekopplung,1.0,tragende_rekopplung:125,weltuebergreifend_feldstabil,0.5291675614323381,0.17087969137143494,0.6993283160604205
dio_01q0,122,paxg_random:1;paxg_shuffle:1;xrp_random:1;xrp_shuffle:1;btc_random:1;doge_random:1;btc_shuffle:1;doge_shuffle:1,tragende_rekopplung,1.0,tragende_rekopplung:122,weltuebergreifend_feldstabil,0.5426414290209076,0.13907211047051396,0.7189505889232397
dio_1lhs,119,doge_shuffle:1;xrp_shuffle:1;btc_shuffle:1;btc_random:1;xrp_random:1;doge_random:1;paxg_random:1;paxg_shuffle:1,tragende_rekopplung,1.0,tragende_rekopplung:119,weltuebergreifend_feldstabil,0.50464162319265,0.19758474112549118,0.6783809277350261
dio_02x1,118,btc_random:1;doge_random:1;xrp_random:1;paxg_random:1;xrp_shuffle:1;btc_shuffle:1;doge_shuffle:1,tragende_rekopplung,1.0,tragende_rekopplung:118,weltuebergreifend_feldstabil,0.5128815162509448,0.16999324232804233,0.6908405122826908
dio_1fe0,117,paxg_random:1;btc_random:1;xrp_random:1;doge_random:1;paxg_shuffle:1;doge_shuffle:1;xrp_shuffle:1;btc_shuffle:1,tragende_rekopplung,1.0,tragende_rekopplung:117,weltuebergreifend_feldstabil,0.5391374070601852,0.14205089641203703,0.7134625637152777
dio_1jsj,114,paxg_random:1;doge_random:1;btc_random:1;xrp_random:1;doge_shuffle:1;btc_shuffle:1;paxg_shuffle:1;xrp_shuffle:1,tragende_rekopplung,1.0,tragende_rekopplung:114,weltuebergreifend_feldstabil,0.5463906844663743,0.1226174165387427,0.7276019850328947
dio_1198,113,btc_random:1;xrp_random:1;doge_random:1;paxg_random:1;xrp_shuffle:1;btc_shuffle:1;doge_shuffle:1;paxg_shuffle:1,tragende_rekopplung,1.0,tragende_rekopplung:113,weltuebergreifend_feldstabil,0.506760450279356,0.17635514135416666,0.6802193061979167
dio_0qqg,109,paxg_shuffle:1;doge_random:1;btc_shuffle:1;btc_random:1;xrp_shuffle:1;doge_shuffle:1;xrp_random:1,tragende_rekopplung,1.0,tragende_rekopplung:109,weltuebergreifend_feldstabil,0.5023728503498278,0.16280461480861003,0.6949960893004827
dio_0jho,107,btc_random:2;xrp_random:1;doge_random:1;paxg_random:1;xrp_shuffle:1;btc_shuffle:1;doge_shuffle:1;paxg_shuffle:1,tragende_rekopplung,0.9906542056074766,tragende_rekopplung:106;offene_rekopplung:1,weltuebergreifend_feldstabil,0.47073519155868027,0.19962283432818675,0.6611397080116718
dio_1ap6,106,doge_random:1;xrp_random:1;btc_random:1;paxg_random:1;doge_shuffle:1;paxg_shuffle:1;btc_shuffle:1;xrp_shuffle:1,tragende_rekopplung,1.0,tragende_rekopplung:106,weltuebergreifend_feldstabil,0.49639745678302677,0.19907350298216275,0.6722994405193237
dio_1gsb,106,btc_random:1;xrp_random:1;doge_random:1;paxg_random:1;btc_shuffle:1;doge_shuffle:1;xrp_shuffle:1;paxg_shuffle:1,tragende_rekopplung,1.0,tragende_rekopplung:106,weltuebergreifend_feldstabil,0.5334493197211779,0.1369736313283208,0.7148480107926065
dio_0dzc,104,paxg_random:1;xrp_random:1;btc_random:1;paxg_shuffle:1;doge_random:1;btc_shuffle:1;doge_shuffle:1;xrp_shuffle:1,tragende_rekopplung,1.0,tragende_rekopplung:104,weltuebergreifend_feldstabil,0.5344311859334415,0.13133575227272726,0.7185284549918831
dio_0p8i,103,paxg_random:1;xrp_random:1;btc_random:1;doge_random:1;doge_shuffle:1;xrp_shuffle:1;paxg_shuffle:1;btc_shuffle:1,tragende_rekopplung,1.0,tragende_rekopplung:103,weltuebergreifend_feldstabil,0.5370532345465686,0.12932456885154062,0.7162751582020308
dio_1ydr,103,btc_random:1;doge_random:1;paxg_random:1;xrp_shuffle:1;xrp_random:1;btc_shuffle:1;doge_shuffle:1,tragende_rekopplung,1.0,tragende_rekopplung:103,weltuebergreifend_feldstabil,0.519411708963302,0.18135162308163713,0.6857982592322963
dio_17qz,102,doge_random:1;btc_random:1;xrp_random:1;paxg_random:1;paxg_shuffle:1;btc_shuffle:1;doge_shuffle:1;xrp_shuffle:1,tragende_rekopplung,1.0,tragende_rekopplung:102,weltuebergreifend_feldstabil,0.49294384700520216,0.18457263527667728,0.6800819507353789
dio_0fc4,100,paxg_random:2;doge_random:2;xrp_random:2;paxg_shuffle:2;doge_shuffle:2;btc_shuffle:2;btc_random:1;xrp_shuffle:1,tragende_rekopplung,0.94,tragende_rekopplung:94;offene_rekopplung:6,weltuebergreifend_feldstabil,0.4441129692273871,0.20728987868663595,0.6509766832108907
dio_1nv4,99,btc_shuffle:2;doge_random:1;doge_shuffle:1;xrp_shuffle:1;btc_random:1;paxg_shuffle:1;paxg_random:1;xrp_random:1,tragende_rekopplung,0.98989898989899,tragende_rekopplung:98;offene_rekopplung:1,weltuebergreifend_feldstabil,0.4875732338939813,0.21050605382069199,0.6641129094636034
dio_1s59,99,paxg_random:1;paxg_shuffle:1;btc_random:1;doge_random:1;xrp_shuffle:1;btc_shuffle:1;xrp_random:1;doge_shuffle:1,tragende_rekopplung,1.0,tragende_rekopplung:99,weltuebergreifend_feldstabil,0.5176018600160256,0.17483151963141025,0.6956874293269231
dio_1mif,98,paxg_random:1;doge_random:1;xrp_random:1;btc_random:1;paxg_shuffle:1;btc_shuffle:1;xrp_shuffle:1;doge_shuffle:1,tragende_rekopplung,1.0,tragende_rekopplung:98,weltuebergreifend_feldstabil,0.4856834694486789,0.18562136038677668,0.6779801058255619
dio_1qyl,98,btc_random:1;paxg_random:1;doge_random:1;xrp_random:1;btc_shuffle:1;xrp_shuffle:1;paxg_shuffle:1;doge_shuffle:1,tragende_rekopplung,1.0,tragende_rekopplung:98,weltuebergreifend_feldstabil,0.5365669875,0.12807961808035714,0.7180302930803572
dio_0h6t,96,btc_random:1;doge_random:1;xrp_random:1;paxg_random:1;btc_shuffle:1;xrp_shuffle:1;doge_shuffle:1,tragende_rekopplung,1.0,tragende_rekopplung:96,weltuebergreifend_feldstabil,0.5112973166666667,0.15198954897959183,0.6960763212018141
dio_00v0,95,paxg_random:1;btc_random:1;xrp_random:1;doge_random:1;paxg_shuffle:1;doge_shuffle:1;btc_shuffle:1;xrp_shuffle:1,tragende_rekopplung,1.0,tragende_rekopplung:95,weltuebergreifend_feldstabil,0.5096377980517848,0.15454641427179847,0.7042976416765424
dio_1i76,95,xrp_random:1;doge_random:1;btc_random:1;btc_shuffle:1;doge_shuffle:1;xrp_shuffle:1;paxg_random:1;paxg_shuffle:1,tragende_rekopplung,1.0,tragende_rekopplung:95,weltuebergreifend_feldstabil,0.5018017874289571,0.18223050297111598,0.6848011207404701
dio_1er2,93,paxg_random:1;paxg_shuffle:1;xrp_random:1;doge_random:1;btc_random:1;xrp_shuffle:1;btc_shuffle:1;doge_shuffle:1,tragende_rekopplung,1.0,tragende_rekopplung:93,weltuebergreifend_feldstabil,0.487683211033265,0.18690966397100706,0.6814580765393597
dio_0gzn,92,xrp_random:1;paxg_random:1;doge_random:1;btc_random:1;paxg_shuffle:1;xrp_shuffle:1;btc_shuffle:1,tragende_rekopplung,1.0,tragende_rekopplung:92,weltuebergreifend_feldstabil,0.544927509138322,0.12447345761904763,0.7291803012698412
dio_0zad,88,paxg_shuffle:1;doge_shuffle:1;paxg_random:1;btc_shuffle:1;xrp_shuffle:1;btc_random:1;doge_random:1;xrp_random:1,tragende_rekopplung,1.0,tragende_rekopplung:88,weltuebergreifend_feldstabil,0.5304919115376454,0.13850755522163702,0.7106394117133276
dio_0xnz,86,btc_shuffle:1;btc_random:1;doge_shuffle:1;xrp_random:1;doge_random:1;paxg_random:1;xrp_shuffle:1;paxg_shuffle:1,tragende_rekopplung,1.0,tragende_rekopplung:86,weltuebergreifend_feldstabil,0.5260370184523809,0.15168814791666668,0.7029717817956349
dio_0c9j,85,doge_random:2;paxg_random:2;btc_random:1;xrp_random:1;btc_shuffle:1;doge_shuffle:1;xrp_shuffle:1;paxg_shuffle:1,tragende_rekopplung,0.9764705882352941,tragende_rekopplung:83;offene_rekopplung:2,weltuebergreifend_feldstabil,0.4684459942287785,0.2079183969668737,0.6608684730434783
dio_04k7,84,doge_random:1;paxg_shuffle:1;xrp_random:1;doge_shuffle:1;xrp_shuffle:1;btc_random:1;paxg_random:1;btc_shuffle:1,tragende_rekopplung,1.0,tragende_rekopplung:84,weltuebergreifend_feldstabil,0.538726330661526,0.12483110974702381,0.7204846923926768
dio_0ehc,83,btc_random:2;xrp_random:2;doge_random:2;btc_shuffle:2;xrp_shuffle:2;doge_shuffle:2;paxg_random:2;paxg_shuffle:2,tragende_rekopplung,0.6385542168674698,tragende_rekopplung:53;offene_rekopplung:30,weltuebergreifend_feldoffen,0.4634277071924603,0.23656952137896825,0.64123865625
dio_13it,81,btc_random:2;doge_random:2;xrp_random:2;paxg_random:1;doge_shuffle:1;paxg_shuffle:1;xrp_shuffle:1,tragende_rekopplung,0.9629629629629629,tragende_rekopplung:78;offene_rekopplung:3,weltuebergreifend_feldstabil,0.45299112951923076,0.21342134453846154,0.6393070305
dio_03yt,80,btc_random:2;doge_random:2;xrp_random:2;paxg_random:2;doge_shuffle:2;paxg_shuffle:2;btc_shuffle:1,tragende_rekopplung,0.6375,tragende_rekopplung:51;offene_rekopplung:29,weltuebergreifend_feldoffen,0.45381058342490843,0.2357705935897436,0.6429823191391941
dio_0seu,80,paxg_random:1;xrp_random:1;btc_random:1;paxg_shuffle:1;doge_random:1;btc_shuffle:1;xrp_shuffle:1;doge_shuffle:1,tragende_rekopplung,1.0,tragende_rekopplung:80,weltuebergreifend_feldstabil,0.5244204178030303,0.13156155075757575,0.7162459812499999
dio_1u4x,79,paxg_random:1;btc_random:1;paxg_shuffle:1;doge_random:1;xrp_random:1;btc_shuffle:1;xrp_shuffle:1;doge_shuffle:1,tragende_rekopplung,1.0,tragende_rekopplung:79,weltuebergreifend_feldstabil,0.5223174185425685,0.1309120829229798,0.7135896397637085
dio_1waj,79,paxg_random:1;xrp_random:1;btc_random:1;btc_shuffle:1;doge_shuffle:1;doge_random:1;paxg_shuffle:1;xrp_shuffle:1,tragende_rekopplung,1.0,tragende_rekopplung:79,weltuebergreifend_feldstabil,0.496177189650974,0.18698632506764068,0.6813864101659982
dio_1sub,78,paxg_random:2;doge_shuffle:2;xrp_random:1;btc_random:1;doge_random:1;btc_shuffle:1;xrp_shuffle:1;paxg_shuffle:1,tragende_rekopplung,0.9743589743589743,tragende_rekopplung:76;offene_rekopplung:2,weltuebergreifend_feldstabil,0.4594580993181818,0.21343379940656565,0.6551797092171717
dio_0uuz,77,xrp_random:1;paxg_random:1;doge_random:1;btc_random:1;btc_shuffle:1;doge_shuffle:1;paxg_shuffle:1,tragende_rekopplung,1.0,tragende_rekopplung:77,weltuebergreifend_feldstabil,0.49243432278911564,0.17859131916099774,0.6845992623582766
dio_068s,76,paxg_random:2;btc_random:1;paxg_shuffle:1;doge_random:1;doge_shuffle:1;xrp_random:1;btc_shuffle:1;xrp_shuffle:1,tragende_rekopplung,0.9868421052631579,tragende_rekopplung:75;offene_rekopplung:1,weltuebergreifend_feldstabil,0.4622771163398693,0.20597165223311548,0.665934559204793
dio_092h,75,paxg_random:1;btc_random:1;xrp_random:1;xrp_shuffle:1;doge_random:1;btc_shuffle:1;paxg_shuffle:1;doge_shuffle:1,tragende_rekopplung,1.0,tragende_rekopplung:75,weltuebergreifend_feldstabil,0.4847968746184371,0.20327849001692752,0.6706462737817738
dio_0u2x,74,xrp_random:1;btc_random:1;paxg_random:1;doge_random:1;doge_shuffle:1;btc_shuffle:1;paxg_shuffle:1;xrp_shuffle:1,tragende_rekopplung,1.0,tragende_rekopplung:74,weltuebergreifend_feldstabil,0.4938162235100061,0.1847694070018797,0.6744363633487127
dio_1uyk,74,xrp_random:1;btc_random:1;doge_random:1;paxg_random:1;btc_shuffle:1;xrp_shuffle:1;doge_shuffle:1;paxg_shuffle:1,tragende_rekopplung,1.0,tragende_rekopplung:74,weltuebergreifend_feldstabil,0.47941345687217196,0.18890111031375692,0.6682677932220966
dio_10ef,73,btc_random:1;doge_random:1;paxg_random:1;xrp_random:1;xrp_shuffle:1;doge_shuffle:1;paxg_shuffle:1;btc_shuffle:1,tragende_rekopplung,1.0,tragende_rekopplung:73,weltuebergreifend_feldstabil,0.529276265625,0.11978298036858974,0.7171494534054488
dio_126s,72,xrp_random:1;paxg_random:1;doge_random:1;btc_random:1;btc_shuffle:1;doge_shuffle:1;xrp_shuffle:1;paxg_shuffle:1,tragende_rekopplung,1.0,tragende_rekopplung:72,weltuebergreifend_feldstabil,0.48481251593406594,0.197390001510989,0.662495804502442
dio_0ioc,71,doge_random:2;xrp_shuffle:2;paxg_random:1;xrp_random:1;btc_random:1;btc_shuffle:1;doge_shuffle:1;paxg_shuffle:1,tragende_rekopplung,0.971830985915493,tragende_rekopplung:69;offene_rekopplung:2,weltuebergreifend_feldstabil,0.4535062361111111,0.20539030833333333,0.6616891111111111
dio_0v4v,71,btc_random:2;xrp_random:2;paxg_random:2;doge_random:2;doge_shuffle:2;paxg_shuffle:2;btc_shuffle:2;xrp_shuffle:2,tragende_rekopplung,0.7887323943661971,tragende_rekopplung:56;offene_rekopplung:15,weltuebergreifend_feldoffen,0.4467331071924603,0.23184262274305556,0.6384139526785714
dio_1cmd,71,paxg_random:1;doge_random:1;btc_random:1;xrp_random:1,tragende_rekopplung,1.0,tragende_rekopplung:71,weltuebergreifend_feldstabil,0.49384121180555557,0.19810712326388888,0.6786936371527778
dio_1feg,71,doge_random:1;btc_random:1;paxg_random:1;paxg_shuffle:1;xrp_random:1;xrp_shuffle:1;btc_shuffle:1,tragende_rekopplung,1.0,tragende_rekopplung:71,weltuebergreifend_feldstabil,0.5326708776640027,0.12564705660411019,0.7216481729133961
dio_1fxw,71,paxg_random:1;xrp_random:1;btc_random:1;doge_random:1;btc_shuffle:1;xrp_shuffle:1;doge_shuffle:1;paxg_shuffle:1,tragende_rekopplung,1.0,tragende_rekopplung:71,weltuebergreifend_feldstabil,0.5229260604586385,0.1375652907318376,0.7063228273618742
dio_0sa1,70,doge_random:2;btc_random:2;doge_shuffle:2;paxg_random:2;btc_shuffle:2;xrp_shuffle:2;xrp_random:1;paxg_shuffle:1,tragende_rekopplung,0.9,tragende_rekopplung:63;offene_rekopplung:7,weltuebergreifend_feldstabil,0.4517664377289377,0.22202762061747777,0.6387942891156463
dio_01kh,69,btc_random:1;xrp_random:1;doge_random:1;paxg_random:1;xrp_shuffle:1;doge_shuffle:1;btc_shuffle:1;paxg_shuffle:1,tragende_rekopplung,1.0,tragende_rekopplung:69,weltuebergreifend_feldstabil,0.4892135451155462,0.18834542591911765,0.6695833269257703
dio_06fh,69,doge_shuffle:2;btc_shuffle:2;btc_random:2;xrp_shuffle:2;doge_random:2;paxg_shuffle:2;xrp_random:1;paxg_random:1,tragende_rekopplung,0.8985507246376812,tragende_rekopplung:62;offene_rekopplung:7,weltuebergreifend_feldstabil,0.4536685203932972,0.22762317056277057,0.6404708439667475
dio_0oiz,69,btc_random:1;xrp_random:1;doge_random:1;paxg_random:1;btc_shuffle:1;doge_shuffle:1;paxg_shuffle:1;xrp_shuffle:1,tragende_rekopplung,1.0,tragende_rekopplung:69,weltuebergreifend_feldstabil,0.5304552769886364,0.12378072528409091,0.7178980392045454
dio_0ef6,68,btc_random:2;xrp_random:1;doge_random:1;doge_shuffle:1;xrp_shuffle:1;btc_shuffle:1;paxg_shuffle:1;paxg_random:1,tragende_rekopplung,0.9852941176470589,tragende_rekopplung:67;offene_rekopplung:1,weltuebergreifend_feldstabil,0.4712170713083213,0.19824646707551707,0.6712044005531506
dio_0ilg,68,doge_random:1;btc_shuffle:1;btc_random:1;doge_shuffle:1;paxg_random:1;xrp_random:1;xrp_shuffle:1;paxg_shuffle:1,tragende_rekopplung,1.0,tragende_rekopplung:68,weltuebergreifend_feldstabil,0.5098926565177878,0.16214894399662838,0.6884048962946776
dio_1xkg,68,paxg_random:2;doge_random:2;xrp_random:2;btc_random:1;xrp_shuffle:1,tragende_rekopplung,0.9558823529411765,tragende_rekopplung:65;offene_rekopplung:3,weltuebergreifend_feldstabil,0.4635255717911121,0.21488928403764695,0.6599479778774093
dio_14ks,67,paxg_shuffle:1;btc_random:1;doge_random:1;paxg_random:1;xrp_shuffle:1;doge_shuffle:1;xrp_random:1;btc_shuffle:1,tragende_rekopplung,1.0,tragende_rekopplung:67,weltuebergreifend_feldstabil,0.48216892656822347,0.18380413781097374,0.676345468667964
dio_12dx,66,btc_random:1;doge_random:1;xrp_random:1;paxg_random:1;doge_shuffle:1;xrp_shuffle:1,tragende_rekopplung,1.0,tragende_rekopplung:66,weltuebergreifend_feldstabil,0.4936204699134199,0.1803518523809524,0.6734013767676768
dio_1nuc,66,btc_random:1;doge_random:1;xrp_random:1;paxg_random:1;paxg_shuffle:1;doge_shuffle:1,tragende_rekopplung,1.0,tragende_rekopplung:66,weltuebergreifend_feldstabil,0.4967762093837535,0.17681869876283846,0.6858802914332399
dio_0u0b,65,btc_random:1;xrp_random:1;doge_random:1;doge_shuffle:1;btc_shuffle:1;paxg_random:1;xrp_shuffle:1;paxg_shuffle:1,tragende_rekopplung,1.0,tragende_rekopplung:65,weltuebergreifend_feldstabil,0.4622140755819838,0.20251683613360325,0.6579479012145749
dio_14l0,65,btc_random:1;doge_random:1;xrp_random:1;paxg_random:1;btc_shuffle:1;xrp_shuffle:1;doge_shuffle:1,tragende_rekopplung,1.0,tragende_rekopplung:65,weltuebergreifend_feldstabil,0.4839585842352092,0.1921791370851371,0.6664562314574315
dio_1vsj,65,btc_random:1;xrp_random:1;doge_shuffle:1;xrp_shuffle:1;btc_shuffle:1;doge_random:1;paxg_random:1;paxg_shuffle:1,tragende_rekopplung,1.0,tragende_rekopplung:65,weltuebergreifend_feldstabil,0.4950957743686869,0.17221367731782106,0.6828244506268037
dio_1xme,64,xrp_random:2;paxg_random:1;paxg_shuffle:1;doge_random:1;btc_random:1;btc_shuffle:1;doge_shuffle:1,tragende_rekopplung,0.984375,tragende_rekopplung:63;offene_rekopplung:1,weltuebergreifend_feldstabil,0.4643635813521242,0.19202921035539217,0.6727727527573529
dio_00m4,63,btc_random:2;xrp_random:2;doge_random:2;paxg_random:2;xrp_shuffle:2;btc_shuffle:2;doge_shuffle:2;paxg_shuffle:1,tragende_rekopplung,0.873015873015873,tragende_rekopplung:55;offene_rekopplung:8,weltuebergreifend_feldstabil,0.4338805900793651,0.22759405767195767,0.6330021362433863
dio_02vn,63,btc_shuffle:2;btc_random:1;xrp_random:1;doge_random:1;paxg_random:1;xrp_shuffle:1;doge_shuffle:1,tragende_rekopplung,0.9841269841269841,tragende_rekopplung:62;offene_rekopplung:1,weltuebergreifend_feldstabil,0.47730348221726193,0.19255969754464286,0.659707440625
dio_0h0h,63,doge_random:1;xrp_shuffle:1;xrp_random:1;paxg_random:1;btc_random:1;btc_shuffle:1;paxg_shuffle:1;doge_shuffle:1,tragende_rekopplung,1.0,tragende_rekopplung:63,weltuebergreifend_feldstabil,0.5085620883658009,0.15394536252705626,0.6949565595508658
dio_0s8r,63,paxg_random:1;doge_random:1;xrp_random:1;btc_random:1,tragende_rekopplung,1.0,tragende_rekopplung:63,weltuebergreifend_feldstabil,0.5076823391164994,0.18557348783444816,0.6862650697185061
dio_0z35,63,btc_random:1;paxg_random:1;doge_random:1;xrp_random:1;xrp_shuffle:1;doge_shuffle:1;paxg_shuffle:1,tragende_rekopplung,1.0,tragende_rekopplung:63,weltuebergreifend_feldstabil,0.5079853252937538,0.13754439285714284,0.701122402288188
dio_110p,63,paxg_shuffle:1;btc_random:1;btc_shuffle:1;doge_random:1;xrp_shuffle:1;doge_shuffle:1;xrp_random:1,tragende_rekopplung,1.0,tragende_rekopplung:63,weltuebergreifend_feldstabil,0.5158833952380952,0.13924698755411255,0.7090710841991342
dio_15vu,63,paxg_random:1;doge_random:1;paxg_shuffle:1;btc_random:1;doge_shuffle:1;xrp_shuffle:1;btc_shuffle:1;xrp_random:1,tragende_rekopplung,1.0,tragende_rekopplung:63,weltuebergreifend_feldstabil,0.5325512427083333,0.111166475,0.7258523322916667
dio_1snb,63,paxg_random:1;xrp_random:1;paxg_shuffle:1;doge_random:1;btc_random:1;xrp_shuffle:1;doge_shuffle:1,tragende_rekopplung,1.0,tragende_rekopplung:63,weltuebergreifend_feldstabil,0.4891239420068027,0.1694416425170068,0.6890666222789116
dio_0jkx,62,paxg_random:1;btc_random:1;xrp_random:1;doge_random:1;doge_shuffle:1;btc_shuffle:1;paxg_shuffle:1;xrp_shuffle:1,tragende_rekopplung,1.0,tragende_rekopplung:62,weltuebergreifend_feldstabil,0.49953550900488397,0.13809691903235655,0.6976208796550671
dio_084i,61,xrp_random:2;paxg_random:1;paxg_shuffle:1;doge_random:1;btc_random:1;btc_shuffle:1,tragende_rekopplung,0.9836065573770492,tragende_rekopplung:60;offene_rekopplung:1,weltuebergreifend_feldstabil,0.4570228504273504,0.20639446471306472,0.6586315824175825
dio_09ep,61,xrp_random:2;btc_shuffle:2;doge_random:2;btc_random:2;paxg_random:2;doge_shuffle:2;xrp_shuffle:2;paxg_shuffle:1,tragende_rekopplung,0.7540983606557377,tragende_rekopplung:46;offene_rekopplung:15,weltuebergreifend_feldoffen,0.4473569217195767,0.2314940844179894,0.6331059803703704
dio_0gfm,61,paxg_random:1;xrp_random:1;btc_random:1;doge_random:1;btc_shuffle:1;paxg_shuffle:1;doge_shuffle:1;xrp_shuffle:1,tragende_rekopplung,1.0,tragende_rekopplung:61,weltuebergreifend_feldstabil,0.5273561036366959,0.11785702834429825,0.7175076259320176
dio_0nx9,61,btc_random:1;paxg_random:1;paxg_shuffle:1;xrp_random:1;doge_random:1;doge_shuffle:1,tragende_rekopplung,1.0,tragende_rekopplung:61,weltuebergreifend_feldstabil,0.48346516350732605,0.18061313003663004,0.6824249108974358
dio_1vsy,61,btc_random:1;paxg_random:1;doge_random:1;xrp_random:1;btc_shuffle:1;xrp_shuffle:1,tragende_rekopplung,1.0,tragende_rekopplung:61,weltuebergreifend_feldstabil,0.5164520634202399,0.13208063572146808,0.7068084870932989
dio_0inh,60,xrp_random:1;btc_random:1;doge_random:1;btc_shuffle:1;paxg_shuffle:1;doge_shuffle:1;paxg_random:1;xrp_shuffle:1,tragende_rekopplung,1.0,tragende_rekopplung:60,weltuebergreifend_feldstabil,0.5040734908730159,0.17245339682539684,0.6867389311507937
dio_16l9,60,btc_random:1;xrp_random:1;paxg_random:1;doge_random:1;xrp_shuffle:1;btc_shuffle:1;doge_shuffle:1,tragende_rekopplung,1.0,tragende_rekopplung:60,weltuebergreifend_feldstabil,0.5143062439709217,0.14757043660797653,0.7024258541549954
dio_1kue,60,paxg_random:1;btc_random:1;xrp_random:1;doge_random:1;btc_shuffle:1;doge_shuffle:1;paxg_shuffle:1;xrp_shuffle:1,tragende_rekopplung,1.0,tragende_rekopplung:60,weltuebergreifend_feldstabil,0.4965134466346154,0.16535304927884614,0.6795332741586538
dio_0f8s,59,paxg_random:1;btc_random:1;xrp_random:1;doge_random:1,tragende_rekopplung,1.0,tragende_rekopplung:59,weltuebergreifend_feldstabil,0.4837509823232323,0.18286982702020202,0.6840022948232323
dio_0jt7,59,xrp_random:1;btc_random:1;doge_random:1;paxg_shuffle:1;doge_shuffle:1;btc_shuffle:1;xrp_shuffle:1;paxg_random:1,tragende_rekopplung,1.0,tragende_rekopplung:59,weltuebergreifend_feldstabil,0.5305720331168832,0.11258642502705628,0.7240088567911256
dio_11g7,59,xrp_random:1;doge_shuffle:1;doge_random:1;btc_random:1;btc_shuffle:1;xrp_shuffle:1;paxg_random:1;paxg_shuffle:1,tragende_rekopplung,1.0,tragende_rekopplung:59,weltuebergreifend_feldstabil,0.49700113380681815,0.17066680033143938,0.6799561695549242
dio_1udx,59,paxg_random:2;xrp_random:2;doge_random:2;btc_random:1;xrp_shuffle:1,tragende_rekopplung,0.9491525423728814,tragende_rekopplung:56;offene_rekopplung:3,weltuebergreifend_feldstabil,0.4459734407956933,0.20856657610294116,0.6518006407869398
dio_0v2o,58,xrp_random:2;doge_random:2;paxg_shuffle:2;btc_shuffle:2;paxg_random:1;xrp_shuffle:1;btc_random:1;doge_shuffle:1,tragende_rekopplung,0.9310344827586207,tragende_rekopplung:54;offene_rekopplung:4,weltuebergreifend_feldstabil,0.44050394538690474,0.2215477305059524,0.6489400918154762
dio_16i6,57,btc_random:3;xrp_random:3;doge_random:2;paxg_random:2;btc_shuffle:2;xrp_shuffle:1;doge_shuffle:1,offene_rekopplung,0.8070175438596491,offene_rekopplung:46;getragen_offen:6;spannungsnahe_oeffnung:4;tragende_rekopplung:1,weltuebergreifend_feldstabil,0.4179814382783883,0.2710089782967033,0.6078135308608058
dio_00sp,56,btc_random:2;paxg_random:1;doge_random:1;xrp_random:1,tragende_rekopplung,0.9821428571428571,tragende_rekopplung:55;offene_rekopplung:1,weltuebergreifend_feldstabil,0.47647103278388275,0.19876581822344322,0.675876293956044
dio_0wvk,56,btc_random:1;doge_random:1;paxg_random:1;paxg_shuffle:1;xrp_random:1;doge_shuffle:1;xrp_shuffle:1;btc_shuffle:1,tragende_rekopplung,1.0,tragende_rekopplung:56,weltuebergreifend_feldstabil,0.5055840208333333,0.15606220277777777,0.6963092958333333
dio_0xz6,56,paxg_random:1;doge_random:1;paxg_shuffle:1;btc_random:1;xrp_random:1;btc_shuffle:1;doge_shuffle:1;xrp_shuffle:1,tragende_rekopplung,1.0,tragende_rekopplung:56,weltuebergreifend_feldstabil,0.5138299499387255,0.1371961244397759,0.7091598318452381
dio_0rog,55,xrp_random:1;doge_random:1;btc_random:1;xrp_shuffle:1;paxg_shuffle:1;btc_shuffle:1;doge_shuffle:1;paxg_random:1,tragende_rekopplung,1.0,tragende_rekopplung:55,weltuebergreifend_feldstabil,0.47703595227272727,0.18696375890151515,0.6670912439393939
dio_18by,55,paxg_random:1;btc_random:1;xrp_shuffle:1;btc_shuffle:1;xrp_random:1;doge_random:1;paxg_shuffle:1;doge_shuffle:1,tragende_rekopplung,1.0,tragende_rekopplung:55,weltuebergreifend_feldstabil,0.5102018739583334,0.14970147767857145,0.6990971369047618
dio_0lqz,54,paxg_random:1;btc_random:1;doge_random:1;xrp_random:1,tragende_rekopplung,1.0,tragende_rekopplung:54,weltuebergreifend_feldstabil,0.45413069724025973,0.2080855892857143,0.6568859853896104
dio_06zw,53,xrp_random:2;btc_random:2;paxg_random:2;doge_random:2;doge_shuffle:2;paxg_shuffle:2;btc_shuffle:1;xrp_shuffle:1,offene_rekopplung,0.7924528301886793,offene_rekopplung:42;tragende_rekopplung:11,weltuebergreifend_feldoffen,0.4301925752289377,0.2449756353021978,0.6237645169871795
dio_13s0,53,paxg_random:1;xrp_random:1;btc_random:1;btc_shuffle:1;doge_random:1;paxg_shuffle:1;doge_shuffle:1;xrp_shuffle:1,tragende_rekopplung,1.0,tragende_rekopplung:53,weltuebergreifend_feldstabil,0.5247323338203463,0.11270127616341992,0.719434430573593
dio_14fv,53,paxg_random:2;doge_random:2;xrp_random:2;btc_random:2;btc_shuffle:2;xrp_shuffle:2;doge_shuffle:2;paxg_shuffle:2,tragende_rekopplung,0.8113207547169812,tragende_rekopplung:43;offene_rekopplung:10,weltuebergreifend_feldstabil,0.42681671302083335,0.22018210119047618,0.6410656841889881
dio_1tyd,53,doge_random:1;btc_random:1;xrp_random:1;paxg_random:1;xrp_shuffle:1;doge_shuffle:1;btc_shuffle:1,tragende_rekopplung,1.0,tragende_rekopplung:53,weltuebergreifend_feldstabil,0.5011028229437229,0.16042157243867244,0.6853309704184704
dio_0m49,52,doge_random:1;btc_random:1;paxg_random:1;xrp_random:1;doge_shuffle:1;xrp_shuffle:1;btc_shuffle:1;paxg_shuffle:1,tragende_rekopplung,1.0,tragende_rekopplung:52,weltuebergreifend_feldstabil,0.4691667032986111,0.17567451302083334,0.6734136279513889
dio_10yy,52,xrp_random:1;doge_random:1;paxg_random:1;btc_random:1;doge_shuffle:1;paxg_shuffle:1;xrp_shuffle:1,tragende_rekopplung,1.0,tragende_rekopplung:52,weltuebergreifend_feldstabil,0.5146710737060042,0.12728098385093167,0.7129257739130435
dio_031e,51,paxg_random:1;xrp_random:1;btc_random:1;btc_shuffle:1;doge_random:1;doge_shuffle:1;xrp_shuffle:1,tragende_rekopplung,1.0,tragende_rekopplung:51,weltuebergreifend_feldstabil,0.4993384892857143,0.16967159880952382,0.6802130714285715
dio_0gh3,51,paxg_random:1;doge_random:1;btc_random:1;xrp_random:1;btc_shuffle:1;doge_shuffle:1;paxg_shuffle:1,tragende_rekopplung,1.0,tragende_rekopplung:51,weltuebergreifend_feldstabil,0.47561871772709086,0.18331331476590637,0.6732008843337335
dio_19zk,51,btc_random:1;doge_random:1;xrp_random:1;paxg_random:1,tragende_rekopplung,1.0,tragende_rekopplung:51,weltuebergreifend_feldstabil,0.5214439464285714,0.156520509375,0.6981955058035715
dio_1izp,51,paxg_shuffle:2;xrp_random:1;btc_random:1;paxg_random:1;doge_random:1;btc_shuffle:1,tragende_rekopplung,0.9803921568627451,tragende_rekopplung:50;offene_rekopplung:1,weltuebergreifend_feldstabil,0.46683489451421595,0.19472100069771497,0.6673310296528868
dio_00cy,49,xrp_random:1;btc_random:1;doge_random:1;doge_shuffle:1;paxg_random:1;btc_shuffle:1;xrp_shuffle:1;paxg_shuffle:1,tragende_rekopplung,1.0,tragende_rekopplung:49,weltuebergreifend_feldstabil,0.5120804764705882,0.12712166213235293,0.7088674064338235
dio_0rlw,49,btc_random:1;doge_random:1;paxg_shuffle:1;btc_shuffle:1;xrp_random:1;xrp_shuffle:1;doge_shuffle:1,tragende_rekopplung,1.0,tragende_rekopplung:49,weltuebergreifend_feldstabil,0.48494201666666664,0.17116869920634922,0.6865481158730159
dio_0u24,49,paxg_random:1;btc_random:1;doge_random:1;xrp_random:1;paxg_shuffle:1;btc_shuffle:1,tragende_rekopplung,1.0,tragende_rekopplung:49,weltuebergreifend_feldstabil,0.5151688452380953,0.12760401587301587,0.7096568650793651
dio_0zq5,49,btc_shuffle:2;xrp_random:2;btc_random:2;doge_random:2;doge_shuffle:2;xrp_shuffle:2;paxg_random:2;paxg_shuffle:1,tragende_rekopplung,0.6122448979591837,tragende_rekopplung:30;offene_rekopplung:19,weltuebergreifend_feldoffen,0.4441360204761905,0.23275762095238095,0.6391761904761905
dio_1c38,49,btc_random:2;doge_random:1;xrp_random:1;paxg_random:1;btc_shuffle:1,tragende_rekopplung,0.9795918367346939,tragende_rekopplung:48;offene_rekopplung:1,weltuebergreifend_feldstabil,0.4668954729344729,0.20478757585470087,0.6646579707977208
dio_1h95,49,doge_shuffle:1;btc_shuffle:1;doge_random:1;xrp_random:1;btc_random:1;paxg_random:1;xrp_shuffle:1,tragende_rekopplung,1.0,tragende_rekopplung:49,weltuebergreifend_feldstabil,0.4896271613945578,0.19107394727891155,0.6707886283446712
dio_1oy8,49,xrp_random:1;btc_random:1;doge_random:1;paxg_random:1;doge_shuffle:1;btc_shuffle:1;xrp_shuffle:1;paxg_shuffle:1,tragende_rekopplung,1.0,tragende_rekopplung:49,weltuebergreifend_feldstabil,0.504970405145202,0.14790474283459595,0.6970908456123738
dio_05vd,48,doge_random:2;paxg_random:2;btc_random:2;xrp_random:2;doge_shuffle:1;paxg_shuffle:1,tragende_rekopplung,0.8541666666666666,tragende_rekopplung:41;offene_rekopplung:7,weltuebergreifend_feldstabil,0.4326368242424242,0.23038198573232324,0.6388285858585858
dio_1hq9,48,btc_shuffle:2;doge_random:1;xrp_random:1;btc_random:1;paxg_random:1;paxg_shuffle:1;doge_shuffle:1;xrp_shuffle:1,tragende_rekopplung,0.9791666666666666,tragende_rekopplung:47;offene_rekopplung:1,weltuebergreifend_feldstabil,0.4626543327721661,0.20421273905723905,0.6521239696969697
dio_1q8v,48,paxg_random:1;btc_random:1;doge_random:1;xrp_random:1;doge_shuffle:1;btc_shuffle:1;xrp_shuffle:1;paxg_shuffle:1,tragende_rekopplung,1.0,tragende_rekopplung:48,weltuebergreifend_feldstabil,0.4875727160218254,0.17714736125992064,0.6796397316468255
dio_1ejq,47,paxg_random:1;xrp_random:1;btc_random:1;paxg_shuffle:1;xrp_shuffle:1;btc_shuffle:1;doge_shuffle:1;doge_random:1,tragende_rekopplung,1.0,tragende_rekopplung:47,weltuebergreifend_feldstabil,0.47609595416666667,0.18310360104166667,0.675040096875
dio_19g0,46,xrp_random:1;doge_random:1;paxg_random:1;btc_random:1;btc_shuffle:1;paxg_shuffle:1;xrp_shuffle:1;doge_shuffle:1,tragende_rekopplung,1.0,tragende_rekopplung:46,weltuebergreifend_feldstabil,0.48253609375,0.17595270833333335,0.6748893333333333
dio_0seb,45,xrp_random:3;btc_shuffle:2;doge_shuffle:2;btc_random:1;xrp_shuffle:1;paxg_random:1;doge_random:1;paxg_shuffle:1,offene_rekopplung,0.9111111111111111,offene_rekopplung:41;tragende_rekopplung:3;getragen_offen:1,weltuebergreifend_feldstabil,0.43148192876984126,0.25513605,0.6187596672619048
dio_1j1f,45,doge_random:1;btc_random:1;paxg_random:1;xrp_random:1;xrp_shuffle:1;btc_shuffle:1,tragende_rekopplung,1.0,tragende_rekopplung:45,weltuebergreifend_feldstabil,0.48031282870370373,0.18042185912698414,0.6678428082010581
dio_1okj,45,xrp_random:2;doge_random:2;paxg_random:2;btc_random:2;paxg_shuffle:2;btc_shuffle:1;doge_shuffle:1;xrp_shuffle:1,tragende_rekopplung,0.7777777777777778,tragende_rekopplung:35;offene_rekopplung:10,weltuebergreifend_feldoffen,0.436880106990232,0.22608722802197803,0.6401668192918193
dio_0lr0,44,xrp_random:1;doge_random:1;btc_random:1;paxg_random:1;xrp_shuffle:1;btc_shuffle:1,tragende_rekopplung,1.0,tragende_rekopplung:44,weltuebergreifend_feldstabil,0.4900884325951826,0.1751711084887335,0.674982576987827
dio_0raa,44,btc_shuffle:2;xrp_shuffle:2;doge_shuffle:2;paxg_random:2;btc_random:2;doge_random:2;paxg_shuffle:2;xrp_random:1,offene_rekopplung,0.6818181818181818,offene_rekopplung:30;tragende_rekopplung:14,weltuebergreifend_feldoffen,0.4298329813131313,0.24791447060606062,0.6248581664646464
dio_0una,44,doge_shuffle:2;xrp_shuffle:2;btc_shuffle:1;xrp_random:1;doge_random:1;btc_random:1;paxg_random:1;paxg_shuffle:1,offene_rekopplung,0.9545454545454546,offene_rekopplung:42;spannungsnahe_oeffnung:1;tragende_rekopplung:1,weltuebergreifend_feldstabil,0.41643017595238097,0.2616604827380952,0.60929568
dio_1yhs,44,paxg_random:1;doge_random:1;btc_random:1;xrp_random:1;doge_shuffle:1;paxg_shuffle:1,tragende_rekopplung,1.0,tragende_rekopplung:44,weltuebergreifend_feldstabil,0.4735852632783883,0.18218416336996338,0.6738255736263736
dio_0949,43,doge_random:1;paxg_shuffle:1;btc_random:1;xrp_random:1;paxg_random:1;doge_shuffle:1;xrp_shuffle:1,tragende_rekopplung,1.0,tragende_rekopplung:43,weltuebergreifend_feldstabil,0.5116161950113378,0.13847575283446711,0.7075463149092971
dio_0qup,43,btc_random:1;paxg_random:1;xrp_random:1;doge_random:1;btc_shuffle:1;xrp_shuffle:1,tragende_rekopplung,1.0,tragende_rekopplung:43,weltuebergreifend_feldstabil,0.5090243462962963,0.13390138015873015,0.7065871235449735
dio_05lz,42,btc_random:1;doge_random:1;btc_shuffle:1;paxg_random:1;doge_shuffle:1;xrp_shuffle:1;paxg_shuffle:1;xrp_random:1,tragende_rekopplung,1.0,tragende_rekopplung:42,weltuebergreifend_feldstabil,0.5020684851190476,0.14461206904761906,0.7037598241071429
dio_083d,42,doge_random:2;btc_random:1;xrp_random:1;paxg_random:1;paxg_shuffle:1,tragende_rekopplung,0.9761904761904762,tragende_rekopplung:41;offene_rekopplung:1,weltuebergreifend_feldstabil,0.45767871666666665,0.20593872037037037,0.6495680666666667
dio_0v22,42,paxg_random:1;btc_random:1;xrp_random:1;doge_random:1;xrp_shuffle:1;doge_shuffle:1,tragende_rekopplung,1.0,tragende_rekopplung:42,weltuebergreifend_feldstabil,0.4894723541666667,0.1658285972222222,0.6887346041666667
dio_15ux,42,paxg_random:1;btc_random:1;doge_random:1;paxg_shuffle:1;xrp_random:1;btc_shuffle:1;doge_shuffle:1;xrp_shuffle:1,tragende_rekopplung,1.0,tragende_rekopplung:42,weltuebergreifend_feldstabil,0.4651438593253968,0.17598865317460316,0.677194038095238
dio_033x,41,doge_shuffle:2;btc_random:2;doge_random:2;xrp_shuffle:2;xrp_random:2;btc_shuffle:2;paxg_random:2;paxg_shuffle:1,tragende_rekopplung,0.5609756097560976,tragende_rekopplung:23;offene_rekopplung:18,weltuebergreifend_feldoffen,0.43828312444444445,0.24033998666666667,0.62449263
dio_0dli,41,paxg_random:1;btc_random:1;doge_random:1;paxg_shuffle:1;xrp_random:1,tragende_rekopplung,1.0,tragende_rekopplung:41,weltuebergreifend_feldstabil,0.48950877846153845,0.16394214538461538,0.6921288823076923
dio_0lg0,40,btc_random:2;xrp_random:2;btc_shuffle:2;paxg_random:2;xrp_shuffle:2;doge_random:1;doge_shuffle:1,tragende_rekopplung,0.875,tragende_rekopplung:35;offene_rekopplung:5,weltuebergreifend_feldstabil,0.442760780982906,0.218526983974359,0.6381374861111111
dio_0txd,40,xrp_random:2;btc_random:2;paxg_random:1;doge_random:1,tragende_rekopplung,0.95,tragende_rekopplung:38;offene_rekopplung:2,weltuebergreifend_feldstabil,0.4613484435185185,0.19576182777777779,0.6772154217592592
dio_0zac,40,xrp_random:2;btc_random:2;paxg_random:2;doge_random:1,offene_rekopplung,0.925,offene_rekopplung:37;tragende_rekopplung:2;spannungsnahe_oeffnung:1,weltuebergreifend_feldstabil,0.4231857857142857,0.25762363095238094,0.6216165059523809
dio_10a7,40,btc_random:2;paxg_shuffle:2;doge_random:1;xrp_random:1;doge_shuffle:1;btc_shuffle:1;paxg_random:1,tragende_rekopplung,0.95,tragende_rekopplung:38;offene_rekopplung:2,weltuebergreifend_feldstabil,0.43736708287037035,0.21165759675925927,0.6448884768518518
dio_1sgm,40,btc_shuffle:1;xrp_random:1;btc_random:1;doge_random:1;doge_shuffle:1;xrp_shuffle:1;paxg_random:1,tragende_rekopplung,1.0,tragende_rekopplung:40,weltuebergreifend_feldstabil,0.48300879047619044,0.18136222925170067,0.6750006190476191
dio_092o,39,btc_random:1;doge_random:1;xrp_random:1;btc_shuffle:1;xrp_shuffle:1;paxg_random:1;doge_shuffle:1,tragende_rekopplung,1.0,tragende_rekopplung:39,weltuebergreifend_feldstabil,0.47162729761904765,0.19364650714285714,0.6605916726190476
dio_0idr,39,paxg_random:2;btc_random:2;xrp_random:2;paxg_shuffle:2;doge_shuffle:2;xrp_shuffle:2;doge_random:1;btc_shuffle:1,offene_rekopplung,0.6153846153846154,offene_rekopplung:24;tragende_rekopplung:15,weltuebergreifend_feldoffen,0.42346147789115646,0.2467672355442177,0.6220958511904762
dio_0x7g,39,btc_random:2;paxg_random:2;xrp_random:2;doge_random:2;xrp_shuffle:2;btc_shuffle:1;doge_shuffle:1;paxg_shuffle:1,tragende_rekopplung,0.6923076923076923,tragende_rekopplung:27;offene_rekopplung:12,weltuebergreifend_feldoffen,0.4287846747252747,0.23598935384615385,0.6339616673992674
dio_047z,38,xrp_random:2;btc_random:2;doge_shuffle:2;paxg_shuffle:2;doge_random:1;btc_shuffle:1;paxg_random:1;xrp_shuffle:1,offene_rekopplung,0.8947368421052632,offene_rekopplung:34;tragende_rekopplung:4,weltuebergreifend_feldstabil,0.42770743196248195,0.24787744471500722,0.6194823593434343
dio_0dsl,38,xrp_random:1;doge_random:1;btc_random:1;paxg_random:1;xrp_shuffle:1,tragende_rekopplung,1.0,tragende_rekopplung:38,weltuebergreifend_feldstabil,0.5065122606837607,0.13960495256410257,0.6989015068376069
dio_0if9,38,doge_random:1;btc_random:1;xrp_random:1;paxg_random:1;btc_shuffle:1;doge_shuffle:1,tragende_rekopplung,1.0,tragende_rekopplung:38,weltuebergreifend_feldstabil,0.48099503386243386,0.16776503756613756,0.6773432841269842
dio_1rg9,38,xrp_random:1;btc_random:1;doge_random:1;paxg_random:1,tragende_rekopplung,1.0,tragende_rekopplung:38,weltuebergreifend_feldstabil,0.5320471597222223,0.1310674861111111,0.7157487638888889
dio_1w2r,38,xrp_random:2;btc_random:2;doge_random:2;paxg_random:2;btc_shuffle:1;doge_shuffle:1,tragende_rekopplung,0.7368421052631579,tragende_rekopplung:28;offene_rekopplung:10,weltuebergreifend_feldoffen,0.43085490476190474,0.23903918333333332,0.6312182293650793
dio_0mpw,37,btc_random:1;xrp_shuffle:1;btc_shuffle:1;xrp_random:1;doge_random:1;doge_shuffle:1,tragende_rekopplung,1.0,tragende_rekopplung:37,weltuebergreifend_feldstabil,0.5127946741402116,0.12898160522486773,0.7122618148148148
dio_15rn,37,paxg_random:1;doge_random:1;xrp_random:1;btc_random:1,tragende_rekopplung,1.0,tragende_rekopplung:37,weltuebergreifend_feldstabil,0.47150326413043475,0.1910548195652174,0.6746221815217391
dio_1hyw,37,paxg_random:1;paxg_shuffle:1;doge_random:1;xrp_shuffle:1;btc_shuffle:1;doge_shuffle:1;xrp_random:1,tragende_rekopplung,1.0,tragende_rekopplung:37,weltuebergreifend_feldstabil,0.49981717863247865,0.14320679890109891,0.7050870184371184
dio_09rg,36,doge_shuffle:1;doge_random:1;btc_random:1;btc_shuffle:1;paxg_random:1;xrp_random:1;paxg_shuffle:1;xrp_shuffle:1,tragende_rekopplung,1.0,tragende_rekopplung:36,weltuebergreifend_feldstabil,0.4732675232142857,0.178636628125,0.6701753700892857
dio_0hg1,35,paxg_random:1;btc_random:1;doge_random:1;xrp_random:1;paxg_shuffle:1,tragende_rekopplung,1.0,tragende_rekopplung:35,weltuebergreifend_feldstabil,0.4733254189473684,0.18387230666666665,0.6771151843859649
dio_11at,35,xrp_random:2;btc_random:2;doge_random:1;xrp_shuffle:1;paxg_random:1;btc_shuffle:1,tragende_rekopplung,0.9428571428571428,tragende_rekopplung:33;offene_rekopplung:2,weltuebergreifend_feldstabil,0.4515923875,0.2043074678030303,0.6434623522727273
dio_1f23,35,xrp_random:1;btc_random:1;doge_random:1;paxg_random:1;paxg_shuffle:1;doge_shuffle:1;xrp_shuffle:1;btc_shuffle:1,tragende_rekopplung,1.0,tragende_rekopplung:35,weltuebergreifend_feldstabil,0.4799550604166667,0.17060928125,0.68024083125
dio_1swb,34,btc_shuffle:1;btc_random:1;doge_random:1;doge_shuffle:1;xrp_random:1;xrp_shuffle:1;paxg_random:1;paxg_shuffle:1,tragende_rekopplung,1.0,tragende_rekopplung:34,weltuebergreifend_feldstabil,0.4817327,0.17268008333333335,0.6761501354166667
dio_11it,33,xrp_random:1;doge_random:1;btc_random:1;paxg_random:1;xrp_shuffle:1;btc_shuffle:1;doge_shuffle:1,tragende_rekopplung,1.0,tragende_rekopplung:33,weltuebergreifend_feldstabil,0.48279439523809525,0.17221386428571428,0.6789584238095239
dio_1915,33,xrp_random:1;doge_random:1;btc_random:1;paxg_random:1;doge_shuffle:1;xrp_shuffle:1;paxg_shuffle:1,tragende_rekopplung,1.0,tragende_rekopplung:33,weltuebergreifend_feldstabil,0.46366461982065554,0.1968090231910946,0.6567920018552875
dio_1hyc,32,xrp_random:1;doge_random:1;btc_random:1;paxg_random:1;xrp_shuffle:1,tragende_rekopplung,1.0,tragende_rekopplung:32,weltuebergreifend_feldstabil,0.47458856031746033,0.19273233714285715,0.6574577085714286
dio_1t9l,32,btc_random:1;xrp_shuffle:1;btc_shuffle:1;doge_shuffle:1;paxg_shuffle:1;doge_random:1;paxg_random:1;xrp_random:1,tragende_rekopplung,1.0,tragende_rekopplung:32,weltuebergreifend_feldstabil,0.45109254791666664,0.20868703541666667,0.6477620937499999
dio_00hc,31,xrp_random:4;btc_random:3;paxg_random:3;doge_random:3,getragen_offen,0.5483870967741935,getragen_offen:17;offene_rekopplung:8;offener_feldkontakt:3;spannungsnahe_oeffnung:3,weltuebergreifend_feldoffen,0.40118153496503495,0.2855093951048951,0.6001614265734265
dio_104d,30,paxg_random:2;xrp_random:2;doge_random:2;btc_random:1;doge_shuffle:1;btc_shuffle:1,tragende_rekopplung,0.9,tragende_rekopplung:27;offene_rekopplung:3,weltuebergreifend_feldstabil,0.4376231913580247,0.21424412345679011,0.6412393209876543
dio_137l,30,doge_random:1;paxg_random:1;xrp_random:1;btc_random:1;btc_shuffle:1;xrp_shuffle:1;doge_shuffle:1,tragende_rekopplung,1.0,tragende_rekopplung:30,weltuebergreifend_feldstabil,0.46957404807256237,0.17466522029478457,0.6632782506802721
dio_04si,29,btc_random:2;doge_random:1;xrp_random:1;btc_shuffle:1;paxg_random:1,tragende_rekopplung,0.9655172413793104,tragende_rekopplung:28;offene_rekopplung:1,weltuebergreifend_feldstabil,0.4492734125,0.214724625,0.6387322958333334
dio_11z2,29,xrp_random:1;doge_random:1;paxg_random:1;btc_random:1;btc_shuffle:1;doge_shuffle:1;paxg_shuffle:1;xrp_shuffle:1,tragende_rekopplung,1.0,tragende_rekopplung:29,weltuebergreifend_feldstabil,0.47510609583333335,0.16054822708333333,0.6734658635416667
dio_19v1,29,xrp_random:3;doge_random:3;btc_random:2;doge_shuffle:2;paxg_random:2,offene_rekopplung,0.5517241379310345,offene_rekopplung:16;getragen_offen:8;spannungsnahe_oeffnung:5,weltuebergreifend_feldoffen,0.4074899563492064,0.2831066021825397,0.5975879345238095
dio_1le1,29,doge_random:1;paxg_random:1;paxg_shuffle:1;xrp_random:1;btc_random:1;doge_shuffle:1;xrp_shuffle:1;btc_shuffle:1,tragende_rekopplung,1.0,tragende_rekopplung:29,weltuebergreifend_feldstabil,0.505771828125,0.114126671875,0.71207990625
dio_04tr,28,btc_shuffle:1;doge_random:1;xrp_random:1;doge_shuffle:1;xrp_shuffle:1;btc_random:1,tragende_rekopplung,1.0,tragende_rekopplung:28,weltuebergreifend_feldstabil,0.46393907638888887,0.19543222222222223,0.6521045569444444
dio_0bzn,28,paxg_random:1;btc_random:1;xrp_random:1;doge_random:1,tragende_rekopplung,1.0,tragende_rekopplung:28,weltuebergreifend_feldstabil,0.46831290384615387,0.1943365326923077,0.6778131269230769
dio_0zvt,28,doge_random:1;btc_random:1;xrp_random:1;paxg_random:1;paxg_shuffle:1;xrp_shuffle:1,tragende_rekopplung,1.0,tragende_rekopplung:28,weltuebergreifend_feldstabil,0.499478958994709,0.1359300925925926,0.701632417989418
dio_16sk,28,btc_random:1;doge_random:1;paxg_random:1;paxg_shuffle:1;doge_shuffle:1;btc_shuffle:1;xrp_random:1,tragende_rekopplung,1.0,tragende_rekopplung:28,weltuebergreifend_feldstabil,0.4687000051020408,0.1758645425170068,0.6681529597505669
dio_01qc,27,btc_random:1;doge_random:1;xrp_random:1;paxg_random:1,tragende_rekopplung,1.0,tragende_rekopplung:27,weltuebergreifend_feldstabil,0.4940208075396826,0.15710383134920636,0.685698253968254
dio_03za,27,xrp_random:1;btc_random:1;xrp_shuffle:1;doge_random:1;doge_shuffle:1;paxg_random:1;btc_shuffle:1,tragende_rekopplung,1.0,tragende_rekopplung:27,weltuebergreifend_feldstabil,0.4647816285714286,0.19242668214285716,0.6549932857142857
dio_0pox,27,paxg_random:1;xrp_shuffle:1;btc_random:1;doge_random:1;xrp_random:1;doge_shuffle:1;btc_shuffle:1,tragende_rekopplung,1.0,tragende_rekopplung:27,weltuebergreifend_feldstabil,0.46934164523809524,0.18160267142857142,0.6620798690476191
dio_0sws,27,xrp_random:2;doge_shuffle:2;xrp_shuffle:2;btc_shuffle:2;doge_random:2;paxg_random:2;btc_random:1;paxg_shuffle:1,tragende_rekopplung,0.7407407407407407,tragende_rekopplung:20;offene_rekopplung:7,weltuebergreifend_feldoffen,0.4303032976190476,0.22479561904761905,0.630357619047619
dio_1ld4,27,btc_random:1;doge_random:1;xrp_random:1;xrp_shuffle:1;doge_shuffle:1;paxg_shuffle:1,tragende_rekopplung,1.0,tragende_rekopplung:27,weltuebergreifend_feldstabil,0.4684265763888889,0.17171269444444445,0.6769717777777777
dio_1tic,27,btc_random:1;xrp_random:1;xrp_shuffle:1;btc_shuffle:1;doge_random:1;doge_shuffle:1,tragende_rekopplung,1.0,tragende_rekopplung:27,weltuebergreifend_feldstabil,0.4646207817460318,0.19087762671957673,0.6613904021164021
dio_0wio,26,btc_random:1;paxg_random:1;doge_random:1;xrp_random:1;xrp_shuffle:1;btc_shuffle:1;doge_shuffle:1,tragende_rekopplung,1.0,tragende_rekopplung:26,weltuebergreifend_feldstabil,0.49766688095238093,0.13082223333333334,0.7014501619047618
dio_17j2,26,paxg_random:1;btc_random:1;paxg_shuffle:1;btc_shuffle:1;doge_random:1;xrp_random:1;doge_shuffle:1,tragende_rekopplung,1.0,tragende_rekopplung:26,weltuebergreifend_feldstabil,0.4906237802197802,0.13842979304029304,0.698776119047619
dio_1bmy,26,doge_random:2;xrp_random:2;paxg_random:2;btc_shuffle:2;btc_random:2;xrp_shuffle:2,tragende_rekopplung,0.6153846153846154,tragende_rekopplung:16;offene_rekopplung:10,weltuebergreifend_feldoffen,0.4238098513888889,0.24045899444444446,0.6268824402777777
dio_1foq,26,doge_random:1;paxg_random:1;btc_shuffle:1;btc_random:1;xrp_random:1;doge_shuffle:1,tragende_rekopplung,1.0,tragende_rekopplung:26,weltuebergreifend_feldstabil,0.48330002182539683,0.16207864087301588,0.6762432222222222
dio_0q28,25,doge_random:1;btc_random:1;xrp_random:1;paxg_random:1;xrp_shuffle:1,tragende_rekopplung,1.0,tragende_rekopplung:25,weltuebergreifend_feldstabil,0.46625105499999997,0.19367335666666669,0.6608822
dio_13l3,25,paxg_random:2;btc_random:2;doge_random:2;btc_shuffle:1;xrp_random:1,tragende_rekopplung,0.64,tragende_rekopplung:16;offene_rekopplung:9,weltuebergreifend_feldoffen,0.41634789375000003,0.2334036375,0.6304943000000001
dio_1liv,25,paxg_random:1;xrp_random:1;paxg_shuffle:1;btc_random:1;btc_shuffle:1;doge_random:1;xrp_shuffle:1;doge_shuffle:1,tragende_rekopplung,1.0,tragende_rekopplung:25,weltuebergreifend_feldstabil,0.4711830895833333,0.177022525,0.6710946020833334
dio_09yl,24,paxg_random:2;xrp_random:2;paxg_shuffle:2;btc_random:2;doge_random:2;doge_shuffle:1,tragende_rekopplung,0.75,tragende_rekopplung:18;offene_rekopplung:6,weltuebergreifend_feldoffen,0.4126228746556474,0.2323631611570248,0.631954329201102
dio_1c9k,24,btc_shuffle:1;btc_random:1;doge_shuffle:1;doge_random:1;paxg_random:1;paxg_shuffle:1;xrp_random:1;xrp_shuffle:1,tragende_rekopplung,1.0,tragende_rekopplung:24,weltuebergreifend_feldstabil,0.46558321874999997,0.17190540625,0.6740863541666666
dio_1fxb,24,paxg_random:1;doge_random:1;xrp_random:1;paxg_shuffle:1;btc_random:1;btc_shuffle:1;doge_shuffle:1;xrp_shuffle:1,tragende_rekopplung,1.0,tragende_rekopplung:24,weltuebergreifend_feldstabil,0.4685849813988095,0.15576737127976192,0.6882836941964285
dio_1of5,24,btc_random:2;xrp_random:2;doge_random:2;doge_shuffle:1,tragende_rekopplung,0.7916666666666666,tragende_rekopplung:19;offene_rekopplung:5,weltuebergreifend_feldoffen,0.42059702244897956,0.2359274693877551,0.6327287693877551
dio_00x9,23,paxg_random:1;paxg_shuffle:1;xrp_shuffle:1;doge_random:1;xrp_random:1;btc_random:1;doge_shuffle:1;btc_shuffle:1,tragende_rekopplung,1.0,tragende_rekopplung:23,weltuebergreifend_feldstabil,0.4706680208333333,0.1737386875,0.67359215625
dio_03og,23,doge_random:2;btc_random:2;xrp_random:2;paxg_random:1;xrp_shuffle:1,tragende_rekopplung,0.7391304347826086,tragende_rekopplung:17;offene_rekopplung:6,weltuebergreifend_feldoffen,0.43037298958333337,0.232373953125,0.6238588333333334
dio_06cv,23,btc_random:2;doge_random:2;xrp_random:2;paxg_random:2;xrp_shuffle:2,tragende_rekopplung,0.782608695652174,tragende_rekopplung:18;offene_rekopplung:5,weltuebergreifend_feldoffen,0.42997729583333333,0.22737929583333333,0.623831735
dio_07pc,23,btc_shuffle:1;btc_random:1;xrp_shuffle:1;doge_random:1;doge_shuffle:1;xrp_random:1;paxg_random:1,tragende_rekopplung,1.0,tragende_rekopplung:23,weltuebergreifend_feldstabil,0.4557665833333333,0.19692160714285714,0.6570754095238095
dio_0kmz,23,xrp_random:1;btc_random:1;paxg_random:1;doge_random:1,tragende_rekopplung,1.0,tragende_rekopplung:23,weltuebergreifend_feldstabil,0.49324965476190474,0.15742065873015873,0.6856263859126984
dio_1c85,23,doge_random:1;btc_random:1;xrp_random:1;paxg_random:1,tragende_rekopplung,1.0,tragende_rekopplung:23,weltuebergreifend_feldstabil,0.5023240669642857,0.14078504136904763,0.7008512443452382
dio_1f41,23,btc_random:2;btc_shuffle:1;xrp_random:1;doge_random:1;xrp_shuffle:1;doge_shuffle:1;paxg_random:1,tragende_rekopplung,0.9565217391304348,tragende_rekopplung:22;offene_rekopplung:1,weltuebergreifend_feldstabil,0.4422375,0.21636202083333334,0.6459652604166667
dio_1id7,23,doge_random:1;doge_shuffle:1;btc_shuffle:1;xrp_shuffle:1;xrp_random:1;btc_random:1;paxg_shuffle:1,tragende_rekopplung,1.0,tragende_rekopplung:23,weltuebergreifend_feldstabil,0.4608151369047619,0.19246170952380953,0.6579674428571428
dio_1mlu,23,doge_random:2;btc_random:2;xrp_random:2;paxg_random:2;doge_shuffle:1;btc_shuffle:1;paxg_shuffle:1,tragende_rekopplung,0.8260869565217391,tragende_rekopplung:19;offene_rekopplung:4,weltuebergreifend_feldstabil,0.430591632034632,0.21151905303030302,0.6559074664502165
dio_1nqd,23,xrp_random:1;btc_random:1;doge_random:1;xrp_shuffle:1;btc_shuffle:1,tragende_rekopplung,1.0,tragende_rekopplung:23,weltuebergreifend_feldstabil,0.4549662266666667,0.20580878666666666,0.6502822
dio_1xwq,23,btc_shuffle:2;doge_shuffle:2;xrp_random:2;doge_random:2;xrp_shuffle:2;btc_random:1;paxg_random:1,tragende_rekopplung,0.6956521739130435,tragende_rekopplung:16;offene_rekopplung:7,weltuebergreifend_feldoffen,0.431065375,0.2357229888888889,0.6288369291666667
dio_0i80,22,doge_random:1;btc_random:1;xrp_random:1;paxg_random:1,tragende_rekopplung,1.0,tragende_rekopplung:22,weltuebergreifend_feldstabil,0.49483670625,0.1602164375,0.6868486125
dio_0lbk,22,doge_random:1;xrp_random:1;paxg_random:1;btc_random:1;paxg_shuffle:1;xrp_shuffle:1,tragende_rekopplung,1.0,tragende_rekopplung:22,weltuebergreifend_feldstabil,0.47297284523809524,0.1605115134920635,0.675648530952381
dio_0ygv,22,btc_shuffle:2;xrp_random:2;btc_random:2;paxg_random:2;doge_random:2;doge_shuffle:2;paxg_shuffle:1;xrp_shuffle:1,tragende_rekopplung,0.5909090909090909,tragende_rekopplung:13;offene_rekopplung:9,weltuebergreifend_feldoffen,0.42297144642857143,0.23441858333333332,0.6338085297619047
dio_0z18,22,xrp_shuffle:1;btc_random:1;btc_shuffle:1;doge_random:1;doge_shuffle:1;paxg_random:1;paxg_shuffle:1;xrp_random:1,tragende_rekopplung,1.0,tragende_rekopplung:22,weltuebergreifend_feldstabil,0.46479334166666664,0.16815379583333334,0.6667954416666667
dio_13df,22,xrp_random:1;doge_random:1;btc_shuffle:1;btc_random:1;doge_shuffle:1;xrp_shuffle:1,tragende_rekopplung,1.0,tragende_rekopplung:22,weltuebergreifend_feldstabil,0.49785413888888885,0.12661970833333333,0.7066090833333333
dio_1l99,22,doge_random:1;btc_random:1;paxg_random:1;xrp_random:1,tragende_rekopplung,1.0,tragende_rekopplung:22,weltuebergreifend_feldstabil,0.482567375,0.1599666875,0.679748875
dio_065r,21,btc_random:2;btc_shuffle:2;doge_shuffle:2;xrp_shuffle:2;xrp_random:1;doge_random:1,tragende_rekopplung,0.7619047619047619,tragende_rekopplung:16;offene_rekopplung:5,weltuebergreifend_feldoffen,0.43125735833333334,0.227627875,0.6277133583333333
dio_1fyl,21,btc_random:1;paxg_random:1;doge_random:1;btc_shuffle:1;xrp_random:1;xrp_shuffle:1;paxg_shuffle:1,tragende_rekopplung,1.0,tragende_rekopplung:21,weltuebergreifend_feldstabil,0.4537928452380952,0.18516361734693879,0.6635692040816327
dio_1hbv,21,btc_shuffle:1;doge_shuffle:1;xrp_shuffle:1;btc_random:1;doge_random:1;paxg_random:1;xrp_random:1,tragende_rekopplung,1.0,tragende_rekopplung:21,weltuebergreifend_feldstabil,0.4472386857142857,0.19997528571428572,0.6511390238095238
dio_1l7p,21,doge_random:2;xrp_random:1;paxg_random:1;btc_random:1;btc_shuffle:1;doge_shuffle:1,tragende_rekopplung,0.9047619047619048,tragende_rekopplung:19;offene_rekopplung:2,weltuebergreifend_feldstabil,0.4331940873015873,0.21490025,0.6386207936507936
dio_1n80,21,xrp_random:1;btc_random:1;doge_random:1;paxg_random:1;xrp_shuffle:1,tragende_rekopplung,1.0,tragende_rekopplung:21,weltuebergreifend_feldstabil,0.49182748000000004,0.14618029142857145,0.6919208228571428
dio_1p59,21,paxg_shuffle:1;doge_random:1;xrp_random:1;btc_random:1;doge_shuffle:1;xrp_shuffle:1,tragende_rekopplung,1.0,tragende_rekopplung:21,weltuebergreifend_feldstabil,0.4517400714285714,0.17096591666666666,0.6696004523809524
dio_1w73,21,btc_random:2;xrp_random:1;doge_random:1;paxg_random:1,offene_rekopplung,0.9523809523809523,offene_rekopplung:20;spannungsnahe_oeffnung:1,weltuebergreifend_feldstabil,0.40566096785714284,0.26541104285714284,0.6137199821428572
dio_0rwk,20,paxg_random:1;xrp_random:1;doge_random:1;btc_random:1;paxg_shuffle:1,tragende_rekopplung,1.0,tragende_rekopplung:20,weltuebergreifend_feldstabil,0.5009405666666666,0.12676805238095237,0.7068766571428572
dio_1dln,20,paxg_random:2;btc_random:2;paxg_shuffle:1;xrp_random:1,tragende_rekopplung,0.8,tragende_rekopplung:16;offene_rekopplung:4,weltuebergreifend_feldstabil,0.4122142818181818,0.22987325757575758,0.6311440212121212
dio_1eru,20,xrp_random:3;doge_random:2;btc_random:2;paxg_random:1,offene_rekopplung,0.75,offene_rekopplung:15;getragen_offen:3;spannungsnahe_oeffnung:2,weltuebergreifend_feldoffen,0.397609375,0.27677692708333335,0.6017058125
dio_1hw4,20,doge_random:1;btc_random:1;xrp_random:1;paxg_random:1,tragende_rekopplung,1.0,tragende_rekopplung:20,weltuebergreifend_feldstabil,0.48492240277777776,0.15028840972222224,0.6846481111111111
dio_058t,19,xrp_random:2;doge_random:2;btc_random:2,tragende_rekopplung,0.8421052631578947,tragende_rekopplung:16;offene_rekopplung:3,weltuebergreifend_feldstabil,0.43541589583333334,0.2201444375,0.6373568402777778
dio_08uj,19,paxg_random:2;doge_random:2;btc_random:2,tragende_rekopplung,0.8421052631578947,tragende_rekopplung:16;offene_rekopplung:3,weltuebergreifend_feldstabil,0.4220892115384615,0.22165991025641027,0.6426114102564102
dio_15qu,19,paxg_random:2;btc_random:1,offene_rekopplung,0.7894736842105263,offene_rekopplung:15;getragen_offen:3;spannungsnahe_oeffnung:1,weltuebergreifend_feldoffen,0.4268661111111111,0.27784964444444443,0.6181037555555555
dio_1l8i,19,btc_random:1;xrp_random:1;paxg_random:1;doge_random:1;xrp_shuffle:1,tragende_rekopplung,1.0,tragende_rekopplung:19,weltuebergreifend_feldstabil,0.47920345142857146,0.15775587428571428,0.6794421847619048
dio_1o3j,19,paxg_random:1;paxg_shuffle:1;btc_random:1;doge_random:1;xrp_shuffle:1;btc_shuffle:1,tragende_rekopplung,1.0,tragende_rekopplung:19,weltuebergreifend_feldstabil,0.48062683333333334,0.15291508333333334,0.6845607083333334
dio_1pol,19,xrp_random:2;doge_random:2;paxg_random:2;btc_random:2;btc_shuffle:1,tragende_rekopplung,0.631578947368421,tragende_rekopplung:12;offene_rekopplung:7,weltuebergreifend_feldoffen,0.42065538888888887,0.23577344444444445,0.6364222777777777
dio_1v3j,19,doge_random:1;btc_random:1;xrp_random:1;doge_shuffle:1;paxg_random:1;xrp_shuffle:1,tragende_rekopplung,1.0,tragende_rekopplung:19,weltuebergreifend_feldstabil,0.46625012222222223,0.1741108388888889,0.6739537916666667
dio_0dck,18,xrp_random:1;doge_random:1;paxg_random:1;xrp_shuffle:1;doge_shuffle:1,tragende_rekopplung,1.0,tragende_rekopplung:18,weltuebergreifend_feldstabil,0.4537669142857143,0.19641827857142857,0.6536882285714285
dio_0kuz,18,btc_random:2;doge_shuffle:2;paxg_random:2;xrp_random:2;xrp_shuffle:2;btc_shuffle:1;doge_random:1,tragende_rekopplung,0.6111111111111112,tragende_rekopplung:11;offene_rekopplung:7,weltuebergreifend_feldoffen,0.41858518055555555,0.2332732638888889,0.6244135138888889
dio_0zbu,18,xrp_shuffle:1;doge_random:1;xrp_random:1;btc_shuffle:1;paxg_random:1;paxg_shuffle:1;btc_random:1;doge_shuffle:1,tragende_rekopplung,1.0,tragende_rekopplung:18,weltuebergreifend_feldstabil,0.4404615104166667,0.19275272916666666,0.65342215625
dio_1ae9,18,btc_random:2;xrp_shuffle:2;xrp_random:2;doge_shuffle:2;doge_random:1;paxg_random:1,tragende_rekopplung,0.7777777777777778,tragende_rekopplung:14;offene_rekopplung:4,weltuebergreifend_feldoffen,0.42717915833333336,0.22409744166666667,0.6340273166666667
dio_1p7l,18,xrp_random:1;paxg_random:1;doge_random:1;btc_random:1;btc_shuffle:1;paxg_shuffle:1,tragende_rekopplung,1.0,tragende_rekopplung:18,weltuebergreifend_feldstabil,0.49845964722222225,0.1244034,0.7040165194444444
dio_1wge,18,paxg_random:2;btc_random:2,tragende_rekopplung,0.8333333333333334,tragende_rekopplung:15;offene_rekopplung:3,weltuebergreifend_feldstabil,0.43387842307692304,0.23010134615384614,0.6400735480769231
dio_045y,17,paxg_random:1;xrp_random:1;btc_random:1;doge_random:1,tragende_rekopplung,1.0,tragende_rekopplung:17,weltuebergreifend_feldstabil,0.5001743666666667,0.1358654125,0.7003486416666667
dio_0h3g,17,doge_random:1;paxg_random:1;btc_random:1;doge_shuffle:1;xrp_random:1;btc_shuffle:1;paxg_shuffle:1,tragende_rekopplung,1.0,tragende_rekopplung:17,weltuebergreifend_feldstabil,0.46486740476190475,0.16158102380952383,0.6746688095238095
dio_0nmc,17,doge_random:2;paxg_random:1;btc_random:1;paxg_shuffle:1,tragende_rekopplung,0.9411764705882353,tragende_rekopplung:16;offene_rekopplung:1,weltuebergreifend_feldstabil,0.43049966153846153,0.20002004615384616,0.6554041692307693
dio_0oqw,17,paxg_random:2;doge_random:1;xrp_random:1;btc_random:1;doge_shuffle:1,tragende_rekopplung,0.8823529411764706,tragende_rekopplung:15;offene_rekopplung:2,weltuebergreifend_feldstabil,0.4416580142857143,0.20418699523809525,0.6413428642857143
dio_0zdk,17,doge_random:1;btc_random:1;paxg_random:1;doge_shuffle:1;btc_shuffle:1;xrp_random:1;xrp_shuffle:1,tragende_rekopplung,1.0,tragende_rekopplung:17,weltuebergreifend_feldstabil,0.4472106142857143,0.18493725238095238,0.6515584071428572
dio_18xk,17,doge_random:2;paxg_random:2;btc_random:1;xrp_random:1,tragende_rekopplung,0.8823529411764706,tragende_rekopplung:15;offene_rekopplung:2,weltuebergreifend_feldstabil,0.43942655555555554,0.21650460000000002,0.6425387333333333
dio_1dy1,17,paxg_random:2;doge_random:1;paxg_shuffle:1;btc_random:1;btc_shuffle:1;xrp_random:1;xrp_shuffle:1,tragende_rekopplung,0.8823529411764706,tragende_rekopplung:15;offene_rekopplung:2,weltuebergreifend_feldstabil,0.42127807916666665,0.2197807375,0.6401950791666666
dio_1hwl,17,paxg_random:2;doge_random:2;btc_shuffle:2;doge_shuffle:2;xrp_random:2;paxg_shuffle:1,tragende_rekopplung,0.5882352941176471,tragende_rekopplung:10;offene_rekopplung:7,weltuebergreifend_feldoffen,0.4123126212121212,0.2339537196969697,0.628262196969697
dio_1r8w,17,paxg_random:2;doge_random:2;xrp_random:2;xrp_shuffle:2;btc_random:1,tragende_rekopplung,0.5294117647058824,tragende_rekopplung:9;offene_rekopplung:8,weltuebergreifend_feldoffen,0.4102575,0.24397747777777778,0.6263885722222222
dio_1tko,17,btc_random:1;xrp_random:1;paxg_shuffle:1;xrp_shuffle:1;btc_shuffle:1;doge_random:1;doge_shuffle:1;paxg_random:1,tragende_rekopplung,1.0,tragende_rekopplung:17,weltuebergreifend_feldstabil,0.4461079375,0.19174514583333332,0.6595614270833333
dio_1wk2,17,doge_random:2;btc_random:2;paxg_random:1;btc_shuffle:1;xrp_random:1,tragende_rekopplung,0.8235294117647058,tragende_rekopplung:14;offene_rekopplung:3,weltuebergreifend_feldstabil,0.42849338095238093,0.22071557142857143,0.6279853174603175
dio_0f38,16,xrp_shuffle:1;btc_shuffle:1;doge_shuffle:1;btc_random:1;doge_random:1;paxg_random:1;xrp_random:1,offene_rekopplung,1.0,offene_rekopplung:16,weltuebergreifend_feldstabil,0.3982630880952381,0.25988690238095236,0.6028768095238095
dio_0j8b,16,xrp_random:1;btc_random:1;paxg_random:1;doge_random:1;xrp_shuffle:1,tragende_rekopplung,1.0,tragende_rekopplung:16,weltuebergreifend_feldstabil,0.46617925,0.16683348333333334,0.6674437833333333
dio_177f,16,doge_random:1;paxg_random:1;btc_random:1;xrp_random:1;paxg_shuffle:1,tragende_rekopplung,1.0,tragende_rekopplung:16,weltuebergreifend_feldstabil,0.4795459266666667,0.15840546666666666,0.6850065666666667
dio_1a09,16,xrp_random:1;btc_random:1;doge_random:1;btc_shuffle:1;xrp_shuffle:1,tragende_rekopplung,1.0,tragende_rekopplung:16,weltuebergreifend_feldstabil,0.45357623666666663,0.19453684999999998,0.6517883033333334
dio_1oo7,16,doge_random:1;btc_random:1;paxg_random:1;xrp_random:1,tragende_rekopplung,1.0,tragende_rekopplung:16,weltuebergreifend_feldstabil,0.4551707395833333,0.19170888541666667,0.6518250833333333
dio_00ok,15,xrp_random:2;doge_random:2;btc_random:1;btc_shuffle:1;doge_shuffle:1;paxg_random:1,tragende_rekopplung,0.8666666666666667,tragende_rekopplung:13;offene_rekopplung:2,weltuebergreifend_feldstabil,0.429299875,0.2178468125,0.62936225
dio_010q,15,btc_random:2;doge_random:2;xrp_random:1;paxg_random:1,offene_rekopplung,0.8666666666666667,offene_rekopplung:13;spannungsnahe_oeffnung:2,weltuebergreifend_feldstabil,0.39762136944444443,0.2684977972222222,0.6088463166666667
dio_04g4,15,xrp_random:2;btc_random:2;xrp_shuffle:1;btc_shuffle:1;doge_shuffle:1;paxg_random:1;paxg_shuffle:1,tragende_rekopplung,0.7333333333333333,tragende_rekopplung:11;offene_rekopplung:4,weltuebergreifend_feldoffen,0.4204208888888889,0.22299554814814815,0.6342103111111111
dio_0e70,15,btc_random:3;doge_random:1;xrp_random:1,offene_rekopplung,0.8,offene_rekopplung:12;tragende_rekopplung:2;spannungsnahe_oeffnung:1,weltuebergreifend_feldstabil,0.41243775,0.2562773,0.6185557
dio_0q3j,15,btc_random:2;doge_random:2;xrp_random:1,offene_rekopplung,0.5333333333333333,offene_rekopplung:8;tragende_rekopplung:7,weltuebergreifend_feldoffen,0.43427824000000004,0.24330541333333333,0.61917654
dio_0ui0,15,btc_random:1;xrp_random:1;doge_random:1;paxg_random:1;btc_shuffle:1,tragende_rekopplung,1.0,tragende_rekopplung:15,weltuebergreifend_feldstabil,0.45906978666666665,0.18690677666666666,0.6619065966666666
dio_1gja,15,btc_random:2;doge_random:2;xrp_random:2;paxg_random:2,offene_rekopplung,0.6,offene_rekopplung:9;tragende_rekopplung:6,weltuebergreifend_feldoffen,0.42114625,0.2433230625,0.6226695625
dio_1mll,15,xrp_random:2;btc_random:1;doge_random:1;paxg_random:1,tragende_rekopplung,0.9333333333333333,tragende_rekopplung:14;offene_rekopplung:1,weltuebergreifend_feldstabil,0.4367389,0.21804398333333333,0.6373559333333334
dio_1tft,15,xrp_random:1;doge_random:1;btc_random:1;paxg_shuffle:1;doge_shuffle:1;paxg_random:1,tragende_rekopplung,1.0,tragende_rekopplung:15,weltuebergreifend_feldstabil,0.44972416666666665,0.19682695833333333,0.6596193833333334
dio_03c5,14,btc_random:1;btc_shuffle:1;doge_shuffle:1;xrp_random:1;doge_random:1;paxg_random:1;xrp_shuffle:1,tragende_rekopplung,1.0,tragende_rekopplung:14,weltuebergreifend_feldstabil,0.4555605714285714,0.17603289285714285,0.6659926071428571
dio_05il,14,doge_random:2;btc_random:2;xrp_random:2,tragende_rekopplung,0.7857142857142857,tragende_rekopplung:11;offene_rekopplung:3,weltuebergreifend_feldoffen,0.4286884047619048,0.22694963095238094,0.6212035714285714
dio_0kap,14,xrp_random:2;btc_random:1;btc_shuffle:1;doge_random:1;doge_shuffle:1;paxg_random:1;xrp_shuffle:1,tragende_rekopplung,0.8571428571428571,tragende_rekopplung:12;offene_rekopplung:2,weltuebergreifend_feldstabil,0.42678475,0.21955091666666665,0.6310629916666667
dio_0s4z,14,btc_random:1;xrp_random:1;paxg_random:1;doge_random:1;doge_shuffle:1;paxg_shuffle:1,tragende_rekopplung,1.0,tragende_rekopplung:14,weltuebergreifend_feldstabil,0.4675990555555556,0.16163177777777776,0.6802266666666666
dio_0tzb,14,paxg_random:1;xrp_random:1;paxg_shuffle:1,tragende_rekopplung,1.0,tragende_rekopplung:14,weltuebergreifend_feldstabil,0.4567951515151515,0.18739198484848485,0.669813893939394
dio_17dj,14,xrp_random:1;btc_random:1;doge_random:1;btc_shuffle:1;paxg_random:1;xrp_shuffle:1,tragende_rekopplung,1.0,tragende_rekopplung:14,weltuebergreifend_feldstabil,0.46128294444444445,0.17330373333333332,0.6684389
dio_1fx5,14,btc_random:2;paxg_random:2;xrp_random:2;doge_random:1,tragende_rekopplung,0.7142857142857143,tragende_rekopplung:10;offene_rekopplung:4,weltuebergreifend_feldoffen,0.4218718928571429,0.20927339285714286,0.6453643428571428
dio_1o95,14,doge_random:2;xrp_shuffle:2;btc_random:1;xrp_random:1;doge_shuffle:1;paxg_random:1,tragende_rekopplung,0.7857142857142857,tragende_rekopplung:11;offene_rekopplung:3,weltuebergreifend_feldoffen,0.4285603125,0.21325689583333335,0.6312412916666666
dio_1pnw,14,btc_random:1;xrp_random:1;btc_shuffle:1;doge_random:1;xrp_shuffle:1,tragende_rekopplung,1.0,tragende_rekopplung:14,weltuebergreifend_feldstabil,0.46483756,0.1696898,0.6710027199999999
dio_1x3j,14,xrp_random:2;doge_random:2;btc_random:1;paxg_random:1,offene_rekopplung,0.7857142857142857,offene_rekopplung:11;offener_feldkontakt:1;spannungsnahe_oeffnung:1;getragen_offen:1,weltuebergreifend_feldoffen,0.4059155972222222,0.27618343055555555,0.6065104861111111
dio_00ta,13,paxg_random:1;doge_random:1;xrp_random:1;btc_shuffle:1,tragende_rekopplung,1.0,tragende_rekopplung:13,weltuebergreifend_feldstabil,0.44236956250000004,0.19695165625,0.65492909375
dio_0ak2,13,xrp_random:2;btc_random:2,tragende_rekopplung,0.7692307692307693,tragende_rekopplung:10;offene_rekopplung:3,weltuebergreifend_feldoffen,0.44377675,0.2339788125,0.6251951875
dio_0bmx,13,btc_random:2;xrp_shuffle:1;doge_random:1;btc_shuffle:1;doge_shuffle:1,offene_rekopplung,0.8461538461538461,offene_rekopplung:11;spannungsnahe_oeffnung:2,weltuebergreifend_feldstabil,0.3972158333333333,0.27277108333333333,0.592901875
dio_0fwz,13,btc_random:2;doge_random:2;xrp_random:2;paxg_random:1;paxg_shuffle:1,tragende_rekopplung,0.6923076923076923,tragende_rekopplung:9;offene_rekopplung:4,weltuebergreifend_feldoffen,0.42247883333333336,0.21270577083333334,0.6393892083333333
dio_0g0b,13,xrp_random:1;doge_random:1;btc_random:1;paxg_random:1,offene_rekopplung,1.0,offene_rekopplung:13,weltuebergreifend_feldstabil,0.39905927083333337,0.25938887499999996,0.6108710625
dio_0g7s,13,xrp_random:1;xrp_shuffle:1;btc_random:1;paxg_random:1;btc_shuffle:1;doge_random:1,offene_rekopplung,0.8461538461538461,offene_rekopplung:11;spannungsnahe_oeffnung:2,weltuebergreifend_feldstabil,0.38907993055555556,0.271867875,0.5969275555555555
dio_0nmu,13,doge_random:1;btc_random:1;xrp_random:1,tragende_rekopplung,1.0,tragende_rekopplung:13,weltuebergreifend_feldstabil,0.4702466666666667,0.17805886666666668,0.6658538333333334
dio_0qu8,13,doge_random:1;xrp_random:1;btc_random:1,tragende_rekopplung,1.0,tragende_rekopplung:13,weltuebergreifend_feldstabil,0.45980195555555553,0.20251175555555556,0.6497853777777778
dio_0t8h,13,btc_random:1;doge_random:1;xrp_random:1,tragende_rekopplung,1.0,tragende_rekopplung:13,weltuebergreifend_feldstabil,0.4668087777777778,0.1830868,0.6665038444444444
dio_0vm1,13,xrp_random:1;paxg_random:1;doge_random:1;btc_shuffle:1,tragende_rekopplung,1.0,tragende_rekopplung:13,weltuebergreifend_feldstabil,0.4467226875,0.20852483333333333,0.6477775208333333
dio_16zb,13,doge_random:1;btc_random:1;paxg_random:1;xrp_random:1,tragende_rekopplung,1.0,tragende_rekopplung:13,weltuebergreifend_feldstabil,0.5026491125,0.117326975,0.7093317
dio_1bgq,13,btc_random:2;doge_random:2;btc_shuffle:1;xrp_random:1,tragende_rekopplung,0.6923076923076923,tragende_rekopplung:9;offene_rekopplung:4,weltuebergreifend_feldoffen,0.42855211904761903,0.2160362738095238,0.6328296428571428
dio_1clq,13,xrp_random:2;btc_random:1;doge_random:1,offene_rekopplung,0.9230769230769231,offene_rekopplung:12;spannungsnahe_oeffnung:1,weltuebergreifend_feldstabil,0.3946593839285714,0.26106783035714287,0.6189942767857143
dio_1d54,13,doge_random:1;btc_random:1;paxg_random:1;xrp_random:1;xrp_shuffle:1,tragende_rekopplung,1.0,tragende_rekopplung:13,weltuebergreifend_feldstabil,0.4557149,0.17034243333333335,0.6798462333333334
dio_1gjb,13,xrp_random:1;doge_random:1;btc_random:1;doge_shuffle:1;btc_shuffle:1;xrp_shuffle:1,tragende_rekopplung,1.0,tragende_rekopplung:13,weltuebergreifend_feldstabil,0.45842043055555554,0.1720489861111111,0.6699962916666666
dio_1lmb,13,doge_random:2;paxg_random:2;xrp_random:1;btc_random:1,offene_rekopplung,0.8461538461538461,offene_rekopplung:11;spannungsnahe_oeffnung:2,weltuebergreifend_feldstabil,0.3906868777777778,0.26592926666666666,0.6124553333333334
dio_1r19,13,btc_random:2;doge_random:2;paxg_random:2;xrp_random:2,offene_rekopplung,0.6923076923076923,offene_rekopplung:9;tragende_rekopplung:4,weltuebergreifend_feldoffen,0.3981093125,0.2459806875,0.6209165208333334
dio_05cl,12,xrp_random:3;doge_random:3;paxg_random:3;btc_random:2,spannungsnahe_oeffnung,0.3333333333333333,spannungsnahe_oeffnung:4;offene_rekopplung:3;getragen_offen:3;offener_feldkontakt:2,weltuebergreifend_feldoffen,0.3869115454545454,0.29069136363636366,0.5853056363636363
dio_0byp,12,btc_random:1;doge_random:1;paxg_random:1;btc_shuffle:1,tragende_rekopplung,1.0,tragende_rekopplung:12,weltuebergreifend_feldstabil,0.4494659875,0.194520125,0.656664125
dio_0imv,12,doge_random:1;btc_random:1;paxg_random:1;xrp_random:1;paxg_shuffle:1,tragende_rekopplung,1.0,tragende_rekopplung:12,weltuebergreifend_feldstabil,0.49137402,0.11597712,0.7078407600000001
dio_0lwc,12,doge_random:2;btc_random:1;xrp_random:1;paxg_random:1,tragende_rekopplung,0.8333333333333334,tragende_rekopplung:10;offene_rekopplung:2,weltuebergreifend_feldstabil,0.43286357,0.21700476999999999,0.63081733
dio_0n2q,12,xrp_random:2;btc_random:1;doge_random:1,tragende_rekopplung,0.9166666666666666,tragende_rekopplung:11;offene_rekopplung:1,weltuebergreifend_feldstabil,0.43979958333333335,0.2060870833333333,0.6545436250000001
dio_12k9,12,doge_random:1;xrp_random:1;btc_random:1;paxg_random:1;btc_shuffle:1,tragende_rekopplung,1.0,tragende_rekopplung:12,weltuebergreifend_feldstabil,0.4700477,0.15949763333333333,0.6753564166666667
dio_1dis,12,btc_random:2;doge_random:2;xrp_random:2;btc_shuffle:1;paxg_random:1,tragende_rekopplung,0.6666666666666666,tragende_rekopplung:8;offene_rekopplung:4,weltuebergreifend_feldoffen,0.41844295833333334,0.22148225,0.6368862083333333
dio_1ett,12,paxg_random:2;xrp_random:2;doge_random:2;btc_random:1,offene_rekopplung,0.75,offene_rekopplung:9;spannungsnahe_oeffnung:3,weltuebergreifend_feldoffen,0.3855440357142857,0.27618657142857145,0.5962481785714285
dio_1j7r,12,doge_random:1;xrp_random:1;btc_random:1;paxg_random:1,tragende_rekopplung,1.0,tragende_rekopplung:12,weltuebergreifend_feldstabil,0.49138904166666664,0.12797504166666665,0.7018061666666666
dio_1pdp,12,doge_random:1;btc_random:1;paxg_random:1;xrp_random:1,tragende_rekopplung,1.0,tragende_rekopplung:12,weltuebergreifend_feldstabil,0.455510125,0.17828083333333333,0.6616914166666666
dio_1r1r,12,btc_random:1;xrp_random:1;btc_shuffle:1;paxg_shuffle:1;xrp_shuffle:1,tragende_rekopplung,1.0,tragende_rekopplung:12,weltuebergreifend_feldstabil,0.4477014166666667,0.18535668333333333,0.66066835
dio_1rja,12,paxg_random:1;doge_random:1;btc_random:1;btc_shuffle:1;paxg_shuffle:1;xrp_random:1;xrp_shuffle:1,tragende_rekopplung,1.0,tragende_rekopplung:12,weltuebergreifend_feldstabil,0.4467127023809524,0.1711584642857143,0.6705809523809524
dio_1t99,12,doge_random:2;btc_random:2;paxg_random:2;xrp_random:2,offene_rekopplung,0.5833333333333334,offene_rekopplung:7;tragende_rekopplung:4;spannungsnahe_oeffnung:1,weltuebergreifend_feldoffen,0.3959330208333333,0.25356002083333334,0.6110881666666667
dio_1v9o,12,paxg_random:2;btc_random:1;doge_random:1;xrp_random:1,tragende_rekopplung,0.9166666666666666,tragende_rekopplung:11;offene_rekopplung:1,weltuebergreifend_feldstabil,0.4448979,0.18110865,0.66845285
dio_0doe,11,btc_random:2;xrp_random:2;doge_random:1;paxg_random:1,tragende_rekopplung,0.7272727272727273,tragende_rekopplung:8;offene_rekopplung:3,weltuebergreifend_feldoffen,0.4219710555555556,0.21148922222222222,0.6463901388888889
dio_0hjm,11,btc_random:1;xrp_random:1;xrp_shuffle:1;btc_shuffle:1;doge_random:1;doge_shuffle:1;paxg_shuffle:1,tragende_rekopplung,0.9090909090909091,tragende_rekopplung:10;offene_rekopplung:1,weltuebergreifend_feldstabil,0.415287619047619,0.2003994523809524,0.6470590952380952
dio_0i49,11,btc_random:1;doge_random:1;paxg_random:1;xrp_random:1,tragende_rekopplung,1.0,tragende_rekopplung:11,weltuebergreifend_feldstabil,0.471534125,0.1457628125,0.6831766875
dio_0kvh,11,btc_random:2;btc_shuffle:2;doge_random:2;xrp_random:1;xrp_shuffle:1,tragende_rekopplung,0.5454545454545454,tragende_rekopplung:6;offene_rekopplung:5,weltuebergreifend_feldoffen,0.41544415625000003,0.2331504375,0.62135684375
dio_0lwq,11,doge_random:1;xrp_random:1;paxg_random:1;btc_random:1;doge_shuffle:1,tragende_rekopplung,1.0,tragende_rekopplung:11,weltuebergreifend_feldstabil,0.44666718333333333,0.18998803333333333,0.65166125
dio_0nsc,11,doge_random:2;xrp_random:2;btc_random:1,offene_rekopplung,0.8181818181818182,offene_rekopplung:9;tragende_rekopplung:2,weltuebergreifend_feldstabil,0.4192777833333333,0.2461399833333333,0.6290499666666667
dio_0ofe,11,doge_random:2;doge_shuffle:2;btc_random:1;xrp_random:1;xrp_shuffle:1,tragende_rekopplung,0.6363636363636364,tragende_rekopplung:7;offene_rekopplung:4,weltuebergreifend_feldoffen,0.4162132380952381,0.23293109523809524,0.6342350476190476
dio_12il,11,xrp_random:1;btc_random:1;doge_random:1;paxg_random:1,tragende_rekopplung,1.0,tragende_rekopplung:11,weltuebergreifend_feldstabil,0.4437050416666667,0.19740360416666666,0.6451722083333333
dio_17zf,11,paxg_random:2;btc_random:2;doge_random:1,offene_rekopplung,0.7272727272727273,offene_rekopplung:8;tragende_rekopplung:3,weltuebergreifend_feldoffen,0.4054077,0.24529274,0.63352578
dio_18n4,11,paxg_random:1;btc_random:1;doge_random:1;xrp_random:1,tragende_rekopplung,1.0,tragende_rekopplung:11,weltuebergreifend_feldstabil,0.47154734375,0.14892149999999998,0.68963025
dio_1b5i,11,btc_random:1;paxg_random:1;paxg_shuffle:1;doge_shuffle:1,tragende_rekopplung,1.0,tragende_rekopplung:11,weltuebergreifend_feldstabil,0.45120841666666667,0.19136725,0.6589405
dio_1jh7,11,xrp_shuffle:2;btc_random:1;btc_shuffle:1;doge_random:1;doge_shuffle:1;xrp_random:1,offene_rekopplung,0.9090909090909091,offene_rekopplung:10;tragende_rekopplung:1,weltuebergreifend_feldstabil,0.41324689285714283,0.2501525,0.6140596071428571
dio_1n5o,11,paxg_random:2;xrp_random:2;btc_shuffle:2;doge_random:2,tragende_rekopplung,0.6363636363636364,tragende_rekopplung:7;offene_rekopplung:4,weltuebergreifend_feldoffen,0.4162642916666667,0.2216068125,0.6340682916666667
dio_1nk6,11,btc_random:1;doge_random:1;paxg_random:1;xrp_random:1,tragende_rekopplung,1.0,tragende_rekopplung:11,weltuebergreifend_feldstabil,0.456013225,0.18132115,0.654814525
dio_1wle,11,doge_random:1;xrp_random:1;btc_random:1;paxg_random:1,tragende_rekopplung,1.0,tragende_rekopplung:11,weltuebergreifend_feldstabil,0.497531,0.11270543749999999,0.711702875
dio_1xz5,11,doge_random:2;doge_shuffle:2;xrp_shuffle:2;btc_random:1;btc_shuffle:1;paxg_random:1,offene_rekopplung,0.5454545454545454,offene_rekopplung:6;tragende_rekopplung:5,weltuebergreifend_feldoffen,0.41419055555555556,0.24167716666666667,0.6241040555555556
dio_07r3,10,xrp_random:2;btc_random:2;doge_random:1,tragende_rekopplung,0.7,tragende_rekopplung:7;offene_rekopplung:3,weltuebergreifend_feldoffen,0.4189027666666667,0.24378331666666667,0.6150663166666667
dio_0bgq,10,doge_random:2;btc_random:2;xrp_random:2;paxg_random:1,tragende_rekopplung,0.6,tragende_rekopplung:6;offene_rekopplung:4,weltuebergreifend_feldoffen,0.4101709642857143,0.23311825,0.6219890714285714
dio_0dtf,10,btc_random:3;xrp_random:2;doge_random:2,offene_rekopplung,0.5,offene_rekopplung:5;getragen_offen:3;spannungsnahe_oeffnung:2,weltuebergreifend_feldoffen,0.39935192857142854,0.27879550000000003,0.5942963571428571
dio_0jc3,10,doge_random:2;xrp_random:2;btc_random:1;paxg_random:1,tragende_rekopplung,0.6,tragende_rekopplung:6;offene_rekopplung:4,weltuebergreifend_feldoffen,0.39070366666666667,0.2497085,0.6160362083333333
dio_0ku7,10,xrp_random:1;btc_random:1;doge_random:1,spannungsnahe_oeffnung,1.0,spannungsnahe_oeffnung:10,weltuebergreifend_feldstabil,0.35777922222222225,0.3267925,0.5568148888888889
dio_0l2q,10,btc_random:2;doge_random:2;doge_shuffle:2;paxg_random:1;xrp_random:1,tragende_rekopplung,0.5,tragende_rekopplung:5;offene_rekopplung:5,weltuebergreifend_feldoffen,0.41583470833333336,0.23170170833333334,0.621333875
dio_0v6z,10,btc_random:1;doge_random:1;xrp_random:1,tragende_rekopplung,1.0,tragende_rekopplung:10,weltuebergreifend_feldstabil,0.4674503888888889,0.16887105555555557,0.6744993888888889
dio_0wvj,10,btc_random:2;xrp_random:2;xrp_shuffle:2;doge_random:1;doge_shuffle:1,tragende_rekopplung,0.5,tragende_rekopplung:5;offene_rekopplung:5,weltuebergreifend_feldoffen,0.420683125,0.23032733333333333,0.6240839166666666
dio_112r,10,xrp_random:1;btc_random:1;doge_random:1;btc_shuffle:1;paxg_random:1,tragende_rekopplung,1.0,tragende_rekopplung:10,weltuebergreifend_feldstabil,0.4484484,0.1834259,0.6569054
dio_1232,10,btc_random:1;doge_random:1;paxg_random:1;xrp_random:1,tragende_rekopplung,1.0,tragende_rekopplung:10,weltuebergreifend_feldstabil,0.476280625,0.13884725,0.685527875
dio_1d48,10,btc_random:2;paxg_random:1;xrp_random:1,offene_rekopplung,0.9,offene_rekopplung:9;offener_feldkontakt:1,weltuebergreifend_feldstabil,0.3961654375,0.2677675625,0.6165474375
dio_1d9m,10,doge_random:2;xrp_random:2;btc_random:2,tragende_rekopplung,0.7,tragende_rekopplung:7;offene_rekopplung:3,weltuebergreifend_feldoffen,0.4253,0.2338407083333333,0.618185
dio_1e4t,10,doge_shuffle:1;paxg_random:1;xrp_random:1;btc_random:1,tragende_rekopplung,1.0,tragende_rekopplung:10,weltuebergreifend_feldstabil,0.4621341666666666,0.18493191666666667,0.66447675
dio_1lid,10,btc_random:3;xrp_random:2;doge_random:1;paxg_random:1,spannungsnahe_oeffnung,0.7,spannungsnahe_oeffnung:7;getragen_offen:2;offener_feldkontakt:1,weltuebergreifend_feldoffen,0.37769945238095237,0.3024607380952381,0.5811260714285714
dio_1sq6,10,doge_random:1;xrp_shuffle:1;paxg_random:1;btc_random:1;btc_shuffle:1,tragende_rekopplung,1.0,tragende_rekopplung:10,weltuebergreifend_feldstabil,0.46402573333333336,0.16035146666666666,0.6709382
dio_01rz,9,xrp_random:1;doge_random:1;btc_random:1,tragende_rekopplung,1.0,tragende_rekopplung:9,weltuebergreifend_feldstabil,0.48139797222222225,0.1362382222222222,0.6909049166666666
dio_02v9,9,btc_random:1;doge_random:1;xrp_random:1,tragende_rekopplung,1.0,tragende_rekopplung:9,weltuebergreifend_feldstabil,0.46344422222222226,0.19027455555555556,0.6570567777777778
dio_0aw0,9,btc_random:1;btc_shuffle:1;xrp_random:1;doge_random:1;doge_shuffle:1;paxg_shuffle:1,tragende_rekopplung,0.8888888888888888,tragende_rekopplung:8;offene_rekopplung:1,weltuebergreifend_feldstabil,0.41958116666666667,0.21714108333333335,0.63182325
dio_0bgi,9,btc_random:2;doge_random:2;xrp_random:2,tragende_rekopplung,0.4444444444444444,tragende_rekopplung:4;offene_rekopplung:4;offener_feldkontakt:1,weltuebergreifend_feldoffen,0.415186,0.24761758333333334,0.60656975
dio_0kf8,9,btc_random:1;doge_random:1;paxg_random:1;xrp_random:1,tragende_rekopplung,1.0,tragende_rekopplung:9,weltuebergreifend_feldstabil,0.4731051666666667,0.14755291666666667,0.6918459583333333
dio_0lqe,9,doge_random:1;btc_random:1;paxg_random:1,tragende_rekopplung,1.0,tragende_rekopplung:9,weltuebergreifend_feldstabil,0.4748036,0.1450301,0.6877368333333334
dio_0o2v,9,paxg_random:2;xrp_random:1,tragende_rekopplung,0.7777777777777778,tragende_rekopplung:7;offene_rekopplung:2,weltuebergreifend_feldoffen,0.4049506666666667,0.2307482857142857,0.6280094761904762
dio_0otp,9,btc_random:1;doge_random:1;paxg_random:1;xrp_random:1;btc_shuffle:1,tragende_rekopplung,1.0,tragende_rekopplung:9,weltuebergreifend_feldstabil,0.4697451,0.1557784,0.6820914
dio_0r7k,9,btc_random:2;doge_random:2;xrp_random:2;paxg_random:1,tragende_rekopplung,0.5555555555555556,tragende_rekopplung:5;offene_rekopplung:4,weltuebergreifend_feldoffen,0.42095957142857143,0.23175171428571428,0.6177307857142857
dio_0uqb,9,paxg_random:2;btc_random:2;btc_shuffle:1;doge_random:1,tragende_rekopplung,0.5555555555555556,tragende_rekopplung:5;offene_rekopplung:4,weltuebergreifend_feldoffen,0.39673019444444446,0.23730622222222222,0.6267456388888889
dio_0y74,9,btc_random:2;doge_random:1;xrp_random:1,tragende_rekopplung,0.7777777777777778,tragende_rekopplung:7;offene_rekopplung:2,weltuebergreifend_feldoffen,0.4249844583333333,0.19731447916666667,0.6653332708333333
dio_10bo,9,btc_random:1;xrp_random:1;paxg_random:1,tragende_rekopplung,1.0,tragende_rekopplung:9,weltuebergreifend_feldstabil,0.48354626666666667,0.14113317777777779,0.6908163555555555
dio_12xu,9,paxg_random:1,offene_rekopplung,1.0,offene_rekopplung:9,junge_syntaxinsel,0.4245942222222222,0.25918955555555556,0.624628
dio_15ud,9,doge_random:1;xrp_random:1;btc_random:1,tragende_rekopplung,1.0,tragende_rekopplung:9,weltuebergreifend_feldstabil,0.45047044444444445,0.18089072222222222,0.6559941666666667
dio_15ze,9,btc_random:2;doge_random:2;xrp_random:2;paxg_random:1,tragende_rekopplung,0.5555555555555556,tragende_rekopplung:5;offene_rekopplung:4,weltuebergreifend_feldoffen,0.39940985714285715,0.2464585,0.615486
dio_17t0,9,btc_random:1;doge_random:1;paxg_random:1;xrp_random:1,tragende_rekopplung,1.0,tragende_rekopplung:9,weltuebergreifend_feldstabil,0.4381573125,0.190440875,0.664504875
dio_17v5,9,doge_random:2;btc_random:2;xrp_random:2,tragende_rekopplung,0.6666666666666666,tragende_rekopplung:6;offene_rekopplung:3,weltuebergreifend_feldoffen,0.42625841666666664,0.22716680555555555,0.6182518055555556
dio_183u,9,xrp_random:1;paxg_random:1;doge_random:1,tragende_rekopplung,1.0,tragende_rekopplung:9,weltuebergreifend_feldstabil,0.4997782777777778,0.1158841111111111,0.7111289722222223
dio_1bii,9,paxg_random:1;btc_shuffle:1;btc_random:1;doge_random:1;doge_shuffle:1;paxg_shuffle:1,tragende_rekopplung,1.0,tragende_rekopplung:9,weltuebergreifend_feldstabil,0.44133916666666667,0.178962,0.6665579444444445
dio_1d3j,9,xrp_random:3;btc_random:2;doge_random:2;paxg_random:2,offene_rekopplung,0.4444444444444444,offene_rekopplung:4;spannungsnahe_oeffnung:2;offener_feldkontakt:2;getragen_offen:1,weltuebergreifend_feldoffen,0.37715544444444443,0.28950922222222225,0.5895246666666667
dio_1ehl,9,btc_random:1;doge_random:1,tragende_rekopplung,1.0,tragende_rekopplung:9,weltuebergreifend_feldstabil,0.48047325,0.16096,0.6787412500000001
dio_1hn4,9,btc_random:1;paxg_random:1;doge_random:1;xrp_random:1;xrp_shuffle:1,tragende_rekopplung,1.0,tragende_rekopplung:9,weltuebergreifend_feldstabil,0.4447445,0.17442295,0.65794545
dio_1kye,9,xrp_random:1;btc_random:1;doge_random:1;paxg_random:1,tragende_rekopplung,1.0,tragende_rekopplung:9,weltuebergreifend_feldstabil,0.47090820833333336,0.13386570833333333,0.6897676458333333
dio_1mck,9,btc_random:1;doge_random:1;xrp_random:1,tragende_rekopplung,1.0,tragende_rekopplung:9,weltuebergreifend_feldstabil,0.47657493333333334,0.14984546666666668,0.6828879
dio_1okb,9,xrp_random:2;btc_random:1;doge_shuffle:1;doge_random:1,offene_rekopplung,0.7777777777777778,offene_rekopplung:7;tragende_rekopplung:2,weltuebergreifend_feldoffen,0.4128282,0.249467,0.607745
dio_1q3p,9,xrp_random:1;doge_random:1;btc_random:1,tragende_rekopplung,1.0,tragende_rekopplung:9,weltuebergreifend_feldstabil,0.45976358333333334,0.18859847222222223,0.6644579444444444
dio_1w5j,9,xrp_random:2;doge_random:2;paxg_random:1,offene_rekopplung,0.6666666666666666,offene_rekopplung:6;spannungsnahe_oeffnung:3,weltuebergreifend_feldoffen,0.3781644,0.2818854,0.5905063
dio_08z0,8,paxg_random:1;xrp_shuffle:1;btc_random:1;btc_shuffle:1;doge_random:1;xrp_random:1,tragende_rekopplung,1.0,tragende_rekopplung:8,weltuebergreifend_feldstabil,0.4340995833333333,0.18332725,0.6625455
dio_0bga,8,paxg_random:2;doge_random:1;paxg_shuffle:1;xrp_random:1,tragende_rekopplung,0.875,tragende_rekopplung:7;offene_rekopplung:1,weltuebergreifend_feldstabil,0.4182381,0.2060649,0.65220645
dio_0ind,8,xrp_random:2;btc_random:2;doge_random:2;paxg_random:1,offene_rekopplung,0.375,offene_rekopplung:3;spannungsnahe_oeffnung:3;offener_feldkontakt:2,weltuebergreifend_feldoffen,0.3649899285714286,0.29105621428571427,0.5878205
dio_0jj0,8,btc_random:1;doge_random:1;paxg_random:1;xrp_random:1,tragende_rekopplung,1.0,tragende_rekopplung:8,weltuebergreifend_feldstabil,0.4787625,0.127278,0.697813625
dio_0ni0,8,paxg_random:2;doge_random:1;btc_random:1;xrp_shuffle:1,tragende_rekopplung,0.875,tragende_rekopplung:7;offene_rekopplung:1,weltuebergreifend_feldstabil,0.4178439666666667,0.22767366666666666,0.6379295
dio_0w7k,8,xrp_random:2;paxg_random:1,tragende_rekopplung,0.875,tragende_rekopplung:7;offene_rekopplung:1,weltuebergreifend_feldstabil,0.4399228055555556,0.20588016666666667,0.6479329444444445
dio_0xvx,8,doge_random:3;xrp_random:3;paxg_random:1,spannungsnahe_oeffnung,0.375,spannungsnahe_oeffnung:3;getragen_offen:2;offener_feldkontakt:2;offene_rekopplung:1,weltuebergreifend_feldoffen,0.3845272142857143,0.29101499999999997,0.5885280714285714
dio_10c6,8,xrp_random:1;btc_shuffle:1;paxg_random:1;doge_shuffle:1,tragende_rekopplung,1.0,tragende_rekopplung:8,weltuebergreifend_feldstabil,0.467882,0.16148574999999998,0.6731087916666667
dio_18lc,8,paxg_random:1;paxg_shuffle:1;xrp_random:1,tragende_rekopplung,1.0,tragende_rekopplung:8,weltuebergreifend_feldstabil,0.4332362777777778,0.2001068888888889,0.6629375
dio_19yo,8,xrp_random:3;btc_random:2;doge_random:1,spannungsnahe_oeffnung,0.5,spannungsnahe_oeffnung:4;offene_rekopplung:3;getragen_offen:1,weltuebergreifend_feldoffen,0.37823541666666666,0.288492,0.5858673333333333
dio_1cks,8,btc_random:2;doge_random:2;xrp_random:1,tragende_rekopplung,0.75,tragende_rekopplung:6;offene_rekopplung:2,weltuebergreifend_feldoffen,0.4277146,0.2241774,0.6225503
dio_1isv,8,xrp_shuffle:1;btc_random:1;btc_shuffle:1;doge_shuffle:1;xrp_random:1,tragende_rekopplung,1.0,tragende_rekopplung:8,weltuebergreifend_feldstabil,0.47328305,0.1271289,0.6944821999999999
dio_1j70,8,btc_random:1;xrp_random:1;doge_random:1,tragende_rekopplung,1.0,tragende_rekopplung:8,weltuebergreifend_feldstabil,0.4917598888888889,0.13054344444444443,0.6987661111111111
dio_1oio,8,btc_random:2;doge_random:2;xrp_random:1,tragende_rekopplung,0.625,tragende_rekopplung:5;offene_rekopplung:3,weltuebergreifend_feldoffen,0.42036746666666663,0.22898280000000001,0.6183079666666667
dio_1rnf,8,btc_random:2;doge_random:1;paxg_random:1;xrp_random:1,tragende_rekopplung,0.75,tragende_rekopplung:6;offene_rekopplung:2,weltuebergreifend_feldoffen,0.4249073,0.1989776,0.6657016
dio_1tz3,8,btc_random:2;xrp_random:1;doge_random:1;paxg_random:1,offene_rekopplung,0.625,offene_rekopplung:5;spannungsnahe_oeffnung:3,weltuebergreifend_feldoffen,0.38320145,0.27696425,0.59496585
dio_00u2,7,xrp_random:2;btc_random:1;paxg_random:1;doge_random:1,offene_rekopplung,0.8571428571428571,offene_rekopplung:6;tragende_rekopplung:1,weltuebergreifend_feldstabil,0.3842846,0.2541645,0.6090401
dio_0145,7,doge_random:1;btc_random:1;xrp_random:1,tragende_rekopplung,1.0,tragende_rekopplung:7,weltuebergreifend_feldstabil,0.46156155555555556,0.18204955555555555,0.6648366111111111
dio_02el,7,btc_random:2;doge_random:2,tragende_rekopplung,0.7142857142857143,tragende_rekopplung:5;offene_rekopplung:2,weltuebergreifend_feldoffen,0.4228059375,0.2232115,0.6364565625
dio_03al,7,btc_random:2;xrp_random:1;paxg_random:1,tragende_rekopplung,0.7142857142857143,tragende_rekopplung:5;offene_rekopplung:2,weltuebergreifend_feldoffen,0.426404,0.22044475,0.6229561874999999
dio_04me,7,doge_random:1;btc_random:1;paxg_random:1;xrp_random:1,tragende_rekopplung,1.0,tragende_rekopplung:7,weltuebergreifend_feldstabil,0.417510625,0.2135528125,0.6312948125
dio_05qa,7,btc_random:1;doge_random:1;doge_shuffle:1;paxg_random:1,tragende_rekopplung,1.0,tragende_rekopplung:7,weltuebergreifend_feldstabil,0.4425557916666667,0.19299829166666665,0.6562835416666667
dio_05x1,7,doge_random:1;btc_random:1;xrp_random:1,tragende_rekopplung,1.0,tragende_rekopplung:7,weltuebergreifend_feldstabil,0.468028,0.150594,0.681804
dio_098o,7,xrp_random:2;doge_random:1;btc_random:1,offene_rekopplung,0.5714285714285714,offene_rekopplung:4;tragende_rekopplung:3,weltuebergreifend_feldoffen,0.41391049999999996,0.23650675,0.6122775833333334
dio_09hj,7,xrp_random:1;doge_random:1;btc_random:1,tragende_rekopplung,1.0,tragende_rekopplung:7,weltuebergreifend_feldstabil,0.43269708333333334,0.21229666666666666,0.6436896666666667
dio_0a5r,7,btc_random:1;doge_random:1;xrp_random:1;paxg_shuffle:1,tragende_rekopplung,1.0,tragende_rekopplung:7,weltuebergreifend_feldstabil,0.472233625,0.144732625,0.684897375
dio_0ey8,7,btc_random:1;paxg_random:1;doge_random:1,tragende_rekopplung,1.0,tragende_rekopplung:7,weltuebergreifend_feldstabil,0.47827488888888886,0.13412622222222223,0.6919133333333334
dio_0fju,7,doge_random:1;paxg_random:1;paxg_shuffle:1;btc_random:1,tragende_rekopplung,1.0,tragende_rekopplung:7,weltuebergreifend_feldstabil,0.453782125,0.171672,0.679582625
dio_0g5v,7,btc_random:1;xrp_random:1;paxg_shuffle:1,tragende_rekopplung,1.0,tragende_rekopplung:7,weltuebergreifend_feldstabil,0.4720010833333333,0.14655683333333333,0.6805161666666666
dio_0g8t,7,btc_random:1;btc_shuffle:1;doge_random:1;xrp_random:1,tragende_rekopplung,1.0,tragende_rekopplung:7,weltuebergreifend_feldstabil,0.46010968750000003,0.162624,0.6770251875
dio_0kcu,7,btc_random:1;paxg_random:1;doge_random:1,tragende_rekopplung,1.0,tragende_rekopplung:7,weltuebergreifend_feldstabil,0.47578433333333336,0.130793,0.6895819166666667
dio_0lfc,7,doge_random:1;paxg_random:1,offene_rekopplung,1.0,offene_rekopplung:7,weltuebergreifend_feldstabil,0.41320650000000003,0.26068633333333335,0.6150329583333334
dio_0n0d,7,btc_random:1;xrp_random:1;doge_random:1,tragende_rekopplung,1.0,tragende_rekopplung:7,weltuebergreifend_feldstabil,0.4373605,0.19761174999999997,0.6440473333333333
dio_0pnb,7,xrp_random:1;btc_random:1;doge_random:1;paxg_random:1,tragende_rekopplung,1.0,tragende_rekopplung:7,weltuebergreifend_feldstabil,0.4550834583333333,0.16000720833333335,0.694288
dio_0qzh,7,btc_random:1;doge_random:1;paxg_random:1,tragende_rekopplung,0.8571428571428571,tragende_rekopplung:6;offene_rekopplung:1,weltuebergreifend_feldstabil,0.4310326666666667,0.18561458333333333,0.6658916666666667
dio_0s6o,7,doge_random:1;paxg_random:1;xrp_random:1,tragende_rekopplung,1.0,tragende_rekopplung:7,weltuebergreifend_feldstabil,0.47460441666666664,0.132748,0.6895465000000001
dio_0s9i,7,paxg_random:2,offene_rekopplung,0.8571428571428571,offene_rekopplung:6;spannungsnahe_oeffnung:1,junge_syntaxinsel,0.3864770833333333,0.2741600833333333,0.6013943333333334
dio_0sz4,7,doge_random:1;xrp_shuffle:1;xrp_random:1,tragende_rekopplung,1.0,tragende_rekopplung:7,weltuebergreifend_feldstabil,0.446464,0.19490816666666666,0.654529
dio_0vfj,7,xrp_random:2;btc_random:2,offene_rekopplung,0.7142857142857143,offene_rekopplung:5;spannungsnahe_oeffnung:2,weltuebergreifend_feldoffen,0.3927946875,0.2733321875,0.5955720624999999
dio_13h3,7,btc_shuffle:2;doge_random:2;paxg_random:2;btc_random:1,offene_rekopplung,0.5714285714285714,offene_rekopplung:4;tragende_rekopplung:3,weltuebergreifend_feldoffen,0.41349285714285716,0.22012785714285715,0.6331348571428571
dio_16mn,7,btc_shuffle:2;xrp_shuffle:1;xrp_random:1,tragende_rekopplung,0.8571428571428571,tragende_rekopplung:6;offene_rekopplung:1,weltuebergreifend_feldstabil,0.4351927916666667,0.22146766666666667,0.633245625
dio_17qo,7,btc_random:1;doge_random:1;xrp_random:1,spannungsnahe_oeffnung,1.0,spannungsnahe_oeffnung:7,weltuebergreifend_feldstabil,0.35682383333333334,0.3124125555555556,0.5753517777777778
dio_1bsw,7,doge_random:1;btc_random:1;paxg_random:1;paxg_shuffle:1;xrp_random:1,tragende_rekopplung,1.0,tragende_rekopplung:7,weltuebergreifend_feldstabil,0.46839153333333333,0.12868413333333334,0.690128
dio_1c6p,7,btc_random:1;doge_random:1;xrp_random:1,tragende_rekopplung,1.0,tragende_rekopplung:7,weltuebergreifend_feldstabil,0.45951955555555557,0.15702888888888888,0.6695448888888889
dio_1hew,7,xrp_random:2;btc_random:1;doge_random:1;paxg_random:1,offener_feldkontakt,0.42857142857142855,offener_feldkontakt:3;offene_rekopplung:2;spannungsnahe_oeffnung:2,weltuebergreifend_feldoffen,0.3564126,0.2886516,0.5909501
dio_1jp3,7,btc_random:1;paxg_random:1;doge_random:1;xrp_random:1,tragende_rekopplung,1.0,tragende_rekopplung:7,weltuebergreifend_feldstabil,0.46461783333333334,0.14837825,0.6777371249999999
dio_1l71,7,btc_random:1;doge_random:1;paxg_random:1;paxg_shuffle:1,tragende_rekopplung,1.0,tragende_rekopplung:7,weltuebergreifend_feldstabil,0.4270061666666667,0.192024625,0.6561184166666667
dio_1l9m,7,doge_random:1;btc_random:1;paxg_random:1,tragende_rekopplung,1.0,tragende_rekopplung:7,weltuebergreifend_feldstabil,0.46046491666666667,0.1571535,0.6707989166666667
dio_1pod,7,doge_random:2;btc_random:2,tragende_rekopplung,0.7142857142857143,tragende_rekopplung:5;offene_rekopplung:2,weltuebergreifend_feldoffen,0.42176145833333334,0.23066966666666666,0.6265089583333333
dio_1we5,7,doge_random:2;btc_random:2;xrp_random:1,tragende_rekopplung,0.7142857142857143,tragende_rekopplung:5;offene_rekopplung:2,weltuebergreifend_feldoffen,0.4238703,0.2177838,0.6336105
dio_1wjr,7,btc_random:1;doge_random:1;btc_shuffle:1;paxg_random:1,tragende_rekopplung,1.0,tragende_rekopplung:7,weltuebergreifend_feldstabil,0.43637695833333334,0.19437445833333333,0.6492927083333333
dio_1xid,7,paxg_random:1;doge_random:1,tragende_rekopplung,1.0,tragende_rekopplung:7,weltuebergreifend_feldstabil,0.48308465,0.15898820000000002,0.6864295
dio_02i9,6,btc_shuffle:2;doge_shuffle:2;btc_random:1;xrp_shuffle:1,spannungsnahe_oeffnung,0.6666666666666666,spannungsnahe_oeffnung:4;offene_rekopplung:2,weltuebergreifend_feldoffen,0.38515583333333336,0.27190616666666667,0.5913233333333333
dio_04i1,6,btc_random:2;paxg_random:2;doge_random:1;xrp_shuffle:1,offene_rekopplung,0.6666666666666666,offene_rekopplung:4;tragende_rekopplung:2,weltuebergreifend_feldoffen,0.3861098333333333,0.2505915,0.6159561666666666
dio_04o1,6,doge_random:1;paxg_random:1;btc_random:1;xrp_random:1,tragende_rekopplung,1.0,tragende_rekopplung:6,weltuebergreifend_feldstabil,0.47213649999999996,0.12689725,0.691647625
dio_04ut,6,btc_random:1;doge_random:1;btc_shuffle:1;xrp_random:1,offene_rekopplung,0.8333333333333334,offene_rekopplung:5;offener_feldkontakt:1,weltuebergreifend_feldstabil,0.386235375,0.26942275,0.5923174999999999
dio_04z8,6,doge_random:2;paxg_random:2;btc_random:1,tragende_rekopplung,0.5,tragende_rekopplung:3;offene_rekopplung:3,weltuebergreifend_feldoffen,0.3976333,0.2350098,0.6302669
dio_0a6p,6,doge_random:1;btc_random:1;xrp_random:1;xrp_shuffle:1,tragende_rekopplung,1.0,tragende_rekopplung:6,weltuebergreifend_feldstabil,0.44420591666666664,0.17896533333333334,0.6545970833333333
dio_0ag7,6,paxg_random:1;btc_random:1;btc_shuffle:1;xrp_random:1;xrp_shuffle:1,tragende_rekopplung,1.0,tragende_rekopplung:6,weltuebergreifend_feldstabil,0.4655572,0.1410064,0.6878011
dio_0dw6,6,xrp_random:1;btc_random:1;btc_shuffle:1;paxg_random:1;xrp_shuffle:1,tragende_rekopplung,1.0,tragende_rekopplung:6,weltuebergreifend_feldstabil,0.427054,0.1973287,0.6502571
dio_0dwq,6,paxg_random:1;btc_random:1;doge_random:1;xrp_random:1,tragende_rekopplung,1.0,tragende_rekopplung:6,weltuebergreifend_feldstabil,0.46780875,0.1381915,0.6993901666666666
dio_0eij,6,paxg_random:2;doge_random:1,tragende_rekopplung,0.6666666666666666,tragende_rekopplung:4;offene_rekopplung:2,weltuebergreifend_feldoffen,0.40973149999999997,0.21276933333333334,0.6471480833333333
dio_0i6k,6,btc_shuffle:1;xrp_random:1;btc_random:1;xrp_shuffle:1,tragende_rekopplung,1.0,tragende_rekopplung:6,weltuebergreifend_feldstabil,0.47128125,0.128128875,0.701470625
dio_0ko2,6,doge_random:1;btc_random:1;paxg_random:1,tragende_rekopplung,1.0,tragende_rekopplung:6,weltuebergreifend_feldstabil,0.44821866666666665,0.169,0.6619369166666667
dio_0mu1,6,xrp_random:1;btc_random:1;doge_random:1,tragende_rekopplung,0.8333333333333334,tragende_rekopplung:5;offene_rekopplung:1,weltuebergreifend_feldstabil,0.4314297777777778,0.21651116666666667,0.6330949444444445
dio_0odc,6,paxg_random:1;xrp_random:1;btc_random:1;doge_random:1,tragende_rekopplung,0.8333333333333334,tragende_rekopplung:5;offene_rekopplung:1,weltuebergreifend_feldstabil,0.422237875,0.21444725,0.6313774999999999
dio_0xai,6,doge_random:2;paxg_random:1;btc_random:1,tragende_rekopplung,0.8333333333333334,tragende_rekopplung:5;offene_rekopplung:1,weltuebergreifend_feldstabil,0.42589825,0.20962658333333334,0.64375775
dio_0zv7,6,xrp_random:1;doge_random:1;doge_shuffle:1,tragende_rekopplung,1.0,tragende_rekopplung:6,weltuebergreifend_feldstabil,0.4400122777777778,0.20227366666666666,0.6389126666666667
dio_10ey,6,btc_random:2;doge_shuffle:1;paxg_shuffle:1;xrp_shuffle:1,tragende_rekopplung,0.6666666666666666,tragende_rekopplung:4;offene_rekopplung:2,weltuebergreifend_feldoffen,0.4061112,0.215429,0.6324623
dio_10tr,6,doge_random:1;btc_random:1;paxg_random:1;xrp_random:1,tragende_rekopplung,1.0,tragende_rekopplung:6,weltuebergreifend_feldstabil,0.46702325,0.13151175,0.68828075
dio_13hi,6,xrp_random:1;btc_random:1;doge_random:1,tragende_rekopplung,1.0,tragende_rekopplung:6,weltuebergreifend_feldstabil,0.42902083333333335,0.1972965,0.6484808333333334
dio_15cw,6,paxg_random:2;xrp_random:2;btc_random:1;doge_random:1,offene_rekopplung,0.6666666666666666,offene_rekopplung:4;tragende_rekopplung:2,weltuebergreifend_feldoffen,0.42286783333333333,0.21088816666666665,0.6258635
dio_15ot,6,xrp_random:2;btc_random:1;doge_random:1,tragende_rekopplung,0.8333333333333334,tragende_rekopplung:5;offene_rekopplung:1,weltuebergreifend_feldstabil,0.43128941666666665,0.19180308333333335,0.6625405
dio_1amt,6,xrp_shuffle:2;btc_random:1;btc_shuffle:1;doge_random:1;xrp_random:1,offene_rekopplung,0.8333333333333334,offene_rekopplung:5;tragende_rekopplung:1,weltuebergreifend_feldstabil,0.4054685,0.23629,0.6171765
dio_1bjt,6,xrp_shuffle:2;doge_shuffle:1;btc_shuffle:1;paxg_random:1,tragende_rekopplung,0.6666666666666666,tragende_rekopplung:4;offene_rekopplung:2,weltuebergreifend_feldoffen,0.4249991,0.2288225,0.6268595
dio_1dp0,6,xrp_random:2;doge_random:2;btc_random:1,tragende_rekopplung,0.5,tragende_rekopplung:3;offene_rekopplung:3,weltuebergreifend_feldoffen,0.4147091,0.2420385,0.6172992
dio_1ff8,6,xrp_random:2;doge_random:2;paxg_random:1,tragende_rekopplung,0.5,tragende_rekopplung:3;offene_rekopplung:3,weltuebergreifend_feldoffen,0.4168625,0.2163321,0.6336834
dio_1gn4,6,btc_random:2;xrp_random:2;paxg_random:1;xrp_shuffle:1,spannungsnahe_oeffnung,0.6666666666666666,spannungsnahe_oeffnung:4;offene_rekopplung:2,weltuebergreifend_feldoffen,0.3677106666666667,0.2916565,0.5799011666666667
dio_1gpl,6,xrp_random:1;btc_random:1;doge_random:1;paxg_random:1;xrp_shuffle:1,tragende_rekopplung,1.0,tragende_rekopplung:6,weltuebergreifend_feldstabil,0.44370930000000003,0.1586893,0.6670983
dio_1htm,6,doge_random:1;btc_random:1;btc_shuffle:1;xrp_random:1,tragende_rekopplung,1.0,tragende_rekopplung:6,weltuebergreifend_feldstabil,0.46343975000000004,0.14005508333333333,0.6834615833333333
dio_1mjk,6,doge_random:1;paxg_random:1;xrp_random:1,tragende_rekopplung,1.0,tragende_rekopplung:6,weltuebergreifend_feldstabil,0.44168599999999997,0.19384833333333332,0.6436625
dio_1mtl,6,xrp_random:1;btc_random:1;doge_random:1;paxg_random:1,tragende_rekopplung,0.8333333333333334,tragende_rekopplung:5;offene_rekopplung:1,weltuebergreifend_feldstabil,0.41800733333333334,0.20709216666666666,0.64582125
dio_1p3p,6,btc_random:2;paxg_random:2,tragende_rekopplung,0.6666666666666666,tragende_rekopplung:4;offene_rekopplung:2,weltuebergreifend_feldoffen,0.40074437500000004,0.23710662500000002,0.621533
dio_1rac,6,btc_random:2;doge_random:1;xrp_random:1,tragende_rekopplung,0.5,tragende_rekopplung:3;offene_rekopplung:3,weltuebergreifend_feldoffen,0.40093633333333334,0.24821183333333333,0.6230095
dio_00c9,5,doge_random:1;btc_random:1;paxg_random:1;xrp_random:1,offene_rekopplung,0.8,offene_rekopplung:4;spannungsnahe_oeffnung:1,weltuebergreifend_feldstabil,0.380192,0.27194324999999997,0.59979625
dio_02ht,5,xrp_random:1;doge_random:1;paxg_random:1;xrp_shuffle:1,tragende_rekopplung,1.0,tragende_rekopplung:5,weltuebergreifend_feldstabil,0.426777,0.210140875,0.6424785
dio_03l0,5,xrp_random:2;btc_random:1;doge_random:1,offene_rekopplung,0.8,offene_rekopplung:4;offener_feldkontakt:1,weltuebergreifend_feldstabil,0.394667625,0.261211625,0.5914015
dio_04kg,5,btc_random:1;paxg_shuffle:1;xrp_shuffle:1,tragende_rekopplung,1.0,tragende_rekopplung:5,weltuebergreifend_feldstabil,0.43025416666666666,0.18368866666666667,0.6550391666666667
dio_0bah,5,btc_random:2;doge_random:1;xrp_random:1,offene_rekopplung,0.6,offene_rekopplung:3;offener_feldkontakt:1;spannungsnahe_oeffnung:1,weltuebergreifend_feldoffen,0.388562875,0.27017975,0.58582325
dio_0bjw,5,btc_random:2;doge_random:1;doge_shuffle:1;paxg_random:1,offene_rekopplung,0.8,offene_rekopplung:4;tragende_rekopplung:1,weltuebergreifend_feldstabil,0.4140994,0.2179218,0.6216164
dio_0brc,5,paxg_random:1;doge_random:1,tragende_rekopplung,1.0,tragende_rekopplung:5,weltuebergreifend_feldstabil,0.47329,0.151355625,0.691197125
dio_0i1a,5,btc_random:1;doge_random:1;paxg_shuffle:1;xrp_random:1,tragende_rekopplung,0.8,tragende_rekopplung:4;offene_rekopplung:1,weltuebergreifend_feldstabil,0.418801125,0.22472124999999998,0.6322933749999999
dio_0ieh,5,btc_random:1;doge_random:1;xrp_random:1,tragende_rekopplung,1.0,tragende_rekopplung:5,weltuebergreifend_feldstabil,0.4677681111111111,0.13410233333333332,0.6874946666666667
dio_0jk1,5,doge_random:1;btc_random:1;xrp_random:1,tragende_rekopplung,1.0,tragende_rekopplung:5,weltuebergreifend_feldstabil,0.4584767777777778,0.144933,0.6762171111111112
dio_0jy4,5,doge_random:2;btc_random:1;paxg_random:1,tragende_rekopplung,0.6,tragende_rekopplung:3;offene_rekopplung:2,weltuebergreifend_feldoffen,0.416522,0.22242525,0.618657875
dio_0k6o,5,doge_random:2;btc_random:1;xrp_random:1;xrp_shuffle:1,offene_rekopplung,0.8,offene_rekopplung:4;tragende_rekopplung:1,weltuebergreifend_feldstabil,0.3947464,0.25538679999999997,0.6080458
dio_0mlc,5,btc_random:1;doge_random:1;doge_shuffle:1;paxg_shuffle:1;xrp_random:1,tragende_rekopplung,0.8,tragende_rekopplung:4;offene_rekopplung:1,weltuebergreifend_feldstabil,0.414442,0.2224486,0.6372418
dio_0ors,5,btc_random:1;xrp_random:1;doge_random:1,tragende_rekopplung,1.0,tragende_rekopplung:5,weltuebergreifend_feldstabil,0.42941233333333334,0.2027795,0.6446826666666666
dio_0rjp,5,btc_random:1;doge_random:1;xrp_random:1;xrp_shuffle:1,tragende_rekopplung,1.0,tragende_rekopplung:5,weltuebergreifend_feldstabil,0.437469125,0.184289875,0.6589855
dio_0tct,5,doge_random:1;xrp_random:1;paxg_random:1,tragende_rekopplung,1.0,tragende_rekopplung:5,weltuebergreifend_feldstabil,0.4706135,0.136074,0.6870658333333334
dio_0u9u,5,doge_random:2;xrp_random:1,tragende_rekopplung,0.8,tragende_rekopplung:4;offene_rekopplung:1,weltuebergreifend_feldstabil,0.4269846666666667,0.22524744444444444,0.6302537777777778
dio_0vdw,5,btc_random:1;xrp_random:1;doge_random:1,tragende_rekopplung,1.0,tragende_rekopplung:5,weltuebergreifend_feldstabil,0.42433883333333333,0.21911166666666668,0.6329746666666667
dio_0vj6,5,btc_random:2;doge_random:1;xrp_random:1,tragende_rekopplung,0.6,tragende_rekopplung:3;offene_rekopplung:2,weltuebergreifend_feldoffen,0.422103,0.21101799999999998,0.6284175
dio_0zzl,5,btc_random:2;doge_random:1;paxg_random:1;xrp_random:1,spannungsnahe_oeffnung,0.6,spannungsnahe_oeffnung:3;offene_rekopplung:2,weltuebergreifend_feldoffen,0.3661704,0.2785188,0.587225
dio_119k,5,btc_random:1;paxg_random:1;doge_random:1,offene_rekopplung,1.0,offene_rekopplung:5,weltuebergreifend_feldstabil,0.3739483333333333,0.26003766666666667,0.608216
dio_12on,5,btc_random:2;doge_random:1;xrp_random:1;xrp_shuffle:1,offene_rekopplung,0.4,offene_rekopplung:2;spannungsnahe_oeffnung:2;offener_feldkontakt:1,weltuebergreifend_feldoffen,0.3853892,0.2805644,0.5919714
dio_14de,5,paxg_random:1;xrp_random:1;xrp_shuffle:1,tragende_rekopplung,1.0,tragende_rekopplung:5,weltuebergreifend_feldstabil,0.43471766666666667,0.21117255555555556,0.6426164444444444
dio_161r,5,btc_random:1;xrp_random:1;doge_shuffle:1,tragende_rekopplung,1.0,tragende_rekopplung:5,weltuebergreifend_feldstabil,0.4491375,0.16437683333333333,0.6701020000000001
dio_16po,5,doge_random:1;doge_shuffle:1;xrp_shuffle:1,tragende_rekopplung,1.0,tragende_rekopplung:5,weltuebergreifend_feldstabil,0.45012399999999997,0.18144166666666667,0.6537978333333333
dio_16r1,5,doge_random:2;xrp_random:2;btc_random:1,offene_rekopplung,0.6,offene_rekopplung:3;tragende_rekopplung:2,weltuebergreifend_feldoffen,0.4228204,0.219148,0.6320554
dio_16wn,5,btc_random:1;doge_random:1;doge_shuffle:1;paxg_random:1;xrp_random:1,tragende_rekopplung,1.0,tragende_rekopplung:5,weltuebergreifend_feldstabil,0.4252704,0.190946,0.6396008
dio_17gs,5,doge_random:1;btc_shuffle:1;paxg_shuffle:1;xrp_random:1,tragende_rekopplung,1.0,tragende_rekopplung:5,weltuebergreifend_feldstabil,0.47423387499999997,0.12499350000000001,0.6970535
dio_17x3,5,btc_random:1;xrp_random:1;doge_random:1,tragende_rekopplung,1.0,tragende_rekopplung:5,weltuebergreifend_feldstabil,0.4431155,0.1868075,0.6552208333333334
dio_183v,5,doge_random:1;xrp_random:1;btc_random:1,tragende_rekopplung,1.0,tragende_rekopplung:5,weltuebergreifend_feldstabil,0.43228883333333334,0.19142683333333332,0.6475758333333334
dio_18bn,5,doge_shuffle:2;btc_shuffle:1;doge_random:1;xrp_random:1,tragende_rekopplung,0.8,tragende_rekopplung:4;offene_rekopplung:1,weltuebergreifend_feldstabil,0.418437,0.2283828,0.627274
dio_18hd,5,btc_random:1;xrp_random:1;btc_shuffle:1,tragende_rekopplung,1.0,tragende_rekopplung:5,weltuebergreifend_feldstabil,0.4669453333333333,0.1517715,0.6836488333333334
dio_1d9z,5,xrp_random:1;btc_random:1,tragende_rekopplung,1.0,tragende_rekopplung:5,weltuebergreifend_feldstabil,0.461514875,0.152028875,0.672470875
dio_1ffm,5,doge_random:2;xrp_random:1,tragende_rekopplung,0.6,tragende_rekopplung:3;offene_rekopplung:2,weltuebergreifend_feldoffen,0.428931,0.2192681111111111,0.6243666666666666
dio_1k5k,5,doge_random:1;xrp_random:1,tragende_rekopplung,1.0,tragende_rekopplung:5,weltuebergreifend_feldstabil,0.4592021666666667,0.16922283333333332,0.6635460833333333
dio_1nfb,5,btc_random:1;xrp_random:1;doge_random:1,tragende_rekopplung,0.8,tragende_rekopplung:4;offene_rekopplung:1,weltuebergreifend_feldstabil,0.4213596666666667,0.22220333333333334,0.6349268333333333
dio_1r8l,5,xrp_random:1;btc_random:1;btc_shuffle:1;doge_shuffle:1,tragende_rekopplung,1.0,tragende_rekopplung:5,weltuebergreifend_feldstabil,0.43909125,0.19280525,0.654092875
dio_1r8q,5,btc_random:2;doge_random:1;paxg_random:1;xrp_shuffle:1,offene_rekopplung,0.8,offene_rekopplung:4;tragende_rekopplung:1,weltuebergreifend_feldstabil,0.3993738,0.2488526,0.6053904
dio_1skb,5,xrp_random:1;xrp_shuffle:1;btc_shuffle:1,tragende_rekopplung,1.0,tragende_rekopplung:5,weltuebergreifend_feldstabil,0.44603383333333335,0.193854,0.654299
dio_1uci,5,doge_random:1;btc_random:1;paxg_random:1,tragende_rekopplung,1.0,tragende_rekopplung:5,weltuebergreifend_feldstabil,0.4249825555555556,0.2108067777777778,0.6380637777777778
dio_1v9l,5,btc_random:3;doge_random:2,offene_rekopplung,0.4,offene_rekopplung:2;spannungsnahe_oeffnung:2;tragende_rekopplung:1,weltuebergreifend_feldoffen,0.4036224,0.2631166,0.6033824
dio_1vyv,5,xrp_shuffle:2;btc_random:1;btc_shuffle:1;paxg_random:1,spannungsnahe_oeffnung,0.6,spannungsnahe_oeffnung:3;offener_feldkontakt:1;offene_rekopplung:1,weltuebergreifend_feldoffen,0.3641822,0.2911646,0.580446
dio_1x6g,5,btc_random:1;doge_random:1;xrp_random:1,tragende_rekopplung,1.0,tragende_rekopplung:5,weltuebergreifend_feldstabil,0.4776538888888889,0.125246,0.6955135555555555
dio_1yvu,5,btc_random:1;btc_shuffle:1;doge_random:1;paxg_random:1;xrp_random:1,tragende_rekopplung,1.0,tragende_rekopplung:5,weltuebergreifend_feldstabil,0.4289246,0.1816142,0.6487278
dio_00cl,4,doge_random:1;btc_random:1;paxg_random:1,tragende_rekopplung,1.0,tragende_rekopplung:4,weltuebergreifend_feldstabil,0.45979383333333335,0.15012916666666667,0.6761281666666668
dio_00p1,4,btc_random:1;doge_random:1,tragende_rekopplung,1.0,tragende_rekopplung:4,weltuebergreifend_feldstabil,0.468162,0.14869624999999997,0.68151775
dio_01j1,4,btc_random:2;doge_random:1;xrp_random:1,offene_rekopplung,0.75,offene_rekopplung:3;tragende_rekopplung:1,weltuebergreifend_feldoffen,0.39800475,0.2454585,0.59928275
dio_027e,4,btc_random:2;doge_random:1;doge_shuffle:1,offene_rekopplung,0.75,offene_rekopplung:3;tragende_rekopplung:1,weltuebergreifend_feldoffen,0.397669,0.247618,0.61648575
dio_03cg,4,doge_random:2;btc_random:1;xrp_random:1,offene_rekopplung,0.75,offene_rekopplung:3;tragende_rekopplung:1,weltuebergreifend_feldoffen,0.39739775,0.24918099999999999,0.61751925
dio_04aj,4,btc_random:1;xrp_random:1,tragende_rekopplung,1.0,tragende_rekopplung:4,weltuebergreifend_feldstabil,0.4293688333333333,0.20533016666666665,0.6329851666666666
dio_04gn,4,btc_random:2;paxg_random:1;xrp_random:1,spannungsnahe_oeffnung,0.75,spannungsnahe_oeffnung:3;offene_rekopplung:1,weltuebergreifend_feldoffen,0.37151999999999996,0.27482475,0.5896445
dio_04s3,4,btc_random:1;xrp_random:1,tragende_rekopplung,1.0,tragende_rekopplung:4,weltuebergreifend_feldstabil,0.45294249999999997,0.16362683333333333,0.6675813333333334
dio_0917,4,xrp_random:1;btc_random:1;paxg_random:1,tragende_rekopplung,1.0,tragende_rekopplung:4,weltuebergreifend_feldstabil,0.47291716666666667,0.1257955,0.7023803333333333
dio_09uu,4,btc_random:1;doge_random:1;doge_shuffle:1;xrp_random:1,tragende_rekopplung,0.75,tragende_rekopplung:3;spannungsnahe_oeffnung:1,weltuebergreifend_feldoffen,0.4181595,0.19746125,0.6449532499999999
dio_09vm,4,xrp_random:1;btc_random:1;doge_random:1,spannungsnahe_oeffnung,1.0,spannungsnahe_oeffnung:4,weltuebergreifend_feldstabil,0.3402163333333333,0.31908383333333334,0.5724955
dio_0by5,4,btc_random:1;paxg_random:1;xrp_shuffle:1,tragende_rekopplung,1.0,tragende_rekopplung:4,weltuebergreifend_feldstabil,0.4368415,0.18842616666666667,0.6525565
dio_0ds5,4,paxg_random:2;doge_random:1,offene_rekopplung,0.5,offene_rekopplung:2;spannungsnahe_oeffnung:2,weltuebergreifend_feldoffen,0.35420383333333333,0.287055,0.5867936666666667
dio_0esh,4,xrp_random:1;btc_random:1,tragende_rekopplung,1.0,tragende_rekopplung:4,weltuebergreifend_feldstabil,0.47679416666666663,0.1391693333333333,0.6908749999999999
dio_0g3j,4,xrp_random:2;doge_random:1,spannungsnahe_oeffnung,0.75,spannungsnahe_oeffnung:3;offener_feldkontakt:1,weltuebergreifend_feldoffen,0.358499,0.307607,0.5778538333333334
dio_0gkv,4,paxg_random:1;btc_random:1;doge_random:1,tragende_rekopplung,1.0,tragende_rekopplung:4,weltuebergreifend_feldstabil,0.47606433333333337,0.12322833333333333,0.6985856666666667
dio_0i3e,4,btc_random:1;doge_random:1;xrp_random:1,spannungsnahe_oeffnung,0.75,spannungsnahe_oeffnung:3;offener_feldkontakt:1,weltuebergreifend_feldoffen,0.35077633333333336,0.30806883333333335,0.5737213333333333
dio_0iq2,4,btc_random:1;doge_random:1;paxg_random:1,tragende_rekopplung,1.0,tragende_rekopplung:4,weltuebergreifend_feldstabil,0.44600233333333333,0.15542916666666667,0.6791521666666667
dio_0l9x,4,xrp_random:2;btc_random:1,tragende_rekopplung,0.5,tragende_rekopplung:2;offene_rekopplung:2,weltuebergreifend_feldoffen,0.407833,0.23614133333333331,0.6213066666666667
dio_0naq,4,xrp_random:1;doge_random:1;paxg_random:1,tragende_rekopplung,0.75,tragende_rekopplung:3;offene_rekopplung:1,weltuebergreifend_feldoffen,0.40682083333333335,0.22237833333333334,0.6364396666666666
dio_0nhx,4,btc_random:2;doge_random:1;paxg_random:1,offene_rekopplung,0.5,offene_rekopplung:2;tragende_rekopplung:2,weltuebergreifend_feldoffen,0.41117675,0.221153,0.6248454999999999
dio_0p3i,4,doge_random:1;btc_random:1;xrp_random:1,offene_rekopplung,1.0,offene_rekopplung:4,weltuebergreifend_feldstabil,0.3847815,0.2609243333333333,0.6015693333333334
dio_0qzc,4,xrp_random:1;paxg_random:1,tragende_rekopplung,1.0,tragende_rekopplung:4,weltuebergreifend_feldstabil,0.47733033333333336,0.13387783333333333,0.6912556666666667
dio_0ty0,4,doge_random:1;btc_random:1;btc_shuffle:1,tragende_rekopplung,1.0,tragende_rekopplung:4,weltuebergreifend_feldstabil,0.4409713333333333,0.18326766666666666,0.6672881666666667
dio_0vft,4,paxg_random:1,offene_rekopplung,1.0,offene_rekopplung:4,junge_syntaxinsel,0.41048874999999996,0.2596595,0.616227
dio_0vx9,4,doge_random:1;btc_random:1;xrp_random:1,tragende_rekopplung,0.75,tragende_rekopplung:3;offene_rekopplung:1,weltuebergreifend_feldoffen,0.4215816666666667,0.20382866666666666,0.6441535
dio_0w33,4,paxg_random:1;btc_random:1;xrp_random:1,tragende_rekopplung,1.0,tragende_rekopplung:4,weltuebergreifend_feldstabil,0.4752305,0.12484783333333334,0.6975788333333334
dio_0wyw,4,paxg_random:2,offene_rekopplung,0.5,offene_rekopplung:2;tragende_rekopplung:2,junge_syntaxinsel,0.41810875000000003,0.24503175000000002,0.62530525
dio_0ya2,4,btc_random:1;doge_random:1;xrp_random:1,tragende_rekopplung,1.0,tragende_rekopplung:4,weltuebergreifend_feldstabil,0.425473,0.20924783333333333,0.6373063333333333
dio_0ydv,4,doge_shuffle:1;xrp_shuffle:1,tragende_rekopplung,1.0,tragende_rekopplung:4,weltuebergreifend_feldstabil,0.4275633333333333,0.21928550000000002,0.6360245
dio_0z4l,4,btc_random:2;xrp_random:1,offene_rekopplung,0.5,offene_rekopplung:2;offener_feldkontakt:2,weltuebergreifend_feldoffen,0.389871,0.26927483333333335,0.5839311666666667
dio_0z9q,4,btc_random:1;xrp_random:1,spannungsnahe_oeffnung,1.0,spannungsnahe_oeffnung:4,weltuebergreifend_feldstabil,0.34417733333333334,0.33146733333333334,0.5490008333333334
dio_12yl,4,doge_random:2;btc_random:1,offene_rekopplung,0.75,offene_rekopplung:3;tragende_rekopplung:1,weltuebergreifend_feldoffen,0.420346,0.24515716666666668,0.6150115
dio_13q8,4,xrp_random:1;btc_random:1;paxg_random:1,offene_rekopplung,1.0,offene_rekopplung:4,weltuebergreifend_feldstabil,0.39726716666666667,0.24583033333333335,0.6101755
dio_13r8,4,xrp_random:2;btc_random:1;doge_random:1,spannungsnahe_oeffnung,0.75,spannungsnahe_oeffnung:3;getragen_offen:1,weltuebergreifend_feldoffen,0.36747025,0.315053,0.56846025
dio_16wl,4,paxg_random:2;doge_random:1;xrp_random:1,spannungsnahe_oeffnung,0.75,spannungsnahe_oeffnung:3;offene_rekopplung:1,weltuebergreifend_feldoffen,0.35193225,0.3018135,0.576424
dio_17mu,4,btc_random:1;btc_shuffle:1;doge_random:1;xrp_random:1,tragende_rekopplung,1.0,tragende_rekopplung:4,weltuebergreifend_feldstabil,0.44091225,0.17252675,0.65808775
dio_19uo,4,paxg_random:1;btc_random:1;doge_random:1,tragende_rekopplung,1.0,tragende_rekopplung:4,weltuebergreifend_feldstabil,0.46118166666666666,0.14928383333333334,0.6779598333333333
dio_1c6r,4,xrp_random:1;btc_random:1;doge_random:1,spannungsnahe_oeffnung,1.0,spannungsnahe_oeffnung:4,weltuebergreifend_feldstabil,0.3411608333333333,0.3203341666666667,0.557673
dio_1csq,4,paxg_random:1,tragende_rekopplung,1.0,tragende_rekopplung:4,junge_syntaxinsel,0.45728325000000003,0.200061,0.6591155
dio_1kd9,4,btc_random:2;doge_shuffle:1;xrp_random:1,tragende_rekopplung,0.75,tragende_rekopplung:3;offene_rekopplung:1,weltuebergreifend_feldoffen,0.41333949999999997,0.22342075,0.62900575
dio_1l8u,4,doge_random:2;btc_random:1;xrp_random:1,tragende_rekopplung,0.75,tragende_rekopplung:3;offene_rekopplung:1,weltuebergreifend_feldoffen,0.429148,0.20897749999999998,0.63578325
dio_1mj7,4,btc_random:1;doge_random:1;doge_shuffle:1,tragende_rekopplung,1.0,tragende_rekopplung:4,weltuebergreifend_feldstabil,0.4369556666666667,0.20037266666666667,0.6489875
dio_1nr4,4,btc_random:1;btc_shuffle:1;xrp_random:1,tragende_rekopplung,1.0,tragende_rekopplung:4,weltuebergreifend_feldstabil,0.43204333333333333,0.2076695,0.6396205
dio_1ojd,4,xrp_random:1;btc_shuffle:1;doge_shuffle:1,tragende_rekopplung,1.0,tragende_rekopplung:4,weltuebergreifend_feldstabil,0.43196083333333335,0.19176883333333333,0.6490081666666667
dio_1on4,4,doge_random:2;xrp_random:2,offene_rekopplung,0.5,offene_rekopplung:2;tragende_rekopplung:2,weltuebergreifend_feldoffen,0.408083,0.23894825,0.6224095000000001
dio_1pdi,4,xrp_random:2;btc_random:1;paxg_random:1,offene_rekopplung,0.75,offene_rekopplung:3;tragende_rekopplung:1,weltuebergreifend_feldoffen,0.387166,0.25455700000000003,0.6046265
dio_1ppm,4,doge_random:2,tragende_rekopplung,0.75,tragende_rekopplung:3;offene_rekopplung:1,junge_syntaxinsel,0.43114833333333336,0.2164645,0.6323778333333333
dio_1qal,4,btc_random:2;doge_random:2,offene_rekopplung,0.25,offene_rekopplung:1;offener_feldkontakt:1;getragen_offen:1;spannungsnahe_oeffnung:1,weltuebergreifend_feldoffen,0.377361,0.28968275,0.60461875
dio_1qto,4,doge_random:1;btc_random:1;paxg_random:1,tragende_rekopplung,1.0,tragende_rekopplung:4,weltuebergreifend_feldstabil,0.4170163333333333,0.20913883333333336,0.631019
dio_1rm9,4,btc_random:2;doge_random:1,offene_rekopplung,0.75,offene_rekopplung:3;tragende_rekopplung:1,weltuebergreifend_feldoffen,0.4125698333333333,0.23729383333333334,0.6118665
dio_1stg,4,xrp_random:1;btc_random:1,tragende_rekopplung,1.0,tragende_rekopplung:4,weltuebergreifend_feldstabil,0.45186266666666663,0.16027049999999998,0.6652778333333333
dio_1t9w,4,paxg_random:2;btc_random:1,tragende_rekopplung,0.5,tragende_rekopplung:2;offene_rekopplung:2,weltuebergreifend_feldoffen,0.40166016666666665,0.23930516666666668,0.6185615
dio_1v1w,4,xrp_random:2;btc_random:1;xrp_shuffle:1,offene_rekopplung,0.75,offene_rekopplung:3;tragende_rekopplung:1,weltuebergreifend_feldoffen,0.39372375,0.24972175,0.6095035
dio_1v53,4,doge_random:1;paxg_random:1;xrp_random:1,tragende_rekopplung,1.0,tragende_rekopplung:4,weltuebergreifend_feldstabil,0.4386816666666667,0.17179083333333334,0.6593945
dio_1wat,4,xrp_random:2;doge_random:1,offene_rekopplung,0.75,offene_rekopplung:3;tragende_rekopplung:1,weltuebergreifend_feldoffen,0.4018501666666667,0.2508651666666667,0.6239833333333333
dio_1xzd,4,doge_random:1;btc_random:1;xrp_random:1,tragende_rekopplung,1.0,tragende_rekopplung:4,weltuebergreifend_feldstabil,0.4230406666666667,0.22142616666666667,0.632872
dio_1ysl,4,doge_random:2;btc_random:1;paxg_random:1,spannungsnahe_oeffnung,0.75,spannungsnahe_oeffnung:3;offene_rekopplung:1,weltuebergreifend_feldoffen,0.3655395,0.28483025,0.587132
dio_00fy,3,doge_random:1;btc_random:1,tragende_rekopplung,1.0,tragende_rekopplung:3,weltuebergreifend_feldstabil,0.4470905,0.16623975,0.68468725
dio_00no,3,btc_random:1;btc_shuffle:1,tragende_rekopplung,1.0,tragende_rekopplung:3,weltuebergreifend_feldstabil,0.45926875,0.14766800000000002,0.6759952499999999
dio_00vf,3,doge_random:2,offene_rekopplung,0.6666666666666666,offene_rekopplung:2;tragende_rekopplung:1,junge_syntaxinsel,0.4081665,0.25029825,0.61171825
dio_03mt,3,paxg_random:2;btc_random:1,offene_rekopplung,0.6666666666666666,offene_rekopplung:2;tragende_rekopplung:1,weltuebergreifend_feldoffen,0.402921,0.23773533333333333,0.618107
dio_040k,3,btc_random:1;doge_random:1;xrp_random:1,tragende_rekopplung,1.0,tragende_rekopplung:3,weltuebergreifend_feldstabil,0.447477,0.14818933333333334,0.6709946666666666
dio_04db,3,xrp_random:1;doge_random:1,spannungsnahe_oeffnung,1.0,spannungsnahe_oeffnung:3,weltuebergreifend_feldstabil,0.336538,0.33578975,0.5430794999999999
dio_04gh,3,btc_random:2;paxg_random:1,offene_rekopplung,0.6666666666666666,offene_rekopplung:2;tragende_rekopplung:1,weltuebergreifend_feldoffen,0.39360066666666665,0.261992,0.599741
dio_04hr,3,xrp_random:1;btc_random:1,offene_rekopplung,1.0,offene_rekopplung:3,weltuebergreifend_feldstabil,0.38172375000000003,0.2758785,0.5874064999999999
dio_053i,3,xrp_random:1;btc_random:1,tragende_rekopplung,1.0,tragende_rekopplung:3,weltuebergreifend_feldstabil,0.45406574999999993,0.157055,0.67234625
dio_06mj,3,xrp_random:1,tragende_rekopplung,1.0,tragende_rekopplung:3,junge_syntaxinsel,0.450582,0.191952,0.6648296666666667
dio_07eb,3,xrp_random:1,spannungsnahe_oeffnung,1.0,spannungsnahe_oeffnung:3,junge_syntaxinsel,0.37848233333333337,0.29810766666666666,0.5777943333333333
dio_07v9,3,xrp_random:1,tragende_rekopplung,1.0,tragende_rekopplung:3,junge_syntaxinsel,0.48907966666666663,0.14604266666666668,0.691697
dio_084l,3,btc_random:1;doge_random:1;doge_shuffle:1,tragende_rekopplung,1.0,tragende_rekopplung:3,weltuebergreifend_feldstabil,0.447676,0.16034633333333334,0.6671176666666667
dio_08cw,3,doge_random:2;xrp_random:1,offene_rekopplung,0.6666666666666666,offene_rekopplung:2;tragende_rekopplung:1,weltuebergreifend_feldoffen,0.4058043333333333,0.24224266666666666,0.60394
dio_08p5,3,doge_random:2,tragende_rekopplung,0.6666666666666666,tragende_rekopplung:2;offene_rekopplung:1,junge_syntaxinsel,0.42867325,0.2334925,0.61825625
dio_08qd,3,doge_random:1;btc_random:1,tragende_rekopplung,1.0,tragende_rekopplung:3,weltuebergreifend_feldstabil,0.43210375,0.18116624999999997,0.6592825
dio_09ej,3,doge_random:2,offene_rekopplung,0.6666666666666666,offene_rekopplung:2;tragende_rekopplung:1,junge_syntaxinsel,0.412827,0.24751925000000002,0.62245375
dio_09t9,3,btc_random:1;doge_random:1;xrp_random:1,offene_rekopplung,1.0,offene_rekopplung:3,weltuebergreifend_feldstabil,0.4005316666666667,0.22891833333333333,0.6101623333333334
dio_0a9q,3,paxg_random:1;btc_random:1,tragende_rekopplung,1.0,tragende_rekopplung:3,weltuebergreifend_feldstabil,0.43625125,0.1886585,0.65748425
dio_0akm,3,btc_random:2;doge_random:1,spannungsnahe_oeffnung,0.6666666666666666,spannungsnahe_oeffnung:2;offene_rekopplung:1,weltuebergreifend_feldoffen,0.376923,0.28497500000000003,0.5869143333333333
dio_0e01,3,paxg_shuffle:2;btc_random:1,offene_rekopplung,0.6666666666666666,offene_rekopplung:2;tragende_rekopplung:1,weltuebergreifend_feldoffen,0.3951673333333333,0.23029633333333333,0.623362
dio_0ejm,3,xrp_random:1;paxg_random:1,tragende_rekopplung,1.0,tragende_rekopplung:3,weltuebergreifend_feldstabil,0.43488775,0.1896335,0.6728529999999999
dio_0f9p,3,btc_random:1;doge_random:1;paxg_random:1,spannungsnahe_oeffnung,0.6666666666666666,spannungsnahe_oeffnung:2;offener_feldkontakt:1,weltuebergreifend_feldoffen,0.370652,0.286791,0.5975383333333334
dio_0fta,3,btc_random:1;doge_random:1;xrp_random:1,offene_rekopplung,1.0,offene_rekopplung:3,weltuebergreifend_feldstabil,0.384342,0.245297,0.6088256666666667
dio_0g5s,3,paxg_random:2;xrp_shuffle:1,spannungsnahe_oeffnung,0.6666666666666666,spannungsnahe_oeffnung:2;offene_rekopplung:1,weltuebergreifend_feldoffen,0.37812999999999997,0.2817766666666667,0.586694
dio_0g6z,3,btc_random:1;doge_random:1;xrp_random:1,spannungsnahe_oeffnung,1.0,spannungsnahe_oeffnung:3,weltuebergreifend_feldstabil,0.363798,0.2892166666666667,0.578624
dio_0ifh,3,doge_random:1;xrp_random:1,tragende_rekopplung,1.0,tragende_rekopplung:3,weltuebergreifend_feldstabil,0.4395625,0.17822125,0.6533990000000001
dio_0ja6,3,btc_random:1;doge_random:1;doge_shuffle:1,offene_rekopplung,1.0,offene_rekopplung:3,weltuebergreifend_feldstabil,0.40618533333333334,0.244552,0.6115916666666666
dio_0juj,3,doge_random:1;doge_shuffle:1;xrp_random:1,tragende_rekopplung,1.0,tragende_rekopplung:3,weltuebergreifend_feldstabil,0.422937,0.20195166666666667,0.64143
dio_0kfz,3,xrp_random:1;doge_random:1,tragende_rekopplung,1.0,tragende_rekopplung:3,weltuebergreifend_feldstabil,0.458061,0.15897075,0.67426225
dio_0krs,3,btc_random:1;doge_random:1;paxg_random:1,tragende_rekopplung,1.0,tragende_rekopplung:3,weltuebergreifend_feldstabil,0.43132166666666666,0.17733833333333332,0.6529216666666666
dio_0okv,3,btc_random:1;doge_random:1;xrp_random:1,tragende_rekopplung,1.0,tragende_rekopplung:3,weltuebergreifend_feldstabil,0.43535033333333334,0.18012466666666666,0.6521343333333334
dio_0oxn,3,paxg_random:2;xrp_random:1,offene_rekopplung,0.6666666666666666,offene_rekopplung:2;tragende_rekopplung:1,weltuebergreifend_feldoffen,0.4080223333333333,0.21588866666666667,0.634267
dio_0phv,3,doge_random:1;btc_random:1,tragende_rekopplung,1.0,tragende_rekopplung:3,weltuebergreifend_feldstabil,0.43512575,0.18961325,0.6489195
dio_0qjk,3,doge_random:1;btc_random:1,tragende_rekopplung,1.0,tragende_rekopplung:3,weltuebergreifend_feldstabil,0.44146525000000003,0.17386425,0.66310125
dio_0rp4,3,doge_random:1;xrp_random:1,tragende_rekopplung,1.0,tragende_rekopplung:3,weltuebergreifend_feldstabil,0.4305215,0.19710775,0.64287775
dio_0rrh,3,xrp_random:1;doge_random:1,offene_rekopplung,1.0,offene_rekopplung:3,weltuebergreifend_feldstabil,0.397759,0.25657575,0.605353
dio_0tc2,3,doge_random:1;btc_random:1,tragende_rekopplung,1.0,tragende_rekopplung:3,weltuebergreifend_feldstabil,0.4684615,0.13531625,0.6872645
dio_0vfp,3,doge_random:1;xrp_random:1,tragende_rekopplung,1.0,tragende_rekopplung:3,weltuebergreifend_feldstabil,0.433805,0.18819225,0.6523082499999999
dio_0whw,3,doge_random:2;xrp_random:1,offene_rekopplung,0.6666666666666666,offene_rekopplung:2;spannungsnahe_oeffnung:1,weltuebergreifend_feldoffen,0.39055433333333334,0.2740923333333333,0.587324
dio_0z03,3,doge_random:1;paxg_random:1;xrp_random:1,tragende_rekopplung,1.0,tragende_rekopplung:3,weltuebergreifend_feldstabil,0.4615093333333333,0.14089866666666667,0.688218
dio_105x,3,btc_random:1;doge_random:1;paxg_random:1,tragende_rekopplung,1.0,tragende_rekopplung:3,weltuebergreifend_feldstabil,0.44984033333333334,0.14526,0.6747843333333333
dio_116p,3,xrp_random:3,getragen_offen,0.3333333333333333,getragen_offen:1;offene_rekopplung:1;spannungsnahe_oeffnung:1,junge_syntaxinsel,0.40090166666666666,0.28463933333333336,0.5921756666666667
dio_11al,3,btc_random:1,tragende_rekopplung,1.0,tragende_rekopplung:3,junge_syntaxinsel,0.47788566666666665,0.15052766666666667,0.6841743333333333
dio_11et,3,doge_random:1;btc_random:1,spannungsnahe_oeffnung,1.0,spannungsnahe_oeffnung:3,weltuebergreifend_feldstabil,0.34166675,0.32927175,0.5476920000000001
dio_11i8,3,btc_random:1;xrp_random:1,tragende_rekopplung,1.0,tragende_rekopplung:3,weltuebergreifend_feldstabil,0.41820999999999997,0.21084025,0.64465425
dio_11ml,3,doge_random:1;btc_random:1,tragende_rekopplung,1.0,tragende_rekopplung:3,weltuebergreifend_feldstabil,0.42164250000000003,0.219457,0.63082375
dio_11q8,3,btc_random:2;doge_random:1,offene_rekopplung,0.6666666666666666,offene_rekopplung:2;tragende_rekopplung:1,weltuebergreifend_feldoffen,0.40632833333333335,0.23335,0.6305556666666666
dio_11xf,3,xrp_random:2;btc_random:1,tragende_rekopplung,0.6666666666666666,tragende_rekopplung:2;offene_rekopplung:1,weltuebergreifend_feldoffen,0.42180733333333337,0.211077,0.6335766666666667
dio_12ks,3,doge_random:1,tragende_rekopplung,1.0,tragende_rekopplung:3,junge_syntaxinsel,0.4920313333333334,0.12353833333333333,0.6976296666666667
dio_12w2,3,xrp_random:2;doge_random:1,offene_rekopplung,0.6666666666666666,offene_rekopplung:2;tragende_rekopplung:1,weltuebergreifend_feldoffen,0.413221,0.22879,0.6230176666666667
dio_1361,3,btc_random:1;doge_random:1,tragende_rekopplung,1.0,tragende_rekopplung:3,weltuebergreifend_feldstabil,0.42859075,0.216051,0.633483
dio_13zi,3,btc_random:2;xrp_random:1,spannungsnahe_oeffnung,0.6666666666666666,spannungsnahe_oeffnung:2;offene_rekopplung:1,weltuebergreifend_feldoffen,0.3727803333333333,0.282708,0.5857933333333334
dio_14uu,3,btc_random:1;paxg_random:1;xrp_random:1,spannungsnahe_oeffnung,0.6666666666666666,spannungsnahe_oeffnung:2;offener_feldkontakt:1,weltuebergreifend_feldoffen,0.34879366666666667,0.300636,0.5808113333333333
dio_15fb,3,btc_random:1;doge_random:1;paxg_random:1,tragende_rekopplung,1.0,tragende_rekopplung:3,weltuebergreifend_feldstabil,0.43722066666666665,0.171667,0.6585103333333333
dio_166s,3,btc_shuffle:1;doge_shuffle:1;xrp_shuffle:1,offene_rekopplung,1.0,offene_rekopplung:3,weltuebergreifend_feldstabil,0.3845306666666667,0.270439,0.596572
dio_16cf,3,doge_random:1;xrp_random:1,tragende_rekopplung,1.0,tragende_rekopplung:3,weltuebergreifend_feldstabil,0.45537325,0.14616375,0.693989
dio_16vd,3,paxg_random:2;xrp_random:1,offene_rekopplung,0.6666666666666666,offene_rekopplung:2;tragende_rekopplung:1,weltuebergreifend_feldoffen,0.38525766666666666,0.248223,0.613264
dio_1a2h,3,btc_random:1;doge_random:1;xrp_random:1,offene_rekopplung,1.0,offene_rekopplung:3,weltuebergreifend_feldstabil,0.3807683333333333,0.25610066666666664,0.610278
dio_1d80,3,doge_random:1;paxg_random:1;xrp_random:1,tragende_rekopplung,0.6666666666666666,tragende_rekopplung:2;offene_rekopplung:1,weltuebergreifend_feldoffen,0.40112933333333334,0.21640266666666666,0.6284633333333334
dio_1dcc,3,btc_random:1;doge_random:1;paxg_random:1,spannungsnahe_oeffnung,1.0,spannungsnahe_oeffnung:3,weltuebergreifend_feldstabil,0.357431,0.29120066666666666,0.578499
dio_1eef,3,btc_random:2;btc_shuffle:1,offene_rekopplung,0.6666666666666666,offene_rekopplung:2;tragende_rekopplung:1,weltuebergreifend_feldoffen,0.402142,0.24902000000000002,0.6113523333333334
dio_1eua,3,doge_random:1;xrp_random:1;xrp_shuffle:1,tragende_rekopplung,0.6666666666666666,tragende_rekopplung:2;offene_rekopplung:1,weltuebergreifend_feldoffen,0.40709933333333337,0.23144933333333334,0.6195066666666666
dio_1ex1,3,doge_random:1;xrp_random:1,tragende_rekopplung,1.0,tragende_rekopplung:3,weltuebergreifend_feldstabil,0.46138200000000007,0.13996399999999998,0.68084875
dio_1f3a,3,btc_shuffle:1;doge_random:1;xrp_shuffle:1,tragende_rekopplung,1.0,tragende_rekopplung:3,weltuebergreifend_feldstabil,0.418309,0.21765433333333334,0.6316763333333334
dio_1ffn,3,doge_random:1;paxg_random:1;xrp_random:1,tragende_rekopplung,1.0,tragende_rekopplung:3,weltuebergreifend_feldstabil,0.45136,0.15362233333333333,0.672007
dio_1fuq,3,btc_random:2;xrp_random:1,offene_rekopplung,0.6666666666666666,offene_rekopplung:2;tragende_rekopplung:1,weltuebergreifend_feldoffen,0.414885,0.24090533333333333,0.619636
dio_1go3,3,xrp_random:2;doge_random:1,offene_rekopplung,0.6666666666666666,offene_rekopplung:2;offener_feldkontakt:1,weltuebergreifend_feldoffen,0.398432,0.25248266666666663,0.5939903333333334
dio_1hyv,3,doge_random:1;xrp_random:1,tragende_rekopplung,1.0,tragende_rekopplung:3,weltuebergreifend_feldstabil,0.42272725,0.218138,0.6262369999999999
dio_1ico,3,btc_random:1;paxg_random:1;xrp_random:1,offene_rekopplung,0.6666666666666666,offene_rekopplung:2;spannungsnahe_oeffnung:1,weltuebergreifend_feldoffen,0.37378633333333333,0.281173,0.5908636666666667
dio_1ilh,3,btc_random:1;paxg_random:1;xrp_shuffle:1,offene_rekopplung,0.6666666666666666,offene_rekopplung:2;tragende_rekopplung:1,weltuebergreifend_feldoffen,0.3935643333333333,0.23349666666666669,0.6312966666666666
dio_1l0l,3,xrp_random:2;doge_random:1,spannungsnahe_oeffnung,0.6666666666666666,spannungsnahe_oeffnung:2;offene_rekopplung:1,weltuebergreifend_feldoffen,0.3769576666666667,0.290007,0.5699526666666667
dio_1l4d,3,btc_random:1;paxg_random:1;xrp_random:1,tragende_rekopplung,1.0,tragende_rekopplung:3,weltuebergreifend_feldstabil,0.416002,0.207601,0.626617
dio_1lym,3,xrp_random:2;doge_random:1,offene_rekopplung,0.6666666666666666,offene_rekopplung:2;tragende_rekopplung:1,weltuebergreifend_feldoffen,0.40561633333333336,0.24457466666666666,0.6042886666666667
dio_1m4d,3,btc_random:1;doge_random:1;xrp_random:1,offene_rekopplung,1.0,offene_rekopplung:3,weltuebergreifend_feldstabil,0.3858206666666667,0.2577446666666667,0.5939116666666666
dio_1mgf,3,btc_random:2;doge_random:1,offene_rekopplung,0.6666666666666666,offene_rekopplung:2;tragende_rekopplung:1,weltuebergreifend_feldoffen,0.38416866666666666,0.24527466666666667,0.621335
dio_1o4h,3,btc_random:1;doge_random:1,tragende_rekopplung,1.0,tragende_rekopplung:3,weltuebergreifend_feldstabil,0.464005,0.141517,0.6813562500000001
dio_1oe7,3,btc_random:1;paxg_random:1;xrp_random:1,spannungsnahe_oeffnung,1.0,spannungsnahe_oeffnung:3,weltuebergreifend_feldstabil,0.348287,0.28476799999999997,0.578997
dio_1ofr,3,xrp_random:1;doge_random:1,tragende_rekopplung,1.0,tragende_rekopplung:3,weltuebergreifend_feldstabil,0.43146625,0.19653824999999997,0.64614175
dio_1ox6,3,btc_random:1;doge_random:1;paxg_random:1,tragende_rekopplung,1.0,tragende_rekopplung:3,weltuebergreifend_feldstabil,0.434024,0.17329633333333333,0.6649423333333333
dio_1q41,3,btc_random:1;doge_shuffle:1;xrp_random:1,tragende_rekopplung,1.0,tragende_rekopplung:3,weltuebergreifend_feldstabil,0.426027,0.20149066666666665,0.6475086666666666
dio_1q4o,3,doge_random:2;xrp_random:1,offene_rekopplung,0.6666666666666666,offene_rekopplung:2;tragende_rekopplung:1,weltuebergreifend_feldoffen,0.4130663333333333,0.23529166666666668,0.6168446666666667
dio_1qi4,3,paxg_random:1;doge_random:1,tragende_rekopplung,1.0,tragende_rekopplung:3,weltuebergreifend_feldstabil,0.41458525,0.21016200000000002,0.648922
dio_1txj,3,xrp_random:2;doge_random:1,spannungsnahe_oeffnung,0.6666666666666666,spannungsnahe_oeffnung:2;offene_rekopplung:1,weltuebergreifend_feldoffen,0.368892,0.286159,0.584267
dio_1up7,3,btc_random:1;paxg_random:1;xrp_random:1,tragende_rekopplung,1.0,tragende_rekopplung:3,weltuebergreifend_feldstabil,0.4118093333333333,0.21554633333333334,0.6457913333333333
dio_1w1w,3,btc_random:1;doge_random:1;paxg_random:1,tragende_rekopplung,1.0,tragende_rekopplung:3,weltuebergreifend_feldstabil,0.4631423333333333,0.13192266666666666,0.6874626666666667
dio_1ypr,3,xrp_random:1;paxg_random:1,tragende_rekopplung,0.6666666666666666,tragende_rekopplung:2;offene_rekopplung:1,weltuebergreifend_feldoffen,0.41128,0.20909125,0.654633
dio_0098,2,btc_random:1;paxg_random:1,tragende_rekopplung,1.0,tragende_rekopplung:2,weltuebergreifend_feldstabil,0.4263315,0.205204,0.6448005
dio_00k2,2,btc_random:1;doge_random:1,offener_feldkontakt,0.5,offener_feldkontakt:1;spannungsnahe_oeffnung:1,weltuebergreifend_feldoffen,0.3394515,0.3123,0.5751735
dio_00mi,2,doge_random:1;xrp_random:1,spannungsnahe_oeffnung,1.0,spannungsnahe_oeffnung:2,weltuebergreifend_feldstabil,0.36848650000000005,0.290491,0.5690390000000001
dio_01xf,2,doge_random:1;xrp_random:1,spannungsnahe_oeffnung,1.0,spannungsnahe_oeffnung:2,weltuebergreifend_feldstabil,0.3548835,0.28608500000000003,0.578122
dio_02qr,2,btc_random:1;xrp_random:1,tragende_rekopplung,1.0,tragende_rekopplung:2,weltuebergreifend_feldstabil,0.4155635,0.209862,0.6247780000000001
dio_03bp,2,doge_random:2,getragen_offen,0.5,getragen_offen:1;spannungsnahe_oeffnung:1,junge_syntaxinsel,0.38438300000000003,0.29799149999999996,0.5840625
dio_03cp,2,btc_random:2,offene_rekopplung,0.5,offene_rekopplung:1;tragende_rekopplung:1,junge_syntaxinsel,0.42398749999999996,0.2148195,0.6517355
dio_03h4,2,doge_random:2,offene_rekopplung,0.5,offene_rekopplung:1;spannungsnahe_oeffnung:1,junge_syntaxinsel,0.365459,0.290048,0.5843430000000001
dio_03ia,2,doge_random:1;doge_shuffle:1,tragende_rekopplung,1.0,tragende_rekopplung:2,weltuebergreifend_feldstabil,0.4278115,0.2035145,0.6426019999999999
dio_03pz,2,doge_random:1;xrp_random:1,tragende_rekopplung,1.0,tragende_rekopplung:2,weltuebergreifend_feldstabil,0.415937,0.22532649999999999,0.6294145
dio_040s,2,paxg_random:1;xrp_random:1,offene_rekopplung,1.0,offene_rekopplung:2,weltuebergreifend_feldstabil,0.38929,0.238657,0.6191925
dio_047h,2,doge_random:1;paxg_random:1,tragende_rekopplung,1.0,tragende_rekopplung:2,weltuebergreifend_feldstabil,0.413155,0.207079,0.6393295
dio_0503,2,doge_random:1;xrp_random:1,tragende_rekopplung,1.0,tragende_rekopplung:2,weltuebergreifend_feldstabil,0.413377,0.2004215,0.6335409999999999
dio_055b,2,doge_random:1;xrp_random:1,tragende_rekopplung,1.0,tragende_rekopplung:2,weltuebergreifend_feldstabil,0.4535485,0.138391,0.678491
dio_05xt,2,btc_random:1;doge_random:1,tragende_rekopplung,1.0,tragende_rekopplung:2,weltuebergreifend_feldstabil,0.42443200000000003,0.193741,0.642592
dio_07ar,2,doge_random:1;xrp_random:1,offene_rekopplung,1.0,offene_rekopplung:2,weltuebergreifend_feldstabil,0.3900245,0.24729,0.6027075
dio_085i,2,doge_random:1;xrp_random:1,tragende_rekopplung,1.0,tragende_rekopplung:2,weltuebergreifend_feldstabil,0.4396125,0.17428549999999998,0.654326
dio_087w,2,xrp_random:1,tragende_rekopplung,1.0,tragende_rekopplung:2,junge_syntaxinsel,0.474881,0.132502,0.6891915
dio_08ll,2,doge_random:1,tragende_rekopplung,1.0,tragende_rekopplung:2,junge_syntaxinsel,0.4370875,0.19401849999999998,0.6475865
dio_08nu,2,btc_random:1;doge_random:1,tragende_rekopplung,1.0,tragende_rekopplung:2,weltuebergreifend_feldstabil,0.4130655,0.211476,0.6259655
dio_0ac6,2,xrp_random:2,offene_rekopplung,0.5,offene_rekopplung:1;spannungsnahe_oeffnung:1,junge_syntaxinsel,0.38689450000000003,0.27365249999999997,0.5929115
dio_0afu,2,btc_random:1;doge_random:1,offene_rekopplung,0.5,offene_rekopplung:1;tragende_rekopplung:1,weltuebergreifend_feldoffen,0.4056905,0.21930100000000002,0.619148
dio_0ao3,2,btc_random:1,tragende_rekopplung,1.0,tragende_rekopplung:2,junge_syntaxinsel,0.4260875,0.20583200000000001,0.6412165000000001
dio_0b7d,2,doge_random:1;xrp_random:1,tragende_rekopplung,1.0,tragende_rekopplung:2,weltuebergreifend_feldstabil,0.4607325,0.1297105,0.6873750000000001
dio_0bfv,2,doge_random:1,tragende_rekopplung,1.0,tragende_rekopplung:2,junge_syntaxinsel,0.4908635,0.11746599999999999,0.7036169999999999
dio_0cpe,2,doge_random:2,getragen_offen,0.5,getragen_offen:1;offener_feldkontakt:1,junge_syntaxinsel,0.369587,0.296721,0.5915245
dio_0cw9,2,doge_random:1,tragende_rekopplung,1.0,tragende_rekopplung:2,junge_syntaxinsel,0.463531,0.1452085,0.6759765
dio_0dla,2,xrp_random:2,offene_rekopplung,0.5,offene_rekopplung:1;spannungsnahe_oeffnung:1,junge_syntaxinsel,0.383143,0.2757625,0.5908575
dio_0e65,2,btc_random:1;xrp_random:1,offene_rekopplung,1.0,offene_rekopplung:2,weltuebergreifend_feldstabil,0.3935375,0.248913,0.6073435
dio_0f90,2,btc_random:1;paxg_random:1,spannungsnahe_oeffnung,1.0,spannungsnahe_oeffnung:2,weltuebergreifend_feldstabil,0.3420625,0.30545449999999996,0.5654025
dio_0fbf,2,xrp_random:2,spannungsnahe_oeffnung,0.5,spannungsnahe_oeffnung:1;tragende_rekopplung:1,junge_syntaxinsel,0.407813,0.260685,0.6002155
dio_0h17,2,doge_shuffle:2,offene_rekopplung,0.5,offene_rekopplung:1;tragende_rekopplung:1,junge_syntaxinsel,0.434208,0.21446300000000001,0.630989
dio_0hcc,2,doge_random:1,tragende_rekopplung,1.0,tragende_rekopplung:2,junge_syntaxinsel,0.482305,0.1250615,0.696915
dio_0hqw,2,btc_random:1;doge_random:1,offene_rekopplung,1.0,offene_rekopplung:2,weltuebergreifend_feldstabil,0.38709649999999995,0.2682165,0.597056
dio_0ihq,2,btc_random:1;doge_random:1,offene_rekopplung,1.0,offene_rekopplung:2,weltuebergreifend_feldstabil,0.393404,0.2417355,0.6082725
dio_0im7,2,xrp_random:1,spannungsnahe_oeffnung,1.0,spannungsnahe_oeffnung:2,junge_syntaxinsel,0.35671699999999995,0.3141175,0.5612980000000001
dio_0ldz,2,btc_random:1,tragende_rekopplung,1.0,tragende_rekopplung:2,junge_syntaxinsel,0.459298,0.169875,0.6673805
dio_0lub,2,btc_shuffle:1;doge_random:1,offene_rekopplung,0.5,offene_rekopplung:1;tragende_rekopplung:1,weltuebergreifend_feldoffen,0.4120055,0.233323,0.618945
dio_0lv3,2,btc_random:1;xrp_random:1,tragende_rekopplung,1.0,tragende_rekopplung:2,weltuebergreifend_feldstabil,0.430942,0.1779055,0.6517675
dio_0lwm,2,xrp_random:2,offene_rekopplung,0.5,offene_rekopplung:1;tragende_rekopplung:1,junge_syntaxinsel,0.4149845,0.23992850000000002,0.62546
dio_0nuu,2,doge_random:1,tragende_rekopplung,1.0,tragende_rekopplung:2,junge_syntaxinsel,0.43260149999999997,0.1984355,0.6405565
dio_0qrn,2,xrp_random:1,spannungsnahe_oeffnung,1.0,spannungsnahe_oeffnung:2,junge_syntaxinsel,0.37215149999999997,0.320686,0.566589
dio_0qyp,2,btc_random:1,tragende_rekopplung,1.0,tragende_rekopplung:2,junge_syntaxinsel,0.4505865,0.169292,0.6592009999999999
dio_0rpv,2,doge_random:1;xrp_random:1,tragende_rekopplung,1.0,tragende_rekopplung:2,weltuebergreifend_feldstabil,0.4202305,0.19073400000000001,0.6627544999999999
dio_0rzl,2,btc_random:1;paxg_random:1,tragende_rekopplung,1.0,tragende_rekopplung:2,weltuebergreifend_feldstabil,0.44677,0.164,0.6730160000000001
dio_0s3v,2,doge_random:1;xrp_random:1,tragende_rekopplung,1.0,tragende_rekopplung:2,weltuebergreifend_feldstabil,0.4599395,0.137765,0.6842615000000001
dio_0tlc,2,doge_random:1,tragende_rekopplung,1.0,tragende_rekopplung:2,junge_syntaxinsel,0.49324100000000004,0.1168225,0.7099765
dio_0u02,2,btc_random:1;xrp_random:1,tragende_rekopplung,1.0,tragende_rekopplung:2,weltuebergreifend_feldstabil,0.4237185,0.202882,0.641805
dio_0ucz,2,btc_random:1;paxg_random:1,offene_rekopplung,1.0,offene_rekopplung:2,weltuebergreifend_feldstabil,0.37265000000000004,0.263831,0.6000365
dio_0uen,2,btc_random:1;doge_random:1,tragende_rekopplung,1.0,tragende_rekopplung:2,weltuebergreifend_feldstabil,0.43774599999999997,0.15131699999999998,0.6829354999999999
dio_0vm8,2,doge_random:1;paxg_random:1,tragende_rekopplung,1.0,tragende_rekopplung:2,weltuebergreifend_feldstabil,0.424425,0.1873075,0.6461385
dio_0w8j,2,paxg_random:1;xrp_random:1,tragende_rekopplung,1.0,tragende_rekopplung:2,weltuebergreifend_feldstabil,0.409889,0.2281715,0.6252125
dio_0wnd,2,doge_random:1;xrp_random:1,offene_rekopplung,1.0,offene_rekopplung:2,weltuebergreifend_feldstabil,0.3849515,0.266439,0.5877345
dio_0x74,2,btc_random:1;xrp_random:1,tragende_rekopplung,1.0,tragende_rekopplung:2,weltuebergreifend_feldstabil,0.458626,0.142999,0.6829745
dio_0y0j,2,btc_random:1;doge_random:1,offene_rekopplung,0.5,offene_rekopplung:1;offener_feldkontakt:1,weltuebergreifend_feldoffen,0.376867,0.2627685,0.5852489999999999
dio_0y66,2,doge_random:1;xrp_random:1,offene_rekopplung,1.0,offene_rekopplung:2,weltuebergreifend_feldstabil,0.3976005,0.24870750000000003,0.603111
dio_0y9j,2,btc_random:1;xrp_shuffle:1,tragende_rekopplung,1.0,tragende_rekopplung:2,weltuebergreifend_feldstabil,0.43042749999999996,0.1799155,0.6491335
dio_0z8e,2,btc_random:1;doge_random:1,tragende_rekopplung,1.0,tragende_rekopplung:2,weltuebergreifend_feldstabil,0.442504,0.1544415,0.668945
dio_0zw7,2,paxg_random:1;xrp_random:1,tragende_rekopplung,1.0,tragende_rekopplung:2,weltuebergreifend_feldstabil,0.4477895,0.1605475,0.6669799999999999
dio_10cc,2,doge_random:1;xrp_random:1,offene_rekopplung,1.0,offene_rekopplung:2,weltuebergreifend_feldstabil,0.364415,0.2633675,0.595102
dio_10ql,2,xrp_shuffle:1,offene_rekopplung,1.0,offene_rekopplung:2,junge_syntaxinsel,0.40523,0.2577975,0.6028605
dio_118x,2,doge_random:1;xrp_random:1,tragende_rekopplung,1.0,tragende_rekopplung:2,weltuebergreifend_feldstabil,0.4153215,0.2028135,0.639437
dio_125k,2,doge_random:1;xrp_random:1,tragende_rekopplung,1.0,tragende_rekopplung:2,weltuebergreifend_feldstabil,0.4238285,0.21192899999999998,0.6404245
dio_12ze,2,btc_random:2,offene_rekopplung,0.5,offene_rekopplung:1;spannungsnahe_oeffnung:1,junge_syntaxinsel,0.3734685,0.270516,0.5953765
dio_13qt,2,doge_random:1;paxg_random:1,tragende_rekopplung,1.0,tragende_rekopplung:2,weltuebergreifend_feldstabil,0.435487,0.191801,0.654617
dio_13td,2,doge_random:1;paxg_random:1,tragende_rekopplung,1.0,tragende_rekopplung:2,weltuebergreifend_feldstabil,0.415735,0.20164500000000002,0.6307595
dio_14qs,2,doge_random:1;xrp_random:1,tragende_rekopplung,1.0,tragende_rekopplung:2,weltuebergreifend_feldstabil,0.4069375,0.2072975,0.6351855
dio_1587,2,btc_random:1;doge_random:1,tragende_rekopplung,1.0,tragende_rekopplung:2,weltuebergreifend_feldstabil,0.416433,0.21055649999999998,0.6410155
dio_15dn,2,doge_random:1;xrp_random:1,tragende_rekopplung,1.0,tragende_rekopplung:2,weltuebergreifend_feldstabil,0.42558399999999996,0.18148599999999998,0.648471
dio_15pd,2,btc_random:1,tragende_rekopplung,1.0,tragende_rekopplung:2,junge_syntaxinsel,0.4444355,0.19949250000000002,0.6457809999999999
dio_16oz,2,paxg_random:1;xrp_random:1,tragende_rekopplung,1.0,tragende_rekopplung:2,weltuebergreifend_feldstabil,0.432873,0.1789195,0.6556425
dio_17el,2,xrp_random:1,tragende_rekopplung,1.0,tragende_rekopplung:2,junge_syntaxinsel,0.4543155,0.1706465,0.6699725000000001
dio_17tq,2,doge_random:1;paxg_random:1,tragende_rekopplung,1.0,tragende_rekopplung:2,weltuebergreifend_feldstabil,0.4382685,0.179977,0.6547045
dio_17xs,2,xrp_random:1;xrp_shuffle:1,offene_rekopplung,1.0,offene_rekopplung:2,weltuebergreifend_feldstabil,0.38241749999999997,0.2537125,0.6033470000000001
dio_18d9,2,doge_random:1;xrp_random:1,tragende_rekopplung,1.0,tragende_rekopplung:2,weltuebergreifend_feldstabil,0.42890649999999997,0.1987665,0.6488285
dio_1c75,2,btc_random:1;xrp_random:1,offene_rekopplung,0.5,offene_rekopplung:1;spannungsnahe_oeffnung:1,weltuebergreifend_feldoffen,0.36569799999999997,0.280697,0.5857950000000001
dio_1cky,2,doge_shuffle:1;xrp_random:1,offene_rekopplung,1.0,offene_rekopplung:2,weltuebergreifend_feldstabil,0.4004025,0.2383985,0.614441
dio_1g13,2,paxg_random:1,tragende_rekopplung,1.0,tragende_rekopplung:2,junge_syntaxinsel,0.46528,0.1397865,0.698511
dio_1g24,2,btc_random:1;paxg_random:1,offene_rekopplung,1.0,offene_rekopplung:2,weltuebergreifend_feldstabil,0.403887,0.236668,0.615652
dio_1g7b,2,xrp_random:1,tragende_rekopplung,1.0,tragende_rekopplung:2,junge_syntaxinsel,0.4361075,0.21428350000000002,0.63927
dio_1grk,2,btc_random:1;doge_random:1,tragende_rekopplung,1.0,tragende_rekopplung:2,weltuebergreifend_feldstabil,0.4186615,0.2058215,0.644259
dio_1hba,2,doge_random:1,tragende_rekopplung,1.0,tragende_rekopplung:2,junge_syntaxinsel,0.4600515,0.1806755,0.6622995
dio_1io8,2,doge_random:1;xrp_shuffle:1,offene_rekopplung,1.0,offene_rekopplung:2,weltuebergreifend_feldstabil,0.40370700000000004,0.234531,0.6158684999999999
dio_1ixa,2,doge_random:1;xrp_random:1,tragende_rekopplung,1.0,tragende_rekopplung:2,weltuebergreifend_feldstabil,0.4128905,0.1972365,0.6368105
dio_1j51,2,btc_random:1;doge_random:1,spannungsnahe_oeffnung,1.0,spannungsnahe_oeffnung:2,weltuebergreifend_feldstabil,0.32585,0.339008,0.537355
dio_1jmw,2,btc_random:1;xrp_random:1,spannungsnahe_oeffnung,1.0,spannungsnahe_oeffnung:2,weltuebergreifend_feldstabil,0.33963350000000003,0.3035555,0.5684695
dio_1jow,2,btc_random:1;xrp_random:1,spannungsnahe_oeffnung,1.0,spannungsnahe_oeffnung:2,weltuebergreifend_feldstabil,0.366446,0.294452,0.5759380000000001
dio_1jqt,2,btc_random:1;xrp_random:1,offener_feldkontakt,0.5,offener_feldkontakt:1;spannungsnahe_oeffnung:1,weltuebergreifend_feldoffen,0.369908,0.2785375,0.5719375
dio_1k4l,2,btc_random:1;doge_random:1,offene_rekopplung,1.0,offene_rekopplung:2,weltuebergreifend_feldstabil,0.36954750000000003,0.261142,0.6168925000000001
dio_1kpm,2,btc_random:1,offene_rekopplung,1.0,offene_rekopplung:2,junge_syntaxinsel,0.4038845,0.2604885,0.6063535
dio_1lus,2,doge_random:1;paxg_shuffle:1,tragende_rekopplung,1.0,tragende_rekopplung:2,weltuebergreifend_feldstabil,0.410909,0.193648,0.6461840000000001
dio_1lwq,2,btc_random:1;doge_random:1,tragende_rekopplung,1.0,tragende_rekopplung:2,weltuebergreifend_feldstabil,0.415502,0.20104650000000002,0.6370905
dio_1n7d,2,btc_random:1;doge_random:1,tragende_rekopplung,1.0,tragende_rekopplung:2,weltuebergreifend_feldstabil,0.439503,0.1720805,0.659308
dio_1niw,2,doge_random:1;paxg_random:1,tragende_rekopplung,1.0,tragende_rekopplung:2,weltuebergreifend_feldstabil,0.4354325,0.1664125,0.657122
dio_1obv,2,btc_random:1;btc_shuffle:1,tragende_rekopplung,1.0,tragende_rekopplung:2,weltuebergreifend_feldstabil,0.43240350000000005,0.18334099999999998,0.6468315
dio_1ov5,2,doge_shuffle:1;xrp_shuffle:1,tragende_rekopplung,1.0,tragende_rekopplung:2,weltuebergreifend_feldstabil,0.4219405,0.21316449999999998,0.633737
dio_1pgm,2,btc_random:1,tragende_rekopplung,1.0,tragende_rekopplung:2,junge_syntaxinsel,0.473695,0.1473695,0.685746
dio_1pkp,2,btc_random:1;doge_random:1,offene_rekopplung,1.0,offene_rekopplung:2,weltuebergreifend_feldstabil,0.38705500000000004,0.2522665,0.6015385
dio_1qms,2,btc_random:1;doge_random:1,offene_rekopplung,1.0,offene_rekopplung:2,weltuebergreifend_feldstabil,0.36867099999999997,0.258555,0.5985145000000001
dio_1qp8,2,btc_random:1;xrp_random:1,tragende_rekopplung,1.0,tragende_rekopplung:2,weltuebergreifend_feldstabil,0.4103445,0.215623,0.629292
dio_1qsw,2,btc_random:1;doge_random:1,tragende_rekopplung,1.0,tragende_rekopplung:2,weltuebergreifend_feldstabil,0.42605899999999997,0.188156,0.6460665000000001
dio_1qt4,2,btc_random:1;paxg_random:1,offene_rekopplung,1.0,offene_rekopplung:2,weltuebergreifend_feldstabil,0.388206,0.244889,0.610994
dio_1rta,2,btc_random:2,offene_rekopplung,0.5,offene_rekopplung:1;tragende_rekopplung:1,junge_syntaxinsel,0.42693349999999997,0.215713,0.6328285
dio_1sxt,2,btc_random:1;xrp_random:1,offene_rekopplung,1.0,offene_rekopplung:2,weltuebergreifend_feldstabil,0.39492099999999997,0.2421395,0.610509
dio_1v69,2,paxg_random:1;xrp_random:1,spannungsnahe_oeffnung,1.0,spannungsnahe_oeffnung:2,weltuebergreifend_feldstabil,0.3610375,0.28867299999999996,0.579547
dio_1v6h,2,paxg_random:1,tragende_rekopplung,1.0,tragende_rekopplung:2,junge_syntaxinsel,0.44618199999999997,0.1973485,0.6554655
dio_1wss,2,doge_random:1;xrp_random:1,offene_rekopplung,1.0,offene_rekopplung:2,weltuebergreifend_feldstabil,0.38840050000000004,0.2413295,0.633515
dio_1x8d,2,btc_random:1;doge_random:1,offene_rekopplung,1.0,offene_rekopplung:2,weltuebergreifend_feldstabil,0.3923415,0.2401955,0.5997935
dio_1ync,2,btc_random:1;doge_random:1,offene_rekopplung,1.0,offene_rekopplung:2,weltuebergreifend_feldstabil,0.397958,0.2306435,0.6145615
dio_1yu5,2,doge_random:1;paxg_random:1,spannungsnahe_oeffnung,1.0,spannungsnahe_oeffnung:2,weltuebergreifend_feldstabil,0.347806,0.3037965,0.57209
dio_00dp,1,btc_shuffle:1,tragende_rekopplung,1.0,tragende_rekopplung:1,junge_syntaxinsel,0.420642,0.205783,0.63078
dio_00wi,1,xrp_random:1,tragende_rekopplung,1.0,tragende_rekopplung:1,junge_syntaxinsel,0.425547,0.20087,0.643338
dio_01bi,1,xrp_random:1,tragende_rekopplung,1.0,tragende_rekopplung:1,junge_syntaxinsel,0.465165,0.126067,0.691108
dio_01ez,1,xrp_random:1,offene_rekopplung,1.0,offene_rekopplung:1,junge_syntaxinsel,0.38328,0.255043,0.603669
dio_01ko,1,btc_random:1,tragende_rekopplung,1.0,tragende_rekopplung:1,junge_syntaxinsel,0.439931,0.157993,0.671878
dio_01q8,1,paxg_random:1,offene_rekopplung,1.0,offene_rekopplung:1,junge_syntaxinsel,0.375588,0.239302,0.645544
dio_01xl,1,doge_random:1,tragende_rekopplung,1.0,tragende_rekopplung:1,junge_syntaxinsel,0.42392,0.209943,0.640074
dio_01xz,1,doge_random:1,tragende_rekopplung,1.0,tragende_rekopplung:1,junge_syntaxinsel,0.418391,0.200919,0.633157
dio_01y4,1,doge_random:1,tragende_rekopplung,1.0,tragende_rekopplung:1,junge_syntaxinsel,0.444379,0.151059,0.67137
dio_021l,1,btc_random:1,tragende_rekopplung,1.0,tragende_rekopplung:1,junge_syntaxinsel,0.422609,0.19581,0.649229
dio_02a1,1,xrp_random:1,spannungsnahe_oeffnung,1.0,spannungsnahe_oeffnung:1,junge_syntaxinsel,0.360234,0.283358,0.584378
dio_02m8,1,xrp_random:1,tragende_rekopplung,1.0,tragende_rekopplung:1,junge_syntaxinsel,0.408552,0.19268,0.674861
dio_02mz,1,doge_random:1,offene_rekopplung,1.0,offene_rekopplung:1,junge_syntaxinsel,0.381148,0.265298,0.585766
dio_0359,1,paxg_random:1,tragende_rekopplung,1.0,tragende_rekopplung:1,junge_syntaxinsel,0.435402,0.187743,0.656017
dio_03be,1,xrp_random:1,tragende_rekopplung,1.0,tragende_rekopplung:1,junge_syntaxinsel,0.441684,0.178186,0.660614
dio_03gb,1,xrp_random:1,tragende_rekopplung,1.0,tragende_rekopplung:1,junge_syntaxinsel,0.408507,0.215345,0.627463
dio_03i3,1,xrp_random:1,spannungsnahe_oeffnung,1.0,spannungsnahe_oeffnung:1,junge_syntaxinsel,0.354906,0.293801,0.571841
dio_03j1,1,doge_random:1,tragende_rekopplung,1.0,tragende_rekopplung:1,junge_syntaxinsel,0.425231,0.208314,0.640445
dio_03j4,1,xrp_random:1,spannungsnahe_oeffnung,1.0,spannungsnahe_oeffnung:1,junge_syntaxinsel,0.358418,0.310006,0.565655
dio_03jn,1,xrp_random:1,spannungsnahe_oeffnung,1.0,spannungsnahe_oeffnung:1,junge_syntaxinsel,0.360129,0.292726,0.570538
dio_03v6,1,paxg_random:1,offene_rekopplung,1.0,offene_rekopplung:1,junge_syntaxinsel,0.372086,0.253049,0.607283
dio_03vk,1,btc_random:1,tragende_rekopplung,1.0,tragende_rekopplung:1,junge_syntaxinsel,0.421273,0.187026,0.643112
dio_03xn,1,doge_random:1,offene_rekopplung,1.0,offene_rekopplung:1,junge_syntaxinsel,0.380783,0.269285,0.600268
dio_04hk,1,xrp_random:1,tragende_rekopplung,1.0,tragende_rekopplung:1,junge_syntaxinsel,0.449126,0.150191,0.67133
dio_04rb,1,xrp_random:1,offene_rekopplung,1.0,offene_rekopplung:1,junge_syntaxinsel,0.387288,0.23859,0.614038
dio_05kn,1,btc_random:1,offene_rekopplung,1.0,offene_rekopplung:1,junge_syntaxinsel,0.389853,0.252018,0.606803
dio_05ls,1,doge_random:1,spannungsnahe_oeffnung,1.0,spannungsnahe_oeffnung:1,junge_syntaxinsel,0.359088,0.306546,0.564492
dio_05u1,1,doge_random:1,tragende_rekopplung,1.0,tragende_rekopplung:1,junge_syntaxinsel,0.409997,0.212208,0.622408
dio_05y9,1,paxg_random:1,tragende_rekopplung,1.0,tragende_rekopplung:1,junge_syntaxinsel,0.432821,0.180358,0.648457
dio_063s,1,paxg_random:1,offene_rekopplung,1.0,offene_rekopplung:1,junge_syntaxinsel,0.35387,0.269447,0.624009
dio_0654,1,doge_random:1,tragende_rekopplung,1.0,tragende_rekopplung:1,junge_syntaxinsel,0.415921,0.225704,0.623111
dio_06b8,1,xrp_random:1,offene_rekopplung,1.0,offene_rekopplung:1,junge_syntaxinsel,0.384515,0.247049,0.603922
dio_06rz,1,btc_random:1,tragende_rekopplung,1.0,tragende_rekopplung:1,junge_syntaxinsel,0.445793,0.165834,0.668068
dio_077c,1,doge_random:1,tragende_rekopplung,1.0,tragende_rekopplung:1,junge_syntaxinsel,0.421888,0.185363,0.643933
dio_0783,1,doge_random:1,tragende_rekopplung,1.0,tragende_rekopplung:1,junge_syntaxinsel,0.420585,0.188282,0.641723
dio_07ax,1,btc_random:1,offene_rekopplung,1.0,offene_rekopplung:1,junge_syntaxinsel,0.365274,0.262136,0.625894
dio_07jt,1,doge_random:1,tragende_rekopplung,1.0,tragende_rekopplung:1,junge_syntaxinsel,0.427733,0.185758,0.645811
dio_07zd,1,doge_random:1,tragende_rekopplung,1.0,tragende_rekopplung:1,junge_syntaxinsel,0.461968,0.13736,0.686693
dio_087j,1,btc_random:1,tragende_rekopplung,1.0,tragende_rekopplung:1,junge_syntaxinsel,0.42577,0.178009,0.650206
dio_08c7,1,doge_random:1,tragende_rekopplung,1.0,tragende_rekopplung:1,junge_syntaxinsel,0.431497,0.164987,0.654285
dio_08ev,1,btc_random:1,offene_rekopplung,1.0,offene_rekopplung:1,junge_syntaxinsel,0.394163,0.232009,0.611067
dio_09ex,1,xrp_random:1,offene_rekopplung,1.0,offene_rekopplung:1,junge_syntaxinsel,0.3795,0.272331,0.588459
dio_09l0,1,doge_random:1,spannungsnahe_oeffnung,1.0,spannungsnahe_oeffnung:1,junge_syntaxinsel,0.335616,0.311602,0.565982
dio_0amj,1,doge_random:1,offene_rekopplung,1.0,offene_rekopplung:1,junge_syntaxinsel,0.393926,0.23837,0.608732
dio_0ani,1,xrp_random:1,offene_rekopplung,1.0,offene_rekopplung:1,junge_syntaxinsel,0.396185,0.23047,0.621289
dio_0baw,1,btc_random:1,offene_rekopplung,1.0,offene_rekopplung:1,junge_syntaxinsel,0.393696,0.224669,0.615742
dio_0bk3,1,doge_random:1,offene_rekopplung,1.0,offene_rekopplung:1,junge_syntaxinsel,0.372805,0.271709,0.586162
dio_0bnz,1,doge_random:1,tragende_rekopplung,1.0,tragende_rekopplung:1,junge_syntaxinsel,0.431431,0.166002,0.654942
dio_0bt8,1,btc_random:1,offene_rekopplung,1.0,offene_rekopplung:1,junge_syntaxinsel,0.395981,0.248013,0.604914
dio_0cej,1,btc_random:1,offene_rekopplung,1.0,offene_rekopplung:1,junge_syntaxinsel,0.359057,0.274457,0.613446
dio_0cks,1,doge_random:1,offene_rekopplung,1.0,offene_rekopplung:1,junge_syntaxinsel,0.386431,0.242431,0.60988
dio_0cvu,1,paxg_random:1,tragende_rekopplung,1.0,tragende_rekopplung:1,junge_syntaxinsel,0.458299,0.144463,0.686508
dio_0e5w,1,btc_random:1,offene_rekopplung,1.0,offene_rekopplung:1,junge_syntaxinsel,0.389503,0.265972,0.598769
dio_0e8w,1,xrp_random:1,tragende_rekopplung,1.0,tragende_rekopplung:1,junge_syntaxinsel,0.413746,0.221915,0.623881
dio_0e92,1,doge_random:1,spannungsnahe_oeffnung,1.0,spannungsnahe_oeffnung:1,junge_syntaxinsel,0.333738,0.328793,0.541913
dio_0eyq,1,doge_random:1,tragende_rekopplung,1.0,tragende_rekopplung:1,junge_syntaxinsel,0.429595,0.176605,0.654269
dio_0f4i,1,xrp_random:1,spannungsnahe_oeffnung,1.0,spannungsnahe_oeffnung:1,junge_syntaxinsel,0.360802,0.303651,0.564034
dio_0fug,1,doge_shuffle:1,offene_rekopplung,1.0,offene_rekopplung:1,junge_syntaxinsel,0.380169,0.263538,0.600042
dio_0g9q,1,doge_random:1,offene_rekopplung,1.0,offene_rekopplung:1,junge_syntaxinsel,0.383146,0.256386,0.597322
dio_0gq3,1,doge_random:1,tragende_rekopplung,1.0,tragende_rekopplung:1,junge_syntaxinsel,0.409397,0.222881,0.63156
dio_0h4d,1,doge_random:1,tragende_rekopplung,1.0,tragende_rekopplung:1,junge_syntaxinsel,0.423985,0.190693,0.642591
dio_0h4x,1,btc_random:1,offene_rekopplung,1.0,offene_rekopplung:1,junge_syntaxinsel,0.387997,0.242882,0.602988
dio_0h7k,1,xrp_random:1,spannungsnahe_oeffnung,1.0,spannungsnahe_oeffnung:1,junge_syntaxinsel,0.338062,0.322301,0.550451
dio_0ha1,1,btc_random:1,offene_rekopplung,1.0,offene_rekopplung:1,junge_syntaxinsel,0.366276,0.276195,0.617243
dio_0haf,1,doge_random:1,tragende_rekopplung,1.0,tragende_rekopplung:1,junge_syntaxinsel,0.459614,0.133659,0.684764
dio_0hb6,1,paxg_random:1,tragende_rekopplung,1.0,tragende_rekopplung:1,junge_syntaxinsel,0.45706,0.137344,0.681847
dio_0hc8,1,xrp_random:1,spannungsnahe_oeffnung,1.0,spannungsnahe_oeffnung:1,junge_syntaxinsel,0.325961,0.337947,0.536916
dio_0hjf,1,btc_random:1,offene_rekopplung,1.0,offene_rekopplung:1,junge_syntaxinsel,0.383583,0.2656,0.590174
dio_0hmj,1,paxg_random:1,tragende_rekopplung,1.0,tragende_rekopplung:1,junge_syntaxinsel,0.420149,0.205328,0.638532
dio_0hrn,1,xrp_random:1,tragende_rekopplung,1.0,tragende_rekopplung:1,junge_syntaxinsel,0.418941,0.187816,0.685181
dio_0htz,1,paxg_random:1,offene_rekopplung,1.0,offene_rekopplung:1,junge_syntaxinsel,0.387088,0.242783,0.616999
dio_0hv9,1,doge_random:1,offene_rekopplung,1.0,offene_rekopplung:1,junge_syntaxinsel,0.384794,0.256439,0.598282
dio_0i1q,1,btc_shuffle:1,spannungsnahe_oeffnung,1.0,spannungsnahe_oeffnung:1,junge_syntaxinsel,0.363243,0.286037,0.579713
dio_0i2y,1,btc_random:1,offene_rekopplung,1.0,offene_rekopplung:1,junge_syntaxinsel,0.389692,0.255367,0.601024
dio_0ie2,1,btc_random:1,offene_rekopplung,1.0,offene_rekopplung:1,junge_syntaxinsel,0.387788,0.257641,0.591955
dio_0ih2,1,doge_random:1,offene_rekopplung,1.0,offene_rekopplung:1,junge_syntaxinsel,0.386143,0.253362,0.591149
dio_0ixk,1,doge_random:1,offene_rekopplung,1.0,offene_rekopplung:1,junge_syntaxinsel,0.375413,0.24581,0.609755
dio_0j0k,1,xrp_random:1,tragende_rekopplung,1.0,tragende_rekopplung:1,junge_syntaxinsel,0.409324,0.217822,0.627147
dio_0j3k,1,xrp_random:1,tragende_rekopplung,1.0,tragende_rekopplung:1,junge_syntaxinsel,0.4646,0.125411,0.690275
dio_0jh6,1,doge_random:1,tragende_rekopplung,1.0,tragende_rekopplung:1,junge_syntaxinsel,0.41664,0.214176,0.623384
dio_0kkm,1,xrp_random:1,offene_rekopplung,1.0,offene_rekopplung:1,junge_syntaxinsel,0.405523,0.235095,0.615051
dio_0knm,1,paxg_random:1,tragende_rekopplung,1.0,tragende_rekopplung:1,junge_syntaxinsel,0.457713,0.137973,0.683532
dio_0l0i,1,doge_random:1,spannungsnahe_oeffnung,1.0,spannungsnahe_oeffnung:1,junge_syntaxinsel,0.342595,0.314525,0.55484
dio_0l2v,1,btc_random:1,offene_rekopplung,1.0,offene_rekopplung:1,junge_syntaxinsel,0.371234,0.258409,0.63482
dio_0lus,1,doge_random:1,offene_rekopplung,1.0,offene_rekopplung:1,junge_syntaxinsel,0.400193,0.243716,0.608121
dio_0lz5,1,doge_random:1,spannungsnahe_oeffnung,1.0,spannungsnahe_oeffnung:1,junge_syntaxinsel,0.343255,0.299728,0.573863
dio_0m03,1,paxg_random:1,spannungsnahe_oeffnung,1.0,spannungsnahe_oeffnung:1,junge_syntaxinsel,0.350594,0.296511,0.570266
dio_0m81,1,xrp_random:1,tragende_rekopplung,1.0,tragende_rekopplung:1,junge_syntaxinsel,0.406434,0.219101,0.625271
dio_0mf0,1,doge_random:1,offene_rekopplung,1.0,offene_rekopplung:1,junge_syntaxinsel,0.389608,0.248596,0.597761
dio_0mob,1,xrp_random:1,offene_rekopplung,1.0,offene_rekopplung:1,junge_syntaxinsel,0.389592,0.225723,0.623239
dio_0mrv,1,xrp_random:1,offene_rekopplung,1.0,offene_rekopplung:1,junge_syntaxinsel,0.384516,0.249832,0.638478
dio_0n1k,1,doge_random:1,tragende_rekopplung,1.0,tragende_rekopplung:1,junge_syntaxinsel,0.403818,0.217117,0.626353
dio_0n3h,1,doge_random:1,offener_feldkontakt,1.0,offener_feldkontakt:1,junge_syntaxinsel,0.346259,0.280078,0.614899
dio_0nbg,1,doge_random:1,offene_rekopplung,1.0,offene_rekopplung:1,junge_syntaxinsel,0.38341,0.268472,0.599284
dio_0nja,1,doge_random:1,offene_rekopplung,1.0,offene_rekopplung:1,junge_syntaxinsel,0.402338,0.249739,0.611775
dio_0npu,1,xrp_random:1,offene_rekopplung,1.0,offene_rekopplung:1,junge_syntaxinsel,0.38057,0.254162,0.597321
dio_0nux,1,xrp_shuffle:1,tragende_rekopplung,1.0,tragende_rekopplung:1,junge_syntaxinsel,0.422254,0.206008,0.635152
dio_0ob6,1,btc_random:1,tragende_rekopplung,1.0,tragende_rekopplung:1,junge_syntaxinsel,0.438201,0.159539,0.660686
dio_0ois,1,doge_random:1,tragende_rekopplung,1.0,tragende_rekopplung:1,junge_syntaxinsel,0.434923,0.186556,0.652757
dio_0oob,1,paxg_random:1,tragende_rekopplung,1.0,tragende_rekopplung:1,junge_syntaxinsel,0.450518,0.156521,0.678889
dio_0owx,1,btc_random:1,tragende_rekopplung,1.0,tragende_rekopplung:1,junge_syntaxinsel,0.424454,0.187992,0.648576
dio_0oyz,1,doge_random:1,tragende_rekopplung,1.0,tragende_rekopplung:1,junge_syntaxinsel,0.438106,0.164025,0.660449
dio_0p0e,1,xrp_random:1,offene_rekopplung,1.0,offene_rekopplung:1,junge_syntaxinsel,0.401362,0.234969,0.606695
dio_0p9k,1,doge_random:1,offene_rekopplung,1.0,offene_rekopplung:1,junge_syntaxinsel,0.396573,0.229685,0.616535
dio_0pbh,1,doge_random:1,spannungsnahe_oeffnung,1.0,spannungsnahe_oeffnung:1,junge_syntaxinsel,0.355609,0.288965,0.578316
dio_0pgi,1,doge_random:1,offene_rekopplung,1.0,offene_rekopplung:1,junge_syntaxinsel,0.400927,0.246106,0.607638
dio_0q2f,1,doge_random:1,offene_rekopplung,1.0,offene_rekopplung:1,junge_syntaxinsel,0.380777,0.261875,0.59396
dio_0q49,1,btc_random:1,tragende_rekopplung,1.0,tragende_rekopplung:1,junge_syntaxinsel,0.429146,0.169604,0.652
dio_0q51,1,xrp_random:1,tragende_rekopplung,1.0,tragende_rekopplung:1,junge_syntaxinsel,0.428561,0.193206,0.647851
dio_0rz2,1,doge_random:1,offene_rekopplung,1.0,offene_rekopplung:1,junge_syntaxinsel,0.394537,0.233255,0.614244
dio_0s3t,1,doge_random:1,offene_rekopplung,1.0,offene_rekopplung:1,junge_syntaxinsel,0.390047,0.237982,0.619932
dio_0s4f,1,btc_random:1,tragende_rekopplung,1.0,tragende_rekopplung:1,junge_syntaxinsel,0.425514,0.185502,0.652835
dio_0s7z,1,doge_random:1,offene_rekopplung,1.0,offene_rekopplung:1,junge_syntaxinsel,0.367916,0.240505,0.640432
dio_0sb3,1,doge_random:1,offene_rekopplung,1.0,offene_rekopplung:1,junge_syntaxinsel,0.390875,0.264214,0.594702
dio_0t21,1,doge_random:1,offene_rekopplung,1.0,offene_rekopplung:1,junge_syntaxinsel,0.378491,0.264713,0.587983
dio_0t8y,1,xrp_random:1,offene_rekopplung,1.0,offene_rekopplung:1,junge_syntaxinsel,0.37265,0.2674,0.598283
dio_0tmf,1,xrp_random:1,offene_rekopplung,1.0,offene_rekopplung:1,junge_syntaxinsel,0.402245,0.22891,0.608275
dio_0u0r,1,paxg_random:1,offene_rekopplung,1.0,offene_rekopplung:1,junge_syntaxinsel,0.389349,0.221459,0.6266
dio_0ut8,1,btc_random:1,tragende_rekopplung,1.0,tragende_rekopplung:1,junge_syntaxinsel,0.405602,0.206116,0.663853
dio_0v3b,1,btc_random:1,tragende_rekopplung,1.0,tragende_rekopplung:1,junge_syntaxinsel,0.435149,0.187366,0.656962
dio_0v6d,1,xrp_random:1,tragende_rekopplung,1.0,tragende_rekopplung:1,junge_syntaxinsel,0.409237,0.226178,0.629121
dio_0vd4,1,xrp_random:1,offene_rekopplung,1.0,offene_rekopplung:1,junge_syntaxinsel,0.39676,0.244718,0.611868
dio_0vkg,1,btc_random:1,offene_rekopplung,1.0,offene_rekopplung:1,junge_syntaxinsel,0.377234,0.265832,0.587446
dio_0wk4,1,xrp_random:1,offene_rekopplung,1.0,offene_rekopplung:1,junge_syntaxinsel,0.393944,0.246387,0.599636
dio_0wv2,1,doge_random:1,tragende_rekopplung,1.0,tragende_rekopplung:1,junge_syntaxinsel,0.412339,0.208078,0.62717
dio_0wx9,1,doge_random:1,offene_rekopplung,1.0,offene_rekopplung:1,junge_syntaxinsel,0.389124,0.248587,0.602751
dio_0xxe,1,btc_random:1,tragende_rekopplung,1.0,tragende_rekopplung:1,junge_syntaxinsel,0.466713,0.132185,0.694378
dio_0xyk,1,doge_random:1,offene_rekopplung,1.0,offene_rekopplung:1,junge_syntaxinsel,0.380809,0.264221,0.596498
dio_0xyt,1,btc_random:1,offene_rekopplung,1.0,offene_rekopplung:1,junge_syntaxinsel,0.371379,0.247615,0.607616
dio_0y6a,1,btc_random:1,offene_rekopplung,1.0,offene_rekopplung:1,junge_syntaxinsel,0.37317,0.24745,0.608662
dio_0yfy,1,xrp_random:1,tragende_rekopplung,1.0,tragende_rekopplung:1,junge_syntaxinsel,0.423821,0.208477,0.636943
dio_0ygi,1,doge_shuffle:1,tragende_rekopplung,1.0,tragende_rekopplung:1,junge_syntaxinsel,0.427958,0.193116,0.648957
dio_0za8,1,xrp_random:1,offene_rekopplung,1.0,offene_rekopplung:1,junge_syntaxinsel,0.405345,0.227611,0.618005
dio_0zxr,1,btc_random:1,spannungsnahe_oeffnung,1.0,spannungsnahe_oeffnung:1,junge_syntaxinsel,0.363849,0.282399,0.571004
dio_10c5,1,btc_random:1,tragende_rekopplung,1.0,tragende_rekopplung:1,junge_syntaxinsel,0.402058,0.228787,0.62831
dio_10cb,1,xrp_random:1,spannungsnahe_oeffnung,1.0,spannungsnahe_oeffnung:1,junge_syntaxinsel,0.345285,0.316249,0.544624
dio_11v2,1,btc_random:1,tragende_rekopplung,1.0,tragende_rekopplung:1,junge_syntaxinsel,0.444675,0.147954,0.668778
dio_11vw,1,xrp_random:1,offene_rekopplung,1.0,offene_rekopplung:1,junge_syntaxinsel,0.401563,0.233004,0.617094
dio_1241,1,xrp_random:1,spannungsnahe_oeffnung,1.0,spannungsnahe_oeffnung:1,junge_syntaxinsel,0.351465,0.305238,0.562651
dio_1291,1,btc_random:1,tragende_rekopplung,1.0,tragende_rekopplung:1,junge_syntaxinsel,0.409965,0.216295,0.620729
dio_12e3,1,xrp_random:1,tragende_rekopplung,1.0,tragende_rekopplung:1,junge_syntaxinsel,0.435464,0.178445,0.655806
dio_12lj,1,paxg_random:1,tragende_rekopplung,1.0,tragende_rekopplung:1,junge_syntaxinsel,0.450635,0.142886,0.675423
dio_12mn,1,xrp_random:1,spannungsnahe_oeffnung,1.0,spannungsnahe_oeffnung:1,junge_syntaxinsel,0.343493,0.301433,0.570344
dio_12n7,1,xrp_random:1,spannungsnahe_oeffnung,1.0,spannungsnahe_oeffnung:1,junge_syntaxinsel,0.361733,0.311188,0.569459
dio_12sv,1,doge_random:1,tragende_rekopplung,1.0,tragende_rekopplung:1,junge_syntaxinsel,0.440325,0.155331,0.663434
dio_12vg,1,xrp_random:1,spannungsnahe_oeffnung,1.0,spannungsnahe_oeffnung:1,junge_syntaxinsel,0.358082,0.288439,0.578806
dio_12z9,1,paxg_shuffle:1,tragende_rekopplung,1.0,tragende_rekopplung:1,junge_syntaxinsel,0.412815,0.192585,0.646209
dio_13i5,1,xrp_random:1,offene_rekopplung,1.0,offene_rekopplung:1,junge_syntaxinsel,0.354763,0.275759,0.588887
dio_13n5,1,xrp_random:1,tragende_rekopplung,1.0,tragende_rekopplung:1,junge_syntaxinsel,0.422391,0.193344,0.642573
dio_13vm,1,btc_random:1,spannungsnahe_oeffnung,1.0,spannungsnahe_oeffnung:1,junge_syntaxinsel,0.35455,0.3104,0.569736
dio_1432,1,xrp_random:1,tragende_rekopplung,1.0,tragende_rekopplung:1,junge_syntaxinsel,0.446083,0.146724,0.67109
dio_146w,1,doge_random:1,tragende_rekopplung,1.0,tragende_rekopplung:1,junge_syntaxinsel,0.445832,0.162763,0.664224
dio_14id,1,btc_random:1,offene_rekopplung,1.0,offene_rekopplung:1,junge_syntaxinsel,0.392362,0.237101,0.605659
dio_14pj,1,xrp_random:1,offene_rekopplung,1.0,offene_rekopplung:1,junge_syntaxinsel,0.388778,0.261258,0.5947
dio_14r5,1,btc_shuffle:1,tragende_rekopplung,1.0,tragende_rekopplung:1,junge_syntaxinsel,0.425177,0.209609,0.639983
dio_14v1,1,paxg_random:1,tragende_rekopplung,1.0,tragende_rekopplung:1,junge_syntaxinsel,0.415782,0.210156,0.637843
dio_150j,1,xrp_random:1,spannungsnahe_oeffnung,1.0,spannungsnahe_oeffnung:1,junge_syntaxinsel,0.355348,0.318445,0.56441
dio_154e,1,paxg_random:1,offene_rekopplung,1.0,offene_rekopplung:1,junge_syntaxinsel,0.358985,0.250506,0.63214
dio_15hn,1,xrp_random:1,offene_rekopplung,1.0,offene_rekopplung:1,junge_syntaxinsel,0.37784,0.26151,0.603612
dio_15yz,1,paxg_random:1,spannungsnahe_oeffnung,1.0,spannungsnahe_oeffnung:1,junge_syntaxinsel,0.343425,0.315016,0.55934
dio_161d,1,btc_random:1,tragende_rekopplung,1.0,tragende_rekopplung:1,junge_syntaxinsel,0.448556,0.142798,0.673427
dio_162s,1,doge_random:1,offene_rekopplung,1.0,offene_rekopplung:1,junge_syntaxinsel,0.382899,0.263953,0.586191
dio_16aw,1,btc_random:1,spannungsnahe_oeffnung,1.0,spannungsnahe_oeffnung:1,junge_syntaxinsel,0.352912,0.295207,0.557285
dio_16c4,1,xrp_random:1,spannungsnahe_oeffnung,1.0,spannungsnahe_oeffnung:1,junge_syntaxinsel,0.36057,0.301432,0.560026
dio_16jc,1,doge_random:1,tragende_rekopplung,1.0,tragende_rekopplung:1,junge_syntaxinsel,0.426211,0.189213,0.646326
dio_16l2,1,btc_random:1,tragende_rekopplung,1.0,tragende_rekopplung:1,junge_syntaxinsel,0.431627,0.167756,0.656399
dio_16lp,1,doge_random:1,offene_rekopplung,1.0,offene_rekopplung:1,junge_syntaxinsel,0.371236,0.27159,0.596304
dio_173f,1,doge_random:1,offene_rekopplung,1.0,offene_rekopplung:1,junge_syntaxinsel,0.373769,0.254847,0.600821
dio_176n,1,btc_random:1,tragende_rekopplung,1.0,tragende_rekopplung:1,junge_syntaxinsel,0.448544,0.164937,0.670772
dio_17aq,1,doge_random:1,offene_rekopplung,1.0,offene_rekopplung:1,junge_syntaxinsel,0.381384,0.258201,0.596225
dio_17g7,1,btc_random:1,offene_rekopplung,1.0,offene_rekopplung:1,junge_syntaxinsel,0.395017,0.235953,0.600505
dio_17m8,1,doge_random:1,offene_rekopplung,1.0,offene_rekopplung:1,junge_syntaxinsel,0.399665,0.232649,0.609535
dio_17qp,1,doge_shuffle:1,tragende_rekopplung,1.0,tragende_rekopplung:1,junge_syntaxinsel,0.410584,0.230006,0.621567
dio_17wz,1,doge_random:1,spannungsnahe_oeffnung,1.0,spannungsnahe_oeffnung:1,junge_syntaxinsel,0.321679,0.343197,0.537792
dio_1864,1,btc_random:1,tragende_rekopplung,1.0,tragende_rekopplung:1,junge_syntaxinsel,0.420938,0.194714,0.637658
dio_18e2,1,xrp_random:1,offene_rekopplung,1.0,offene_rekopplung:1,junge_syntaxinsel,0.387325,0.246418,0.592122
dio_18i2,1,btc_shuffle:1,tragende_rekopplung,1.0,tragende_rekopplung:1,junge_syntaxinsel,0.429147,0.196145,0.644377
dio_18k9,1,xrp_random:1,offene_rekopplung,1.0,offene_rekopplung:1,junge_syntaxinsel,0.393755,0.238537,0.600327
dio_18x3,1,xrp_random:1,spannungsnahe_oeffnung,1.0,spannungsnahe_oeffnung:1,junge_syntaxinsel,0.328225,0.325837,0.553611
dio_1924,1,xrp_random:1,tragende_rekopplung,1.0,tragende_rekopplung:1,junge_syntaxinsel,0.419129,0.190921,0.642688
dio_194m,1,xrp_random:1,offene_rekopplung,1.0,offene_rekopplung:1,junge_syntaxinsel,0.396484,0.252065,0.600128
dio_19dh,1,doge_random:1,offene_rekopplung,1.0,offene_rekopplung:1,junge_syntaxinsel,0.401753,0.246931,0.605377
dio_19gj,1,xrp_shuffle:1,tragende_rekopplung,1.0,tragende_rekopplung:1,junge_syntaxinsel,0.425213,0.20779,0.642244
dio_19qj,1,doge_random:1,tragende_rekopplung,1.0,tragende_rekopplung:1,junge_syntaxinsel,0.416525,0.217776,0.622082
dio_1a3k,1,xrp_random:1,offene_rekopplung,1.0,offene_rekopplung:1,junge_syntaxinsel,0.399789,0.225494,0.612693
dio_1a6c,1,paxg_random:1,tragende_rekopplung,1.0,tragende_rekopplung:1,junge_syntaxinsel,0.416551,0.186677,0.651689
dio_1an2,1,paxg_random:1,tragende_rekopplung,1.0,tragende_rekopplung:1,junge_syntaxinsel,0.407367,0.209655,0.636482
dio_1b33,1,paxg_random:1,spannungsnahe_oeffnung,1.0,spannungsnahe_oeffnung:1,junge_syntaxinsel,0.35872,0.28859,0.580341
dio_1b3p,1,xrp_random:1,offene_rekopplung,1.0,offene_rekopplung:1,junge_syntaxinsel,0.378783,0.260216,0.595617
dio_1b5r,1,btc_random:1,tragende_rekopplung,1.0,tragende_rekopplung:1,junge_syntaxinsel,0.421893,0.200685,0.639882
dio_1bgf,1,xrp_random:1,tragende_rekopplung,1.0,tragende_rekopplung:1,junge_syntaxinsel,0.423913,0.200633,0.643266
dio_1bgz,1,doge_random:1,tragende_rekopplung,1.0,tragende_rekopplung:1,junge_syntaxinsel,0.431357,0.172099,0.657671
dio_1boo,1,doge_random:1,offene_rekopplung,1.0,offene_rekopplung:1,junge_syntaxinsel,0.382368,0.242109,0.61517
dio_1bsn,1,paxg_random:1,tragende_rekopplung,1.0,tragende_rekopplung:1,junge_syntaxinsel,0.422844,0.206255,0.644422
dio_1c5k,1,btc_random:1,offene_rekopplung,1.0,offene_rekopplung:1,junge_syntaxinsel,0.398355,0.237485,0.606986
dio_1c8b,1,btc_random:1,spannungsnahe_oeffnung,1.0,spannungsnahe_oeffnung:1,junge_syntaxinsel,0.360355,0.284891,0.58314
dio_1cut,1,xrp_shuffle:1,offene_rekopplung,1.0,offene_rekopplung:1,junge_syntaxinsel,0.399775,0.241515,0.614437
dio_1dfl,1,paxg_random:1,tragende_rekopplung,1.0,tragende_rekopplung:1,junge_syntaxinsel,0.466739,0.132435,0.694438
dio_1dun,1,xrp_random:1,tragende_rekopplung,1.0,tragende_rekopplung:1,junge_syntaxinsel,0.460209,0.140333,0.684472
dio_1e8u,1,doge_shuffle:1,spannungsnahe_oeffnung,1.0,spannungsnahe_oeffnung:1,junge_syntaxinsel,0.363287,0.28566,0.57816
dio_1eac,1,doge_random:1,tragende_rekopplung,1.0,tragende_rekopplung:1,junge_syntaxinsel,0.469108,0.121818,0.695074
dio_1ewc,1,btc_random:1,tragende_rekopplung,1.0,tragende_rekopplung:1,junge_syntaxinsel,0.413698,0.227691,0.626806
dio_1f37,1,doge_random:1,offene_rekopplung,1.0,offene_rekopplung:1,junge_syntaxinsel,0.389361,0.260663,0.60258
dio_1fqm,1,btc_random:1,offene_rekopplung,1.0,offene_rekopplung:1,junge_syntaxinsel,0.373726,0.251136,0.639868
dio_1fs0,1,btc_random:1,offene_rekopplung,1.0,offene_rekopplung:1,junge_syntaxinsel,0.393097,0.238021,0.609793
dio_1fy8,1,doge_random:1,tragende_rekopplung,1.0,tragende_rekopplung:1,junge_syntaxinsel,0.432925,0.177569,0.653506
dio_1fyc,1,xrp_random:1,tragende_rekopplung,1.0,tragende_rekopplung:1,junge_syntaxinsel,0.414938,0.213398,0.632661
dio_1gjp,1,paxg_random:1,tragende_rekopplung,1.0,tragende_rekopplung:1,junge_syntaxinsel,0.448959,0.159793,0.668986
dio_1gkv,1,doge_random:1,offene_rekopplung,1.0,offene_rekopplung:1,junge_syntaxinsel,0.388129,0.246941,0.594629
dio_1grc,1,btc_random:1,offene_rekopplung,1.0,offene_rekopplung:1,junge_syntaxinsel,0.381852,0.252021,0.604458
dio_1gzu,1,doge_random:1,offene_rekopplung,1.0,offene_rekopplung:1,junge_syntaxinsel,0.369659,0.25908,0.597804
dio_1h3n,1,doge_random:1,offene_rekopplung,1.0,offene_rekopplung:1,junge_syntaxinsel,0.393121,0.253741,0.603567
dio_1hwf,1,xrp_random:1,offene_rekopplung,1.0,offene_rekopplung:1,junge_syntaxinsel,0.375733,0.273012,0.596027
dio_1i0l,1,btc_random:1,tragende_rekopplung,1.0,tragende_rekopplung:1,junge_syntaxinsel,0.403895,0.223191,0.621609
dio_1i3q,1,doge_random:1,tragende_rekopplung,1.0,tragende_rekopplung:1,junge_syntaxinsel,0.453833,0.15397,0.674887
dio_1i8b,1,btc_random:1,tragende_rekopplung,1.0,tragende_rekopplung:1,junge_syntaxinsel,0.453667,0.138167,0.679419
dio_1ib4,1,xrp_random:1,spannungsnahe_oeffnung,1.0,spannungsnahe_oeffnung:1,junge_syntaxinsel,0.35413,0.304333,0.573164
dio_1j3v,1,doge_random:1,offene_rekopplung,1.0,offene_rekopplung:1,junge_syntaxinsel,0.37866,0.261348,0.586748
dio_1j7i,1,btc_random:1,tragende_rekopplung,1.0,tragende_rekopplung:1,junge_syntaxinsel,0.448557,0.164151,0.668377
dio_1j7p,1,btc_random:1,spannungsnahe_oeffnung,1.0,spannungsnahe_oeffnung:1,junge_syntaxinsel,0.374917,0.288378,0.57426
dio_1jde,1,btc_random:1,spannungsnahe_oeffnung,1.0,spannungsnahe_oeffnung:1,junge_syntaxinsel,0.374225,0.285731,0.579359
dio_1jfe,1,btc_random:1,spannungsnahe_oeffnung,1.0,spannungsnahe_oeffnung:1,junge_syntaxinsel,0.344215,0.315999,0.552705
dio_1jgd,1,doge_random:1,tragende_rekopplung,1.0,tragende_rekopplung:1,junge_syntaxinsel,0.416867,0.203637,0.629009
dio_1jjv,1,xrp_random:1,tragende_rekopplung,1.0,tragende_rekopplung:1,junge_syntaxinsel,0.42489,0.194801,0.63994
dio_1jm3,1,btc_random:1,tragende_rekopplung,1.0,tragende_rekopplung:1,junge_syntaxinsel,0.413492,0.212622,0.631813
dio_1k3h,1,xrp_random:1,tragende_rekopplung,1.0,tragende_rekopplung:1,junge_syntaxinsel,0.412289,0.215953,0.620344
dio_1k4f,1,xrp_random:1,offene_rekopplung,1.0,offene_rekopplung:1,junge_syntaxinsel,0.376962,0.270763,0.598374
dio_1kbk,1,paxg_random:1,tragende_rekopplung,1.0,tragende_rekopplung:1,junge_syntaxinsel,0.424441,0.195543,0.63832
dio_1kd2,1,doge_random:1,spannungsnahe_oeffnung,1.0,spannungsnahe_oeffnung:1,junge_syntaxinsel,0.354907,0.283274,0.578363
dio_1kuk,1,doge_random:1,offene_rekopplung,1.0,offene_rekopplung:1,junge_syntaxinsel,0.379003,0.263863,0.584133
dio_1kw8,1,btc_random:1,offene_rekopplung,1.0,offene_rekopplung:1,junge_syntaxinsel,0.388731,0.259774,0.597924
dio_1lor,1,doge_random:1,spannungsnahe_oeffnung,1.0,spannungsnahe_oeffnung:1,junge_syntaxinsel,0.349978,0.306498,0.559434
dio_1loy,1,doge_random:1,tragende_rekopplung,1.0,tragende_rekopplung:1,junge_syntaxinsel,0.423051,0.184225,0.643635
dio_1lqf,1,xrp_random:1,offene_rekopplung,1.0,offene_rekopplung:1,junge_syntaxinsel,0.379371,0.270824,0.592217
dio_1lwv,1,xrp_random:1,spannungsnahe_oeffnung,1.0,spannungsnahe_oeffnung:1,junge_syntaxinsel,0.346074,0.311811,0.548002
dio_1mej,1,xrp_random:1,offene_rekopplung,1.0,offene_rekopplung:1,junge_syntaxinsel,0.39687,0.231978,0.614837
dio_1mev,1,xrp_random:1,tragende_rekopplung,1.0,tragende_rekopplung:1,junge_syntaxinsel,0.450289,0.13945,0.675859
dio_1mvc,1,btc_random:1,spannungsnahe_oeffnung,1.0,spannungsnahe_oeffnung:1,junge_syntaxinsel,0.357474,0.299649,0.568949
dio_1n57,1,paxg_random:1,offene_rekopplung,1.0,offene_rekopplung:1,junge_syntaxinsel,0.396182,0.22438,0.623009
dio_1ndp,1,btc_random:1,offene_rekopplung,1.0,offene_rekopplung:1,junge_syntaxinsel,0.397739,0.23119,0.61177
dio_1nqy,1,doge_random:1,offene_rekopplung,1.0,offene_rekopplung:1,junge_syntaxinsel,0.3572,0.269132,0.624927
dio_1ntf,1,btc_random:1,tragende_rekopplung,1.0,tragende_rekopplung:1,junge_syntaxinsel,0.445791,0.144629,0.669854
dio_1ock,1,btc_random:1,tragende_rekopplung,1.0,tragende_rekopplung:1,junge_syntaxinsel,0.444181,0.17574,0.664115
dio_1oh8,1,doge_random:1,tragende_rekopplung,1.0,tragende_rekopplung:1,junge_syntaxinsel,0.4197,0.209392,0.632834
dio_1oue,1,doge_random:1,tragende_rekopplung,1.0,tragende_rekopplung:1,junge_syntaxinsel,0.416126,0.199397,0.678297
dio_1owp,1,doge_random:1,tragende_rekopplung,1.0,tragende_rekopplung:1,junge_syntaxinsel,0.437096,0.161005,0.659685
dio_1ozo,1,btc_random:1,tragende_rekopplung,1.0,tragende_rekopplung:1,junge_syntaxinsel,0.412081,0.220725,0.63278
dio_1p1k,1,doge_random:1,offene_rekopplung,1.0,offene_rekopplung:1,junge_syntaxinsel,0.367998,0.256888,0.617042
dio_1p5l,1,xrp_random:1,tragende_rekopplung,1.0,tragende_rekopplung:1,junge_syntaxinsel,0.443388,0.171929,0.663174
dio_1pmj,1,doge_random:1,tragende_rekopplung,1.0,tragende_rekopplung:1,junge_syntaxinsel,0.427976,0.171785,0.651189
dio_1pqw,1,btc_random:1,offene_rekopplung,1.0,offene_rekopplung:1,junge_syntaxinsel,0.398451,0.241887,0.612885
dio_1qtu,1,xrp_random:1,spannungsnahe_oeffnung,1.0,spannungsnahe_oeffnung:1,junge_syntaxinsel,0.371363,0.286084,0.575105
dio_1ra1,1,xrp_random:1,offene_rekopplung,1.0,offene_rekopplung:1,junge_syntaxinsel,0.39435,0.232796,0.613947
dio_1rms,1,btc_random:1,offene_rekopplung,1.0,offene_rekopplung:1,junge_syntaxinsel,0.400306,0.216551,0.619878
dio_1rqu,1,doge_random:1,offene_rekopplung,1.0,offene_rekopplung:1,junge_syntaxinsel,0.366631,0.243771,0.638349
dio_1rv4,1,btc_random:1,offene_rekopplung,1.0,offene_rekopplung:1,junge_syntaxinsel,0.388992,0.245629,0.596833
dio_1se4,1,paxg_random:1,tragende_rekopplung,1.0,tragende_rekopplung:1,junge_syntaxinsel,0.417539,0.204726,0.645266
dio_1sth,1,btc_random:1,tragende_rekopplung,1.0,tragende_rekopplung:1,junge_syntaxinsel,0.432859,0.173761,0.655325
dio_1suk,1,paxg_random:1,tragende_rekopplung,1.0,tragende_rekopplung:1,junge_syntaxinsel,0.457773,0.147272,0.683085
dio_1syb,1,doge_random:1,offene_rekopplung,1.0,offene_rekopplung:1,junge_syntaxinsel,0.389345,0.238289,0.608445
dio_1t2a,1,doge_random:1,tragende_rekopplung,1.0,tragende_rekopplung:1,junge_syntaxinsel,0.417266,0.210201,0.633288
dio_1t77,1,btc_random:1,tragende_rekopplung,1.0,tragende_rekopplung:1,junge_syntaxinsel,0.406535,0.212184,0.629092
dio_1t8h,1,doge_random:1,tragende_rekopplung,1.0,tragende_rekopplung:1,junge_syntaxinsel,0.413736,0.2145,0.632007
dio_1tgl,1,paxg_random:1,tragende_rekopplung,1.0,tragende_rekopplung:1,junge_syntaxinsel,0.427831,0.203688,0.646862
dio_1trl,1,doge_random:1,offene_rekopplung,1.0,offene_rekopplung:1,junge_syntaxinsel,0.378986,0.272452,0.595948
dio_1tsx,1,doge_random:1,offene_rekopplung,1.0,offene_rekopplung:1,junge_syntaxinsel,0.399181,0.227517,0.615804
dio_1u4q,1,xrp_random:1,offene_rekopplung,1.0,offene_rekopplung:1,junge_syntaxinsel,0.411121,0.231587,0.616006
dio_1u5j,1,paxg_random:1,offene_rekopplung,1.0,offene_rekopplung:1,junge_syntaxinsel,0.382155,0.256072,0.60221
dio_1uev,1,xrp_random:1,offene_rekopplung,1.0,offene_rekopplung:1,junge_syntaxinsel,0.406209,0.218318,0.617788
dio_1uoh,1,xrp_random:1,tragende_rekopplung,1.0,tragende_rekopplung:1,junge_syntaxinsel,0.429825,0.188151,0.652516
dio_1ut7,1,xrp_random:1,offene_rekopplung,1.0,offene_rekopplung:1,junge_syntaxinsel,0.383653,0.252054,0.60072
dio_1v21,1,doge_random:1,tragende_rekopplung,1.0,tragende_rekopplung:1,junge_syntaxinsel,0.433622,0.169743,0.655618
dio_1v68,1,doge_random:1,spannungsnahe_oeffnung,1.0,spannungsnahe_oeffnung:1,junge_syntaxinsel,0.358148,0.298262,0.574947
dio_1vqo,1,paxg_random:1,tragende_rekopplung,1.0,tragende_rekopplung:1,junge_syntaxinsel,0.456214,0.146312,0.684704
dio_1vs6,1,btc_random:1,offene_rekopplung,1.0,offene_rekopplung:1,junge_syntaxinsel,0.392915,0.262387,0.604699
dio_1w0r,1,doge_random:1,offene_rekopplung,1.0,offene_rekopplung:1,junge_syntaxinsel,0.374718,0.27843,0.580668
dio_1xes,1,xrp_random:1,spannungsnahe_oeffnung,1.0,spannungsnahe_oeffnung:1,junge_syntaxinsel,0.353839,0.297485,0.57674
dio_1xfo,1,doge_random:1,offene_rekopplung,1.0,offene_rekopplung:1,junge_syntaxinsel,0.389323,0.23556,0.606552
dio_1xkj,1,btc_random:1,spannungsnahe_oeffnung,1.0,spannungsnahe_oeffnung:1,junge_syntaxinsel,0.312933,0.35717,0.523517
dio_1xqe,1,btc_random:1,tragende_rekopplung,1.0,tragende_rekopplung:1,junge_syntaxinsel,0.421396,0.206961,0.638783
dio_1y4g,1,xrp_random:1,offene_rekopplung,1.0,offene_rekopplung:1,junge_syntaxinsel,0.385083,0.252976,0.607438
dio_1yf5,1,doge_random:1,offene_rekopplung,1.0,offene_rekopplung:1,junge_syntaxinsel,0.397841,0.240272,0.611702
dio_1yh4,1,doge_random:1,spannungsnahe_oeffnung,1.0,spannungsnahe_oeffnung:1,junge_syntaxinsel,0.356766,0.297688,0.568345
dio_1ylm,1,doge_random:1,tragende_rekopplung,1.0,tragende_rekopplung:1,junge_syntaxinsel,0.42305,0.205578,0.634523
dio_1yw8,1,btc_random:1,offene_rekopplung,1.0,offene_rekopplung:1,junge_syntaxinsel,0.388437,0.24937,0.607117
dio_1z0q,1,xrp_random:1,tragende_rekopplung,1.0,tragende_rekopplung:1,junge_syntaxinsel,0.434968,0.19075,0.651198
