support_rank,left_node,right_node,scope_count,total_supported_world_pairs,real_real_supported,real_real_all_scopes,real_real_eligible,real_real_rate,real_null_supported,real_null_all_scopes,real_null_eligible,real_null_rate,null_null_supported,null_null_all_scopes,null_null_eligible,null_null_rate,real_rate_advantage,real_2025_supported,real_2025_all_scopes,real_2025_eligible,real_crossyear_supported,real_crossyear_all_scopes,real_crossyear_eligible,real_2024_supported,real_2024_all_scopes,real_2024_eligible
1,dio_mcm_episode_1tvdhgs,dio_mcm_episode_1x557o1,3,2227,208,34,323,0.6439628482972136,985,276,1330,0.7406015037593985,1034,436,1311,0.7887109077040427,-0.1447480594068291,83,9,102,102,16,165,23,9,56
2,dio_mcm_episode_1qlxgj7,dio_mcm_episode_1x557o1,3,1965,237,47,330,0.7181818181818181,896,232,1297,0.6908249807247494,832,247,1178,0.7062818336162988,0.011899984565519328,75,12,102,118,25,168,44,10,60
3,dio_mcm_episode_1nxni6k,dio_mcm_episode_1o7n3vj,3,1369,119,14,312,0.3814102564102564,597,62,1338,0.4461883408071749,653,58,1285,0.5081712062256809,-0.12676094981542452,25,0,90,65,13,162,29,1,60
4,dio_mcm_episode_1o7n3vj,dio_mcm_episode_1x3djkm,3,1223,164,43,342,0.47953216374269003,566,105,1320,0.4287878787878788,493,63,1205,0.4091286307053942,0.05074428495481126,55,20,102,82,18,177,27,5,63
5,dio_mcm_episode_1nxni6k,dio_mcm_episode_1ohydo7,3,1191,106,27,161,0.6583850931677019,517,91,826,0.62590799031477,568,87,1012,0.5612648221343873,0.03247710285293193,33,9,44,55,14,87,18,4,30
6,dio_mcm_episode_1x3djkm,dio_mcm_episode_1xdd59l,3,831,137,15,210,0.6523809523809524,418,66,706,0.5920679886685553,276,45,485,0.5690721649484536,0.06031296371239714,24,2,57,80,8,108,33,5,45
7,dio_mcm_episode_1o7gsvl,dio_mcm_episode_1x3djkm,3,768,67,12,163,0.4110429447852761,338,44,662,0.5105740181268882,363,63,654,0.555045871559633,-0.14400292677435694,19,4,50,33,6,83,15,2,30
8,dio_mcm_episode_1nxni6k,dio_mcm_episode_1xdd59l,3,745,100,31,161,0.6211180124223602,381,125,660,0.5772727272727273,264,62,486,0.5432098765432098,0.04384528514963293,22,4,39,51,15,83,27,12,39
9,dio_mcm_episode_1qlxgj7,dio_mcm_episode_1tvdhgs,3,735,115,12,275,0.41818181818181815,349,41,1069,0.3264733395696913,271,32,968,0.2799586776859504,0.09170847861212683,40,5,89,61,5,140,14,2,46
10,dio_mcm_episode_04asuuf,dio_mcm_episode_1x3djkm,3,668,50,1,128,0.390625,289,21,598,0.48327759197324416,329,18,665,0.49473684210526314,-0.10411184210526314,23,1,45,24,0,64,3,0,19
11,dio_mcm_episode_0satl98,dio_mcm_episode_0vklbgh,3,563,51,45,51,1.0,308,290,311,0.9903536977491961,204,187,208,0.9807692307692307,0.009646302250803873,33,27,33,18,18,18,0,0,0
12,dio_mcm_episode_05dxhcl,dio_mcm_episode_1tvdhgs,3,559,95,22,173,0.5491329479768786,263,46,615,0.4276422764227642,201,32,504,0.39880952380952384,0.12149067155411442,28,9,57,49,9,87,18,4,29
13,dio_mcm_episode_1nxni6k,dio_mcm_episode_1x3djkm,3,548,26,0,278,0.09352517985611511,206,5,1267,0.16258879242304658,316,45,1335,0.23670411985018727,-0.14317893999407216,1,0,72,10,0,143,15,0,63
14,dio_mcm_episode_0z5d2qb,dio_mcm_episode_15a14p0,3,507,82,63,87,0.9425287356321839,240,121,270,0.8888888888888888,185,84,200,0.925,0.017528735632183823,31,24,34,45,33,47,6,6,6
15,dio_mcm_episode_0l909ce,dio_mcm_episode_0z5d2qb,3,502,78,28,111,0.7027027027027027,247,102,370,0.6675675675675675,177,70,285,0.6210526315789474,0.03513513513513522,15,3,27,43,17,58,20,8,26
16,dio_mcm_episode_1f1nrkg,dio_mcm_episode_1x557o1,3,428,69,0,246,0.2804878048780488,209,1,813,0.2570725707257073,150,0,528,0.2840909090909091,-0.0036031042128603086,29,0,69,32,0,126,8,0,51
17,dio_mcm_episode_1orxzd6,dio_mcm_episode_1wjjpaf,3,404,29,11,32,0.90625,165,67,215,0.7674418604651163,210,65,308,0.6818181818181818,0.1388081395348837,6,3,6,16,5,17,7,3,9
18,dio_mcm_episode_0gslldm,dio_mcm_episode_1x557o1,2,403,35,0,120,0.2916666666666667,174,0,512,0.33984375,194,0,528,0.36742424242424243,-0.07575757575757575,3,0,14,21,0,68,11,0,38
19,dio_mcm_episode_1qlxgj7,dio_mcm_episode_1rj8742,3,398,29,4,60,0.48333333333333334,173,43,333,0.5195195195195195,196,41,372,0.5268817204301075,-0.043548387096774166,4,1,12,16,2,32,9,1,16
20,dio_mcm_episode_1o7n3vj,dio_mcm_episode_1ohydo7,3,396,45,4,233,0.19313304721030042,198,7,976,0.2028688524590164,153,9,950,0.16105263157894736,-0.009735805248715979,21,3,84,19,1,116,5,0,33
21,dio_mcm_episode_0ff8lrz,dio_mcm_episode_0l909ce,3,381,44,9,69,0.6376811594202898,173,57,252,0.6865079365079365,164,66,219,0.7488584474885844,-0.11117728806829463,10,2,15,25,4,36,9,3,18
22,dio_mcm_episode_05dxhcl,dio_mcm_episode_1qlxgj7,3,358,81,9,192,0.421875,184,15,592,0.3108108108108108,93,1,437,0.2128146453089245,0.1110641891891892,18,1,62,43,5,96,20,3,34
23,dio_mcm_episode_0b4v1an,dio_mcm_episode_0satl98,3,340,51,46,51,1.0,179,149,192,0.9322916666666666,110,91,117,0.9401709401709402,0.05982905982905984,0,0,0,33,29,33,18,17,18
24,dio_mcm_episode_1nxni6k,dio_mcm_episode_1wjjpaf,3,326,31,0,98,0.3163265306122449,136,1,588,0.23129251700680273,159,1,816,0.1948529411764706,0.08503401360544219,12,0,24,14,0,50,5,0,24
25,dio_mcm_episode_1ohydo7,dio_mcm_episode_1orxzd6,3,320,7,0,78,0.08974358974358974,117,2,365,0.32054794520547947,196,20,409,0.4792176039119804,-0.38947401416839067,0,0,21,4,0,42,3,0,15
26,dio_mcm_episode_1o7n3vj,dio_mcm_episode_1o7yrz8,3,313,42,13,123,0.34146341463414637,157,32,354,0.4435028248587571,114,24,225,0.5066666666666667,-0.16520325203252034,10,4,39,21,6,63,11,3,21
27,dio_mcm_episode_05dxhcl,dio_mcm_episode_1x557o1,3,305,37,0,231,0.16017316017316016,146,6,834,0.1750599520383693,122,2,690,0.17681159420289855,-0.016638434029738386,9,0,69,19,0,117,9,0,45
28,dio_mcm_episode_040q3nh,dio_mcm_episode_1qpd84c,3,299,53,2,90,0.5888888888888889,150,13,231,0.6493506493506493,96,18,138,0.6956521739130435,-0.10676328502415455,14,0,23,25,2,46,14,0,21
29,dio_mcm_episode_1o7gsvl,dio_mcm_episode_1qpd84c,3,295,35,9,49,0.7142857142857143,143,29,219,0.6529680365296804,117,23,191,0.612565445026178,0.06131767775603392,11,3,14,18,4,26,6,2,9
30,dio_mcm_episode_1o7n3vj,dio_mcm_episode_1ugezq6,3,290,39,5,123,0.3170731707317073,143,9,372,0.3844086021505376,108,3,259,0.416988416988417,-0.09991524625670967,14,1,39,19,4,63,6,0,21
31,dio_mcm_episode_0ffk9vo,dio_mcm_episode_0l909ce,3,288,47,5,83,0.5662650602409639,135,8,294,0.45918367346938777,106,5,257,0.41245136186770426,0.10708138677157614,17,2,30,24,3,42,6,0,11
32,dio_mcm_episode_1nxni6k,dio_mcm_episode_1orxzd6,3,287,15,5,98,0.15306122448979592,106,19,526,0.20152091254752852,166,26,661,0.25113464447806355,-0.09807341998826763,5,2,21,8,3,51,2,0,26
33,dio_mcm_episode_0ffk9vo,dio_mcm_episode_14y2lc5,3,282,35,1,46,0.7608695652173914,131,6,167,0.7844311377245509,116,8,146,0.7945205479452054,-0.03365098272781408,16,1,17,16,0,23,3,0,6
34,dio_mcm_episode_1rj8742,dio_mcm_episode_1tvdhgs,3,281,15,3,51,0.29411764705882354,123,37,312,0.3942307692307692,143,33,401,0.3566084788029925,-0.10011312217194568,0,0,11,10,2,29,5,1,11
35,dio_mcm_episode_1qpd84c,dio_mcm_episode_1x3djkm,3,252,37,0,156,0.23717948717948717,117,0,580,0.20172413793103447,98,5,504,0.19444444444444445,0.0354553492484527,13,0,38,19,0,80,5,0,38
36,dio_mcm_episode_1f1nrkg,dio_mcm_episode_1qlxgj7,3,250,34,0,204,0.16666666666666666,133,2,536,0.24813432835820895,83,0,313,0.26517571884984026,-0.0985090521831736,8,0,51,18,0,108,8,0,45
37,dio_mcm_episode_040q3nh,dio_mcm_episode_1o7gsvl,3,219,21,5,93,0.22580645161290322,100,8,284,0.352112676056338,98,9,189,0.5185185185185185,-0.29271206690561524,4,0,27,13,5,48,4,0,18
38,dio_mcm_episode_1o7gsvl,dio_mcm_episode_1o7n3vj,1,215,8,0,164,0.04878048780487805,81,0,627,0.1291866028708134,126,0,574,0.21951219512195122,-0.17073170731707316,1,0,60,4,0,80,3,0,24
39,dio_mcm_episode_0b4v1an,dio_mcm_episode_0vklbgh,3,206,9,9,9,1.0,72,70,75,0.96,125,110,144,0.8680555555555556,0.040000000000000036,0,0,0,9,9,9,0,0,0
40,dio_mcm_episode_04appcg,dio_mcm_episode_1o7gsvl,3,204,23,4,31,0.7419354838709677,94,15,118,0.7966101694915254,87,14,109,0.7981651376146789,-0.05622965374371114,13,2,15,8,1,14,2,1,2
41,dio_mcm_episode_1ohydo7,dio_mcm_episode_1x3djkm,1,204,34,0,210,0.1619047619047619,85,0,943,0.09013785790031813,85,0,1005,0.0845771144278607,0.07176690400444379,10,0,68,20,0,108,4,0,34
42,dio_mcm_episode_0ff8lrz,dio_mcm_episode_0ffk9vo,3,203,30,2,41,0.7317073170731707,96,9,160,0.6,77,7,153,0.5032679738562091,0.13170731707317074,11,0,14,15,2,21,4,0,6
43,dio_mcm_episode_0t4969n,dio_mcm_episode_1x557o1,2,200,27,0,198,0.13636363636363635,107,0,576,0.1857638888888889,66,0,255,0.25882352941176473,-0.12245989304812838,12,0,69,14,0,99,1,0,30
44,dio_mcm_episode_1w9k3lg,dio_mcm_episode_1wjjpaf,3,196,20,1,24,0.8333333333333334,93,22,114,0.8157894736842105,83,27,102,0.8137254901960784,0.01754385964912286,9,0,9,9,1,12,2,0,3
45,dio_mcm_episode_0l909ce,dio_mcm_episode_15a14p0,3,190,12,3,95,0.12631578947368421,84,18,322,0.2608695652173913,94,7,259,0.36293436293436293,-0.23661857346067872,9,2,41,3,1,48,0,0,6
46,dio_mcm_episode_1ohydo7,dio_mcm_episode_1wjjpaf,3,185,8,0,69,0.11594202898550725,67,6,400,0.1675,110,9,518,0.21235521235521235,-0.0964131833697051,2,0,23,4,0,35,2,0,11
47,dio_mcm_episode_0l909ce,dio_mcm_episode_0mx1107,3,182,31,6,47,0.6595744680851063,86,27,140,0.6142857142857143,65,16,100,0.65,0.009574468085106314,15,2,23,16,4,24,0,0,0
48,dio_mcm_episode_0satl98,dio_mcm_episode_0vorwpi,3,179,0,0,0,0.0,102,79,102,1.0,77,62,78,0.9871794871794872,-1.0,0,0,0,0,0,0,0,0,0
49,dio_mcm_episode_0ilwqth,dio_mcm_episode_1wjjpaf,3,178,8,1,24,0.3333333333333333,68,10,126,0.5396825396825397,102,17,141,0.723404255319149,-0.39007092198581567,5,1,9,3,0,12,0,0,3
50,dio_mcm_episode_1o7n3vj,dio_mcm_episode_1qpd84c,1,168,17,0,164,0.10365853658536585,80,0,545,0.14678899082568808,71,0,435,0.1632183908045977,-0.059559854219231864,9,0,50,6,0,84,2,0,30
51,dio_mcm_episode_0ff8lrz,dio_mcm_episode_1o7n3vj,3,165,21,0,123,0.17073170731707318,78,2,468,0.16666666666666666,66,3,425,0.15529411764705883,0.004065040650406526,5,0,39,13,0,63,3,0,21
52,dio_mcm_episode_0ff8lrz,dio_mcm_episode_1ugezq6,3,157,30,12,35,0.8571428571428571,78,26,113,0.6902654867256637,49,24,83,0.5903614457831325,0.16687737041719342,6,3,9,16,5,18,8,4,8
53,dio_mcm_episode_0gslldm,dio_mcm_episode_1f1nrkg,3,157,24,3,54,0.4444444444444444,76,8,184,0.41304347826086957,57,5,120,0.475,-0.030555555555555558,3,0,5,11,0,28,10,3,21
54,dio_mcm_episode_14y2lc5,dio_mcm_episode_1o7yrz8,3,157,24,11,39,0.6153846153846154,76,25,114,0.6666666666666666,57,8,72,0.7916666666666666,-0.1762820512820512,4,0,11,12,4,20,8,7,8
55,dio_mcm_episode_040q3nh,dio_mcm_episode_04asuuf,3,154,23,0,66,0.3484848484848485,80,3,258,0.31007751937984496,51,3,189,0.2698412698412698,0.03840732910500355,5,0,21,12,0,34,6,0,11
56,dio_mcm_episode_1o7yrz8,dio_mcm_episode_1ohydo7,3,154,21,1,69,0.30434782608695654,77,5,238,0.3235294117647059,56,3,164,0.34146341463414637,-0.037115588547189826,8,1,21,12,0,36,1,0,12
57,dio_mcm_episode_0l909ce,dio_mcm_episode_1ugezq6,3,152,31,3,69,0.4492753623188406,81,11,198,0.4090909090909091,40,12,134,0.29850746268656714,0.04018445322793146,4,1,17,17,1,35,10,1,17
58,dio_mcm_episode_1vpfj3r,dio_mcm_episode_1x3djkm,3,152,5,0,100,0.05,61,6,369,0.16531165311653118,86,6,324,0.2654320987654321,-0.21543209876543212,1,0,21,2,0,52,2,0,27
59,dio_mcm_episode_0l0x9lk,dio_mcm_episode_0satl98,3,150,34,25,34,1.0,77,53,77,1.0,39,22,39,1.0,0.0,0,0,0,22,16,22,12,9,12
60,dio_mcm_episode_04asuuf,dio_mcm_episode_1o7n3vj,3,148,19,1,129,0.14728682170542637,67,4,569,0.11775043936731107,62,3,574,0.10801393728222997,0.0295363823381153,5,0,50,11,1,62,3,0,17
61,dio_mcm_episode_0t4969n,dio_mcm_episode_1f1nrkg,3,145,41,9,93,0.44086021505376344,74,13,149,0.4966442953020134,30,1,52,0.5769230769230769,-0.13606286186931343,9,0,21,22,3,54,10,6,18
62,dio_mcm_episode_0ffk9vo,dio_mcm_episode_15a14p0,3,145,7,0,46,0.15217391304347827,59,2,190,0.3105263157894737,79,6,176,0.44886363636363635,-0.2966897233201581,6,0,25,1,0,19,0,0,2
63,dio_mcm_episode_1ny5ha7,dio_mcm_episode_1wjjpaf,3,144,16,4,27,0.5925925925925926,76,13,127,0.5984251968503937,52,7,83,0.6265060240963856,-0.033913431503793,5,3,8,8,1,14,3,0,5
64,dio_mcm_episode_14wgkn2,dio_mcm_episode_1o7n3vj,3,141,8,2,23,0.34782608695652173,60,10,179,0.33519553072625696,73,16,225,0.3244444444444444,0.012630556230264767,4,1,14,4,1,9,0,0,0
65,dio_mcm_episode_04appcg,dio_mcm_episode_1x3djkm,3,141,11,1,89,0.12359550561797752,61,0,329,0.18541033434650456,69,1,294,0.23469387755102042,-0.1110983719330429,7,1,33,4,0,45,0,0,11
66,dio_mcm_episode_05dxhcl,dio_mcm_episode_1rj8742,3,141,9,0,33,0.2727272727272727,81,13,177,0.4576271186440678,51,6,174,0.29310344827586204,-0.1848998459167951,1,0,6,6,0,17,2,0,10
67,dio_mcm_episode_14y2lc5,dio_mcm_episode_1o7n3vj,3,137,16,4,147,0.10884353741496598,61,5,514,0.11867704280155641,60,4,435,0.13793103448275862,-0.029087497067792636,3,0,50,9,4,73,4,0,24
68,dio_mcm_episode_05bno88,dio_mcm_episode_1x557o1,2,134,23,0,51,0.45098039215686275,70,0,158,0.4430379746835443,41,0,105,0.3904761904761905,0.007942417473318475,10,0,14,11,0,26,2,0,11
69,dio_mcm_episode_0gslldm,dio_mcm_episode_0t4969n,3,131,17,1,42,0.40476190476190477,67,10,122,0.5491803278688525,47,9,54,0.8703703703703703,-0.4656084656084656,2,0,5,10,0,26,5,1,11
70,dio_mcm_episode_1orxzd6,dio_mcm_episode_1w9k3lg,3,129,18,0,28,0.6428571428571429,62,5,99,0.6262626262626263,49,7,79,0.620253164556962,0.016594516594516606,8,0,9,7,0,15,3,0,4
71,dio_mcm_episode_0ilwqth,dio_mcm_episode_1orxzd6,3,129,14,0,27,0.5185185185185185,62,7,112,0.5535714285714286,53,9,111,0.4774774774774775,-0.03505291005291011,7,0,9,7,0,15,0,0,3
72,dio_mcm_episode_0l909ce,dio_mcm_episode_1vu7n3a,3,126,21,1,98,0.21428571428571427,61,6,264,0.23106060606060605,44,8,140,0.3142857142857143,-0.1,6,0,36,11,1,51,4,0,11
73,dio_mcm_episode_04asuuf,dio_mcm_episode_1ugezq6,3,124,23,5,33,0.696969696969697,61,20,136,0.4485294117647059,40,16,111,0.36036036036036034,0.24844028520499112,5,1,9,14,3,18,4,1,6
74,dio_mcm_episode_0ilwqth,dio_mcm_episode_0qxnz4m,3,124,20,8,23,0.8695652173913043,63,39,66,0.9545454545454546,41,28,42,0.9761904761904762,-0.10662525879917184,4,2,5,12,5,14,4,1,4
75,dio_mcm_episode_07iaozp,dio_mcm_episode_1x557o1,2,124,18,0,161,0.11180124223602485,69,0,498,0.13855421686746988,37,0,303,0.12211221122112212,-0.026752974631445034,7,0,69,11,0,81,0,0,11
76,dio_mcm_episode_1ohydo7,dio_mcm_episode_1xdd59l,2,124,18,0,123,0.14634146341463414,53,0,438,0.12100456621004566,53,0,303,0.17491749174917492,-0.028576028334540787,5,0,42,10,0,63,3,0,18
77,dio_mcm_episode_0qxnz4m,dio_mcm_episode_1wjjpaf,3,123,12,2,33,0.36363636363636365,59,9,158,0.37341772151898733,52,8,123,0.42276422764227645,-0.0591278640059128,2,1,6,7,1,18,3,0,9
78,dio_mcm_episode_0qxnz4m,dio_mcm_episode_1orxzd6,2,123,20,0,41,0.4878048780487805,63,0,136,0.4632352941176471,40,0,93,0.43010752688172044,0.0245695839311334,3,0,6,11,0,20,6,0,15
79,dio_mcm_episode_02cpbzo,dio_mcm_episode_040q3nh,3,122,21,3,30,0.7,63,16,108,0.5833333333333334,38,18,72,0.5277777777777778,0.11666666666666659,5,0,9,12,2,16,4,1,5
80,dio_mcm_episode_0bsaqu1,dio_mcm_episode_1x557o1,2,121,0,0,0,0.0,48,0,81,0.5925925925925926,73,0,156,0.46794871794871795,-0.5925925925925926,0,0,0,0,0,0,0,0,0
81,dio_mcm_episode_1o7n3vj,dio_mcm_episode_1xdd59l,3,120,22,2,243,0.09053497942386832,60,5,696,0.08620689655172414,38,0,444,0.08558558558558559,0.004328082872144173,11,1,69,10,1,126,1,0,48
82,dio_mcm_episode_1f1nrkg,dio_mcm_episode_1tvdhgs,3,119,16,0,173,0.09248554913294797,56,0,605,0.09256198347107437,47,1,397,0.11838790931989925,-0.025902360186951273,9,0,51,6,0,90,1,0,32
83,dio_mcm_episode_040q3nh,dio_mcm_episode_1x3djkm,3,118,10,0,210,0.047619047619047616,58,0,684,0.0847953216374269,50,0,462,0.10822510822510822,-0.06060606060606061,4,0,57,5,0,108,1,0,45
84,dio_mcm_episode_04asuuf,dio_mcm_episode_1vu7n3a,3,117,19,1,48,0.3958333333333333,58,5,180,0.32222222222222224,40,7,109,0.3669724770642202,0.02886085626911311,9,0,22,9,1,22,1,0,4
85,dio_mcm_episode_1qpd84c,dio_mcm_episode_1vpfj3r,3,116,14,3,39,0.358974358974359,58,20,122,0.47540983606557374,44,13,93,0.4731182795698925,-0.11643547709121477,3,1,8,8,0,20,3,2,11
86,dio_mcm_episode_1vpfj3r,dio_mcm_episode_1vu7n3a,3,111,31,5,42,0.7380952380952381,55,7,107,0.514018691588785,25,5,56,0.44642857142857145,0.22407654650645314,9,2,13,18,2,24,4,1,5
87,dio_mcm_episode_040q3nh,dio_mcm_episode_1vu7n3a,3,111,34,8,93,0.3655913978494624,53,10,177,0.2994350282485876,24,5,78,0.3076923076923077,0.057899090157154665,16,4,32,14,4,50,4,0,11
88,dio_mcm_episode_040q3nh,dio_mcm_episode_04appcg,3,110,23,10,47,0.48936170212765956,52,19,130,0.4,35,14,81,0.43209876543209874,0.05726293669556082,8,2,17,13,8,24,2,0,6
89,dio_mcm_episode_0vklbgh,dio_mcm_episode_0vorwpi,3,109,0,0,0,0.0,18,18,18,1.0,91,85,96,0.9479166666666666,-1.0,0,0,0,0,0,0,0,0,0
90,dio_mcm_episode_0ff8lrz,dio_mcm_episode_14y2lc5,3,100,15,2,36,0.4166666666666667,51,10,141,0.3617021276595745,34,13,129,0.26356589147286824,0.054964539007092195,2,1,9,9,1,19,4,0,8
91,dio_mcm_episode_14y2lc5,dio_mcm_episode_1ohydo7,3,96,11,0,81,0.13580246913580246,45,0,333,0.13513513513513514,40,2,320,0.125,0.000667334000667319,3,0,31,8,0,39,0,0,11
92,dio_mcm_episode_0l0x9lk,dio_mcm_episode_0vklbgh,3,94,6,6,6,1.0,40,36,41,0.975609756097561,48,39,48,1.0,0.0,0,0,0,6,6,6,0,0,0
93,dio_mcm_episode_040q3nh,dio_mcm_episode_1vpfj3r,3,93,22,3,57,0.38596491228070173,53,8,150,0.35333333333333333,18,3,90,0.2,0.0326315789473684,3,1,12,9,1,30,10,1,15
94,dio_mcm_episode_04asuuf,dio_mcm_episode_0ff8lrz,3,92,9,0,35,0.2571428571428571,42,6,165,0.2545454545454545,41,9,186,0.22043010752688172,0.0025974025974025983,1,0,11,5,0,18,3,0,6
95,dio_mcm_episode_04appcg,dio_mcm_episode_1qpd84c,3,85,15,2,31,0.4838709677419355,39,5,101,0.38613861386138615,31,2,78,0.3974358974358974,0.08643507030603809,3,0,12,9,1,16,3,1,3
96,dio_mcm_episode_14jcwih,dio_mcm_episode_1nxni6k,3,84,0,0,0,0.0,26,10,36,0.7222222222222222,58,15,91,0.6373626373626373,-0.7222222222222222,0,0,0,0,0,0,0,0,0
97,dio_mcm_episode_1o7gsvl,dio_mcm_episode_1vpfj3r,3,83,5,0,40,0.125,33,3,144,0.22916666666666666,45,3,125,0.36,-0.235,3,0,10,2,0,21,0,0,9
98,dio_mcm_episode_07iaozp,dio_mcm_episode_0gslldm,3,82,7,0,32,0.21875,39,2,103,0.3786407766990291,36,3,63,0.5714285714285714,-0.3526785714285714,3,0,5,4,0,24,0,0,3
99,dio_mcm_episode_14y2lc5,dio_mcm_episode_1vpfj3r,1,82,12,0,35,0.34285714285714286,45,0,116,0.3879310344827586,25,0,95,0.2631578947368421,-0.04507389162561576,0,0,8,8,0,18,4,0,9
100,dio_mcm_episode_0ff8lrz,dio_mcm_episode_1vu7n3a,3,81,13,1,53,0.24528301886792453,39,3,149,0.26174496644295303,29,3,83,0.3493975903614458,-0.10411457149352127,6,0,20,5,1,27,2,0,6
101,dio_mcm_episode_0qxnz4m,dio_mcm_episode_1ny5ha7,3,81,21,0,29,0.7241379310344828,40,3,54,0.7407407407407407,20,3,24,0.8333333333333334,-0.10919540229885061,5,0,6,11,0,16,5,0,7
102,dio_mcm_episode_0gslldm,dio_mcm_episode_1qlxgj7,3,78,14,1,90,0.15555555555555556,44,0,351,0.12535612535612536,20,0,320,0.0625,0.030199430199430194,0,0,11,9,0,53,5,1,26
103,dio_mcm_episode_0mx1107,dio_mcm_episode_0z5d2qb,3,77,8,0,43,0.18604651162790697,36,6,113,0.3185840707964602,33,7,72,0.4583333333333333,-0.27228682170542634,5,0,19,3,0,24,0,0,0
104,dio_mcm_episode_1ugezq6,dio_mcm_episode_1x3djkm,3,76,7,0,123,0.056910569105691054,41,0,406,0.10098522167487685,28,6,300,0.09333333333333334,-0.044074652569185795,2,0,33,5,0,63,0,0,27
105,dio_mcm_episode_1rj8742,dio_mcm_episode_1x557o1,3,76,0,0,75,0.0,12,0,450,0.02666666666666667,64,12,570,0.11228070175438597,-0.11228070175438597,0,0,14,0,0,40,0,0,21
106,dio_mcm_episode_0ilwqth,dio_mcm_episode_1w9k3lg,3,74,12,6,15,0.8,35,23,48,0.7291666666666666,27,21,35,0.7714285714285715,0.02857142857142858,6,4,8,5,2,6,1,0,1
107,dio_mcm_episode_08m65fb,dio_mcm_episode_1tvdhgs,3,74,11,1,54,0.2037037037037037,44,6,148,0.2972972972972973,19,0,73,0.2602739726027397,-0.09359359359359362,5,1,21,6,0,26,0,0,7
108,dio_mcm_episode_0gslldm,dio_mcm_episode_1tvdhgs,3,73,10,0,92,0.10869565217391304,32,0,381,0.08398950131233596,31,0,373,0.08310991957104558,0.024706150861577084,0,0,11,6,0,54,4,0,27
109,dio_mcm_episode_1no5vl8,dio_mcm_episode_1wjjpaf,3,73,4,1,6,0.6666666666666666,28,6,39,0.717948717948718,41,5,63,0.6507936507936508,-0.05128205128205132,0,0,0,2,1,3,2,0,3
110,dio_mcm_episode_0mx1107,dio_mcm_episode_1vu7n3a,3,73,17,1,35,0.4857142857142857,37,6,71,0.5211267605633803,19,3,32,0.59375,-0.10803571428571429,11,0,27,6,1,8,0,0,0
111,dio_mcm_episode_05bno88,dio_mcm_episode_1qlxgj7,3,72,18,1,37,0.4864864864864865,41,2,98,0.41836734693877553,13,0,59,0.22033898305084745,0.06811913954771098,0,0,11,13,0,19,5,1,7
112,dio_mcm_episode_0b4v1an,dio_mcm_episode_0vorwpi,3,72,0,0,0,0.0,18,18,18,1.0,54,51,54,1.0,-1.0,0,0,0,0,0,0,0,0,0
113,dio_mcm_episode_02cpbzo,dio_mcm_episode_1qpd84c,3,71,7,2,23,0.30434782608695654,36,3,82,0.43902439024390244,28,1,69,0.4057971014492754,-0.1346765641569459,1,0,7,4,1,12,2,1,4
114,dio_mcm_episode_1qpd84c,dio_mcm_episode_1vu7n3a,3,71,8,1,69,0.11594202898550725,42,3,160,0.2625,21,5,81,0.25925925925925924,-0.14655797101449275,3,0,27,4,0,35,1,1,7
115,dio_mcm_episode_0ffk9vo,dio_mcm_episode_1vu7n3a,1,71,12,0,60,0.2,37,0,162,0.22839506172839505,22,0,88,0.25,-0.04999999999999999,5,0,34,7,0,23,0,0,3
116,dio_mcm_episode_04asuuf,dio_mcm_episode_1vpfj3r,3,70,11,2,29,0.3793103448275862,30,3,128,0.234375,29,5,128,0.2265625,0.1449353448275862,4,1,8,5,1,16,2,0,5
117,dio_mcm_episode_0hchn9l,dio_mcm_episode_0t4969n,3,70,25,13,42,0.5952380952380952,35,4,68,0.5147058823529411,10,0,24,0.4166666666666667,0.08053221288515411,8,5,21,14,6,18,3,2,3
118,dio_mcm_episode_04asuuf,dio_mcm_episode_1o7gsvl,3,70,3,0,47,0.06382978723404255,28,3,220,0.12727272727272726,39,1,246,0.15853658536585366,-0.09470679813181111,2,0,19,1,0,22,0,0,6
119,dio_mcm_episode_0ffk9vo,dio_mcm_episode_1ugezq6,3,69,10,0,39,0.2564102564102564,37,0,123,0.3008130081300813,22,0,88,0.25,-0.04440275171982494,3,0,14,6,0,20,1,0,5
120,dio_mcm_episode_040q3nh,dio_mcm_episode_0ff8lrz,1,69,13,0,69,0.18840579710144928,37,0,208,0.1778846153846154,19,0,134,0.1417910447761194,0.010521181716833888,0,0,17,8,0,35,5,0,17
121,dio_mcm_episode_0jx9fyz,dio_mcm_episode_1tvdhgs,3,68,4,0,18,0.2222222222222222,32,0,92,0.34782608695652173,32,0,108,0.2962962962962963,-0.12560386473429952,2,0,11,2,0,7,0,0,0
122,dio_mcm_episode_0qxnz4m,dio_mcm_episode_1w9k3lg,3,68,11,7,24,0.4583333333333333,32,24,54,0.5925925925925926,25,17,29,0.8620689655172413,-0.403735632183908,2,1,6,7,4,14,2,2,4
123,dio_mcm_episode_1ny5ha7,dio_mcm_episode_1orxzd6,1,68,8,0,29,0.27586206896551724,41,0,105,0.3904761904761905,19,0,63,0.30158730158730157,-0.11461412151067324,1,0,8,4,0,16,3,0,5
124,dio_mcm_episode_07iaozp,dio_mcm_episode_1f1nrkg,3,67,18,2,69,0.2608695652173913,34,3,144,0.2361111111111111,15,2,65,0.23076923076923078,0.024758454106280192,0,0,26,17,2,38,1,0,5
125,dio_mcm_episode_09etg5e,dio_mcm_episode_0satl98,3,67,10,1,33,0.30303030303030304,36,6,94,0.3829787234042553,21,0,52,0.40384615384615385,-0.10081585081585082,9,1,21,1,0,12,0,0,0
126,dio_mcm_episode_04asuuf,dio_mcm_episode_1qpd84c,3,66,2,0,47,0.0425531914893617,29,3,196,0.14795918367346939,35,0,182,0.19230769230769232,-0.1497545008183306,0,0,15,2,0,24,0,0,8
127,dio_mcm_episode_04asuuf,dio_mcm_episode_14y2lc5,2,66,15,0,39,0.38461538461538464,27,0,176,0.1534090909090909,24,0,182,0.13186813186813187,0.23120629370629373,2,0,15,9,0,19,4,0,5
128,dio_mcm_episode_0ffk9vo,dio_mcm_episode_0mx1107,2,65,8,0,25,0.32,35,0,83,0.42168674698795183,22,0,62,0.3548387096774194,-0.10168674698795183,6,0,17,2,0,8,0,0,0
129,dio_mcm_episode_040q3nh,dio_mcm_episode_1ugezq6,1,65,13,0,62,0.20967741935483872,33,0,156,0.21153846153846154,19,0,84,0.2261904761904762,-0.016513056835637474,1,0,15,6,0,32,6,0,15
130,dio_mcm_episode_0l909ce,dio_mcm_episode_17yc79r,2,64,3,0,23,0.13043478260869565,29,0,84,0.34523809523809523,32,0,70,0.45714285714285713,-0.3267080745341615,2,0,11,1,0,12,0,0,0
131,dio_mcm_episode_07iaozp,dio_mcm_episode_0t4969n,3,63,26,6,57,0.45614035087719296,30,8,89,0.33707865168539325,7,0,30,0.23333333333333334,0.11906169919179971,13,4,30,12,2,24,1,0,3
132,dio_mcm_episode_0bli7nu,dio_mcm_episode_1tvdhgs,3,63,4,1,18,0.2222222222222222,29,0,74,0.3918918918918919,30,0,73,0.410958904109589,-0.1887366818873668,0,0,0,3,0,12,1,1,6
133,dio_mcm_episode_1nxni6k,dio_mcm_episode_1u81eqa,3,63,0,0,0,0.0,20,0,54,0.37037037037037035,43,3,138,0.3115942028985507,-0.37037037037037035,0,0,0,0,0,0,0,0,0
134,dio_mcm_episode_0hvxln3,dio_mcm_episode_1x557o1,2,63,13,0,26,0.5,39,0,80,0.4875,11,0,53,0.20754716981132076,0.012500000000000011,7,0,14,6,0,12,0,0,0
135,dio_mcm_episode_1i3ov0z,dio_mcm_episode_1x557o1,1,63,0,0,0,0.0,20,0,54,0.37037037037037035,43,0,105,0.4095238095238095,-0.4095238095238095,0,0,0,0,0,0,0,0,0
136,dio_mcm_episode_1ugezq6,dio_mcm_episode_1vu7n3a,3,62,15,2,48,0.3125,29,1,105,0.2761904761904762,18,0,49,0.3673469387755102,-0.05484693877551022,4,1,15,9,1,27,2,0,6
137,dio_mcm_episode_0hdhhqh,dio_mcm_episode_0l909ce,3,62,0,0,0,0.0,22,5,48,0.4583333333333333,40,7,77,0.5194805194805194,-0.5194805194805194,0,0,0,0,0,0,0,0,0
138,dio_mcm_episode_13wf48a,dio_mcm_episode_1ohydo7,3,62,0,0,0,0.0,20,7,24,0.8333333333333334,42,4,55,0.7636363636363637,-0.8333333333333334,0,0,0,0,0,0,0,0,0
139,dio_mcm_episode_07iaozp,dio_mcm_episode_0hchn9l,3,61,19,5,34,0.5588235294117647,32,1,64,0.5,10,0,29,0.3448275862068966,0.05882352941176472,14,4,23,5,1,10,0,0,1
140,dio_mcm_episode_05dxhcl,dio_mcm_episode_0jx9fyz,3,61,7,0,11,0.6363636363636364,29,0,48,0.6041666666666666,25,0,44,0.5681818181818182,0.032196969696969724,5,0,6,2,0,5,0,0,0
141,dio_mcm_episode_04asuuf,dio_mcm_episode_0l909ce,3,61,2,0,66,0.030303030303030304,28,4,294,0.09523809523809523,31,4,299,0.10367892976588629,-0.07337589946285598,0,0,21,0,0,34,2,0,11
142,dio_mcm_episode_0i72w4b,dio_mcm_episode_0satl98,3,58,17,0,17,1.0,29,0,30,0.9666666666666667,12,1,13,0.9230769230769231,0.033333333333333326,0,0,0,11,0,11,6,0,6
143,dio_mcm_episode_1o7yrz8,dio_mcm_episode_1x3djkm,2,58,4,0,123,0.032520325203252036,22,0,388,0.05670103092783505,32,0,260,0.12307692307692308,-0.09055659787367104,2,0,33,2,0,63,0,0,27
144,dio_mcm_episode_1nxni6k,dio_mcm_episode_1ny5ha7,1,58,16,0,80,0.2,35,0,291,0.12027491408934708,7,0,178,0.03932584269662921,0.07972508591065293,6,0,24,7,0,41,3,0,15
145,dio_mcm_episode_0b4v1an,dio_mcm_episode_0l0x9lk,3,57,6,6,6,1.0,26,22,27,0.9629629629629629,25,13,27,0.9259259259259259,0.03703703703703709,0,0,0,0,0,0,6,6,6
146,dio_mcm_episode_0gslldm,dio_mcm_episode_0hchn9l,3,57,9,0,25,0.36,28,4,80,0.35,20,2,55,0.36363636363636365,-0.0036363636363636598,2,0,4,5,0,17,2,0,4
147,dio_mcm_episode_0hchn9l,dio_mcm_episode_1f1nrkg,3,56,18,8,57,0.3157894736842105,29,8,115,0.25217391304347825,9,2,55,0.16363636363636364,0.06361556064073226,0,0,21,14,6,30,4,2,6
148,dio_mcm_episode_0hdhhqh,dio_mcm_episode_15a14p0,3,56,0,0,0,0.0,18,2,32,0.5625,38,6,56,0.6785714285714286,-0.6785714285714286,0,0,0,0,0,0,0,0,0
149,dio_mcm_episode_1ny5ha7,dio_mcm_episode_1w9k3lg,3,54,12,3,19,0.631578947368421,26,5,41,0.6341463414634146,16,3,20,0.8,-0.16842105263157903,5,1,8,5,2,9,2,0,2
150,dio_mcm_episode_1nxni6k,dio_mcm_episode_1o7yrz8,3,53,8,0,98,0.08163265306122448,21,0,366,0.05737704918032787,24,0,261,0.09195402298850575,-0.010321369927281263,0,0,21,4,0,51,4,0,26
151,dio_mcm_episode_040q3nh,dio_mcm_episode_0l909ce,1,52,20,0,116,0.1724137931034483,29,0,349,0.0830945558739255,3,0,225,0.013333333333333334,0.08931923722952279,5,0,26,8,0,60,7,0,30
152,dio_mcm_episode_1ohydo7,dio_mcm_episode_1wtjaze,3,51,0,0,0,0.0,15,1,36,0.4166666666666667,36,3,87,0.41379310344827586,-0.4166666666666667,0,0,0,0,0,0,0,0,0
153,dio_mcm_episode_08m65fb,dio_mcm_episode_1x557o1,3,50,11,0,75,0.14666666666666667,29,0,210,0.1380952380952381,10,0,105,0.09523809523809523,0.008571428571428563,4,0,27,7,0,37,0,0,11
154,dio_mcm_episode_0satl98,dio_mcm_episode_0t4969n,3,50,17,0,108,0.1574074074074074,33,1,202,0.16336633663366337,0,0,65,0.0,-0.00595892922625596,4,0,45,10,0,51,3,0,12
155,dio_mcm_episode_06fse02,dio_mcm_episode_1f1nrkg,3,50,15,1,33,0.45454545454545453,27,5,55,0.4909090909090909,8,2,21,0.38095238095238093,-0.036363636363636376,6,0,11,5,0,17,4,1,5
156,dio_mcm_episode_1vu7n3a,dio_mcm_episode_1x3djkm,3,50,1,0,179,0.00558659217877095,24,0,524,0.04580152671755725,25,2,294,0.08503401360544217,-0.07944742142667123,0,0,69,1,0,91,0,0,19
157,dio_mcm_episode_0ffk9vo,dio_mcm_episode_1o7yrz8,3,50,4,0,36,0.1111111111111111,23,0,117,0.19658119658119658,23,0,77,0.2987012987012987,-0.18759018759018758,1,0,12,3,0,19,0,0,5
158,dio_mcm_episode_0ilwqth,dio_mcm_episode_1ny5ha7,3,50,5,0,17,0.29411764705882354,24,1,49,0.4897959183673469,21,2,27,0.7777777777777778,-0.48366013071895425,2,0,8,3,0,8,0,0,1
159,dio_mcm_episode_14y2lc5,dio_mcm_episode_1ugezq6,3,49,7,0,41,0.17073170731707318,26,1,120,0.21666666666666667,16,0,83,0.1927710843373494,-0.04593495934959349,2,0,11,3,0,21,2,0,9
160,dio_mcm_episode_1o7n3vj,dio_mcm_episode_1wjjpaf,1,49,5,0,129,0.03875968992248062,23,0,664,0.03463855421686747,21,0,704,0.029829545454545456,0.004121135705613149,1,0,39,4,0,66,0,0,24
161,dio_mcm_episode_0ffk9vo,dio_mcm_episode_0z5d2qb,3,48,1,0,71,0.014084507042253521,19,0,239,0.0794979079497908,28,2,189,0.14814814814814814,-0.1340636411058946,1,0,22,0,0,38,0,0,11
162,dio_mcm_episode_1ohydo7,dio_mcm_episode_1u81eqa,2,48,0,0,0,0.0,15,0,36,0.4166666666666667,33,0,87,0.3793103448275862,-0.4166666666666667,0,0,0,0,0,0,0,0,0
163,dio_mcm_episode_02cpbzo,dio_mcm_episode_04appcg,3,47,8,1,11,0.7272727272727273,19,5,45,0.4222222222222222,20,4,42,0.47619047619047616,0.25108225108225113,4,0,5,3,1,5,1,0,1
164,dio_mcm_episode_04asuuf,dio_mcm_episode_1xdd59l,3,47,0,0,66,0.0,25,0,258,0.09689922480620156,22,0,189,0.1164021164021164,-0.1164021164021164,0,0,21,0,0,34,0,0,11
165,dio_mcm_episode_0ff8lrz,dio_mcm_episode_14wgkn2,3,47,1,0,6,0.16666666666666666,16,1,48,0.3333333333333333,30,3,66,0.45454545454545453,-0.28787878787878785,1,0,3,0,0,3,0,0,0
166,dio_mcm_episode_1e3smq7,dio_mcm_episode_1wjjpaf,2,47,0,0,6,0.0,13,0,39,0.3333333333333333,34,0,62,0.5483870967741935,-0.5483870967741935,0,0,0,0,0,3,0,0,3
167,dio_mcm_episode_1o7n3vj,dio_mcm_episode_1vpfj3r,3,46,3,0,110,0.02727272727272727,23,0,364,0.06318681318681318,20,0,292,0.0684931506849315,-0.041220423412204235,0,0,27,3,0,59,0,0,24
168,dio_mcm_episode_1e3smq7,dio_mcm_episode_1ohydo7,3,46,1,0,11,0.09090909090909091,12,2,63,0.19047619047619047,33,1,84,0.39285714285714285,-0.30194805194805197,0,0,0,1,0,8,0,0,3
169,dio_mcm_episode_1e3smq7,dio_mcm_episode_1o7n3vj,1,46,0,0,24,0.0,20,0,112,0.17857142857142858,26,0,117,0.2222222222222222,-0.2222222222222222,0,0,0,0,0,15,0,0,9
170,dio_mcm_episode_1sddzs5,dio_mcm_episode_1x3djkm,1,46,0,0,0,0.0,21,0,46,0.45652173913043476,25,0,87,0.28735632183908044,-0.45652173913043476,0,0,0,0,0,0,0,0,0
171,dio_mcm_episode_04appcg,dio_mcm_episode_04asuuf,3,44,4,0,23,0.17391304347826086,14,0,105,0.13333333333333333,26,3,111,0.23423423423423423,-0.060321190755973364,2,0,11,2,0,10,0,0,2
172,dio_mcm_episode_02cpbzo,dio_mcm_episode_1o7gsvl,3,44,2,0,23,0.08695652173913043,14,1,94,0.14893617021276595,28,5,93,0.3010752688172043,-0.21411874707807388,0,0,9,0,0,11,2,0,3
173,dio_mcm_episode_14wgkn2,dio_mcm_episode_14y2lc5,3,44,1,0,7,0.14285714285714285,17,7,54,0.3148148148148148,26,7,69,0.37681159420289856,-0.2339544513457557,1,0,4,0,0,3,0,0,0
174,dio_mcm_episode_0sjyas0,dio_mcm_episode_1x557o1,1,44,15,0,51,0.29411764705882354,29,0,108,0.26851851851851855,0,0,0,0.0,0.025599128540304994,6,0,27,9,0,24,0,0,0
175,dio_mcm_episode_14y2lc5,dio_mcm_episode_1qpd84c,1,44,4,0,55,0.07272727272727272,18,0,179,0.1005586592178771,22,0,143,0.15384615384615385,-0.08111888111888113,0,0,15,2,0,28,2,0,12
176,dio_mcm_episode_0ibx54i,dio_mcm_episode_1wjjpaf,3,43,6,0,6,1.0,20,1,27,0.7407407407407407,17,5,21,0.8095238095238095,0.19047619047619047,0,0,0,3,0,3,3,0,3
177,dio_mcm_episode_0qxnz4m,dio_mcm_episode_0rrms7j,3,43,17,4,18,0.9444444444444444,20,14,24,0.8333333333333334,6,6,6,1.0,-0.05555555555555558,4,0,4,9,2,10,4,2,4
178,dio_mcm_episode_0hdhhqh,dio_mcm_episode_0z5d2qb,3,43,0,0,0,0.0,17,0,44,0.38636363636363635,26,7,60,0.43333333333333335,-0.43333333333333335,0,0,0,0,0,0,0,0,0
179,dio_mcm_episode_0ffk9vo,dio_mcm_episode_0hdhhqh,3,43,0,0,0,0.0,15,2,28,0.5357142857142857,28,7,52,0.5384615384615384,-0.5384615384615384,0,0,0,0,0,0,0,0,0
180,dio_mcm_episode_1nxni6k,dio_mcm_episode_1w9k3lg,3,42,9,0,62,0.14516129032258066,20,0,262,0.07633587786259542,13,1,225,0.057777777777777775,0.06882541245998523,4,0,21,4,0,33,1,0,8
181,dio_mcm_episode_0l909ce,dio_mcm_episode_14y2lc5,3,42,7,0,78,0.08974358974358974,21,2,272,0.07720588235294118,14,3,230,0.06086956521739131,0.012537707390648564,3,0,21,4,0,40,0,0,17
182,dio_mcm_episode_149dati,dio_mcm_episode_1o7n3vj,3,42,13,0,23,0.5652173913043478,29,2,40,0.725,0,0,0,0.0,-0.1597826086956522,9,0,14,4,0,9,0,0,0
183,dio_mcm_episode_040q3nh,dio_mcm_episode_1o7n3vj,1,42,6,0,233,0.02575107296137339,20,0,708,0.02824858757062147,16,0,459,0.034858387799564274,-0.009107314838190883,1,0,69,5,0,120,0,0,44
184,dio_mcm_episode_040q3nh,dio_mcm_episode_0ffk9vo,1,42,7,0,83,0.08433734939759036,28,0,235,0.11914893617021277,7,0,141,0.04964539007092199,-0.034811586772622416,1,0,30,5,0,42,1,0,11
185,dio_mcm_episode_1wjjpaf,dio_mcm_episode_1xdd59l,1,42,1,0,66,0.015151515151515152,20,0,303,0.066006600660066,21,0,224,0.09375,-0.07859848484848485,0,0,15,1,0,34,0,0,17
186,dio_mcm_episode_1o7yrz8,dio_mcm_episode_1qpd84c,1,42,4,0,45,0.08888888888888889,21,0,114,0.18421052631578946,17,0,66,0.25757575757575757,-0.16868686868686866,1,0,11,3,0,23,0,0,11
187,dio_mcm_episode_09etg5e,dio_mcm_episode_1f1nrkg,3,41,7,1,24,0.2916666666666667,20,4,70,0.2857142857142857,14,5,41,0.34146341463414637,-0.04979674796747968,0,0,12,7,1,12,0,0,0
188,dio_mcm_episode_0yvdh1c,dio_mcm_episode_0z5d2qb,3,41,0,0,0,0.0,18,9,22,0.8181818181818182,23,5,30,0.7666666666666667,-0.8181818181818182,0,0,0,0,0,0,0,0,0
189,dio_mcm_episode_0vcr3lw,dio_mcm_episode_1x557o1,2,41,14,0,26,0.5384615384615384,27,0,54,0.5,0,0,0,0.0,0.038461538461538436,0,0,0,10,0,15,4,0,11
190,dio_mcm_episode_1o7n3vj,dio_mcm_episode_1sddzs5,1,41,0,0,0,0.0,8,0,48,0.16666666666666666,33,0,77,0.42857142857142855,-0.42857142857142855,0,0,0,0,0,0,0,0,0
191,dio_mcm_episode_1f1nrkg,dio_mcm_episode_1rj8742,3,40,4,0,33,0.12121212121212122,19,0,175,0.10857142857142857,17,1,131,0.1297709923664122,-0.008558871154290992,0,0,6,3,0,18,1,0,9
192,dio_mcm_episode_0ff8lrz,dio_mcm_episode_0mx1107,3,40,4,0,21,0.19047619047619047,19,5,74,0.25675675675675674,17,3,57,0.2982456140350877,-0.10776942355889724,2,0,9,2,0,12,0,0,0
193,dio_mcm_episode_0mx1107,dio_mcm_episode_15a14p0,3,40,1,0,31,0.03225806451612903,22,0,94,0.23404255319148937,17,0,67,0.2537313432835821,-0.22147327876745307,1,0,27,0,0,4,0,0,0
194,dio_mcm_episode_07iaozp,dio_mcm_episode_1qlxgj7,2,40,0,0,119,0.0,16,0,319,0.050156739811912224,24,0,180,0.13333333333333333,-0.13333333333333333,0,0,51,0,0,60,0,0,8
195,dio_mcm_episode_0hchn9l,dio_mcm_episode_1x557o1,1,40,0,0,120,0.0,20,0,380,0.05263157894736842,20,0,255,0.0784313725490196,-0.0784313725490196,0,0,50,0,0,59,0,0,11
196,dio_mcm_episode_158apmu,dio_mcm_episode_1nxni6k,1,39,3,0,51,0.058823529411764705,18,0,173,0.10404624277456648,18,0,91,0.1978021978021978,-0.1389786683904331,0,0,0,2,0,27,1,0,24
197,dio_mcm_episode_1o7n3vj,dio_mcm_episode_1wtjaze,1,39,0,0,0,0.0,16,0,72,0.2222222222222222,23,0,114,0.20175438596491227,-0.2222222222222222,0,0,0,0,0,0,0,0,0
198,dio_mcm_episode_06fse02,dio_mcm_episode_0hchn9l,3,38,11,4,15,0.7333333333333333,19,5,25,0.76,8,7,10,0.8,-0.06666666666666676,5,0,8,5,3,6,1,1,1
199,dio_mcm_episode_0yvdh1c,dio_mcm_episode_15a14p0,3,38,0,0,0,0.0,16,16,16,1.0,22,12,27,0.8148148148148148,-1.0,0,0,0,0,0,0,0,0,0
200,dio_mcm_episode_02cpbzo,dio_mcm_episode_1x3djkm,1,38,6,0,63,0.09523809523809523,17,0,258,0.06589147286821706,15,0,255,0.058823529411764705,0.029346622369878173,0,0,21,4,0,32,2,0,10
201,dio_mcm_episode_05dxhcl,dio_mcm_episode_08m65fb,3,37,6,1,27,0.2222222222222222,18,2,64,0.28125,13,0,29,0.4482758620689655,-0.22605363984674332,2,0,9,3,1,14,1,0,4
202,dio_mcm_episode_1wjjpaf,dio_mcm_episode_1wtjaze,3,37,0,0,0,0.0,11,0,18,0.6111111111111112,26,0,63,0.4126984126984127,-0.6111111111111112,0,0,0,0,0,0,0,0,0
203,dio_mcm_episode_1no5vl8,dio_mcm_episode_1ohydo7,2,37,3,0,12,0.25,16,0,65,0.24615384615384617,18,0,84,0.21428571428571427,0.0038461538461538325,0,0,0,2,0,8,1,0,4
204,dio_mcm_episode_0i72w4b,dio_mcm_episode_0vklbgh,3,36,3,0,3,1.0,18,1,19,0.9473684210526315,15,3,16,0.9375,0.052631578947368474,0,0,0,3,0,3,0,0,0
205,dio_mcm_episode_0l909ce,dio_mcm_episode_14wgkn2,3,36,0,0,12,0.0,18,2,92,0.1956521739130435,18,7,114,0.15789473684210525,-0.1956521739130435,0,0,6,0,0,6,0,0,0
206,dio_mcm_episode_0bsaqu1,dio_mcm_episode_1f1nrkg,3,36,0,0,0,0.0,22,3,36,0.6111111111111112,14,1,27,0.5185185185185185,-0.6111111111111112,0,0,0,0,0,0,0,0,0
207,dio_mcm_episode_0ffk9vo,dio_mcm_episode_0ob26z1,3,35,7,5,7,1.0,20,4,20,1.0,8,1,12,0.6666666666666666,0.0,5,3,5,2,2,2,0,0,0
208,dio_mcm_episode_06fse02,dio_mcm_episode_0t4969n,3,35,13,1,26,0.5,17,3,33,0.5151515151515151,5,0,10,0.5,-0.015151515151515138,4,0,11,6,1,12,3,0,3
209,dio_mcm_episode_05dxhcl,dio_mcm_episode_1f1nrkg,3,35,3,0,111,0.02702702702702703,18,0,277,0.06498194945848375,14,0,155,0.09032258064516129,-0.06329555361813426,3,0,33,0,0,58,0,0,20
210,dio_mcm_episode_040q3nh,dio_mcm_episode_1sddzs5,2,35,0,0,0,0.0,14,0,24,0.5833333333333334,21,0,23,0.9130434782608695,-0.9130434782608695,0,0,0,0,0,0,0,0,0
211,dio_mcm_episode_1no5vl8,dio_mcm_episode_1nxni6k,1,35,8,0,17,0.47058823529411764,20,0,98,0.20408163265306123,7,0,135,0.05185185185185185,0.2665066026410564,0,0,0,4,0,9,4,0,8
212,dio_mcm_episode_0ffk9vo,dio_mcm_episode_14wgkn2,3,34,1,0,6,0.16666666666666666,12,1,55,0.21818181818181817,21,3,78,0.2692307692307692,-0.10256410256410256,0,0,4,1,0,2,0,0,0
213,dio_mcm_episode_0z5d2qb,dio_mcm_episode_1vu7n3a,3,34,2,0,89,0.02247191011235955,15,1,208,0.07211538461538461,17,2,104,0.16346153846153846,-0.1409896283491789,0,0,32,2,0,48,0,0,9
214,dio_mcm_episode_09etg5e,dio_mcm_episode_0t4969n,3,34,5,0,18,0.2777777777777778,24,2,46,0.5217391304347826,5,0,20,0.25,-0.2439613526570048,3,0,12,2,0,6,0,0,0
215,dio_mcm_episode_14y2lc5,dio_mcm_episode_1x3djkm,1,34,1,0,140,0.007142857142857143,11,0,537,0.020484171322160148,22,0,495,0.044444444444444446,-0.0373015873015873,0,0,42,1,0,71,0,0,27
216,dio_mcm_episode_1nxni6k,dio_mcm_episode_1ugezq6,3,33,0,0,98,0.0,12,0,380,0.031578947368421054,21,2,301,0.06976744186046512,-0.06976744186046512,0,0,24,0,0,50,0,0,24
217,dio_mcm_episode_0satl98,dio_mcm_episode_1vjymvi,3,33,4,0,16,0.25,18,1,46,0.391304347826087,11,0,25,0.44,-0.19,3,0,10,1,0,6,0,0,0
218,dio_mcm_episode_1i3ov0z,dio_mcm_episode_1tvdhgs,3,33,0,0,0,0.0,11,0,38,0.2894736842105263,22,1,73,0.3013698630136986,-0.3013698630136986,0,0,0,0,0,0,0,0,0
219,dio_mcm_episode_1orxzd6,dio_mcm_episode_1qfzunm,2,33,9,0,13,0.6923076923076923,19,0,50,0.38,5,0,42,0.11904761904761904,0.3123076923076923,0,0,0,4,0,6,5,0,7
220,dio_mcm_episode_0vcr3lw,dio_mcm_episode_1qlxgj7,2,33,10,0,20,0.5,23,0,31,0.7419354838709677,0,0,0,0.0,-0.24193548387096775,0,0,0,7,0,12,3,0,8
221,dio_mcm_episode_02cpbzo,dio_mcm_episode_04asuuf,1,33,7,0,17,0.4117647058823529,11,0,82,0.13414634146341464,15,0,93,0.16129032258064516,0.2504743833017078,5,0,8,2,0,8,0,0,1
222,dio_mcm_episode_0ff8lrz,dio_mcm_episode_0z5d2qb,3,32,2,0,63,0.031746031746031744,10,0,216,0.046296296296296294,20,2,174,0.11494252873563218,-0.08319649698960044,0,0,14,1,0,32,1,0,17
223,dio_mcm_episode_0bli7nu,dio_mcm_episode_1f1nrkg,3,32,3,0,11,0.2727272727272727,16,0,35,0.45714285714285713,13,0,22,0.5909090909090909,-0.31818181818181823,0,0,0,1,0,6,2,0,5
224,dio_mcm_episode_1eav7xq,dio_mcm_episode_1qlxgj7,2,32,10,0,20,0.5,22,0,31,0.7096774193548387,0,0,0,0.0,-0.20967741935483875,0,0,0,7,0,12,3,0,8
225,dio_mcm_episode_040q3nh,dio_mcm_episode_14y2lc5,1,32,4,0,78,0.05128205128205128,13,0,219,0.0593607305936073,15,0,138,0.10869565217391304,-0.05741360089186176,0,0,23,2,0,40,2,0,15
226,dio_mcm_episode_17u1915,dio_mcm_episode_1x557o1,1,32,8,0,26,0.3076923076923077,24,0,54,0.4444444444444444,0,0,0,0.0,-0.1367521367521367,4,0,14,4,0,12,0,0,0
227,dio_mcm_episode_14oenqv,dio_mcm_episode_1ohydo7,1,32,5,0,23,0.21739130434782608,14,0,69,0.2028985507246377,13,0,28,0.4642857142857143,-0.24689440993788822,0,0,7,3,0,12,2,0,4
228,dio_mcm_episode_07iaozp,dio_mcm_episode_1tvdhgs,3,31,5,0,112,0.044642857142857144,19,0,362,0.052486187845303865,7,0,222,0.03153153153153153,-0.007843330702446721,4,0,57,1,0,49,0,0,6
229,dio_mcm_episode_158apmu,dio_mcm_episode_1wjjpaf,3,31,3,0,15,0.2,18,3,75,0.24,10,0,42,0.23809523809523808,-0.03999999999999998,0,0,0,1,0,9,2,0,6
230,dio_mcm_episode_0satl98,dio_mcm_episode_1f1nrkg,3,31,1,0,168,0.005952380952380952,21,2,327,0.06422018348623854,9,0,140,0.06428571428571428,-0.05833333333333333,0,0,45,1,0,90,0,0,33
231,dio_mcm_episode_0bli7nu,dio_mcm_episode_0gslldm,3,31,2,0,5,0.4,12,0,21,0.5714285714285714,17,1,21,0.8095238095238095,-0.4095238095238095,0,0,0,0,0,1,2,0,4
232,dio_mcm_episode_0ilwqth,dio_mcm_episode_0rrms7j,3,31,6,1,12,0.5,18,6,25,0.72,7,5,7,1.0,-0.5,2,0,6,3,1,5,1,0,1
233,dio_mcm_episode_0bsaqu1,dio_mcm_episode_0gslldm,3,31,0,0,0,0.0,5,0,15,0.3333333333333333,26,0,33,0.7878787878787878,-0.7878787878787878,0,0,0,0,0,0,0,0,0
234,dio_mcm_episode_0ilwqth,dio_mcm_episode_1no5vl8,2,31,3,0,4,0.75,13,0,19,0.6842105263157895,15,0,20,0.75,0.0,0,0,0,2,0,3,1,0,1
235,dio_mcm_episode_04asuuf,dio_mcm_episode_1o7yrz8,1,31,3,0,36,0.08333333333333333,17,0,132,0.12878787878787878,11,0,90,0.12222222222222222,-0.045454545454545456,2,0,12,1,0,18,0,0,6
236,dio_mcm_episode_05bno88,dio_mcm_episode_05dxhcl,3,30,12,0,21,0.5714285714285714,14,0,52,0.2692307692307692,4,0,30,0.13333333333333333,0.3021978021978022,2,0,5,7,0,11,3,0,5
237,dio_mcm_episode_0t4969n,dio_mcm_episode_1tvdhgs,3,30,10,0,135,0.07407407407407407,13,0,397,0.0327455919395466,7,0,175,0.04,0.03407407407407407,3,0,51,5,0,66,2,0,18
238,dio_mcm_episode_0ilwqth,dio_mcm_episode_1nxni6k,3,30,4,0,69,0.057971014492753624,13,1,300,0.043333333333333335,13,1,301,0.04318936877076412,0.014637681159420289,2,0,26,2,0,35,0,0,8
239,dio_mcm_episode_158apmu,dio_mcm_episode_1ny5ha7,3,30,10,0,14,0.7142857142857143,15,7,21,0.7142857142857143,5,2,7,0.7142857142857143,0.0,0,0,0,7,0,9,3,0,5
240,dio_mcm_episode_1nxni6k,dio_mcm_episode_1wtjaze,3,30,0,0,0,0.0,10,0,54,0.18518518518518517,20,0,135,0.14814814814814814,-0.18518518518518517,0,0,0,0,0,0,0,0,0
241,dio_mcm_episode_0fu1xau,dio_mcm_episode_0hchn9l,3,30,3,0,10,0.3,18,5,20,0.9,9,2,9,1.0,-0.7,2,0,8,1,0,2,0,0,0
242,dio_mcm_episode_0o8aklj,dio_mcm_episode_0satl98,3,30,0,0,0,0.0,17,3,17,1.0,13,1,13,1.0,-1.0,0,0,0,0,0,0,0,0,0
243,dio_mcm_episode_0l0x9lk,dio_mcm_episode_0vorwpi,3,30,0,0,0,0.0,12,12,12,1.0,18,18,18,1.0,-1.0,0,0,0,0,0,0,0,0,0
244,dio_mcm_episode_0fuuq8k,dio_mcm_episode_0satl98,3,30,0,0,0,0.0,17,3,17,1.0,13,4,13,1.0,-1.0,0,0,0,0,0,0,0,0,0
245,dio_mcm_episode_1gzkzf9,dio_mcm_episode_1tvdhgs,2,30,0,0,0,0.0,9,0,19,0.47368421052631576,21,0,37,0.5675675675675675,-0.5675675675675675,0,0,0,0,0,0,0,0,0
246,dio_mcm_episode_1o7gsvl,dio_mcm_episode_1ohydo7,1,30,3,0,81,0.037037037037037035,19,0,374,0.05080213903743316,8,0,409,0.019559902200488997,-0.013765102000396122,0,0,25,3,0,44,0,0,12
247,dio_mcm_episode_07iaozp,dio_mcm_episode_09etg5e,3,29,6,0,14,0.42857142857142855,18,1,40,0.45,5,2,23,0.21739130434782608,-0.021428571428571463,4,0,12,2,0,2,0,0,0
248,dio_mcm_episode_07iaozp,dio_mcm_episode_0satl98,3,29,6,0,109,0.05504587155963303,16,0,189,0.08465608465608465,7,0,77,0.09090909090909091,-0.03586321934945788,4,0,56,2,0,47,0,0,6
249,dio_mcm_episode_13wf48a,dio_mcm_episode_1o7n3vj,3,29,0,0,0,0.0,7,0,48,0.14583333333333334,22,0,79,0.27848101265822783,-0.27848101265822783,0,0,0,0,0,0,0,0,0
250,dio_mcm_episode_0lyvlac,dio_mcm_episode_0satl98,3,29,0,0,0,0.0,17,1,17,1.0,12,1,13,0.9230769230769231,-1.0,0,0,0,0,0,0,0,0,0
251,dio_mcm_episode_1eav7xq,dio_mcm_episode_1x557o1,2,29,10,0,26,0.38461538461538464,19,0,54,0.35185185185185186,0,0,0,0.0,0.03276353276353278,0,0,0,6,0,15,4,0,11
252,dio_mcm_episode_04asuuf,dio_mcm_episode_0mx1107,2,29,1,0,24,0.041666666666666664,13,0,94,0.13829787234042554,15,0,79,0.189873417721519,-0.14820675105485234,0,0,16,1,0,8,0,0,0
253,dio_mcm_episode_15iabbt,dio_mcm_episode_1o7n3vj,1,29,0,0,23,0.0,12,0,86,0.13953488372093023,17,0,77,0.22077922077922077,-0.22077922077922077,0,0,14,0,0,9,0,0,0
254,dio_mcm_episode_05dxhcl,dio_mcm_episode_0gslldm,3,28,5,0,52,0.09615384615384616,7,0,192,0.036458333333333336,16,0,162,0.09876543209876543,-0.0026115859449192674,0,0,6,2,0,29,3,0,17
255,dio_mcm_episode_0hchn9l,dio_mcm_episode_0satl98,3,28,4,0,70,0.05714285714285714,22,0,145,0.15172413793103448,2,0,64,0.03125,-0.09458128078817735,2,0,34,2,0,31,0,0,5
256,dio_mcm_episode_15iabbt,dio_mcm_episode_1wjjpaf,3,28,0,0,6,0.0,10,0,33,0.30303030303030304,18,0,42,0.42857142857142855,-0.42857142857142855,0,0,3,0,0,3,0,0,0
257,dio_mcm_episode_1o7gsvl,dio_mcm_episode_1vu7n3a,2,28,6,0,66,0.09090909090909091,15,0,191,0.07853403141361257,7,0,106,0.0660377358490566,0.012375059495478347,3,0,32,3,0,29,0,0,5
258,dio_mcm_episode_06fse02,dio_mcm_episode_1x557o1,1,28,7,0,75,0.09333333333333334,13,0,210,0.06190476190476191,8,0,105,0.0761904761904762,0.01714285714285714,3,0,27,4,0,37,0,0,11
259,dio_mcm_episode_040q3nh,dio_mcm_episode_1o7yrz8,1,28,4,0,71,0.056338028169014086,12,0,142,0.08450704225352113,12,0,69,0.17391304347826086,-0.11757501530924677,3,0,18,1,0,36,0,0,17
260,dio_mcm_episode_14y2lc5,dio_mcm_episode_1vu7n3a,1,28,2,0,57,0.03508771929824561,13,0,154,0.08441558441558442,13,0,83,0.1566265060240964,-0.12153878672585078,0,0,22,1,0,29,1,0,6
261,dio_mcm_episode_0bsaqu1,dio_mcm_episode_1qlxgj7,3,27,0,0,0,0.0,9,0,60,0.15,18,0,93,0.1935483870967742,-0.1935483870967742,0,0,0,0,0,0,0,0,0
262,dio_mcm_episode_05dxhcl,dio_mcm_episode_1i3ov0z,3,27,0,0,0,0.0,15,3,22,0.6818181818181818,12,1,29,0.41379310344827586,-0.6818181818181818,0,0,0,0,0,0,0,0,0
263,dio_mcm_episode_02t3szi,dio_mcm_episode_0satl98,3,27,0,0,0,0.0,15,11,17,0.8823529411764706,12,8,13,0.9230769230769231,-0.9230769230769231,0,0,0,0,0,0,0,0,0
264,dio_mcm_episode_0l909ce,dio_mcm_episode_0ob26z1,1,27,5,0,12,0.4166666666666667,11,0,32,0.34375,11,0,20,0.55,-0.13333333333333336,3,0,6,2,0,6,0,0,0
265,dio_mcm_episode_17yc79r,dio_mcm_episode_1o7n3vj,3,26,6,2,45,0.13333333333333333,15,5,170,0.08823529411764706,5,0,154,0.032467532467532464,0.04509803921568627,3,1,27,3,1,18,0,0,0
266,dio_mcm_episode_0ff8lrz,dio_mcm_episode_1x3djkm,3,26,0,0,123,0.0,12,0,491,0.024439918533604887,14,0,474,0.029535864978902954,-0.029535864978902954,0,0,33,0,0,63,0,0,27
267,dio_mcm_episode_0satl98,dio_mcm_episode_0v4y2fb,3,26,14,4,17,0.8235294117647058,12,0,13,0.9230769230769231,0,0,0,0.0,-0.09954751131221728,9,2,11,5,2,6,0,0,0
268,dio_mcm_episode_06fse02,dio_mcm_episode_0gslldm,3,26,3,0,15,0.2,12,1,43,0.27906976744186046,11,1,21,0.5238095238095238,-0.3238095238095238,1,0,2,2,0,9,0,0,4
269,dio_mcm_episode_0jx9fyz,dio_mcm_episode_1f1nrkg,3,26,0,0,11,0.0,12,0,47,0.2553191489361702,14,0,33,0.42424242424242425,-0.42424242424242425,0,0,5,0,0,6,0,0,0
270,dio_mcm_episode_15a14p0,dio_mcm_episode_177ycjt,3,26,1,0,8,0.125,14,4,22,0.6363636363636364,11,5,14,0.7857142857142857,-0.6607142857142857,1,0,7,0,0,1,0,0,0
271,dio_mcm_episode_1qpd84c,dio_mcm_episode_1sddzs5,3,26,0,0,0,0.0,12,2,16,0.75,14,3,24,0.5833333333333334,-0.75,0,0,0,0,0,0,0,0,0
272,dio_mcm_episode_1eds8f6,dio_mcm_episode_1wjjpaf,3,26,0,0,0,0.0,6,0,6,1.0,20,1,20,1.0,-1.0,0,0,0,0,0,0,0,0,0
273,dio_mcm_episode_0qxnz4m,dio_mcm_episode_158apmu,2,26,8,0,15,0.5333333333333333,16,0,30,0.5333333333333333,2,0,12,0.16666666666666666,0.0,0,0,0,4,0,6,4,0,9
274,dio_mcm_episode_14o2zn6,dio_mcm_episode_1ohydo7,2,26,0,0,0,0.0,8,0,12,0.6666666666666666,18,0,29,0.6206896551724138,-0.6666666666666666,0,0,0,0,0,0,0,0,0
275,dio_mcm_episode_0rrms7j,dio_mcm_episode_1orxzd6,1,26,3,0,21,0.14285714285714285,14,0,55,0.2545454545454545,9,0,16,0.5625,-0.41964285714285715,2,0,6,1,0,11,0,0,4
276,dio_mcm_episode_09etg5e,dio_mcm_episode_0hchn9l,3,25,7,0,10,0.7,13,1,30,0.43333333333333335,5,0,20,0.25,0.2666666666666666,5,0,8,2,0,2,0,0,0
277,dio_mcm_episode_0l909ce,dio_mcm_episode_1x3djkm,3,25,1,0,240,0.004166666666666667,11,0,864,0.01273148148148148,13,2,747,0.01740294511378849,-0.013236278447121823,0,0,66,1,0,123,0,0,51
278,dio_mcm_episode_1ugezq6,dio_mcm_episode_1vpfj3r,3,25,2,0,29,0.06896551724137931,13,0,82,0.15853658536585366,10,0,55,0.18181818181818182,-0.11285266457680251,0,0,6,2,0,15,0,0,8
279,dio_mcm_episode_0rrms7j,dio_mcm_episode_1w9k3lg,3,25,7,2,11,0.6363636363636364,14,5,19,0.7368421052631579,4,3,5,0.8,-0.1636363636363637,3,0,5,3,2,5,1,0,1
280,dio_mcm_episode_09etg5e,dio_mcm_episode_0vklbgh,3,25,0,0,6,0.0,7,0,44,0.1590909090909091,18,2,64,0.28125,-0.28125,0,0,6,0,0,0,0,0,0
281,dio_mcm_episode_0t4969n,dio_mcm_episode_1qlxgj7,2,25,6,0,144,0.041666666666666664,16,0,363,0.0440771349862259,3,0,152,0.019736842105263157,-0.002410468319559232,3,0,57,3,0,69,0,0,18
282,dio_mcm_episode_04asuuf,dio_mcm_episode_1nxni6k,3,24,0,0,102,0.0,2,0,534,0.003745318352059925,22,1,674,0.032640949554896145,-0.032640949554896145,0,0,35,0,0,52,0,0,15
283,dio_mcm_episode_0mx1107,dio_mcm_episode_1ugezq6,3,24,4,0,24,0.16666666666666666,12,1,58,0.20689655172413793,8,0,35,0.22857142857142856,-0.06190476190476191,2,0,12,2,0,12,0,0,0
284,dio_mcm_episode_05bno88,dio_mcm_episode_1f1nrkg,3,24,4,0,24,0.16666666666666666,11,0,46,0.2391304347826087,9,0,22,0.4090909090909091,-0.24242424242424246,2,0,6,0,0,12,2,0,6
285,dio_mcm_episode_015suys,dio_mcm_episode_1qlxgj7,3,24,0,0,0,0.0,8,0,20,0.4,16,0,30,0.5333333333333333,-0.5333333333333333,0,0,0,0,0,0,0,0,0
286,dio_mcm_episode_15a14p0,dio_mcm_episode_17yc79r,2,24,4,0,13,0.3076923076923077,14,0,54,0.25925925925925924,6,0,50,0.12,0.048433048433048465,3,0,11,1,0,2,0,0,0
287,dio_mcm_episode_1o7yrz8,dio_mcm_episode_1vpfj3r,1,24,8,0,29,0.27586206896551724,11,0,77,0.14285714285714285,5,0,47,0.10638297872340426,0.1330049261083744,3,0,6,4,0,15,1,0,8
288,dio_mcm_episode_1ohydo7,dio_mcm_episode_1qpd84c,1,24,6,0,86,0.06976744186046512,13,0,356,0.03651685393258427,5,0,333,0.015015015015015015,0.03325058792788085,3,0,26,3,0,45,0,0,15
289,dio_mcm_episode_1nxni6k,dio_mcm_episode_1o7gsvl,1,24,0,0,116,0.0,4,0,580,0.006896551724137931,20,0,674,0.02967359050445104,-0.02967359050445104,0,0,30,0,0,62,0,0,24
290,dio_mcm_episode_17u1915,dio_mcm_episode_1tvdhgs,3,23,4,0,18,0.2222222222222222,19,0,38,0.5,0,0,0,0.0,-0.2777777777777778,2,0,11,2,0,7,0,0,0
291,dio_mcm_episode_0333eoh,dio_mcm_episode_0satl98,3,23,0,0,0,0.0,12,1,17,0.7058823529411765,11,0,13,0.8461538461538461,-0.8461538461538461,0,0,0,0,0,0,0,0,0
292,dio_mcm_episode_0sc9rzg,dio_mcm_episode_1orxzd6,2,23,7,0,7,1.0,16,0,16,1.0,0,0,0,0.0,0.0,3,0,3,4,0,4,0,0,0
293,dio_mcm_episode_1o7n3vj,dio_mcm_episode_1ui10f9,2,23,0,0,0,0.0,9,0,24,0.375,14,0,40,0.35,-0.375,0,0,0,0,0,0,0,0,0
294,dio_mcm_episode_02cpbzo,dio_mcm_episode_1o7n3vj,1,23,4,0,69,0.057971014492753624,11,0,256,0.04296875,8,0,230,0.034782608695652174,0.015002264492753624,0,0,27,3,0,33,1,0,9
295,dio_mcm_episode_0hchn9l,dio_mcm_episode_1flwfgb,3,22,4,1,4,1.0,11,4,14,0.7857142857142857,7,4,9,0.7777777777777778,0.2142857142857143,3,1,3,1,0,1,0,0,0
296,dio_mcm_episode_0rrms7j,dio_mcm_episode_1ny5ha7,3,22,8,0,14,0.5714285714285714,11,0,17,0.6470588235294118,3,0,4,0.75,-0.1785714285714286,2,0,5,5,0,7,1,0,2
297,dio_mcm_episode_07iaozp,dio_mcm_episode_0fu1xau,3,22,4,0,11,0.36363636363636365,14,1,24,0.5833333333333334,4,0,11,0.36363636363636365,-0.21969696969696972,4,0,9,0,0,2,0,0,0
298,dio_mcm_episode_0l909ce,dio_mcm_episode_1xiamcv,3,22,2,0,12,0.16666666666666666,13,0,32,0.40625,7,0,20,0.35,-0.23958333333333334,1,0,6,1,0,6,0,0,0
299,dio_mcm_episode_015suys,dio_mcm_episode_1tvdhgs,3,22,0,0,0,0.0,10,0,19,0.5263157894736842,12,1,38,0.3157894736842105,-0.5263157894736842,0,0,0,0,0,0,0,0,0
300,dio_mcm_episode_1o7gsvl,dio_mcm_episode_1sddzs5,3,22,0,0,0,0.0,5,0,16,0.3125,17,2,32,0.53125,-0.53125,0,0,0,0,0,0,0,0,0
301,dio_mcm_episode_07x93e7,dio_mcm_episode_1tvdhgs,3,22,0,0,0,0.0,11,0,19,0.5789473684210527,11,0,37,0.2972972972972973,-0.5789473684210527,0,0,0,0,0,0,0,0,0
302,dio_mcm_episode_015suys,dio_mcm_episode_05dxhcl,3,22,0,0,0,0.0,11,1,11,1.0,11,0,15,0.7333333333333333,-1.0,0,0,0,0,0,0,0,0,0
303,dio_mcm_episode_1no5vl8,dio_mcm_episode_1w9k3lg,2,22,4,0,4,1.0,10,0,17,0.5882352941176471,8,0,15,0.5333333333333333,0.4117647058823529,0,0,0,3,0,3,1,0,1
304,dio_mcm_episode_0bli7nu,dio_mcm_episode_1x557o1,2,22,5,0,26,0.19230769230769232,12,0,106,0.11320754716981132,5,0,105,0.047619047619047616,0.079100145137881,0,0,0,2,0,15,3,0,11
305,dio_mcm_episode_0jx9fyz,dio_mcm_episode_1qlxgj7,2,22,0,0,19,0.0,4,0,89,0.0449438202247191,18,0,90,0.2,-0.2,0,0,11,0,0,8,0,0,0
306,dio_mcm_episode_14o2zn6,dio_mcm_episode_1o7n3vj,2,22,0,0,0,0.0,7,0,24,0.2916666666666667,15,0,39,0.38461538461538464,-0.38461538461538464,0,0,0,0,0,0,0,0,0
307,dio_mcm_episode_1nxni6k,dio_mcm_episode_1qpd84c,1,22,4,0,123,0.032520325203252036,12,0,526,0.022813688212927757,6,0,498,0.012048192771084338,0.009706636990324279,0,0,30,4,0,63,0,0,30
308,dio_mcm_episode_0ff8lrz,dio_mcm_episode_1qpd84c,1,22,3,0,48,0.0625,11,0,168,0.06547619047619048,8,0,141,0.05673758865248227,-0.0029761904761904795,0,0,12,1,0,24,2,0,12
309,dio_mcm_episode_0b4v1an,dio_mcm_episode_0i72w4b,3,21,3,1,3,1.0,12,1,12,1.0,6,1,9,0.6666666666666666,0.0,0,0,0,0,0,0,3,1,3
310,dio_mcm_episode_14y2lc5,dio_mcm_episode_1e3smq7,3,21,2,0,7,0.2857142857142857,11,0,33,0.3333333333333333,8,1,36,0.2222222222222222,-0.047619047619047616,0,0,0,1,0,4,1,0,3
311,dio_mcm_episode_1no5vl8,dio_mcm_episode_1ny5ha7,3,21,1,0,5,0.2,12,3,19,0.631578947368421,8,1,12,0.6666666666666666,-0.4666666666666666,0,0,0,1,0,3,0,0,2
312,dio_mcm_episode_0q3iv1r,dio_mcm_episode_1orxzd6,3,21,0,0,0,0.0,7,2,7,1.0,14,4,16,0.875,-1.0,0,0,0,0,0,0,0,0,0
313,dio_mcm_episode_0ff8lrz,dio_mcm_episode_15a14p0,2,21,0,0,45,0.0,8,0,178,0.0449438202247191,13,0,167,0.07784431137724551,-0.07784431137724551,0,0,20,0,0,23,0,0,2
314,dio_mcm_episode_1e3smq7,dio_mcm_episode_1x3djkm,1,21,1,0,22,0.045454545454545456,13,0,112,0.11607142857142858,7,0,132,0.05303030303030303,-0.07061688311688312,0,0,0,1,0,12,0,0,10
315,dio_mcm_episode_040q3nh,dio_mcm_episode_0mx1107,3,20,9,1,47,0.19148936170212766,11,0,107,0.102803738317757,0,0,59,0.0,0.08868562338437065,4,0,23,5,1,24,0,0,0
316,dio_mcm_episode_0t4969n,dio_mcm_episode_1flwfgb,3,20,5,1,9,0.5555555555555556,9,4,23,0.391304347826087,6,0,9,0.6666666666666666,-0.11111111111111105,3,0,6,2,1,3,0,0,0
317,dio_mcm_episode_0ibx54i,dio_mcm_episode_1orxzd6,3,20,0,0,7,0.0,8,1,23,0.34782608695652173,12,2,16,0.75,-0.75,0,0,0,0,0,3,0,0,4
318,dio_mcm_episode_0hvxln3,dio_mcm_episode_1qlxgj7,2,20,2,0,20,0.1,7,0,51,0.13725490196078433,11,0,31,0.3548387096774194,-0.2548387096774194,0,0,12,2,0,8,0,0,0
319,dio_mcm_episode_1orxzd6,dio_mcm_episode_1wtjaze,2,20,0,0,0,0.0,6,0,21,0.2857142857142857,14,0,47,0.2978723404255319,-0.2978723404255319,0,0,0,0,0,0,0,0,0
320,dio_mcm_episode_05upp98,dio_mcm_episode_1qlxgj7,2,20,0,0,0,0.0,11,0,20,0.55,9,0,31,0.2903225806451613,-0.55,0,0,0,0,0,0,0,0,0
321,dio_mcm_episode_1qpd84c,dio_mcm_episode_1ugezq6,1,20,3,0,42,0.07142857142857142,9,0,122,0.07377049180327869,8,0,81,0.09876543209876543,-0.027336860670194002,0,0,11,2,0,22,1,0,9
322,dio_mcm_episode_15a14p0,dio_mcm_episode_16y1wct,3,19,7,1,7,1.0,12,5,14,0.8571428571428571,0,0,0,0.0,0.1428571428571429,6,1,6,1,0,1,0,0,0
323,dio_mcm_episode_1f1nrkg,dio_mcm_episode_1flwfgb,3,19,3,1,11,0.2727272727272727,10,2,35,0.2857142857142857,6,1,22,0.2727272727272727,-0.012987012987012991,0,0,5,3,1,6,0,0,0
324,dio_mcm_episode_0ffk9vo,dio_mcm_episode_1o7n3vj,3,19,0,0,147,0.0,4,0,532,0.007518796992481203,15,0,465,0.03225806451612903,-0.03225806451612903,0,0,60,0,0,70,0,0,17
325,dio_mcm_episode_0l909ce,dio_mcm_episode_1vpfj3r,3,19,0,0,54,0.0,7,0,187,0.0374331550802139,12,0,154,0.07792207792207792,-0.07792207792207792,0,0,12,0,0,30,0,0,12
326,dio_mcm_episode_0gslldm,dio_mcm_episode_0hvxln3,3,19,3,0,5,0.6,11,0,16,0.6875,5,0,11,0.45454545454545453,-0.08750000000000002,1,0,1,2,0,4,0,0,0
327,dio_mcm_episode_04appcg,dio_mcm_episode_1vpfj3r,3,19,1,0,19,0.05263157894736842,10,0,67,0.14925373134328357,8,0,56,0.14285714285714285,-0.09662215239591515,1,0,5,0,0,11,0,0,3
328,dio_mcm_episode_0ibx54i,dio_mcm_episode_0qxnz4m,3,19,3,0,5,0.6,10,3,12,0.8333333333333334,6,3,6,1.0,-0.4,0,0,0,1,0,2,2,0,3
329,dio_mcm_episode_05bno88,dio_mcm_episode_1tvdhgs,2,19,8,0,37,0.21621621621621623,5,0,112,0.044642857142857144,6,0,73,0.0821917808219178,0.13402443539429842,0,0,11,5,0,19,3,0,7
330,dio_mcm_episode_0qxnz4m,dio_mcm_episode_1no5vl8,2,19,1,0,6,0.16666666666666666,8,0,24,0.3333333333333333,10,0,18,0.5555555555555556,-0.38888888888888895,0,0,0,0,0,2,1,0,4
331,dio_mcm_episode_04asuuf,dio_mcm_episode_0ffk9vo,1,19,0,0,42,0.0,4,0,190,0.021052631578947368,15,0,198,0.07575757575757576,-0.07575757575757576,0,0,20,0,0,18,0,0,4
332,dio_mcm_episode_15a14p0,dio_mcm_episode_19nvu4o,1,19,5,0,15,0.3333333333333333,14,0,28,0.5,0,0,0,0.0,-0.16666666666666669,4,0,6,1,0,8,0,0,1
333,dio_mcm_episode_0v4y2fb,dio_mcm_episode_0vklbgh,3,18,3,3,3,1.0,15,6,16,0.9375,0,0,0,0.0,0.0625,3,3,3,0,0,0,0,0,0
334,dio_mcm_episode_05dxhcl,dio_mcm_episode_0bli7nu,3,18,2,0,10,0.2,10,0,36,0.2777777777777778,6,0,29,0.20689655172413793,-0.07777777777777778,0,0,0,1,0,6,1,0,4
335,dio_mcm_episode_08hipkj,dio_mcm_episode_0satl98,3,18,0,0,0,0.0,9,0,17,0.5294117647058824,9,1,13,0.6923076923076923,-0.6923076923076923,0,0,0,0,0,0,0,0,0
336,dio_mcm_episode_040q3nh,dio_mcm_episode_0hwyq0s,3,18,0,0,0,0.0,9,4,12,0.75,9,0,12,0.75,-0.75,0,0,0,0,0,0,0,0,0
337,dio_mcm_episode_0bsaqu1,dio_mcm_episode_0t4969n,3,18,0,0,0,0.0,6,1,27,0.2222222222222222,12,0,15,0.8,-0.8,0,0,0,0,0,0,0,0,0
338,dio_mcm_episode_0o8aklj,dio_mcm_episode_0vklbgh,3,18,0,0,0,0.0,3,2,3,1.0,15,4,16,0.9375,-1.0,0,0,0,0,0,0,0,0,0
339,dio_mcm_episode_0lyvlac,dio_mcm_episode_0vklbgh,3,18,0,0,0,0.0,3,2,3,1.0,15,5,16,0.9375,-1.0,0,0,0,0,0,0,0,0,0
340,dio_mcm_episode_0fuuq8k,dio_mcm_episode_0vklbgh,3,18,0,0,0,0.0,3,3,3,1.0,15,10,16,0.9375,-1.0,0,0,0,0,0,0,0,0,0
341,dio_mcm_episode_02t3szi,dio_mcm_episode_0vklbgh,3,18,0,0,0,0.0,3,3,3,1.0,15,12,16,0.9375,-1.0,0,0,0,0,0,0,0,0,0
342,dio_mcm_episode_02cpbzo,dio_mcm_episode_1sddzs5,3,18,0,0,0,0.0,6,1,6,1.0,12,0,12,1.0,-1.0,0,0,0,0,0,0,0,0,0
343,dio_mcm_episode_07iaozp,dio_mcm_episode_0vklbgh,2,18,1,0,18,0.05555555555555555,11,0,126,0.0873015873015873,6,0,93,0.06451612903225806,-0.031746031746031744,1,0,15,0,0,3,0,0,0
344,dio_mcm_episode_14oenqv,dio_mcm_episode_1nxni6k,1,18,4,0,35,0.11428571428571428,13,0,111,0.11711711711711711,1,0,46,0.021739130434782608,-0.0028314028314028322,2,0,8,1,0,18,1,0,9
345,dio_mcm_episode_1flwfgb,dio_mcm_episode_1x557o1,1,18,0,0,26,0.0,8,0,106,0.07547169811320754,10,0,105,0.09523809523809523,-0.09523809523809523,0,0,14,0,0,12,0,0,0
346,dio_mcm_episode_0bsaqu1,dio_mcm_episode_1tvdhgs,1,18,0,0,0,0.0,4,0,57,0.07017543859649122,14,0,113,0.12389380530973451,-0.12389380530973451,0,0,0,0,0,0,0,0,0
347,dio_mcm_episode_0gslldm,dio_mcm_episode_1rj8742,3,17,3,0,15,0.2,12,0,93,0.12903225806451613,2,0,129,0.015503875968992248,0.07096774193548389,0,0,1,1,0,6,2,0,8
348,dio_mcm_episode_0rrms7j,dio_mcm_episode_1wjjpaf,3,17,0,0,18,0.0,10,0,69,0.14492753623188406,7,0,21,0.3333333333333333,-0.3333333333333333,0,0,6,0,0,9,0,0,3
349,dio_mcm_episode_14jcwih,dio_mcm_episode_1orxzd6,3,17,0,0,0,0.0,1,0,14,0.07142857142857142,16,2,31,0.5161290322580645,-0.5161290322580645,0,0,0,0,0,0,0,0,0
350,dio_mcm_episode_14y2lc5,dio_mcm_episode_1x3r1y4,3,17,0,0,0,0.0,5,2,7,0.7142857142857143,12,4,12,1.0,-1.0,0,0,0,0,0,0,0,0,0
351,dio_mcm_episode_0ffk9vo,dio_mcm_episode_1dtt118,3,17,0,0,0,0.0,7,0,7,1.0,10,2,12,0.8333333333333334,-1.0,0,0,0,0,0,0,0,0,0
352,dio_mcm_episode_0l909ce,dio_mcm_episode_177ycjt,2,17,4,0,11,0.36363636363636365,12,0,32,0.375,1,0,20,0.05,-0.011363636363636354,1,0,5,3,0,6,0,0,0
353,dio_mcm_episode_15iabbt,dio_mcm_episode_1w9k3lg,2,17,2,0,3,0.6666666666666666,9,0,13,0.6923076923076923,6,0,10,0.6,-0.02564102564102566,1,0,2,1,0,1,0,0,0
354,dio_mcm_episode_0bli7nu,dio_mcm_episode_0t4969n,2,17,3,0,9,0.3333333333333333,9,0,23,0.391304347826087,5,0,10,0.5,-0.16666666666666669,0,0,0,3,0,6,0,0,3
355,dio_mcm_episode_09etg5e,dio_mcm_episode_0b4v1an,2,17,0,0,6,0.0,10,0,30,0.3333333333333333,7,0,35,0.2,-0.3333333333333333,0,0,0,0,0,6,0,0,0
356,dio_mcm_episode_0gslldm,dio_mcm_episode_0sjyas0,2,17,3,0,10,0.3,14,0,22,0.6363636363636364,0,0,0,0.0,-0.33636363636363636,0,0,2,3,0,8,0,0,0
357,dio_mcm_episode_0z5d2qb,dio_mcm_episode_17yc79r,1,17,3,0,22,0.13636363636363635,8,0,74,0.10810810810810811,6,0,60,0.1,0.02825552825552824,1,0,10,2,0,12,0,0,0
358,dio_mcm_episode_15a14p0,dio_mcm_episode_1vu7n3a,1,17,4,0,66,0.06060606060606061,8,0,176,0.045454545454545456,5,0,95,0.05263157894736842,0.00797448165869219,3,0,43,1,0,21,0,0,2
359,dio_mcm_episode_0qxnz4m,dio_mcm_episode_1nxni6k,1,17,3,0,105,0.02857142857142857,7,0,378,0.018518518518518517,7,0,261,0.02681992337164751,0.0017515051997810602,1,0,18,2,0,54,0,0,33
360,dio_mcm_episode_0jx9fyz,dio_mcm_episode_1x557o1,1,17,0,0,26,0.0,10,0,132,0.07575757575757576,7,0,156,0.04487179487179487,-0.07575757575757576,0,0,14,0,0,12,0,0,0
361,dio_mcm_episode_0ffk9vo,dio_mcm_episode_1vpfj3r,1,17,0,0,32,0.0,8,0,121,0.06611570247933884,9,0,104,0.08653846153846154,-0.08653846153846154,0,0,9,0,0,18,0,0,5
362,dio_mcm_episode_0z5d2qb,dio_mcm_episode_16y1wct,1,17,6,0,11,0.5454545454545454,11,0,15,0.7333333333333333,0,0,0,0.0,-0.18787878787878787,2,0,5,4,0,6,0,0,0
363,dio_mcm_episode_14jcwih,dio_mcm_episode_1wjjpaf,1,17,0,0,0,0.0,7,0,12,0.5833333333333334,10,0,42,0.23809523809523808,-0.5833333333333334,0,0,0,0,0,0,0,0,0
364,dio_mcm_episode_1orxzd6,dio_mcm_episode_1x6pis8,1,17,0,0,0,0.0,6,0,7,0.8571428571428571,11,0,16,0.6875,-0.8571428571428571,0,0,0,0,0,0,0,0,0
365,dio_mcm_episode_0ffk9vo,dio_mcm_episode_1e3smq7,3,16,4,0,7,0.5714285714285714,10,1,34,0.29411764705882354,2,0,39,0.05128205128205128,0.27731092436974786,0,0,0,2,0,5,2,0,2
366,dio_mcm_episode_0sjyas0,dio_mcm_episode_1f1nrkg,3,16,10,2,24,0.4166666666666667,6,1,22,0.2727272727272727,0,0,0,0.0,0.14393939393939398,5,0,12,5,2,12,0,0,0
367,dio_mcm_episode_06mzyi2,dio_mcm_episode_0hchn9l,3,16,4,0,5,0.8,9,2,10,0.9,3,0,4,0.75,-0.09999999999999998,3,0,4,1,0,1,0,0,0
368,dio_mcm_episode_0gslldm,dio_mcm_episode_1flwfgb,3,16,1,0,5,0.2,4,2,21,0.19047619047619047,11,2,22,0.5,-0.3,0,0,1,1,0,4,0,0,0
369,dio_mcm_episode_0q3iv1r,dio_mcm_episode_1wjjpaf,3,16,0,0,0,0.0,2,0,6,0.3333333333333333,14,1,21,0.6666666666666666,-0.6666666666666666,0,0,0,0,0,0,0,0,0
370,dio_mcm_episode_08hipkj,dio_mcm_episode_0vklbgh,3,16,0,0,0,0.0,3,0,3,1.0,13,2,16,0.8125,-1.0,0,0,0,0,0,0,0,0,0
371,dio_mcm_episode_0yce7uo,dio_mcm_episode_0z5d2qb,2,16,6,0,10,0.6,10,0,15,0.6666666666666666,0,0,0,0.0,-0.06666666666666665,1,0,4,5,0,6,0,0,0
372,dio_mcm_episode_0q4hk03,dio_mcm_episode_1tvdhgs,2,16,0,0,0,0.0,9,0,19,0.47368421052631576,7,0,37,0.1891891891891892,-0.47368421052631576,0,0,0,0,0,0,0,0,0
373,dio_mcm_episode_04appcg,dio_mcm_episode_1o7n3vj,1,16,2,0,86,0.023255813953488372,8,0,304,0.02631578947368421,6,0,259,0.023166023166023165,-0.0030599755201958373,1,0,39,1,0,39,0,0,8
374,dio_mcm_episode_0ff8lrz,dio_mcm_episode_1vpfj3r,1,16,1,0,30,0.03333333333333333,7,0,108,0.06481481481481481,8,0,90,0.08888888888888889,-0.05555555555555556,0,0,6,0,0,15,1,0,9
375,dio_mcm_episode_1ciibe9,dio_mcm_episode_1tvdhgs,1,16,0,0,0,0.0,7,0,19,0.3684210526315789,9,0,37,0.24324324324324326,-0.3684210526315789,0,0,0,0,0,0,0,0,0
376,dio_mcm_episode_0gslldm,dio_mcm_episode_1jq4txk,1,16,0,0,0,0.0,5,0,10,0.5,11,0,22,0.5,-0.5,0,0,0,0,0,0,0,0,0
377,dio_mcm_episode_0ptj9cs,dio_mcm_episode_1orxzd6,1,16,0,0,0,0.0,6,0,7,0.8571428571428571,10,0,16,0.625,-0.8571428571428571,0,0,0,0,0,0,0,0,0
378,dio_mcm_episode_078b3aq,dio_mcm_episode_07iaozp,3,15,7,1,11,0.6363636363636364,6,1,19,0.3157894736842105,2,0,6,0.3333333333333333,0.30303030303030304,5,0,9,2,1,2,0,0,0
379,dio_mcm_episode_06fse02,dio_mcm_episode_07iaozp,3,15,6,1,20,0.3,7,0,32,0.21875,2,0,12,0.16666666666666666,0.08124999999999999,3,0,11,2,1,8,1,0,1
380,dio_mcm_episode_14oenqv,dio_mcm_episode_158apmu,3,15,6,5,6,1.0,7,3,7,1.0,2,1,2,1.0,0.0,0,0,0,3,3,3,3,2,3
381,dio_mcm_episode_1i3ov0z,dio_mcm_episode_1qlxgj7,3,15,0,0,0,0.0,8,0,40,0.2,7,1,62,0.11290322580645161,-0.2,0,0,0,0,0,0,0,0,0
382,dio_mcm_episode_14wgkn2,dio_mcm_episode_1o7yrz8,3,15,0,0,6,0.0,6,1,42,0.14285714285714285,9,1,36,0.25,-0.25,0,0,3,0,0,3,0,0,0
383,dio_mcm_episode_07iaozp,dio_mcm_episode_0bli7nu,3,15,1,0,7,0.14285714285714285,8,1,20,0.4,6,0,12,0.5,-0.35714285714285715,0,0,0,1,0,6,0,0,1
384,dio_mcm_episode_06aqoz9,dio_mcm_episode_15a14p0,3,15,0,0,0,0.0,6,0,16,0.375,9,3,27,0.3333333333333333,-0.375,0,0,0,0,0,0,0,0,0
385,dio_mcm_episode_1eds8f6,dio_mcm_episode_1ohydo7,3,15,0,0,0,0.0,7,0,12,0.5833333333333334,8,1,28,0.2857142857142857,-0.5833333333333334,0,0,0,0,0,0,0,0,0
386,dio_mcm_episode_05upp98,dio_mcm_episode_1rj8742,3,15,0,0,0,0.0,3,1,3,1.0,12,0,12,1.0,-1.0,0,0,0,0,0,0,0,0,0
387,dio_mcm_episode_15iabbt,dio_mcm_episode_1ny5ha7,2,15,2,0,5,0.4,8,0,14,0.5714285714285714,5,0,8,0.625,-0.22499999999999998,2,0,3,0,0,2,0,0,0
388,dio_mcm_episode_1x3djkm,dio_mcm_episode_1xiamcv,2,15,0,0,22,0.0,4,0,67,0.05970149253731343,11,0,44,0.25,-0.25,0,0,11,0,0,11,0,0,0
389,dio_mcm_episode_0ffk9vo,dio_mcm_episode_1x3r1y4,2,15,0,0,0,0.0,6,0,7,0.8571428571428571,9,0,13,0.6923076923076923,-0.8571428571428571,0,0,0,0,0,0,0,0,0
390,dio_mcm_episode_14y2lc5,dio_mcm_episode_1ui10f9,2,15,0,0,0,0.0,4,0,7,0.5714285714285714,11,0,12,0.9166666666666666,-0.9166666666666666,0,0,0,0,0,0,0,0,0
391,dio_mcm_episode_0l909ce,dio_mcm_episode_0yce7uo,1,15,4,0,12,0.3333333333333333,11,0,20,0.55,0,0,0,0.0,-0.21666666666666673,1,0,6,3,0,6,0,0,0
392,dio_mcm_episode_1eav7xq,dio_mcm_episode_1f1nrkg,3,14,8,1,11,0.7272727272727273,6,1,11,0.5454545454545454,0,0,0,0.0,0.18181818181818188,0,0,0,6,0,6,2,1,5
393,dio_mcm_episode_09etg5e,dio_mcm_episode_1vjymvi,3,14,2,0,2,1.0,7,1,8,0.875,5,0,8,0.625,0.125,2,0,2,0,0,0,0,0,0
394,dio_mcm_episode_0satl98,dio_mcm_episode_1x557o1,3,14,4,0,306,0.013071895424836602,5,0,1048,0.004770992366412214,5,0,611,0.008183306055646482,0.00488858936919012,0,0,99,2,0,156,2,0,51
395,dio_mcm_episode_0l909ce,dio_mcm_episode_1o7n3vj,3,14,1,0,222,0.0045045045045045045,8,0,795,0.010062893081761006,5,1,680,0.007352941176470588,-0.005558388577256501,0,0,69,0,0,114,1,0,39
396,dio_mcm_episode_149dati,dio_mcm_episode_14y2lc5,3,14,5,0,7,0.7142857142857143,9,0,12,0.75,0,0,0,0.0,-0.0357142857142857,2,0,4,3,0,3,0,0,0
397,dio_mcm_episode_05dxhcl,dio_mcm_episode_0t4969n,3,14,1,0,98,0.01020408163265306,10,1,189,0.05291005291005291,3,0,74,0.04054054054054054,-0.04270597127739985,1,0,35,0,0,48,0,0,15
398,dio_mcm_episode_09etg5e,dio_mcm_episode_0gslldm,3,14,1,0,10,0.1,3,0,42,0.07142857142857142,10,1,44,0.22727272727272727,-0.12727272727272726,0,0,2,1,0,8,0,0,0
399,dio_mcm_episode_1i3ov0z,dio_mcm_episode_1rj8742,3,14,0,0,0,0.0,2,0,6,0.3333333333333333,12,1,24,0.5,-0.5,0,0,0,0,0,0,0,0,0
400,dio_mcm_episode_07iaozp,dio_mcm_episode_0hvxln3,3,14,2,0,7,0.2857142857142857,7,1,13,0.5384615384615384,5,0,6,0.8333333333333334,-0.5476190476190477,2,0,6,0,0,1,0,0,0
401,dio_mcm_episode_05dxhcl,dio_mcm_episode_0q4hk03,3,14,0,0,0,0.0,6,0,11,0.5454545454545454,8,1,14,0.5714285714285714,-0.5714285714285714,0,0,0,0,0,0,0,0,0
402,dio_mcm_episode_0h2l72l,dio_mcm_episode_1f1nrkg,3,14,0,0,0,0.0,5,0,12,0.4166666666666667,9,1,11,0.8181818181818182,-0.8181818181818182,0,0,0,0,0,0,0,0,0
403,dio_mcm_episode_14wgkn2,dio_mcm_episode_1nxni6k,2,14,0,0,17,0.0,4,0,152,0.02631578947368421,10,0,276,0.036231884057971016,-0.036231884057971016,0,0,8,0,0,9,0,0,0
404,dio_mcm_episode_040q3nh,dio_mcm_episode_16abfly,2,14,6,0,11,0.5454545454545454,8,0,12,0.6666666666666666,0,0,0,0.0,-0.12121212121212122,0,0,0,2,0,6,4,0,5
405,dio_mcm_episode_0gslldm,dio_mcm_episode_0jx9fyz,2,14,0,0,4,0.0,5,0,26,0.19230769230769232,9,0,33,0.2727272727272727,-0.2727272727272727,0,0,0,0,0,4,0,0,0
406,dio_mcm_episode_0hdhhqh,dio_mcm_episode_0mx1107,2,14,0,0,0,0.0,8,0,16,0.5,6,0,19,0.3157894736842105,-0.5,0,0,0,0,0,0,0,0,0
407,dio_mcm_episode_04asuuf,dio_mcm_episode_14wgkn2,1,14,0,0,6,0.0,5,0,52,0.09615384615384616,9,0,93,0.0967741935483871,-0.0967741935483871,0,0,4,0,0,2,0,0,0
408,dio_mcm_episode_0qo35nd,dio_mcm_episode_1rj8742,3,13,3,1,3,1.0,10,2,12,0.8333333333333334,0,0,0,0.0,0.16666666666666663,0,0,0,1,0,1,2,1,2
409,dio_mcm_episode_0ff8lrz,dio_mcm_episode_1o7yrz8,3,13,4,0,33,0.12121212121212122,6,1,108,0.05555555555555555,3,0,72,0.041666666666666664,0.06565656565656566,0,0,8,2,0,17,2,0,8
410,dio_mcm_episode_14wgkn2,dio_mcm_episode_1ugezq6,3,13,0,0,6,0.0,7,1,43,0.16279069767441862,6,0,41,0.14634146341463414,-0.16279069767441862,0,0,3,0,0,3,0,0,0
411,dio_mcm_episode_0fu1xau,dio_mcm_episode_0gslldm,3,13,1,0,10,0.1,6,0,32,0.1875,6,0,22,0.2727272727272727,-0.1727272727272727,1,0,2,0,0,8,0,0,0
412,dio_mcm_episode_05dxhcl,dio_mcm_episode_17u1915,3,13,3,0,10,0.3,10,0,15,0.6666666666666666,0,0,0,0.0,-0.36666666666666664,1,0,5,2,0,5,0,0,0
413,dio_mcm_episode_1o7gsvl,dio_mcm_episode_1xdd59l,2,13,1,0,90,0.011111111111111112,5,0,282,0.01773049645390071,7,0,189,0.037037037037037035,-0.02592592592592592,0,0,27,0,0,46,1,0,17
414,dio_mcm_episode_14wgkn2,dio_mcm_episode_1vpfj3r,2,13,0,0,5,0.0,7,0,38,0.18421052631578946,6,0,47,0.1276595744680851,-0.18421052631578946,0,0,2,0,0,3,0,0,0
415,dio_mcm_episode_1e3smq7,dio_mcm_episode_1o7yrz8,2,13,1,0,6,0.16666666666666666,5,0,24,0.20833333333333334,7,0,17,0.4117647058823529,-0.24509803921568626,0,0,0,1,0,3,0,0,3
416,dio_mcm_episode_0hwyq0s,dio_mcm_episode_1qpd84c,2,13,0,0,0,0.0,4,0,8,0.5,9,0,12,0.75,-0.75,0,0,0,0,0,0,0,0,0
417,dio_mcm_episode_0333eoh,dio_mcm_episode_0vklbgh,2,13,0,0,0,0.0,3,0,3,1.0,10,0,16,0.625,-1.0,0,0,0,0,0,0,0,0,0
418,dio_mcm_episode_1no5vl8,dio_mcm_episode_1o7n3vj,1,13,2,0,23,0.08695652173913043,8,0,111,0.07207207207207207,3,0,119,0.025210084033613446,0.014884449667058361,0,0,0,2,0,15,0,0,8
419,dio_mcm_episode_1wjjpaf,dio_mcm_episode_1x3djkm,1,13,0,0,117,0.0,3,0,657,0.0045662100456621,10,0,809,0.012360939431396786,-0.012360939431396786,0,0,30,0,0,60,0,0,27
420,dio_mcm_episode_13wf48a,dio_mcm_episode_1x3djkm,1,13,0,0,0,0.0,5,0,46,0.10869565217391304,8,0,87,0.09195402298850575,-0.10869565217391304,0,0,0,0,0,0,0,0,0
421,dio_mcm_episode_02035dk,dio_mcm_episode_0satl98,1,13,0,0,0,0.0,8,0,17,0.47058823529411764,5,0,13,0.38461538461538464,-0.47058823529411764,0,0,0,0,0,0,0,0,0
422,dio_mcm_episode_1wjjpaf,dio_mcm_episode_1x6pis8,1,13,0,0,0,0.0,3,0,6,0.5,10,0,21,0.47619047619047616,-0.5,0,0,0,0,0,0,0,0,0
423,dio_mcm_episode_0hchn9l,dio_mcm_episode_1vjymvi,3,12,4,1,5,0.8,6,2,15,0.4,2,0,9,0.2222222222222222,0.4,3,1,4,1,0,1,0,0,0
424,dio_mcm_episode_09etg5e,dio_mcm_episode_1flwfgb,3,12,2,0,2,1.0,6,1,8,0.75,4,1,8,0.5,0.25,2,0,2,0,0,0,0,0,0
425,dio_mcm_episode_158apmu,dio_mcm_episode_15iabbt,3,12,3,0,3,1.0,5,2,8,0.625,4,0,4,1.0,0.0,0,0,0,3,0,3,0,0,0
426,dio_mcm_episode_0b4v1an,dio_mcm_episode_0v4y2fb,3,12,3,3,3,1.0,9,4,9,1.0,0,0,0,0.0,0.0,0,0,0,3,3,3,0,0,0
427,dio_mcm_episode_0fu1xau,dio_mcm_episode_1f1nrkg,3,12,3,0,24,0.125,5,1,46,0.10869565217391304,4,1,22,0.18181818181818182,-0.05681818181818182,2,0,12,1,0,12,0,0,0
428,dio_mcm_episode_08m65fb,dio_mcm_episode_1qlxgj7,3,12,1,0,57,0.017543859649122806,5,0,131,0.03816793893129771,6,0,61,0.09836065573770492,-0.08081679608858211,0,0,21,1,0,28,0,0,8
429,dio_mcm_episode_06fse02,dio_mcm_episode_09etg5e,3,12,2,1,5,0.4,8,1,16,0.5,2,0,8,0.25,-0.09999999999999998,0,0,3,2,1,2,0,0,0
430,dio_mcm_episode_0sjyas0,dio_mcm_episode_0t4969n,3,12,7,3,18,0.3888888888888889,5,0,10,0.5,0,0,0,0.0,-0.1111111111111111,3,1,12,4,2,6,0,0,0
431,dio_mcm_episode_0ilwqth,dio_mcm_episode_1qfzunm,3,12,1,0,8,0.125,5,0,26,0.19230769230769232,6,0,21,0.2857142857142857,-0.1607142857142857,0,0,0,1,0,6,0,0,2
432,dio_mcm_episode_158apmu,dio_mcm_episode_1no5vl8,3,12,1,1,2,0.5,7,3,11,0.6363636363636364,4,0,6,0.6666666666666666,-0.16666666666666663,0,0,0,0,0,0,1,1,2
433,dio_mcm_episode_078b3aq,dio_mcm_episode_0hchn9l,3,12,4,0,10,0.4,5,1,15,0.3333333333333333,3,0,4,0.75,-0.35,3,0,8,1,0,2,0,0,0
434,dio_mcm_episode_02moxon,dio_mcm_episode_040q3nh,3,12,0,0,0,0.0,7,0,12,0.5833333333333334,5,0,12,0.4166666666666667,-0.5833333333333334,0,0,0,0,0,0,0,0,0
435,dio_mcm_episode_0i72w4b,dio_mcm_episode_0vorwpi,3,12,0,0,0,0.0,6,1,6,1.0,6,5,6,1.0,-1.0,0,0,0,0,0,0,0,0,0
436,dio_mcm_episode_0b4v1an,dio_mcm_episode_0o8aklj,3,12,0,0,0,0.0,3,0,3,1.0,9,5,9,1.0,-1.0,0,0,0,0,0,0,0,0,0
437,dio_mcm_episode_0b4v1an,dio_mcm_episode_0lyvlac,3,12,0,0,0,0.0,3,2,3,1.0,9,5,9,1.0,-1.0,0,0,0,0,0,0,0,0,0
438,dio_mcm_episode_0b4v1an,dio_mcm_episode_0fuuq8k,3,12,0,0,0,0.0,3,2,3,1.0,9,8,9,1.0,-1.0,0,0,0,0,0,0,0,0,0
439,dio_mcm_episode_0333eoh,dio_mcm_episode_0b4v1an,3,12,0,0,0,0.0,3,2,3,1.0,9,2,9,1.0,-1.0,0,0,0,0,0,0,0,0,0
440,dio_mcm_episode_02t3szi,dio_mcm_episode_0b4v1an,3,12,0,0,0,0.0,3,3,3,1.0,9,9,9,1.0,-1.0,0,0,0,0,0,0,0,0,0
441,dio_mcm_episode_0mx1107,dio_mcm_episode_1vpfj3r,2,12,3,0,19,0.15789473684210525,5,0,57,0.08771929824561403,4,0,40,0.1,0.05789473684210525,0,0,7,3,0,12,0,0,0
442,dio_mcm_episode_1o7yrz8,dio_mcm_episode_1ugezq6,2,12,2,0,35,0.05714285714285714,5,0,78,0.0641025641025641,5,0,42,0.11904761904761904,-0.0619047619047619,1,0,9,1,0,18,0,0,8
443,dio_mcm_episode_14wgkn2,dio_mcm_episode_1ohydo7,2,12,0,0,12,0.0,1,0,101,0.009900990099009901,11,0,164,0.06707317073170732,-0.06707317073170732,0,0,8,0,0,4,0,0,0
444,dio_mcm_episode_0vcr3lw,dio_mcm_episode_1tvdhgs,2,12,3,0,18,0.16666666666666666,9,0,38,0.23684210526315788,0,0,0,0.0,-0.07017543859649122,0,0,0,2,0,12,1,0,6
445,dio_mcm_episode_0qxnz4m,dio_mcm_episode_15iabbt,2,12,0,0,6,0.0,5,0,18,0.2777777777777778,7,0,12,0.5833333333333334,-0.5833333333333334,0,0,2,0,0,4,0,0,0
446,dio_mcm_episode_015suys,dio_mcm_episode_1f1nrkg,2,12,0,0,0,0.0,5,0,12,0.4166666666666667,7,0,11,0.6363636363636364,-0.6363636363636364,0,0,0,0,0,0,0,0,0
447,dio_mcm_episode_1f1nrkg,dio_mcm_episode_1gzkzf9,2,12,0,0,0,0.0,8,0,12,0.6666666666666666,4,0,11,0.36363636363636365,-0.6666666666666666,0,0,0,0,0,0,0,0,0
448,dio_mcm_episode_0vklbgh,dio_mcm_episode_1x557o1,1,12,0,0,75,0.0,2,0,546,0.003663003663003663,10,0,728,0.013736263736263736,-0.013736263736263736,0,0,39,0,0,36,0,0,0
449,dio_mcm_episode_040q3nh,dio_mcm_episode_14wgkn2,1,12,0,0,12,0.0,4,0,84,0.047619047619047616,8,0,71,0.11267605633802817,-0.11267605633802817,0,0,6,0,0,6,0,0,0
450,dio_mcm_episode_1ciibe9,dio_mcm_episode_1x557o1,1,12,0,0,0,0.0,4,0,27,0.14814814814814814,8,0,53,0.1509433962264151,-0.1509433962264151,0,0,0,0,0,0,0,0,0
451,dio_mcm_episode_0z5d2qb,dio_mcm_episode_19nvu4o,1,12,3,0,21,0.14285714285714285,9,0,30,0.3,0,0,0,0.0,-0.15714285714285714,0,0,5,1,0,11,2,0,5
452,dio_mcm_episode_0fa830n,dio_mcm_episode_0hchn9l,3,11,4,0,5,0.8,4,0,10,0.4,3,0,5,0.6,0.20000000000000007,0,0,0,3,0,4,1,0,1
453,dio_mcm_episode_0sc9rzg,dio_mcm_episode_1ohydo7,3,11,4,1,12,0.3333333333333333,7,1,29,0.2413793103448276,0,0,0,0.0,0.09195402298850572,2,0,8,2,1,4,0,0,0
454,dio_mcm_episode_0z5d2qb,dio_mcm_episode_177ycjt,3,11,0,0,10,0.0,8,1,26,0.3076923076923077,3,2,15,0.2,-0.3076923076923077,0,0,4,0,0,6,0,0,0
455,dio_mcm_episode_0fu1xau,dio_mcm_episode_0t4969n,3,11,0,0,18,0.0,9,2,28,0.32142857142857145,2,0,10,0.2,-0.32142857142857145,0,0,12,0,0,6,0,0,0
456,dio_mcm_episode_0gslldm,dio_mcm_episode_0h2l72l,3,11,0,0,0,0.0,2,0,5,0.4,9,1,11,0.8181818181818182,-0.8181818181818182,0,0,0,0,0,0,0,0,0
457,dio_mcm_episode_0ilwqth,dio_mcm_episode_0q3iv1r,3,11,0,0,0,0.0,4,0,4,1.0,7,1,7,1.0,-1.0,0,0,0,0,0,0,0,0,0
458,dio_mcm_episode_0ibx54i,dio_mcm_episode_0ilwqth,3,11,0,0,4,0.0,4,3,11,0.36363636363636365,7,5,7,1.0,-1.0,0,0,0,0,0,3,0,0,1
459,dio_mcm_episode_0mx1107,dio_mcm_episode_1xiamcv,2,11,2,0,3,0.6666666666666666,6,0,9,0.6666666666666666,3,0,5,0.6,0.0,2,0,3,0,0,0,0,0,0
460,dio_mcm_episode_14y2lc5,dio_mcm_episode_15a14p0,2,11,0,0,53,0.0,2,0,188,0.010638297872340425,9,0,162,0.05555555555555555,-0.05555555555555555,0,0,25,0,0,25,0,0,3
461,dio_mcm_episode_06fse02,dio_mcm_episode_0satl98,2,11,2,0,45,0.044444444444444446,9,0,73,0.1232876712328767,0,0,26,0.0,-0.07884322678843225,0,0,19,2,0,21,0,0,5
462,dio_mcm_episode_1e3smq7,dio_mcm_episode_1orxzd6,2,11,0,0,7,0.0,3,0,37,0.08108108108108109,8,0,48,0.16666666666666666,-0.16666666666666666,0,0,0,0,0,3,0,0,4
463,dio_mcm_episode_14y2lc5,dio_mcm_episode_1wtjaze,2,11,0,0,0,0.0,2,0,21,0.09523809523809523,9,0,35,0.2571428571428571,-0.2571428571428571,0,0,0,0,0,0,0,0,0
464,dio_mcm_episode_05upp98,dio_mcm_episode_1f1nrkg,2,11,0,0,0,0.0,6,0,12,0.5,5,0,11,0.45454545454545453,-0.5,0,0,0,0,0,0,0,0,0
465,dio_mcm_episode_0ffk9vo,dio_mcm_episode_1ui10f9,2,11,0,0,0,0.0,4,0,7,0.5714285714285714,7,0,13,0.5384615384615384,-0.5714285714285714,0,0,0,0,0,0,0,0,0
466,dio_mcm_episode_0satl98,dio_mcm_episode_1n87ekd,2,11,0,0,0,0.0,3,0,17,0.17647058823529413,8,0,12,0.6666666666666666,-0.6666666666666666,0,0,0,0,0,0,0,0,0
467,dio_mcm_episode_1o7yrz8,dio_mcm_episode_1ui10f9,2,11,0,0,0,0.0,5,0,6,0.8333333333333334,6,0,6,1.0,-1.0,0,0,0,0,0,0,0,0,0
468,dio_mcm_episode_0qxnz4m,dio_mcm_episode_1ohydo7,1,11,2,0,71,0.028169014084507043,6,0,243,0.024691358024691357,3,0,168,0.017857142857142856,0.0034776560598156862,0,0,16,1,0,40,1,0,15
469,dio_mcm_episode_14wgkn2,dio_mcm_episode_1x3djkm,1,11,0,0,22,0.0,1,0,179,0.00558659217877095,10,0,260,0.038461538461538464,-0.038461538461538464,0,0,11,0,0,11,0,0,0
470,dio_mcm_episode_1nxni6k,dio_mcm_episode_1x6pis8,1,11,0,0,0,0.0,4,0,18,0.2222222222222222,7,0,46,0.15217391304347827,-0.2222222222222222,0,0,0,0,0,0,0,0,0
471,dio_mcm_episode_04asuuf,dio_mcm_episode_1u81eqa,1,11,0,0,0,0.0,0,0,18,0.0,11,0,45,0.24444444444444444,-0.24444444444444444,0,0,0,0,0,0,0,0,0
472,dio_mcm_episode_13wf48a,dio_mcm_episode_1qpd84c,1,11,0,0,0,0.0,5,0,16,0.3125,6,0,24,0.25,-0.3125,0,0,0,0,0,0,0,0,0
473,dio_mcm_episode_0q3iv1r,dio_mcm_episode_0qxnz4m,1,11,0,0,0,0.0,5,0,6,0.8333333333333334,6,0,6,1.0,-1.0,0,0,0,0,0,0,0,0,0
474,dio_mcm_episode_02035dk,dio_mcm_episode_0b4v1an,1,11,0,0,0,0.0,3,0,3,1.0,8,0,9,0.8888888888888888,-1.0,0,0,0,0,0,0,0,0,0
475,dio_mcm_episode_14wgkn2,dio_mcm_episode_17yc79r,3,10,1,0,2,0.5,4,1,16,0.25,5,2,24,0.20833333333333334,0.25,1,0,2,0,0,0,0,0,0
476,dio_mcm_episode_0ilwqth,dio_mcm_episode_1yrr2yr,3,10,3,2,3,1.0,7,5,7,1.0,0,0,0,0.0,0.0,2,1,2,1,1,1,0,0,0
477,dio_mcm_episode_0i72w4b,dio_mcm_episode_0l0x9lk,3,10,2,2,2,1.0,5,3,5,1.0,3,1,3,1.0,0.0,0,0,0,0,0,0,2,2,2
478,dio_mcm_episode_0ffk9vo,dio_mcm_episode_16y1wct,3,10,3,0,6,0.5,7,2,13,0.5384615384615384,0,0,0,0.0,-0.038461538461538436,2,0,4,1,0,2,0,0,0
479,dio_mcm_episode_0rrms7j,dio_mcm_episode_1qfzunm,3,10,3,0,6,0.5,6,1,11,0.5454545454545454,1,0,3,0.3333333333333333,-0.045454545454545414,0,0,0,1,0,4,2,0,2
480,dio_mcm_episode_08m65fb,dio_mcm_episode_1rj8742,3,10,1,0,9,0.1111111111111111,5,0,42,0.11904761904761904,4,0,24,0.16666666666666666,-0.05555555555555555,0,0,2,0,0,5,1,0,2
481,dio_mcm_episode_0qxnz4m,dio_mcm_episode_1qfzunm,3,10,0,0,9,0.0,6,0,30,0.2,4,0,18,0.2222222222222222,-0.2222222222222222,0,0,0,0,0,4,0,0,5
482,dio_mcm_episode_06fse02,dio_mcm_episode_0fu1xau,3,10,2,0,6,0.3333333333333333,6,1,10,0.6,2,0,4,0.5,-0.26666666666666666,2,0,4,0,0,2,0,0,0
483,dio_mcm_episode_1tvdhgs,dio_mcm_episode_1ubfji8,3,10,0,0,0,0.0,6,0,19,0.3157894736842105,4,0,37,0.10810810810810811,-0.3157894736842105,0,0,0,0,0,0,0,0,0
484,dio_mcm_episode_0hvxln3,dio_mcm_episode_0t4969n,3,10,1,0,9,0.1111111111111111,7,0,14,0.5,2,0,5,0.4,-0.3888888888888889,1,0,6,0,0,3,0,0,0
485,dio_mcm_episode_0hwyq0s,dio_mcm_episode_1vu7n3a,3,10,0,0,0,0.0,6,0,9,0.6666666666666666,4,1,7,0.5714285714285714,-0.6666666666666666,0,0,0,0,0,0,0,0,0
486,dio_mcm_episode_06fse02,dio_mcm_episode_1flwfgb,3,10,1,1,3,0.3333333333333333,5,2,8,0.625,4,3,4,1.0,-0.6666666666666667,0,0,2,1,1,1,0,0,0
487,dio_mcm_episode_1rj8742,dio_mcm_episode_1ubfji8,3,10,0,0,0,0.0,1,0,3,0.3333333333333333,9,1,12,0.75,-0.75,0,0,0,0,0,0,0,0,0
488,dio_mcm_episode_1o7yrz8,dio_mcm_episode_1x3r1y4,3,10,0,0,0,0.0,5,1,6,0.8333333333333334,5,1,6,0.8333333333333334,-0.8333333333333334,0,0,0,0,0,0,0,0,0
489,dio_mcm_episode_14o2zn6,dio_mcm_episode_1o7yrz8,3,10,0,0,0,0.0,5,1,6,0.8333333333333334,5,0,6,0.8333333333333334,-0.8333333333333334,0,0,0,0,0,0,0,0,0
490,dio_mcm_episode_14oenqv,dio_mcm_episode_1ny5ha7,2,10,4,0,10,0.4,5,0,13,0.38461538461538464,1,0,3,0.3333333333333333,0.015384615384615385,3,0,3,1,0,5,0,0,2
491,dio_mcm_episode_0bli7nu,dio_mcm_episode_0jx9fyz,2,10,1,0,1,1.0,5,0,5,1.0,4,0,6,0.6666666666666666,0.0,0,0,0,1,0,1,0,0,0
492,dio_mcm_episode_1ny5ha7,dio_mcm_episode_1ohydo7,2,10,1,0,54,0.018518518518518517,8,0,187,0.0427807486631016,1,0,113,0.008849557522123894,-0.024262230144583084,1,0,18,0,0,28,0,0,8
493,dio_mcm_episode_14jcwih,dio_mcm_episode_1ohydo7,2,10,0,0,0,0.0,2,0,24,0.08333333333333333,8,0,57,0.14035087719298245,-0.14035087719298245,0,0,0,0,0,0,0,0,0
494,dio_mcm_episode_0l909ce,dio_mcm_episode_0yvdh1c,2,10,0,0,0,0.0,2,0,24,0.08333333333333333,8,0,39,0.20512820512820512,-0.20512820512820512,0,0,0,0,0,0,0,0,0
495,dio_mcm_episode_0gslldm,dio_mcm_episode_0vcr3lw,2,10,2,0,4,0.5,8,0,11,0.7272727272727273,0,0,0,0.0,-0.2272727272727273,0,0,0,0,0,1,2,0,3
496,dio_mcm_episode_0qxnz4m,dio_mcm_episode_1ac9vkf,2,10,4,0,6,0.6666666666666666,6,0,6,1.0,0,0,0,0.0,-0.33333333333333337,2,0,2,2,0,4,0,0,0
497,dio_mcm_episode_1f1nrkg,dio_mcm_episode_1ubfji8,2,10,0,0,0,0.0,6,0,12,0.5,4,0,11,0.36363636363636365,-0.5,0,0,0,0,0,0,0,0,0
498,dio_mcm_episode_07iaozp,dio_mcm_episode_1jq4txk,2,10,0,0,0,0.0,4,0,14,0.2857142857142857,6,0,12,0.5,-0.5,0,0,0,0,0,0,0,0,0
499,dio_mcm_episode_0ilwqth,dio_mcm_episode_1qpzgcl,2,10,0,0,0,0.0,3,0,4,0.75,7,0,7,1.0,-1.0,0,0,0,0,0,0,0,0,0
500,dio_mcm_episode_16abfly,dio_mcm_episode_1vu7n3a,1,10,6,0,9,0.6666666666666666,4,0,7,0.5714285714285714,0,0,0,0.0,0.09523809523809523,0,0,0,5,0,7,1,0,2
501,dio_mcm_episode_1no5vl8,dio_mcm_episode_1xdd59l,1,10,2,0,12,0.16666666666666666,6,0,48,0.125,2,0,35,0.05714285714285714,0.04166666666666666,0,0,0,1,0,6,1,0,6
502,dio_mcm_episode_14wgkn2,dio_mcm_episode_1qpd84c,1,10,1,0,8,0.125,3,0,60,0.05,6,0,71,0.08450704225352113,0.040492957746478875,1,0,4,0,0,4,0,0,0
503,dio_mcm_episode_158apmu,dio_mcm_episode_1ohydo7,1,10,2,0,35,0.05714285714285714,8,0,109,0.07339449541284404,0,0,55,0.0,-0.0162516382699869,0,0,0,1,0,24,1,0,11
504,dio_mcm_episode_1e3smq7,dio_mcm_episode_1nxni6k,1,10,0,0,17,0.0,4,0,98,0.04081632653061224,6,0,135,0.044444444444444446,-0.044444444444444446,0,0,0,0,0,9,0,0,8
505,dio_mcm_episode_1gzkzf9,dio_mcm_episode_1x557o1,1,10,0,0,0,0.0,4,0,27,0.14814814814814814,6,0,53,0.11320754716981132,-0.14814814814814814,0,0,0,0,0,0,0,0,0
506,dio_mcm_episode_1eds8f6,dio_mcm_episode_1o7n3vj,1,10,0,0,0,0.0,5,0,24,0.20833333333333334,5,0,39,0.1282051282051282,-0.20833333333333334,0,0,0,0,0,0,0,0,0
507,dio_mcm_episode_1ciibe9,dio_mcm_episode_1qlxgj7,1,10,0,0,0,0.0,1,0,20,0.05,9,0,31,0.2903225806451613,-0.2903225806451613,0,0,0,0,0,0,0,0,0
508,dio_mcm_episode_0hwyq0s,dio_mcm_episode_0l909ce,1,10,0,0,0,0.0,4,0,12,0.3333333333333333,6,0,20,0.3,-0.3333333333333333,0,0,0,0,0,0,0,0,0
509,dio_mcm_episode_0jx9fyz,dio_mcm_episode_0t4969n,1,10,0,0,8,0.0,4,0,32,0.125,6,0,15,0.4,-0.4,0,0,5,0,0,3,0,0,0
510,dio_mcm_episode_0q4hk03,dio_mcm_episode_1f1nrkg,1,10,0,0,0,0.0,4,0,12,0.3333333333333333,6,0,11,0.5454545454545454,-0.5454545454545454,0,0,0,0,0,0,0,0,0
511,dio_mcm_episode_0gslldm,dio_mcm_episode_1gzkzf9,1,10,0,0,0,0.0,2,0,5,0.4,8,0,11,0.7272727272727273,-0.7272727272727273,0,0,0,0,0,0,0,0,0
512,dio_mcm_episode_02moxon,dio_mcm_episode_04asuuf,1,10,0,0,0,0.0,5,0,6,0.8333333333333334,5,0,15,0.3333333333333333,-0.8333333333333334,0,0,0,0,0,0,0,0,0
513,dio_mcm_episode_0tkt5yz,dio_mcm_episode_0tusrny,3,9,9,4,9,1.0,0,0,0,0.0,0,0,0,0.0,1.0,0,0,0,4,2,4,5,2,5
514,dio_mcm_episode_07iaozp,dio_mcm_episode_1vjymvi,3,9,5,0,7,0.7142857142857143,3,1,20,0.15,1,0,12,0.08333333333333333,0.5642857142857143,4,0,6,1,0,1,0,0,0
515,dio_mcm_episode_06mzyi2,dio_mcm_episode_09etg5e,3,9,1,1,1,1.0,5,1,6,0.8333333333333334,3,1,4,0.75,0.16666666666666663,1,1,1,0,0,0,0,0,0
516,dio_mcm_episode_0vcr3lw,dio_mcm_episode_1f1nrkg,3,9,5,1,11,0.45454545454545453,4,1,11,0.36363636363636365,0,0,0,0.0,0.09090909090909088,0,0,0,3,0,6,2,1,5
517,dio_mcm_episode_08m65fb,dio_mcm_episode_1f1nrkg,3,9,5,0,35,0.14285714285714285,3,1,57,0.05263157894736842,1,0,22,0.045454545454545456,0.09022556390977443,3,0,12,2,0,18,0,0,5
518,dio_mcm_episode_07iaozp,dio_mcm_episode_1flwfgb,3,9,2,0,6,0.3333333333333333,5,1,20,0.25,2,0,12,0.16666666666666666,0.08333333333333331,2,0,5,0,0,1,0,0,0
519,dio_mcm_episode_0b4v1an,dio_mcm_episode_1f1nrkg,3,9,1,0,33,0.030303030303030304,5,0,137,0.0364963503649635,3,0,96,0.03125,-0.006193320061933197,0,0,0,0,0,18,1,0,15
520,dio_mcm_episode_09etg5e,dio_mcm_episode_1x557o1,3,9,0,0,51,0.0,2,0,208,0.009615384615384616,7,1,206,0.03398058252427184,-0.03398058252427184,0,0,27,0,0,24,0,0,0
521,dio_mcm_episode_0gslldm,dio_mcm_episode_1vjymvi,3,9,1,0,5,0.2,3,1,21,0.14285714285714285,5,1,21,0.23809523809523808,-0.03809523809523807,0,0,1,1,0,4,0,0,0
522,dio_mcm_episode_0hchn9l,dio_mcm_episode_0sjyas0,3,9,4,4,10,0.4,5,2,10,0.5,0,0,0,0.0,-0.09999999999999998,3,3,8,1,1,2,0,0,0
523,dio_mcm_episode_14y2lc5,dio_mcm_episode_19nvu4o,3,9,2,0,11,0.18181818181818182,7,0,24,0.2916666666666667,0,0,0,0.0,-0.10984848484848486,0,0,3,2,0,6,0,0,2
524,dio_mcm_episode_06fse02,dio_mcm_episode_0sjyas0,3,9,5,1,6,0.8333333333333334,4,0,4,1.0,0,0,0,0.0,-0.16666666666666663,4,0,4,1,1,2,0,0,0
525,dio_mcm_episode_07iaozp,dio_mcm_episode_0w3jrws,3,9,0,0,13,0.0,7,0,25,0.28,2,0,11,0.18181818181818182,-0.28,0,0,5,0,0,7,0,0,1
526,dio_mcm_episode_17yc79r,dio_mcm_episode_19nvu4o,3,9,2,2,4,0.5,7,6,8,0.875,0,0,0,0.0,-0.375,1,1,2,1,1,2,0,0,0
527,dio_mcm_episode_04appcg,dio_mcm_episode_1sddzs5,3,9,0,0,0,0.0,3,0,8,0.375,6,0,14,0.42857142857142855,-0.42857142857142855,0,0,0,0,0,0,0,0,0
528,dio_mcm_episode_09etg5e,dio_mcm_episode_0l0x9lk,3,9,0,0,4,0.0,4,0,14,0.2857142857142857,5,0,11,0.45454545454545453,-0.45454545454545453,0,0,0,0,0,4,0,0,0
529,dio_mcm_episode_0h2l72l,dio_mcm_episode_0t4969n,3,9,0,0,0,0.0,6,2,9,0.6666666666666666,3,0,5,0.6,-0.6666666666666666,0,0,0,0,0,0,0,0,0
530,dio_mcm_episode_1e3smq7,dio_mcm_episode_1wtjaze,3,9,0,0,0,0.0,1,0,3,0.3333333333333333,8,4,9,0.8888888888888888,-0.8888888888888888,0,0,0,0,0,0,0,0,0
531,dio_mcm_episode_15iabbt,dio_mcm_episode_1no5vl8,3,9,0,0,1,0.0,3,1,5,0.6,6,1,6,1.0,-1.0,0,0,0,0,0,1,0,0,0
532,dio_mcm_episode_0ilwqth,dio_mcm_episode_0ptj9cs,3,9,0,0,0,0.0,3,1,4,0.75,6,1,6,1.0,-1.0,0,0,0,0,0,0,0,0,0
533,dio_mcm_episode_0ibx54i,dio_mcm_episode_1w9k3lg,3,9,0,0,4,0.0,4,3,9,0.4444444444444444,5,4,5,1.0,-1.0,0,0,0,0,0,3,0,0,1
534,dio_mcm_episode_078b3aq,dio_mcm_episode_0tkt5yz,2,9,6,0,9,0.6666666666666666,3,0,5,0.6,0,0,0,0.0,0.06666666666666665,3,0,3,3,0,6,0,0,0
535,dio_mcm_episode_0mx1107,dio_mcm_episode_1qpd84c,2,9,3,0,32,0.09375,4,0,88,0.045454545454545456,2,0,59,0.03389830508474576,0.048295454545454544,1,0,16,2,0,16,0,0,0
536,dio_mcm_episode_0ilwqth,dio_mcm_episode_1ohydo7,2,9,2,0,47,0.0425531914893617,6,0,199,0.03015075376884422,1,0,202,0.0049504950495049506,0.012402437720517481,0,0,23,1,0,20,1,0,4
537,dio_mcm_episode_14y2lc5,dio_mcm_episode_1nxni6k,2,9,2,0,116,0.017241379310344827,5,0,501,0.00998003992015968,2,0,498,0.004016064257028112,0.007261339390185147,0,0,33,1,0,59,1,0,24
538,dio_mcm_episode_16abfly,dio_mcm_episode_1o7n3vj,2,9,3,0,23,0.13043478260869565,6,0,40,0.15,0,0,0,0.0,-0.019565217391304346,0,0,0,3,0,15,0,0,8
539,dio_mcm_episode_0mx1107,dio_mcm_episode_1x3djkm,2,9,0,0,82,0.0,2,0,283,0.007067137809187279,7,0,219,0.0319634703196347,-0.0319634703196347,0,0,38,0,0,44,0,0,0
540,dio_mcm_episode_05dxhcl,dio_mcm_episode_07iaozp,2,9,1,0,74,0.013513513513513514,3,0,165,0.01818181818181818,5,0,84,0.05952380952380952,-0.046010296010296006,1,0,35,0,0,35,0,0,4
541,dio_mcm_episode_14oenqv,dio_mcm_episode_1wjjpaf,2,9,1,0,12,0.08333333333333333,7,0,48,0.14583333333333334,1,0,21,0.047619047619047616,-0.06250000000000001,0,0,3,1,0,6,0,0,3
542,dio_mcm_episode_0gslldm,dio_mcm_episode_0pzlboa,2,9,1,0,5,0.2,5,0,16,0.3125,3,0,11,0.2727272727272727,-0.11249999999999999,0,0,1,1,0,4,0,0,0
543,dio_mcm_episode_17u1915,dio_mcm_episode_1f1nrkg,2,9,3,0,11,0.2727272727272727,6,0,11,0.5454545454545454,0,0,0,0.0,-0.2727272727272727,1,0,5,2,0,6,0,0,0
544,dio_mcm_episode_1f1nrkg,dio_mcm_episode_1jq4txk,2,9,0,0,0,0.0,2,0,24,0.08333333333333333,7,0,22,0.3181818181818182,-0.3181818181818182,0,0,0,0,0,0,0,0,0
545,dio_mcm_episode_05dxhcl,dio_mcm_episode_1ciibe9,2,9,0,0,0,0.0,3,0,11,0.2727272727272727,6,0,15,0.4,-0.4,0,0,0,0,0,0,0,0,0
546,dio_mcm_episode_0bpgwtp,dio_mcm_episode_1f1nrkg,2,9,0,0,0,0.0,5,0,12,0.4166666666666667,4,0,11,0.36363636363636365,-0.4166666666666667,0,0,0,0,0,0,0,0,0
547,dio_mcm_episode_1orxzd6,dio_mcm_episode_1qpzgcl,2,9,0,0,0,0.0,4,0,7,0.5714285714285714,5,0,16,0.3125,-0.5714285714285714,0,0,0,0,0,0,0,0,0
548,dio_mcm_episode_0qxnz4m,dio_mcm_episode_1yrr2yr,1,9,5,0,6,0.8333333333333334,4,0,6,0.6666666666666666,0,0,0,0.0,0.16666666666666674,2,0,2,3,0,4,0,0,0
549,dio_mcm_episode_1orxzd6,dio_mcm_episode_1xdd59l,1,9,0,0,74,0.0,6,0,276,0.021739130434782608,3,0,192,0.015625,-0.021739130434782608,0,0,15,0,0,38,0,0,21
550,dio_mcm_episode_02moxon,dio_mcm_episode_1o7n3vj,1,9,0,0,0,0.0,4,0,24,0.16666666666666666,5,0,40,0.125,-0.16666666666666666,0,0,0,0,0,0,0,0,0
551,dio_mcm_episode_1o7yrz8,dio_mcm_episode_1u81eqa,1,9,0,0,0,0.0,4,0,18,0.2222222222222222,5,0,18,0.2777777777777778,-0.2777777777777778,0,0,0,0,0,0,0,0,0
552,dio_mcm_episode_07iaozp,dio_mcm_episode_0i72w4b,1,9,0,0,7,0.0,6,0,13,0.46153846153846156,3,0,6,0.5,-0.5,0,0,0,0,0,6,0,0,1
553,dio_mcm_episode_14obi8w,dio_mcm_episode_14y2lc5,1,9,0,0,0,0.0,2,0,7,0.2857142857142857,7,0,12,0.5833333333333334,-0.5833333333333334,0,0,0,0,0,0,0,0,0
554,dio_mcm_episode_09etg5e,dio_mcm_episode_0w3jrws,1,9,0,0,4,0.0,3,0,12,0.25,6,0,8,0.75,-0.75,0,0,2,0,0,2,0,0,0
555,dio_mcm_episode_0ilwqth,dio_mcm_episode_0pjt45q,1,9,0,0,3,0.0,4,0,10,0.4,5,0,6,0.8333333333333334,-0.8333333333333334,0,0,2,0,0,1,0,0,0
556,dio_mcm_episode_1qv5i56,dio_mcm_episode_1rj8742,1,9,0,0,0,0.0,3,0,3,1.0,6,0,12,0.5,-1.0,0,0,0,0,0,0,0,0,0
557,dio_mcm_episode_1ohydo7,dio_mcm_episode_1w9k3lg,3,8,3,0,38,0.07894736842105263,3,0,160,0.01875,2,0,135,0.014814814814814815,0.060197368421052624,0,0,18,2,0,17,1,0,3
558,dio_mcm_episode_0hvxln3,dio_mcm_episode_1f1nrkg,3,8,3,0,12,0.25,5,0,23,0.21739130434782608,0,0,11,0.0,0.03260869565217392,2,0,6,1,0,6,0,0,0
559,dio_mcm_episode_14oenqv,dio_mcm_episode_15iabbt,3,8,2,0,2,1.0,5,1,5,1.0,1,0,2,0.5,0.0,1,0,1,1,0,1,0,0,0
560,dio_mcm_episode_0ob26z1,dio_mcm_episode_14y2lc5,3,8,2,0,7,0.2857142857142857,6,0,19,0.3157894736842105,0,0,11,0.0,-0.03007518796992481,2,0,4,0,0,3,0,0,0
561,dio_mcm_episode_1o7n3vj,dio_mcm_episode_1x3r1y4,3,8,0,0,0,0.0,3,0,24,0.125,5,0,39,0.1282051282051282,-0.1282051282051282,0,0,0,0,0,0,0,0,0
562,dio_mcm_episode_05dxhcl,dio_mcm_episode_09etg5e,3,8,0,0,21,0.0,0,0,72,0.0,8,0,57,0.14035087719298245,-0.14035087719298245,0,0,11,0,0,10,0,0,0
563,dio_mcm_episode_09627ba,dio_mcm_episode_1tvdhgs,3,8,0,0,0,0.0,3,0,19,0.15789473684210525,5,0,37,0.13513513513513514,-0.15789473684210525,0,0,0,0,0,0,0,0,0
564,dio_mcm_episode_09etg5e,dio_mcm_episode_0vorwpi,3,8,0,0,0,0.0,2,0,12,0.16666666666666666,6,0,23,0.2608695652173913,-0.2608695652173913,0,0,0,0,0,0,0,0,0
565,dio_mcm_episode_07iaozp,dio_mcm_episode_0bsaqu1,3,8,0,0,0,0.0,3,0,21,0.14285714285714285,5,0,17,0.29411764705882354,-0.29411764705882354,0,0,0,0,0,0,0,0,0
566,dio_mcm_episode_05dxhcl,dio_mcm_episode_07x93e7,3,8,0,0,0,0.0,3,0,11,0.2727272727272727,5,0,15,0.3333333333333333,-0.3333333333333333,0,0,0,0,0,0,0,0,0
567,dio_mcm_episode_078b3aq,dio_mcm_episode_09etg5e,3,8,2,0,4,0.5,2,0,10,0.2,4,0,4,1.0,-0.5,2,0,4,0,0,0,0,0,0
568,dio_mcm_episode_1ugezq6,dio_mcm_episode_1xiamcv,3,8,0,0,6,0.0,4,0,13,0.3076923076923077,4,1,7,0.5714285714285714,-0.5714285714285714,0,0,3,0,0,3,0,0,0
569,dio_mcm_episode_015suys,dio_mcm_episode_1rj8742,3,8,0,0,0,0.0,1,0,3,0.3333333333333333,7,1,12,0.5833333333333334,-0.5833333333333334,0,0,0,0,0,0,0,0,0
570,dio_mcm_episode_07iaozp,dio_mcm_episode_0h2l72l,3,8,0,0,0,0.0,5,4,7,0.7142857142857143,3,1,6,0.5,-0.7142857142857143,0,0,0,0,0,0,0,0,0
571,dio_mcm_episode_0bd9lsr,dio_mcm_episode_0t4969n,3,8,0,0,0,0.0,7,1,9,0.7777777777777778,1,0,4,0.25,-0.7777777777777778,0,0,0,0,0,0,0,0,0
572,dio_mcm_episode_0tkt5yz,dio_mcm_episode_1vty8kh,3,8,0,0,0,0.0,8,1,10,0.8,0,0,0,0.0,-0.8,0,0,0,0,0,0,0,0,0
573,dio_mcm_episode_14oenqv,dio_mcm_episode_1no5vl8,3,8,0,0,2,0.0,5,1,7,0.7142857142857143,3,0,3,1.0,-1.0,0,0,0,0,0,1,0,0,1
574,dio_mcm_episode_02cpbzo,dio_mcm_episode_02moxon,3,8,0,0,0,0.0,3,0,3,1.0,5,2,5,1.0,-1.0,0,0,0,0,0,0,0,0,0
575,dio_mcm_episode_14y2lc5,dio_mcm_episode_17yc79r,2,8,1,0,13,0.07692307692307693,3,0,52,0.057692307692307696,4,0,48,0.08333333333333333,-0.006410256410256401,1,0,7,0,0,6,0,0,0
576,dio_mcm_episode_05dxhcl,dio_mcm_episode_0vklbgh,2,8,0,0,32,0.0,0,0,217,0.0,8,0,230,0.034782608695652174,-0.034782608695652174,0,0,17,0,0,15,0,0,0
577,dio_mcm_episode_07iaozp,dio_mcm_episode_0pzlboa,2,8,2,0,7,0.2857142857142857,4,0,13,0.3076923076923077,2,0,6,0.3333333333333333,-0.047619047619047616,2,0,6,0,0,1,0,0,0
578,dio_mcm_episode_13wf48a,dio_mcm_episode_14y2lc5,2,8,0,0,0,0.0,3,0,14,0.21428571428571427,5,0,24,0.20833333333333334,-0.21428571428571427,0,0,0,0,0,0,0,0,0
579,dio_mcm_episode_05bno88,dio_mcm_episode_1rj8742,2,8,0,0,6,0.0,7,0,30,0.23333333333333334,1,0,24,0.041666666666666664,-0.23333333333333334,0,0,1,0,0,3,0,0,2
580,dio_mcm_episode_0bli7nu,dio_mcm_episode_0hchn9l,2,8,0,0,5,0.0,5,0,15,0.3333333333333333,3,0,10,0.3,-0.3333333333333333,0,0,0,0,0,4,0,0,1
581,dio_mcm_episode_05dxhcl,dio_mcm_episode_1ubfji8,2,8,0,0,0,0.0,5,0,11,0.45454545454545453,3,0,15,0.2,-0.45454545454545453,0,0,0,0,0,0,0,0,0
582,dio_mcm_episode_0h2l72l,dio_mcm_episode_0hchn9l,2,8,0,0,0,0.0,4,0,5,0.8,4,0,5,0.8,-0.8,0,0,0,0,0,0,0,0,0
583,dio_mcm_episode_021zt73,dio_mcm_episode_0hchn9l,2,8,0,0,0,0.0,3,0,5,0.6,5,0,5,1.0,-1.0,0,0,0,0,0,0,0,0,0
584,dio_mcm_episode_1e3smq7,dio_mcm_episode_1o7gsvl,1,8,2,0,8,0.25,1,0,40,0.025,5,0,47,0.10638297872340426,0.14361702127659576,0,0,0,0,0,5,2,0,3
585,dio_mcm_episode_0ff8lrz,dio_mcm_episode_0ob26z1,1,8,2,0,6,0.3333333333333333,4,0,18,0.2222222222222222,2,0,12,0.16666666666666666,0.1111111111111111,1,0,3,1,0,3,0,0,0
586,dio_mcm_episode_1ny5ha7,dio_mcm_episode_1xdd59l,1,8,5,0,57,0.08771929824561403,3,0,104,0.028846153846153848,0,0,45,0.0,0.05887314439946018,1,0,17,4,0,29,0,0,11
587,dio_mcm_episode_1o7gsvl,dio_mcm_episode_1o7yrz8,1,8,2,0,42,0.047619047619047616,4,0,141,0.028368794326241134,2,0,95,0.021052631578947368,0.019250253292806482,0,0,12,2,0,22,0,0,8
588,dio_mcm_episode_1o7n3vj,dio_mcm_episode_1orxzd6,1,8,0,0,147,0.0,3,0,592,0.005067567567567568,5,0,562,0.008896797153024912,-0.008896797153024912,0,0,39,0,0,78,0,0,30
589,dio_mcm_episode_15iabbt,dio_mcm_episode_1x3djkm,1,8,1,0,22,0.045454545454545456,5,0,89,0.056179775280898875,2,0,87,0.022988505747126436,-0.010725229826353419,1,0,11,0,0,11,0,0,0
590,dio_mcm_episode_1wtjaze,dio_mcm_episode_1x3djkm,1,8,0,0,0,0.0,3,0,69,0.043478260869565216,5,0,132,0.03787878787878788,-0.043478260869565216,0,0,0,0,0,0,0,0,0
591,dio_mcm_episode_14y2lc5,dio_mcm_episode_1u81eqa,1,8,0,0,0,0.0,2,0,21,0.09523809523809523,6,0,35,0.17142857142857143,-0.17142857142857143,0,0,0,0,0,0,0,0,0
592,dio_mcm_episode_13wf48a,dio_mcm_episode_1o7gsvl,1,8,0,0,0,0.0,2,0,16,0.125,6,0,31,0.1935483870967742,-0.1935483870967742,0,0,0,0,0,0,0,0,0
593,dio_mcm_episode_13wf48a,dio_mcm_episode_1orxzd6,1,8,0,0,0,0.0,1,0,14,0.07142857142857142,7,0,31,0.22580645161290322,-0.22580645161290322,0,0,0,0,0,0,0,0,0
594,dio_mcm_episode_06aqoz9,dio_mcm_episode_0z5d2qb,1,8,0,0,0,0.0,6,0,22,0.2727272727272727,2,0,29,0.06896551724137931,-0.2727272727272727,0,0,0,0,0,0,0,0,0
595,dio_mcm_episode_0bsaqu1,dio_mcm_episode_0hchn9l,1,8,0,0,0,0.0,3,0,15,0.2,5,0,15,0.3333333333333333,-0.3333333333333333,0,0,0,0,0,0,0,0,0
596,dio_mcm_episode_05dxhcl,dio_mcm_episode_0hv1uu1,1,8,0,0,0,0.0,4,0,11,0.36363636363636365,4,0,15,0.26666666666666666,-0.36363636363636365,0,0,0,0,0,0,0,0,0
597,dio_mcm_episode_14ef21w,dio_mcm_episode_14y2lc5,1,8,0,0,0,0.0,4,0,7,0.5714285714285714,4,0,12,0.3333333333333333,-0.5714285714285714,0,0,0,0,0,0,0,0,0
598,dio_mcm_episode_0qxnz4m,dio_mcm_episode_1qpzgcl,1,8,0,0,0,0.0,4,0,6,0.6666666666666666,4,0,6,0.6666666666666666,-0.6666666666666666,0,0,0,0,0,0,0,0,0
599,dio_mcm_episode_0ezwt7z,dio_mcm_episode_0hchn9l,1,8,0,0,0,0.0,4,0,5,0.8,4,0,5,0.8,-0.8,0,0,0,0,0,0,0,0,0
600,dio_mcm_episode_0pjt45q,dio_mcm_episode_0qxnz4m,3,7,3,1,5,0.6,3,0,12,0.25,1,0,6,0.16666666666666666,0.35,1,0,1,2,1,4,0,0,0
601,dio_mcm_episode_1vu7n3a,dio_mcm_episode_1xiamcv,3,7,4,1,9,0.4444444444444444,2,0,16,0.125,1,0,7,0.14285714285714285,0.30158730158730157,3,1,7,1,0,2,0,0,0
602,dio_mcm_episode_0qo35nd,dio_mcm_episode_1qlxgj7,3,7,5,2,20,0.25,2,2,31,0.06451612903225806,0,0,0,0.0,0.18548387096774194,0,0,0,4,2,12,1,0,8
603,dio_mcm_episode_06mzyi2,dio_mcm_episode_0t4969n,3,7,3,0,9,0.3333333333333333,4,1,14,0.2857142857142857,0,0,5,0.0,0.047619047619047616,2,0,6,1,0,3,0,0,0
604,dio_mcm_episode_0ffk9vo,dio_mcm_episode_177ycjt,3,7,1,0,7,0.14285714285714285,4,2,20,0.2,2,0,12,0.16666666666666666,-0.05714285714285716,1,0,5,0,0,2,0,0,0
605,dio_mcm_episode_05upp98,dio_mcm_episode_1x557o1,3,7,0,0,0,0.0,1,0,27,0.037037037037037035,6,1,53,0.11320754716981132,-0.11320754716981132,0,0,0,0,0,0,0,0,0
606,dio_mcm_episode_06mzyi2,dio_mcm_episode_1f1nrkg,3,7,1,0,12,0.08333333333333333,3,1,23,0.13043478260869565,3,0,11,0.2727272727272727,-0.1893939393939394,0,0,6,1,0,6,0,0,0
607,dio_mcm_episode_08hipkj,dio_mcm_episode_1f1nrkg,3,7,0,0,0,0.0,4,0,12,0.3333333333333333,3,0,11,0.2727272727272727,-0.3333333333333333,0,0,0,0,0,0,0,0,0
608,dio_mcm_episode_0bd9lsr,dio_mcm_episode_0vklbgh,3,7,0,0,0,0.0,1,0,3,0.3333333333333333,6,1,15,0.4,-0.4,0,0,0,0,0,0,0,0,0
609,dio_mcm_episode_05upp98,dio_mcm_episode_0gslldm,3,7,0,0,0,0.0,3,1,5,0.6,4,0,11,0.36363636363636365,-0.6,0,0,0,0,0,0,0,0,0
610,dio_mcm_episode_08hipkj,dio_mcm_episode_0t4969n,3,7,0,0,0,0.0,7,2,9,0.7777777777777778,0,0,5,0.0,-0.7777777777777778,0,0,0,0,0,0,0,0,0
611,dio_mcm_episode_0hchn9l,dio_mcm_episode_1n87ekd,3,7,0,0,0,0.0,3,1,5,0.6,4,0,5,0.8,-0.8,0,0,0,0,0,0,0,0,0
612,dio_mcm_episode_04asuuf,dio_mcm_episode_149dati,2,7,2,0,6,0.3333333333333333,5,0,16,0.3125,0,0,0,0.0,0.020833333333333315,1,0,4,1,0,2,0,0,0
613,dio_mcm_episode_0hchn9l,dio_mcm_episode_0hvxln3,2,7,2,0,4,0.5,5,0,10,0.5,0,0,5,0.0,0.0,1,0,3,1,0,1,0,0,0
614,dio_mcm_episode_0satl98,dio_mcm_episode_1flwfgb,2,7,1,0,16,0.0625,6,0,47,0.1276595744680851,0,0,26,0.0,-0.0651595744680851,1,0,10,0,0,6,0,0,0
615,dio_mcm_episode_14wgkn2,dio_mcm_episode_1vu7n3a,2,7,0,0,9,0.0,1,0,61,0.01639344262295082,6,0,41,0.14634146341463414,-0.14634146341463414,0,0,7,0,0,2,0,0,0
616,dio_mcm_episode_1qlxgj7,dio_mcm_episode_1qv5i56,2,7,0,0,0,0.0,5,0,20,0.25,2,0,31,0.06451612903225806,-0.25,0,0,0,0,0,0,0,0,0
617,dio_mcm_episode_0asyqb4,dio_mcm_episode_1f1nrkg,2,7,0,0,0,0.0,4,0,12,0.3333333333333333,3,0,11,0.2727272727272727,-0.3333333333333333,0,0,0,0,0,0,0,0,0
618,dio_mcm_episode_0ilwqth,dio_mcm_episode_15iabbt,2,7,0,0,4,0.0,2,0,15,0.13333333333333333,5,0,14,0.35714285714285715,-0.35714285714285715,0,0,3,0,0,1,0,0,0
619,dio_mcm_episode_05bno88,dio_mcm_episode_0t4969n,2,7,0,0,18,0.0,3,0,28,0.10714285714285714,4,0,10,0.4,-0.4,0,0,6,0,0,9,0,0,3
620,dio_mcm_episode_14y2lc5,dio_mcm_episode_1dtt118,2,7,0,0,0,0.0,3,0,7,0.42857142857142855,4,0,12,0.3333333333333333,-0.42857142857142855,0,0,0,0,0,0,0,0,0
621,dio_mcm_episode_0t4969n,dio_mcm_episode_1jq4txk,2,7,0,0,0,0.0,2,0,18,0.1111111111111111,5,0,10,0.5,-0.5,0,0,0,0,0,0,0,0,0
622,dio_mcm_episode_09etg5e,dio_mcm_episode_0fu1xau,2,7,0,0,4,0.0,3,0,12,0.25,4,0,8,0.5,-0.5,0,0,4,0,0,0,0,0,0
623,dio_mcm_episode_06fse02,dio_mcm_episode_0bsaqu1,2,7,0,0,0,0.0,4,0,9,0.4444444444444444,3,0,6,0.5,-0.5,0,0,0,0,0,0,0,0,0
624,dio_mcm_episode_0gslldm,dio_mcm_episode_1ubfji8,2,7,0,0,0,0.0,3,0,5,0.6,4,0,11,0.36363636363636365,-0.6,0,0,0,0,0,0,0,0,0
625,dio_mcm_episode_076w0e1,dio_mcm_episode_0b4v1an,2,7,0,0,0,0.0,2,0,3,0.6666666666666666,5,0,8,0.625,-0.6666666666666666,0,0,0,0,0,0,0,0,0
626,dio_mcm_episode_0asyqb4,dio_mcm_episode_0hchn9l,2,7,0,0,0,0.0,4,0,5,0.8,3,0,5,0.6,-0.8,0,0,0,0,0,0,0,0,0
627,dio_mcm_episode_0z5d2qb,dio_mcm_episode_1xiamcv,1,7,3,0,10,0.3,4,0,26,0.15384615384615385,0,0,15,0.0,0.14615384615384613,1,0,4,2,0,6,0,0,0
628,dio_mcm_episode_15iabbt,dio_mcm_episode_1ohydo7,1,7,2,0,11,0.18181818181818182,2,0,53,0.03773584905660377,3,0,58,0.05172413793103448,0.13009404388714735,2,0,7,0,0,4,0,0,0
629,dio_mcm_episode_14oenqv,dio_mcm_episode_1o7n3vj,1,7,5,0,45,0.1111111111111111,2,0,104,0.019230769230769232,0,0,40,0.0,0.09188034188034187,0,0,14,5,0,23,0,0,8
630,dio_mcm_episode_1no5vl8,dio_mcm_episode_1x3djkm,1,7,1,0,23,0.043478260869565216,3,0,114,0.02631578947368421,3,0,129,0.023255813953488372,0.017162471395881007,0,0,0,0,0,12,1,0,11
631,dio_mcm_episode_0qxnz4m,dio_mcm_episode_1o7n3vj,1,7,3,0,129,0.023255813953488372,4,0,364,0.01098901098901099,0,0,230,0.0,0.012266802964477382,0,0,27,2,0,72,1,0,30
632,dio_mcm_episode_1ny5ha7,dio_mcm_episode_1o7n3vj,1,7,1,0,110,0.00909090909090909,4,0,284,0.014084507042253521,2,0,154,0.012987012987012988,-0.004993597951344431,1,0,39,0,0,54,0,0,17
633,dio_mcm_episode_0l0x9lk,dio_mcm_episode_1f1nrkg,1,7,1,0,23,0.043478260869565216,4,0,57,0.07017543859649122,2,0,32,0.0625,-0.026697177726926008,0,0,0,0,0,12,1,0,11
634,dio_mcm_episode_09627ba,dio_mcm_episode_1qlxgj7,1,7,0,0,0,0.0,4,0,20,0.2,3,0,30,0.1,-0.2,0,0,0,0,0,0,0,0,0
635,dio_mcm_episode_04appcg,dio_mcm_episode_1u81eqa,1,7,0,0,0,0.0,0,0,12,0.0,7,0,20,0.35,-0.35,0,0,0,0,0,0,0,0,0
636,dio_mcm_episode_0ffk9vo,dio_mcm_episode_0hwyq0s,1,7,0,0,0,0.0,2,0,7,0.2857142857142857,5,0,13,0.38461538461538464,-0.38461538461538464,0,0,0,0,0,0,0,0,0
637,dio_mcm_episode_02moxon,dio_mcm_episode_14y2lc5,1,7,0,0,0,0.0,3,0,7,0.42857142857142855,4,0,12,0.3333333333333333,-0.42857142857142855,0,0,0,0,0,0,0,0,0
638,dio_mcm_episode_14jcwih,dio_mcm_episode_1ny5ha7,1,7,0,0,0,0.0,5,0,10,0.5,2,0,8,0.25,-0.5,0,0,0,0,0,0,0,0,0
639,dio_mcm_episode_0ff8lrz,dio_mcm_episode_1dtt118,1,7,0,0,0,0.0,3,0,6,0.5,4,0,12,0.3333333333333333,-0.5,0,0,0,0,0,0,0,0,0
640,dio_mcm_episode_0gslldm,dio_mcm_episode_0hv1uu1,1,7,0,0,0,0.0,3,0,5,0.6,4,0,11,0.36363636363636365,-0.6,0,0,0,0,0,0,0,0,0
641,dio_mcm_episode_0b4v1an,dio_mcm_episode_0ueya1u,1,7,0,0,0,0.0,2,0,3,0.6666666666666666,5,0,8,0.625,-0.6666666666666666,0,0,0,0,0,0,0,0,0
642,dio_mcm_episode_1vpfj3r,dio_mcm_episode_1x3r1y4,1,7,0,0,0,0.0,4,0,5,0.8,3,0,8,0.375,-0.8,0,0,0,0,0,0,0,0,0
643,dio_mcm_episode_0jx9fyz,dio_mcm_episode_1jq4txk,1,7,0,0,0,0.0,2,0,2,1.0,5,0,6,0.8333333333333334,-1.0,0,0,0,0,0,0,0,0,0
644,dio_mcm_episode_0t4969n,dio_mcm_episode_1vjymvi,3,6,4,2,9,0.4444444444444444,2,0,23,0.08695652173913043,0,0,10,0.0,0.357487922705314,2,1,6,2,1,3,0,0,0
645,dio_mcm_episode_149dati,dio_mcm_episode_1ugezq6,3,6,3,1,6,0.5,3,1,7,0.42857142857142855,0,0,0,0.0,0.07142857142857145,2,0,3,1,1,3,0,0,0
646,dio_mcm_episode_09etg5e,dio_mcm_episode_0sjyas0,3,6,2,0,4,0.5,4,1,8,0.5,0,0,0,0.0,0.0,2,0,4,0,0,0,0,0,0
647,dio_mcm_episode_06mzyi2,dio_mcm_episode_1vjymvi,3,6,1,0,1,1.0,3,1,3,1.0,2,0,2,1.0,0.0,1,0,1,0,0,0,0,0,0
648,dio_mcm_episode_0z5d2qb,dio_mcm_episode_14wgkn2,3,6,0,0,11,0.0,1,0,81,0.012345679012345678,5,0,87,0.05747126436781609,-0.05747126436781609,0,0,5,0,0,6,0,0,0
649,dio_mcm_episode_0ff8lrz,dio_mcm_episode_0hdhhqh,3,6,0,0,0,0.0,1,0,24,0.041666666666666664,5,2,45,0.1111111111111111,-0.1111111111111111,0,0,0,0,0,0,0,0,0
650,dio_mcm_episode_1w9k3lg,dio_mcm_episode_1yrr2yr,3,6,2,0,3,0.6666666666666666,4,2,5,0.8,0,0,0,0.0,-0.13333333333333341,1,0,2,1,0,1,0,0,0
651,dio_mcm_episode_078b3aq,dio_mcm_episode_1f1nrkg,3,6,1,0,23,0.043478260869565216,3,0,34,0.08823529411764706,2,1,11,0.18181818181818182,-0.1383399209486166,0,0,11,1,0,12,0,0,0
652,dio_mcm_episode_05bno88,dio_mcm_episode_0gslldm,3,6,0,0,9,0.0,2,0,31,0.06451612903225806,4,0,21,0.19047619047619047,-0.19047619047619047,0,0,1,0,0,5,0,0,3
653,dio_mcm_episode_0yce7uo,dio_mcm_episode_15a14p0,3,6,1,0,8,0.125,5,1,14,0.35714285714285715,0,0,0,0.0,-0.23214285714285715,1,0,7,0,0,1,0,0,0
654,dio_mcm_episode_158apmu,dio_mcm_episode_1w9k3lg,3,6,1,0,12,0.08333333333333333,2,1,23,0.08695652173913043,3,1,9,0.3333333333333333,-0.25,0,0,0,0,0,9,1,0,3
655,dio_mcm_episode_0bd9lsr,dio_mcm_episode_1f1nrkg,3,6,0,0,0,0.0,3,1,12,0.25,3,0,11,0.2727272727272727,-0.2727272727272727,0,0,0,0,0,0,0,0,0
656,dio_mcm_episode_06mzyi2,dio_mcm_episode_0b4v1an,3,6,0,0,3,0.0,2,0,12,0.16666666666666666,4,1,8,0.5,-0.5,0,0,0,0,0,3,0,0,0
657,dio_mcm_episode_15iabbt,dio_mcm_episode_1e3smq7,3,6,0,0,1,0.0,2,0,5,0.4,4,1,6,0.6666666666666666,-0.6666666666666666,0,0,0,0,0,1,0,0,0
658,dio_mcm_episode_13wf48a,dio_mcm_episode_1wtjaze,3,6,0,0,0,0.0,0,0,0,0.0,6,2,6,1.0,-1.0,0,0,0,0,0,0,0,0,0
659,dio_mcm_episode_0v4y2fb,dio_mcm_episode_0vorwpi,3,6,0,0,0,0.0,6,5,6,1.0,0,0,0,0.0,-1.0,0,0,0,0,0,0,0,0,0
660,dio_mcm_episode_0o8aklj,dio_mcm_episode_0vorwpi,3,6,0,0,0,0.0,0,0,0,0.0,6,3,6,1.0,-1.0,0,0,0,0,0,0,0,0,0
661,dio_mcm_episode_0lyvlac,dio_mcm_episode_0vorwpi,3,6,0,0,0,0.0,0,0,0,0.0,6,6,6,1.0,-1.0,0,0,0,0,0,0,0,0,0
662,dio_mcm_episode_0hwyq0s,dio_mcm_episode_0mx1107,3,6,0,0,0,0.0,4,1,4,1.0,2,0,5,0.4,-1.0,0,0,0,0,0,0,0,0,0
663,dio_mcm_episode_0fuuq8k,dio_mcm_episode_0vorwpi,3,6,0,0,0,0.0,0,0,0,0.0,6,6,6,1.0,-1.0,0,0,0,0,0,0,0,0,0
664,dio_mcm_episode_09etg5e,dio_mcm_episode_0hx21nm,3,6,0,0,0,0.0,2,0,2,1.0,4,2,4,1.0,-1.0,0,0,0,0,0,0,0,0,0
665,dio_mcm_episode_09etg5e,dio_mcm_episode_0h2l72l,3,6,0,0,0,0.0,2,0,2,1.0,4,1,4,1.0,-1.0,0,0,0,0,0,0,0,0,0
666,dio_mcm_episode_09etg5e,dio_mcm_episode_0bd9lsr,3,6,0,0,0,0.0,2,2,2,1.0,4,2,4,1.0,-1.0,0,0,0,0,0,0,0,0,0
667,dio_mcm_episode_08hipkj,dio_mcm_episode_09etg5e,3,6,0,0,0,0.0,2,1,2,1.0,4,3,4,1.0,-1.0,0,0,0,0,0,0,0,0,0
668,dio_mcm_episode_0333eoh,dio_mcm_episode_0vorwpi,3,6,0,0,0,0.0,0,0,0,0.0,6,2,6,1.0,-1.0,0,0,0,0,0,0,0,0,0
669,dio_mcm_episode_02t3szi,dio_mcm_episode_0vorwpi,3,6,0,0,0,0.0,0,0,0,0.0,6,6,6,1.0,-1.0,0,0,0,0,0,0,0,0,0
670,dio_mcm_episode_0lgktm5,dio_mcm_episode_0tkt5yz,2,6,4,0,4,1.0,2,0,5,0.4,0,0,0,0.0,0.6,1,0,1,3,0,3,0,0,0
671,dio_mcm_episode_0pzlboa,dio_mcm_episode_0t4969n,2,6,5,0,9,0.5555555555555556,1,0,14,0.07142857142857142,0,0,5,0.0,0.4841269841269842,4,0,6,1,0,3,0,0,0
672,dio_mcm_episode_078b3aq,dio_mcm_episode_1vjymvi,2,6,2,0,2,1.0,3,0,5,0.6,1,0,2,0.5,0.4,2,0,2,0,0,0,0,0,0
673,dio_mcm_episode_0pzlboa,dio_mcm_episode_0w3jrws,2,6,2,0,2,1.0,3,0,4,0.75,1,0,2,0.5,0.25,1,0,1,1,0,1,0,0,0
674,dio_mcm_episode_07iaozp,dio_mcm_episode_0sjyas0,2,6,4,0,13,0.3076923076923077,2,0,12,0.16666666666666666,0,0,0,0.0,0.14102564102564105,3,0,11,1,0,2,0,0,0
675,dio_mcm_episode_05bno88,dio_mcm_episode_0jx9fyz,2,6,1,0,2,0.5,3,0,8,0.375,2,0,6,0.3333333333333333,0.125,0,0,1,1,0,1,0,0,0
676,dio_mcm_episode_07iaozp,dio_mcm_episode_0b4v1an,2,6,2,0,20,0.1,4,0,79,0.05063291139240506,0,0,51,0.0,0.04936708860759494,0,0,0,0,0,18,2,0,2
677,dio_mcm_episode_078b3aq,dio_mcm_episode_0fa830n,2,6,2,0,2,1.0,3,0,3,1.0,1,0,1,1.0,0.0,0,0,0,2,0,2,0,0,0
678,dio_mcm_episode_0ffk9vo,dio_mcm_episode_1ohydo7,2,6,1,0,78,0.01282051282051282,5,0,344,0.014534883720930232,0,0,362,0.0,-0.0017143709004174123,1,0,34,0,0,36,0,0,8
679,dio_mcm_episode_0qo35nd,dio_mcm_episode_1tvdhgs,2,6,1,0,19,0.05263157894736842,5,0,38,0.13157894736842105,0,0,0,0.0,-0.07894736842105263,0,0,0,0,0,12,1,0,7
680,dio_mcm_episode_14y2lc5,dio_mcm_episode_177ycjt,2,6,1,0,6,0.16666666666666666,5,0,18,0.2777777777777778,0,0,11,0.0,-0.11111111111111113,0,0,3,1,0,3,0,0,0
681,dio_mcm_episode_06fse02,dio_mcm_episode_0bli7nu,2,6,1,0,3,0.3333333333333333,3,0,8,0.375,2,0,4,0.5,-0.16666666666666669,0,0,0,1,0,2,0,0,1
682,dio_mcm_episode_0ffk9vo,dio_mcm_episode_0yce7uo,2,6,1,0,7,0.14285714285714285,5,0,13,0.38461538461538464,0,0,0,0.0,-0.2417582417582418,1,0,5,0,0,2,0,0,0
683,dio_mcm_episode_1e3smq7,dio_mcm_episode_1w9k3lg,2,6,0,0,4,0.0,2,0,17,0.11764705882352941,4,0,15,0.26666666666666666,-0.26666666666666666,0,0,0,0,0,3,0,0,1
684,dio_mcm_episode_07iaozp,dio_mcm_episode_1vty8kh,2,6,0,0,0,0.0,5,0,14,0.35714285714285715,1,0,12,0.08333333333333333,-0.35714285714285715,0,0,0,0,0,0,0,0,0
685,dio_mcm_episode_05dxhcl,dio_mcm_episode_09627ba,2,6,0,0,0,0.0,4,0,11,0.36363636363636365,2,0,15,0.13333333333333333,-0.36363636363636365,0,0,0,0,0,0,0,0,0
686,dio_mcm_episode_05dxhcl,dio_mcm_episode_05upp98,2,6,0,0,0,0.0,4,0,11,0.36363636363636365,2,0,15,0.13333333333333333,-0.36363636363636365,0,0,0,0,0,0,0,0,0
687,dio_mcm_episode_0gslldm,dio_mcm_episode_1ciibe9,2,6,0,0,0,0.0,2,0,5,0.4,4,0,10,0.4,-0.4,0,0,0,0,0,0,0,0,0
688,dio_mcm_episode_1e3smq7,dio_mcm_episode_1no5vl8,2,6,0,0,1,0.0,2,0,6,0.3333333333333333,4,0,9,0.4444444444444444,-0.4444444444444444,0,0,0,0,0,0,0,0,1
689,dio_mcm_episode_0ezwt7z,dio_mcm_episode_0gslldm,2,6,0,0,0,0.0,1,0,5,0.2,5,0,10,0.5,-0.5,0,0,0,0,0,0,0,0,0
690,dio_mcm_episode_07iaozp,dio_mcm_episode_1m4fasf,2,6,0,0,0,0.0,4,0,7,0.5714285714285714,2,0,5,0.4,-0.5714285714285714,0,0,0,0,0,0,0,0,0
691,dio_mcm_episode_07iaozp,dio_mcm_episode_08hipkj,2,6,0,0,0,0.0,4,0,7,0.5714285714285714,2,0,6,0.3333333333333333,-0.5714285714285714,0,0,0,0,0,0,0,0,0
692,dio_mcm_episode_076w0e1,dio_mcm_episode_07iaozp,2,6,0,0,0,0.0,4,0,7,0.5714285714285714,2,0,6,0.3333333333333333,-0.5714285714285714,0,0,0,0,0,0,0,0,0
693,dio_mcm_episode_07iaozp,dio_mcm_episode_0ezwt7z,2,6,0,0,0,0.0,5,0,7,0.7142857142857143,1,0,6,0.16666666666666666,-0.7142857142857143,0,0,0,0,0,0,0,0,0
694,dio_mcm_episode_0rrms7j,dio_mcm_episode_14oenqv,2,6,1,0,6,0.16666666666666666,4,0,5,0.8,1,0,1,1.0,-0.8333333333333334,0,0,2,1,0,3,0,0,1
695,dio_mcm_episode_0rrms7j,dio_mcm_episode_158apmu,2,6,1,0,9,0.1111111111111111,3,0,9,0.3333333333333333,2,0,2,1.0,-0.8888888888888888,0,0,0,0,0,6,1,0,3
696,dio_mcm_episode_0rrms7j,dio_mcm_episode_1no5vl8,2,6,0,0,3,0.0,3,0,10,0.3,3,0,3,1.0,-1.0,0,0,0,0,0,2,0,0,1
697,dio_mcm_episode_16abfly,dio_mcm_episode_1vpfj3r,1,6,4,0,5,0.8,2,0,8,0.25,0,0,0,0.0,0.55,0,0,0,1,0,2,3,0,3
698,dio_mcm_episode_149dati,dio_mcm_episode_1vpfj3r,1,6,3,0,5,0.6,3,0,8,0.375,0,0,0,0.0,0.22499999999999998,1,0,2,2,0,3,0,0,0
699,dio_mcm_episode_0rrms7j,dio_mcm_episode_1ohydo7,1,6,2,0,33,0.06060606060606061,3,0,97,0.030927835051546393,1,0,28,0.03571428571428571,0.024891774891774895,0,0,13,1,0,16,1,0,4
700,dio_mcm_episode_06fse02,dio_mcm_episode_1tvdhgs,1,6,2,0,51,0.0392156862745098,3,0,146,0.02054794520547945,1,0,73,0.0136986301369863,0.018667741069030352,2,0,21,0,0,24,0,0,6
701,dio_mcm_episode_0ff8lrz,dio_mcm_episode_19nvu4o,1,6,2,0,11,0.18181818181818182,4,0,24,0.16666666666666666,0,0,0,0.0,0.015151515151515166,0,0,3,2,0,6,0,0,2
702,dio_mcm_episode_0jx9fyz,dio_mcm_episode_0pzlboa,1,6,1,0,1,1.0,2,0,4,0.5,3,0,3,1.0,0.0,1,0,1,0,0,0,0,0,0
703,dio_mcm_episode_0ffk9vo,dio_mcm_episode_1qpd84c,1,6,1,0,46,0.021739130434782608,4,0,180,0.022222222222222223,1,0,153,0.006535947712418301,-0.000483091787439615,0,0,17,1,0,24,0,0,5
704,dio_mcm_episode_1e3smq7,dio_mcm_episode_1qpd84c,1,6,1,0,8,0.125,0,0,36,0.0,5,0,35,0.14285714285714285,-0.01785714285714285,0,0,0,0,0,4,1,0,4
705,dio_mcm_episode_078b3aq,dio_mcm_episode_0satl98,1,6,2,0,33,0.06060606060606061,4,0,43,0.09302325581395349,0,0,13,0.0,-0.03241719520789288,2,0,21,0,0,12,0,0,0
706,dio_mcm_episode_15iabbt,dio_mcm_episode_1nxni6k,1,6,0,0,17,0.0,2,0,81,0.024691358024691357,4,0,91,0.04395604395604396,-0.04395604395604396,0,0,8,0,0,9,0,0,0
707,dio_mcm_episode_13wf48a,dio_mcm_episode_1nxni6k,1,6,0,0,0,0.0,1,0,36,0.027777777777777776,5,0,91,0.054945054945054944,-0.054945054945054944,0,0,0,0,0,0,0,0,0
708,dio_mcm_episode_14jcwih,dio_mcm_episode_1o7n3vj,1,6,0,0,0,0.0,0,0,48,0.0,6,0,77,0.07792207792207792,-0.07792207792207792,0,0,0,0,0,0,0,0,0
709,dio_mcm_episode_1qpd84c,dio_mcm_episode_1wtjaze,1,6,0,0,0,0.0,2,0,24,0.08333333333333333,4,0,35,0.11428571428571428,-0.11428571428571428,0,0,0,0,0,0,0,0,0
710,dio_mcm_episode_1qlxgj7,dio_mcm_episode_1ubfji8,1,6,0,0,0,0.0,4,0,20,0.2,2,0,31,0.06451612903225806,-0.2,0,0,0,0,0,0,0,0,0
711,dio_mcm_episode_0tkt5yz,dio_mcm_episode_1qfzunm,1,6,1,0,10,0.1,5,0,15,0.3333333333333333,0,0,0,0.0,-0.2333333333333333,0,0,0,0,0,4,1,0,6
712,dio_mcm_episode_0ff8lrz,dio_mcm_episode_1xiamcv,1,6,0,0,5,0.0,2,0,18,0.1111111111111111,4,0,12,0.3333333333333333,-0.3333333333333333,0,0,2,0,0,3,0,0,0
713,dio_mcm_episode_05ziutl,dio_mcm_episode_0vklbgh,1,6,0,0,0,0.0,1,0,3,0.3333333333333333,5,0,15,0.3333333333333333,-0.3333333333333333,0,0,0,0,0,0,0,0,0
714,dio_mcm_episode_02035dk,dio_mcm_episode_0vklbgh,1,6,0,0,0,0.0,1,0,3,0.3333333333333333,5,0,16,0.3125,-0.3333333333333333,0,0,0,0,0,0,0,0,0
715,dio_mcm_episode_07x93e7,dio_mcm_episode_0gslldm,1,6,0,0,0,0.0,2,0,5,0.4,4,0,10,0.4,-0.4,0,0,0,0,0,0,0,0,0
716,dio_mcm_episode_0fuuq8k,dio_mcm_episode_0t4969n,1,6,0,0,0,0.0,5,0,9,0.5555555555555556,1,0,5,0.2,-0.5555555555555556,0,0,0,0,0,0,0,0,0
717,dio_mcm_episode_14obi8w,dio_mcm_episode_1o7yrz8,1,6,0,0,0,0.0,3,0,6,0.5,3,0,5,0.6,-0.6,0,0,0,0,0,0,0,0,0
718,dio_mcm_episode_0gslldm,dio_mcm_episode_0q4hk03,1,6,0,0,0,0.0,3,0,5,0.6,3,0,11,0.2727272727272727,-0.6,0,0,0,0,0,0,0,0,0
719,dio_mcm_episode_02moxon,dio_mcm_episode_1o7yrz8,1,6,0,0,0,0.0,2,0,6,0.3333333333333333,4,0,6,0.6666666666666666,-0.6666666666666666,0,0,0,0,0,0,0,0,0
720,dio_mcm_episode_07iaozp,dio_mcm_episode_0lyvlac,1,6,0,0,0,0.0,5,0,7,0.7142857142857143,1,0,5,0.2,-0.7142857142857143,0,0,0,0,0,0,0,0,0
721,dio_mcm_episode_1w9k3lg,dio_mcm_episode_1x6pis8,1,6,0,0,0,0.0,2,0,4,0.5,4,0,5,0.8,-0.8,0,0,0,0,0,0,0,0,0
722,dio_mcm_episode_0t4969n,dio_mcm_episode_1gzkzf9,1,6,0,0,0,0.0,2,0,9,0.2222222222222222,4,0,5,0.8,-0.8,0,0,0,0,0,0,0,0,0
723,dio_mcm_episode_0tkt5yz,dio_mcm_episode_1yjaw9h,3,5,5,4,5,1.0,0,0,0,0.0,0,0,0,0.0,1.0,0,0,0,2,2,2,3,2,3
724,dio_mcm_episode_0gk1zl7,dio_mcm_episode_0t4969n,3,5,4,1,8,0.5,1,0,13,0.07692307692307693,0,0,4,0.0,0.4230769230769231,3,0,5,1,1,3,0,0,0
725,dio_mcm_episode_06mzyi2,dio_mcm_episode_07iaozp,3,5,3,0,7,0.42857142857142855,2,0,13,0.15384615384615385,0,0,6,0.0,0.2747252747252747,2,0,6,1,0,1,0,0,0
726,dio_mcm_episode_1f1nrkg,dio_mcm_episode_1vjymvi,3,5,3,1,12,0.25,2,0,35,0.05714285714285714,0,0,22,0.0,0.19285714285714287,0,0,6,3,1,6,0,0,0
727,dio_mcm_episode_08m65fb,dio_mcm_episode_0bli7nu,3,5,2,0,3,0.6666666666666666,1,0,8,0.125,2,0,4,0.5,0.16666666666666663,0,0,0,2,0,2,0,0,1
728,dio_mcm_episode_06fse02,dio_mcm_episode_06mzyi2,3,5,2,0,3,0.6666666666666666,2,1,5,0.4,1,0,2,0.5,0.16666666666666663,1,0,2,1,0,1,0,0,0
729,dio_mcm_episode_07iaozp,dio_mcm_episode_0tkt5yz,3,5,4,1,32,0.125,1,0,30,0.03333333333333333,0,0,0,0.0,0.09166666666666667,0,0,11,3,0,19,1,1,2
730,dio_mcm_episode_05bno88,dio_mcm_episode_07iaozp,3,5,2,0,14,0.14285714285714285,2,0,26,0.07692307692307693,1,0,11,0.09090909090909091,0.05194805194805194,1,0,6,1,0,7,0,0,1
731,dio_mcm_episode_0l909ce,dio_mcm_episode_149dati,3,5,2,0,11,0.18181818181818182,3,0,20,0.15,0,0,0,0.0,0.03181818181818183,0,0,5,2,0,6,0,0,0
732,dio_mcm_episode_1qfzunm,dio_mcm_episode_1r0aq59,3,5,2,1,2,1.0,3,3,3,1.0,0,0,0,0.0,0.0,0,0,0,2,1,2,0,0,0
733,dio_mcm_episode_16abfly,dio_mcm_episode_1qpd84c,3,5,2,1,8,0.25,3,0,12,0.25,0,0,0,0.0,0.0,0,0,0,1,1,4,1,0,4
734,dio_mcm_episode_0l0x9lk,dio_mcm_episode_0v4y2fb,3,5,2,2,2,1.0,3,2,3,1.0,0,0,0,0.0,0.0,0,0,0,2,2,2,0,0,0
735,dio_mcm_episode_0z5d2qb,dio_mcm_episode_1ugezq6,3,5,0,0,66,0.0,2,0,167,0.011976047904191617,3,0,104,0.028846153846153848,-0.028846153846153848,0,0,15,0,0,33,0,0,18
736,dio_mcm_episode_05upp98,dio_mcm_episode_1tvdhgs,3,5,0,0,0,0.0,2,0,19,0.10526315789473684,3,0,38,0.07894736842105263,-0.10526315789473684,0,0,0,0,0,0,0,0,0
737,dio_mcm_episode_05dxhcl,dio_mcm_episode_0pzlboa,3,5,0,0,10,0.0,2,1,26,0.07692307692307693,3,0,15,0.2,-0.2,0,0,5,0,0,5,0,0,0
738,dio_mcm_episode_14o2zn6,dio_mcm_episode_14y2lc5,3,5,0,0,0,0.0,2,0,7,0.2857142857142857,3,2,12,0.25,-0.2857142857142857,0,0,0,0,0,0,0,0,0
739,dio_mcm_episode_0b4v1an,dio_mcm_episode_1vty8kh,3,5,0,0,0,0.0,2,1,6,0.3333333333333333,3,0,17,0.17647058823529413,-0.3333333333333333,0,0,0,0,0,0,0,0,0
740,dio_mcm_episode_02moxon,dio_mcm_episode_1qpd84c,3,5,0,0,0,0.0,1,1,8,0.125,4,0,12,0.3333333333333333,-0.3333333333333333,0,0,0,0,0,0,0,0,0
741,dio_mcm_episode_0sjyas0,dio_mcm_episode_1flwfgb,3,5,1,1,2,0.5,4,0,4,1.0,0,0,0,0.0,-0.5,1,1,2,0,0,0,0,0,0
742,dio_mcm_episode_0q3iv1r,dio_mcm_episode_1w9k3lg,3,5,0,0,0,0.0,2,1,4,0.5,3,1,5,0.6,-0.6,0,0,0,0,0,0,0,0,0
743,dio_mcm_episode_1qfzunm,dio_mcm_episode_1qpzgcl,3,5,0,0,0,0.0,2,0,2,1.0,3,1,3,1.0,-1.0,0,0,0,0,0,0,0,0,0
744,dio_mcm_episode_0tkt5yz,dio_mcm_episode_0uie72q,3,5,0,0,0,0.0,5,1,5,1.0,0,0,0,0.0,-1.0,0,0,0,0,0,0,0,0,0
745,dio_mcm_episode_0l0x9lk,dio_mcm_episode_0o8aklj,3,5,0,0,0,0.0,2,2,2,1.0,3,1,3,1.0,-1.0,0,0,0,0,0,0,0,0,0
746,dio_mcm_episode_0l0x9lk,dio_mcm_episode_0lyvlac,3,5,0,0,0,0.0,2,2,2,1.0,3,1,3,1.0,-1.0,0,0,0,0,0,0,0,0,0
747,dio_mcm_episode_0fuuq8k,dio_mcm_episode_0l0x9lk,3,5,0,0,0,0.0,2,2,2,1.0,3,1,3,1.0,-1.0,0,0,0,0,0,0,0,0,0
748,dio_mcm_episode_0bsaqu1,dio_mcm_episode_0hvxln3,3,5,0,0,0,0.0,3,1,3,1.0,2,0,3,0.6666666666666666,-1.0,0,0,0,0,0,0,0,0,0
749,dio_mcm_episode_09etg5e,dio_mcm_episode_1m4fasf,3,5,0,0,0,0.0,2,0,2,1.0,3,1,3,1.0,-1.0,0,0,0,0,0,0,0,0,0
750,dio_mcm_episode_06wwep2,dio_mcm_episode_0tkt5yz,3,5,0,0,0,0.0,5,3,5,1.0,0,0,0,0.0,-1.0,0,0,0,0,0,0,0,0,0
751,dio_mcm_episode_05ziutl,dio_mcm_episode_0tkt5yz,3,5,0,0,0,0.0,5,3,5,1.0,0,0,0,0.0,-1.0,0,0,0,0,0,0,0,0,0
752,dio_mcm_episode_02t3szi,dio_mcm_episode_0l0x9lk,3,5,0,0,0,0.0,2,2,2,1.0,3,3,3,1.0,-1.0,0,0,0,0,0,0,0,0,0
753,dio_mcm_episode_08m65fb,dio_mcm_episode_0jx9fyz,2,5,2,0,3,0.6666666666666666,2,0,11,0.18181818181818182,1,0,5,0.2,0.4666666666666666,2,0,2,0,0,1,0,0,0
754,dio_mcm_episode_0ibx54i,dio_mcm_episode_1no5vl8,2,5,1,0,1,1.0,2,0,4,0.5,2,0,3,0.6666666666666666,0.33333333333333337,0,0,0,0,0,0,1,0,1
755,dio_mcm_episode_0ffk9vo,dio_mcm_episode_19nvu4o,2,5,3,0,13,0.23076923076923078,2,0,26,0.07692307692307693,0,0,0,0.0,0.15384615384615385,1,0,4,2,0,7,0,0,2
756,dio_mcm_episode_0ob26z1,dio_mcm_episode_1e3smq7,2,5,1,0,1,1.0,4,0,4,1.0,0,0,3,0.0,0.0,0,0,0,1,0,1,0,0,0
757,dio_mcm_episode_0bli7nu,dio_mcm_episode_0pzlboa,2,5,1,0,1,1.0,2,0,3,0.6666666666666666,2,0,2,1.0,0.0,0,0,0,1,0,1,0,0,0
758,dio_mcm_episode_06mzyi2,dio_mcm_episode_078b3aq,2,5,2,0,2,1.0,3,0,3,1.0,0,0,1,0.0,0.0,2,0,2,0,0,0,0,0,0
759,dio_mcm_episode_0sc9rzg,dio_mcm_episode_1nxni6k,2,5,1,0,18,0.05555555555555555,4,0,47,0.0851063829787234,0,0,0,0.0,-0.02955082742316785,1,0,9,0,0,9,0,0,0
760,dio_mcm_episode_0hchn9l,dio_mcm_episode_0vklbgh,2,5,0,0,15,0.0,0,0,95,0.0,5,0,74,0.06756756756756757,-0.06756756756756757,0,0,12,0,0,3,0,0,0
761,dio_mcm_episode_0vklbgh,dio_mcm_episode_1vjymvi,2,5,0,0,3,0.0,2,0,22,0.09090909090909091,3,0,31,0.0967741935483871,-0.0967741935483871,0,0,3,0,0,0,0,0,0
762,dio_mcm_episode_0pzlboa,dio_mcm_episode_1f1nrkg,2,5,1,0,12,0.08333333333333333,2,0,23,0.08695652173913043,2,0,11,0.18181818181818182,-0.0984848484848485,0,0,6,1,0,6,0,0,0
763,dio_mcm_episode_078b3aq,dio_mcm_episode_0vklbgh,2,5,0,0,5,0.0,3,0,34,0.08823529411764706,2,0,15,0.13333333333333333,-0.13333333333333333,0,0,5,0,0,0,0,0,0
764,dio_mcm_episode_0sjyas0,dio_mcm_episode_0vklbgh,2,5,0,0,3,0.0,5,0,32,0.15625,0,0,0,0.0,-0.15625,0,0,3,0,0,0,0,0,0
765,dio_mcm_episode_149dati,dio_mcm_episode_1o7yrz8,2,5,2,0,6,0.3333333333333333,3,0,6,0.5,0,0,0,0.0,-0.16666666666666669,1,0,3,1,0,3,0,0,0
766,dio_mcm_episode_13wf48a,dio_mcm_episode_1o7yrz8,2,5,0,0,0,0.0,3,0,12,0.25,2,0,12,0.16666666666666666,-0.25,0,0,0,0,0,0,0,0,0
767,dio_mcm_episode_0ffk9vo,dio_mcm_episode_14o2zn6,2,5,0,0,0,0.0,2,0,7,0.2857142857142857,3,0,12,0.25,-0.2857142857142857,0,0,0,0,0,0,0,0,0
768,dio_mcm_episode_0ff8lrz,dio_mcm_episode_1x3r1y4,2,5,0,0,0,0.0,2,0,6,0.3333333333333333,3,0,11,0.2727272727272727,-0.3333333333333333,0,0,0,0,0,0,0,0,0
769,dio_mcm_episode_0asyqb4,dio_mcm_episode_0vklbgh,2,5,0,0,0,0.0,1,0,3,0.3333333333333333,4,0,15,0.26666666666666666,-0.3333333333333333,0,0,0,0,0,0,0,0,0
770,dio_mcm_episode_14obi8w,dio_mcm_episode_1ny5ha7,2,5,0,0,0,0.0,3,0,5,0.6,2,0,4,0.5,-0.6,0,0,0,0,0,0,0,0,0
771,dio_mcm_episode_0hwyq0s,dio_mcm_episode_1vpfj3r,2,5,0,0,0,0.0,3,0,5,0.6,2,0,8,0.25,-0.6,0,0,0,0,0,0,0,0,0
772,dio_mcm_episode_02moxon,dio_mcm_episode_1vpfj3r,2,5,0,0,0,0.0,3,0,5,0.6,2,0,8,0.25,-0.6,0,0,0,0,0,0,0,0,0
773,dio_mcm_episode_0b4v1an,dio_mcm_episode_0hx21nm,2,5,0,0,0,0.0,2,0,3,0.6666666666666666,3,0,8,0.375,-0.6666666666666666,0,0,0,0,0,0,0,0,0
774,dio_mcm_episode_08hipkj,dio_mcm_episode_0b4v1an,2,5,0,0,0,0.0,2,0,3,0.6666666666666666,3,0,9,0.3333333333333333,-0.6666666666666666,0,0,0,0,0,0,0,0,0
775,dio_mcm_episode_0ptj9cs,dio_mcm_episode_1qfzunm,2,5,0,0,0,0.0,2,0,2,1.0,3,0,3,1.0,-1.0,0,0,0,0,0,0,0,0,0
776,dio_mcm_episode_078b3aq,dio_mcm_episode_1vty8kh,2,5,0,0,0,0.0,3,0,4,0.75,2,0,2,1.0,-1.0,0,0,0,0,0,0,0,0,0
777,dio_mcm_episode_076w0e1,dio_mcm_episode_09etg5e,2,5,0,0,0,0.0,1,0,2,0.5,4,0,4,1.0,-1.0,0,0,0,0,0,0,0,0,0
778,dio_mcm_episode_02035dk,dio_mcm_episode_0tkt5yz,2,5,0,0,0,0.0,5,0,5,1.0,0,0,0,0.0,-1.0,0,0,0,0,0,0,0,0,0
779,dio_mcm_episode_158apmu,dio_mcm_episode_1o7n3vj,1,5,4,0,69,0.057971014492753624,1,0,166,0.006024096385542169,0,0,79,0.0,0.05194691810721146,0,0,0,4,0,45,0,0,24
780,dio_mcm_episode_0fa830n,dio_mcm_episode_1f1nrkg,1,5,2,0,11,0.18181818181818182,3,0,23,0.13043478260869565,0,0,11,0.0,0.051383399209486175,0,0,0,0,0,6,2,0,5
781,dio_mcm_episode_0l0x9lk,dio_mcm_episode_0t4969n,1,5,2,0,18,0.1111111111111111,3,0,37,0.08108108108108109,0,0,15,0.0,0.03003003003003002,0,0,0,2,0,12,0,0,6
782,dio_mcm_episode_0w3jrws,dio_mcm_episode_1vjymvi,1,5,1,0,2,0.5,2,0,6,0.3333333333333333,2,0,4,0.5,0.0,1,0,1,0,0,1,0,0,0
783,dio_mcm_episode_0lje5cp,dio_mcm_episode_1qfzunm,1,5,2,0,2,1.0,3,0,3,1.0,0,0,0,0.0,0.0,0,0,0,2,0,2,0,0,0
784,dio_mcm_episode_1orxzd6,dio_mcm_episode_1x3djkm,1,5,0,0,140,0.0,1,0,593,0.0016863406408094434,4,0,600,0.006666666666666667,-0.006666666666666667,0,0,33,0,0,73,0,0,34
785,dio_mcm_episode_1o7n3vj,dio_mcm_episode_1vu7n3a,1,5,0,0,188,0.0,3,0,507,0.005917159763313609,2,0,274,0.0072992700729927005,-0.0072992700729927005,0,0,77,0,0,93,0,0,18
786,dio_mcm_episode_0l909ce,dio_mcm_episode_1qpd84c,1,5,0,0,90,0.0,2,0,289,0.006920415224913495,3,0,225,0.013333333333333334,-0.013333333333333334,0,0,23,0,0,46,0,0,21
787,dio_mcm_episode_1nxni6k,dio_mcm_episode_1sddzs5,1,5,0,0,0,0.0,1,0,36,0.027777777777777776,4,0,93,0.043010752688172046,-0.043010752688172046,0,0,0,0,0,0,0,0,0
788,dio_mcm_episode_14wgkn2,dio_mcm_episode_1wjjpaf,1,5,0,0,5,0.0,3,0,54,0.05555555555555555,2,0,120,0.016666666666666666,-0.05555555555555555,0,0,2,0,0,3,0,0,0
789,dio_mcm_episode_04appcg,dio_mcm_episode_1ugezq6,1,5,0,0,24,0.0,1,0,70,0.014285714285714285,4,0,48,0.08333333333333333,-0.08333333333333333,0,0,9,0,0,12,0,0,3
790,dio_mcm_episode_1eds8f6,dio_mcm_episode_1nxni6k,1,5,0,0,0,0.0,1,0,18,0.05555555555555555,4,0,46,0.08695652173913043,-0.08695652173913043,0,0,0,0,0,0,0,0,0
791,dio_mcm_episode_14o2zn6,dio_mcm_episode_1x3djkm,1,5,0,0,0,0.0,1,0,23,0.043478260869565216,4,0,44,0.09090909090909091,-0.09090909090909091,0,0,0,0,0,0,0,0,0
792,dio_mcm_episode_158apmu,dio_mcm_episode_1orxzd6,1,5,0,0,20,0.0,0,0,62,0.0,5,0,32,0.15625,-0.15625,0,0,0,0,0,9,0,0,11
793,dio_mcm_episode_0gslldm,dio_mcm_episode_1eav7xq,1,5,1,0,5,0.2,4,0,11,0.36363636363636365,0,0,0,0.0,-0.16363636363636364,0,0,0,0,0,1,1,0,4
794,dio_mcm_episode_1ohydo7,dio_mcm_episode_1sddzs5,1,5,0,0,0,0.0,4,0,24,0.16666666666666666,1,0,57,0.017543859649122806,-0.16666666666666666,0,0,0,0,0,0,0,0,0
795,dio_mcm_episode_1o7yrz8,dio_mcm_episode_1wtjaze,1,5,0,0,0,0.0,2,0,18,0.1111111111111111,3,0,18,0.16666666666666666,-0.16666666666666666,0,0,0,0,0,0,0,0,0
796,dio_mcm_episode_0pjt45q,dio_mcm_episode_1wjjpaf,1,5,0,0,6,0.0,5,0,27,0.18518518518518517,0,0,20,0.0,-0.18518518518518517,0,0,3,0,0,3,0,0,0
797,dio_mcm_episode_0hchn9l,dio_mcm_episode_0w3jrws,1,5,0,0,9,0.0,4,0,20,0.2,1,0,10,0.1,-0.2,0,0,4,0,0,5,0,0,0
798,dio_mcm_episode_0ezwt7z,dio_mcm_episode_1f1nrkg,1,5,0,0,0,0.0,3,0,12,0.25,2,0,11,0.18181818181818182,-0.25,0,0,0,0,0,0,0,0,0
799,dio_mcm_episode_0ilwqth,dio_mcm_episode_1x6pis8,1,5,0,0,0,0.0,2,0,4,0.5,3,0,7,0.42857142857142855,-0.5,0,0,0,0,0,0,0,0,0
800,dio_mcm_episode_05bno88,dio_mcm_episode_0bsaqu1,1,5,0,0,0,0.0,3,0,6,0.5,2,0,6,0.3333333333333333,-0.5,0,0,0,0,0,0,0,0,0
801,dio_mcm_episode_015suys,dio_mcm_episode_0gslldm,1,5,0,0,0,0.0,3,0,5,0.6,2,0,11,0.18181818181818182,-0.6,0,0,0,0,0,0,0,0,0
802,dio_mcm_episode_0bli7nu,dio_mcm_episode_0bsaqu1,1,5,0,0,0,0.0,2,0,3,0.6666666666666666,3,0,6,0.5,-0.6666666666666666,0,0,0,0,0,0,0,0,0
803,dio_mcm_episode_0b4v1an,dio_mcm_episode_1m4fasf,1,5,0,0,0,0.0,2,0,3,0.6666666666666666,3,0,8,0.375,-0.6666666666666666,0,0,0,0,0,0,0,0,0
804,dio_mcm_episode_0b4v1an,dio_mcm_episode_1lufp3g,1,5,0,0,0,0.0,2,0,3,0.6666666666666666,3,0,8,0.375,-0.6666666666666666,0,0,0,0,0,0,0,0,0
805,dio_mcm_episode_08hipkj,dio_mcm_episode_0hchn9l,1,5,0,0,0,0.0,4,0,5,0.8,1,0,5,0.2,-0.8,0,0,0,0,0,0,0,0,0
806,dio_mcm_episode_02035dk,dio_mcm_episode_0vorwpi,1,5,0,0,0,0.0,0,0,0,0.0,5,0,6,0.8333333333333334,-0.8333333333333334,0,0,0,0,0,0,0,0,0
807,dio_mcm_episode_0tkt5yz,dio_mcm_episode_1pxk29d,3,4,4,1,5,0.8,0,0,0,0.0,0,0,0,0.0,0.8,0,0,0,2,0,2,2,1,3
808,dio_mcm_episode_1flwfgb,dio_mcm_episode_1vjymvi,3,4,1,0,1,1.0,2,1,4,0.5,1,0,4,0.25,0.5,1,0,1,0,0,0,0,0,0
809,dio_mcm_episode_0w3jrws,dio_mcm_episode_14za7lv,3,4,2,1,2,1.0,2,1,2,1.0,0,0,0,0.0,0.0,1,1,1,1,0,1,0,0,0
810,dio_mcm_episode_0w3jrws,dio_mcm_episode_0wdjdlr,3,4,2,0,2,1.0,2,1,2,1.0,0,0,0,0.0,0.0,0,0,0,1,0,1,1,0,1
811,dio_mcm_episode_0rrms7j,dio_mcm_episode_1ac9vkf,3,4,3,1,3,1.0,1,0,1,1.0,0,0,0,0.0,0.0,2,0,2,1,1,1,0,0,0
812,dio_mcm_episode_0jx9fyz,dio_mcm_episode_17u1915,3,4,1,0,1,1.0,3,0,3,1.0,0,0,0,0.0,0.0,1,0,1,0,0,0,0,0,0
813,dio_mcm_episode_0fa830n,dio_mcm_episode_0lgktm5,3,4,1,0,1,1.0,2,1,2,1.0,1,1,1,1.0,0.0,0,0,0,1,0,1,0,0,0
814,dio_mcm_episode_0tkt5yz,dio_mcm_episode_1vjymvi,3,4,1,1,5,0.2,3,2,10,0.3,0,0,0,0.0,-0.09999999999999998,0,0,2,1,1,3,0,0,0
815,dio_mcm_episode_04asuuf,dio_mcm_episode_1xiamcv,3,4,0,0,6,0.0,0,0,22,0.0,4,0,16,0.25,-0.25,0,0,4,0,0,2,0,0,0
816,dio_mcm_episode_05dxhcl,dio_mcm_episode_08hipkj,3,4,0,0,0,0.0,0,0,11,0.0,4,2,15,0.26666666666666666,-0.26666666666666666,0,0,0,0,0,0,0,0,0
817,dio_mcm_episode_0bpgwtp,dio_mcm_episode_0gslldm,3,4,0,0,0,0.0,1,0,5,0.2,3,0,11,0.2727272727272727,-0.2727272727272727,0,0,0,0,0,0,0,0,0
818,dio_mcm_episode_07iaozp,dio_mcm_episode_08g1nk4,3,4,1,0,7,0.14285714285714285,3,1,6,0.5,0,0,0,0.0,-0.35714285714285715,1,0,6,0,0,1,0,0,0
819,dio_mcm_episode_0fu1xau,dio_mcm_episode_1flwfgb,3,4,0,0,2,0.0,3,0,6,0.5,1,0,4,0.25,-0.5,0,0,2,0,0,0,0,0,0
820,dio_mcm_episode_0ibx54i,dio_mcm_episode_1qfzunm,3,4,0,0,1,0.0,3,0,5,0.6,1,0,3,0.3333333333333333,-0.6,0,0,0,0,0,0,0,0,1
821,dio_mcm_episode_0hchn9l,dio_mcm_episode_0t109kz,3,4,0,0,0,0.0,1,0,5,0.2,3,0,5,0.6,-0.6,0,0,0,0,0,0,0,0,0
822,dio_mcm_episode_13wf48a,dio_mcm_episode_1e3smq7,3,4,0,0,0,0.0,0,0,2,0.0,4,0,6,0.6666666666666666,-0.6666666666666666,0,0,0,0,0,0,0,0,0
823,dio_mcm_episode_09etg5e,dio_mcm_episode_1n87ekd,3,4,0,0,0,0.0,1,1,2,0.5,3,0,4,0.75,-0.75,0,0,0,0,0,0,0,0,0
824,dio_mcm_episode_15iabbt,dio_mcm_episode_1wtjaze,3,4,0,0,0,0.0,0,0,3,0.0,4,1,5,0.8,-0.8,0,0,0,0,0,0,0,0,0
825,dio_mcm_episode_0lt7g1q,dio_mcm_episode_0w3jrws,3,4,0,0,0,0.0,2,1,2,1.0,2,0,2,1.0,-1.0,0,0,0,0,0,0,0,0,0
826,dio_mcm_episode_08hipkj,dio_mcm_episode_0l0x9lk,3,4,0,0,0,0.0,2,0,2,1.0,2,0,3,0.6666666666666666,-1.0,0,0,0,0,0,0,0,0,0
827,dio_mcm_episode_06fse02,dio_mcm_episode_1n87ekd,3,4,0,0,0,0.0,2,1,3,0.6666666666666666,2,0,2,1.0,-1.0,0,0,0,0,0,0,0,0,0
828,dio_mcm_episode_015suys,dio_mcm_episode_0jx9fyz,3,4,0,0,0,0.0,1,0,1,1.0,3,1,3,1.0,-1.0,0,0,0,0,0,0,0,0,0
829,dio_mcm_episode_0tkt5yz,dio_mcm_episode_1otryhf,2,4,4,0,5,0.8,0,0,0,0.0,0,0,0,0.0,0.8,2,0,2,2,0,3,0,0,0
830,dio_mcm_episode_06mzyi2,dio_mcm_episode_1flwfgb,2,4,1,0,1,1.0,2,0,3,0.6666666666666666,1,0,2,0.5,0.33333333333333337,1,0,1,0,0,0,0,0,0
831,dio_mcm_episode_05dxhcl,dio_mcm_episode_0qo35nd,2,4,3,0,10,0.3,1,0,15,0.06666666666666667,0,0,0,0.0,0.23333333333333334,0,0,0,2,0,6,1,0,4
832,dio_mcm_episode_0pjt45q,dio_mcm_episode_0rrms7j,2,4,2,0,3,0.6666666666666666,2,0,4,0.5,0,0,1,0.0,0.16666666666666663,1,0,2,1,0,1,0,0,0
833,dio_mcm_episode_0fu1xau,dio_mcm_episode_0sjyas0,2,4,2,0,3,0.6666666666666666,2,0,4,0.5,0,0,0,0.0,0.16666666666666663,2,0,3,0,0,0,0,0,0
834,dio_mcm_episode_09etg5e,dio_mcm_episode_0tkt5yz,2,4,2,0,10,0.2,2,0,20,0.1,0,0,0,0.0,0.1,0,0,4,2,0,6,0,0,0
835,dio_mcm_episode_0sjyas0,dio_mcm_episode_1qlxgj7,2,4,2,0,37,0.05405405405405406,2,0,62,0.03225806451612903,0,0,0,0.0,0.021795989537925026,1,0,21,1,0,16,0,0,0
836,dio_mcm_episode_0pzlboa,dio_mcm_episode_1tvdhgs,2,4,1,0,18,0.05555555555555555,2,0,56,0.03571428571428571,1,0,37,0.02702702702702703,0.01984126984126984,0,0,11,1,0,7,0,0,0
837,dio_mcm_episode_0pjt45q,dio_mcm_episode_14oenqv,2,4,2,0,2,1.0,1,0,3,0.3333333333333333,1,0,1,1.0,0.0,1,0,1,1,0,1,0,0,0
838,dio_mcm_episode_0gslldm,dio_mcm_episode_0vklbgh,2,4,0,0,15,0.0,0,0,113,0.0,4,0,166,0.024096385542168676,-0.024096385542168676,0,0,3,0,0,12,0,0,0
839,dio_mcm_episode_1o7n3vj,dio_mcm_episode_1u81eqa,2,4,0,0,0,0.0,0,0,72,0.0,4,0,119,0.03361344537815126,-0.03361344537815126,0,0,0,0,0,0,0,0,0
840,dio_mcm_episode_1jq4txk,dio_mcm_episode_1tvdhgs,2,4,0,0,0,0.0,2,0,38,0.05263157894736842,2,0,73,0.0273972602739726,-0.05263157894736842,0,0,0,0,0,0,0,0,0
841,dio_mcm_episode_0hdhhqh,dio_mcm_episode_14y2lc5,2,4,0,0,0,0.0,2,0,28,0.07142857142857142,2,0,48,0.041666666666666664,-0.07142857142857142,0,0,0,0,0,0,0,0,0
842,dio_mcm_episode_0b4v1an,dio_mcm_episode_0tkt5yz,2,4,0,0,14,0.0,4,0,45,0.08888888888888889,0,0,0,0.0,-0.08888888888888889,0,0,0,0,0,6,0,0,8
843,dio_mcm_episode_0lgktm5,dio_mcm_episode_1qfzunm,2,4,1,0,2,0.5,3,0,5,0.6,0,0,3,0.0,-0.09999999999999998,0,0,0,1,0,2,0,0,0
844,dio_mcm_episode_0ffk9vo,dio_mcm_episode_13wf48a,2,4,0,0,0,0.0,1,0,14,0.07142857142857142,3,0,26,0.11538461538461539,-0.11538461538461539,0,0,0,0,0,0,0,0,0
845,dio_mcm_episode_0vklbgh,dio_mcm_episode_1flwfgb,2,4,0,0,3,0.0,0,0,22,0.0,4,0,29,0.13793103448275862,-0.13793103448275862,0,0,3,0,0,0,0,0,0
846,dio_mcm_episode_0ilwqth,dio_mcm_episode_1ac9vkf,2,4,1,0,4,0.25,3,0,7,0.42857142857142855,0,0,0,0.0,-0.17857142857142855,1,0,3,0,0,1,0,0,0
847,dio_mcm_episode_1vpfj3r,dio_mcm_episode_1xiamcv,2,4,0,0,5,0.0,3,0,13,0.23076923076923078,1,0,8,0.125,-0.23076923076923078,0,0,2,0,0,3,0,0,0
848,dio_mcm_episode_0i72w4b,dio_mcm_episode_0t4969n,2,4,0,0,9,0.0,4,0,14,0.2857142857142857,0,0,5,0.0,-0.2857142857142857,0,0,0,0,0,6,0,0,3
849,dio_mcm_episode_0gslldm,dio_mcm_episode_1w9crd1,2,4,0,0,0,0.0,1,0,5,0.2,3,0,10,0.3,-0.3,0,0,0,0,0,0,0,0,0
850,dio_mcm_episode_1eav7xq,dio_mcm_episode_1rj8742,2,4,0,0,3,0.0,4,0,12,0.3333333333333333,0,0,0,0.0,-0.3333333333333333,0,0,0,0,0,1,0,0,2
851,dio_mcm_episode_0qxnz4m,dio_mcm_episode_14obi8w,2,4,0,0,0,0.0,2,0,6,0.3333333333333333,2,0,6,0.3333333333333333,-0.3333333333333333,0,0,0,0,0,0,0,0,0
852,dio_mcm_episode_07x93e7,dio_mcm_episode_1rj8742,2,4,0,0,0,0.0,0,0,3,0.0,4,0,12,0.3333333333333333,-0.3333333333333333,0,0,0,0,0,0,0,0,0
853,dio_mcm_episode_07iaozp,dio_mcm_episode_0hx21nm,2,4,0,0,0,0.0,2,0,7,0.2857142857142857,2,0,5,0.4,-0.4,0,0,0,0,0,0,0,0,0
854,dio_mcm_episode_07iaozp,dio_mcm_episode_1n87ekd,2,4,0,0,0,0.0,3,0,7,0.42857142857142855,1,0,6,0.16666666666666666,-0.42857142857142855,0,0,0,0,0,0,0,0,0
855,dio_mcm_episode_0hx21nm,dio_mcm_episode_0t4969n,2,4,0,0,0,0.0,4,0,9,0.4444444444444444,0,0,5,0.0,-0.4444444444444444,0,0,0,0,0,0,0,0,0
856,dio_mcm_episode_08m65fb,dio_mcm_episode_1i3ov0z,2,4,0,0,0,0.0,2,0,6,0.3333333333333333,2,0,4,0.5,-0.5,0,0,0,0,0,0,0,0,0
857,dio_mcm_episode_08hipkj,dio_mcm_episode_0vorwpi,2,4,0,0,0,0.0,0,0,0,0.0,4,0,6,0.6666666666666666,-0.6666666666666666,0,0,0,0,0,0,0,0,0
858,dio_mcm_episode_1vjymvi,dio_mcm_episode_1vty8kh,2,4,0,0,0,0.0,1,0,2,0.5,3,0,4,0.75,-0.75,0,0,0,0,0,0,0,0,0
859,dio_mcm_episode_0hdhhqh,dio_mcm_episode_0ob26z1,2,4,0,0,0,0.0,1,0,4,0.25,3,0,4,0.75,-0.75,0,0,0,0,0,0,0,0,0
860,dio_mcm_episode_0jjnvvv,dio_mcm_episode_0tkt5yz,2,4,0,0,0,0.0,4,0,5,0.8,0,0,0,0.0,-0.8,0,0,0,0,0,0,0,0,0
861,dio_mcm_episode_1dtt118,dio_mcm_episode_1e3smq7,2,4,0,0,0,0.0,1,0,1,1.0,3,0,3,1.0,-1.0,0,0,0,0,0,0,0,0,0
862,dio_mcm_episode_14obi8w,dio_mcm_episode_1no5vl8,2,4,0,0,0,0.0,1,0,1,1.0,3,0,3,1.0,-1.0,0,0,0,0,0,0,0,0,0
863,dio_mcm_episode_0w3jrws,dio_mcm_episode_1m4fasf,2,4,0,0,0,0.0,2,0,2,1.0,2,0,2,1.0,-1.0,0,0,0,0,0,0,0,0,0
864,dio_mcm_episode_0ueya1u,dio_mcm_episode_1qfzunm,2,4,0,0,0,0.0,1,0,2,0.5,3,0,3,1.0,-1.0,0,0,0,0,0,0,0,0,0
865,dio_mcm_episode_0t109kz,dio_mcm_episode_1qfzunm,2,4,0,0,0,0.0,1,0,2,0.5,3,0,3,1.0,-1.0,0,0,0,0,0,0,0,0,0
866,dio_mcm_episode_0hx21nm,dio_mcm_episode_0l0x9lk,2,4,0,0,0,0.0,2,0,2,1.0,2,0,3,0.6666666666666666,-1.0,0,0,0,0,0,0,0,0,0
867,dio_mcm_episode_07x93e7,dio_mcm_episode_0jx9fyz,2,4,0,0,0,0.0,1,0,1,1.0,3,0,3,1.0,-1.0,0,0,0,0,0,0,0,0,0
868,dio_mcm_episode_06fse02,dio_mcm_episode_0asyqb4,2,4,0,0,0,0.0,2,0,3,0.6666666666666666,2,0,2,1.0,-1.0,0,0,0,0,0,0,0,0,0
869,dio_mcm_episode_021zt73,dio_mcm_episode_06fse02,2,4,0,0,0,0.0,2,0,3,0.6666666666666666,2,0,2,1.0,-1.0,0,0,0,0,0,0,0,0,0
870,dio_mcm_episode_09etg5e,dio_mcm_episode_14za7lv,1,4,2,0,2,1.0,2,0,4,0.5,0,0,0,0.0,0.5,2,0,2,0,0,0,0,0,0
871,dio_mcm_episode_0satl98,dio_mcm_episode_1pxk29d,1,4,3,0,16,0.1875,1,0,13,0.07692307692307693,0,0,0,0.0,0.11057692307692307,0,0,0,2,0,11,1,0,5
872,dio_mcm_episode_1qfzunm,dio_mcm_episode_1yjaw9h,1,4,1,0,1,1.0,3,0,3,1.0,0,0,0,0.0,0.0,0,0,0,0,0,0,1,0,1
873,dio_mcm_episode_15iabbt,dio_mcm_episode_1o7yrz8,1,4,1,0,6,0.16666666666666666,1,0,18,0.05555555555555555,2,0,12,0.16666666666666666,0.0,1,0,3,0,0,3,0,0,0
874,dio_mcm_episode_0wdjdlr,dio_mcm_episode_1f1nrkg,1,4,2,0,11,0.18181818181818182,2,0,11,0.18181818181818182,0,0,0,0.0,0.0,0,0,0,0,0,6,2,0,5
875,dio_mcm_episode_04appcg,dio_mcm_episode_1o7yrz8,1,4,1,0,24,0.041666666666666664,3,0,66,0.045454545454545456,0,0,41,0.0,-0.0037878787878787915,0,0,9,1,0,12,0,0,3
876,dio_mcm_episode_0ffk9vo,dio_mcm_episode_1x3djkm,1,4,0,0,133,0.0,2,0,530,0.0037735849056603774,2,0,507,0.0039447731755424065,-0.0039447731755424065,0,0,45,0,0,69,0,0,19
877,dio_mcm_episode_04asuuf,dio_mcm_episode_1ohydo7,1,4,0,0,69,0.0,2,0,348,0.005747126436781609,2,0,419,0.00477326968973747,-0.005747126436781609,0,0,31,0,0,31,0,0,7
878,dio_mcm_episode_040q3nh,dio_mcm_episode_1ohydo7,1,4,0,0,123,0.0,3,0,462,0.006493506493506494,1,0,333,0.003003003003003003,-0.006493506493506494,0,0,42,0,0,63,0,0,18
879,dio_mcm_episode_0vklbgh,dio_mcm_episode_1tvdhgs,1,4,0,0,54,0.0,0,0,392,0.0,4,0,517,0.007736943907156673,-0.007736943907156673,0,0,33,0,0,21,0,0,0
880,dio_mcm_episode_1ohydo7,dio_mcm_episode_1vpfj3r,1,4,0,0,54,0.0,2,0,232,0.008620689655172414,2,0,226,0.008849557522123894,-0.008849557522123894,0,0,13,0,0,30,0,0,11
881,dio_mcm_episode_04appcg,dio_mcm_episode_1nxni6k,1,4,0,0,69,0.0,1,0,300,0.0033333333333333335,3,0,301,0.009966777408637873,-0.009966777408637873,0,0,26,0,0,35,0,0,8
882,dio_mcm_episode_1o7n3vj,dio_mcm_episode_1w9k3lg,1,4,0,0,90,0.0,2,0,277,0.007220216606498195,2,0,199,0.010050251256281407,-0.010050251256281407,0,0,39,0,0,42,0,0,9
883,dio_mcm_episode_0t4969n,dio_mcm_episode_0vklbgh,1,4,0,0,27,0.0,3,0,159,0.018867924528301886,1,0,74,0.013513513513513514,-0.018867924528301886,0,0,18,0,0,9,0,0,0
884,dio_mcm_episode_1ohydo7,dio_mcm_episode_1qfzunm,1,4,0,0,24,0.0,1,0,94,0.010638297872340425,3,0,84,0.03571428571428571,-0.03571428571428571,0,0,0,0,0,16,0,0,8
885,dio_mcm_episode_14oenqv,dio_mcm_episode_1xdd59l,1,4,1,0,23,0.043478260869565216,3,0,36,0.08333333333333333,0,0,12,0.0,-0.03985507246376811,0,0,6,1,0,12,0,0,5
886,dio_mcm_episode_05dxhcl,dio_mcm_episode_06fse02,1,4,0,0,32,0.0,4,0,67,0.05970149253731343,0,0,30,0.0,-0.05970149253731343,0,0,11,0,0,16,0,0,5
887,dio_mcm_episode_02moxon,dio_mcm_episode_1x3djkm,1,4,0,0,0,0.0,0,0,23,0.0,4,0,45,0.08888888888888889,-0.08888888888888889,0,0,0,0,0,0,0,0,0
888,dio_mcm_episode_0w3jrws,dio_mcm_episode_1f1nrkg,1,4,0,0,24,0.0,2,0,46,0.043478260869565216,2,0,22,0.09090909090909091,-0.09090909090909091,0,0,6,0,0,12,0,0,6
889,dio_mcm_episode_149dati,dio_mcm_episode_1qpd84c,1,4,1,0,7,0.14285714285714285,3,0,12,0.25,0,0,0,0.0,-0.10714285714285715,0,0,3,1,0,4,0,0,0
890,dio_mcm_episode_14y2lc5,dio_mcm_episode_15iabbt,1,4,0,0,7,0.0,1,0,26,0.038461538461538464,3,0,24,0.125,-0.125,0,0,4,0,0,3,0,0,0
891,dio_mcm_episode_05dxhcl,dio_mcm_episode_1flwfgb,1,4,0,0,10,0.0,0,0,37,0.0,4,0,30,0.13333333333333333,-0.13333333333333333,0,0,5,0,0,5,0,0,0
892,dio_mcm_episode_0t4969n,dio_mcm_episode_17u1915,1,4,2,0,8,0.25,2,0,5,0.4,0,0,0,0.0,-0.15000000000000002,1,0,5,1,0,3,0,0,0
893,dio_mcm_episode_0hv1uu1,dio_mcm_episode_1f1nrkg,1,4,0,0,0,0.0,2,0,12,0.16666666666666666,2,0,11,0.18181818181818182,-0.18181818181818182,0,0,0,0,0,0,0,0,0
894,dio_mcm_episode_05dxhcl,dio_mcm_episode_0bpgwtp,1,4,0,0,0,0.0,1,0,11,0.09090909090909091,3,0,14,0.21428571428571427,-0.21428571428571427,0,0,0,0,0,0,0,0,0
895,dio_mcm_episode_07iaozp,dio_mcm_episode_0jx9fyz,1,4,0,0,6,0.0,0,0,27,0.0,4,0,18,0.2222222222222222,-0.2222222222222222,0,0,5,0,0,1,0,0,0
896,dio_mcm_episode_1ciibe9,dio_mcm_episode_1f1nrkg,1,4,0,0,0,0.0,3,0,12,0.25,1,0,11,0.09090909090909091,-0.25,0,0,0,0,0,0,0,0,0
897,dio_mcm_episode_021zt73,dio_mcm_episode_1f1nrkg,1,4,0,0,0,0.0,3,0,12,0.25,1,0,11,0.09090909090909091,-0.25,0,0,0,0,0,0,0,0,0
898,dio_mcm_episode_0ob26z1,dio_mcm_episode_0z5d2qb,1,4,0,0,10,0.0,0,0,26,0.0,4,0,15,0.26666666666666666,-0.26666666666666666,0,0,4,0,0,6,0,0,0
899,dio_mcm_episode_04asuuf,dio_mcm_episode_1ui10f9,1,4,0,0,0,0.0,0,0,6,0.0,4,0,15,0.26666666666666666,-0.26666666666666666,0,0,0,0,0,0,0,0,0
900,dio_mcm_episode_02moxon,dio_mcm_episode_1ugezq6,1,4,0,0,0,0.0,2,0,6,0.3333333333333333,2,0,7,0.2857142857142857,-0.3333333333333333,0,0,0,0,0,0,0,0,0
901,dio_mcm_episode_021zt73,dio_mcm_episode_0t4969n,1,4,0,0,0,0.0,3,0,9,0.3333333333333333,1,0,5,0.2,-0.3333333333333333,0,0,0,0,0,0,0,0,0
902,dio_mcm_episode_0hchn9l,dio_mcm_episode_1vty8kh,1,4,0,0,0,0.0,4,0,10,0.4,0,0,10,0.0,-0.4,0,0,0,0,0,0,0,0,0
903,dio_mcm_episode_07iaozp,dio_mcm_episode_1lufp3g,1,4,0,0,0,0.0,3,0,7,0.42857142857142855,1,0,5,0.2,-0.42857142857142855,0,0,0,0,0,0,0,0,0
904,dio_mcm_episode_1ac9vkf,dio_mcm_episode_1qfzunm,1,4,1,0,2,0.5,3,0,3,1.0,0,0,0,0.0,-0.5,0,0,0,1,0,2,0,0,0
905,dio_mcm_episode_0jx9fyz,dio_mcm_episode_1i3ov0z,1,4,0,0,0,0.0,1,0,2,0.5,3,0,6,0.5,-0.5,0,0,0,0,0,0,0,0,0
906,dio_mcm_episode_0ilwqth,dio_mcm_episode_14jcwih,1,4,0,0,0,0.0,4,0,8,0.5,0,0,14,0.0,-0.5,0,0,0,0,0,0,0,0,0
907,dio_mcm_episode_14obi8w,dio_mcm_episode_1vpfj3r,1,4,0,0,0,0.0,3,0,5,0.6,1,0,8,0.125,-0.6,0,0,0,0,0,0,0,0,0
908,dio_mcm_episode_0bli7nu,dio_mcm_episode_1jq4txk,1,4,0,0,0,0.0,1,0,2,0.5,3,0,4,0.75,-0.75,0,0,0,0,0,0,0,0,0
909,dio_mcm_episode_0tkt5yz,dio_mcm_episode_0ueya1u,1,4,0,0,0,0.0,4,0,5,0.8,0,0,0,0.0,-0.8,0,0,0,0,0,0,0,0,0
910,dio_mcm_episode_0lj7ucr,dio_mcm_episode_0tkt5yz,1,4,0,0,0,0.0,4,0,5,0.8,0,0,0,0.0,-0.8,0,0,0,0,0,0,0,0,0
911,dio_mcm_episode_0rrms7j,dio_mcm_episode_1qpzgcl,1,4,0,0,0,0.0,3,0,3,1.0,1,0,1,1.0,-1.0,0,0,0,0,0,0,0,0,0
912,dio_mcm_episode_0lj7ucr,dio_mcm_episode_1qfzunm,1,4,0,0,0,0.0,1,0,2,0.5,3,0,3,1.0,-1.0,0,0,0,0,0,0,0,0,0
913,dio_mcm_episode_0jx9fyz,dio_mcm_episode_0q4hk03,1,4,0,0,0,0.0,1,0,1,1.0,3,0,3,1.0,-1.0,0,0,0,0,0,0,0,0,0
914,dio_mcm_episode_0hv1uu1,dio_mcm_episode_0jx9fyz,1,4,0,0,0,0.0,1,0,1,1.0,3,0,3,1.0,-1.0,0,0,0,0,0,0,0,0,0
915,dio_mcm_episode_09etg5e,dio_mcm_episode_0wdjdlr,1,4,0,0,2,0.0,4,0,4,1.0,0,0,0,0.0,-1.0,0,0,0,0,0,2,0,0,0
916,dio_mcm_episode_078b3aq,dio_mcm_episode_0w3jrws,1,4,0,0,3,0.0,2,0,6,0.3333333333333333,2,0,2,1.0,-1.0,0,0,1,0,0,2,0,0,0
917,dio_mcm_episode_06aqoz9,dio_mcm_episode_0yvdh1c,1,4,0,0,0,0.0,0,0,0,0.0,4,0,4,1.0,-1.0,0,0,0,0,0,0,0,0,0
918,dio_mcm_episode_05bno88,dio_mcm_episode_1ciibe9,1,4,0,0,0,0.0,2,0,2,1.0,2,0,2,1.0,-1.0,0,0,0,0,0,0,0,0,0
919,dio_mcm_episode_08g1nk4,dio_mcm_episode_0fu1xau,3,3,2,1,2,1.0,1,0,2,0.5,0,0,0,0.0,0.5,2,1,2,0,0,0,0,0,0
920,dio_mcm_episode_06fse02,dio_mcm_episode_078b3aq,3,3,2,1,5,0.4,1,0,7,0.14285714285714285,0,0,2,0.0,0.2571428571428572,0,0,3,2,1,2,0,0,0
921,dio_mcm_episode_0ff8lrz,dio_mcm_episode_149dati,3,3,2,0,6,0.3333333333333333,1,0,12,0.08333333333333333,0,0,0,0.0,0.25,0,0,3,2,0,3,0,0,0
922,dio_mcm_episode_1pxk29d,dio_mcm_episode_1vjymvi,3,3,1,1,1,1.0,2,1,2,1.0,0,0,0,0.0,0.0,0,0,0,1,1,1,0,0,0
923,dio_mcm_episode_06mzyi2,dio_mcm_episode_0fu1xau,3,3,1,0,2,0.5,1,0,4,0.25,1,0,2,0.5,0.0,1,0,2,0,0,0,0,0,0
924,dio_mcm_episode_02cpbzo,dio_mcm_episode_1vpfj3r,3,3,0,0,15,0.0,1,0,54,0.018518518518518517,2,0,45,0.044444444444444446,-0.044444444444444446,0,0,4,0,0,8,0,0,3
925,dio_mcm_episode_1sddzs5,dio_mcm_episode_1vpfj3r,3,3,0,0,0,0.0,1,0,10,0.1,2,0,16,0.125,-0.125,0,0,0,0,0,0,0,0,0
926,dio_mcm_episode_1u81eqa,dio_mcm_episode_1ugezq6,3,3,0,0,0,0.0,0,0,18,0.0,3,1,21,0.14285714285714285,-0.14285714285714285,0,0,0,0,0,0,0,0,0
927,dio_mcm_episode_076w0e1,dio_mcm_episode_1f1nrkg,3,3,0,0,0,0.0,1,0,12,0.08333333333333333,2,1,10,0.2,-0.2,0,0,0,0,0,0,0,0,0
928,dio_mcm_episode_07iaozp,dio_mcm_episode_0bd9lsr,3,3,0,0,0,0.0,2,0,7,0.2857142857142857,1,0,6,0.16666666666666666,-0.2857142857142857,0,0,0,0,0,0,0,0,0
929,dio_mcm_episode_076w0e1,dio_mcm_episode_0t4969n,3,3,0,0,0,0.0,3,0,9,0.3333333333333333,0,0,4,0.0,-0.3333333333333333,0,0,0,0,0,0,0,0,0
930,dio_mcm_episode_0bd9lsr,dio_mcm_episode_0hchn9l,3,3,0,0,0,0.0,2,1,5,0.4,1,0,4,0.25,-0.4,0,0,0,0,0,0,0,0,0
931,dio_mcm_episode_0w3jrws,dio_mcm_episode_1vty8kh,3,3,0,0,0,0.0,2,0,4,0.5,1,1,3,0.3333333333333333,-0.5,0,0,0,0,0,0,0,0,0
932,dio_mcm_episode_0ibx54i,dio_mcm_episode_1ny5ha7,3,3,0,0,5,0.0,1,0,9,0.1111111111111111,2,1,4,0.5,-0.5,0,0,0,0,0,3,0,0,2
933,dio_mcm_episode_0hdhhqh,dio_mcm_episode_177ycjt,3,3,0,0,0,0.0,2,0,4,0.5,1,0,4,0.25,-0.5,0,0,0,0,0,0,0,0,0
934,dio_mcm_episode_078b3aq,dio_mcm_episode_0fu1xau,3,3,0,0,3,0.0,2,0,6,0.3333333333333333,1,0,2,0.5,-0.5,0,0,3,0,0,0,0,0,0
935,dio_mcm_episode_0tkt5yz,dio_mcm_episode_1xf3yvv,3,3,0,0,0,0.0,3,0,5,0.6,0,0,0,0.0,-0.6,0,0,0,0,0,0,0,0,0
936,dio_mcm_episode_0jjnvvv,dio_mcm_episode_1qfzunm,3,3,0,0,0,0.0,1,0,2,0.5,2,1,3,0.6666666666666666,-0.6666666666666666,0,0,0,0,0,0,0,0,0
937,dio_mcm_episode_08m65fb,dio_mcm_episode_1ubfji8,3,3,0,0,0,0.0,2,1,3,0.6666666666666666,1,0,2,0.5,-0.6666666666666666,0,0,0,0,0,0,0,0,0
938,dio_mcm_episode_1n87ekd,dio_mcm_episode_1vjymvi,3,3,0,0,0,0.0,1,1,1,1.0,2,0,2,1.0,-1.0,0,0,0,0,0,0,0,0,0
939,dio_mcm_episode_1eds8f6,dio_mcm_episode_1wtjaze,3,3,0,0,0,0.0,0,0,0,0.0,3,1,3,1.0,-1.0,0,0,0,0,0,0,0,0,0
940,dio_mcm_episode_15iabbt,dio_mcm_episode_1eds8f6,3,3,0,0,0,0.0,1,0,1,1.0,2,0,2,1.0,-1.0,0,0,0,0,0,0,0,0,0
941,dio_mcm_episode_0w3jrws,dio_mcm_episode_1xf3yvv,3,3,0,0,0,0.0,2,0,2,1.0,1,0,2,0.5,-1.0,0,0,0,0,0,0,0,0,0
942,dio_mcm_episode_0w3jrws,dio_mcm_episode_1lufp3g,3,3,0,0,0,0.0,2,0,2,1.0,1,1,2,0.5,-1.0,0,0,0,0,0,0,0,0,0
943,dio_mcm_episode_0jx9fyz,dio_mcm_episode_1ciibe9,3,3,0,0,0,0.0,1,0,1,1.0,2,1,3,0.6666666666666666,-1.0,0,0,0,0,0,0,0,0,0
944,dio_mcm_episode_0ibx54i,dio_mcm_episode_0rrms7j,3,3,0,0,3,0.0,2,1,4,0.5,1,1,1,1.0,-1.0,0,0,0,0,0,2,0,0,1
945,dio_mcm_episode_0fu1xau,dio_mcm_episode_171moy1,3,3,0,0,0,0.0,2,1,2,1.0,1,0,1,1.0,-1.0,0,0,0,0,0,0,0,0,0
946,dio_mcm_episode_0bd9lsr,dio_mcm_episode_1vjymvi,3,3,0,0,0,0.0,1,1,1,1.0,2,0,2,1.0,-1.0,0,0,0,0,0,0,0,0,0
947,dio_mcm_episode_078b3aq,dio_mcm_episode_1lufp3g,3,3,0,0,0,0.0,2,0,2,1.0,1,1,1,1.0,-1.0,0,0,0,0,0,0,0,0,0
948,dio_mcm_episode_0fu1xau,dio_mcm_episode_0hvxln3,2,3,2,0,2,1.0,1,0,4,0.25,0,0,2,0.0,0.75,2,0,2,0,0,0,0,0,0
949,dio_mcm_episode_0fa830n,dio_mcm_episode_0fu1xau,2,3,2,0,2,1.0,1,0,4,0.25,0,0,2,0.0,0.75,0,0,0,2,0,2,0,0,0
950,dio_mcm_episode_09etg5e,dio_mcm_episode_1pxk29d,2,3,2,0,2,1.0,1,0,4,0.25,0,0,0,0.0,0.75,0,0,0,2,0,2,0,0,0
951,dio_mcm_episode_0t4969n,dio_mcm_episode_1pxk29d,2,3,3,0,8,0.375,0,0,5,0.0,0,0,0,0.0,0.375,0,0,0,1,0,6,2,0,2
952,dio_mcm_episode_08g1nk4,dio_mcm_episode_0hchn9l,2,3,2,0,5,0.4,1,0,5,0.2,0,0,0,0.0,0.2,2,0,4,0,0,1,0,0,0
953,dio_mcm_episode_07iaozp,dio_mcm_episode_0wdjdlr,2,3,2,0,7,0.2857142857142857,1,0,6,0.16666666666666666,0,0,0,0.0,0.11904761904761904,0,0,0,1,0,6,1,0,1
954,dio_mcm_episode_0tkt5yz,dio_mcm_episode_0w3jrws,2,3,2,0,10,0.2,1,0,10,0.1,0,0,0,0.0,0.1,1,0,2,1,0,5,0,0,3
955,dio_mcm_episode_0gk1zl7,dio_mcm_episode_0gslldm,2,3,1,0,5,0.2,2,0,16,0.125,0,0,10,0.0,0.07500000000000001,0,0,1,1,0,4,0,0,0
956,dio_mcm_episode_0sc9rzg,dio_mcm_episode_1wjjpaf,2,3,1,0,6,0.16666666666666666,2,0,21,0.09523809523809523,0,0,0,0.0,0.07142857142857142,0,0,3,1,0,3,0,0,0
957,dio_mcm_episode_078b3aq,dio_mcm_episode_1pxk29d,2,3,2,0,2,1.0,1,0,1,1.0,0,0,0,0.0,0.0,0,0,0,2,0,2,0,0,0
958,dio_mcm_episode_05dxhcl,dio_mcm_episode_0vorwpi,2,3,0,0,0,0.0,0,0,66,0.0,3,0,89,0.033707865168539325,-0.033707865168539325,0,0,0,0,0,0,0,0,0
959,dio_mcm_episode_0ibx54i,dio_mcm_episode_1nxni6k,2,3,0,0,18,0.0,1,0,65,0.015384615384615385,2,0,46,0.043478260869565216,-0.043478260869565216,0,0,0,0,0,9,0,0,9
960,dio_mcm_episode_05dxhcl,dio_mcm_episode_0l0x9lk,2,3,0,0,22,0.0,1,0,63,0.015873015873015872,2,0,42,0.047619047619047616,-0.047619047619047616,0,0,0,0,0,12,0,0,10
961,dio_mcm_episode_0ptj9cs,dio_mcm_episode_1nxni6k,2,3,0,0,0,0.0,1,0,18,0.05555555555555555,2,0,46,0.043478260869565216,-0.05555555555555555,0,0,0,0,0,0,0,0,0
962,dio_mcm_episode_0ibx54i,dio_mcm_episode_1ohydo7,2,3,0,0,12,0.0,3,0,41,0.07317073170731707,0,0,29,0.0,-0.07317073170731707,0,0,0,0,0,8,0,0,4
963,dio_mcm_episode_0hwyq0s,dio_mcm_episode_1o7gsvl,2,3,0,0,0,0.0,1,0,8,0.125,2,0,16,0.125,-0.125,0,0,0,0,0,0,0,0,0
964,dio_mcm_episode_0hdhhqh,dio_mcm_episode_14wgkn2,2,3,0,0,0,0.0,0,0,4,0.0,3,0,23,0.13043478260869565,-0.13043478260869565,0,0,0,0,0,0,0,0,0
965,dio_mcm_episode_1ohydo7,dio_mcm_episode_1ui10f9,2,3,0,0,0,0.0,2,0,12,0.16666666666666666,1,0,28,0.03571428571428571,-0.16666666666666666,0,0,0,0,0,0,0,0,0
966,dio_mcm_episode_07iaozp,dio_mcm_episode_17u1915,2,3,1,0,7,0.14285714285714285,2,0,6,0.3333333333333333,0,0,0,0.0,-0.19047619047619047,1,0,6,0,0,1,0,0,0
967,dio_mcm_episode_0gslldm,dio_mcm_episode_1n87ekd,2,3,0,0,0,0.0,1,0,5,0.2,2,0,10,0.2,-0.2,0,0,0,0,0,0,0,0,0
968,dio_mcm_episode_0t4969n,dio_mcm_episode_1eav7xq,2,3,1,0,9,0.1111111111111111,2,0,5,0.4,0,0,0,0.0,-0.2888888888888889,0,0,0,1,0,6,0,0,3
969,dio_mcm_episode_1no5vl8,dio_mcm_episode_1wtjaze,2,3,0,0,0,0.0,0,0,3,0.0,3,0,9,0.3333333333333333,-0.3333333333333333,0,0,0,0,0,0,0,0,0
970,dio_mcm_episode_1ciibe9,dio_mcm_episode_1rj8742,2,3,0,0,0,0.0,1,0,3,0.3333333333333333,2,0,11,0.18181818181818182,-0.3333333333333333,0,0,0,0,0,0,0,0,0
971,dio_mcm_episode_0asyqb4,dio_mcm_episode_0t4969n,2,3,0,0,0,0.0,3,0,9,0.3333333333333333,0,0,5,0.0,-0.3333333333333333,0,0,0,0,0,0,0,0,0
972,dio_mcm_episode_09627ba,dio_mcm_episode_1rj8742,2,3,0,0,0,0.0,1,0,3,0.3333333333333333,2,0,12,0.16666666666666666,-0.3333333333333333,0,0,0,0,0,0,0,0,0
973,dio_mcm_episode_02moxon,dio_mcm_episode_1vu7n3a,2,3,0,0,0,0.0,0,0,9,0.0,3,0,7,0.42857142857142855,-0.42857142857142855,0,0,0,0,0,0,0,0,0
974,dio_mcm_episode_0bsaqu1,dio_mcm_episode_0sjyas0,2,3,0,0,0,0.0,3,0,6,0.5,0,0,0,0.0,-0.5,0,0,0,0,0,0,0,0,0
975,dio_mcm_episode_09etg5e,dio_mcm_episode_0asyqb4,2,3,0,0,0,0.0,1,0,2,0.5,2,0,4,0.5,-0.5,0,0,0,0,0,0,0,0,0
976,dio_mcm_episode_05bno88,dio_mcm_episode_17u1915,2,3,1,0,2,0.5,2,0,2,1.0,0,0,0,0.0,-0.5,0,0,1,1,0,1,0,0,0
977,dio_mcm_episode_05bno88,dio_mcm_episode_0hvxln3,2,3,0,0,2,0.0,2,0,4,0.5,1,0,2,0.5,-0.5,0,0,1,0,0,1,0,0,0
978,dio_mcm_episode_05bno88,dio_mcm_episode_0bli7nu,2,3,0,0,2,0.0,1,0,6,0.16666666666666666,2,0,4,0.5,-0.5,0,0,0,0,0,1,0,0,1
979,dio_mcm_episode_0hchn9l,dio_mcm_episode_0lgktm5,2,3,0,0,5,0.0,0,0,10,0.0,3,0,5,0.6,-0.6,0,0,4,0,0,1,0,0,0
980,dio_mcm_episode_0fa830n,dio_mcm_episode_0tkt5yz,2,3,0,0,4,0.0,3,0,5,0.6,0,0,0,0.0,-0.6,0,0,0,0,0,2,0,0,2
981,dio_mcm_episode_1vjymvi,dio_mcm_episode_1xf3yvv,2,3,0,0,0,0.0,1,0,1,1.0,2,0,2,1.0,-1.0,0,0,0,0,0,0,0,0,0
982,dio_mcm_episode_1u81eqa,dio_mcm_episode_1ui10f9,2,3,0,0,0,0.0,0,0,0,0.0,3,0,3,1.0,-1.0,0,0,0,0,0,0,0,0,0
983,dio_mcm_episode_1m4fasf,dio_mcm_episode_1vjymvi,2,3,0,0,0,0.0,1,0,1,1.0,2,0,2,1.0,-1.0,0,0,0,0,0,0,0,0,0
984,dio_mcm_episode_1lufp3g,dio_mcm_episode_1vjymvi,2,3,0,0,0,0.0,1,0,1,1.0,2,0,2,1.0,-1.0,0,0,0,0,0,0,0,0,0
985,dio_mcm_episode_14obi8w,dio_mcm_episode_15iabbt,2,3,0,0,0,0.0,1,0,1,1.0,2,0,2,1.0,-1.0,0,0,0,0,0,0,0,0,0
986,dio_mcm_episode_14o2zn6,dio_mcm_episode_1wtjaze,2,3,0,0,0,0.0,0,0,0,0.0,3,0,3,1.0,-1.0,0,0,0,0,0,0,0,0,0
987,dio_mcm_episode_14o2zn6,dio_mcm_episode_1e3smq7,2,3,0,0,0,0.0,1,0,1,1.0,2,0,3,0.6666666666666666,-1.0,0,0,0,0,0,0,0,0,0
988,dio_mcm_episode_0pzlboa,dio_mcm_episode_1jq4txk,2,3,0,0,0,0.0,1,0,2,0.5,2,0,2,1.0,-1.0,0,0,0,0,0,0,0,0,0
989,dio_mcm_episode_0jx9fyz,dio_mcm_episode_1gzkzf9,2,3,0,0,0,0.0,1,0,1,1.0,2,0,3,0.6666666666666666,-1.0,0,0,0,0,0,0,0,0,0
990,dio_mcm_episode_0ezwt7z,dio_mcm_episode_0w3jrws,2,3,0,0,0,0.0,1,0,2,0.5,2,0,2,1.0,-1.0,0,0,0,0,0,0,0,0,0
991,dio_mcm_episode_0bsaqu1,dio_mcm_episode_1gzkzf9,2,3,0,0,0,0.0,0,0,0,0.0,3,0,3,1.0,-1.0,0,0,0,0,0,0,0,0,0
992,dio_mcm_episode_078b3aq,dio_mcm_episode_1n87ekd,2,3,0,0,0,0.0,2,0,2,1.0,1,0,1,1.0,-1.0,0,0,0,0,0,0,0,0,0
993,dio_mcm_episode_06wwep2,dio_mcm_episode_1vjymvi,2,3,0,0,0,0.0,1,0,1,1.0,2,0,2,1.0,-1.0,0,0,0,0,0,0,0,0,0
994,dio_mcm_episode_06wwep2,dio_mcm_episode_078b3aq,2,3,0,0,0,0.0,2,0,2,1.0,1,0,1,1.0,-1.0,0,0,0,0,0,0,0,0,0
995,dio_mcm_episode_06fse02,dio_mcm_episode_1gzkzf9,2,3,0,0,0,0.0,1,0,3,0.3333333333333333,2,0,2,1.0,-1.0,0,0,0,0,0,0,0,0,0
996,dio_mcm_episode_06fse02,dio_mcm_episode_0h2l72l,2,3,0,0,0,0.0,1,0,3,0.3333333333333333,2,0,2,1.0,-1.0,0,0,0,0,0,0,0,0,0
997,dio_mcm_episode_05ziutl,dio_mcm_episode_1vjymvi,2,3,0,0,0,0.0,1,0,1,1.0,2,0,2,1.0,-1.0,0,0,0,0,0,0,0,0,0
998,dio_mcm_episode_05ziutl,dio_mcm_episode_078b3aq,2,3,0,0,0,0.0,2,0,2,1.0,1,0,1,1.0,-1.0,0,0,0,0,0,0,0,0,0
999,dio_mcm_episode_02035dk,dio_mcm_episode_0w3jrws,2,3,0,0,0,0.0,2,0,2,1.0,1,0,2,0.5,-1.0,0,0,0,0,0,0,0,0,0
1000,dio_mcm_episode_14wgkn2,dio_mcm_episode_16abfly,1,3,1,0,1,1.0,2,0,6,0.3333333333333333,0,0,0,0.0,0.6666666666666667,0,0,0,1,0,1,0,0,0
1001,dio_mcm_episode_0rrms7j,dio_mcm_episode_0tusrny,1,3,3,0,5,0.6,0,0,2,0.0,0,0,0,0.0,0.6,0,0,0,2,0,4,1,0,1
1002,dio_mcm_episode_0lje5cp,dio_mcm_episode_0tkt5yz,1,3,3,0,5,0.6,0,0,0,0.0,0,0,0,0.0,0.6,2,0,2,1,0,3,0,0,0
1003,dio_mcm_episode_07iaozp,dio_mcm_episode_0fa830n,1,3,3,0,7,0.42857142857142855,0,0,13,0.0,0,0,6,0.0,0.42857142857142855,0,0,0,3,0,6,0,0,1
1004,dio_mcm_episode_14wgkn2,dio_mcm_episode_19nvu4o,1,3,1,0,2,0.5,2,0,12,0.16666666666666666,0,0,0,0.0,0.33333333333333337,0,0,1,1,0,1,0,0,0
1005,dio_mcm_episode_040q3nh,dio_mcm_episode_1e3smq7,1,3,2,0,11,0.18181818181818182,1,0,48,0.020833333333333332,0,0,36,0.0,0.16098484848484848,0,0,0,2,0,6,0,0,5
1006,dio_mcm_episode_16abfly,dio_mcm_episode_1ohydo7,1,3,2,0,12,0.16666666666666666,1,0,29,0.034482758620689655,0,0,0,0.0,0.13218390804597702,0,0,0,1,0,8,1,0,4
1007,dio_mcm_episode_15iabbt,dio_mcm_episode_1xdd59l,1,3,1,0,12,0.08333333333333333,2,0,36,0.05555555555555555,0,0,24,0.0,0.027777777777777776,0,0,6,1,0,6,0,0,0
1008,dio_mcm_episode_1ac9vkf,dio_mcm_episode_1ohydo7,1,3,1,0,11,0.09090909090909091,2,0,29,0.06896551724137931,0,0,0,0.0,0.021943573667711602,0,0,7,1,0,4,0,0,0
1009,dio_mcm_episode_1ny5ha7,dio_mcm_episode_1x3djkm,1,3,1,0,100,0.01,2,0,302,0.006622516556291391,0,0,174,0.0,0.0033774834437086095,0,0,30,1,0,51,0,0,19
1010,dio_mcm_episode_1qpd84c,dio_mcm_episode_1xdd59l,1,3,1,0,93,0.010752688172043012,2,0,232,0.008620689655172414,0,0,134,0.0,0.002131998516870598,0,0,23,0,0,47,1,0,23
1011,dio_mcm_episode_0bli7nu,dio_mcm_episode_17u1915,1,3,1,0,1,1.0,2,0,2,1.0,0,0,0,0.0,0.0,0,0,0,1,0,1,0,0,0
1012,dio_mcm_episode_078b3aq,dio_mcm_episode_0lcbs8p,1,3,2,0,2,1.0,1,0,1,1.0,0,0,0,0.0,0.0,0,0,0,2,0,2,0,0,0
1013,dio_mcm_episode_040q3nh,dio_mcm_episode_1nxni6k,1,3,0,0,188,0.0,2,0,710,0.0028169014084507044,1,0,509,0.0019646365422396855,-0.0028169014084507044,0,0,51,0,0,98,0,0,39
1014,dio_mcm_episode_0ilwqth,dio_mcm_episode_1o7n3vj,1,3,0,0,86,0.0,1,0,312,0.003205128205128205,2,0,270,0.007407407407407408,-0.007407407407407408,0,0,39,0,0,39,0,0,8
1015,dio_mcm_episode_1nxni6k,dio_mcm_episode_1vpfj3r,1,3,0,0,75,0.0,0,0,344,0.0,3,0,348,0.008620689655172414,-0.008620689655172414,0,0,15,0,0,39,0,0,21
1016,dio_mcm_episode_0vklbgh,dio_mcm_episode_1f1nrkg,1,3,0,0,36,0.0,3,0,225,0.013333333333333334,0,0,175,0.0,-0.013333333333333334,0,0,18,0,0,18,0,0,0
1017,dio_mcm_episode_0ffk9vo,dio_mcm_episode_1o7gsvl,1,3,0,0,50,0.0,3,0,204,0.014705882352941176,0,0,198,0.0,-0.014705882352941176,0,0,22,0,0,23,0,0,5
1018,dio_mcm_episode_0l909ce,dio_mcm_episode_1o7yrz8,1,3,0,0,66,0.0,1,0,189,0.005291005291005291,2,0,119,0.01680672268907563,-0.01680672268907563,0,0,17,0,0,34,0,0,15
1019,dio_mcm_episode_1jq4txk,dio_mcm_episode_1x557o1,1,3,0,0,0,0.0,0,0,54,0.0,3,0,105,0.02857142857142857,-0.02857142857142857,0,0,0,0,0,0,0,0,0
1020,dio_mcm_episode_14wgkn2,dio_mcm_episode_1o7gsvl,1,3,0,0,8,0.0,2,0,64,0.03125,1,0,86,0.011627906976744186,-0.03125,0,0,5,0,0,3,0,0,0
1021,dio_mcm_episode_0b4v1an,dio_mcm_episode_0t4969n,1,3,0,0,27,0.0,3,0,96,0.03125,0,0,44,0.0,-0.03125,0,0,0,0,0,18,0,0,9
1022,dio_mcm_episode_0t4969n,dio_mcm_episode_1rj8742,1,3,0,0,26,0.0,1,0,122,0.00819672131147541,2,0,59,0.03389830508474576,-0.03389830508474576,0,0,5,0,0,15,0,0,6
1023,dio_mcm_episode_02cpbzo,dio_mcm_episode_1vu7n3a,1,3,0,0,26,0.0,3,0,75,0.04,0,0,42,0.0,-0.04,0,0,13,0,0,11,0,0,2
1024,dio_mcm_episode_1flwfgb,dio_mcm_episode_1tvdhgs,1,3,0,0,18,0.0,0,0,74,0.0,3,0,73,0.0410958904109589,-0.0410958904109589,0,0,11,0,0,7,0,0,0
1025,dio_mcm_episode_158apmu,dio_mcm_episode_1xdd59l,1,3,0,0,35,0.0,3,0,60,0.05,0,0,24,0.0,-0.05,0,0,0,0,0,18,0,0,17
1026,dio_mcm_episode_0tkt5yz,dio_mcm_episode_1f1nrkg,1,3,0,0,54,0.0,3,0,55,0.05454545454545454,0,0,0,0.0,-0.05454545454545454,0,0,11,0,0,28,0,0,15
1027,dio_mcm_episode_17yc79r,dio_mcm_episode_1vpfj3r,1,3,0,0,10,0.0,2,0,36,0.05555555555555555,1,0,31,0.03225806451612903,-0.05555555555555555,0,0,4,0,0,6,0,0,0
1028,dio_mcm_episode_0hdhhqh,dio_mcm_episode_1vu7n3a,1,3,0,0,0,0.0,2,0,36,0.05555555555555555,1,0,27,0.037037037037037035,-0.05555555555555555,0,0,0,0,0,0,0,0,0
1029,dio_mcm_episode_1no5vl8,dio_mcm_episode_1orxzd6,1,3,0,0,7,0.0,0,0,37,0.0,3,0,48,0.0625,-0.0625,0,0,0,0,0,3,0,0,4
1030,dio_mcm_episode_040q3nh,dio_mcm_episode_0hdhhqh,1,3,0,0,0,0.0,3,0,48,0.0625,0,0,48,0.0,-0.0625,0,0,0,0,0,0,0,0,0
1031,dio_mcm_episode_149dati,dio_mcm_episode_1x3djkm,1,3,0,0,22,0.0,3,0,45,0.06666666666666667,0,0,0,0.0,-0.06666666666666667,0,0,11,0,0,11,0,0,0
1032,dio_mcm_episode_06fse02,dio_mcm_episode_0pzlboa,1,3,1,0,3,0.3333333333333333,2,0,5,0.4,0,0,1,0.0,-0.06666666666666671,1,0,2,0,0,1,0,0,0
1033,dio_mcm_episode_1x3djkm,dio_mcm_episode_1x3r1y4,1,3,0,0,0,0.0,0,0,23,0.0,3,0,44,0.06818181818181818,-0.06818181818181818,0,0,0,0,0,0,0,0,0
1034,dio_mcm_episode_05dxhcl,dio_mcm_episode_0w3jrws,1,3,0,0,22,0.0,1,0,52,0.019230769230769232,2,0,27,0.07407407407407407,-0.07407407407407407,0,0,6,0,0,11,0,0,5
1035,dio_mcm_episode_0tusrny,dio_mcm_episode_1qfzunm,1,3,1,0,4,0.25,2,0,6,0.3333333333333333,0,0,0,0.0,-0.08333333333333331,0,0,0,0,0,0,1,0,4
1036,dio_mcm_episode_0jx9fyz,dio_mcm_episode_1rj8742,1,3,0,0,3,0.0,0,0,21,0.0,3,0,36,0.08333333333333333,-0.08333333333333333,0,0,1,0,0,2,0,0,0
1037,dio_mcm_episode_04asuuf,dio_mcm_episode_1e3smq7,1,3,0,0,6,0.0,3,0,34,0.08823529411764706,0,0,47,0.0,-0.08823529411764706,0,0,0,0,0,4,0,0,2
1038,dio_mcm_episode_07x93e7,dio_mcm_episode_1qlxgj7,1,3,0,0,0,0.0,2,0,20,0.1,1,0,31,0.03225806451612903,-0.1,0,0,0,0,0,0,0,0,0
1039,dio_mcm_episode_0t4969n,dio_mcm_episode_0w3jrws,1,3,0,0,18,0.0,3,0,28,0.10714285714285714,0,0,10,0.0,-0.10714285714285714,0,0,6,0,0,9,0,0,3
1040,dio_mcm_episode_14wgkn2,dio_mcm_episode_1no5vl8,1,3,0,0,1,0.0,1,0,9,0.1111111111111111,2,0,18,0.1111111111111111,-0.1111111111111111,0,0,0,0,0,1,0,0,0
1041,dio_mcm_episode_1u81eqa,dio_mcm_episode_1vpfj3r,1,3,0,0,0,0.0,0,0,15,0.0,3,0,24,0.125,-0.125,0,0,0,0,0,0,0,0,0
1042,dio_mcm_episode_1ac9vkf,dio_mcm_episode_1wjjpaf,1,3,0,0,6,0.0,3,0,21,0.14285714285714285,0,0,0,0.0,-0.14285714285714285,0,0,3,0,0,3,0,0,0
1043,dio_mcm_episode_177ycjt,dio_mcm_episode_1vu7n3a,1,3,0,0,8,0.0,2,0,16,0.125,1,0,7,0.14285714285714285,-0.14285714285714285,0,0,6,0,0,2,0,0,0
1044,dio_mcm_episode_1otryhf,dio_mcm_episode_1qfzunm,1,3,1,0,2,0.5,2,0,3,0.6666666666666666,0,0,0,0.0,-0.16666666666666663,0,0,0,1,0,2,0,0,0
1045,dio_mcm_episode_1qpd84c,dio_mcm_episode_1x3r1y4,1,3,0,0,0,0.0,1,0,8,0.125,2,0,12,0.16666666666666666,-0.16666666666666666,0,0,0,0,0,0,0,0,0
1046,dio_mcm_episode_1e3smq7,dio_mcm_episode_1ny5ha7,1,3,0,0,5,0.0,1,0,19,0.05263157894736842,2,0,12,0.16666666666666666,-0.16666666666666666,0,0,0,0,0,3,0,0,2
1047,dio_mcm_episode_14o2zn6,dio_mcm_episode_1qpd84c,1,3,0,0,0,0.0,1,0,8,0.125,2,0,12,0.16666666666666666,-0.16666666666666666,0,0,0,0,0,0,0,0,0
1048,dio_mcm_episode_0t4969n,dio_mcm_episode_1vty8kh,1,3,0,0,0,0.0,3,0,18,0.16666666666666666,0,0,10,0.0,-0.16666666666666666,0,0,0,0,0,0,0,0,0
1049,dio_mcm_episode_0ptj9cs,dio_mcm_episode_1wjjpaf,1,3,0,0,0,0.0,1,0,6,0.16666666666666666,2,0,21,0.09523809523809523,-0.16666666666666666,0,0,0,0,0,0,0,0,0
1050,dio_mcm_episode_0b4v1an,dio_mcm_episode_0lgktm5,1,3,0,0,3,0.0,2,0,12,0.16666666666666666,1,0,8,0.125,-0.16666666666666666,0,0,0,0,0,3,0,0,0
1051,dio_mcm_episode_02moxon,dio_mcm_episode_0ff8lrz,1,3,0,0,0,0.0,1,0,6,0.16666666666666666,2,0,12,0.16666666666666666,-0.16666666666666666,0,0,0,0,0,0,0,0,0
1052,dio_mcm_episode_02cpbzo,dio_mcm_episode_1u81eqa,1,3,0,0,0,0.0,0,0,9,0.0,3,0,17,0.17647058823529413,-0.17647058823529413,0,0,0,0,0,0,0,0,0
1053,dio_mcm_episode_0fuuq8k,dio_mcm_episode_1f1nrkg,1,3,0,0,0,0.0,1,0,12,0.08333333333333333,2,0,11,0.18181818181818182,-0.18181818181818182,0,0,0,0,0,0,0,0,0
1054,dio_mcm_episode_14jcwih,dio_mcm_episode_1w9k3lg,1,3,0,0,0,0.0,1,0,8,0.125,2,0,10,0.2,-0.2,0,0,0,0,0,0,0,0,0
1055,dio_mcm_episode_0ob26z1,dio_mcm_episode_15a14p0,1,3,0,0,8,0.0,0,0,22,0.0,3,0,14,0.21428571428571427,-0.21428571428571427,0,0,7,0,0,1,0,0,0
1056,dio_mcm_episode_0q4hk03,dio_mcm_episode_0t4969n,1,3,0,0,0,0.0,2,0,9,0.2222222222222222,1,0,5,0.2,-0.2222222222222222,0,0,0,0,0,0,0,0,0
1057,dio_mcm_episode_0ezwt7z,dio_mcm_episode_0t4969n,1,3,0,0,0,0.0,2,0,9,0.2222222222222222,1,0,5,0.2,-0.2222222222222222,0,0,0,0,0,0,0,0,0
1058,dio_mcm_episode_1dtt118,dio_mcm_episode_1vpfj3r,1,3,0,0,0,0.0,1,0,5,0.2,2,0,8,0.25,-0.25,0,0,0,0,0,0,0,0,0
1059,dio_mcm_episode_0ff8lrz,dio_mcm_episode_0hwyq0s,1,3,0,0,0,0.0,0,0,6,0.0,3,0,12,0.25,-0.25,0,0,0,0,0,0,0,0,0
1060,dio_mcm_episode_0gslldm,dio_mcm_episode_17u1915,1,3,0,0,5,0.0,3,0,11,0.2727272727272727,0,0,0,0.0,-0.2727272727272727,0,0,1,0,0,4,0,0,0
1061,dio_mcm_episode_1dtt118,dio_mcm_episode_1ugezq6,1,3,0,0,0,0.0,1,0,6,0.16666666666666666,2,0,7,0.2857142857142857,-0.2857142857142857,0,0,0,0,0,0,0,0,0
1062,dio_mcm_episode_0t4969n,dio_mcm_episode_0vcr3lw,1,3,1,0,9,0.1111111111111111,2,0,5,0.4,0,0,0,0.0,-0.2888888888888889,0,0,0,1,0,6,0,0,3
1063,dio_mcm_episode_0qxnz4m,dio_mcm_episode_1x6pis8,1,3,0,0,0,0.0,2,0,6,0.3333333333333333,1,0,6,0.16666666666666666,-0.3333333333333333,0,0,0,0,0,0,0,0,0
1064,dio_mcm_episode_0mx1107,dio_mcm_episode_0ob26z1,1,3,0,0,4,0.0,3,0,9,0.3333333333333333,0,0,5,0.0,-0.3333333333333333,0,0,4,0,0,0,0,0,0
1065,dio_mcm_episode_04asuuf,dio_mcm_episode_14o2zn6,1,3,0,0,0,0.0,2,0,6,0.3333333333333333,1,0,15,0.06666666666666667,-0.3333333333333333,0,0,0,0,0,0,0,0,0
1066,dio_mcm_episode_0hdhhqh,dio_mcm_episode_19nvu4o,1,3,0,0,0,0.0,3,0,8,0.375,0,0,0,0.0,-0.375,0,0,0,0,0,0,0,0,0
1067,dio_mcm_episode_0t4969n,dio_mcm_episode_1ubfji8,1,3,0,0,0,0.0,1,0,9,0.1111111111111111,2,0,5,0.4,-0.4,0,0,0,0,0,0,0,0,0
1068,dio_mcm_episode_0bpgwtp,dio_mcm_episode_0t4969n,1,3,0,0,0,0.0,1,0,9,0.1111111111111111,2,0,5,0.4,-0.4,0,0,0,0,0,0,0,0,0
1069,dio_mcm_episode_05upp98,dio_mcm_episode_0t4969n,1,3,0,0,0,0.0,1,0,9,0.1111111111111111,2,0,5,0.4,-0.4,0,0,0,0,0,0,0,0,0
1070,dio_mcm_episode_1ny5ha7,dio_mcm_episode_1x6pis8,1,3,0,0,0,0.0,1,0,5,0.2,2,0,4,0.5,-0.5,0,0,0,0,0,0,0,0,0
1071,dio_mcm_episode_0bsaqu1,dio_mcm_episode_1jq4txk,1,3,0,0,0,0.0,0,0,0,0.0,3,0,6,0.5,-0.5,0,0,0,0,0,0,0,0,0
1072,dio_mcm_episode_09etg5e,dio_mcm_episode_0t109kz,1,3,0,0,0,0.0,1,0,2,0.5,2,0,4,0.5,-0.5,0,0,0,0,0,0,0,0,0
1073,dio_mcm_episode_0t109kz,dio_mcm_episode_0tkt5yz,1,3,0,0,0,0.0,3,0,5,0.6,0,0,0,0.0,-0.6,0,0,0,0,0,0,0,0,0
1074,dio_mcm_episode_0lt7g1q,dio_mcm_episode_0tkt5yz,1,3,0,0,0,0.0,3,0,5,0.6,0,0,0,0.0,-0.6,0,0,0,0,0,0,0,0,0
1075,dio_mcm_episode_0uie72q,dio_mcm_episode_1qfzunm,1,3,0,0,0,0.0,1,0,2,0.5,2,0,3,0.6666666666666666,-0.6666666666666666,0,0,0,0,0,0,0,0,0
1076,dio_mcm_episode_0t109kz,dio_mcm_episode_1vjymvi,1,3,0,0,0,0.0,1,0,1,1.0,2,0,2,1.0,-1.0,0,0,0,0,0,0,0,0,0
1077,dio_mcm_episode_0q3iv1r,dio_mcm_episode_0rrms7j,1,3,0,0,0,0.0,2,0,3,0.6666666666666666,1,0,1,1.0,-1.0,0,0,0,0,0,0,0,0,0
1078,dio_mcm_episode_0lyvlac,dio_mcm_episode_1vjymvi,1,3,0,0,0,0.0,1,0,1,1.0,2,0,2,1.0,-1.0,0,0,0,0,0,0,0,0,0
1079,dio_mcm_episode_0jx9fyz,dio_mcm_episode_1ubfji8,1,3,0,0,0,0.0,0,0,1,0.0,3,0,3,1.0,-1.0,0,0,0,0,0,0,0,0,0
1080,dio_mcm_episode_0i72w4b,dio_mcm_episode_1vjymvi,1,3,0,0,1,0.0,1,0,3,0.3333333333333333,2,0,2,1.0,-1.0,0,0,0,0,0,1,0,0,0
1081,dio_mcm_episode_0333eoh,dio_mcm_episode_0w3jrws,1,3,0,0,0,0.0,2,0,2,1.0,1,0,2,0.5,-1.0,0,0,0,0,0,0,0,0,0
1082,dio_mcm_episode_0lje5cp,dio_mcm_episode_0tusrny,3,2,2,1,2,1.0,0,0,0,0.0,0,0,0,0.0,1.0,0,0,0,2,1,2,0,0,0
1083,dio_mcm_episode_06mzyi2,dio_mcm_episode_0lgktm5,3,2,1,0,1,1.0,1,0,2,0.5,0,0,1,0.0,0.5,1,0,1,0,0,0,0,0,0
1084,dio_mcm_episode_0sjyas0,dio_mcm_episode_1vjymvi,3,2,1,0,2,0.5,1,0,4,0.25,0,0,0,0.0,0.25,1,0,2,0,0,0,0,0,0
1085,dio_mcm_episode_06fse02,dio_mcm_episode_0fa830n,3,2,1,0,3,0.3333333333333333,1,0,5,0.2,0,0,2,0.0,0.1333333333333333,0,0,0,0,0,2,1,0,1
1086,dio_mcm_episode_16y1wct,dio_mcm_episode_177ycjt,3,2,1,1,1,1.0,1,0,1,1.0,0,0,0,0.0,0.0,1,1,1,0,0,0,0,0,0
1087,dio_mcm_episode_0lcbs8p,dio_mcm_episode_0lgktm5,3,2,1,0,1,1.0,1,1,1,1.0,0,0,0,0.0,0.0,0,0,0,1,0,1,0,0,0
1088,dio_mcm_episode_0i72w4b,dio_mcm_episode_0v4y2fb,3,2,1,1,1,1.0,1,0,1,1.0,0,0,0,0.0,0.0,0,0,0,1,1,1,0,0,0
1089,dio_mcm_episode_0fa830n,dio_mcm_episode_0lcbs8p,3,2,1,1,1,1.0,1,1,1,1.0,0,0,0,0.0,0.0,0,0,0,0,0,0,1,1,1
1090,dio_mcm_episode_06mzyi2,dio_mcm_episode_1pxk29d,3,2,1,0,1,1.0,1,1,1,1.0,0,0,0,0.0,0.0,0,0,0,1,0,1,0,0,0
1091,dio_mcm_episode_14wgkn2,dio_mcm_episode_15a14p0,3,2,0,0,7,0.0,0,0,62,0.0,2,1,84,0.023809523809523808,-0.023809523809523808,0,0,6,0,0,1,0,0,0
1092,dio_mcm_episode_0hv1uu1,dio_mcm_episode_1tvdhgs,3,2,0,0,0,0.0,1,0,19,0.05263157894736842,1,0,37,0.02702702702702703,-0.05263157894736842,0,0,0,0,0,0,0,0,0
1093,dio_mcm_episode_06mzyi2,dio_mcm_episode_0gslldm,3,2,0,0,5,0.0,1,0,16,0.0625,1,1,11,0.09090909090909091,-0.09090909090909091,0,0,1,0,0,4,0,0,0
1094,dio_mcm_episode_0hx21nm,dio_mcm_episode_0vklbgh,3,2,0,0,0,0.0,0,0,3,0.0,2,1,16,0.125,-0.125,0,0,0,0,0,0,0,0,0
1095,dio_mcm_episode_05dxhcl,dio_mcm_episode_0hx21nm,3,2,0,0,0,0.0,0,0,11,0.0,2,1,15,0.13333333333333333,-0.13333333333333333,0,0,0,0,0,0,0,0,0
1096,dio_mcm_episode_1ny5ha7,dio_mcm_episode_1qfzunm,3,2,0,0,9,0.0,0,0,22,0.0,2,1,11,0.18181818181818182,-0.18181818181818182,0,0,0,0,0,6,0,0,3
1097,dio_mcm_episode_0bd9lsr,dio_mcm_episode_0gslldm,3,2,0,0,0,0.0,1,0,5,0.2,1,1,11,0.09090909090909091,-0.2,0,0,0,0,0,0,0,0,0
1098,dio_mcm_episode_0t4969n,dio_mcm_episode_1n87ekd,3,2,0,0,0,0.0,2,1,9,0.2222222222222222,0,0,5,0.0,-0.2222222222222222,0,0,0,0,0,0,0,0,0
1099,dio_mcm_episode_14wgkn2,dio_mcm_episode_1x3r1y4,3,2,0,0,0,0.0,0,0,1,0.0,2,1,6,0.3333333333333333,-0.3333333333333333,0,0,0,0,0,0,0,0,0
1100,dio_mcm_episode_149dati,dio_mcm_episode_14wgkn2,3,2,0,0,1,0.0,2,1,6,0.3333333333333333,0,0,0,0.0,-0.3333333333333333,0,0,1,0,0,0,0,0,0
1101,dio_mcm_episode_0q3iv1r,dio_mcm_episode_1ny5ha7,3,2,0,0,0,0.0,1,0,5,0.2,1,0,3,0.3333333333333333,-0.3333333333333333,0,0,0,0,0,0,0,0,0
1102,dio_mcm_episode_0hdhhqh,dio_mcm_episode_0yce7uo,3,2,0,0,0,0.0,2,0,4,0.5,0,0,0,0.0,-0.5,0,0,0,0,0,0,0,0,0
1103,dio_mcm_episode_0fu1xau,dio_mcm_episode_1n87ekd,3,2,0,0,0,0.0,1,0,2,0.5,1,1,2,0.5,-0.5,0,0,0,0,0,0,0,0,0
1104,dio_mcm_episode_1vty8kh,dio_mcm_episode_1xf3yvv,3,2,0,0,0,0.0,0,0,0,0.0,2,1,2,1.0,-1.0,0,0,0,0,0,0,0,0,0
1105,dio_mcm_episode_1lufp3g,dio_mcm_episode_1vty8kh,3,2,0,0,0,0.0,0,0,0,0.0,2,1,2,1.0,-1.0,0,0,0,0,0,0,0,0,0
1106,dio_mcm_episode_1flwfgb,dio_mcm_episode_1n87ekd,3,2,0,0,0,0.0,1,0,1,1.0,1,1,2,0.5,-1.0,0,0,0,0,0,0,0,0,0
1107,dio_mcm_episode_0lj7ucr,dio_mcm_episode_0tusrny,3,2,0,0,0,0.0,2,1,2,1.0,0,0,0,0.0,-1.0,0,0,0,0,0,0,0,0,0
1108,dio_mcm_episode_0lgktm5,dio_mcm_episode_0uie72q,3,2,0,0,0,0.0,1,0,1,1.0,1,1,1,1.0,-1.0,0,0,0,0,0,0,0,0,0
1109,dio_mcm_episode_0lgktm5,dio_mcm_episode_0ueya1u,3,2,0,0,0,0.0,1,0,1,1.0,1,1,1,1.0,-1.0,0,0,0,0,0,0,0,0,0
1110,dio_mcm_episode_0lgktm5,dio_mcm_episode_0t109kz,3,2,0,0,0,0.0,1,1,1,1.0,1,0,1,1.0,-1.0,0,0,0,0,0,0,0,0,0
1111,dio_mcm_episode_0jjnvvv,dio_mcm_episode_0lgktm5,3,2,0,0,0,0.0,1,1,1,1.0,1,1,1,1.0,-1.0,0,0,0,0,0,0,0,0,0
1112,dio_mcm_episode_0i72w4b,dio_mcm_episode_0o8aklj,3,2,0,0,0,0.0,1,1,1,1.0,1,1,1,1.0,-1.0,0,0,0,0,0,0,0,0,0
1113,dio_mcm_episode_0i72w4b,dio_mcm_episode_0lyvlac,3,2,0,0,0,0.0,1,1,1,1.0,1,1,1,1.0,-1.0,0,0,0,0,0,0,0,0,0
1114,dio_mcm_episode_0fuuq8k,dio_mcm_episode_0i72w4b,3,2,0,0,0,0.0,1,1,1,1.0,1,1,1,1.0,-1.0,0,0,0,0,0,0,0,0,0
1115,dio_mcm_episode_0fa830n,dio_mcm_episode_171moy1,3,2,0,0,0,0.0,1,1,1,1.0,1,0,1,1.0,-1.0,0,0,0,0,0,0,0,0,0
1116,dio_mcm_episode_0fa830n,dio_mcm_episode_0ueya1u,3,2,0,0,0,0.0,1,0,1,1.0,1,1,1,1.0,-1.0,0,0,0,0,0,0,0,0,0
1117,dio_mcm_episode_0fa830n,dio_mcm_episode_0t109kz,3,2,0,0,0,0.0,1,0,1,1.0,1,1,1,1.0,-1.0,0,0,0,0,0,0,0,0,0
1118,dio_mcm_episode_0fa830n,dio_mcm_episode_0jjnvvv,3,2,0,0,0,0.0,1,0,1,1.0,1,1,1,1.0,-1.0,0,0,0,0,0,0,0,0,0
1119,dio_mcm_episode_0bd9lsr,dio_mcm_episode_1flwfgb,3,2,0,0,0,0.0,1,0,1,1.0,1,1,1,1.0,-1.0,0,0,0,0,0,0,0,0,0
1120,dio_mcm_episode_0asyqb4,dio_mcm_episode_1vjymvi,3,2,0,0,0,0.0,1,1,1,1.0,1,0,2,0.5,-1.0,0,0,0,0,0,0,0,0,0
1121,dio_mcm_episode_06wwep2,dio_mcm_episode_1vty8kh,3,2,0,0,0,0.0,0,0,0,0.0,2,2,2,1.0,-1.0,0,0,0,0,0,0,0,0,0
1122,dio_mcm_episode_06mzyi2,dio_mcm_episode_1n87ekd,3,2,0,0,0,0.0,1,1,1,1.0,1,1,1,1.0,-1.0,0,0,0,0,0,0,0,0,0
1123,dio_mcm_episode_06mzyi2,dio_mcm_episode_0t109kz,3,2,0,0,0,0.0,1,1,1,1.0,1,0,1,1.0,-1.0,0,0,0,0,0,0,0,0,0
1124,dio_mcm_episode_06mzyi2,dio_mcm_episode_0asyqb4,3,2,0,0,0,0.0,1,1,1,1.0,1,1,1,1.0,-1.0,0,0,0,0,0,0,0,0,0
1125,dio_mcm_episode_0333eoh,dio_mcm_episode_0i72w4b,3,2,0,0,0,0.0,1,1,1,1.0,1,0,1,1.0,-1.0,0,0,0,0,0,0,0,0,0
1126,dio_mcm_episode_02t3szi,dio_mcm_episode_0i72w4b,3,2,0,0,0,0.0,1,1,1,1.0,1,0,1,1.0,-1.0,0,0,0,0,0,0,0,0,0
1127,dio_mcm_episode_06mzyi2,dio_mcm_episode_0fa830n,2,2,1,0,1,1.0,1,0,2,0.5,0,0,1,0.0,0.5,0,0,0,1,0,1,0,0,0
1128,dio_mcm_episode_06fse02,dio_mcm_episode_1vjymvi,2,2,1,0,3,0.3333333333333333,1,0,8,0.125,0,0,4,0.0,0.20833333333333331,0,0,2,1,0,1,0,0,0
1129,dio_mcm_episode_08m65fb,dio_mcm_episode_0gslldm,2,2,1,0,15,0.06666666666666667,1,0,43,0.023255813953488372,0,0,22,0.0,0.043410852713178294,0,0,2,1,0,9,0,0,4
1130,dio_mcm_episode_17yc79r,dio_mcm_episode_1ohydo7,2,2,1,0,23,0.043478260869565216,1,0,105,0.009523809523809525,0,0,115,0.0,0.03395445134575569,0,0,15,1,0,8,0,0,0
1131,dio_mcm_episode_14oenqv,dio_mcm_episode_1ac9vkf,2,2,1,0,1,1.0,1,0,1,1.0,0,0,0,0.0,0.0,0,0,0,1,0,1,0,0,0
1132,dio_mcm_episode_0pzlboa,dio_mcm_episode_0wdjdlr,2,2,1,0,1,1.0,1,0,1,1.0,0,0,0,0.0,0.0,0,0,0,1,0,1,0,0,0
1133,dio_mcm_episode_0lgktm5,dio_mcm_episode_1otryhf,2,2,1,0,1,1.0,1,0,1,1.0,0,0,0,0.0,0.0,1,0,1,0,0,0,0,0,0
1134,dio_mcm_episode_0lcbs8p,dio_mcm_episode_1f1nrkg,2,2,1,0,11,0.09090909090909091,1,0,11,0.09090909090909091,0,0,0,0.0,0.0,0,0,0,0,0,6,1,0,5
1135,dio_mcm_episode_0fa830n,dio_mcm_episode_1otryhf,2,2,1,0,1,1.0,1,0,1,1.0,0,0,0,0.0,0.0,0,0,0,1,0,1,0,0,0
1136,dio_mcm_episode_08g1nk4,dio_mcm_episode_0hvxln3,2,2,1,0,1,1.0,1,0,1,1.0,0,0,0,0.0,0.0,1,0,1,0,0,0,0,0,0
1137,dio_mcm_episode_06mzyi2,dio_mcm_episode_0tkt5yz,2,2,1,0,5,0.2,1,0,5,0.2,0,0,0,0.0,0.0,0,0,2,1,0,3,0,0,0
1138,dio_mcm_episode_06mzyi2,dio_mcm_episode_0sjyas0,2,2,1,0,2,0.5,1,0,2,0.5,0,0,0,0.0,0.0,1,0,2,0,0,0,0,0,0
1139,dio_mcm_episode_06mzyi2,dio_mcm_episode_0lcbs8p,2,2,1,0,1,1.0,1,0,1,1.0,0,0,0,0.0,0.0,0,0,0,1,0,1,0,0,0
1140,dio_mcm_episode_05bno88,dio_mcm_episode_1eav7xq,2,2,1,0,2,0.5,1,0,2,0.5,0,0,0,0.0,0.0,0,0,0,0,0,1,1,0,1
1141,dio_mcm_episode_05bno88,dio_mcm_episode_0vcr3lw,2,2,1,0,2,0.5,1,0,2,0.5,0,0,0,0.0,0.0,0,0,0,0,0,1,1,0,1
1142,dio_mcm_episode_0z5d2qb,dio_mcm_episode_1vpfj3r,2,2,0,0,49,0.0,1,0,157,0.006369426751592357,1,0,117,0.008547008547008548,-0.008547008547008548,0,0,9,0,0,25,0,0,15
1143,dio_mcm_episode_0bpgwtp,dio_mcm_episode_1tvdhgs,2,2,0,0,0,0.0,1,0,19,0.05263157894736842,1,0,37,0.02702702702702703,-0.05263157894736842,0,0,0,0,0,0,0,0,0
1144,dio_mcm_episode_08hipkj,dio_mcm_episode_1tvdhgs,2,2,0,0,0,0.0,1,0,19,0.05263157894736842,1,0,38,0.02631578947368421,-0.05263157894736842,0,0,0,0,0,0,0,0,0
1145,dio_mcm_episode_0q3iv1r,dio_mcm_episode_1ohydo7,2,2,0,0,0,0.0,1,0,12,0.08333333333333333,1,0,29,0.034482758620689655,-0.08333333333333333,0,0,0,0,0,0,0,0,0
1146,dio_mcm_episode_0ilwqth,dio_mcm_episode_1wtjaze,2,2,0,0,0,0.0,1,0,12,0.08333333333333333,1,0,20,0.05,-0.08333333333333333,0,0,0,0,0,0,0,0,0
1147,dio_mcm_episode_0gk1zl7,dio_mcm_episode_1f1nrkg,2,2,0,0,11,0.0,1,0,23,0.043478260869565216,1,0,11,0.09090909090909091,-0.09090909090909091,0,0,5,0,0,6,0,0,0
1148,dio_mcm_episode_05dxhcl,dio_mcm_episode_1gzkzf9,2,2,0,0,0,0.0,1,0,11,0.09090909090909091,1,0,15,0.06666666666666667,-0.09090909090909091,0,0,0,0,0,0,0,0,0
1149,dio_mcm_episode_0ilwqth,dio_mcm_episode_1e3smq7,2,2,0,0,4,0.0,2,0,19,0.10526315789473684,0,0,21,0.0,-0.10526315789473684,0,0,0,0,0,3,0,0,1
1150,dio_mcm_episode_0hdhhqh,dio_mcm_episode_17yc79r,2,2,0,0,0,0.0,1,0,8,0.125,1,0,16,0.0625,-0.125,0,0,0,0,0,0,0,0,0
1151,dio_mcm_episode_05dxhcl,dio_mcm_episode_0h2l72l,2,2,0,0,0,0.0,0,0,11,0.0,2,0,15,0.13333333333333333,-0.13333333333333333,0,0,0,0,0,0,0,0,0
1152,dio_mcm_episode_05dxhcl,dio_mcm_episode_076w0e1,2,2,0,0,0,0.0,0,0,11,0.0,2,0,15,0.13333333333333333,-0.13333333333333333,0,0,0,0,0,0,0,0,0
1153,dio_mcm_episode_1ugezq6,dio_mcm_episode_1ui10f9,2,2,0,0,0,0.0,1,0,6,0.16666666666666666,1,0,7,0.14285714285714285,-0.16666666666666666,0,0,0,0,0,0,0,0,0
1154,dio_mcm_episode_1qpzgcl,dio_mcm_episode_1wjjpaf,2,2,0,0,0,0.0,1,0,6,0.16666666666666666,1,0,21,0.047619047619047616,-0.16666666666666666,0,0,0,0,0,0,0,0,0
1155,dio_mcm_episode_0mx1107,dio_mcm_episode_0yvdh1c,2,2,0,0,0,0.0,0,0,8,0.0,2,0,10,0.2,-0.2,0,0,0,0,0,0,0,0,0
1156,dio_mcm_episode_0hchn9l,dio_mcm_episode_1gzkzf9,2,2,0,0,0,0.0,1,0,5,0.2,1,0,5,0.2,-0.2,0,0,0,0,0,0,0,0,0
1157,dio_mcm_episode_0hdhhqh,dio_mcm_episode_0yvdh1c,2,2,0,0,0,0.0,0,0,0,0.0,2,0,8,0.25,-0.25,0,0,0,0,0,0,0,0,0
1158,dio_mcm_episode_0fu1xau,dio_mcm_episode_1vjymvi,2,2,0,0,2,0.0,1,0,6,0.16666666666666666,1,0,4,0.25,-0.25,0,0,2,0,0,0,0,0,0
1159,dio_mcm_episode_09etg5e,dio_mcm_episode_1vty8kh,2,2,0,0,0,0.0,1,0,4,0.25,1,0,8,0.125,-0.25,0,0,0,0,0,0,0,0,0
1160,dio_mcm_episode_14wgkn2,dio_mcm_episode_1ui10f9,2,2,0,0,0,0.0,0,0,1,0.0,2,0,6,0.3333333333333333,-0.3333333333333333,0,0,0,0,0,0,0,0,0
1161,dio_mcm_episode_14obi8w,dio_mcm_episode_158apmu,2,2,0,0,0,0.0,1,0,3,0.3333333333333333,1,0,2,0.5,-0.5,0,0,0,0,0,0,0,0,0
1162,dio_mcm_episode_0w3jrws,dio_mcm_episode_17ybb3q,2,2,0,0,0,0.0,1,0,2,0.5,1,0,2,0.5,-0.5,0,0,0,0,0,0,0,0,0
1163,dio_mcm_episode_0rrms7j,dio_mcm_episode_15iabbt,2,2,0,0,2,0.0,1,0,7,0.14285714285714285,1,0,2,0.5,-0.5,0,0,1,0,0,1,0,0,0
1164,dio_mcm_episode_0ibx54i,dio_mcm_episode_15iabbt,2,2,0,0,1,0.0,1,0,3,0.3333333333333333,1,0,2,0.5,-0.5,0,0,0,0,0,1,0,0,0
1165,dio_mcm_episode_0bli7nu,dio_mcm_episode_1flwfgb,2,2,0,0,1,0.0,0,0,4,0.0,2,0,4,0.5,-0.5,0,0,0,0,0,1,0,0,0
1166,dio_mcm_episode_0asyqb4,dio_mcm_episode_0fu1xau,2,2,0,0,0,0.0,1,0,2,0.5,1,0,2,0.5,-0.5,0,0,0,0,0,0,0,0,0
1167,dio_mcm_episode_08m65fb,dio_mcm_episode_1gzkzf9,2,2,0,0,0,0.0,1,0,3,0.3333333333333333,1,0,2,0.5,-0.5,0,0,0,0,0,0,0,0,0
1168,dio_mcm_episode_06fse02,dio_mcm_episode_0bpgwtp,2,2,0,0,0,0.0,1,0,3,0.3333333333333333,1,0,2,0.5,-0.5,0,0,0,0,0,0,0,0,0
1169,dio_mcm_episode_05ziutl,dio_mcm_episode_09etg5e,2,2,0,0,0,0.0,1,0,2,0.5,1,0,4,0.25,-0.5,0,0,0,0,0,0,0,0,0
1170,dio_mcm_episode_0333eoh,dio_mcm_episode_0l0x9lk,2,2,0,0,0,0.0,1,0,2,0.5,1,0,3,0.3333333333333333,-0.5,0,0,0,0,0,0,0,0,0
1171,dio_mcm_episode_021zt73,dio_mcm_episode_0fu1xau,2,2,0,0,0,0.0,1,0,2,0.5,1,0,2,0.5,-0.5,0,0,0,0,0,0,0,0,0
1172,dio_mcm_episode_015suys,dio_mcm_episode_08m65fb,2,2,0,0,0,0.0,1,0,3,0.3333333333333333,1,0,2,0.5,-0.5,0,0,0,0,0,0,0,0,0
1173,dio_mcm_episode_1eds8f6,dio_mcm_episode_1no5vl8,2,2,0,0,0,0.0,0,0,1,0.0,2,0,3,0.6666666666666666,-0.6666666666666666,0,0,0,0,0,0,0,0,0
1174,dio_mcm_episode_1e3smq7,dio_mcm_episode_1eds8f6,2,2,0,0,0,0.0,0,0,1,0.0,2,0,3,0.6666666666666666,-0.6666666666666666,0,0,0,0,0,0,0,0,0
1175,dio_mcm_episode_0jx9fyz,dio_mcm_episode_0vcr3lw,2,2,0,0,1,0.0,2,0,3,0.6666666666666666,0,0,0,0.0,-0.6666666666666666,0,0,0,0,0,1,0,0,0
1176,dio_mcm_episode_0bsaqu1,dio_mcm_episode_1eav7xq,2,2,0,0,0,0.0,2,0,3,0.6666666666666666,0,0,0,0.0,-0.6666666666666666,0,0,0,0,0,0,0,0,0
1177,dio_mcm_episode_0bsaqu1,dio_mcm_episode_0vcr3lw,2,2,0,0,0,0.0,2,0,3,0.6666666666666666,0,0,0,0.0,-0.6666666666666666,0,0,0,0,0,0,0,0,0
1178,dio_mcm_episode_1pxk29d,dio_mcm_episode_1vty8kh,2,2,0,0,0,0.0,2,0,2,1.0,0,0,0,0.0,-1.0,0,0,0,0,0,0,0,0,0
1179,dio_mcm_episode_1m4fasf,dio_mcm_episode_1vty8kh,2,2,0,0,0,0.0,0,0,0,0.0,2,0,2,1.0,-1.0,0,0,0,0,0,0,0,0,0
1180,dio_mcm_episode_14obi8w,dio_mcm_episode_1e3smq7,2,2,0,0,0,0.0,1,0,1,1.0,1,0,2,0.5,-1.0,0,0,0,0,0,0,0,0,0
1181,dio_mcm_episode_14obi8w,dio_mcm_episode_14oenqv,2,2,0,0,0,0.0,2,0,2,1.0,0,0,1,0.0,-1.0,0,0,0,0,0,0,0,0,0
1182,dio_mcm_episode_14ef21w,dio_mcm_episode_15iabbt,2,2,0,0,0,0.0,1,0,1,1.0,1,0,1,1.0,-1.0,0,0,0,0,0,0,0,0,0
1183,dio_mcm_episode_13wf48a,dio_mcm_episode_1eds8f6,2,2,0,0,0,0.0,0,0,0,0.0,2,0,2,1.0,-1.0,0,0,0,0,0,0,0,0,0
1184,dio_mcm_episode_13wf48a,dio_mcm_episode_14o2zn6,2,2,0,0,0,0.0,0,0,0,0.0,2,0,2,1.0,-1.0,0,0,0,0,0,0,0,0,0
1185,dio_mcm_episode_0pzlboa,dio_mcm_episode_1w9crd1,2,2,0,0,0,0.0,1,0,1,1.0,1,0,1,1.0,-1.0,0,0,0,0,0,0,0,0,0
1186,dio_mcm_episode_0ob26z1,dio_mcm_episode_1dtt118,2,2,0,0,0,0.0,1,0,1,1.0,1,0,1,1.0,-1.0,0,0,0,0,0,0,0,0,0
1187,dio_mcm_episode_0lgktm5,dio_mcm_episode_1n87ekd,2,2,0,0,0,0.0,1,0,1,1.0,1,0,1,1.0,-1.0,0,0,0,0,0,0,0,0,0
1188,dio_mcm_episode_0i72w4b,dio_mcm_episode_1m4fasf,2,2,0,0,0,0.0,1,0,1,1.0,1,0,1,1.0,-1.0,0,0,0,0,0,0,0,0,0
1189,dio_mcm_episode_0fa830n,dio_mcm_episode_0uie72q,2,2,0,0,0,0.0,1,0,1,1.0,1,0,1,1.0,-1.0,0,0,0,0,0,0,0,0,0
1190,dio_mcm_episode_0asyqb4,dio_mcm_episode_1flwfgb,2,2,0,0,0,0.0,1,0,1,1.0,1,0,2,0.5,-1.0,0,0,0,0,0,0,0,0,0
1191,dio_mcm_episode_0asyqb4,dio_mcm_episode_0lgktm5,2,2,0,0,0,0.0,1,0,1,1.0,1,0,1,1.0,-1.0,0,0,0,0,0,0,0,0,0
1192,dio_mcm_episode_09etg5e,dio_mcm_episode_0o8aklj,2,2,0,0,0,0.0,2,0,2,1.0,0,0,3,0.0,-1.0,0,0,0,0,0,0,0,0,0
1193,dio_mcm_episode_08hipkj,dio_mcm_episode_1vjymvi,2,2,0,0,0,0.0,1,0,1,1.0,1,0,2,0.5,-1.0,0,0,0,0,0,0,0,0,0
1194,dio_mcm_episode_08hipkj,dio_mcm_episode_1flwfgb,2,2,0,0,0,0.0,1,0,1,1.0,1,0,2,0.5,-1.0,0,0,0,0,0,0,0,0,0
1195,dio_mcm_episode_08hipkj,dio_mcm_episode_0bli7nu,2,2,0,0,0,0.0,1,0,1,1.0,1,0,2,0.5,-1.0,0,0,0,0,0,0,0,0,0
1196,dio_mcm_episode_078b3aq,dio_mcm_episode_1xf3yvv,2,2,0,0,0,0.0,2,0,2,1.0,0,0,1,0.0,-1.0,0,0,0,0,0,0,0,0,0
1197,dio_mcm_episode_076w0e1,dio_mcm_episode_1vjymvi,2,2,0,0,0,0.0,1,0,1,1.0,1,0,2,0.5,-1.0,0,0,0,0,0,0,0,0,0
1198,dio_mcm_episode_06mzyi2,dio_mcm_episode_1m4fasf,2,2,0,0,0,0.0,1,0,1,1.0,1,0,1,1.0,-1.0,0,0,0,0,0,0,0,0,0
1199,dio_mcm_episode_06mzyi2,dio_mcm_episode_1lufp3g,2,2,0,0,0,0.0,1,0,1,1.0,1,0,1,1.0,-1.0,0,0,0,0,0,0,0,0,0
1200,dio_mcm_episode_06mzyi2,dio_mcm_episode_06wwep2,2,2,0,0,0,0.0,1,0,1,1.0,1,0,1,1.0,-1.0,0,0,0,0,0,0,0,0,0
1201,dio_mcm_episode_05ziutl,dio_mcm_episode_1vty8kh,2,2,0,0,0,0.0,0,0,0,0.0,2,0,2,1.0,-1.0,0,0,0,0,0,0,0,0,0
1202,dio_mcm_episode_05ziutl,dio_mcm_episode_06mzyi2,2,2,0,0,0,0.0,1,0,1,1.0,1,0,1,1.0,-1.0,0,0,0,0,0,0,0,0,0
1203,dio_mcm_episode_021zt73,dio_mcm_episode_0fa830n,2,2,0,0,0,0.0,1,0,1,1.0,1,0,1,1.0,-1.0,0,0,0,0,0,0,0,0,0
1204,dio_mcm_episode_02035dk,dio_mcm_episode_0i72w4b,2,2,0,0,0,0.0,1,0,1,1.0,1,0,1,1.0,-1.0,0,0,0,0,0,0,0,0,0
1205,dio_mcm_episode_015suys,dio_mcm_episode_1i3ov0z,2,2,0,0,0,0.0,0,0,0,0.0,2,0,2,1.0,-1.0,0,0,0,0,0,0,0,0,0
1206,dio_mcm_episode_0lgktm5,dio_mcm_episode_1vjymvi,1,2,1,0,1,1.0,1,0,3,0.3333333333333333,0,0,2,0.0,0.6666666666666667,1,0,1,0,0,0,0,0,0
1207,dio_mcm_episode_0rrms7j,dio_mcm_episode_1r0aq59,1,2,2,0,3,0.6666666666666666,0,0,1,0.0,0,0,0,0.0,0.6666666666666666,1,0,2,1,0,1,0,0,0
1208,dio_mcm_episode_0lje5cp,dio_mcm_episode_0rrms7j,1,2,2,0,3,0.6666666666666666,0,0,1,0.0,0,0,0,0.0,0.6666666666666666,1,0,2,1,0,1,0,0,0
1209,dio_mcm_episode_14za7lv,dio_mcm_episode_1vjymvi,1,2,1,0,1,1.0,1,0,2,0.5,0,0,0,0.0,0.5,1,0,1,0,0,0,0,0,0
1210,dio_mcm_episode_0mx1107,dio_mcm_episode_16abfly,1,2,2,0,4,0.5,0,0,5,0.0,0,0,0,0.0,0.5,0,0,0,2,0,4,0,0,0
1211,dio_mcm_episode_0bli7nu,dio_mcm_episode_0vcr3lw,1,2,1,0,1,1.0,1,0,2,0.5,0,0,0,0.0,0.5,0,0,0,0,0,0,1,0,1
1212,dio_mcm_episode_06mzyi2,dio_mcm_episode_0w3jrws,1,2,1,0,2,0.5,1,0,4,0.25,0,0,2,0.0,0.25,1,0,1,0,0,1,0,0,0
1213,dio_mcm_episode_0t4969n,dio_mcm_episode_0wdjdlr,1,2,2,0,9,0.2222222222222222,0,0,5,0.0,0,0,0,0.0,0.2222222222222222,0,0,0,1,0,6,1,0,3
1214,dio_mcm_episode_05dxhcl,dio_mcm_episode_0vcr3lw,1,2,2,0,10,0.2,0,0,15,0.0,0,0,0,0.0,0.2,0,0,0,1,0,6,1,0,4
1215,dio_mcm_episode_08g1nk4,dio_mcm_episode_1f1nrkg,1,2,2,0,12,0.16666666666666666,0,0,11,0.0,0,0,0,0.0,0.16666666666666666,1,0,6,1,0,6,0,0,0
1216,dio_mcm_episode_0ilwqth,dio_mcm_episode_0lje5cp,1,2,1,0,4,0.25,1,0,7,0.14285714285714285,0,0,0,0.0,0.10714285714285715,1,0,3,0,0,1,0,0,0
1217,dio_mcm_episode_15iabbt,dio_mcm_episode_1o7gsvl,1,2,1,0,8,0.125,1,0,32,0.03125,0,0,31,0.0,0.09375,0,0,5,1,0,3,0,0,0
1218,dio_mcm_episode_14y2lc5,dio_mcm_episode_16abfly,1,2,1,0,6,0.16666666666666666,1,0,12,0.08333333333333333,0,0,0,0.0,0.08333333333333333,0,0,0,1,0,4,0,0,2
1219,dio_mcm_episode_0tusrny,dio_mcm_episode_0w3jrws,1,2,1,0,3,0.3333333333333333,1,0,4,0.25,0,0,0,0.0,0.08333333333333331,0,0,0,1,0,2,0,0,1
1220,dio_mcm_episode_0l909ce,dio_mcm_episode_1e3smq7,1,2,1,0,11,0.09090909090909091,1,0,56,0.017857142857142856,0,0,60,0.0,0.07305194805194806,0,0,0,1,0,6,0,0,5
1221,dio_mcm_episode_0ff8lrz,dio_mcm_episode_17yc79r,1,2,1,0,11,0.09090909090909091,1,0,47,0.02127659574468085,0,0,47,0.0,0.06963249516441006,0,0,5,1,0,6,0,0,0
1222,dio_mcm_episode_0ob26z1,dio_mcm_episode_1ohydo7,1,2,1,0,11,0.09090909090909091,1,0,40,0.025,0,0,28,0.0,0.06590909090909092,1,0,7,0,0,4,0,0,0
1223,dio_mcm_episode_0mx1107,dio_mcm_episode_16y1wct,1,2,1,0,4,0.25,1,0,5,0.2,0,0,0,0.0,0.04999999999999999,1,0,4,0,0,0,0,0,0
1224,dio_mcm_episode_0tusrny,dio_mcm_episode_1orxzd6,1,2,1,0,13,0.07692307692307693,1,0,32,0.03125,0,0,0,0.0,0.04567307692307693,0,0,0,1,0,6,0,0,7
1225,dio_mcm_episode_0l0x9lk,dio_mcm_episode_0tkt5yz,1,2,1,0,9,0.1111111111111111,1,0,15,0.06666666666666667,0,0,0,0.0,0.04444444444444444,0,0,0,0,0,4,1,0,5
1226,dio_mcm_episode_0bli7nu,dio_mcm_episode_0satl98,1,2,1,0,16,0.0625,1,0,46,0.021739130434782608,0,0,25,0.0,0.04076086956521739,0,0,0,0,0,11,1,0,5
1227,dio_mcm_episode_0gk1zl7,dio_mcm_episode_1tvdhgs,1,2,1,0,18,0.05555555555555555,0,0,56,0.0,1,0,37,0.02702702702702703,0.028528528528528524,0,0,11,1,0,7,0,0,0
1228,dio_mcm_episode_04appcg,dio_mcm_episode_1ohydo7,1,2,1,0,45,0.022222222222222223,1,0,194,0.005154639175257732,0,0,197,0.0,0.017067583046964492,0,0,21,1,0,20,0,0,4
1229,dio_mcm_episode_0l909ce,dio_mcm_episode_19nvu4o,1,2,1,0,24,0.041666666666666664,1,0,40,0.025,0,0,0,0.0,0.016666666666666663,0,0,6,1,0,12,0,0,6
1230,dio_mcm_episode_0fu1xau,dio_mcm_episode_1x557o1,1,2,1,0,51,0.0196078431372549,1,0,158,0.006329113924050633,0,0,105,0.0,0.01327872921320427,0,0,27,1,0,24,0,0,0
1231,dio_mcm_episode_1o7yrz8,dio_mcm_episode_1xdd59l,1,2,1,0,66,0.015151515151515152,1,0,135,0.007407407407407408,0,0,66,0.0,0.007744107744107744,0,0,15,1,0,34,0,0,17
1232,dio_mcm_episode_0pzlboa,dio_mcm_episode_17u1915,1,2,1,0,1,1.0,1,0,1,1.0,0,0,0,0.0,0.0,1,0,1,0,0,0,0,0,0
1233,dio_mcm_episode_0lgktm5,dio_mcm_episode_1r0aq59,1,2,1,0,1,1.0,1,0,1,1.0,0,0,0,0.0,0.0,1,0,1,0,0,0,0,0,0
1234,dio_mcm_episode_0hvxln3,dio_mcm_episode_0vcr3lw,1,2,1,0,1,1.0,1,0,1,1.0,0,0,0,0.0,0.0,0,0,0,1,0,1,0,0,0
1235,dio_mcm_episode_0fa830n,dio_mcm_episode_1r0aq59,1,2,1,0,1,1.0,1,0,1,1.0,0,0,0,0.0,0.0,0,0,0,1,0,1,0,0,0
1236,dio_mcm_episode_06fse02,dio_mcm_episode_08g1nk4,1,2,1,0,2,0.5,1,0,2,0.5,0,0,0,0.0,0.0,1,0,1,0,0,1,0,0,0
1237,dio_mcm_episode_05bno88,dio_mcm_episode_0sjyas0,1,2,1,0,4,0.25,1,0,4,0.25,0,0,0,0.0,0.0,1,0,2,0,0,2,0,0,0
1238,dio_mcm_episode_0hchn9l,dio_mcm_episode_1tvdhgs,1,2,0,0,89,0.0,1,0,276,0.0036231884057971015,1,0,184,0.005434782608695652,-0.005434782608695652,0,0,42,0,0,40,0,0,7
1239,dio_mcm_episode_040q3nh,dio_mcm_episode_0z5d2qb,1,2,0,0,111,0.0,2,0,282,0.0070921985815602835,0,0,165,0.0,-0.0070921985815602835,0,0,24,0,0,57,0,0,30
1240,dio_mcm_episode_02cpbzo,dio_mcm_episode_1nxni6k,1,2,0,0,51,0.0,0,0,241,0.0,2,0,272,0.007352941176470588,-0.007352941176470588,0,0,17,0,0,26,0,0,8
1241,dio_mcm_episode_040q3nh,dio_mcm_episode_15a14p0,1,2,0,0,95,0.0,2,0,261,0.007662835249042145,0,0,162,0.0,-0.007662835249042145,0,0,41,0,0,48,0,0,6
1242,dio_mcm_episode_04appcg,dio_mcm_episode_0ff8lrz,1,2,0,0,23,0.0,1,0,89,0.011235955056179775,1,0,83,0.012048192771084338,-0.012048192771084338,0,0,8,0,0,12,0,0,3
1243,dio_mcm_episode_0bli7nu,dio_mcm_episode_1qlxgj7,1,2,0,0,19,0.0,1,0,70,0.014285714285714285,1,0,61,0.01639344262295082,-0.01639344262295082,0,0,0,0,0,12,0,0,7
1244,dio_mcm_episode_0rrms7j,dio_mcm_episode_1nxni6k,1,2,0,0,53,0.0,1,0,159,0.006289308176100629,1,0,47,0.02127659574468085,-0.02127659574468085,0,0,17,0,0,27,0,0,9
1245,dio_mcm_episode_14wgkn2,dio_mcm_episode_1orxzd6,1,2,0,0,6,0.0,0,0,55,0.0,2,0,90,0.022222222222222223,-0.022222222222222223,0,0,2,0,0,4,0,0,0
1246,dio_mcm_episode_0pzlboa,dio_mcm_episode_1x557o1,1,2,0,0,26,0.0,2,0,80,0.025,0,0,53,0.0,-0.025,0,0,14,0,0,12,0,0,0
1247,dio_mcm_episode_0gk1zl7,dio_mcm_episode_1x557o1,1,2,0,0,26,0.0,2,0,80,0.025,0,0,53,0.0,-0.025,0,0,14,0,0,12,0,0,0
1248,dio_mcm_episode_05dxhcl,dio_mcm_episode_0hchn9l,1,2,0,0,52,0.0,0,0,130,0.0,2,0,75,0.02666666666666667,-0.02666666666666667,0,0,21,0,0,26,0,0,5
1249,dio_mcm_episode_0vorwpi,dio_mcm_episode_1f1nrkg,1,2,0,0,0,0.0,2,0,72,0.027777777777777776,0,0,60,0.0,-0.027777777777777776,0,0,0,0,0,0,0,0,0
1250,dio_mcm_episode_02cpbzo,dio_mcm_episode_1o7yrz8,1,2,0,0,18,0.0,1,0,54,0.018518518518518517,1,0,36,0.027777777777777776,-0.027777777777777776,0,0,6,0,0,9,0,0,3
1251,dio_mcm_episode_05dxhcl,dio_mcm_episode_0bsaqu1,1,2,0,0,0,0.0,1,0,33,0.030303030303030304,1,0,42,0.023809523809523808,-0.030303030303030304,0,0,0,0,0,0,0,0,0
1252,dio_mcm_episode_0tusrny,dio_mcm_episode_1ohydo7,1,2,0,0,23,0.0,2,0,58,0.034482758620689655,0,0,0,0.0,-0.034482758620689655,0,0,0,0,0,16,0,0,7
1253,dio_mcm_episode_0h2l72l,dio_mcm_episode_1x557o1,1,2,0,0,0,0.0,0,0,27,0.0,2,0,53,0.03773584905660377,-0.03773584905660377,0,0,0,0,0,0,0,0,0
1254,dio_mcm_episode_1o7n3vj,dio_mcm_episode_1x6pis8,1,2,0,0,0,0.0,1,0,24,0.041666666666666664,1,0,39,0.02564102564102564,-0.041666666666666664,0,0,0,0,0,0,0,0,0
1255,dio_mcm_episode_1x3djkm,dio_mcm_episode_1x6pis8,1,2,0,0,0,0.0,1,0,23,0.043478260869565216,1,0,44,0.022727272727272728,-0.043478260869565216,0,0,0,0,0,0,0,0,0
1256,dio_mcm_episode_16abfly,dio_mcm_episode_1x3djkm,1,2,0,0,22,0.0,2,0,45,0.044444444444444446,0,0,0,0.0,-0.044444444444444446,0,0,0,0,0,12,0,0,10
1257,dio_mcm_episode_14obi8w,dio_mcm_episode_1x3djkm,1,2,0,0,0,0.0,0,0,23,0.0,2,0,45,0.044444444444444446,-0.044444444444444446,0,0,0,0,0,0,0,0,0
1258,dio_mcm_episode_1eds8f6,dio_mcm_episode_1x3djkm,1,2,0,0,0,0.0,0,0,23,0.0,2,0,44,0.045454545454545456,-0.045454545454545456,0,0,0,0,0,0,0,0,0
1259,dio_mcm_episode_02cpbzo,dio_mcm_episode_1ugezq6,1,2,0,0,18,0.0,0,0,57,0.0,2,0,41,0.04878048780487805,-0.04878048780487805,0,0,6,0,0,9,0,0,3
1260,dio_mcm_episode_1ac9vkf,dio_mcm_episode_1ny5ha7,1,2,1,0,5,0.2,1,0,4,0.25,0,0,0,0.0,-0.04999999999999999,1,0,3,0,0,2,0,0,0
1261,dio_mcm_episode_0bli7nu,dio_mcm_episode_1rj8742,1,2,0,0,3,0.0,1,0,18,0.05555555555555555,1,0,23,0.043478260869565216,-0.05555555555555555,0,0,0,0,0,1,0,0,2
1262,dio_mcm_episode_14wgkn2,dio_mcm_episode_1ny5ha7,1,2,0,0,5,0.0,2,0,34,0.058823529411764705,0,0,24,0.0,-0.058823529411764705,0,0,3,0,0,2,0,0,0
1263,dio_mcm_episode_0gslldm,dio_mcm_episode_0l0x9lk,1,2,0,0,9,0.0,0,0,37,0.0,2,0,33,0.06060606060606061,-0.06060606060606061,0,0,0,0,0,2,0,0,7
1264,dio_mcm_episode_0lje5cp,dio_mcm_episode_1ohydo7,1,2,0,0,12,0.0,2,0,29,0.06896551724137931,0,0,0,0.0,-0.06896551724137931,0,0,8,0,0,4,0,0,0
1265,dio_mcm_episode_1f1nrkg,dio_mcm_episode_1vty8kh,1,2,0,0,0,0.0,2,0,24,0.08333333333333333,0,0,21,0.0,-0.08333333333333333,0,0,0,0,0,0,0,0,0
1266,dio_mcm_episode_1f1nrkg,dio_mcm_episode_1i3ov0z,1,2,0,0,0,0.0,2,0,24,0.08333333333333333,0,0,22,0.0,-0.08333333333333333,0,0,0,0,0,0,0,0,0
1267,dio_mcm_episode_1qfzunm,dio_mcm_episode_1w9k3lg,1,2,0,0,8,0.0,2,0,22,0.09090909090909091,0,0,15,0.0,-0.09090909090909091,0,0,0,0,0,6,0,0,2
1268,dio_mcm_episode_1e3smq7,dio_mcm_episode_1vpfj3r,1,2,0,0,4,0.0,2,0,22,0.09090909090909091,0,0,23,0.0,-0.09090909090909091,0,0,0,0,0,2,0,0,2
1269,dio_mcm_episode_0hx21nm,dio_mcm_episode_1f1nrkg,1,2,0,0,0,0.0,1,0,12,0.08333333333333333,1,0,11,0.09090909090909091,-0.09090909090909091,0,0,0,0,0,0,0,0,0
1270,dio_mcm_episode_0gslldm,dio_mcm_episode_0w3jrws,1,2,0,0,10,0.0,0,0,32,0.0,2,0,22,0.09090909090909091,-0.09090909090909091,0,0,1,0,0,5,0,0,4
1271,dio_mcm_episode_0lje5cp,dio_mcm_episode_1wjjpaf,1,2,0,0,5,0.0,2,0,21,0.09523809523809523,0,0,0,0.0,-0.09523809523809523,0,0,2,0,0,3,0,0,0
1272,dio_mcm_episode_0o8aklj,dio_mcm_episode_1f1nrkg,1,2,0,0,0,0.0,1,0,12,0.08333333333333333,1,0,10,0.1,-0.1,0,0,0,0,0,0,0,0,0
1273,dio_mcm_episode_0l909ce,dio_mcm_episode_1dtt118,1,2,0,0,0,0.0,0,0,12,0.0,2,0,20,0.1,-0.1,0,0,0,0,0,0,0,0,0
1274,dio_mcm_episode_078b3aq,dio_mcm_episode_0t4969n,1,2,0,0,17,0.0,2,0,19,0.10526315789473684,0,0,5,0.0,-0.10526315789473684,0,0,11,0,0,6,0,0,0
1275,dio_mcm_episode_0qxnz4m,dio_mcm_episode_14oenqv,1,2,0,0,11,0.0,2,0,18,0.1111111111111111,0,0,6,0.0,-0.1111111111111111,0,0,2,0,0,6,0,0,3
1276,dio_mcm_episode_1o7gsvl,dio_mcm_episode_1x6pis8,1,2,0,0,0,0.0,0,0,8,0.0,2,0,15,0.13333333333333333,-0.13333333333333333,0,0,0,0,0,0,0,0,0
1277,dio_mcm_episode_05dxhcl,dio_mcm_episode_17ybb3q,1,2,0,0,0,0.0,0,0,11,0.0,2,0,15,0.13333333333333333,-0.13333333333333333,0,0,0,0,0,0,0,0,0
1278,dio_mcm_episode_0bli7nu,dio_mcm_episode_0l0x9lk,1,2,0,0,2,0.0,1,0,7,0.14285714285714285,1,0,6,0.16666666666666666,-0.16666666666666666,0,0,0,0,0,0,0,0,2
1279,dio_mcm_episode_07iaozp,dio_mcm_episode_1ciibe9,1,2,0,0,0,0.0,1,0,7,0.14285714285714285,1,0,6,0.16666666666666666,-0.16666666666666666,0,0,0,0,0,0,0,0,0
1280,dio_mcm_episode_07iaozp,dio_mcm_episode_0t109kz,1,2,0,0,0,0.0,1,0,7,0.14285714285714285,1,0,6,0.16666666666666666,-0.16666666666666666,0,0,0,0,0,0,0,0,0
1281,dio_mcm_episode_07iaozp,dio_mcm_episode_0fuuq8k,1,2,0,0,0,0.0,1,0,7,0.14285714285714285,1,0,6,0.16666666666666666,-0.16666666666666666,0,0,0,0,0,0,0,0,0
1282,dio_mcm_episode_08g1nk4,dio_mcm_episode_0gslldm,1,2,0,0,5,0.0,2,0,11,0.18181818181818182,0,0,0,0.0,-0.18181818181818182,0,0,1,0,0,4,0,0,0
1283,dio_mcm_episode_0hv1uu1,dio_mcm_episode_0t4969n,1,2,0,0,0,0.0,1,0,9,0.1111111111111111,1,0,5,0.2,-0.2,0,0,0,0,0,0,0,0,0
1284,dio_mcm_episode_0hchn9l,dio_mcm_episode_171moy1,1,2,0,0,0,0.0,1,0,5,0.2,1,0,5,0.2,-0.2,0,0,0,0,0,0,0,0,0
1285,dio_mcm_episode_0hchn9l,dio_mcm_episode_0i72w4b,1,2,0,0,5,0.0,2,0,10,0.2,0,0,5,0.0,-0.2,0,0,0,0,0,4,0,0,1
1286,dio_mcm_episode_0hchn9l,dio_mcm_episode_0hx21nm,1,2,0,0,0,0.0,1,0,5,0.2,1,0,5,0.2,-0.2,0,0,0,0,0,0,0,0,0
1287,dio_mcm_episode_015suys,dio_mcm_episode_0t4969n,1,2,0,0,0,0.0,1,0,9,0.1111111111111111,1,0,5,0.2,-0.2,0,0,0,0,0,0,0,0,0
1288,dio_mcm_episode_0t4969n,dio_mcm_episode_17ybb3q,1,2,0,0,0,0.0,2,0,9,0.2222222222222222,0,0,4,0.0,-0.2222222222222222,0,0,0,0,0,0,0,0,0
1289,dio_mcm_episode_0t109kz,dio_mcm_episode_0t4969n,1,2,0,0,0,0.0,2,0,9,0.2222222222222222,0,0,5,0.0,-0.2222222222222222,0,0,0,0,0,0,0,0,0
1290,dio_mcm_episode_0pjt45q,dio_mcm_episode_1ny5ha7,1,2,0,0,5,0.0,2,0,9,0.2222222222222222,0,0,3,0.0,-0.2222222222222222,0,0,3,0,0,2,0,0,0
1291,dio_mcm_episode_0b4v1an,dio_mcm_episode_0bd9lsr,1,2,0,0,0,0.0,0,0,3,0.0,2,0,9,0.2222222222222222,-0.2222222222222222,0,0,0,0,0,0,0,0,0
1292,dio_mcm_episode_0yvdh1c,dio_mcm_episode_17yc79r,1,2,0,0,0,0.0,0,0,4,0.0,2,0,8,0.25,-0.25,0,0,0,0,0,0,0,0,0
1293,dio_mcm_episode_0w3jrws,dio_mcm_episode_1jq4txk,1,2,0,0,0,0.0,1,0,4,0.25,1,0,4,0.25,-0.25,0,0,0,0,0,0,0,0,0
1294,dio_mcm_episode_0w3jrws,dio_mcm_episode_1flwfgb,1,2,0,0,2,0.0,1,0,6,0.16666666666666666,1,0,4,0.25,-0.25,0,0,1,0,0,1,0,0,0
1295,dio_mcm_episode_09etg5e,dio_mcm_episode_0bli7nu,1,2,0,0,2,0.0,0,0,8,0.0,2,0,8,0.25,-0.25,0,0,0,0,0,2,0,0,0
1296,dio_mcm_episode_06aqoz9,dio_mcm_episode_0hdhhqh,1,2,0,0,0,0.0,0,0,0,0.0,2,0,8,0.25,-0.25,0,0,0,0,0,0,0,0,0
1297,dio_mcm_episode_1dtt118,dio_mcm_episode_1vu7n3a,1,2,0,0,0,0.0,0,0,9,0.0,2,0,7,0.2857142857142857,-0.2857142857142857,0,0,0,0,0,0,0,0,0
1298,dio_mcm_episode_04appcg,dio_mcm_episode_1xiamcv,1,2,0,0,4,0.0,0,0,11,0.0,2,0,7,0.2857142857142857,-0.2857142857142857,0,0,3,0,0,1,0,0,0
1299,dio_mcm_episode_021zt73,dio_mcm_episode_07iaozp,1,2,0,0,0,0.0,2,0,7,0.2857142857142857,0,0,5,0.0,-0.2857142857142857,0,0,0,0,0,0,0,0,0
1300,dio_mcm_episode_1ugezq6,dio_mcm_episode_1x3r1y4,1,2,0,0,0,0.0,2,0,6,0.3333333333333333,0,0,7,0.0,-0.3333333333333333,0,0,0,0,0,0,0,0,0
1301,dio_mcm_episode_1e3smq7,dio_mcm_episode_1sddzs5,1,2,0,0,0,0.0,0,0,2,0.0,2,0,6,0.3333333333333333,-0.3333333333333333,0,0,0,0,0,0,0,0,0
1302,dio_mcm_episode_14oenqv,dio_mcm_episode_1wtjaze,1,2,0,0,0,0.0,2,0,6,0.3333333333333333,0,0,3,0.0,-0.3333333333333333,0,0,0,0,0,0,0,0,0
1303,dio_mcm_episode_14obi8w,dio_mcm_episode_14wgkn2,1,2,0,0,0,0.0,0,0,1,0.0,2,0,6,0.3333333333333333,-0.3333333333333333,0,0,0,0,0,0,0,0,0
1304,dio_mcm_episode_13wf48a,dio_mcm_episode_1u81eqa,1,2,0,0,0,0.0,0,0,0,0.0,2,0,6,0.3333333333333333,-0.3333333333333333,0,0,0,0,0,0,0,0,0
1305,dio_mcm_episode_0bsaqu1,dio_mcm_episode_1flwfgb,1,2,0,0,0,0.0,0,0,3,0.0,2,0,6,0.3333333333333333,-0.3333333333333333,0,0,0,0,0,0,0,0,0
1306,dio_mcm_episode_0b4v1an,dio_mcm_episode_0t109kz,1,2,0,0,0,0.0,1,0,3,0.3333333333333333,1,0,9,0.1111111111111111,-0.3333333333333333,0,0,0,0,0,0,0,0,0
1307,dio_mcm_episode_09etg5e,dio_mcm_episode_0fa830n,1,2,0,0,2,0.0,1,0,6,0.16666666666666666,1,0,3,0.3333333333333333,-0.3333333333333333,0,0,0,0,0,2,0,0,0
1308,dio_mcm_episode_07iaozp,dio_mcm_episode_17ybb3q,1,2,0,0,0,0.0,0,0,7,0.0,2,0,6,0.3333333333333333,-0.3333333333333333,0,0,0,0,0,0,0,0,0
1309,dio_mcm_episode_07iaozp,dio_mcm_episode_0vcr3lw,1,2,0,0,6,0.0,2,0,6,0.3333333333333333,0,0,0,0.0,-0.3333333333333333,0,0,0,0,0,6,0,0,0
1310,dio_mcm_episode_07iaozp,dio_mcm_episode_0q4hk03,1,2,0,0,0,0.0,0,0,7,0.0,2,0,6,0.3333333333333333,-0.3333333333333333,0,0,0,0,0,0,0,0,0
1311,dio_mcm_episode_07iaozp,dio_mcm_episode_0hv1uu1,1,2,0,0,0,0.0,0,0,7,0.0,2,0,6,0.3333333333333333,-0.3333333333333333,0,0,0,0,0,0,0,0,0
1312,dio_mcm_episode_02moxon,dio_mcm_episode_14wgkn2,1,2,0,0,0,0.0,0,0,1,0.0,2,0,6,0.3333333333333333,-0.3333333333333333,0,0,0,0,0,0,0,0,0
1313,dio_mcm_episode_0uie72q,dio_mcm_episode_0vorwpi,1,2,0,0,0,0.0,0,0,0,0.0,2,0,5,0.4,-0.4,0,0,0,0,0,0,0,0,0
1314,dio_mcm_episode_0pjt45q,dio_mcm_episode_158apmu,1,2,0,0,3,0.0,2,0,5,0.4,0,0,2,0.0,-0.4,0,0,0,0,0,3,0,0,0
1315,dio_mcm_episode_0hchn9l,dio_mcm_episode_0lcbs8p,1,2,0,0,5,0.0,2,0,5,0.4,0,0,0,0.0,-0.4,0,0,0,0,0,4,0,0,1
1316,dio_mcm_episode_0fuuq8k,dio_mcm_episode_0hchn9l,1,2,0,0,0,0.0,2,0,5,0.4,0,0,5,0.0,-0.4,0,0,0,0,0,0,0,0,0
1317,dio_mcm_episode_13wf48a,dio_mcm_episode_1sddzs5,1,2,0,0,0,0.0,0,0,0,0.0,2,0,4,0.5,-0.5,0,0,0,0,0,0,0,0,0
1318,dio_mcm_episode_0q3iv1r,dio_mcm_episode_1qfzunm,1,2,0,0,0,0.0,1,0,2,0.5,1,0,3,0.3333333333333333,-0.5,0,0,0,0,0,0,0,0,0
1319,dio_mcm_episode_0i72w4b,dio_mcm_episode_1vty8kh,1,2,0,0,0,0.0,1,0,2,0.5,1,0,2,0.5,-0.5,0,0,0,0,0,0,0,0,0
1320,dio_mcm_episode_0hvxln3,dio_mcm_episode_1jq4txk,1,2,0,0,0,0.0,1,0,2,0.5,1,0,2,0.5,-0.5,0,0,0,0,0,0,0,0,0
1321,dio_mcm_episode_0hdhhqh,dio_mcm_episode_0hwyq0s,1,2,0,0,0,0.0,0,0,0,0.0,2,0,4,0.5,-0.5,0,0,0,0,0,0,0,0,0
1322,dio_mcm_episode_0fu1xau,dio_mcm_episode_0w3jrws,1,2,0,0,3,0.0,0,0,8,0.0,2,0,4,0.5,-0.5,0,0,1,0,0,2,0,0,0
1323,dio_mcm_episode_0bli7nu,dio_mcm_episode_0i72w4b,1,2,0,0,1,0.0,1,0,3,0.3333333333333333,1,0,2,0.5,-0.5,0,0,0,0,0,0,0,0,1
1324,dio_mcm_episode_09etg5e,dio_mcm_episode_1lufp3g,1,2,0,0,0,0.0,1,0,2,0.5,1,0,4,0.25,-0.5,0,0,0,0,0,0,0,0,0
1325,dio_mcm_episode_09etg5e,dio_mcm_episode_17ybb3q,1,2,0,0,0,0.0,0,0,2,0.0,2,0,4,0.5,-0.5,0,0,0,0,0,0,0,0,0
1326,dio_mcm_episode_09etg5e,dio_mcm_episode_0fuuq8k,1,2,0,0,0,0.0,1,0,2,0.5,1,0,4,0.25,-0.5,0,0,0,0,0,0,0,0,0
1327,dio_mcm_episode_08m65fb,dio_mcm_episode_0q4hk03,1,2,0,0,0,0.0,1,0,3,0.3333333333333333,1,0,2,0.5,-0.5,0,0,0,0,0,0,0,0,0
1328,dio_mcm_episode_06wwep2,dio_mcm_episode_09etg5e,1,2,0,0,0,0.0,1,0,2,0.5,1,0,4,0.25,-0.5,0,0,0,0,0,0,0,0,0
1329,dio_mcm_episode_14o2zn6,dio_mcm_episode_1u81eqa,1,2,0,0,0,0.0,0,0,0,0.0,2,0,3,0.6666666666666666,-0.6666666666666666,0,0,0,0,0,0,0,0,0
1330,dio_mcm_episode_0l0x9lk,dio_mcm_episode_1m4fasf,1,2,0,0,0,0.0,0,0,2,0.0,2,0,3,0.6666666666666666,-0.6666666666666666,0,0,0,0,0,0,0,0,0
1331,dio_mcm_episode_0jx9fyz,dio_mcm_episode_1eav7xq,1,2,0,0,1,0.0,2,0,3,0.6666666666666666,0,0,0,0.0,-0.6666666666666666,0,0,0,0,0,1,0,0,0
1332,dio_mcm_episode_05upp98,dio_mcm_episode_0jx9fyz,1,2,0,0,0,0.0,0,0,1,0.0,2,0,3,0.6666666666666666,-0.6666666666666666,0,0,0,0,0,0,0,0,0
1333,dio_mcm_episode_0rrms7j,dio_mcm_episode_1yrr2yr,1,2,1,0,3,0.3333333333333333,1,0,1,1.0,0,0,0,0.0,-0.6666666666666667,1,0,2,0,0,1,0,0,0
1334,dio_mcm_episode_1jq4txk,dio_mcm_episode_1ubfji8,1,2,0,0,0,0.0,0,0,0,0.0,2,0,2,1.0,-1.0,0,0,0,0,0,0,0,0,0
1335,dio_mcm_episode_14jcwih,dio_mcm_episode_1x6pis8,1,2,0,0,0,0.0,0,0,0,0.0,2,0,2,1.0,-1.0,0,0,0,0,0,0,0,0,0
1336,dio_mcm_episode_0vcr3lw,dio_mcm_episode_1jq4txk,1,2,0,0,0,0.0,2,0,2,1.0,0,0,0,0.0,-1.0,0,0,0,0,0,0,0,0,0
1337,dio_mcm_episode_0ueya1u,dio_mcm_episode_1vjymvi,1,2,0,0,0,0.0,1,0,1,1.0,1,0,2,0.5,-1.0,0,0,0,0,0,0,0,0,0
1338,dio_mcm_episode_0q4hk03,dio_mcm_episode_1jq4txk,1,2,0,0,0,0.0,0,0,0,0.0,2,0,2,1.0,-1.0,0,0,0,0,0,0,0,0,0
1339,dio_mcm_episode_0lt7g1q,dio_mcm_episode_1vjymvi,1,2,0,0,0,0.0,1,0,1,1.0,1,0,2,0.5,-1.0,0,0,0,0,0,0,0,0,0
1340,dio_mcm_episode_0lgktm5,dio_mcm_episode_171moy1,1,2,0,0,0,0.0,1,0,1,1.0,1,0,1,1.0,-1.0,0,0,0,0,0,0,0,0,0
1341,dio_mcm_episode_0i72w4b,dio_mcm_episode_1xf3yvv,1,2,0,0,0,0.0,1,0,1,1.0,1,0,1,1.0,-1.0,0,0,0,0,0,0,0,0,0
1342,dio_mcm_episode_0i72w4b,dio_mcm_episode_1lufp3g,1,2,0,0,0,0.0,1,0,1,1.0,1,0,1,1.0,-1.0,0,0,0,0,0,0,0,0,0
1343,dio_mcm_episode_0i72w4b,dio_mcm_episode_0pzlboa,1,2,0,0,1,0.0,1,0,2,0.5,1,0,1,1.0,-1.0,0,0,0,0,0,1,0,0,0
1344,dio_mcm_episode_0hx21nm,dio_mcm_episode_1flwfgb,1,2,0,0,0,0.0,1,0,1,1.0,1,0,2,0.5,-1.0,0,0,0,0,0,0,0,0,0
1345,dio_mcm_episode_0hx21nm,dio_mcm_episode_0i72w4b,1,2,0,0,0,0.0,1,0,1,1.0,1,0,1,1.0,-1.0,0,0,0,0,0,0,0,0,0
1346,dio_mcm_episode_0hvxln3,dio_mcm_episode_0jx9fyz,1,2,0,0,1,0.0,0,0,4,0.0,2,0,2,1.0,-1.0,0,0,1,0,0,0,0,0,0
1347,dio_mcm_episode_0hv1uu1,dio_mcm_episode_1jq4txk,1,2,0,0,0,0.0,0,0,0,0.0,2,0,2,1.0,-1.0,0,0,0,0,0,0,0,0,0
1348,dio_mcm_episode_0fuuq8k,dio_mcm_episode_1vjymvi,1,2,0,0,0,0.0,1,0,1,1.0,1,0,2,0.5,-1.0,0,0,0,0,0,0,0,0,0
1349,dio_mcm_episode_0fuuq8k,dio_mcm_episode_1flwfgb,1,2,0,0,0,0.0,1,0,1,1.0,1,0,2,0.5,-1.0,0,0,0,0,0,0,0,0,0
1350,dio_mcm_episode_0ezwt7z,dio_mcm_episode_0fu1xau,1,2,0,0,0,0.0,0,0,2,0.0,2,0,2,1.0,-1.0,0,0,0,0,0,0,0,0,0
1351,dio_mcm_episode_0bli7nu,dio_mcm_episode_1ubfji8,1,2,0,0,0,0.0,1,0,1,1.0,1,0,2,0.5,-1.0,0,0,0,0,0,0,0,0,0
1352,dio_mcm_episode_0bli7nu,dio_mcm_episode_1gzkzf9,1,2,0,0,0,0.0,1,0,1,1.0,1,0,2,0.5,-1.0,0,0,0,0,0,0,0,0,0
1353,dio_mcm_episode_0bli7nu,dio_mcm_episode_0q4hk03,1,2,0,0,0,0.0,1,0,1,1.0,1,0,2,0.5,-1.0,0,0,0,0,0,0,0,0,0
1354,dio_mcm_episode_0bli7nu,dio_mcm_episode_0hv1uu1,1,2,0,0,0,0.0,1,0,1,1.0,1,0,2,0.5,-1.0,0,0,0,0,0,0,0,0,0
1355,dio_mcm_episode_0bd9lsr,dio_mcm_episode_0w3jrws,1,2,0,0,0,0.0,0,0,2,0.0,2,0,2,1.0,-1.0,0,0,0,0,0,0,0,0,0
1356,dio_mcm_episode_08hipkj,dio_mcm_episode_0w3jrws,1,2,0,0,0,0.0,0,0,2,0.0,2,0,2,1.0,-1.0,0,0,0,0,0,0,0,0,0
1357,dio_mcm_episode_07x93e7,dio_mcm_episode_1jq4txk,1,2,0,0,0,0.0,0,0,0,0.0,2,0,2,1.0,-1.0,0,0,0,0,0,0,0,0,0
1358,dio_mcm_episode_076w0e1,dio_mcm_episode_0w3jrws,1,2,0,0,0,0.0,0,0,2,0.0,2,0,2,1.0,-1.0,0,0,0,0,0,0,0,0,0
1359,dio_mcm_episode_076w0e1,dio_mcm_episode_0pzlboa,1,2,0,0,0,0.0,1,0,1,1.0,1,0,1,1.0,-1.0,0,0,0,0,0,0,0,0,0
1360,dio_mcm_episode_06mzyi2,dio_mcm_episode_1xf3yvv,1,2,0,0,0,0.0,1,0,1,1.0,1,0,1,1.0,-1.0,0,0,0,0,0,0,0,0,0
1361,dio_mcm_episode_06mzyi2,dio_mcm_episode_0lt7g1q,1,2,0,0,0,0.0,1,0,1,1.0,1,0,1,1.0,-1.0,0,0,0,0,0,0,0,0,0
1362,dio_mcm_episode_06mzyi2,dio_mcm_episode_0h2l72l,1,2,0,0,0,0.0,1,0,1,1.0,1,0,1,1.0,-1.0,0,0,0,0,0,0,0,0,0
1363,dio_mcm_episode_06aqoz9,dio_mcm_episode_16y1wct,1,2,0,0,0,0.0,2,0,2,1.0,0,0,0,0.0,-1.0,0,0,0,0,0,0,0,0,0
1364,dio_mcm_episode_05ziutl,dio_mcm_episode_0lgktm5,1,2,0,0,0,0.0,1,0,1,1.0,1,0,1,1.0,-1.0,0,0,0,0,0,0,0,0,0
1365,dio_mcm_episode_05upp98,dio_mcm_episode_1jq4txk,1,2,0,0,0,0.0,0,0,0,0.0,2,0,2,1.0,-1.0,0,0,0,0,0,0,0,0,0
1366,dio_mcm_episode_05upp98,dio_mcm_episode_0hvxln3,1,2,0,0,0,0.0,1,0,1,1.0,1,0,1,1.0,-1.0,0,0,0,0,0,0,0,0,0
1367,dio_mcm_episode_05upp98,dio_mcm_episode_0bli7nu,1,2,0,0,0,0.0,1,0,1,1.0,1,0,2,0.5,-1.0,0,0,0,0,0,0,0,0,0
1368,dio_mcm_episode_02035dk,dio_mcm_episode_1vjymvi,1,2,0,0,0,0.0,0,0,1,0.0,2,0,2,1.0,-1.0,0,0,0,0,0,0,0,0,0
1369,dio_mcm_episode_015suys,dio_mcm_episode_1jq4txk,1,2,0,0,0,0.0,0,0,0,0.0,2,0,2,1.0,-1.0,0,0,0,0,0,0,0,0,0
1370,dio_mcm_episode_015suys,dio_mcm_episode_0bli7nu,1,2,0,0,0,0.0,1,0,1,1.0,1,0,2,0.5,-1.0,0,0,0,0,0,0,0,0,0
1371,dio_mcm_episode_0yce7uo,dio_mcm_episode_177ycjt,3,1,1,1,1,1.0,0,0,1,0.0,0,0,0,0.0,1.0,1,1,1,0,0,0,0,0,0
1372,dio_mcm_episode_0tusrny,dio_mcm_episode_1yjaw9h,3,1,1,1,2,0.5,0,0,0,0.0,0,0,0,0.0,0.5,0,0,0,0,0,0,1,1,2
1373,dio_mcm_episode_08hipkj,dio_mcm_episode_1x557o1,3,1,0,0,0,0.0,0,0,27,0.0,1,1,53,0.018867924528301886,-0.018867924528301886,0,0,0,0,0,0,0,0,0
1374,dio_mcm_episode_1tvdhgs,dio_mcm_episode_1w9crd1,3,1,0,0,0,0.0,1,1,19,0.05263157894736842,0,0,37,0.0,-0.05263157894736842,0,0,0,0,0,0,0,0,0
1375,dio_mcm_episode_05dxhcl,dio_mcm_episode_1w9crd1,3,1,0,0,0,0.0,0,0,11,0.0,1,1,15,0.06666666666666667,-0.06666666666666667,0,0,0,0,0,0,0,0,0
1376,dio_mcm_episode_1f1nrkg,dio_mcm_episode_1n87ekd,3,1,0,0,0,0.0,1,1,12,0.08333333333333333,0,0,11,0.0,-0.08333333333333333,0,0,0,0,0,0,0,0,0
1377,dio_mcm_episode_0vcr3lw,dio_mcm_episode_1rj8742,3,1,0,0,3,0.0,1,1,12,0.08333333333333333,0,0,0,0.0,-0.08333333333333333,0,0,0,0,0,1,0,0,2
1378,dio_mcm_episode_06fse02,dio_mcm_episode_0bd9lsr,3,1,0,0,0,0.0,1,1,3,0.3333333333333333,0,0,2,0.0,-0.3333333333333333,0,0,0,0,0,0,0,0,0
1379,dio_mcm_episode_06wwep2,dio_mcm_episode_0tusrny,3,1,0,0,0,0.0,1,1,2,0.5,0,0,0,0.0,-0.5,0,0,0,0,0,0,0,0,0
1380,dio_mcm_episode_06aqoz9,dio_mcm_episode_177ycjt,3,1,0,0,0,0.0,0,0,2,0.0,1,1,2,0.5,-0.5,0,0,0,0,0,0,0,0,0
1381,dio_mcm_episode_05ziutl,dio_mcm_episode_0tusrny,3,1,0,0,0,0.0,1,1,2,0.5,0,0,0,0.0,-0.5,0,0,0,0,0,0,0,0,0
1382,dio_mcm_episode_1qpzgcl,dio_mcm_episode_1r0aq59,3,1,0,0,0,0.0,1,1,1,1.0,0,0,0,0.0,-1.0,0,0,0,0,0,0,0,0,0
1383,dio_mcm_episode_1n87ekd,dio_mcm_episode_1pxk29d,3,1,0,0,0,0.0,1,1,1,1.0,0,0,0,0.0,-1.0,0,0,0,0,0,0,0,0,0
1384,dio_mcm_episode_1m4fasf,dio_mcm_episode_1xf3yvv,3,1,0,0,0,0.0,0,0,0,0.0,1,1,1,1.0,-1.0,0,0,0,0,0,0,0,0,0
1385,dio_mcm_episode_1lufp3g,dio_mcm_episode_1xf3yvv,3,1,0,0,0,0.0,0,0,0,0.0,1,1,1,1.0,-1.0,0,0,0,0,0,0,0,0,0
1386,dio_mcm_episode_1lufp3g,dio_mcm_episode_1m4fasf,3,1,0,0,0,0.0,0,0,0,0.0,1,1,1,1.0,-1.0,0,0,0,0,0,0,0,0,0
1387,dio_mcm_episode_16n1irr,dio_mcm_episode_17ybb3q,3,1,0,0,0,0.0,0,0,0,0.0,1,1,1,1.0,-1.0,0,0,0,0,0,0,0,0,0
1388,dio_mcm_episode_0wdjdlr,dio_mcm_episode_17ybb3q,3,1,0,0,0,0.0,1,1,1,1.0,0,0,0,0.0,-1.0,0,0,0,0,0,0,0,0,0
1389,dio_mcm_episode_0uie72q,dio_mcm_episode_1yjaw9h,3,1,0,0,0,0.0,1,1,1,1.0,0,0,0,0.0,-1.0,0,0,0,0,0,0,0,0,0
1390,dio_mcm_episode_0uie72q,dio_mcm_episode_1r0aq59,3,1,0,0,0,0.0,1,1,1,1.0,0,0,0,0.0,-1.0,0,0,0,0,0,0,0,0,0
1391,dio_mcm_episode_0uie72q,dio_mcm_episode_1otryhf,3,1,0,0,0,0.0,1,1,1,1.0,0,0,0,0.0,-1.0,0,0,0,0,0,0,0,0,0
1392,dio_mcm_episode_0ueya1u,dio_mcm_episode_1otryhf,3,1,0,0,0,0.0,1,1,1,1.0,0,0,0,0.0,-1.0,0,0,0,0,0,0,0,0,0
1393,dio_mcm_episode_0ueya1u,dio_mcm_episode_0uie72q,3,1,0,0,0,0.0,0,0,0,0.0,1,1,1,1.0,-1.0,0,0,0,0,0,0,0,0,0
1394,dio_mcm_episode_0t109kz,dio_mcm_episode_0ueya1u,3,1,0,0,0,0.0,0,0,0,0.0,1,1,1,1.0,-1.0,0,0,0,0,0,0,0,0,0
1395,dio_mcm_episode_0q3iv1r,dio_mcm_episode_1qpzgcl,3,1,0,0,0,0.0,0,0,0,0.0,1,1,1,1.0,-1.0,0,0,0,0,0,0,0,0,0
1396,dio_mcm_episode_0ob26z1,dio_mcm_episode_0yce7uo,3,1,0,0,0,0.0,1,1,1,1.0,0,0,0,0.0,-1.0,0,0,0,0,0,0,0,0,0
1397,dio_mcm_episode_0lyvlac,dio_mcm_episode_0v4y2fb,3,1,0,0,0,0.0,1,1,1,1.0,0,0,0,0.0,-1.0,0,0,0,0,0,0,0,0,0
1398,dio_mcm_episode_0lyvlac,dio_mcm_episode_0o8aklj,3,1,0,0,0,0.0,0,0,0,0.0,1,1,1,1.0,-1.0,0,0,0,0,0,0,0,0,0
1399,dio_mcm_episode_0lcbs8p,dio_mcm_episode_0t109kz,3,1,0,0,0,0.0,1,1,1,1.0,0,0,0,0.0,-1.0,0,0,0,0,0,0,0,0,0
1400,dio_mcm_episode_0jjnvvv,dio_mcm_episode_1r0aq59,3,1,0,0,0,0.0,1,1,1,1.0,0,0,0,0.0,-1.0,0,0,0,0,0,0,0,0,0
1401,dio_mcm_episode_0jjnvvv,dio_mcm_episode_1otryhf,3,1,0,0,0,0.0,1,1,1,1.0,0,0,0,0.0,-1.0,0,0,0,0,0,0,0,0,0
1402,dio_mcm_episode_0jjnvvv,dio_mcm_episode_0uie72q,3,1,0,0,0,0.0,0,0,0,0.0,1,1,1,1.0,-1.0,0,0,0,0,0,0,0,0,0
1403,dio_mcm_episode_0jjnvvv,dio_mcm_episode_0ueya1u,3,1,0,0,0,0.0,0,0,0,0.0,1,1,1,1.0,-1.0,0,0,0,0,0,0,0,0,0
1404,dio_mcm_episode_0ibx54i,dio_mcm_episode_0q3iv1r,3,1,0,0,0,0.0,0,0,1,0.0,1,1,1,1.0,-1.0,0,0,0,0,0,0,0,0,0
1405,dio_mcm_episode_0gk1zl7,dio_mcm_episode_1ubfji8,3,1,0,0,0,0.0,0,0,1,0.0,1,1,1,1.0,-1.0,0,0,0,0,0,0,0,0,0
1406,dio_mcm_episode_0fuuq8k,dio_mcm_episode_0v4y2fb,3,1,0,0,0,0.0,1,1,1,1.0,0,0,0,0.0,-1.0,0,0,0,0,0,0,0,0,0
1407,dio_mcm_episode_0fuuq8k,dio_mcm_episode_0o8aklj,3,1,0,0,0,0.0,0,0,0,0.0,1,1,1,1.0,-1.0,0,0,0,0,0,0,0,0,0
1408,dio_mcm_episode_0fuuq8k,dio_mcm_episode_0lyvlac,3,1,0,0,0,0.0,0,0,0,0.0,1,1,1,1.0,-1.0,0,0,0,0,0,0,0,0,0
1409,dio_mcm_episode_0asyqb4,dio_mcm_episode_1pxk29d,3,1,0,0,0,0.0,1,1,1,1.0,0,0,0,0.0,-1.0,0,0,0,0,0,0,0,0,0
1410,dio_mcm_episode_0asyqb4,dio_mcm_episode_1n87ekd,3,1,0,0,0,0.0,0,0,0,0.0,1,1,1,1.0,-1.0,0,0,0,0,0,0,0,0,0
1411,dio_mcm_episode_09627ba,dio_mcm_episode_0hv1uu1,3,1,0,0,0,0.0,0,0,0,0.0,1,1,1,1.0,-1.0,0,0,0,0,0,0,0,0,0
1412,dio_mcm_episode_08hipkj,dio_mcm_episode_0hx21nm,3,1,0,0,0,0.0,0,0,0,0.0,1,1,1,1.0,-1.0,0,0,0,0,0,0,0,0,0
1413,dio_mcm_episode_08g1nk4,dio_mcm_episode_171moy1,3,1,0,0,0,0.0,1,1,1,1.0,0,0,0,0.0,-1.0,0,0,0,0,0,0,0,0,0
1414,dio_mcm_episode_07x93e7,dio_mcm_episode_0hv1uu1,3,1,0,0,0,0.0,0,0,0,0.0,1,1,1,1.0,-1.0,0,0,0,0,0,0,0,0,0
1415,dio_mcm_episode_07x93e7,dio_mcm_episode_09627ba,3,1,0,0,0,0.0,0,0,0,0.0,1,1,1,1.0,-1.0,0,0,0,0,0,0,0,0,0
1416,dio_mcm_episode_06wwep2,dio_mcm_episode_1xf3yvv,3,1,0,0,0,0.0,0,0,0,0.0,1,1,1,1.0,-1.0,0,0,0,0,0,0,0,0,0
1417,dio_mcm_episode_06wwep2,dio_mcm_episode_1pxk29d,3,1,0,0,0,0.0,1,1,1,1.0,0,0,0,0.0,-1.0,0,0,0,0,0,0,0,0,0
1418,dio_mcm_episode_06mzyi2,dio_mcm_episode_0bd9lsr,3,1,0,0,0,0.0,0,0,1,0.0,1,1,1,1.0,-1.0,0,0,0,0,0,0,0,0,0
1419,dio_mcm_episode_05ziutl,dio_mcm_episode_1xf3yvv,3,1,0,0,0,0.0,0,0,0,0.0,1,1,1,1.0,-1.0,0,0,0,0,0,0,0,0,0
1420,dio_mcm_episode_05ziutl,dio_mcm_episode_1lufp3g,3,1,0,0,0,0.0,0,0,0,0.0,1,1,1,1.0,-1.0,0,0,0,0,0,0,0,0,0
1421,dio_mcm_episode_05ziutl,dio_mcm_episode_06wwep2,3,1,0,0,0,0.0,0,0,0,0.0,1,1,1,1.0,-1.0,0,0,0,0,0,0,0,0,0
1422,dio_mcm_episode_0333eoh,dio_mcm_episode_0v4y2fb,3,1,0,0,0,0.0,1,1,1,1.0,0,0,0,0.0,-1.0,0,0,0,0,0,0,0,0,0
1423,dio_mcm_episode_0333eoh,dio_mcm_episode_0lyvlac,3,1,0,0,0,0.0,0,0,0,0.0,1,1,1,1.0,-1.0,0,0,0,0,0,0,0,0,0
1424,dio_mcm_episode_02t3szi,dio_mcm_episode_0v4y2fb,3,1,0,0,0,0.0,1,1,1,1.0,0,0,0,0.0,-1.0,0,0,0,0,0,0,0,0,0
1425,dio_mcm_episode_02t3szi,dio_mcm_episode_0lyvlac,3,1,0,0,0,0.0,0,0,0,0.0,1,1,1,1.0,-1.0,0,0,0,0,0,0,0,0,0
1426,dio_mcm_episode_02t3szi,dio_mcm_episode_0fuuq8k,3,1,0,0,0,0.0,0,0,0,0.0,1,1,1,1.0,-1.0,0,0,0,0,0,0,0,0,0
1427,dio_mcm_episode_02t3szi,dio_mcm_episode_0333eoh,3,1,0,0,0,0.0,0,0,0,0.0,1,1,1,1.0,-1.0,0,0,0,0,0,0,0,0,0
1428,dio_mcm_episode_02035dk,dio_mcm_episode_0lt7g1q,3,1,0,0,0,0.0,0,0,0,0.0,1,1,1,1.0,-1.0,0,0,0,0,0,0,0,0,0
1429,dio_mcm_episode_02035dk,dio_mcm_episode_05ziutl,3,1,0,0,0,0.0,0,0,0,0.0,1,1,1,1.0,-1.0,0,0,0,0,0,0,0,0,0
1430,dio_mcm_episode_02035dk,dio_mcm_episode_0333eoh,3,1,0,0,0,0.0,0,0,0,0.0,1,1,1,1.0,-1.0,0,0,0,0,0,0,0,0,0
1431,dio_mcm_episode_015suys,dio_mcm_episode_1ciibe9,3,1,0,0,0,0.0,0,0,0,0.0,1,1,1,1.0,-1.0,0,0,0,0,0,0,0,0,0
1432,dio_mcm_episode_015suys,dio_mcm_episode_0hv1uu1,3,1,0,0,0,0.0,0,0,0,0.0,1,1,1,1.0,-1.0,0,0,0,0,0,0,0,0,0
1433,dio_mcm_episode_015suys,dio_mcm_episode_09627ba,3,1,0,0,0,0.0,0,0,0,0.0,1,1,1,1.0,-1.0,0,0,0,0,0,0,0,0,0
1434,dio_mcm_episode_015suys,dio_mcm_episode_07x93e7,3,1,0,0,0,0.0,0,0,0,0.0,1,1,1,1.0,-1.0,0,0,0,0,0,0,0,0,0
1435,dio_mcm_episode_1otryhf,dio_mcm_episode_1yjaw9h,2,1,1,0,1,1.0,0,0,0,0.0,0,0,0,0.0,1.0,0,0,0,1,0,1,0,0,0
1436,dio_mcm_episode_1otryhf,dio_mcm_episode_1r0aq59,2,1,1,0,1,1.0,0,0,0,0.0,0,0,0,0.0,1.0,1,0,1,0,0,0,0,0,0
1437,dio_mcm_episode_0yce7uo,dio_mcm_episode_16y1wct,2,1,1,0,1,1.0,0,0,0,0.0,0,0,0,0.0,1.0,1,0,1,0,0,0,0,0,0
1438,dio_mcm_episode_0lje5cp,dio_mcm_episode_1yjaw9h,2,1,1,0,1,1.0,0,0,0,0.0,0,0,0,0.0,1.0,0,0,0,1,0,1,0,0,0
1439,dio_mcm_episode_0ibx54i,dio_mcm_episode_1ac9vkf,2,1,1,0,1,1.0,0,0,1,0.0,0,0,0,0.0,1.0,0,0,0,1,0,1,0,0,0
1440,dio_mcm_episode_0hvxln3,dio_mcm_episode_1eav7xq,2,1,1,0,1,1.0,0,0,1,0.0,0,0,0,0.0,1.0,0,0,0,1,0,1,0,0,0
1441,dio_mcm_episode_0sc9rzg,dio_mcm_episode_1qfzunm,2,1,1,0,2,0.5,0,0,3,0.0,0,0,0,0.0,0.5,0,0,0,1,0,2,0,0,0
1442,dio_mcm_episode_06fse02,dio_mcm_episode_1pxk29d,2,1,1,0,3,0.3333333333333333,0,0,2,0.0,0,0,0,0.0,0.3333333333333333,0,0,0,0,0,2,1,0,1
1443,dio_mcm_episode_0ffk9vo,dio_mcm_episode_1nxni6k,2,1,0,0,98,0.0,1,0,493,0.002028397565922921,0,0,556,0.0,-0.002028397565922921,0,0,30,0,0,53,0,0,15
1444,dio_mcm_episode_04asuuf,dio_mcm_episode_0z5d2qb,2,1,0,0,65,0.0,0,0,263,0.0,1,0,234,0.004273504273504274,-0.004273504273504274,0,0,20,0,0,34,0,0,11
1445,dio_mcm_episode_1orxzd6,dio_mcm_episode_1u81eqa,2,1,0,0,0,0.0,0,0,21,0.0,1,0,47,0.02127659574468085,-0.02127659574468085,0,0,0,0,0,0,0,0,0
1446,dio_mcm_episode_0hwyq0s,dio_mcm_episode_1x3djkm,2,1,0,0,0,0.0,0,0,23,0.0,1,0,44,0.022727272727272728,-0.022727272727272728,0,0,0,0,0,0,0,0,0
1447,dio_mcm_episode_0qxnz4m,dio_mcm_episode_1e3smq7,2,1,0,0,6,0.0,1,0,24,0.041666666666666664,0,0,18,0.0,-0.041666666666666664,0,0,0,0,0,2,0,0,4
1448,dio_mcm_episode_1w9k3lg,dio_mcm_episode_1wtjaze,2,1,0,0,0,0.0,0,0,12,0.0,1,0,15,0.06666666666666667,-0.06666666666666667,0,0,0,0,0,0,0,0,0
1449,dio_mcm_episode_14jcwih,dio_mcm_episode_1ugezq6,2,1,0,0,0,0.0,0,0,12,0.0,1,0,14,0.07142857142857142,-0.07142857142857142,0,0,0,0,0,0,0,0,0
1450,dio_mcm_episode_1f1nrkg,dio_mcm_episode_1xf3yvv,2,1,0,0,0,0.0,1,0,12,0.08333333333333333,0,0,10,0.0,-0.08333333333333333,0,0,0,0,0,0,0,0,0
1451,dio_mcm_episode_08hipkj,dio_mcm_episode_0gslldm,2,1,0,0,0,0.0,0,0,5,0.0,1,0,11,0.09090909090909091,-0.09090909090909091,0,0,0,0,0,0,0,0,0
1452,dio_mcm_episode_078b3aq,dio_mcm_episode_0gslldm,2,1,0,0,10,0.0,0,0,27,0.0,1,0,11,0.09090909090909091,-0.09090909090909091,0,0,2,0,0,8,0,0,0
1453,dio_mcm_episode_0ilwqth,dio_mcm_episode_0sc9rzg,2,1,0,0,3,0.0,1,0,7,0.14285714285714285,0,0,0,0.0,-0.14285714285714285,0,0,2,0,0,1,0,0,0
1454,dio_mcm_episode_07iaozp,dio_mcm_episode_0asyqb4,2,1,0,0,0,0.0,1,0,7,0.14285714285714285,0,0,5,0.0,-0.14285714285714285,0,0,0,0,0,0,0,0,0
1455,dio_mcm_episode_0tkt5yz,dio_mcm_episode_1n87ekd,2,1,0,0,0,0.0,1,0,5,0.2,0,0,0,0.0,-0.2,0,0,0,0,0,0,0,0,0
1456,dio_mcm_episode_0tkt5yz,dio_mcm_episode_1m4fasf,2,1,0,0,0,0.0,1,0,5,0.2,0,0,0,0.0,-0.2,0,0,0,0,0,0,0,0,0
1457,dio_mcm_episode_0tkt5yz,dio_mcm_episode_1lufp3g,2,1,0,0,0,0.0,1,0,5,0.2,0,0,0,0.0,-0.2,0,0,0,0,0,0,0,0,0
1458,dio_mcm_episode_0gslldm,dio_mcm_episode_1qv5i56,2,1,0,0,0,0.0,1,0,5,0.2,0,0,10,0.0,-0.2,0,0,0,0,0,0,0,0,0
1459,dio_mcm_episode_0bd9lsr,dio_mcm_episode_0tkt5yz,2,1,0,0,0,0.0,1,0,5,0.2,0,0,0,0.0,-0.2,0,0,0,0,0,0,0,0,0
1460,dio_mcm_episode_0asyqb4,dio_mcm_episode_0tkt5yz,2,1,0,0,0,0.0,1,0,5,0.2,0,0,0,0.0,-0.2,0,0,0,0,0,0,0,0,0
1461,dio_mcm_episode_076w0e1,dio_mcm_episode_0tkt5yz,2,1,0,0,0,0.0,1,0,5,0.2,0,0,0,0.0,-0.2,0,0,0,0,0,0,0,0,0
1462,dio_mcm_episode_06fse02,dio_mcm_episode_0lgktm5,2,1,0,0,3,0.0,1,0,5,0.2,0,0,2,0.0,-0.2,0,0,2,0,0,1,0,0,0
1463,dio_mcm_episode_0hdhhqh,dio_mcm_episode_16y1wct,2,1,0,0,0,0.0,1,0,4,0.25,0,0,0,0.0,-0.25,0,0,0,0,0,0,0,0,0
1464,dio_mcm_episode_0q3iv1r,dio_mcm_episode_1wtjaze,2,1,0,0,0,0.0,0,0,0,0.0,1,0,3,0.3333333333333333,-0.3333333333333333,0,0,0,0,0,0,0,0,0
1465,dio_mcm_episode_0gk1zl7,dio_mcm_episode_0jx9fyz,2,1,0,0,1,0.0,0,0,4,0.0,1,0,3,0.3333333333333333,-0.3333333333333333,0,0,1,0,0,0,0,0,0
1466,dio_mcm_episode_0bpgwtp,dio_mcm_episode_0bsaqu1,2,1,0,0,0,0.0,0,0,0,0.0,1,0,3,0.3333333333333333,-0.3333333333333333,0,0,0,0,0,0,0,0,0
1467,dio_mcm_episode_08m65fb,dio_mcm_episode_0bpgwtp,2,1,0,0,0,0.0,1,0,3,0.3333333333333333,0,0,1,0.0,-0.3333333333333333,0,0,0,0,0,0,0,0,0
1468,dio_mcm_episode_06fse02,dio_mcm_episode_08hipkj,2,1,0,0,0,0.0,1,0,3,0.3333333333333333,0,0,2,0.0,-0.3333333333333333,0,0,0,0,0,0,0,0,0
1469,dio_mcm_episode_06fse02,dio_mcm_episode_06wwep2,2,1,0,0,0,0.0,1,0,3,0.3333333333333333,0,0,2,0.0,-0.3333333333333333,0,0,0,0,0,0,0,0,0
1470,dio_mcm_episode_05ziutl,dio_mcm_episode_06fse02,2,1,0,0,0,0.0,1,0,3,0.3333333333333333,0,0,2,0.0,-0.3333333333333333,0,0,0,0,0,0,0,0,0
1471,dio_mcm_episode_1vty8kh,dio_mcm_episode_1yjaw9h,2,1,0,0,0,0.0,1,0,2,0.5,0,0,0,0.0,-0.5,0,0,0,0,0,0,0,0,0
1472,dio_mcm_episode_1n87ekd,dio_mcm_episode_1vty8kh,2,1,0,0,0,0.0,0,0,0,0.0,1,0,2,0.5,-0.5,0,0,0,0,0,0,0,0,0
1473,dio_mcm_episode_1jq4txk,dio_mcm_episode_1w9crd1,2,1,0,0,0,0.0,0,0,0,0.0,1,0,2,0.5,-0.5,0,0,0,0,0,0,0,0,0
1474,dio_mcm_episode_17u1915,dio_mcm_episode_1jq4txk,2,1,0,0,0,0.0,1,0,2,0.5,0,0,0,0.0,-0.5,0,0,0,0,0,0,0,0,0
1475,dio_mcm_episode_0yvdh1c,dio_mcm_episode_177ycjt,2,1,0,0,0,0.0,0,0,2,0.0,1,0,2,0.5,-0.5,0,0,0,0,0,0,0,0,0
1476,dio_mcm_episode_0w3jrws,dio_mcm_episode_16n1irr,2,1,0,0,0,0.0,1,0,2,0.5,0,0,2,0.0,-0.5,0,0,0,0,0,0,0,0,0
1477,dio_mcm_episode_0tusrny,dio_mcm_episode_1x6pis8,2,1,0,0,0,0.0,1,0,2,0.5,0,0,0,0.0,-0.5,0,0,0,0,0,0,0,0,0
1478,dio_mcm_episode_0tusrny,dio_mcm_episode_0uie72q,2,1,0,0,0,0.0,1,0,2,0.5,0,0,0,0.0,-0.5,0,0,0,0,0,0,0,0,0
1479,dio_mcm_episode_0sjyas0,dio_mcm_episode_1n87ekd,2,1,0,0,0,0.0,1,0,2,0.5,0,0,0,0.0,-0.5,0,0,0,0,0,0,0,0,0
1480,dio_mcm_episode_0sjyas0,dio_mcm_episode_1gzkzf9,2,1,0,0,0,0.0,1,0,2,0.5,0,0,0,0.0,-0.5,0,0,0,0,0,0,0,0,0
1481,dio_mcm_episode_0ob26z1,dio_mcm_episode_177ycjt,2,1,0,0,1,0.0,1,0,2,0.5,0,0,0,0.0,-0.5,0,0,1,0,0,0,0,0,0
1482,dio_mcm_episode_0lt7g1q,dio_mcm_episode_0tusrny,2,1,0,0,0,0.0,1,0,2,0.5,0,0,0,0.0,-0.5,0,0,0,0,0,0,0,0,0
1483,dio_mcm_episode_0h2l72l,dio_mcm_episode_1vty8kh,2,1,0,0,0,0.0,0,0,0,0.0,1,0,2,0.5,-0.5,0,0,0,0,0,0,0,0,0
1484,dio_mcm_episode_0h2l72l,dio_mcm_episode_1flwfgb,2,1,0,0,0,0.0,0,0,1,0.0,1,0,2,0.5,-0.5,0,0,0,0,0,0,0,0,0
1485,dio_mcm_episode_0gk1zl7,dio_mcm_episode_0pzlboa,2,1,0,0,1,0.0,1,0,2,0.5,0,0,1,0.0,-0.5,0,0,1,0,0,0,0,0,0
1486,dio_mcm_episode_0fu1xau,dio_mcm_episode_0h2l72l,2,1,0,0,0,0.0,0,0,2,0.0,1,0,2,0.5,-0.5,0,0,0,0,0,0,0,0,0
1487,dio_mcm_episode_0ezwt7z,dio_mcm_episode_1vty8kh,2,1,0,0,0,0.0,0,0,0,0.0,1,0,2,0.5,-0.5,0,0,0,0,0,0,0,0,0
1488,dio_mcm_episode_0bli7nu,dio_mcm_episode_0h2l72l,2,1,0,0,0,0.0,0,0,1,0.0,1,0,2,0.5,-0.5,0,0,0,0,0,0,0,0,0
1489,dio_mcm_episode_0asyqb4,dio_mcm_episode_0sjyas0,2,1,0,0,0,0.0,1,0,2,0.5,0,0,0,0.0,-0.5,0,0,0,0,0,0,0,0,0
1490,dio_mcm_episode_09627ba,dio_mcm_episode_1i3ov0z,2,1,0,0,0,0.0,0,0,0,0.0,1,0,2,0.5,-0.5,0,0,0,0,0,0,0,0,0
1491,dio_mcm_episode_06mzyi2,dio_mcm_episode_1vty8kh,2,1,0,0,0,0.0,0,0,2,0.0,1,0,2,0.5,-0.5,0,0,0,0,0,0,0,0,0
1492,dio_mcm_episode_05upp98,dio_mcm_episode_1i3ov0z,2,1,0,0,0,0.0,0,0,0,0.0,1,0,2,0.5,-0.5,0,0,0,0,0,0,0,0,0
1493,dio_mcm_episode_02moxon,dio_mcm_episode_1sddzs5,2,1,0,0,0,0.0,0,0,0,0.0,1,0,2,0.5,-0.5,0,0,0,0,0,0,0,0,0
1494,dio_mcm_episode_02035dk,dio_mcm_episode_1vty8kh,2,1,0,0,0,0.0,0,0,0,0.0,1,0,2,0.5,-0.5,0,0,0,0,0,0,0,0,0
1495,dio_mcm_episode_02035dk,dio_mcm_episode_0tusrny,2,1,0,0,0,0.0,1,0,2,0.5,0,0,0,0.0,-0.5,0,0,0,0,0,0,0,0,0
1496,dio_mcm_episode_1ui10f9,dio_mcm_episode_1xiamcv,2,1,0,0,0,0.0,0,0,1,0.0,1,0,1,1.0,-1.0,0,0,0,0,0,0,0,0,0
1497,dio_mcm_episode_1pxk29d,dio_mcm_episode_1xf3yvv,2,1,0,0,0,0.0,1,0,1,1.0,0,0,0,0.0,-1.0,0,0,0,0,0,0,0,0,0
1498,dio_mcm_episode_1n87ekd,dio_mcm_episode_1xf3yvv,2,1,0,0,0,0.0,0,0,0,0.0,1,0,1,1.0,-1.0,0,0,0,0,0,0,0,0,0
1499,dio_mcm_episode_1m4fasf,dio_mcm_episode_1pxk29d,2,1,0,0,0,0.0,1,0,1,1.0,0,0,0,0.0,-1.0,0,0,0,0,0,0,0,0,0
1500,dio_mcm_episode_1m4fasf,dio_mcm_episode_1n87ekd,2,1,0,0,0,0.0,0,0,0,0.0,1,0,1,1.0,-1.0,0,0,0,0,0,0,0,0,0
1501,dio_mcm_episode_1lufp3g,dio_mcm_episode_1pxk29d,2,1,0,0,0,0.0,1,0,1,1.0,0,0,0,0.0,-1.0,0,0,0,0,0,0,0,0,0
1502,dio_mcm_episode_16n1irr,dio_mcm_episode_1w9crd1,2,1,0,0,0,0.0,0,0,0,0.0,1,0,1,1.0,-1.0,0,0,0,0,0,0,0,0,0
1503,dio_mcm_episode_149dati,dio_mcm_episode_1x3r1y4,2,1,0,0,0,0.0,1,0,1,1.0,0,0,0,0.0,-1.0,0,0,0,0,0,0,0,0,0
1504,dio_mcm_episode_0uie72q,dio_mcm_episode_1n87ekd,2,1,0,0,0,0.0,0,0,0,0.0,1,0,1,1.0,-1.0,0,0,0,0,0,0,0,0,0
1505,dio_mcm_episode_0ueya1u,dio_mcm_episode_1r0aq59,2,1,0,0,0,0.0,1,0,1,1.0,0,0,0,0.0,-1.0,0,0,0,0,0,0,0,0,0
1506,dio_mcm_episode_0ueya1u,dio_mcm_episode_1n87ekd,2,1,0,0,0,0.0,0,0,0,0.0,1,0,1,1.0,-1.0,0,0,0,0,0,0,0,0,0
1507,dio_mcm_episode_0t109kz,dio_mcm_episode_1r0aq59,2,1,0,0,0,0.0,1,0,1,1.0,0,0,0,0.0,-1.0,0,0,0,0,0,0,0,0,0
1508,dio_mcm_episode_0t109kz,dio_mcm_episode_1otryhf,2,1,0,0,0,0.0,1,0,1,1.0,0,0,0,0.0,-1.0,0,0,0,0,0,0,0,0,0
1509,dio_mcm_episode_0t109kz,dio_mcm_episode_1n87ekd,2,1,0,0,0,0.0,0,0,0,0.0,1,0,1,1.0,-1.0,0,0,0,0,0,0,0,0,0
1510,dio_mcm_episode_0t109kz,dio_mcm_episode_0uie72q,2,1,0,0,0,0.0,0,0,0,0.0,1,0,1,1.0,-1.0,0,0,0,0,0,0,0,0,0
1511,dio_mcm_episode_0sc9rzg,dio_mcm_episode_1qpzgcl,2,1,0,0,0,0.0,1,0,1,1.0,0,0,0,0.0,-1.0,0,0,0,0,0,0,0,0,0
1512,dio_mcm_episode_0q4hk03,dio_mcm_episode_1gzkzf9,2,1,0,0,0,0.0,0,0,0,0.0,1,0,1,1.0,-1.0,0,0,0,0,0,0,0,0,0
1513,dio_mcm_episode_0q4hk03,dio_mcm_episode_1ciibe9,2,1,0,0,0,0.0,0,0,0,0.0,1,0,1,1.0,-1.0,0,0,0,0,0,0,0,0,0
1514,dio_mcm_episode_0pzlboa,dio_mcm_episode_1m4fasf,2,1,0,0,0,0.0,1,0,1,1.0,0,0,1,0.0,-1.0,0,0,0,0,0,0,0,0,0
1515,dio_mcm_episode_0ptj9cs,dio_mcm_episode_1qpzgcl,2,1,0,0,0,0.0,0,0,0,0.0,1,0,1,1.0,-1.0,0,0,0,0,0,0,0,0,0
1516,dio_mcm_episode_0o8aklj,dio_mcm_episode_0v4y2fb,2,1,0,0,0,0.0,1,0,1,1.0,0,0,0,0.0,-1.0,0,0,0,0,0,0,0,0,0
1517,dio_mcm_episode_0lyvlac,dio_mcm_episode_1m4fasf,2,1,0,0,0,0.0,0,0,0,0.0,1,0,1,1.0,-1.0,0,0,0,0,0,0,0,0,0
1518,dio_mcm_episode_0lt7g1q,dio_mcm_episode_1vty8kh,2,1,0,0,0,0.0,0,0,0,0.0,1,0,1,1.0,-1.0,0,0,0,0,0,0,0,0,0
1519,dio_mcm_episode_0lt7g1q,dio_mcm_episode_1lufp3g,2,1,0,0,0,0.0,0,0,0,0.0,1,0,1,1.0,-1.0,0,0,0,0,0,0,0,0,0
1520,dio_mcm_episode_0lje5cp,dio_mcm_episode_1x6pis8,2,1,0,0,0,0.0,1,0,1,1.0,0,0,0,0.0,-1.0,0,0,0,0,0,0,0,0,0
1521,dio_mcm_episode_0lje5cp,dio_mcm_episode_0uie72q,2,1,0,0,0,0.0,1,0,1,1.0,0,0,0,0.0,-1.0,0,0,0,0,0,0,0,0,0
1522,dio_mcm_episode_0lj7ucr,dio_mcm_episode_0lt7g1q,2,1,0,0,0,0.0,0,0,0,0.0,1,0,1,1.0,-1.0,0,0,0,0,0,0,0,0,0
1523,dio_mcm_episode_0lj7ucr,dio_mcm_episode_0lje5cp,2,1,0,0,0,0.0,1,0,1,1.0,0,0,0,0.0,-1.0,0,0,0,0,0,0,0,0,0
1524,dio_mcm_episode_0lcbs8p,dio_mcm_episode_1n87ekd,2,1,0,0,0,0.0,1,0,1,1.0,0,0,0,0.0,-1.0,0,0,0,0,0,0,0,0,0
1525,dio_mcm_episode_0lcbs8p,dio_mcm_episode_0ueya1u,2,1,0,0,0,0.0,1,0,1,1.0,0,0,0,0.0,-1.0,0,0,0,0,0,0,0,0,0
1526,dio_mcm_episode_0jjnvvv,dio_mcm_episode_1yjaw9h,2,1,0,0,0,0.0,1,0,1,1.0,0,0,0,0.0,-1.0,0,0,0,0,0,0,0,0,0
1527,dio_mcm_episode_0jjnvvv,dio_mcm_episode_0lje5cp,2,1,0,0,0,0.0,1,0,1,1.0,0,0,0,0.0,-1.0,0,0,0,0,0,0,0,0,0
1528,dio_mcm_episode_0ibx54i,dio_mcm_episode_1qpzgcl,2,1,0,0,0,0.0,0,0,1,0.0,1,0,1,1.0,-1.0,0,0,0,0,0,0,0,0,0
1529,dio_mcm_episode_0i72w4b,dio_mcm_episode_0wdjdlr,2,1,0,0,0,0.0,1,0,1,1.0,0,0,0,0.0,-1.0,0,0,0,0,0,0,0,0,0
1530,dio_mcm_episode_0hv1uu1,dio_mcm_episode_1ubfji8,2,1,0,0,0,0.0,0,0,0,0.0,1,0,1,1.0,-1.0,0,0,0,0,0,0,0,0,0
1531,dio_mcm_episode_0hv1uu1,dio_mcm_episode_0q4hk03,2,1,0,0,0,0.0,0,0,0,0.0,1,0,1,1.0,-1.0,0,0,0,0,0,0,0,0,0
1532,dio_mcm_episode_0h2l72l,dio_mcm_episode_0pzlboa,2,1,0,0,0,0.0,1,0,1,1.0,0,0,1,0.0,-1.0,0,0,0,0,0,0,0,0,0
1533,dio_mcm_episode_0gk1zl7,dio_mcm_episode_1w9crd1,2,1,0,0,0,0.0,1,0,1,1.0,0,0,1,0.0,-1.0,0,0,0,0,0,0,0,0,0
1534,dio_mcm_episode_0gk1zl7,dio_mcm_episode_0hv1uu1,2,1,0,0,0,0.0,0,0,1,0.0,1,0,1,1.0,-1.0,0,0,0,0,0,0,0,0,0
1535,dio_mcm_episode_0fa830n,dio_mcm_episode_1pxk29d,2,1,0,0,1,0.0,1,0,1,1.0,0,0,0,0.0,-1.0,0,0,0,0,0,0,0,0,1
1536,dio_mcm_episode_0fa830n,dio_mcm_episode_1n87ekd,2,1,0,0,0,0.0,0,0,1,0.0,1,0,1,1.0,-1.0,0,0,0,0,0,0,0,0,0
1537,dio_mcm_episode_0ezwt7z,dio_mcm_episode_1m4fasf,2,1,0,0,0,0.0,0,0,0,0.0,1,0,1,1.0,-1.0,0,0,0,0,0,0,0,0,0
1538,dio_mcm_episode_0ezwt7z,dio_mcm_episode_1lufp3g,2,1,0,0,0,0.0,0,0,0,0.0,1,0,1,1.0,-1.0,0,0,0,0,0,0,0,0,0
1539,dio_mcm_episode_0bpgwtp,dio_mcm_episode_1gzkzf9,2,1,0,0,0,0.0,0,0,0,0.0,1,0,1,1.0,-1.0,0,0,0,0,0,0,0,0,0
1540,dio_mcm_episode_0bd9lsr,dio_mcm_episode_0h2l72l,2,1,0,0,0,0.0,0,0,0,0.0,1,0,1,1.0,-1.0,0,0,0,0,0,0,0,0,0
1541,dio_mcm_episode_0asyqb4,dio_mcm_episode_0bd9lsr,2,1,0,0,0,0.0,0,0,0,0.0,1,0,1,1.0,-1.0,0,0,0,0,0,0,0,0,0
1542,dio_mcm_episode_09627ba,dio_mcm_episode_1ubfji8,2,1,0,0,0,0.0,0,0,0,0.0,1,0,1,1.0,-1.0,0,0,0,0,0,0,0,0,0
1543,dio_mcm_episode_09627ba,dio_mcm_episode_0q4hk03,2,1,0,0,0,0.0,0,0,0,0.0,1,0,1,1.0,-1.0,0,0,0,0,0,0,0,0,0
1544,dio_mcm_episode_09627ba,dio_mcm_episode_0gk1zl7,2,1,0,0,0,0.0,0,0,1,0.0,1,0,1,1.0,-1.0,0,0,0,0,0,0,0,0,0
1545,dio_mcm_episode_08hipkj,dio_mcm_episode_0i72w4b,2,1,0,0,0,0.0,0,0,1,0.0,1,0,1,1.0,-1.0,0,0,0,0,0,0,0,0,0
1546,dio_mcm_episode_08hipkj,dio_mcm_episode_0bd9lsr,2,1,0,0,0,0.0,0,0,0,0.0,1,0,1,1.0,-1.0,0,0,0,0,0,0,0,0,0
1547,dio_mcm_episode_07x93e7,dio_mcm_episode_1ubfji8,2,1,0,0,0,0.0,0,0,0,0.0,1,0,1,1.0,-1.0,0,0,0,0,0,0,0,0,0
1548,dio_mcm_episode_07x93e7,dio_mcm_episode_1ciibe9,2,1,0,0,0,0.0,0,0,0,0.0,1,0,1,1.0,-1.0,0,0,0,0,0,0,0,0,0
1549,dio_mcm_episode_07x93e7,dio_mcm_episode_0q4hk03,2,1,0,0,0,0.0,0,0,0,0.0,1,0,1,1.0,-1.0,0,0,0,0,0,0,0,0,0
1550,dio_mcm_episode_07x93e7,dio_mcm_episode_0pzlboa,2,1,0,0,0,0.0,0,0,1,0.0,1,0,1,1.0,-1.0,0,0,0,0,0,0,0,0,0
1551,dio_mcm_episode_07x93e7,dio_mcm_episode_0gk1zl7,2,1,0,0,0,0.0,0,0,1,0.0,1,0,1,1.0,-1.0,0,0,0,0,0,0,0,0,0
1552,dio_mcm_episode_078b3aq,dio_mcm_episode_0h2l72l,2,1,0,0,0,0.0,0,0,2,0.0,1,0,1,1.0,-1.0,0,0,0,0,0,0,0,0,0
1553,dio_mcm_episode_078b3aq,dio_mcm_episode_0ezwt7z,2,1,0,0,0,0.0,0,0,2,0.0,1,0,1,1.0,-1.0,0,0,0,0,0,0,0,0,0
1554,dio_mcm_episode_076w0e1,dio_mcm_episode_1n87ekd,2,1,0,0,0,0.0,0,0,0,0.0,1,0,1,1.0,-1.0,0,0,0,0,0,0,0,0,0
1555,dio_mcm_episode_076w0e1,dio_mcm_episode_0i72w4b,2,1,0,0,0,0.0,0,0,1,0.0,1,0,1,1.0,-1.0,0,0,0,0,0,0,0,0,0
1556,dio_mcm_episode_076w0e1,dio_mcm_episode_0hx21nm,2,1,0,0,0,0.0,0,0,0,0.0,1,0,1,1.0,-1.0,0,0,0,0,0,0,0,0,0
1557,dio_mcm_episode_076w0e1,dio_mcm_episode_08hipkj,2,1,0,0,0,0.0,0,0,0,0.0,1,0,1,1.0,-1.0,0,0,0,0,0,0,0,0,0
1558,dio_mcm_episode_06wwep2,dio_mcm_episode_1n87ekd,2,1,0,0,0,0.0,0,0,0,0.0,1,0,1,1.0,-1.0,0,0,0,0,0,0,0,0,0
1559,dio_mcm_episode_06wwep2,dio_mcm_episode_1m4fasf,2,1,0,0,0,0.0,0,0,0,0.0,1,0,1,1.0,-1.0,0,0,0,0,0,0,0,0,0
1560,dio_mcm_episode_06wwep2,dio_mcm_episode_1lufp3g,2,1,0,0,0,0.0,0,0,0,0.0,1,0,1,1.0,-1.0,0,0,0,0,0,0,0,0,0
1561,dio_mcm_episode_06wwep2,dio_mcm_episode_0asyqb4,2,1,0,0,0,0.0,0,0,0,0.0,1,0,1,1.0,-1.0,0,0,0,0,0,0,0,0,0
1562,dio_mcm_episode_06mzyi2,dio_mcm_episode_0uie72q,2,1,0,0,0,0.0,1,0,1,1.0,0,0,1,0.0,-1.0,0,0,0,0,0,0,0,0,0
1563,dio_mcm_episode_05ziutl,dio_mcm_episode_1pxk29d,2,1,0,0,0,0.0,1,0,1,1.0,0,0,0,0.0,-1.0,0,0,0,0,0,0,0,0,0
1564,dio_mcm_episode_05ziutl,dio_mcm_episode_1n87ekd,2,1,0,0,0,0.0,0,0,0,0.0,1,0,1,1.0,-1.0,0,0,0,0,0,0,0,0,0
1565,dio_mcm_episode_05ziutl,dio_mcm_episode_1m4fasf,2,1,0,0,0,0.0,0,0,0,0.0,1,0,1,1.0,-1.0,0,0,0,0,0,0,0,0,0
1566,dio_mcm_episode_05ziutl,dio_mcm_episode_0asyqb4,2,1,0,0,0,0.0,0,0,0,0.0,1,0,1,1.0,-1.0,0,0,0,0,0,0,0,0,0
1567,dio_mcm_episode_05upp98,dio_mcm_episode_1ubfji8,2,1,0,0,0,0.0,0,0,0,0.0,1,0,1,1.0,-1.0,0,0,0,0,0,0,0,0,0
1568,dio_mcm_episode_05upp98,dio_mcm_episode_1qv5i56,2,1,0,0,0,0.0,0,0,0,0.0,1,0,1,1.0,-1.0,0,0,0,0,0,0,0,0,0
1569,dio_mcm_episode_05upp98,dio_mcm_episode_0qo35nd,2,1,0,0,0,0.0,1,0,1,1.0,0,0,0,0.0,-1.0,0,0,0,0,0,0,0,0,0
1570,dio_mcm_episode_0333eoh,dio_mcm_episode_0o8aklj,2,1,0,0,0,0.0,0,0,0,0.0,1,0,1,1.0,-1.0,0,0,0,0,0,0,0,0,0
1571,dio_mcm_episode_0333eoh,dio_mcm_episode_0fuuq8k,2,1,0,0,0,0.0,0,0,0,0.0,1,0,1,1.0,-1.0,0,0,0,0,0,0,0,0,0
1572,dio_mcm_episode_02t3szi,dio_mcm_episode_0o8aklj,2,1,0,0,0,0.0,0,0,0,0.0,1,0,1,1.0,-1.0,0,0,0,0,0,0,0,0,0
1573,dio_mcm_episode_02moxon,dio_mcm_episode_0hwyq0s,2,1,0,0,0,0.0,0,0,0,0.0,1,0,1,1.0,-1.0,0,0,0,0,0,0,0,0,0
1574,dio_mcm_episode_021zt73,dio_mcm_episode_1n87ekd,2,1,0,0,0,0.0,0,0,0,0.0,1,0,1,1.0,-1.0,0,0,0,0,0,0,0,0,0
1575,dio_mcm_episode_021zt73,dio_mcm_episode_06mzyi2,2,1,0,0,0,0.0,1,0,1,1.0,0,0,1,0.0,-1.0,0,0,0,0,0,0,0,0,0
1576,dio_mcm_episode_02035dk,dio_mcm_episode_1xf3yvv,2,1,0,0,0,0.0,0,0,0,0.0,1,0,1,1.0,-1.0,0,0,0,0,0,0,0,0,0
1577,dio_mcm_episode_02035dk,dio_mcm_episode_1pxk29d,2,1,0,0,0,0.0,1,0,1,1.0,0,0,0,0.0,-1.0,0,0,0,0,0,0,0,0,0
1578,dio_mcm_episode_02035dk,dio_mcm_episode_1lufp3g,2,1,0,0,0,0.0,0,0,0,0.0,1,0,1,1.0,-1.0,0,0,0,0,0,0,0,0,0
1579,dio_mcm_episode_02035dk,dio_mcm_episode_0v4y2fb,2,1,0,0,0,0.0,1,0,1,1.0,0,0,0,0.0,-1.0,0,0,0,0,0,0,0,0,0
1580,dio_mcm_episode_02035dk,dio_mcm_episode_0lyvlac,2,1,0,0,0,0.0,0,0,0,0.0,1,0,1,1.0,-1.0,0,0,0,0,0,0,0,0,0
1581,dio_mcm_episode_02035dk,dio_mcm_episode_0ezwt7z,2,1,0,0,0,0.0,0,0,0,0.0,1,0,1,1.0,-1.0,0,0,0,0,0,0,0,0,0
1582,dio_mcm_episode_015suys,dio_mcm_episode_1ubfji8,2,1,0,0,0,0.0,0,0,0,0.0,1,0,1,1.0,-1.0,0,0,0,0,0,0,0,0,0
1583,dio_mcm_episode_015suys,dio_mcm_episode_0q4hk03,2,1,0,0,0,0.0,0,0,0,0.0,1,0,1,1.0,-1.0,0,0,0,0,0,0,0,0,0
1584,dio_mcm_episode_1r0aq59,dio_mcm_episode_1yjaw9h,1,1,1,0,1,1.0,0,0,0,0.0,0,0,0,0.0,1.0,0,0,0,1,0,1,0,0,0
1585,dio_mcm_episode_1ac9vkf,dio_mcm_episode_1r0aq59,1,1,1,0,1,1.0,0,0,0,0.0,0,0,0,0.0,1.0,1,0,1,0,0,0,0,0,0
1586,dio_mcm_episode_177ycjt,dio_mcm_episode_1e3smq7,1,1,1,0,1,1.0,0,0,4,0.0,0,0,3,0.0,1.0,0,0,0,1,0,1,0,0,0
1587,dio_mcm_episode_0wdjdlr,dio_mcm_episode_14za7lv,1,1,1,0,1,1.0,0,0,0,0.0,0,0,0,0.0,1.0,0,0,0,1,0,1,0,0,0
1588,dio_mcm_episode_0vcr3lw,dio_mcm_episode_1eav7xq,1,1,1,0,1,1.0,0,0,0,0.0,0,0,0,0.0,1.0,0,0,0,0,0,0,1,0,1
1589,dio_mcm_episode_0vcr3lw,dio_mcm_episode_17u1915,1,1,1,0,1,1.0,0,0,0,0.0,0,0,0,0.0,1.0,0,0,0,1,0,1,0,0,0
1590,dio_mcm_episode_0lje5cp,dio_mcm_episode_1r0aq59,1,1,1,0,1,1.0,0,0,0,0.0,0,0,0,0.0,1.0,1,0,1,0,0,0,0,0,0
1591,dio_mcm_episode_0lje5cp,dio_mcm_episode_1otryhf,1,1,1,0,1,1.0,0,0,0,0.0,0,0,0,0.0,1.0,1,0,1,0,0,0,0,0,0
1592,dio_mcm_episode_0lje5cp,dio_mcm_episode_1ac9vkf,1,1,1,0,1,1.0,0,0,0,0.0,0,0,0,0.0,1.0,1,0,1,0,0,0,0,0,0
1593,dio_mcm_episode_0lgktm5,dio_mcm_episode_1pxk29d,1,1,1,0,1,1.0,0,0,1,0.0,0,0,0,0.0,1.0,0,0,0,1,0,1,0,0,0
1594,dio_mcm_episode_0lcbs8p,dio_mcm_episode_1vjymvi,1,1,1,0,1,1.0,0,0,2,0.0,0,0,0,0.0,1.0,0,0,0,1,0,1,0,0,0
1595,dio_mcm_episode_0lcbs8p,dio_mcm_episode_1pxk29d,1,1,1,0,1,1.0,0,0,0,0.0,0,0,0,0.0,1.0,0,0,0,0,0,0,1,0,1
1596,dio_mcm_episode_0lcbs8p,dio_mcm_episode_1otryhf,1,1,1,0,1,1.0,0,0,0,0.0,0,0,0,0.0,1.0,0,0,0,1,0,1,0,0,0
1597,dio_mcm_episode_0w3jrws,dio_mcm_episode_1pxk29d,1,1,1,0,2,0.5,0,0,2,0.0,0,0,0,0.0,0.5,0,0,0,1,0,1,0,0,1
1598,dio_mcm_episode_0tusrny,dio_mcm_episode_1r0aq59,1,1,1,0,2,0.5,0,0,0,0.0,0,0,0,0.0,0.5,0,0,0,1,0,2,0,0,0
1599,dio_mcm_episode_0tusrny,dio_mcm_episode_1otryhf,1,1,1,0,2,0.5,0,0,0,0.0,0,0,0,0.0,0.5,0,0,0,1,0,2,0,0,0
1600,dio_mcm_episode_0tusrny,dio_mcm_episode_1ac9vkf,1,1,1,0,2,0.5,0,0,0,0.0,0,0,0,0.0,0.5,0,0,0,1,0,2,0,0,0
1601,dio_mcm_episode_0sjyas0,dio_mcm_episode_1eav7xq,1,1,1,0,2,0.5,0,0,0,0.0,0,0,0,0.0,0.5,0,0,0,1,0,2,0,0,0
1602,dio_mcm_episode_0sjyas0,dio_mcm_episode_0vcr3lw,1,1,1,0,2,0.5,0,0,0,0.0,0,0,0,0.0,0.5,0,0,0,1,0,2,0,0,0
1603,dio_mcm_episode_0lgktm5,dio_mcm_episode_0w3jrws,1,1,1,0,2,0.5,0,0,4,0.0,0,0,1,0.0,0.5,1,0,1,0,0,1,0,0,0
1604,dio_mcm_episode_09etg5e,dio_mcm_episode_0lcbs8p,1,1,1,0,2,0.5,0,0,4,0.0,0,0,0,0.0,0.5,0,0,0,1,0,2,0,0,0
1605,dio_mcm_episode_06fse02,dio_mcm_episode_0lcbs8p,1,1,1,0,3,0.3333333333333333,0,0,2,0.0,0,0,0,0.0,0.3333333333333333,0,0,0,0,0,2,1,0,1
1606,dio_mcm_episode_04appcg,dio_mcm_episode_15iabbt,1,1,1,0,3,0.3333333333333333,0,0,15,0.0,0,0,14,0.0,0.3333333333333333,0,0,2,1,0,1,0,0,0
1607,dio_mcm_episode_1ac9vkf,dio_mcm_episode_1w9k3lg,1,1,1,0,4,0.25,0,0,5,0.0,0,0,0,0.0,0.25,0,0,3,1,0,1,0,0,0
1608,dio_mcm_episode_0tkt5yz,dio_mcm_episode_14za7lv,1,1,1,0,4,0.25,0,0,0,0.0,0,0,0,0.0,0.25,0,0,1,1,0,3,0,0,0
1609,dio_mcm_episode_0pjt45q,dio_mcm_episode_1w9k3lg,1,1,1,0,4,0.25,0,0,9,0.0,0,0,5,0.0,0.25,0,0,3,1,0,1,0,0,0
1610,dio_mcm_episode_078b3aq,dio_mcm_episode_0tusrny,1,1,1,0,4,0.25,0,0,2,0.0,0,0,0,0.0,0.25,0,0,0,1,0,4,0,0,0
1611,dio_mcm_episode_04appcg,dio_mcm_episode_1e3smq7,1,1,1,0,4,0.25,0,0,19,0.0,0,0,21,0.0,0.25,0,0,0,0,0,3,1,0,1
1612,dio_mcm_episode_0gslldm,dio_mcm_episode_0qo35nd,1,1,1,0,5,0.2,0,0,11,0.0,0,0,0,0.0,0.2,0,0,0,0,0,1,1,0,4
1613,dio_mcm_episode_07iaozp,dio_mcm_episode_14za7lv,1,1,1,0,6,0.16666666666666666,0,0,6,0.0,0,0,0,0.0,0.16666666666666666,0,0,5,1,0,1,0,0,0
1614,dio_mcm_episode_0pjt45q,dio_mcm_episode_1orxzd6,1,1,1,0,7,0.14285714285714285,0,0,23,0.0,0,0,16,0.0,0.14285714285714285,0,0,3,1,0,4,0,0,0
1615,dio_mcm_episode_07iaozp,dio_mcm_episode_1pxk29d,1,1,1,0,7,0.14285714285714285,0,0,6,0.0,0,0,0,0.0,0.14285714285714285,0,0,0,0,0,6,1,0,1
1616,dio_mcm_episode_15iabbt,dio_mcm_episode_1qpd84c,1,1,1,0,8,0.125,0,0,28,0.0,0,0,24,0.0,0.125,0,0,4,1,0,4,0,0,0
1617,dio_mcm_episode_0t4969n,dio_mcm_episode_14za7lv,1,1,1,0,8,0.125,0,0,5,0.0,0,0,0,0.0,0.125,0,0,5,1,0,3,0,0,0
1618,dio_mcm_episode_0fa830n,dio_mcm_episode_0t4969n,1,1,1,0,9,0.1111111111111111,0,0,14,0.0,0,0,5,0.0,0.1111111111111111,0,0,0,1,0,6,0,0,3
1619,dio_mcm_episode_040q3nh,dio_mcm_episode_0ob26z1,1,1,1,0,11,0.09090909090909091,0,0,24,0.0,0,0,12,0.0,0.09090909090909091,0,0,5,1,0,6,0,0,0
1620,dio_mcm_episode_0ffk9vo,dio_mcm_episode_17yc79r,1,1,1,0,14,0.07142857142857142,0,0,54,0.0,0,0,52,0.0,0.07142857142857142,1,0,10,0,0,4,0,0,0
1621,dio_mcm_episode_06fse02,dio_mcm_episode_0tkt5yz,1,1,1,0,14,0.07142857142857142,0,0,10,0.0,0,0,0,0.0,0.07142857142857142,0,0,3,0,0,8,1,0,3
1622,dio_mcm_episode_14oenqv,dio_mcm_episode_1qpd84c,1,1,1,0,16,0.0625,0,0,32,0.0,0,0,12,0.0,0.0625,0,0,4,1,0,8,0,0,4
1623,dio_mcm_episode_0hchn9l,dio_mcm_episode_0tkt5yz,1,1,1,0,25,0.04,0,0,25,0.0,0,0,0,0.0,0.04,0,0,8,1,0,14,0,0,3
1624,dio_mcm_episode_0satl98,dio_mcm_episode_1tvdhgs,1,1,0,0,232,0.0,1,0,802,0.0012468827930174563,0,0,466,0.0,-0.0012468827930174563,0,0,87,0,0,113,0,0,32
1625,dio_mcm_episode_040q3nh,dio_mcm_episode_1xdd59l,1,1,0,0,129,0.0,1,0,273,0.003663003663003663,0,0,138,0.0,-0.003663003663003663,0,0,33,0,0,66,0,0,30
1626,dio_mcm_episode_1ohydo7,dio_mcm_episode_1ugezq6,1,1,0,0,62,0.0,0,0,246,0.0,1,0,197,0.005076142131979695,-0.005076142131979695,0,0,21,0,0,32,0,0,9
1627,dio_mcm_episode_0mx1107,dio_mcm_episode_1o7n3vj,1,1,0,0,86,0.0,0,0,264,0.0,1,0,190,0.005263157894736842,-0.005263157894736842,0,0,50,0,0,36,0,0,0
1628,dio_mcm_episode_0ff8lrz,dio_mcm_episode_1o7gsvl,1,1,0,0,47,0.0,1,0,188,0.005319148936170213,0,0,182,0.0,-0.005319148936170213,0,0,15,0,0,24,0,0,8
1629,dio_mcm_episode_04appcg,dio_mcm_episode_1xdd59l,1,1,0,0,48,0.0,1,0,132,0.007575757575757576,0,0,81,0.0,-0.007575757575757576,0,0,18,0,0,24,0,0,6
1630,dio_mcm_episode_14oenqv,dio_mcm_episode_1x3djkm,1,1,0,0,45,0.0,1,0,113,0.008849557522123894,0,0,45,0.0,-0.008849557522123894,0,0,12,0,0,23,0,0,10
1631,dio_mcm_episode_04appcg,dio_mcm_episode_0ffk9vo,1,1,0,0,28,0.0,1,0,101,0.009900990099009901,0,0,90,0.0,-0.009900990099009901,0,0,15,0,0,11,0,0,2
1632,dio_mcm_episode_04appcg,dio_mcm_episode_1vu7n3a,1,1,0,0,30,0.0,1,0,88,0.011363636363636364,0,0,48,0.0,-0.011363636363636364,0,0,15,0,0,13,0,0,2
1633,dio_mcm_episode_04appcg,dio_mcm_episode_14y2lc5,1,1,0,0,27,0.0,0,0,95,0.0,1,0,81,0.012345679012345678,-0.012345679012345678,0,0,11,0,0,13,0,0,3
1634,dio_mcm_episode_0b4v1an,dio_mcm_episode_0gslldm,1,1,0,0,12,0.0,1,0,74,0.013513513513513514,0,0,96,0.0,-0.013513513513513514,0,0,0,0,0,3,0,0,9
1635,dio_mcm_episode_07iaozp,dio_mcm_episode_1rj8742,1,1,0,0,21,0.0,0,0,102,0.0,1,0,69,0.014492753623188406,-0.014492753623188406,0,0,6,0,0,13,0,0,2
1636,dio_mcm_episode_17yc79r,dio_mcm_episode_1o7gsvl,1,1,0,0,15,0.0,0,0,63,0.0,1,0,63,0.015873015873015872,-0.015873015873015872,0,0,9,0,0,6,0,0,0
1637,dio_mcm_episode_17yc79r,dio_mcm_episode_1qpd84c,1,1,0,0,16,0.0,1,0,56,0.017857142857142856,0,0,47,0.0,-0.017857142857142856,0,0,8,0,0,8,0,0,0
1638,dio_mcm_episode_0gslldm,dio_mcm_episode_0tkt5yz,1,1,0,0,22,0.0,1,0,55,0.01818181818181818,0,0,0,0.0,-0.01818181818181818,0,0,2,0,0,11,0,0,9
1639,dio_mcm_episode_0qo35nd,dio_mcm_episode_1x557o1,1,1,0,0,26,0.0,1,0,54,0.018518518518518517,0,0,0,0.0,-0.018518518518518517,0,0,0,0,0,15,0,0,11
1640,dio_mcm_episode_0bpgwtp,dio_mcm_episode_1x557o1,1,1,0,0,0,0.0,0,0,27,0.0,1,0,53,0.018867924528301886,-0.018867924528301886,0,0,0,0,0,0,0,0,0
1641,dio_mcm_episode_076w0e1,dio_mcm_episode_1x557o1,1,1,0,0,0,0.0,0,0,27,0.0,1,0,53,0.018867924528301886,-0.018867924528301886,0,0,0,0,0,0,0,0,0
1642,dio_mcm_episode_1o7gsvl,dio_mcm_episode_1wtjaze,1,1,0,0,0,0.0,0,0,24,0.0,1,0,48,0.020833333333333332,-0.020833333333333332,0,0,0,0,0,0,0,0,0
1643,dio_mcm_episode_1no5vl8,dio_mcm_episode_1o7gsvl,1,1,0,0,7,0.0,0,0,39,0.0,1,0,47,0.02127659574468085,-0.02127659574468085,0,0,0,0,0,5,0,0,2
1644,dio_mcm_episode_0lje5cp,dio_mcm_episode_1nxni6k,1,1,0,0,18,0.0,1,0,47,0.02127659574468085,0,0,0,0.0,-0.02127659574468085,0,0,9,0,0,9,0,0,0
1645,dio_mcm_episode_0sc9rzg,dio_mcm_episode_1o7n3vj,1,1,0,0,23,0.0,1,0,40,0.025,0,0,0,0.0,-0.025,0,0,14,0,0,9,0,0,0
1646,dio_mcm_episode_14ef21w,dio_mcm_episode_1o7n3vj,1,1,0,0,0,0.0,0,0,24,0.0,1,0,39,0.02564102564102564,-0.02564102564102564,0,0,0,0,0,0,0,0,0
1647,dio_mcm_episode_15a14p0,dio_mcm_episode_1e3smq7,1,1,0,0,8,0.0,1,0,38,0.02631578947368421,0,0,41,0.0,-0.02631578947368421,0,0,0,0,0,7,0,0,1
1648,dio_mcm_episode_0ffk9vo,dio_mcm_episode_1u81eqa,1,1,0,0,0,0.0,0,0,21,0.0,1,0,38,0.02631578947368421,-0.02631578947368421,0,0,0,0,0,0,0,0,0
1649,dio_mcm_episode_1qv5i56,dio_mcm_episode_1tvdhgs,1,1,0,0,0,0.0,0,0,19,0.0,1,0,37,0.02702702702702703,-0.02702702702702703,0,0,0,0,0,0,0,0,0
1650,dio_mcm_episode_17yc79r,dio_mcm_episode_1o7yrz8,1,1,0,0,12,0.0,1,0,36,0.027777777777777776,0,0,24,0.0,-0.027777777777777776,0,0,6,0,0,6,0,0,0
1651,dio_mcm_episode_1e3smq7,dio_mcm_episode_1vu7n3a,1,1,0,0,8,0.0,1,0,33,0.030303030303030304,0,0,20,0.0,-0.030303030303030304,0,0,0,0,0,7,0,0,1
1652,dio_mcm_episode_06fse02,dio_mcm_episode_0b4v1an,1,1,0,0,9,0.0,1,0,33,0.030303030303030304,0,0,17,0.0,-0.030303030303030304,0,0,0,0,0,6,0,0,3
1653,dio_mcm_episode_17u1915,dio_mcm_episode_1qlxgj7,1,1,0,0,19,0.0,1,0,31,0.03225806451612903,0,0,0,0.0,-0.03225806451612903,0,0,11,0,0,8,0,0,0
1654,dio_mcm_episode_04appcg,dio_mcm_episode_14wgkn2,1,1,0,0,4,0.0,1,0,31,0.03225806451612903,0,0,42,0.0,-0.03225806451612903,0,0,3,0,0,1,0,0,0
1655,dio_mcm_episode_1ohydo7,dio_mcm_episode_1yrr2yr,1,1,0,0,11,0.0,1,0,29,0.034482758620689655,0,0,0,0.0,-0.034482758620689655,0,0,7,0,0,4,0,0,0
1656,dio_mcm_episode_0ilwqth,dio_mcm_episode_158apmu,1,1,0,0,12,0.0,1,0,29,0.034482758620689655,0,0,14,0.0,-0.034482758620689655,0,0,0,0,0,9,0,0,3
1657,dio_mcm_episode_1ohydo7,dio_mcm_episode_1qpzgcl,1,1,0,0,0,0.0,0,0,12,0.0,1,0,28,0.03571428571428571,-0.03571428571428571,0,0,0,0,0,0,0,0,0
1658,dio_mcm_episode_04asuuf,dio_mcm_episode_15iabbt,1,1,0,0,6,0.0,1,0,28,0.03571428571428571,0,0,32,0.0,-0.03571428571428571,0,0,4,0,0,2,0,0,0
1659,dio_mcm_episode_0hdhhqh,dio_mcm_episode_1ugezq6,1,1,0,0,0,0.0,0,0,24,0.0,1,0,27,0.037037037037037035,-0.037037037037037035,0,0,0,0,0,0,0,0,0
1660,dio_mcm_episode_05dxhcl,dio_mcm_episode_0gk1zl7,1,1,0,0,11,0.0,1,0,26,0.038461538461538464,0,0,15,0.0,-0.038461538461538464,0,0,6,0,0,5,0,0,0
1661,dio_mcm_episode_1vpfj3r,dio_mcm_episode_1wtjaze,1,1,0,0,0,0.0,0,0,15,0.0,1,0,24,0.041666666666666664,-0.041666666666666664,0,0,0,0,0,0,0,0,0
1662,dio_mcm_episode_1no5vl8,dio_mcm_episode_1o7yrz8,1,1,0,0,6,0.0,1,0,24,0.041666666666666664,0,0,18,0.0,-0.041666666666666664,0,0,0,0,0,3,0,0,3
1663,dio_mcm_episode_0sjyas0,dio_mcm_episode_1rj8742,1,1,0,0,6,0.0,1,0,24,0.041666666666666664,0,0,0,0.0,-0.041666666666666664,0,0,2,0,0,4,0,0,0
1664,dio_mcm_episode_0gslldm,dio_mcm_episode_1vty8kh,1,1,0,0,0,0.0,0,0,10,0.0,1,0,22,0.045454545454545456,-0.045454545454545456,0,0,0,0,0,0,0,0,0
1665,dio_mcm_episode_14obi8w,dio_mcm_episode_1wjjpaf,1,1,0,0,0,0.0,0,0,6,0.0,1,0,21,0.047619047619047616,-0.047619047619047616,0,0,0,0,0,0,0,0,0
1666,dio_mcm_episode_1qpd84c,dio_mcm_episode_1xiamcv,1,1,0,0,8,0.0,1,0,20,0.05,0,0,12,0.0,-0.05,0,0,4,0,0,4,0,0,0
1667,dio_mcm_episode_14wgkn2,dio_mcm_episode_158apmu,1,1,0,0,3,0.0,1,0,20,0.05,0,0,12,0.0,-0.05,0,0,0,0,0,3,0,0,0
1668,dio_mcm_episode_0hchn9l,dio_mcm_episode_0jx9fyz,1,1,0,0,5,0.0,1,0,20,0.05,0,0,15,0.0,-0.05,0,0,4,0,0,1,0,0,0
1669,dio_mcm_episode_17ybb3q,dio_mcm_episode_1tvdhgs,1,1,0,0,0,0.0,1,0,19,0.05263157894736842,0,0,37,0.0,-0.05263157894736842,0,0,0,0,0,0,0,0,0
1670,dio_mcm_episode_16n1irr,dio_mcm_episode_1tvdhgs,1,1,0,0,0,0.0,1,0,19,0.05263157894736842,0,0,38,0.0,-0.05263157894736842,0,0,0,0,0,0,0,0,0
1671,dio_mcm_episode_0pzlboa,dio_mcm_episode_0vklbgh,1,1,0,0,2,0.0,1,0,19,0.05263157894736842,0,0,16,0.0,-0.05263157894736842,0,0,2,0,0,0,0,0,0
1672,dio_mcm_episode_0hx21nm,dio_mcm_episode_1tvdhgs,1,1,0,0,0,0.0,1,0,19,0.05263157894736842,0,0,37,0.0,-0.05263157894736842,0,0,0,0,0,0,0,0,0
1673,dio_mcm_episode_0satl98,dio_mcm_episode_0t109kz,1,1,0,0,0,0.0,1,0,17,0.058823529411764705,0,0,13,0.0,-0.058823529411764705,0,0,0,0,0,0,0,0,0
1674,dio_mcm_episode_0hx21nm,dio_mcm_episode_0satl98,1,1,0,0,0,0.0,1,0,17,0.058823529411764705,0,0,13,0.0,-0.058823529411764705,0,0,0,0,0,0,0,0,0
1675,dio_mcm_episode_076w0e1,dio_mcm_episode_0satl98,1,1,0,0,0,0.0,1,0,17,0.058823529411764705,0,0,13,0.0,-0.058823529411764705,0,0,0,0,0,0,0,0,0
1676,dio_mcm_episode_14o2zn6,dio_mcm_episode_1orxzd6,1,1,0,0,0,0.0,0,0,7,0.0,1,0,16,0.0625,-0.0625,0,0,0,0,0,0,0,0,0
1677,dio_mcm_episode_14o2zn6,dio_mcm_episode_1o7gsvl,1,1,0,0,0,0.0,0,0,8,0.0,1,0,16,0.0625,-0.0625,0,0,0,0,0,0,0,0,0
1678,dio_mcm_episode_13wf48a,dio_mcm_episode_1vpfj3r,1,1,0,0,0,0.0,0,0,10,0.0,1,0,16,0.0625,-0.0625,0,0,0,0,0,0,0,0,0
1679,dio_mcm_episode_0vklbgh,dio_mcm_episode_1m4fasf,1,1,0,0,0,0.0,0,0,3,0.0,1,0,16,0.0625,-0.0625,0,0,0,0,0,0,0,0,0
1680,dio_mcm_episode_0vklbgh,dio_mcm_episode_17ybb3q,1,1,0,0,0,0.0,0,0,3,0.0,1,0,16,0.0625,-0.0625,0,0,0,0,0,0,0,0,0
1681,dio_mcm_episode_0ob26z1,dio_mcm_episode_1vu7n3a,1,1,0,0,8,0.0,1,0,16,0.0625,0,0,7,0.0,-0.0625,0,0,6,0,0,2,0,0,0
1682,dio_mcm_episode_04asuuf,dio_mcm_episode_1x6pis8,1,1,0,0,0,0.0,0,0,6,0.0,1,0,16,0.0625,-0.0625,0,0,0,0,0,0,0,0,0
1683,dio_mcm_episode_04asuuf,dio_mcm_episode_1dtt118,1,1,0,0,0,0.0,0,0,6,0.0,1,0,16,0.0625,-0.0625,0,0,0,0,0,0,0,0,0
1684,dio_mcm_episode_04asuuf,dio_mcm_episode_0hwyq0s,1,1,0,0,0,0.0,0,0,6,0.0,1,0,16,0.0625,-0.0625,0,0,0,0,0,0,0,0,0
1685,dio_mcm_episode_0h2l72l,dio_mcm_episode_0vklbgh,1,1,0,0,0,0.0,0,0,3,0.0,1,0,15,0.06666666666666667,-0.06666666666666667,0,0,0,0,0,0,0,0,0
1686,dio_mcm_episode_05dxhcl,dio_mcm_episode_1eav7xq,1,1,0,0,10,0.0,1,0,15,0.06666666666666667,0,0,0,0.0,-0.06666666666666667,0,0,0,0,0,6,0,0,4
1687,dio_mcm_episode_05dxhcl,dio_mcm_episode_0wdjdlr,1,1,0,0,10,0.0,1,0,15,0.06666666666666667,0,0,0,0.0,-0.06666666666666667,0,0,0,0,0,6,0,0,4
1688,dio_mcm_episode_05dxhcl,dio_mcm_episode_0bd9lsr,1,1,0,0,0,0.0,0,0,11,0.0,1,0,15,0.06666666666666667,-0.06666666666666667,0,0,0,0,0,0,0,0,0
1689,dio_mcm_episode_07iaozp,dio_mcm_episode_1i3ov0z,1,1,0,0,0,0.0,1,0,14,0.07142857142857142,0,0,12,0.0,-0.07142857142857142,0,0,0,0,0,0,0,0,0
1690,dio_mcm_episode_05dxhcl,dio_mcm_episode_1m4fasf,1,1,0,0,0,0.0,0,0,11,0.0,1,0,14,0.07142857142857142,-0.07142857142857142,0,0,0,0,0,0,0,0,0
1691,dio_mcm_episode_0ob26z1,dio_mcm_episode_1vpfj3r,1,1,0,0,5,0.0,1,0,13,0.07692307692307693,0,0,8,0.0,-0.07692307692307693,0,0,2,0,0,3,0,0,0
1692,dio_mcm_episode_07iaozp,dio_mcm_episode_0gk1zl7,1,1,0,0,6,0.0,1,0,13,0.07692307692307693,0,0,6,0.0,-0.07692307692307693,0,0,5,0,0,1,0,0,0
1693,dio_mcm_episode_021zt73,dio_mcm_episode_0satl98,1,1,0,0,0,0.0,0,0,17,0.0,1,0,13,0.07692307692307693,-0.07692307692307693,0,0,0,0,0,0,0,0,0
1694,dio_mcm_episode_1o7yrz8,dio_mcm_episode_1sddzs5,1,1,0,0,0,0.0,0,0,12,0.0,1,0,12,0.08333333333333333,-0.08333333333333333,0,0,0,0,0,0,0,0,0
1695,dio_mcm_episode_1gzkzf9,dio_mcm_episode_1rj8742,1,1,0,0,0,0.0,0,0,3,0.0,1,0,12,0.08333333333333333,-0.08333333333333333,0,0,0,0,0,0,0,0,0
1696,dio_mcm_episode_0t109kz,dio_mcm_episode_1f1nrkg,1,1,0,0,0,0.0,1,0,12,0.08333333333333333,0,0,11,0.0,-0.08333333333333333,0,0,0,0,0,0,0,0,0
1697,dio_mcm_episode_0lyvlac,dio_mcm_episode_1f1nrkg,1,1,0,0,0,0.0,1,0,12,0.08333333333333333,0,0,11,0.0,-0.08333333333333333,0,0,0,0,0,0,0,0,0
1698,dio_mcm_episode_0l909ce,dio_mcm_episode_1x3r1y4,1,1,0,0,0,0.0,1,0,12,0.08333333333333333,0,0,19,0.0,-0.08333333333333333,0,0,0,0,0,0,0,0,0
1699,dio_mcm_episode_09etg5e,dio_mcm_episode_0jx9fyz,1,1,0,0,2,0.0,0,0,10,0.0,1,0,12,0.08333333333333333,-0.08333333333333333,0,0,2,0,0,0,0,0,0
1700,dio_mcm_episode_09627ba,dio_mcm_episode_1f1nrkg,1,1,0,0,0,0.0,1,0,12,0.08333333333333333,0,0,11,0.0,-0.08333333333333333,0,0,0,0,0,0,0,0,0
1701,dio_mcm_episode_040q3nh,dio_mcm_episode_14o2zn6,1,1,0,0,0,0.0,0,0,12,0.0,1,0,12,0.08333333333333333,-0.08333333333333333,0,0,0,0,0,0,0,0,0
1702,dio_mcm_episode_1f1nrkg,dio_mcm_episode_1qv5i56,1,1,0,0,0,0.0,0,0,12,0.0,1,0,11,0.09090909090909091,-0.09090909090909091,0,0,0,0,0,0,0,0,0
1703,dio_mcm_episode_1f1nrkg,dio_mcm_episode_1pxk29d,1,1,0,0,12,0.0,1,0,11,0.09090909090909091,0,0,0,0.0,-0.09090909090909091,0,0,0,0,0,6,0,0,6
1704,dio_mcm_episode_1eds8f6,dio_mcm_episode_1xdd59l,1,1,0,0,0,0.0,0,0,12,0.0,1,0,11,0.09090909090909091,-0.09090909090909091,0,0,0,0,0,0,0,0,0
1705,dio_mcm_episode_14obi8w,dio_mcm_episode_1qpd84c,1,1,0,0,0,0.0,0,0,8,0.0,1,0,11,0.09090909090909091,-0.09090909090909091,0,0,0,0,0,0,0,0,0
1706,dio_mcm_episode_0q4hk03,dio_mcm_episode_1rj8742,1,1,0,0,0,0.0,0,0,3,0.0,1,0,11,0.09090909090909091,-0.09090909090909091,0,0,0,0,0,0,0,0,0
1707,dio_mcm_episode_0gslldm,dio_mcm_episode_1m4fasf,1,1,0,0,0,0.0,0,0,5,0.0,1,0,11,0.09090909090909091,-0.09090909090909091,0,0,0,0,0,0,0,0,0
1708,dio_mcm_episode_0gslldm,dio_mcm_episode_17ybb3q,1,1,0,0,0,0.0,0,0,5,0.0,1,0,11,0.09090909090909091,-0.09090909090909091,0,0,0,0,0,0,0,0,0
1709,dio_mcm_episode_0gslldm,dio_mcm_episode_0wdjdlr,1,1,0,0,5,0.0,1,0,11,0.09090909090909091,0,0,0,0.0,-0.09090909090909091,0,0,0,0,0,1,0,0,4
1710,dio_mcm_episode_0gslldm,dio_mcm_episode_0t109kz,1,1,0,0,0,0.0,0,0,5,0.0,1,0,11,0.09090909090909091,-0.09090909090909091,0,0,0,0,0,0,0,0,0
1711,dio_mcm_episode_0gslldm,dio_mcm_episode_0i72w4b,1,1,0,0,5,0.0,0,0,16,0.0,1,0,11,0.09090909090909091,-0.09090909090909091,0,0,0,0,0,1,0,0,4
1712,dio_mcm_episode_0fuuq8k,dio_mcm_episode_0gslldm,1,1,0,0,0,0.0,0,0,5,0.0,1,0,11,0.09090909090909091,-0.09090909090909091,0,0,0,0,0,0,0,0,0
1713,dio_mcm_episode_0fu1xau,dio_mcm_episode_0vorwpi,1,1,0,0,0,0.0,0,0,12,0.0,1,0,11,0.09090909090909091,-0.09090909090909091,0,0,0,0,0,0,0,0,0
1714,dio_mcm_episode_0asyqb4,dio_mcm_episode_0gslldm,1,1,0,0,0,0.0,0,0,5,0.0,1,0,11,0.09090909090909091,-0.09090909090909091,0,0,0,0,0,0,0,0,0
1715,dio_mcm_episode_07x93e7,dio_mcm_episode_1f1nrkg,1,1,0,0,0,0.0,0,0,12,0.0,1,0,11,0.09090909090909091,-0.09090909090909091,0,0,0,0,0,0,0,0,0
1716,dio_mcm_episode_076w0e1,dio_mcm_episode_0gslldm,1,1,0,0,0,0.0,0,0,5,0.0,1,0,11,0.09090909090909091,-0.09090909090909091,0,0,0,0,0,0,0,0,0
1717,dio_mcm_episode_06wwep2,dio_mcm_episode_1f1nrkg,1,1,0,0,0,0.0,0,0,12,0.0,1,0,11,0.09090909090909091,-0.09090909090909091,0,0,0,0,0,0,0,0,0
1718,dio_mcm_episode_05dxhcl,dio_mcm_episode_1qv5i56,1,1,0,0,0,0.0,1,0,11,0.09090909090909091,0,0,15,0.0,-0.09090909090909091,0,0,0,0,0,0,0,0,0
1719,dio_mcm_episode_17ybb3q,dio_mcm_episode_1f1nrkg,1,1,0,0,0,0.0,0,0,12,0.0,1,0,10,0.1,-0.1,0,0,0,0,0,0,0,0,0
1720,dio_mcm_episode_0hchn9l,dio_mcm_episode_1jq4txk,1,1,0,0,0,0.0,1,0,10,0.1,0,0,10,0.0,-0.1,0,0,0,0,0,0,0,0,0
1721,dio_mcm_episode_0hchn9l,dio_mcm_episode_0pzlboa,1,1,0,0,5,0.0,1,0,10,0.1,0,0,5,0.0,-0.1,0,0,4,0,0,1,0,0,0
1722,dio_mcm_episode_0gslldm,dio_mcm_episode_1i3ov0z,1,1,0,0,0,0.0,1,0,10,0.1,0,0,21,0.0,-0.1,0,0,0,0,0,0,0,0,0
1723,dio_mcm_episode_0gslldm,dio_mcm_episode_0hx21nm,1,1,0,0,0,0.0,0,0,5,0.0,1,0,10,0.1,-0.1,0,0,0,0,0,0,0,0,0
1724,dio_mcm_episode_0fu1xau,dio_mcm_episode_0tkt5yz,1,1,0,0,10,0.0,1,0,10,0.1,0,0,0,0.0,-0.1,0,0,4,0,0,6,0,0,0
1725,dio_mcm_episode_06fse02,dio_mcm_episode_0w3jrws,1,1,0,0,6,0.0,1,0,10,0.1,0,0,4,0.0,-0.1,0,0,2,0,0,3,0,0,1
1726,dio_mcm_episode_05bno88,dio_mcm_episode_06fse02,1,1,0,0,6,0.0,1,0,10,0.1,0,0,4,0.0,-0.1,0,0,2,0,0,3,0,0,1
1727,dio_mcm_episode_14wgkn2,dio_mcm_episode_1e3smq7,1,1,0,0,1,0.0,1,0,9,0.1111111111111111,0,0,18,0.0,-0.1111111111111111,0,0,0,0,0,1,0,0,0
1728,dio_mcm_episode_0t4969n,dio_mcm_episode_1m4fasf,1,1,0,0,0,0.0,1,0,9,0.1111111111111111,0,0,5,0.0,-0.1111111111111111,0,0,0,0,0,0,0,0,0
1729,dio_mcm_episode_0lyvlac,dio_mcm_episode_0t4969n,1,1,0,0,0,0.0,1,0,9,0.1111111111111111,0,0,5,0.0,-0.1111111111111111,0,0,0,0,0,0,0,0,0
1730,dio_mcm_episode_1dtt118,dio_mcm_episode_1qpd84c,1,1,0,0,0,0.0,1,0,8,0.125,0,0,12,0.0,-0.125,0,0,0,0,0,0,0,0,0
1731,dio_mcm_episode_16y1wct,dio_mcm_episode_1vu7n3a,1,1,0,0,9,0.0,1,0,7,0.14285714285714285,0,0,0,0.0,-0.14285714285714285,0,0,7,0,0,2,0,0,0
1732,dio_mcm_episode_14wgkn2,dio_mcm_episode_177ycjt,1,1,0,0,1,0.0,1,0,7,0.14285714285714285,0,0,6,0.0,-0.14285714285714285,0,0,1,0,0,0,0,0,0
1733,dio_mcm_episode_14ef21w,dio_mcm_episode_1vpfj3r,1,1,0,0,0,0.0,0,0,5,0.0,1,0,7,0.14285714285714285,-0.14285714285714285,0,0,0,0,0,0,0,0,0
1734,dio_mcm_episode_0yce7uo,dio_mcm_episode_1vu7n3a,1,1,0,0,8,0.0,1,0,7,0.14285714285714285,0,0,0,0.0,-0.14285714285714285,0,0,6,0,0,2,0,0,0
1735,dio_mcm_episode_07iaozp,dio_mcm_episode_1xf3yvv,1,1,0,0,0,0.0,1,0,7,0.14285714285714285,0,0,6,0.0,-0.14285714285714285,0,0,0,0,0,0,0,0,0
1736,dio_mcm_episode_1sddzs5,dio_mcm_episode_1wtjaze,1,1,0,0,0,0.0,0,0,0,0.0,1,0,6,0.16666666666666666,-0.16666666666666666,0,0,0,0,0,0,0,0,0
1737,dio_mcm_episode_14wgkn2,dio_mcm_episode_1dtt118,1,1,0,0,0,0.0,0,0,1,0.0,1,0,6,0.16666666666666666,-0.16666666666666666,0,0,0,0,0,0,0,0,0
1738,dio_mcm_episode_14jcwih,dio_mcm_episode_1u81eqa,1,1,0,0,0,0.0,0,0,0,0.0,1,0,6,0.16666666666666666,-0.16666666666666666,0,0,0,0,0,0,0,0,0
1739,dio_mcm_episode_0vorwpi,dio_mcm_episode_1m4fasf,1,1,0,0,0,0.0,0,0,0,0.0,1,0,6,0.16666666666666666,-0.16666666666666666,0,0,0,0,0,0,0,0,0
1740,dio_mcm_episode_0ob26z1,dio_mcm_episode_14wgkn2,1,1,0,0,1,0.0,0,0,7,0.0,1,0,6,0.16666666666666666,-0.16666666666666666,0,0,1,0,0,0,0,0,0
1741,dio_mcm_episode_0lje5cp,dio_mcm_episode_0qxnz4m,1,1,0,0,6,0.0,1,0,6,0.16666666666666666,0,0,0,0.0,-0.16666666666666666,0,0,2,0,0,4,0,0,0
1742,dio_mcm_episode_0jx9fyz,dio_mcm_episode_0sjyas0,1,1,0,0,2,0.0,1,0,6,0.16666666666666666,0,0,0,0.0,-0.16666666666666666,0,0,2,0,0,0,0,0,0
1743,dio_mcm_episode_0hx21nm,dio_mcm_episode_0vorwpi,1,1,0,0,0,0.0,0,0,0,0.0,1,0,6,0.16666666666666666,-0.16666666666666666,0,0,0,0,0,0,0,0,0
1744,dio_mcm_episode_0ff8lrz,dio_mcm_episode_14obi8w,1,1,0,0,0,0.0,1,0,6,0.16666666666666666,0,0,12,0.0,-0.16666666666666666,0,0,0,0,0,0,0,0,0
1745,dio_mcm_episode_0bsaqu1,dio_mcm_episode_0fu1xau,1,1,0,0,0,0.0,0,0,6,0.0,1,0,6,0.16666666666666666,-0.16666666666666666,0,0,0,0,0,0,0,0,0
1746,dio_mcm_episode_09etg5e,dio_mcm_episode_0pzlboa,1,1,0,0,2,0.0,1,0,6,0.16666666666666666,0,0,4,0.0,-0.16666666666666666,0,0,2,0,0,0,0,0,0
1747,dio_mcm_episode_07iaozp,dio_mcm_episode_1ubfji8,1,1,0,0,0,0.0,0,0,7,0.0,1,0,6,0.16666666666666666,-0.16666666666666666,0,0,0,0,0,0,0,0,0
1748,dio_mcm_episode_07iaozp,dio_mcm_episode_1gzkzf9,1,1,0,0,0,0.0,0,0,7,0.0,1,0,6,0.16666666666666666,-0.16666666666666666,0,0,0,0,0,0,0,0,0
1749,dio_mcm_episode_07iaozp,dio_mcm_episode_1eav7xq,1,1,0,0,7,0.0,1,0,6,0.16666666666666666,0,0,0,0.0,-0.16666666666666666,0,0,0,0,0,6,0,0,1
1750,dio_mcm_episode_07iaozp,dio_mcm_episode_171moy1,1,1,0,0,0,0.0,0,0,7,0.0,1,0,6,0.16666666666666666,-0.16666666666666666,0,0,0,0,0,0,0,0,0
1751,dio_mcm_episode_07iaozp,dio_mcm_episode_0o8aklj,1,1,0,0,0,0.0,0,0,7,0.0,1,0,6,0.16666666666666666,-0.16666666666666666,0,0,0,0,0,0,0,0,0
1752,dio_mcm_episode_06fse02,dio_mcm_episode_1vty8kh,1,1,0,0,0,0.0,1,0,6,0.16666666666666666,0,0,4,0.0,-0.16666666666666666,0,0,0,0,0,0,0,0,0
1753,dio_mcm_episode_05upp98,dio_mcm_episode_07iaozp,1,1,0,0,0,0.0,0,0,7,0.0,1,0,6,0.16666666666666666,-0.16666666666666666,0,0,0,0,0,0,0,0,0
1754,dio_mcm_episode_04asuuf,dio_mcm_episode_14obi8w,1,1,0,0,0,0.0,1,0,6,0.16666666666666666,0,0,15,0.0,-0.16666666666666666,0,0,0,0,0,0,0,0,0
1755,dio_mcm_episode_02cpbzo,dio_mcm_episode_1xiamcv,1,1,0,0,3,0.0,0,0,9,0.0,1,0,6,0.16666666666666666,-0.16666666666666666,0,0,2,0,0,1,0,0,0
1756,dio_mcm_episode_02cpbzo,dio_mcm_episode_0hwyq0s,1,1,0,0,0,0.0,0,0,3,0.0,1,0,6,0.16666666666666666,-0.16666666666666666,0,0,0,0,0,0,0,0,0
1757,dio_mcm_episode_015suys,dio_mcm_episode_07iaozp,1,1,0,0,0,0.0,0,0,7,0.0,1,0,6,0.16666666666666666,-0.16666666666666666,0,0,0,0,0,0,0,0,0
1758,dio_mcm_episode_14o2zn6,dio_mcm_episode_1vpfj3r,1,1,0,0,0,0.0,1,0,5,0.2,0,0,8,0.0,-0.2,0,0,0,0,0,0,0,0,0
1759,dio_mcm_episode_0tkt5yz,dio_mcm_episode_17ybb3q,1,1,0,0,0,0.0,1,0,5,0.2,0,0,0,0.0,-0.2,0,0,0,0,0,0,0,0,0
1760,dio_mcm_episode_0t4969n,dio_mcm_episode_171moy1,1,1,0,0,0,0.0,0,0,9,0.0,1,0,5,0.2,-0.2,0,0,0,0,0,0,0,0,0
1761,dio_mcm_episode_0ptj9cs,dio_mcm_episode_0tkt5yz,1,1,0,0,0,0.0,1,0,5,0.2,0,0,0,0.0,-0.2,0,0,0,0,0,0,0,0,0
1762,dio_mcm_episode_0mx1107,dio_mcm_episode_0yce7uo,1,1,0,0,4,0.0,1,0,5,0.2,0,0,0,0.0,-0.2,0,0,4,0,0,0,0,0,0
1763,dio_mcm_episode_0lj7ucr,dio_mcm_episode_0qxnz4m,1,1,0,0,0,0.0,0,0,6,0.0,1,0,5,0.2,-0.2,0,0,0,0,0,0,0,0,0
1764,dio_mcm_episode_0hchn9l,dio_mcm_episode_1m4fasf,1,1,0,0,0,0.0,1,0,5,0.2,0,0,5,0.0,-0.2,0,0,0,0,0,0,0,0,0
1765,dio_mcm_episode_0hchn9l,dio_mcm_episode_17ybb3q,1,1,0,0,0,0.0,0,0,5,0.0,1,0,5,0.2,-0.2,0,0,0,0,0,0,0,0,0
1766,dio_mcm_episode_0hchn9l,dio_mcm_episode_0uie72q,1,1,0,0,0,0.0,0,0,5,0.0,1,0,5,0.2,-0.2,0,0,0,0,0,0,0,0,0
1767,dio_mcm_episode_0h2l72l,dio_mcm_episode_0tkt5yz,1,1,0,0,0,0.0,1,0,5,0.2,0,0,0,0.0,-0.2,0,0,0,0,0,0,0,0,0
1768,dio_mcm_episode_0bpgwtp,dio_mcm_episode_0hchn9l,1,1,0,0,0,0.0,0,0,5,0.0,1,0,5,0.2,-0.2,0,0,0,0,0,0,0,0,0
1769,dio_mcm_episode_06fse02,dio_mcm_episode_0hvxln3,1,1,0,0,3,0.0,1,0,5,0.2,0,0,2,0.0,-0.2,0,0,2,0,0,1,0,0,0
1770,dio_mcm_episode_1flwfgb,dio_mcm_episode_1vty8kh,1,1,0,0,0,0.0,0,0,2,0.0,1,0,4,0.25,-0.25,0,0,0,0,0,0,0,0,0
1771,dio_mcm_episode_16abfly,dio_mcm_episode_17yc79r,1,1,0,0,2,0.0,1,0,4,0.25,0,0,0,0.0,-0.25,0,0,0,0,0,2,0,0,0
1772,dio_mcm_episode_14obi8w,dio_mcm_episode_1w9k3lg,1,1,0,0,0,0.0,1,0,4,0.25,0,0,5,0.0,-0.25,0,0,0,0,0,0,0,0,0
1773,dio_mcm_episode_14ef21w,dio_mcm_episode_17yc79r,1,1,0,0,0,0.0,0,0,2,0.0,1,0,4,0.25,-0.25,0,0,0,0,0,0,0,0,0
1774,dio_mcm_episode_0tusrny,dio_mcm_episode_1vty8kh,1,1,0,0,0,0.0,1,0,4,0.25,0,0,0,0.0,-0.25,0,0,0,0,0,0,0,0,0
1775,dio_mcm_episode_0tusrny,dio_mcm_episode_1vjymvi,1,1,0,0,2,0.0,1,0,4,0.25,0,0,0,0.0,-0.25,0,0,0,0,0,2,0,0,0
1776,dio_mcm_episode_0sjyas0,dio_mcm_episode_0w3jrws,1,1,0,0,3,0.0,1,0,4,0.25,0,0,0,0.0,-0.25,0,0,1,0,0,2,0,0,0
1777,dio_mcm_episode_0ptj9cs,dio_mcm_episode_1ny5ha7,1,1,0,0,0,0.0,0,0,5,0.0,1,0,4,0.25,-0.25,0,0,0,0,0,0,0,0,0
1778,dio_mcm_episode_0ilwqth,dio_mcm_episode_14obi8w,1,1,0,0,0,0.0,1,0,4,0.25,0,0,7,0.0,-0.25,0,0,0,0,0,0,0,0,0
1779,dio_mcm_episode_0ibx54i,dio_mcm_episode_1e3smq7,1,1,0,0,1,0.0,1,0,4,0.25,0,0,3,0.0,-0.25,0,0,0,0,0,0,0,0,1
1780,dio_mcm_episode_0i72w4b,dio_mcm_episode_0w3jrws,1,1,0,0,2,0.0,1,0,4,0.25,0,0,2,0.0,-0.25,0,0,0,0,0,1,0,0,1
1781,dio_mcm_episode_0hdhhqh,dio_mcm_episode_1xiamcv,1,1,0,0,0,0.0,0,0,4,0.0,1,0,4,0.25,-0.25,0,0,0,0,0,0,0,0,0
1782,dio_mcm_episode_0fu1xau,dio_mcm_episode_1vty8kh,1,1,0,0,0,0.0,0,0,4,0.0,1,0,4,0.25,-0.25,0,0,0,0,0,0,0,0,0
1783,dio_mcm_episode_0fu1xau,dio_mcm_episode_1jq4txk,1,1,0,0,0,0.0,1,0,4,0.25,0,0,3,0.0,-0.25,0,0,0,0,0,0,0,0,0
1784,dio_mcm_episode_0bli7nu,dio_mcm_episode_1vty8kh,1,1,0,0,0,0.0,0,0,2,0.0,1,0,4,0.25,-0.25,0,0,0,0,0,0,0,0,0
1785,dio_mcm_episode_0bli7nu,dio_mcm_episode_0sjyas0,1,1,0,0,2,0.0,1,0,4,0.25,0,0,0,0.0,-0.25,0,0,0,0,0,2,0,0,0
1786,dio_mcm_episode_09etg5e,dio_mcm_episode_0lyvlac,1,1,0,0,0,0.0,0,0,2,0.0,1,0,4,0.25,-0.25,0,0,0,0,0,0,0,0,0
1787,dio_mcm_episode_09etg5e,dio_mcm_episode_0i72w4b,1,1,0,0,2,0.0,0,0,6,0.0,1,0,4,0.25,-0.25,0,0,0,0,0,2,0,0,0
1788,dio_mcm_episode_09etg5e,dio_mcm_episode_0ezwt7z,1,1,0,0,0,0.0,0,0,2,0.0,1,0,4,0.25,-0.25,0,0,0,0,0,0,0,0,0
1789,dio_mcm_episode_05bno88,dio_mcm_episode_1i3ov0z,1,1,0,0,0,0.0,1,0,4,0.25,0,0,4,0.0,-0.25,0,0,0,0,0,0,0,0,0
1790,dio_mcm_episode_05bno88,dio_mcm_episode_1flwfgb,1,1,0,0,2,0.0,0,0,6,0.0,1,0,4,0.25,-0.25,0,0,1,0,0,1,0,0,0
1791,dio_mcm_episode_1u81eqa,dio_mcm_episode_1xiamcv,1,1,0,0,0,0.0,0,0,3,0.0,1,0,3,0.3333333333333333,-0.3333333333333333,0,0,0,0,0,0,0,0,0
1792,dio_mcm_episode_1qfzunm,dio_mcm_episode_1yrr2yr,1,1,0,0,2,0.0,1,0,3,0.3333333333333333,0,0,0,0.0,-0.3333333333333333,0,0,0,0,0,2,0,0,0
1793,dio_mcm_episode_1dtt118,dio_mcm_episode_1wtjaze,1,1,0,0,0,0.0,0,0,0,0.0,1,0,3,0.3333333333333333,-0.3333333333333333,0,0,0,0,0,0,0,0,0
1794,dio_mcm_episode_1ac9vkf,dio_mcm_episode_1no5vl8,1,1,0,0,1,0.0,1,0,3,0.3333333333333333,0,0,0,0.0,-0.3333333333333333,0,0,0,0,0,1,0,0,0
1795,dio_mcm_episode_0sc9rzg,dio_mcm_episode_1wtjaze,1,1,0,0,0,0.0,1,0,3,0.3333333333333333,0,0,0,0.0,-0.3333333333333333,0,0,0,0,0,0,0,0,0
1796,dio_mcm_episode_0q3iv1r,dio_mcm_episode_1e3smq7,1,1,0,0,0,0.0,0,0,1,0.0,1,0,3,0.3333333333333333,-0.3333333333333333,0,0,0,0,0,0,0,0,0
1797,dio_mcm_episode_0pzlboa,dio_mcm_episode_1flwfgb,1,1,0,0,1,0.0,1,0,3,0.3333333333333333,0,0,2,0.0,-0.3333333333333333,0,0,1,0,0,0,0,0,0
1798,dio_mcm_episode_0h2l72l,dio_mcm_episode_0jx9fyz,1,1,0,0,0,0.0,0,0,1,0.0,1,0,3,0.3333333333333333,-0.3333333333333333,0,0,0,0,0,0,0,0,0
1799,dio_mcm_episode_0bsaqu1,dio_mcm_episode_1ubfji8,1,1,0,0,0,0.0,0,0,0,0.0,1,0,3,0.3333333333333333,-0.3333333333333333,0,0,0,0,0,0,0,0,0
1800,dio_mcm_episode_0bsaqu1,dio_mcm_episode_1ciibe9,1,1,0,0,0,0.0,0,0,0,0.0,1,0,3,0.3333333333333333,-0.3333333333333333,0,0,0,0,0,0,0,0,0
1801,dio_mcm_episode_0bsaqu1,dio_mcm_episode_0h2l72l,1,1,0,0,0,0.0,0,0,0,0.0,1,0,3,0.3333333333333333,-0.3333333333333333,0,0,0,0,0,0,0,0,0
1802,dio_mcm_episode_0bli7nu,dio_mcm_episode_0hvxln3,1,1,0,0,1,0.0,1,0,3,0.3333333333333333,0,0,2,0.0,-0.3333333333333333,0,0,0,0,0,1,0,0,0
1803,dio_mcm_episode_09627ba,dio_mcm_episode_0jx9fyz,1,1,0,0,0,0.0,0,0,1,0.0,1,0,3,0.3333333333333333,-0.3333333333333333,0,0,0,0,0,0,0,0,0
1804,dio_mcm_episode_08m65fb,dio_mcm_episode_0hv1uu1,1,1,0,0,0,0.0,1,0,3,0.3333333333333333,0,0,2,0.0,-0.3333333333333333,0,0,0,0,0,0,0,0,0
1805,dio_mcm_episode_08m65fb,dio_mcm_episode_09627ba,1,1,0,0,0,0.0,1,0,3,0.3333333333333333,0,0,2,0.0,-0.3333333333333333,0,0,0,0,0,0,0,0,0
1806,dio_mcm_episode_078b3aq,dio_mcm_episode_0pzlboa,1,1,0,0,2,0.0,1,0,3,0.3333333333333333,0,0,1,0.0,-0.3333333333333333,0,0,2,0,0,0,0,0,0
1807,dio_mcm_episode_078b3aq,dio_mcm_episode_0lgktm5,1,1,0,0,2,0.0,1,0,3,0.3333333333333333,0,0,1,0.0,-0.3333333333333333,0,0,2,0,0,0,0,0,0
1808,dio_mcm_episode_076w0e1,dio_mcm_episode_0l0x9lk,1,1,0,0,0,0.0,0,0,2,0.0,1,0,3,0.3333333333333333,-0.3333333333333333,0,0,0,0,0,0,0,0,0
1809,dio_mcm_episode_06wwep2,dio_mcm_episode_1qfzunm,1,1,0,0,0,0.0,0,0,2,0.0,1,0,3,0.3333333333333333,-0.3333333333333333,0,0,0,0,0,0,0,0,0
1810,dio_mcm_episode_06fse02,dio_mcm_episode_1lufp3g,1,1,0,0,0,0.0,1,0,3,0.3333333333333333,0,0,2,0.0,-0.3333333333333333,0,0,0,0,0,0,0,0,0
1811,dio_mcm_episode_06fse02,dio_mcm_episode_0uie72q,1,1,0,0,0,0.0,1,0,3,0.3333333333333333,0,0,2,0.0,-0.3333333333333333,0,0,0,0,0,0,0,0,0
1812,dio_mcm_episode_06fse02,dio_mcm_episode_0t109kz,1,1,0,0,0,0.0,1,0,3,0.3333333333333333,0,0,2,0.0,-0.3333333333333333,0,0,0,0,0,0,0,0,0
1813,dio_mcm_episode_06fse02,dio_mcm_episode_0lyvlac,1,1,0,0,0,0.0,1,0,3,0.3333333333333333,0,0,2,0.0,-0.3333333333333333,0,0,0,0,0,0,0,0,0
1814,dio_mcm_episode_06fse02,dio_mcm_episode_0fuuq8k,1,1,0,0,0,0.0,1,0,3,0.3333333333333333,0,0,2,0.0,-0.3333333333333333,0,0,0,0,0,0,0,0,0
1815,dio_mcm_episode_06fse02,dio_mcm_episode_0ezwt7z,1,1,0,0,0,0.0,1,0,3,0.3333333333333333,0,0,2,0.0,-0.3333333333333333,0,0,0,0,0,0,0,0,0
1816,dio_mcm_episode_05ziutl,dio_mcm_episode_1qfzunm,1,1,0,0,0,0.0,0,0,2,0.0,1,0,3,0.3333333333333333,-0.3333333333333333,0,0,0,0,0,0,0,0,0
1817,dio_mcm_episode_05upp98,dio_mcm_episode_0bsaqu1,1,1,0,0,0,0.0,0,0,0,0.0,1,0,3,0.3333333333333333,-0.3333333333333333,0,0,0,0,0,0,0,0,0
1818,dio_mcm_episode_02035dk,dio_mcm_episode_0l0x9lk,1,1,0,0,0,0.0,0,0,2,0.0,1,0,3,0.3333333333333333,-0.3333333333333333,0,0,0,0,0,0,0,0,0
1819,dio_mcm_episode_1i3ov0z,dio_mcm_episode_1ubfji8,1,1,0,0,0,0.0,0,0,0,0.0,1,0,2,0.5,-0.5,0,0,0,0,0,0,0,0,0
1820,dio_mcm_episode_1gzkzf9,dio_mcm_episode_1jq4txk,1,1,0,0,0,0.0,0,0,0,0.0,1,0,2,0.5,-0.5,0,0,0,0,0,0,0,0,0
1821,dio_mcm_episode_1eav7xq,dio_mcm_episode_1jq4txk,1,1,0,0,0,0.0,1,0,2,0.5,0,0,0,0.0,-0.5,0,0,0,0,0,0,0,0,0
1822,dio_mcm_episode_1ciibe9,dio_mcm_episode_1jq4txk,1,1,0,0,0,0.0,0,0,0,0.0,1,0,2,0.5,-0.5,0,0,0,0,0,0,0,0,0
1823,dio_mcm_episode_1ciibe9,dio_mcm_episode_1i3ov0z,1,1,0,0,0,0.0,0,0,0,0.0,1,0,2,0.5,-0.5,0,0,0,0,0,0,0,0,0
1824,dio_mcm_episode_17ybb3q,dio_mcm_episode_1flwfgb,1,1,0,0,0,0.0,0,0,1,0.0,1,0,2,0.5,-0.5,0,0,0,0,0,0,0,0,0
1825,dio_mcm_episode_17u1915,dio_mcm_episode_1i3ov0z,1,1,0,0,0,0.0,1,0,2,0.5,0,0,0,0.0,-0.5,0,0,0,0,0,0,0,0,0
1826,dio_mcm_episode_16n1irr,dio_mcm_episode_1jq4txk,1,1,0,0,0,0.0,0,0,0,0.0,1,0,2,0.5,-0.5,0,0,0,0,0,0,0,0,0
1827,dio_mcm_episode_15iabbt,dio_mcm_episode_1dtt118,1,1,0,0,0,0.0,0,0,1,0.0,1,0,2,0.5,-0.5,0,0,0,0,0,0,0,0,0
1828,dio_mcm_episode_14oenqv,dio_mcm_episode_1eds8f6,1,1,0,0,0,0.0,1,0,2,0.5,0,0,1,0.0,-0.5,0,0,0,0,0,0,0,0,0
1829,dio_mcm_episode_14ef21w,dio_mcm_episode_19nvu4o,1,1,0,0,0,0.0,1,0,2,0.5,0,0,0,0.0,-0.5,0,0,0,0,0,0,0,0,0
1830,dio_mcm_episode_0wdjdlr,dio_mcm_episode_1vjymvi,1,1,0,0,1,0.0,1,0,2,0.5,0,0,0,0.0,-0.5,0,0,0,0,0,1,0,0,0
1831,dio_mcm_episode_0wdjdlr,dio_mcm_episode_1jq4txk,1,1,0,0,0,0.0,1,0,2,0.5,0,0,0,0.0,-0.5,0,0,0,0,0,0,0,0,0
1832,dio_mcm_episode_0wdjdlr,dio_mcm_episode_1flwfgb,1,1,0,0,1,0.0,1,0,2,0.5,0,0,0,0.0,-0.5,0,0,0,0,0,1,0,0,0
1833,dio_mcm_episode_0w3jrws,dio_mcm_episode_1n87ekd,1,1,0,0,0,0.0,1,0,2,0.5,0,0,2,0.0,-0.5,0,0,0,0,0,0,0,0,0
1834,dio_mcm_episode_0v4y2fb,dio_mcm_episode_0w3jrws,1,1,0,0,2,0.0,1,0,2,0.5,0,0,0,0.0,-0.5,0,0,1,0,0,1,0,0,0
1835,dio_mcm_episode_0uie72q,dio_mcm_episode_1vjymvi,1,1,0,0,0,0.0,0,0,1,0.0,1,0,2,0.5,-0.5,0,0,0,0,0,0,0,0,0
1836,dio_mcm_episode_0tusrny,dio_mcm_episode_1xf3yvv,1,1,0,0,0,0.0,1,0,2,0.5,0,0,0,0.0,-0.5,0,0,0,0,0,0,0,0,0
1837,dio_mcm_episode_0tusrny,dio_mcm_episode_1qpzgcl,1,1,0,0,0,0.0,1,0,2,0.5,0,0,0,0.0,-0.5,0,0,0,0,0,0,0,0,0
1838,dio_mcm_episode_0tusrny,dio_mcm_episode_0ueya1u,1,1,0,0,0,0.0,1,0,2,0.5,0,0,0,0.0,-0.5,0,0,0,0,0,0,0,0,0
1839,dio_mcm_episode_0t109kz,dio_mcm_episode_1vty8kh,1,1,0,0,0,0.0,0,0,0,0.0,1,0,2,0.5,-0.5,0,0,0,0,0,0,0,0,0
1840,dio_mcm_episode_0t109kz,dio_mcm_episode_0w3jrws,1,1,0,0,0,0.0,1,0,2,0.5,0,0,2,0.0,-0.5,0,0,0,0,0,0,0,0,0
1841,dio_mcm_episode_0t109kz,dio_mcm_episode_0tusrny,1,1,0,0,0,0.0,1,0,2,0.5,0,0,0,0.0,-0.5,0,0,0,0,0,0,0,0,0
1842,dio_mcm_episode_0sjyas0,dio_mcm_episode_1ubfji8,1,1,0,0,0,0.0,1,0,2,0.5,0,0,0,0.0,-0.5,0,0,0,0,0,0,0,0,0
1843,dio_mcm_episode_0qo35nd,dio_mcm_episode_1i3ov0z,1,1,0,0,0,0.0,1,0,2,0.5,0,0,0,0.0,-0.5,0,0,0,0,0,0,0,0,0
1844,dio_mcm_episode_0q4hk03,dio_mcm_episode_1i3ov0z,1,1,0,0,0,0.0,0,0,0,0.0,1,0,2,0.5,-0.5,0,0,0,0,0,0,0,0,0
1845,dio_mcm_episode_0q4hk03,dio_mcm_episode_0sjyas0,1,1,0,0,0,0.0,1,0,2,0.5,0,0,0,0.0,-0.5,0,0,0,0,0,0,0,0,0
1846,dio_mcm_episode_0ptj9cs,dio_mcm_episode_0tusrny,1,1,0,0,0,0.0,1,0,2,0.5,0,0,0,0.0,-0.5,0,0,0,0,0,0,0,0,0
1847,dio_mcm_episode_0o8aklj,dio_mcm_episode_1vjymvi,1,1,0,0,0,0.0,0,0,1,0.0,1,0,2,0.5,-0.5,0,0,0,0,0,0,0,0,0
1848,dio_mcm_episode_0lj7ucr,dio_mcm_episode_0w3jrws,1,1,0,0,0,0.0,1,0,2,0.5,0,0,2,0.0,-0.5,0,0,0,0,0,0,0,0,0
1849,dio_mcm_episode_0lgktm5,dio_mcm_episode_1vty8kh,1,1,0,0,0,0.0,1,0,2,0.5,0,0,1,0.0,-0.5,0,0,0,0,0,0,0,0,0
1850,dio_mcm_episode_0lgktm5,dio_mcm_episode_0tusrny,1,1,0,0,2,0.0,1,0,2,0.5,0,0,0,0.0,-0.5,0,0,0,0,0,2,0,0,0
1851,dio_mcm_episode_0lcbs8p,dio_mcm_episode_0w3jrws,1,1,0,0,2,0.0,1,0,2,0.5,0,0,0,0.0,-0.5,0,0,0,0,0,1,0,0,1
1852,dio_mcm_episode_0jjnvvv,dio_mcm_episode_0tusrny,1,1,0,0,0,0.0,1,0,2,0.5,0,0,0,0.0,-0.5,0,0,0,0,0,0,0,0,0
1853,dio_mcm_episode_0i72w4b,dio_mcm_episode_1jq4txk,1,1,0,0,0,0.0,0,0,2,0.0,1,0,2,0.5,-0.5,0,0,0,0,0,0,0,0,0
1854,dio_mcm_episode_0i72w4b,dio_mcm_episode_1flwfgb,1,1,0,0,1,0.0,0,0,3,0.0,1,0,2,0.5,-0.5,0,0,0,0,0,1,0,0,0
1855,dio_mcm_episode_0hx21nm,dio_mcm_episode_0w3jrws,1,1,0,0,0,0.0,0,0,2,0.0,1,0,2,0.5,-0.5,0,0,0,0,0,0,0,0,0
1856,dio_mcm_episode_0hx21nm,dio_mcm_episode_0sjyas0,1,1,0,0,0,0.0,1,0,2,0.5,0,0,0,0.0,-0.5,0,0,0,0,0,0,0,0,0
1857,dio_mcm_episode_0hwyq0s,dio_mcm_episode_1sddzs5,1,1,0,0,0,0.0,0,0,0,0.0,1,0,2,0.5,-0.5,0,0,0,0,0,0,0,0,0
1858,dio_mcm_episode_0hvxln3,dio_mcm_episode_0sjyas0,1,1,0,0,2,0.0,1,0,2,0.5,0,0,0,0.0,-0.5,0,0,2,0,0,0,0,0,0
1859,dio_mcm_episode_0hv1uu1,dio_mcm_episode_1i3ov0z,1,1,0,0,0,0.0,0,0,0,0.0,1,0,2,0.5,-0.5,0,0,0,0,0,0,0,0,0
1860,dio_mcm_episode_0hv1uu1,dio_mcm_episode_0sjyas0,1,1,0,0,0,0.0,1,0,2,0.5,0,0,0,0.0,-0.5,0,0,0,0,0,0,0,0,0
1861,dio_mcm_episode_0h2l72l,dio_mcm_episode_1jq4txk,1,1,0,0,0,0.0,0,0,0,0.0,1,0,2,0.5,-0.5,0,0,0,0,0,0,0,0,0
1862,dio_mcm_episode_0h2l72l,dio_mcm_episode_0w3jrws,1,1,0,0,0,0.0,0,0,2,0.0,1,0,2,0.5,-0.5,0,0,0,0,0,0,0,0,0
1863,dio_mcm_episode_0fu1xau,dio_mcm_episode_0t109kz,1,1,0,0,0,0.0,0,0,2,0.0,1,0,2,0.5,-0.5,0,0,0,0,0,0,0,0,0
1864,dio_mcm_episode_0fa830n,dio_mcm_episode_1vjymvi,1,1,0,0,1,0.0,0,0,3,0.0,1,0,2,0.5,-0.5,0,0,0,0,0,1,0,0,0
1865,dio_mcm_episode_0ezwt7z,dio_mcm_episode_1flwfgb,1,1,0,0,0,0.0,0,0,1,0.0,1,0,2,0.5,-0.5,0,0,0,0,0,0,0,0,0
1866,dio_mcm_episode_0ezwt7z,dio_mcm_episode_0sjyas0,1,1,0,0,0,0.0,1,0,2,0.5,0,0,0,0.0,-0.5,0,0,0,0,0,0,0,0,0
1867,dio_mcm_episode_0bpgwtp,dio_mcm_episode_0sjyas0,1,1,0,0,0,0.0,1,0,2,0.5,0,0,0,0.0,-0.5,0,0,0,0,0,0,0,0,0
1868,dio_mcm_episode_0bli7nu,dio_mcm_episode_1w9crd1,1,1,0,0,0,0.0,0,0,1,0.0,1,0,2,0.5,-0.5,0,0,0,0,0,0,0,0,0
1869,dio_mcm_episode_0bli7nu,dio_mcm_episode_1eav7xq,1,1,0,0,1,0.0,1,0,2,0.5,0,0,0,0.0,-0.5,0,0,0,0,0,0,0,0,1
1870,dio_mcm_episode_0bli7nu,dio_mcm_episode_0fuuq8k,1,1,0,0,0,0.0,0,0,1,0.0,1,0,2,0.5,-0.5,0,0,0,0,0,0,0,0,0
1871,dio_mcm_episode_0bd9lsr,dio_mcm_episode_1vty8kh,1,1,0,0,0,0.0,0,0,0,0.0,1,0,2,0.5,-0.5,0,0,0,0,0,0,0,0,0
1872,dio_mcm_episode_0bd9lsr,dio_mcm_episode_0sjyas0,1,1,0,0,0,0.0,1,0,2,0.5,0,0,0,0.0,-0.5,0,0,0,0,0,0,0,0,0
1873,dio_mcm_episode_0bd9lsr,dio_mcm_episode_0fu1xau,1,1,0,0,0,0.0,0,0,2,0.0,1,0,2,0.5,-0.5,0,0,0,0,0,0,0,0,0
1874,dio_mcm_episode_0asyqb4,dio_mcm_episode_0w3jrws,1,1,0,0,0,0.0,1,0,2,0.5,0,0,1,0.0,-0.5,0,0,0,0,0,0,0,0,0
1875,dio_mcm_episode_08m65fb,dio_mcm_episode_1w9crd1,1,1,0,0,0,0.0,0,0,3,0.0,1,0,2,0.5,-0.5,0,0,0,0,0,0,0,0,0
1876,dio_mcm_episode_08m65fb,dio_mcm_episode_1ciibe9,1,1,0,0,0,0.0,0,0,3,0.0,1,0,2,0.5,-0.5,0,0,0,0,0,0,0,0,0
1877,dio_mcm_episode_08g1nk4,dio_mcm_episode_1jq4txk,1,1,0,0,0,0.0,1,0,2,0.5,0,0,0,0.0,-0.5,0,0,0,0,0,0,0,0,0
1878,dio_mcm_episode_078b3aq,dio_mcm_episode_0bli7nu,1,1,0,0,2,0.0,0,0,5,0.0,1,0,2,0.5,-0.5,0,0,0,0,0,2,0,0,0
1879,dio_mcm_episode_078b3aq,dio_mcm_episode_0bd9lsr,1,1,0,0,0,0.0,1,0,2,0.5,0,0,1,0.0,-0.5,0,0,0,0,0,0,0,0,0
1880,dio_mcm_episode_078b3aq,dio_mcm_episode_0asyqb4,1,1,0,0,0,0.0,1,0,2,0.5,0,0,1,0.0,-0.5,0,0,0,0,0,0,0,0,0
1881,dio_mcm_episode_076w0e1,dio_mcm_episode_1vty8kh,1,1,0,0,0,0.0,0,0,0,0.0,1,0,2,0.5,-0.5,0,0,0,0,0,0,0,0,0
1882,dio_mcm_episode_076w0e1,dio_mcm_episode_1flwfgb,1,1,0,0,0,0.0,0,0,1,0.0,1,0,2,0.5,-0.5,0,0,0,0,0,0,0,0,0
1883,dio_mcm_episode_076w0e1,dio_mcm_episode_0bli7nu,1,1,0,0,0,0.0,0,0,1,0.0,1,0,2,0.5,-0.5,0,0,0,0,0,0,0,0,0
1884,dio_mcm_episode_06wwep2,dio_mcm_episode_0w3jrws,1,1,0,0,0,0.0,1,0,2,0.5,0,0,2,0.0,-0.5,0,0,0,0,0,0,0,0,0
1885,dio_mcm_episode_06aqoz9,dio_mcm_episode_0yce7uo,1,1,0,0,0,0.0,1,0,2,0.5,0,0,0,0.0,-0.5,0,0,0,0,0,0,0,0,0
1886,dio_mcm_episode_05ziutl,dio_mcm_episode_0w3jrws,1,1,0,0,0,0.0,1,0,2,0.5,0,0,2,0.0,-0.5,0,0,0,0,0,0,0,0,0
1887,dio_mcm_episode_05upp98,dio_mcm_episode_0sjyas0,1,1,0,0,0,0.0,1,0,2,0.5,0,0,0,0.0,-0.5,0,0,0,0,0,0,0,0,0
1888,dio_mcm_episode_021zt73,dio_mcm_episode_1flwfgb,1,1,0,0,0,0.0,0,0,1,0.0,1,0,2,0.5,-0.5,0,0,0,0,0,0,0,0,0
1889,dio_mcm_episode_021zt73,dio_mcm_episode_0sjyas0,1,1,0,0,0,0.0,1,0,2,0.5,0,0,0,0.0,-0.5,0,0,0,0,0,0,0,0,0
1890,dio_mcm_episode_015suys,dio_mcm_episode_0sjyas0,1,1,0,0,0,0.0,1,0,2,0.5,0,0,0,0.0,-0.5,0,0,0,0,0,0,0,0,0
1891,dio_mcm_episode_015suys,dio_mcm_episode_05bno88,1,1,0,0,0,0.0,1,0,2,0.5,0,0,2,0.0,-0.5,0,0,0,0,0,0,0,0,0
1892,dio_mcm_episode_1ui10f9,dio_mcm_episode_1x3r1y4,1,1,0,0,0,0.0,0,0,0,0.0,1,0,1,1.0,-1.0,0,0,0,0,0,0,0,0,0
1893,dio_mcm_episode_1lufp3g,dio_mcm_episode_1n87ekd,1,1,0,0,0,0.0,0,0,0,0.0,1,0,1,1.0,-1.0,0,0,0,0,0,0,0,0,0
1894,dio_mcm_episode_1gzkzf9,dio_mcm_episode_1ubfji8,1,1,0,0,0,0.0,0,0,0,0.0,1,0,1,1.0,-1.0,0,0,0,0,0,0,0,0,0
1895,dio_mcm_episode_1eav7xq,dio_mcm_episode_1gzkzf9,1,1,0,0,0,0.0,1,0,1,1.0,0,0,0,0.0,-1.0,0,0,0,0,0,0,0,0,0
1896,dio_mcm_episode_1dtt118,dio_mcm_episode_1eds8f6,1,1,0,0,0,0.0,0,0,0,0.0,1,0,1,1.0,-1.0,0,0,0,0,0,0,0,0,0
1897,dio_mcm_episode_1ciibe9,dio_mcm_episode_1ubfji8,1,1,0,0,0,0.0,0,0,0,0.0,1,0,1,1.0,-1.0,0,0,0,0,0,0,0,0,0
1898,dio_mcm_episode_17ybb3q,dio_mcm_episode_1w9crd1,1,1,0,0,0,0.0,0,0,0,0.0,1,0,1,1.0,-1.0,0,0,0,0,0,0,0,0,0
1899,dio_mcm_episode_17u1915,dio_mcm_episode_1gzkzf9,1,1,0,0,0,0.0,1,0,1,1.0,0,0,0,0.0,-1.0,0,0,0,0,0,0,0,0,0
1900,dio_mcm_episode_17u1915,dio_mcm_episode_1ciibe9,1,1,0,0,0,0.0,1,0,1,1.0,0,0,0,0.0,-1.0,0,0,0,0,0,0,0,0,0
1901,dio_mcm_episode_14za7lv,dio_mcm_episode_1n87ekd,1,1,0,0,0,0.0,1,0,1,1.0,0,0,0,0.0,-1.0,0,0,0,0,0,0,0,0,0
1902,dio_mcm_episode_14za7lv,dio_mcm_episode_1m4fasf,1,1,0,0,0,0.0,1,0,1,1.0,0,0,0,0.0,-1.0,0,0,0,0,0,0,0,0,0
1903,dio_mcm_episode_14za7lv,dio_mcm_episode_1lufp3g,1,1,0,0,0,0.0,1,0,1,1.0,0,0,0,0.0,-1.0,0,0,0,0,0,0,0,0,0
1904,dio_mcm_episode_14obi8w,dio_mcm_episode_1x3r1y4,1,1,0,0,0,0.0,0,0,0,0.0,1,0,1,1.0,-1.0,0,0,0,0,0,0,0,0,0
1905,dio_mcm_episode_14obi8w,dio_mcm_episode_1eds8f6,1,1,0,0,0,0.0,0,0,0,0.0,1,0,1,1.0,-1.0,0,0,0,0,0,0,0,0,0
1906,dio_mcm_episode_14o2zn6,dio_mcm_episode_1x3r1y4,1,1,0,0,0,0.0,0,0,0,0.0,1,0,1,1.0,-1.0,0,0,0,0,0,0,0,0,0
1907,dio_mcm_episode_14ef21w,dio_mcm_episode_1x3r1y4,1,1,0,0,0,0.0,0,0,0,0.0,1,0,1,1.0,-1.0,0,0,0,0,0,0,0,0,0
1908,dio_mcm_episode_14ef21w,dio_mcm_episode_1dtt118,1,1,0,0,0,0.0,0,0,0,0.0,1,0,1,1.0,-1.0,0,0,0,0,0,0,0,0,0
1909,dio_mcm_episode_14ef21w,dio_mcm_episode_14obi8w,1,1,0,0,0,0.0,0,0,0,0.0,1,0,1,1.0,-1.0,0,0,0,0,0,0,0,0,0
1910,dio_mcm_episode_149dati,dio_mcm_episode_1xiamcv,1,1,0,0,1,0.0,1,0,1,1.0,0,0,0,0.0,-1.0,0,0,1,0,0,0,0,0,0
1911,dio_mcm_episode_149dati,dio_mcm_episode_1ui10f9,1,1,0,0,0,0.0,1,0,1,1.0,0,0,0,0.0,-1.0,0,0,0,0,0,0,0,0,0
1912,dio_mcm_episode_149dati,dio_mcm_episode_14obi8w,1,1,0,0,0,0.0,1,0,1,1.0,0,0,0,0.0,-1.0,0,0,0,0,0,0,0,0,0
1913,dio_mcm_episode_0wdjdlr,dio_mcm_episode_16n1irr,1,1,0,0,0,0.0,1,0,1,1.0,0,0,0,0.0,-1.0,0,0,0,0,0,0,0,0,0
1914,dio_mcm_episode_0vcr3lw,dio_mcm_episode_1ubfji8,1,1,0,0,0,0.0,1,0,1,1.0,0,0,0,0.0,-1.0,0,0,0,0,0,0,0,0,0
1915,dio_mcm_episode_0vcr3lw,dio_mcm_episode_1gzkzf9,1,1,0,0,0,0.0,1,0,1,1.0,0,0,0,0.0,-1.0,0,0,0,0,0,0,0,0,0
1916,dio_mcm_episode_0v4y2fb,dio_mcm_episode_1m4fasf,1,1,0,0,0,0.0,1,0,1,1.0,0,0,0,0.0,-1.0,0,0,0,0,0,0,0,0,0
1917,dio_mcm_episode_0uie72q,dio_mcm_episode_171moy1,1,1,0,0,0,0.0,0,0,0,0.0,1,0,1,1.0,-1.0,0,0,0,0,0,0,0,0,0
1918,dio_mcm_episode_0ueya1u,dio_mcm_episode_1xf3yvv,1,1,0,0,0,0.0,0,0,0,0.0,1,0,1,1.0,-1.0,0,0,0,0,0,0,0,0,0
1919,dio_mcm_episode_0ueya1u,dio_mcm_episode_1qpzgcl,1,1,0,0,0,0.0,0,0,0,0.0,1,0,1,1.0,-1.0,0,0,0,0,0,0,0,0,0
1920,dio_mcm_episode_0ueya1u,dio_mcm_episode_1pxk29d,1,1,0,0,0,0.0,1,0,1,1.0,0,0,0,0.0,-1.0,0,0,0,0,0,0,0,0,0
1921,dio_mcm_episode_0ueya1u,dio_mcm_episode_1lufp3g,1,1,0,0,0,0.0,0,0,0,0.0,1,0,1,1.0,-1.0,0,0,0,0,0,0,0,0,0
1922,dio_mcm_episode_0ueya1u,dio_mcm_episode_171moy1,1,1,0,0,0,0.0,0,0,0,0.0,1,0,1,1.0,-1.0,0,0,0,0,0,0,0,0,0
1923,dio_mcm_episode_0t109kz,dio_mcm_episode_1xf3yvv,1,1,0,0,0,0.0,0,0,0,0.0,1,0,1,1.0,-1.0,0,0,0,0,0,0,0,0,0
1924,dio_mcm_episode_0t109kz,dio_mcm_episode_1pxk29d,1,1,0,0,0,0.0,1,0,1,1.0,0,0,0,0.0,-1.0,0,0,0,0,0,0,0,0,0
1925,dio_mcm_episode_0t109kz,dio_mcm_episode_1m4fasf,1,1,0,0,0,0.0,0,0,0,0.0,1,0,1,1.0,-1.0,0,0,0,0,0,0,0,0,0
1926,dio_mcm_episode_0t109kz,dio_mcm_episode_1lufp3g,1,1,0,0,0,0.0,0,0,0,0.0,1,0,1,1.0,-1.0,0,0,0,0,0,0,0,0,0
1927,dio_mcm_episode_0qo35nd,dio_mcm_episode_1qv5i56,1,1,0,0,0,0.0,1,0,1,1.0,0,0,0,0.0,-1.0,0,0,0,0,0,0,0,0,0
1928,dio_mcm_episode_0q4hk03,dio_mcm_episode_1ubfji8,1,1,0,0,0,0.0,0,0,0,0.0,1,0,1,1.0,-1.0,0,0,0,0,0,0,0,0,0
1929,dio_mcm_episode_0q4hk03,dio_mcm_episode_1eav7xq,1,1,0,0,0,0.0,1,0,1,1.0,0,0,0,0.0,-1.0,0,0,0,0,0,0,0,0,0
1930,dio_mcm_episode_0q4hk03,dio_mcm_episode_17u1915,1,1,0,0,0,0.0,1,0,1,1.0,0,0,0,0.0,-1.0,0,0,0,0,0,0,0,0,0
1931,dio_mcm_episode_0q4hk03,dio_mcm_episode_0vcr3lw,1,1,0,0,0,0.0,1,0,1,1.0,0,0,0,0.0,-1.0,0,0,0,0,0,0,0,0,0
1932,dio_mcm_episode_0q3iv1r,dio_mcm_episode_1yrr2yr,1,1,0,0,0,0.0,1,0,1,1.0,0,0,0,0.0,-1.0,0,0,0,0,0,0,0,0,0
1933,dio_mcm_episode_0q3iv1r,dio_mcm_episode_0sc9rzg,1,1,0,0,0,0.0,1,0,1,1.0,0,0,0,0.0,-1.0,0,0,0,0,0,0,0,0,0
1934,dio_mcm_episode_0pzlboa,dio_mcm_episode_1ubfji8,1,1,0,0,0,0.0,0,0,1,0.0,1,0,1,1.0,-1.0,0,0,0,0,0,0,0,0,0
1935,dio_mcm_episode_0pzlboa,dio_mcm_episode_17ybb3q,1,1,0,0,0,0.0,1,0,1,1.0,0,0,1,0.0,-1.0,0,0,0,0,0,0,0,0,0
1936,dio_mcm_episode_0pzlboa,dio_mcm_episode_0vcr3lw,1,1,0,0,1,0.0,1,0,1,1.0,0,0,0,0.0,-1.0,0,0,0,0,0,1,0,0,0
1937,dio_mcm_episode_0pzlboa,dio_mcm_episode_0q4hk03,1,1,0,0,0,0.0,0,0,1,0.0,1,0,1,1.0,-1.0,0,0,0,0,0,0,0,0,0
1938,dio_mcm_episode_0ptj9cs,dio_mcm_episode_1r0aq59,1,1,0,0,0,0.0,1,0,1,1.0,0,0,0,0.0,-1.0,0,0,0,0,0,0,0,0,0
1939,dio_mcm_episode_0ptj9cs,dio_mcm_episode_1otryhf,1,1,0,0,0,0.0,1,0,1,1.0,0,0,0,0.0,-1.0,0,0,0,0,0,0,0,0,0
1940,dio_mcm_episode_0ptj9cs,dio_mcm_episode_0uie72q,1,1,0,0,0,0.0,0,0,0,0.0,1,0,1,1.0,-1.0,0,0,0,0,0,0,0,0,0
1941,dio_mcm_episode_0ptj9cs,dio_mcm_episode_0t109kz,1,1,0,0,0,0.0,0,0,0,0.0,1,0,1,1.0,-1.0,0,0,0,0,0,0,0,0,0
1942,dio_mcm_episode_0ptj9cs,dio_mcm_episode_0sc9rzg,1,1,0,0,0,0.0,1,0,1,1.0,0,0,0,0.0,-1.0,0,0,0,0,0,0,0,0,0
1943,dio_mcm_episode_0ptj9cs,dio_mcm_episode_0q3iv1r,1,1,0,0,0,0.0,0,0,0,0.0,1,0,1,1.0,-1.0,0,0,0,0,0,0,0,0,0
1944,dio_mcm_episode_0o8aklj,dio_mcm_episode_1n87ekd,1,1,0,0,0,0.0,0,0,0,0.0,1,0,1,1.0,-1.0,0,0,0,0,0,0,0,0,0
1945,dio_mcm_episode_0o8aklj,dio_mcm_episode_1flwfgb,1,1,0,0,0,0.0,1,0,1,1.0,0,0,2,0.0,-1.0,0,0,0,0,0,0,0,0,0
1946,dio_mcm_episode_0lyvlac,dio_mcm_episode_1xf3yvv,1,1,0,0,0,0.0,0,0,0,0.0,1,0,1,1.0,-1.0,0,0,0,0,0,0,0,0,0
1947,dio_mcm_episode_0lyvlac,dio_mcm_episode_1pxk29d,1,1,0,0,0,0.0,1,0,1,1.0,0,0,0,0.0,-1.0,0,0,0,0,0,0,0,0,0
1948,dio_mcm_episode_0lyvlac,dio_mcm_episode_1n87ekd,1,1,0,0,0,0.0,0,0,0,0.0,1,0,1,1.0,-1.0,0,0,0,0,0,0,0,0,0
1949,dio_mcm_episode_0lyvlac,dio_mcm_episode_1lufp3g,1,1,0,0,0,0.0,0,0,0,0.0,1,0,1,1.0,-1.0,0,0,0,0,0,0,0,0,0
1950,dio_mcm_episode_0lt7g1q,dio_mcm_episode_1xf3yvv,1,1,0,0,0,0.0,0,0,0,0.0,1,0,1,1.0,-1.0,0,0,0,0,0,0,0,0,0
1951,dio_mcm_episode_0lt7g1q,dio_mcm_episode_1pxk29d,1,1,0,0,0,0.0,1,0,1,1.0,0,0,0,0.0,-1.0,0,0,0,0,0,0,0,0,0
1952,dio_mcm_episode_0lt7g1q,dio_mcm_episode_1n87ekd,1,1,0,0,0,0.0,0,0,0,0.0,1,0,1,1.0,-1.0,0,0,0,0,0,0,0,0,0
1953,dio_mcm_episode_0lt7g1q,dio_mcm_episode_17ybb3q,1,1,0,0,0,0.0,0,0,0,0.0,1,0,1,1.0,-1.0,0,0,0,0,0,0,0,0,0
1954,dio_mcm_episode_0lt7g1q,dio_mcm_episode_14za7lv,1,1,0,0,0,0.0,1,0,1,1.0,0,0,0,0.0,-1.0,0,0,0,0,0,0,0,0,0
1955,dio_mcm_episode_0lt7g1q,dio_mcm_episode_0wdjdlr,1,1,0,0,0,0.0,1,0,1,1.0,0,0,0,0.0,-1.0,0,0,0,0,0,0,0,0,0
1956,dio_mcm_episode_0lt7g1q,dio_mcm_episode_0ueya1u,1,1,0,0,0,0.0,0,0,0,0.0,1,0,1,1.0,-1.0,0,0,0,0,0,0,0,0,0
1957,dio_mcm_episode_0lt7g1q,dio_mcm_episode_0t109kz,1,1,0,0,0,0.0,0,0,0,0.0,1,0,1,1.0,-1.0,0,0,0,0,0,0,0,0,0
1958,dio_mcm_episode_0lje5cp,dio_mcm_episode_1qpzgcl,1,1,0,0,0,0.0,1,0,1,1.0,0,0,0,0.0,-1.0,0,0,0,0,0,0,0,0,0
1959,dio_mcm_episode_0lj7ucr,dio_mcm_episode_1yjaw9h,1,1,0,0,0,0.0,1,0,1,1.0,0,0,0,0.0,-1.0,0,0,0,0,0,0,0,0,0
1960,dio_mcm_episode_0lj7ucr,dio_mcm_episode_1r0aq59,1,1,0,0,0,0.0,1,0,1,1.0,0,0,0,0.0,-1.0,0,0,0,0,0,0,0,0,0
1961,dio_mcm_episode_0lgktm5,dio_mcm_episode_1xf3yvv,1,1,0,0,0,0.0,1,0,1,1.0,0,0,1,0.0,-1.0,0,0,0,0,0,0,0,0,0
1962,dio_mcm_episode_0lgktm5,dio_mcm_episode_1lufp3g,1,1,0,0,0,0.0,1,0,1,1.0,0,0,1,0.0,-1.0,0,0,0,0,0,0,0,0,0
1963,dio_mcm_episode_0lgktm5,dio_mcm_episode_0lt7g1q,1,1,0,0,0,0.0,1,0,1,1.0,0,0,1,0.0,-1.0,0,0,0,0,0,0,0,0,0
1964,dio_mcm_episode_0lcbs8p,dio_mcm_episode_1lufp3g,1,1,0,0,0,0.0,1,0,1,1.0,0,0,0,0.0,-1.0,0,0,0,0,0,0,0,0,0
1965,dio_mcm_episode_0lcbs8p,dio_mcm_episode_171moy1,1,1,0,0,0,0.0,1,0,1,1.0,0,0,0,0.0,-1.0,0,0,0,0,0,0,0,0,0
1966,dio_mcm_episode_0jx9fyz,dio_mcm_episode_1w9crd1,1,1,0,0,0,0.0,1,0,1,1.0,0,0,3,0.0,-1.0,0,0,0,0,0,0,0,0,0
1967,dio_mcm_episode_0jjnvvv,dio_mcm_episode_1ac9vkf,1,1,0,0,0,0.0,1,0,1,1.0,0,0,0,0.0,-1.0,0,0,0,0,0,0,0,0,0
1968,dio_mcm_episode_0jjnvvv,dio_mcm_episode_0t109kz,1,1,0,0,0,0.0,0,0,0,0.0,1,0,1,1.0,-1.0,0,0,0,0,0,0,0,0,0
1969,dio_mcm_episode_0jjnvvv,dio_mcm_episode_0lt7g1q,1,1,0,0,0,0.0,0,0,0,0.0,1,0,1,1.0,-1.0,0,0,0,0,0,0,0,0,0
1970,dio_mcm_episode_0ibx54i,dio_mcm_episode_1x6pis8,1,1,0,0,0,0.0,0,0,1,0.0,1,0,1,1.0,-1.0,0,0,0,0,0,0,0,0,0
1971,dio_mcm_episode_0ibx54i,dio_mcm_episode_14obi8w,1,1,0,0,0,0.0,1,0,1,1.0,0,0,1,0.0,-1.0,0,0,0,0,0,0,0,0,0
1972,dio_mcm_episode_0ibx54i,dio_mcm_episode_0jjnvvv,1,1,0,0,0,0.0,1,0,1,1.0,0,0,1,0.0,-1.0,0,0,0,0,0,0,0,0,0
1973,dio_mcm_episode_0i72w4b,dio_mcm_episode_1w9crd1,1,1,0,0,0,0.0,0,0,1,0.0,1,0,1,1.0,-1.0,0,0,0,0,0,0,0,0,0
1974,dio_mcm_episode_0i72w4b,dio_mcm_episode_1pxk29d,1,1,0,0,1,0.0,1,0,1,1.0,0,0,0,0.0,-1.0,0,0,0,0,0,0,0,0,1
1975,dio_mcm_episode_0hx21nm,dio_mcm_episode_17ybb3q,1,1,0,0,0,0.0,0,0,0,0.0,1,0,1,1.0,-1.0,0,0,0,0,0,0,0,0,0
1976,dio_mcm_episode_0hx21nm,dio_mcm_episode_0wdjdlr,1,1,0,0,0,0.0,1,0,1,1.0,0,0,0,0.0,-1.0,0,0,0,0,0,0,0,0,0
1977,dio_mcm_episode_0hx21nm,dio_mcm_episode_0v4y2fb,1,1,0,0,0,0.0,1,0,1,1.0,0,0,0,0.0,-1.0,0,0,0,0,0,0,0,0,0
1978,dio_mcm_episode_0hx21nm,dio_mcm_episode_0pzlboa,1,1,0,0,0,0.0,1,0,1,1.0,0,0,1,0.0,-1.0,0,0,0,0,0,0,0,0,0
1979,dio_mcm_episode_0hx21nm,dio_mcm_episode_0lyvlac,1,1,0,0,0,0.0,0,0,0,0.0,1,0,1,1.0,-1.0,0,0,0,0,0,0,0,0,0
1980,dio_mcm_episode_0hwyq0s,dio_mcm_episode_16abfly,1,1,0,0,0,0.0,1,0,1,1.0,0,0,0,0.0,-1.0,0,0,0,0,0,0,0,0,0
1981,dio_mcm_episode_0hwyq0s,dio_mcm_episode_0ob26z1,1,1,0,0,0,0.0,0,0,1,0.0,1,0,1,1.0,-1.0,0,0,0,0,0,0,0,0,0
1982,dio_mcm_episode_0hvxln3,dio_mcm_episode_1gzkzf9,1,1,0,0,0,0.0,1,0,1,1.0,0,0,1,0.0,-1.0,0,0,0,0,0,0,0,0,0
1983,dio_mcm_episode_0hvxln3,dio_mcm_episode_1ciibe9,1,1,0,0,0,0.0,0,0,1,0.0,1,0,1,1.0,-1.0,0,0,0,0,0,0,0,0,0
1984,dio_mcm_episode_0hv1uu1,dio_mcm_episode_1ciibe9,1,1,0,0,0,0.0,0,0,0,0.0,1,0,1,1.0,-1.0,0,0,0,0,0,0,0,0,0
1985,dio_mcm_episode_0hv1uu1,dio_mcm_episode_0vcr3lw,1,1,0,0,0,0.0,1,0,1,1.0,0,0,0,0.0,-1.0,0,0,0,0,0,0,0,0,0
1986,dio_mcm_episode_0hv1uu1,dio_mcm_episode_0pzlboa,1,1,0,0,0,0.0,0,0,1,0.0,1,0,1,1.0,-1.0,0,0,0,0,0,0,0,0,0
1987,dio_mcm_episode_0h2l72l,dio_mcm_episode_1vjymvi,1,1,0,0,0,0.0,1,0,1,1.0,0,0,2,0.0,-1.0,0,0,0,0,0,0,0,0,0
1988,dio_mcm_episode_0h2l72l,dio_mcm_episode_1n87ekd,1,1,0,0,0,0.0,0,0,0,0.0,1,0,1,1.0,-1.0,0,0,0,0,0,0,0,0,0
1989,dio_mcm_episode_0h2l72l,dio_mcm_episode_1m4fasf,1,1,0,0,0,0.0,0,0,0,0.0,1,0,1,1.0,-1.0,0,0,0,0,0,0,0,0,0
1990,dio_mcm_episode_0h2l72l,dio_mcm_episode_1gzkzf9,1,1,0,0,0,0.0,0,0,0,0.0,1,0,1,1.0,-1.0,0,0,0,0,0,0,0,0,0
1991,dio_mcm_episode_0h2l72l,dio_mcm_episode_0t109kz,1,1,0,0,0,0.0,0,0,0,0.0,1,0,1,1.0,-1.0,0,0,0,0,0,0,0,0,0
1992,dio_mcm_episode_0h2l72l,dio_mcm_episode_0q4hk03,1,1,0,0,0,0.0,0,0,0,0.0,1,0,1,1.0,-1.0,0,0,0,0,0,0,0,0,0
1993,dio_mcm_episode_0h2l72l,dio_mcm_episode_0i72w4b,1,1,0,0,0,0.0,0,0,1,0.0,1,0,1,1.0,-1.0,0,0,0,0,0,0,0,0,0
1994,dio_mcm_episode_0h2l72l,dio_mcm_episode_0hx21nm,1,1,0,0,0,0.0,0,0,0,0.0,1,0,1,1.0,-1.0,0,0,0,0,0,0,0,0,0
1995,dio_mcm_episode_0h2l72l,dio_mcm_episode_0hvxln3,1,1,0,0,0,0.0,0,0,1,0.0,1,0,1,1.0,-1.0,0,0,0,0,0,0,0,0,0
1996,dio_mcm_episode_0gk1zl7,dio_mcm_episode_17ybb3q,1,1,0,0,0,0.0,1,0,1,1.0,0,0,1,0.0,-1.0,0,0,0,0,0,0,0,0,0
1997,dio_mcm_episode_0fuuq8k,dio_mcm_episode_1pxk29d,1,1,0,0,0,0.0,1,0,1,1.0,0,0,0,0.0,-1.0,0,0,0,0,0,0,0,0,0
1998,dio_mcm_episode_0fuuq8k,dio_mcm_episode_1n87ekd,1,1,0,0,0,0.0,0,0,0,0.0,1,0,1,1.0,-1.0,0,0,0,0,0,0,0,0,0
1999,dio_mcm_episode_0fuuq8k,dio_mcm_episode_0h2l72l,1,1,0,0,0,0.0,0,0,0,0.0,1,0,1,1.0,-1.0,0,0,0,0,0,0,0,0,0
2000,dio_mcm_episode_0fa830n,dio_mcm_episode_0lt7g1q,1,1,0,0,0,0.0,0,0,1,0.0,1,0,1,1.0,-1.0,0,0,0,0,0,0,0,0,0
2001,dio_mcm_episode_0fa830n,dio_mcm_episode_0h2l72l,1,1,0,0,0,0.0,1,0,1,1.0,0,0,1,0.0,-1.0,0,0,0,0,0,0,0,0,0
2002,dio_mcm_episode_0ezwt7z,dio_mcm_episode_1xf3yvv,1,1,0,0,0,0.0,0,0,0,0.0,1,0,1,1.0,-1.0,0,0,0,0,0,0,0,0,0
2003,dio_mcm_episode_0ezwt7z,dio_mcm_episode_1vjymvi,1,1,0,0,0,0.0,1,0,1,1.0,0,0,2,0.0,-1.0,0,0,0,0,0,0,0,0,0
2004,dio_mcm_episode_0ezwt7z,dio_mcm_episode_0wdjdlr,1,1,0,0,0,0.0,1,0,1,1.0,0,0,0,0.0,-1.0,0,0,0,0,0,0,0,0,0
2005,dio_mcm_episode_0ezwt7z,dio_mcm_episode_0pzlboa,1,1,0,0,0,0.0,1,0,1,1.0,0,0,1,0.0,-1.0,0,0,0,0,0,0,0,0,0
2006,dio_mcm_episode_0ezwt7z,dio_mcm_episode_0lt7g1q,1,1,0,0,0,0.0,0,0,0,0.0,1,0,1,1.0,-1.0,0,0,0,0,0,0,0,0,0
2007,dio_mcm_episode_0ezwt7z,dio_mcm_episode_0i72w4b,1,1,0,0,0,0.0,0,0,1,0.0,1,0,1,1.0,-1.0,0,0,0,0,0,0,0,0,0
2008,dio_mcm_episode_0ezwt7z,dio_mcm_episode_0h2l72l,1,1,0,0,0,0.0,0,0,0,0.0,1,0,1,1.0,-1.0,0,0,0,0,0,0,0,0,0
2009,dio_mcm_episode_0ezwt7z,dio_mcm_episode_0fa830n,1,1,0,0,0,0.0,1,0,1,1.0,0,0,1,0.0,-1.0,0,0,0,0,0,0,0,0,0
2010,dio_mcm_episode_0bpgwtp,dio_mcm_episode_1w9crd1,1,1,0,0,0,0.0,0,0,0,0.0,1,0,1,1.0,-1.0,0,0,0,0,0,0,0,0,0
2011,dio_mcm_episode_0bpgwtp,dio_mcm_episode_1eav7xq,1,1,0,0,0,0.0,1,0,1,1.0,0,0,0,0.0,-1.0,0,0,0,0,0,0,0,0,0
2012,dio_mcm_episode_0bpgwtp,dio_mcm_episode_0pzlboa,1,1,0,0,0,0.0,0,0,1,0.0,1,0,1,1.0,-1.0,0,0,0,0,0,0,0,0,0
2013,dio_mcm_episode_0bpgwtp,dio_mcm_episode_0jx9fyz,1,1,0,0,0,0.0,1,0,1,1.0,0,0,2,0.0,-1.0,0,0,0,0,0,0,0,0,0
2014,dio_mcm_episode_0bpgwtp,dio_mcm_episode_0hvxln3,1,1,0,0,0,0.0,1,0,1,1.0,0,0,0,0.0,-1.0,0,0,0,0,0,0,0,0,0
2015,dio_mcm_episode_0bli7nu,dio_mcm_episode_0bpgwtp,1,1,0,0,0,0.0,1,0,1,1.0,0,0,2,0.0,-1.0,0,0,0,0,0,0,0,0,0
2016,dio_mcm_episode_0bd9lsr,dio_mcm_episode_1n87ekd,1,1,0,0,0,0.0,0,0,0,0.0,1,0,1,1.0,-1.0,0,0,0,0,0,0,0,0,0
2017,dio_mcm_episode_0bd9lsr,dio_mcm_episode_14za7lv,1,1,0,0,0,0.0,1,0,1,1.0,0,0,0,0.0,-1.0,0,0,0,0,0,0,0,0,0
2018,dio_mcm_episode_0bd9lsr,dio_mcm_episode_0wdjdlr,1,1,0,0,0,0.0,1,0,1,1.0,0,0,0,0.0,-1.0,0,0,0,0,0,0,0,0,0
2019,dio_mcm_episode_0bd9lsr,dio_mcm_episode_0t109kz,1,1,0,0,0,0.0,0,0,0,0.0,1,0,1,1.0,-1.0,0,0,0,0,0,0,0,0,0
2020,dio_mcm_episode_0bd9lsr,dio_mcm_episode_0i72w4b,1,1,0,0,0,0.0,0,0,1,0.0,1,0,1,1.0,-1.0,0,0,0,0,0,0,0,0,0
2021,dio_mcm_episode_0bd9lsr,dio_mcm_episode_0hx21nm,1,1,0,0,0,0.0,0,0,0,0.0,1,0,1,1.0,-1.0,0,0,0,0,0,0,0,0,0
2022,dio_mcm_episode_0bd9lsr,dio_mcm_episode_0gk1zl7,1,1,0,0,0,0.0,1,0,1,1.0,0,0,1,0.0,-1.0,0,0,0,0,0,0,0,0,0
2023,dio_mcm_episode_0asyqb4,dio_mcm_episode_1xf3yvv,1,1,0,0,0,0.0,0,0,0,0.0,1,0,1,1.0,-1.0,0,0,0,0,0,0,0,0,0
2024,dio_mcm_episode_0asyqb4,dio_mcm_episode_0t109kz,1,1,0,0,0,0.0,0,0,0,0.0,1,0,1,1.0,-1.0,0,0,0,0,0,0,0,0,0
2025,dio_mcm_episode_0asyqb4,dio_mcm_episode_0lt7g1q,1,1,0,0,0,0.0,0,0,0,0.0,1,0,1,1.0,-1.0,0,0,0,0,0,0,0,0,0
2026,dio_mcm_episode_0asyqb4,dio_mcm_episode_0fa830n,1,1,0,0,0,0.0,1,0,1,1.0,0,0,1,0.0,-1.0,0,0,0,0,0,0,0,0,0
2027,dio_mcm_episode_08hipkj,dio_mcm_episode_1w9crd1,1,1,0,0,0,0.0,0,0,0,0.0,1,0,1,1.0,-1.0,0,0,0,0,0,0,0,0,0
2028,dio_mcm_episode_08hipkj,dio_mcm_episode_1n87ekd,1,1,0,0,0,0.0,0,0,0,0.0,1,0,1,1.0,-1.0,0,0,0,0,0,0,0,0,0
2029,dio_mcm_episode_08hipkj,dio_mcm_episode_17ybb3q,1,1,0,0,0,0.0,0,0,0,0.0,1,0,1,1.0,-1.0,0,0,0,0,0,0,0,0,0
2030,dio_mcm_episode_08hipkj,dio_mcm_episode_0wdjdlr,1,1,0,0,0,0.0,1,0,1,1.0,0,0,0,0.0,-1.0,0,0,0,0,0,0,0,0,0
2031,dio_mcm_episode_08hipkj,dio_mcm_episode_0pzlboa,1,1,0,0,0,0.0,1,0,1,1.0,0,0,1,0.0,-1.0,0,0,0,0,0,0,0,0,0
2032,dio_mcm_episode_08hipkj,dio_mcm_episode_0h2l72l,1,1,0,0,0,0.0,0,0,0,0.0,1,0,1,1.0,-1.0,0,0,0,0,0,0,0,0,0
2033,dio_mcm_episode_08hipkj,dio_mcm_episode_0ezwt7z,1,1,0,0,0,0.0,0,0,0,0.0,1,0,1,1.0,-1.0,0,0,0,0,0,0,0,0,0
2034,dio_mcm_episode_08g1nk4,dio_mcm_episode_0fa830n,1,1,0,0,1,0.0,1,0,1,1.0,0,0,0,0.0,-1.0,0,0,0,0,0,1,0,0,0
2035,dio_mcm_episode_078b3aq,dio_mcm_episode_1m4fasf,1,1,0,0,0,0.0,0,0,2,0.0,1,0,1,1.0,-1.0,0,0,0,0,0,0,0,0,0
2036,dio_mcm_episode_078b3aq,dio_mcm_episode_14za7lv,1,1,0,0,1,0.0,1,0,1,1.0,0,0,0,0.0,-1.0,0,0,1,0,0,0,0,0,0
2037,dio_mcm_episode_078b3aq,dio_mcm_episode_0t109kz,1,1,0,0,0,0.0,0,0,2,0.0,1,0,1,1.0,-1.0,0,0,0,0,0,0,0,0,0
2038,dio_mcm_episode_078b3aq,dio_mcm_episode_0i72w4b,1,1,0,0,2,0.0,0,0,3,0.0,1,0,1,1.0,-1.0,0,0,0,0,0,2,0,0,0
2039,dio_mcm_episode_078b3aq,dio_mcm_episode_08hipkj,1,1,0,0,0,0.0,0,0,2,0.0,1,0,1,1.0,-1.0,0,0,0,0,0,0,0,0,0
2040,dio_mcm_episode_076w0e1,dio_mcm_episode_1m4fasf,1,1,0,0,0,0.0,0,0,0,0.0,1,0,1,1.0,-1.0,0,0,0,0,0,0,0,0,0
2041,dio_mcm_episode_076w0e1,dio_mcm_episode_1lufp3g,1,1,0,0,0,0.0,0,0,0,0.0,1,0,1,1.0,-1.0,0,0,0,0,0,0,0,0,0
2042,dio_mcm_episode_076w0e1,dio_mcm_episode_17ybb3q,1,1,0,0,0,0.0,0,0,0,0.0,1,0,1,1.0,-1.0,0,0,0,0,0,0,0,0,0
2043,dio_mcm_episode_076w0e1,dio_mcm_episode_14za7lv,1,1,0,0,0,0.0,1,0,1,1.0,0,0,0,0.0,-1.0,0,0,0,0,0,0,0,0,0
2044,dio_mcm_episode_076w0e1,dio_mcm_episode_0wdjdlr,1,1,0,0,0,0.0,1,0,1,1.0,0,0,0,0.0,-1.0,0,0,0,0,0,0,0,0,0
2045,dio_mcm_episode_076w0e1,dio_mcm_episode_0t109kz,1,1,0,0,0,0.0,0,0,0,0.0,1,0,1,1.0,-1.0,0,0,0,0,0,0,0,0,0
2046,dio_mcm_episode_076w0e1,dio_mcm_episode_0bd9lsr,1,1,0,0,0,0.0,0,0,0,0.0,1,0,1,1.0,-1.0,0,0,0,0,0,0,0,0,0
2047,dio_mcm_episode_06wwep2,dio_mcm_episode_1r0aq59,1,1,0,0,0,0.0,1,0,1,1.0,0,0,0,0.0,-1.0,0,0,0,0,0,0,0,0,0
2048,dio_mcm_episode_06wwep2,dio_mcm_episode_0uie72q,1,1,0,0,0,0.0,0,0,0,0.0,1,0,1,1.0,-1.0,0,0,0,0,0,0,0,0,0
2049,dio_mcm_episode_06wwep2,dio_mcm_episode_0ueya1u,1,1,0,0,0,0.0,0,0,0,0.0,1,0,1,1.0,-1.0,0,0,0,0,0,0,0,0,0
2050,dio_mcm_episode_06wwep2,dio_mcm_episode_0t109kz,1,1,0,0,0,0.0,0,0,0,0.0,1,0,1,1.0,-1.0,0,0,0,0,0,0,0,0,0
2051,dio_mcm_episode_06wwep2,dio_mcm_episode_0ptj9cs,1,1,0,0,0,0.0,0,0,0,0.0,1,0,1,1.0,-1.0,0,0,0,0,0,0,0,0,0
2052,dio_mcm_episode_06wwep2,dio_mcm_episode_0lj7ucr,1,1,0,0,0,0.0,0,0,0,0.0,1,0,1,1.0,-1.0,0,0,0,0,0,0,0,0,0
2053,dio_mcm_episode_06wwep2,dio_mcm_episode_0lcbs8p,1,1,0,0,0,0.0,1,0,1,1.0,0,0,0,0.0,-1.0,0,0,0,0,0,0,0,0,0
2054,dio_mcm_episode_06wwep2,dio_mcm_episode_0jjnvvv,1,1,0,0,0,0.0,0,0,0,0.0,1,0,1,1.0,-1.0,0,0,0,0,0,0,0,0,0
2055,dio_mcm_episode_06wwep2,dio_mcm_episode_0fa830n,1,1,0,0,0,0.0,0,0,1,0.0,1,0,1,1.0,-1.0,0,0,0,0,0,0,0,0,0
2056,dio_mcm_episode_06mzyi2,dio_mcm_episode_14za7lv,1,1,0,0,1,0.0,1,0,1,1.0,0,0,0,0.0,-1.0,0,0,1,0,0,0,0,0,0
2057,dio_mcm_episode_06mzyi2,dio_mcm_episode_0ueya1u,1,1,0,0,0,0.0,1,0,1,1.0,0,0,1,0.0,-1.0,0,0,0,0,0,0,0,0,0
2058,dio_mcm_episode_06mzyi2,dio_mcm_episode_0lyvlac,1,1,0,0,0,0.0,0,0,1,0.0,1,0,1,1.0,-1.0,0,0,0,0,0,0,0,0,0
2059,dio_mcm_episode_06mzyi2,dio_mcm_episode_0i72w4b,1,1,0,0,1,0.0,0,0,2,0.0,1,0,1,1.0,-1.0,0,0,0,0,0,1,0,0,0
2060,dio_mcm_episode_06mzyi2,dio_mcm_episode_0fuuq8k,1,1,0,0,0,0.0,0,0,1,0.0,1,0,1,1.0,-1.0,0,0,0,0,0,0,0,0,0
2061,dio_mcm_episode_06mzyi2,dio_mcm_episode_08hipkj,1,1,0,0,0,0.0,0,0,1,0.0,1,0,1,1.0,-1.0,0,0,0,0,0,0,0,0,0
2062,dio_mcm_episode_06mzyi2,dio_mcm_episode_076w0e1,1,1,0,0,0,0.0,0,0,1,0.0,1,0,1,1.0,-1.0,0,0,0,0,0,0,0,0,0
2063,dio_mcm_episode_05ziutl,dio_mcm_episode_1yjaw9h,1,1,0,0,0,0.0,1,0,1,1.0,0,0,0,0.0,-1.0,0,0,0,0,0,0,0,0,0
2064,dio_mcm_episode_05ziutl,dio_mcm_episode_1r0aq59,1,1,0,0,0,0.0,1,0,1,1.0,0,0,0,0.0,-1.0,0,0,0,0,0,0,0,0,0
2065,dio_mcm_episode_05ziutl,dio_mcm_episode_0uie72q,1,1,0,0,0,0.0,0,0,0,0.0,1,0,1,1.0,-1.0,0,0,0,0,0,0,0,0,0
2066,dio_mcm_episode_05ziutl,dio_mcm_episode_0ueya1u,1,1,0,0,0,0.0,0,0,0,0.0,1,0,1,1.0,-1.0,0,0,0,0,0,0,0,0,0
2067,dio_mcm_episode_05ziutl,dio_mcm_episode_0t109kz,1,1,0,0,0,0.0,0,0,0,0.0,1,0,1,1.0,-1.0,0,0,0,0,0,0,0,0,0
2068,dio_mcm_episode_05ziutl,dio_mcm_episode_0lyvlac,1,1,0,0,0,0.0,0,0,0,0.0,1,0,1,1.0,-1.0,0,0,0,0,0,0,0,0,0
2069,dio_mcm_episode_05ziutl,dio_mcm_episode_0lt7g1q,1,1,0,0,0,0.0,0,0,0,0.0,1,0,1,1.0,-1.0,0,0,0,0,0,0,0,0,0
2070,dio_mcm_episode_05ziutl,dio_mcm_episode_0lj7ucr,1,1,0,0,0,0.0,0,0,0,0.0,1,0,1,1.0,-1.0,0,0,0,0,0,0,0,0,0
2071,dio_mcm_episode_05ziutl,dio_mcm_episode_0lcbs8p,1,1,0,0,0,0.0,1,0,1,1.0,0,0,0,0.0,-1.0,0,0,0,0,0,0,0,0,0
2072,dio_mcm_episode_05ziutl,dio_mcm_episode_0jjnvvv,1,1,0,0,0,0.0,0,0,0,0.0,1,0,1,1.0,-1.0,0,0,0,0,0,0,0,0,0
2073,dio_mcm_episode_05ziutl,dio_mcm_episode_0fa830n,1,1,0,0,0,0.0,0,0,1,0.0,1,0,1,1.0,-1.0,0,0,0,0,0,0,0,0,0
2074,dio_mcm_episode_05upp98,dio_mcm_episode_1gzkzf9,1,1,0,0,0,0.0,0,0,0,0.0,1,0,1,1.0,-1.0,0,0,0,0,0,0,0,0,0
2075,dio_mcm_episode_05upp98,dio_mcm_episode_1eav7xq,1,1,0,0,0,0.0,1,0,1,1.0,0,0,0,0.0,-1.0,0,0,0,0,0,0,0,0,0
2076,dio_mcm_episode_05upp98,dio_mcm_episode_1ciibe9,1,1,0,0,0,0.0,0,0,0,0.0,1,0,1,1.0,-1.0,0,0,0,0,0,0,0,0,0
2077,dio_mcm_episode_05upp98,dio_mcm_episode_0vcr3lw,1,1,0,0,0,0.0,1,0,1,1.0,0,0,0,0.0,-1.0,0,0,0,0,0,0,0,0,0
2078,dio_mcm_episode_05upp98,dio_mcm_episode_0q4hk03,1,1,0,0,0,0.0,0,0,0,0.0,1,0,1,1.0,-1.0,0,0,0,0,0,0,0,0,0
2079,dio_mcm_episode_05upp98,dio_mcm_episode_0pzlboa,1,1,0,0,0,0.0,0,0,1,0.0,1,0,1,1.0,-1.0,0,0,0,0,0,0,0,0,0
2080,dio_mcm_episode_05upp98,dio_mcm_episode_0hv1uu1,1,1,0,0,0,0.0,0,0,0,0.0,1,0,1,1.0,-1.0,0,0,0,0,0,0,0,0,0
2081,dio_mcm_episode_05upp98,dio_mcm_episode_0h2l72l,1,1,0,0,0,0.0,0,0,0,0.0,1,0,1,1.0,-1.0,0,0,0,0,0,0,0,0,0
2082,dio_mcm_episode_05upp98,dio_mcm_episode_09627ba,1,1,0,0,0,0.0,0,0,0,0.0,1,0,1,1.0,-1.0,0,0,0,0,0,0,0,0,0
2083,dio_mcm_episode_05upp98,dio_mcm_episode_07x93e7,1,1,0,0,0,0.0,0,0,0,0.0,1,0,1,1.0,-1.0,0,0,0,0,0,0,0,0,0
2084,dio_mcm_episode_0333eoh,dio_mcm_episode_1m4fasf,1,1,0,0,0,0.0,0,0,0,0.0,1,0,1,1.0,-1.0,0,0,0,0,0,0,0,0,0
2085,dio_mcm_episode_0333eoh,dio_mcm_episode_1lufp3g,1,1,0,0,0,0.0,0,0,0,0.0,1,0,1,1.0,-1.0,0,0,0,0,0,0,0,0,0
2086,dio_mcm_episode_02t3szi,dio_mcm_episode_1pxk29d,1,1,0,0,0,0.0,1,0,1,1.0,0,0,0,0.0,-1.0,0,0,0,0,0,0,0,0,0
2087,dio_mcm_episode_02t3szi,dio_mcm_episode_0t109kz,1,1,0,0,0,0.0,0,0,0,0.0,1,0,1,1.0,-1.0,0,0,0,0,0,0,0,0,0
2088,dio_mcm_episode_02moxon,dio_mcm_episode_14o2zn6,1,1,0,0,0,0.0,0,0,0,0.0,1,0,1,1.0,-1.0,0,0,0,0,0,0,0,0,0
2089,dio_mcm_episode_02moxon,dio_mcm_episode_149dati,1,1,0,0,0,0.0,1,0,1,1.0,0,0,0,0.0,-1.0,0,0,0,0,0,0,0,0,0
2090,dio_mcm_episode_021zt73,dio_mcm_episode_171moy1,1,1,0,0,0,0.0,0,0,0,0.0,1,0,1,1.0,-1.0,0,0,0,0,0,0,0,0,0
2091,dio_mcm_episode_021zt73,dio_mcm_episode_0uie72q,1,1,0,0,0,0.0,0,0,0,0.0,1,0,1,1.0,-1.0,0,0,0,0,0,0,0,0,0
2092,dio_mcm_episode_021zt73,dio_mcm_episode_0t109kz,1,1,0,0,0,0.0,0,0,0,0.0,1,0,1,1.0,-1.0,0,0,0,0,0,0,0,0,0
2093,dio_mcm_episode_021zt73,dio_mcm_episode_0lgktm5,1,1,0,0,0,0.0,0,0,1,0.0,1,0,1,1.0,-1.0,0,0,0,0,0,0,0,0,0
2094,dio_mcm_episode_021zt73,dio_mcm_episode_0lcbs8p,1,1,0,0,0,0.0,1,0,1,1.0,0,0,0,0.0,-1.0,0,0,0,0,0,0,0,0,0
2095,dio_mcm_episode_021zt73,dio_mcm_episode_0asyqb4,1,1,0,0,0,0.0,0,0,0,0.0,1,0,1,1.0,-1.0,0,0,0,0,0,0,0,0,0
2096,dio_mcm_episode_021zt73,dio_mcm_episode_08g1nk4,1,1,0,0,0,0.0,1,0,1,1.0,0,0,0,0.0,-1.0,0,0,0,0,0,0,0,0,0
2097,dio_mcm_episode_02035dk,dio_mcm_episode_1r0aq59,1,1,0,0,0,0.0,1,0,1,1.0,0,0,0,0.0,-1.0,0,0,0,0,0,0,0,0,0
2098,dio_mcm_episode_02035dk,dio_mcm_episode_1otryhf,1,1,0,0,0,0.0,1,0,1,1.0,0,0,0,0.0,-1.0,0,0,0,0,0,0,0,0,0
2099,dio_mcm_episode_02035dk,dio_mcm_episode_1n87ekd,1,1,0,0,0,0.0,0,0,0,0.0,1,0,1,1.0,-1.0,0,0,0,0,0,0,0,0,0
2100,dio_mcm_episode_02035dk,dio_mcm_episode_1m4fasf,1,1,0,0,0,0.0,0,0,0,0.0,1,0,1,1.0,-1.0,0,0,0,0,0,0,0,0,0
2101,dio_mcm_episode_02035dk,dio_mcm_episode_0uie72q,1,1,0,0,0,0.0,0,0,0,0.0,1,0,1,1.0,-1.0,0,0,0,0,0,0,0,0,0
2102,dio_mcm_episode_02035dk,dio_mcm_episode_0ueya1u,1,1,0,0,0,0.0,0,0,0,0.0,1,0,1,1.0,-1.0,0,0,0,0,0,0,0,0,0
2103,dio_mcm_episode_02035dk,dio_mcm_episode_0t109kz,1,1,0,0,0,0.0,0,0,0,0.0,1,0,1,1.0,-1.0,0,0,0,0,0,0,0,0,0
2104,dio_mcm_episode_02035dk,dio_mcm_episode_0o8aklj,1,1,0,0,0,0.0,0,0,0,0.0,1,0,1,1.0,-1.0,0,0,0,0,0,0,0,0,0
2105,dio_mcm_episode_02035dk,dio_mcm_episode_0lj7ucr,1,1,0,0,0,0.0,0,0,0,0.0,1,0,1,1.0,-1.0,0,0,0,0,0,0,0,0,0
2106,dio_mcm_episode_02035dk,dio_mcm_episode_0lgktm5,1,1,0,0,0,0.0,1,0,1,1.0,0,0,1,0.0,-1.0,0,0,0,0,0,0,0,0,0
2107,dio_mcm_episode_02035dk,dio_mcm_episode_0jjnvvv,1,1,0,0,0,0.0,0,0,0,0.0,1,0,1,1.0,-1.0,0,0,0,0,0,0,0,0,0
2108,dio_mcm_episode_02035dk,dio_mcm_episode_0fuuq8k,1,1,0,0,0,0.0,0,0,0,0.0,1,0,1,1.0,-1.0,0,0,0,0,0,0,0,0,0
2109,dio_mcm_episode_02035dk,dio_mcm_episode_078b3aq,1,1,0,0,0,0.0,0,0,2,0.0,1,0,1,1.0,-1.0,0,0,0,0,0,0,0,0,0
2110,dio_mcm_episode_02035dk,dio_mcm_episode_02t3szi,1,1,0,0,0,0.0,0,0,0,0.0,1,0,1,1.0,-1.0,0,0,0,0,0,0,0,0,0
2111,dio_mcm_episode_015suys,dio_mcm_episode_1gzkzf9,1,1,0,0,0,0.0,0,0,0,0.0,1,0,1,1.0,-1.0,0,0,0,0,0,0,0,0,0
2112,dio_mcm_episode_015suys,dio_mcm_episode_1eav7xq,1,1,0,0,0,0.0,1,0,1,1.0,0,0,0,0.0,-1.0,0,0,0,0,0,0,0,0,0
2113,dio_mcm_episode_015suys,dio_mcm_episode_17u1915,1,1,0,0,0,0.0,1,0,1,1.0,0,0,0,0.0,-1.0,0,0,0,0,0,0,0,0,0
2114,dio_mcm_episode_015suys,dio_mcm_episode_0vcr3lw,1,1,0,0,0,0.0,1,0,1,1.0,0,0,0,0.0,-1.0,0,0,0,0,0,0,0,0,0
2115,dio_mcm_episode_015suys,dio_mcm_episode_0pzlboa,1,1,0,0,0,0.0,0,0,1,0.0,1,0,1,1.0,-1.0,0,0,0,0,0,0,0,0,0
2116,dio_mcm_episode_015suys,dio_mcm_episode_05upp98,1,1,0,0,0,0.0,0,0,0,0.0,1,0,1,1.0,-1.0,0,0,0,0,0,0,0,0,0
