world,family,count,share,dominant_effect,dominant_effect_share,avg_passive_inner_effect_rekopplung,avg_passive_inner_effect_carry,avg_passive_inner_effect_strain,avg_passive_inner_effect_sensory_coupling,avg_mcm_hearing_field_gap,avg_perception_felt_pressure,avg_rezeptor_contact_pressure,avg_mcm_feldwirkung_mcm_tension,avg_mini_afterimage,avg_mini_temporal_trust_support,avg_perception_visual_sharpness,avg_perception_auditory_loudness,ruhe_rekopplung_score
BTC_2024_5M,dio_14wj,50,0.025075,stabil,1.0,0.727446,0.561839,0.122479,0.869906,0.009849,0.057782,0.033317,0.033317,0.232934,0.749718,0.683263,0.041285,0.792676
SOL_2024_5M,dio_14wj,31,0.015547,stabil,1.0,0.722582,0.550603,0.125499,0.863187,0.010007,0.060694,0.034156,0.034156,0.218346,0.725261,0.662405,0.038942,0.787237
KAS_2024_5M,dio_14wj,41,0.020562,stabil,1.0,0.725265,0.557212,0.123504,0.867425,0.009502,0.057761,0.033157,0.033157,0.216996,0.737978,0.675584,0.039042,0.790559
PAXG_2024_5M,dio_14wj,109,0.054664,stabil,1.0,0.739869,0.573728,0.129651,0.874041,0.009467,0.055515,0.035119,0.035119,0.456388,0.830778,0.671618,0.034074,0.797899
PAXG_2024_5M_10K,dio_14wj,530,0.053032,stabil,1.0,0.743973,0.582428,0.130787,0.874362,0.010099,0.055095,0.038828,0.038828,0.4664,0.856297,0.672939,0.032596,0.800094
PAXG_2025_5M_10K,dio_14wj,708,0.070843,stabil,1.0,0.743199,0.586935,0.131257,0.873902,0.009458,0.054435,0.037322,0.037322,0.522133,0.870774,0.675764,0.032667,0.800702
