asset;organism_profile;total_traces;total_events;dominant_need;dominant_need_name;dominant_need_trace_share;dominant_need_event_share;strongest_carried;strongest_carried_name;strongest_carried_net;pressure_nearest;pressure_nearest_name;pressure_nearest_score;hearing_net;seeing_net;focus_net;distance_net;relief_net;softening_net;distance_trace_share;relief_trace_share;softening_trace_share
BTC;balancierte_aufnahme_mit_fokusoberflaeche;28;15976;focus_pull;Fokus halten / vertiefen;0.2857142857142857;0.28342513770655986;stable_listening_pull;ruhig hinhoeren;0.4819117902688703;distance_pull;Abstand bilden;0.29131206156542055;0.4819117902688703;0.4380606264776678;0.38103727031802115;0.17479823831775704;0.21084245867935408;0.3037153691560616;0.14285714285714285;0.14285714285714285;0.14285714285714285
KAS;abstandsnahe_aufnahme_mit_getragenem_hinhoeren;320;7976;distance_pull;Abstand bilden;0.396875;0.05253259779338014;stable_listening_pull;ruhig hinhoeren;0.47021118895463504;distance_pull;Abstand bilden;0.2967610855608592;0.47021118895463504;0.4210969289900577;0.3717045119912791;0.15741511443914086;0.21933413054862838;0.28715469880319144;0.396875;0.125;0.1
SOL;abstandsnahe_aufnahme_mit_getragenem_hinhoeren;992;29982;distance_pull;Abstand bilden;0.3699596774193548;0.08251617637249016;stable_listening_pull;ruhig hinhoeren;0.48549974299540893;contact_relief_pull;Druck / Feldkontakt entlasten;0.27169197375281623;0.48549974299540893;0.44633855095505626;0.395011427765434;0.2730854998787388;0.24350610815899582;0.3144893362718247;0.3699596774193548;0.13407258064516128;0.12096774193548387
