source;year;section;dominant_need;dominant_need_name;dominant_need_trace_count;strongest_carried;strongest_carried_name;strongest_carried_net;pressure_nearest;pressure_nearest_name;pressure_nearest_score;hearing_net;focus_net;distance_net;contact_relief_net;selected_hearing_ratio;selected_focus_ratio;selected_distance_ratio;selected_distance_minus_focus;top_inner_effect;top_inner_effect_count;hoeren_hin_strain;sehen_fokus_strain;sehen_abstand_strain;fuehlen_abstand_strain;feldinput_strain
BTC2024_5M_QUIET_4K;2024;quiet;focus_pull;Fokus halten / vertiefen;2;stable_listening_pull;ruhig hinhoeren;0.4802315;distance_pull;Abstand bilden;0.2859078;0.4802315;0.38398839911111116;0.1851144;0.2162090000000001;0.25037556334501754;0.2371056584877316;0.34877315973960943;0.11166750125187783;inner_effect_stable;3277;0.133964386;0.1393746610348469;0.16862222641509436;0.22030737391304347;0.20143537441860465
BTC2024_5M_STRESS_4K;2024;stress;focus_pull;Fokus halten / vertiefen;2;stable_listening_pull;ruhig hinhoeren;0.48314875;contact_relief_pull;Druck / Feldkontakt entlasten;0.28254765;0.48314875;0.37811553992640295;0.19885315000000003;0.21413770000000004;0.24887330996494741;0.23785678517776665;0.32974461692538803;0.09188783174762138;inner_effect_stable;3352;0.13283233501006034;0.1395456894736842;0.17130061787564768;0.2175410857142857;0.2022646547368421
BTC2025_5M_QUIET_4K;2025;quiet;distance_pull;Abstand bilden;58;stable_listening_pull;ruhig hinhoeren;0.4775816389853748;contact_relief_pull;Druck / Feldkontakt entlasten;0.2690650650966183;0.4775816389853748;0.41615239693877554;0.2937408052681992;0.24131485736714975;0.242864296444667;0.2371056584877316;0.3535302954431648;0.11642463695543318;inner_effect_stable;3360;0.13131600824742268;0.13909051847940865;0.16505832228571427;0.2244402429906542;0.19777844186046512
BTC2025_5M_STRESS_4K;2025;stress;distance_pull;Abstand bilden;97;stable_listening_pull;ruhig hinhoeren;0.4758368998633879;contact_relief_pull;Druck / Feldkontakt entlasten;0.27567933066361555;0.4758368998633879;0.4146829183185841;0.29393010588768115;0.22783134530892452;0.2496244366549825;0.24061091637456183;0.33725588382573857;0.09664496745117673;inner_effect_stable;3294;0.13305035105315946;0.14009395317377732;0.1691187220172202;0.2335342380952381;0.20240321555555554
