source;year;section;dominant_need;dominant_need_name;dominant_need_trace_count;strongest_carried;strongest_carried_name;strongest_carried_net;pressure_nearest;pressure_nearest_name;pressure_nearest_score;hearing_net;focus_net;distance_net;contact_relief_net;selected_hearing_ratio;selected_focus_ratio;selected_distance_ratio;selected_distance_minus_focus;top_inner_effect;top_inner_effect_count;hoeren_hin_strain;sehen_fokus_strain;sehen_abstand_strain;fuehlen_abstand_strain;feldinput_strain
SOL2024_5M_QUIET_4K;2024;quiet;distance_pull;Abstand bilden;81;stable_listening_pull;ruhig hinhoeren;0.47397317889610385;contact_relief_pull;Druck / Feldkontakt entlasten;0.2693327971526196;0.47397317889610385;0.4093648573529412;0.296417754287902;0.2412612367881548;0.2486229344016024;0.22909364046069103;0.3535302954431647;0.1244366549824737;inner_effect_stable;3203;0.13352452165156095;0.1395649431693989;0.16998706987951803;0.22680819512195122;0.19949641612200436
SOL2024_5M_STRESS_4K;2024;stress;distance_pull;Abstand bilden;76;stable_listening_pull;ruhig hinhoeren;0.47558869437086093;contact_relief_pull;Druck / Feldkontakt entlasten;0.278772412745098;0.47558869437086093;0.4080714701726844;0.2890559122710623;0.22041318811274513;0.2558838257386079;0.23785678517776665;0.3357536304456685;0.09789684526790188;inner_effect_stable;3197;0.13426984735812134;0.1414082694736842;0.1709155171990172;0.23243793859649123;0.2040739539951574
SOL2025_5M_QUIET_4K;2025;quiet;distance_pull;Abstand bilden;65;stable_listening_pull;ruhig hinhoeren;0.47808148325219096;contact_relief_pull;Druck / Feldkontakt entlasten;0.2783129036585366;0.47808148325219096;0.4074986056349206;0.28959560495726494;0.22218687951219512;0.2536304456685028;0.23560340510766148;0.3530295443164747;0.11742613920881323;inner_effect_stable;3152;0.13373026159921028;0.1405896503719447;0.16969394560185183;0.2268769457364341;0.2032349520383693
SOL2025_5M_STRESS_4K;2025;stress;distance_pull;Abstand bilden;96;stable_listening_pull;ruhig hinhoeren;0.47652992979390685;contact_relief_pull;Druck / Feldkontakt entlasten;0.2793067322738386;0.47652992979390685;0.412267397881356;0.30849080206677265;0.21855965232273844;0.2528793189784677;0.23810716074111166;0.3327491236855283;0.09464196294441662;inner_effect_stable;3282;0.13329078910891087;0.13993676340694006;0.16952703831891225;0.23114255339805825;0.20454154676258993
