token,segments,worlds,world_profile,dominant_enter,dominant_enter_count,dominant_exit,dominant_exit_count,end_role_profile,exit_role_profile,duration_avg,within_rekopplung_delta,exit_rekopplung_delta,within_strain_delta,exit_strain_delta,within_loudness_delta,exit_loudness_delta,within_blur_delta,exit_blur_delta,within_tension_delta,exit_tension_delta
dio_mcm_episode_0v5p8er,16,4,DOGE_2025_5M:10; XRP_2025_5M:4; SYNTH_BRUCH_RAND:1; SYNTH_RAND:1,dio_mcm_episode_14l8khu,11,dio_mcm_episode_14l8khu,11,zentrum_stabil:12; offene_variante:3; spannungsrand_kippnaehe:1,zentrum_stabil:9; offene_variante:7,125.8125,-0.009166,-0.005366687499999995,0.01588375,0.0013270625000000001,-0.030263875000000003,-0.03678093749999999,0.03454743749999999,0.06485131250000001,-0.014665,-0.011634312500000004
dio_mcm_episode_14l8khu,18,3,DOGE_2025_5M:15; XRP_2025_5M:2; SYNTH_RAND:1,dio_mcm_episode_0v5p8er,11,dio_mcm_episode_0v5p8er,11,zentrum_stabil:16; offene_variante:2,zentrum_stabil:12; offene_variante:6,50.333333333333336,-0.0006701111111110997,-0.022117000000000005,-0.0007658888888888893,0.020970055555555558,0.03768094444444445,0.09968377777777777,-0.035869500000000006,0.045458166666666674,0.016076055555555555,0.04606255555555556
dio_mcm_episode_1q3us3f,26,6,XRP_2025_5M:14; DOGE_2024_5M:3; XRP_2024_5M:3; DOGE_2025_5M:2; PAXG_2024_5M:2; SYNTH_RAND:2,dio_mcm_episode_18l3thm,19,dio_mcm_episode_18l3thm,16,zentrum_stabil:23; offene_variante:3,offene_variante:13; zentrum_stabil:12; spannungsrand_kippnaehe:1,67.8076923076923,-0.007335961538461538,-0.02432057692307693,0.013604538461538461,0.03318976923076923,0.05166138461538461,0.13101592307692306,0.043953730769230766,0.02412488461538462,0.021987153846153847,0.059208884615384615
dio_mcm_episode_1xx3u1e,23,4,PAXG_2025_5M:13; XRP_2024_5M:8; DOGE_2024_5M:1; XRP_2025_5M:1,dio_mcm_episode_0ybr5e3,10,dio_mcm_episode_0ybr5e3,11,zentrum_stabil:16; offene_variante:7,zentrum_stabil:14; offene_variante:8; spannungsrand_kippnaehe:1,133.04347826086956,-0.015873347826086955,-0.017631347826086947,0.01132291304347826,0.01656126086956522,0.09760560869565217,0.07263621739130435,0.014086086956521738,0.009130782608695652,0.04167660869565217,0.032649869565217385
