timestamp_ms,symbol,timeframe,open,high,low,close,volume
1737789600000000,BTCUSDT,5m,104452.32,104537.31854943,104413.10079751,104457.80131671,62.32693
1737789900000000,BTCUSDT,5m,104457.80131671,104467.90335372,104181.6470033,104423.93604918,86.74128
1737790200000000,BTCUSDT,5m,104423.93604918,104611.8523296,104393.18752774,104576.93357468,171.9111
1737790500000000,BTCUSDT,5m,104576.93357468,104604.32349844,104472.68461427,104472.69547467,20.86365
1737790800000000,BTCUSDT,5m,104472.69547467,104657.03321435,104437.64775222,104535.3933393,110.42297
1737791100000000,BTCUSDT,5m,104535.3933393,105102.66618704,104337.80198767,105058.03907454,112.98177
1737791400000000,BTCUSDT,5m,105058.03907454,105169.02848246,105044.4072621,105157.7579142,31.84987
1737791700000000,BTCUSDT,5m,105157.7579142,105213.46317132,105120.88058326,105213.46317132,45.01876
1737792000000000,BTCUSDT,5m,105213.46317132,105239.30268187,105103.37004368,105128.26884393,31.49457
1737792300000000,BTCUSDT,5m,105128.26884393,105128.27976391,105002.76549452,105058.46832105,46.85824
1737792600000000,BTCUSDT,5m,105058.46832105,105206.29413321,105034.50447688,105137.07970133,58.42842
1737792900000000,BTCUSDT,5m,105137.07970133,105157.57135234,105064.16678116,105120.0820691,102.76573
1737793200000000,BTCUSDT,5m,105120.0820691,105448.95922959,104953.2633141,105052.66271587,320.83649
1737793500000000,BTCUSDT,5m,105052.66271587,105153.54268242,104961.60167487,105032.33048773,45.392
1737793800000000,BTCUSDT,5m,105032.33048773,105156.92528035,105022.82317425,105148.89754879,37.65818
1737794100000000,BTCUSDT,5m,105148.89754879,105382.11462041,105148.89754879,105357.88748732,60.31283
1737794400000000,BTCUSDT,5m,105357.88748732,105365.88469101,105237.45664133,105245.5443794,69.67878
1737794700000000,BTCUSDT,5m,105245.5443794,105328.0262396,105136.00838723,105142.52388139,46.04444
1737795000000000,BTCUSDT,5m,105142.52388139,105443.23795253,105006.93503358,105411.19087545,106.51942
1737795300000000,BTCUSDT,5m,105411.19087545,105411.19087545,105293.92592827,105309.96401779,23.77917
1737795600000000,BTCUSDT,5m,105309.96401779,105331.63323833,105250.99564818,105290.49181544,28.02006
1737795900000000,BTCUSDT,5m,105290.49181544,105448.56821751,105180.46069919,105430.49673749,124.89187
1737796200000000,BTCUSDT,5m,105430.49673749,105458.20358464,105210.33320251,105210.34400861,84.38243
1737796500000000,BTCUSDT,5m,105210.34400861,105314.4585769,105210.34400861,105304.23323444,22.52934
1737796800000000,BTCUSDT,5m,105304.23323444,105322.91871163,105219.76658259,105219.77749701,19.51518
1737797100000000,BTCUSDT,5m,105219.77749701,105219.77749701,104869.8396181,105018.15129536,126.08941
1737797400000000,BTCUSDT,5m,105018.15129536,105018.15129536,104631.01535674,104700.0997488,82.61212
1737797700000000,BTCUSDT,5m,104700.0997488,104756.77651449,104580.73872297,104756.77651449,44.53919
1737798000000000,BTCUSDT,5m,104756.77651449,104986.67069878,104678.31412531,104880.76392772,108.33483
1737798300000000,BTCUSDT,5m,104880.76392772,104880.76392772,104802.84109476,104821.90468603,21.37206
1737798600000000,BTCUSDT,5m,104821.90468603,104848.57919484,104786.6870979,104848.57919484,21.92368
1737798900000000,BTCUSDT,5m,104848.57919484,104861.83600883,104504.23527398,104521.59513959,161.48734
1737799200000000,BTCUSDT,5m,104521.59513959,104551.66962511,104383.53716179,104551.66962511,26.44188
1737799500000000,BTCUSDT,5m,104551.66962511,104603.80903508,104475.42832289,104592.91742048,60.98911
1737799800000000,BTCUSDT,5m,104592.91742048,104698.54751191,104473.10231002,104698.53734344,102.94511
1737800100000000,BTCUSDT,5m,104698.53734344,104698.54753021,104474.51001711,104556.95150274,56.15234
1737800400000000,BTCUSDT,5m,104556.95150274,104610.63388554,104556.94076627,104610.63388554,25.19408
1737800700000000,BTCUSDT,5m,104610.63388554,104610.63388554,104588.32728462,104588.33803998,24.82886
1737801000000000,BTCUSDT,5m,104588.33803998,104591.84550472,104503.70700418,104539.48099274,46.27957
1737801300000000,BTCUSDT,5m,104539.48099274,104549.86292053,104139.34836541,104139.35949288,154.4105
1737801600000000,BTCUSDT,5m,104139.35949288,104285.90274611,103997.90543429,104285.89209926,126.19036
1737801900000000,BTCUSDT,5m,104285.89209926,104358.17971695,104285.89209926,104326.32893399,43.10614
1737802200000000,BTCUSDT,5m,104326.32893399,104396.87440518,104259.93761638,104369.97438223,93.87428
1737802500000000,BTCUSDT,5m,104369.97438223,104396.24155786,104324.2886387,104377.32281072,29.82623
1737802800000000,BTCUSDT,5m,104377.32281072,104414.44656467,104313.00615174,104400.6652004,97.05353
1737803100000000,BTCUSDT,5m,104400.6652004,104413.70867806,104304.34647697,104398.55388261,54.53978
1737803400000000,BTCUSDT,5m,104398.55388261,104509.01135063,104221.02794318,104419.71977305,101.06365
1737803700000000,BTCUSDT,5m,104419.71977305,104419.71977305,104356.08564551,104369.85449591,10.56714
1737804000000000,BTCUSDT,5m,104369.85449591,104468.22270698,104321.54373778,104414.38978944,44.70526
1737804300000000,BTCUSDT,5m,104414.38978944,104440.67913382,104414.38978944,104415.14060711,27.92315
1737804600000000,BTCUSDT,5m,104415.14060711,104497.10222628,104384.99094268,104441.25227339,31.0517
1737804900000000,BTCUSDT,5m,104441.25227339,104669.17628188,104428.48613993,104667.16057659,34.77225
1737805200000000,BTCUSDT,5m,104667.16057659,104792.05990057,104654.62242052,104792.05990057,27.02807
1737805500000000,BTCUSDT,5m,104792.05990057,104801.22818663,104649.14490249,104781.52351837,118.94797
1737805800000000,BTCUSDT,5m,104781.52351837,104834.07066,104572.26508439,104651.9892014,56.40085
1737806100000000,BTCUSDT,5m,104651.9892014,104667.62197583,104589.20821916,104616.00583313,51.01929
1737806400000000,BTCUSDT,5m,104616.00583313,104693.25846594,104587.3033168,104693.25846594,14.82085
1737806700000000,BTCUSDT,5m,104693.25846594,104776.36204178,104501.46686055,104537.87259859,88.80761
1737807000000000,BTCUSDT,5m,104537.87259859,104586.59722824,104460.76315426,104556.54213721,62.27001
1737807300000000,BTCUSDT,5m,104556.54213721,104639.97380852,104556.53123538,104639.79937931,20.52173
1737807600000000,BTCUSDT,5m,104639.79937931,104728.37153378,104618.31458891,104728.36074282,19.57088
1737807900000000,BTCUSDT,5m,104728.36074282,104812.56473413,104681.90223453,104812.55377435,29.59857
1737808200000000,BTCUSDT,5m,104812.55377435,104902.2513293,104767.24594012,104869.93586884,36.25122
1737808500000000,BTCUSDT,5m,104869.93586884,104869.93586884,104402.17099281,104482.01759379,221.58519
1737808800000000,BTCUSDT,5m,104482.01759379,104504.8979275,104435.6519695,104502.51050835,13.51267
1737809100000000,BTCUSDT,5m,104502.51050835,104502.51050835,104408.6274568,104411.03636164,17.52668
1737809400000000,BTCUSDT,5m,104411.03636164,104423.95095912,104323.67174026,104366.40605398,49.38188
1737809700000000,BTCUSDT,5m,104366.40605398,104450.90431811,104283.52689308,104329.12462501,94.99448
1737810000000000,BTCUSDT,5m,104329.12462501,104342.60669334,104275.70490486,104294.48891017,22.00008
1737810300000000,BTCUSDT,5m,104294.48891017,104384.3848109,104227.14218434,104384.37406808,81.70681
1737810600000000,BTCUSDT,5m,104384.37406808,104618.15793608,104384.37406808,104618.15793608,41.91662
1737810900000000,BTCUSDT,5m,104618.15793608,104618.15793608,104518.31650542,104518.32738139,29.38547
1737811200000000,BTCUSDT,5m,104518.32738139,104536.46585503,104484.39635668,104484.40633933,18.29813
1737811500000000,BTCUSDT,5m,104484.40633933,104591.40236302,104353.75130938,104353.75130938,69.65929
1737811800000000,BTCUSDT,5m,104353.75130938,104508.18650515,104353.75130938,104402.35411186,97.60757
1737812100000000,BTCUSDT,5m,104402.35411186,104521.41870487,104305.44867738,104521.41870487,96.61857
1737812400000000,BTCUSDT,5m,104521.41870487,104521.41870487,104124.69059096,104184.15470184,238.83806
1737812700000000,BTCUSDT,5m,104184.15470184,104328.72223818,104184.14454463,104317.14302147,31.95999
1737813000000000,BTCUSDT,5m,104317.14302147,104365.48623796,104292.79644874,104299.73140456,43.41381
1737813300000000,BTCUSDT,5m,104299.73140456,104452.04233419,104172.81606785,104429.84076159,358.4462
1737813600000000,BTCUSDT,5m,104429.84076159,104477.04222815,104259.94362318,104388.33247811,200.02591
1737813900000000,BTCUSDT,5m,104388.33247811,104388.34317529,104338.18408909,104341.15790567,12.29177
1737814200000000,BTCUSDT,5m,104341.15790567,104590.22005081,104312.3660247,104509.79459247,159.9463
1737814500000000,BTCUSDT,5m,104509.79459247,104611.66968636,104505.65936698,104611.6596494,26.30112
1737814800000000,BTCUSDT,5m,104611.6596494,104743.81874708,104539.68765671,104673.22516537,61.66225
1737815100000000,BTCUSDT,5m,104673.22516537,104683.69638335,104556.88907176,104613.66203345,72.35815
1737815400000000,BTCUSDT,5m,104613.66203345,104663.705484,104487.35673942,104618.76276169,136.00016
1737815700000000,BTCUSDT,5m,104618.76276169,105012.42634575,104599.81069608,104902.78037639,115.82253
1737816000000000,BTCUSDT,5m,104902.78037639,104921.61457439,104824.26430741,104900.19469857,27.99611
1737816300000000,BTCUSDT,5m,104900.19469857,104958.20391366,104833.87365439,104947.18614512,22.17372
1737816600000000,BTCUSDT,5m,104947.18614512,105009.15873406,104890.62483762,105008.48791405,173.02977
1737816900000000,BTCUSDT,5m,105008.48791405,105050.54957394,104942.57640968,104968.37829904,43.80091
1737817200000000,BTCUSDT,5m,104968.37829904,104968.37829904,104693.45309235,104705.79926545,132.53533
1737817500000000,BTCUSDT,5m,104705.79926545,104717.41504057,104523.61839326,104536.31845053,30.52384
1737817800000000,BTCUSDT,5m,104536.31845053,104541.57037952,104427.89054429,104466.97466707,17.99422
1737818100000000,BTCUSDT,5m,104466.97466707,104466.98545885,104270.34833879,104286.2014714,64.935
1737818400000000,BTCUSDT,5m,104286.2014714,104371.46060236,104286.2014714,104340.32868166,28.23353
1737818700000000,BTCUSDT,5m,104340.32868166,104602.5846162,104188.03434902,104449.14368754,141.80878
1737819000000000,BTCUSDT,5m,104449.14368754,104490.09422533,104415.70159619,104415.70159619,28.15272
1737819300000000,BTCUSDT,5m,104415.70159619,104609.35141666,104347.05776056,104539.25844481,91.1756
1737819600000000,BTCUSDT,5m,104539.25844481,104851.92658817,104274.40755179,104633.44995827,184.29918
1737819900000000,BTCUSDT,5m,104633.44995827,104680.67571124,104617.67184397,104626.9454225,26.8588
1737820200000000,BTCUSDT,5m,104626.9454225,104626.95563217,104577.23453769,104577.24474736,8.65555
1737820500000000,BTCUSDT,5m,104577.24474736,104788.97551179,104382.86486712,104646.0072683,166.73797
1737820800000000,BTCUSDT,5m,104646.0072683,104765.02427495,104596.95040089,104596.96037382,32.06294
1737821100000000,BTCUSDT,5m,104596.96037382,104614.00177087,104327.38960203,104327.40037409,71.03388
1737821400000000,BTCUSDT,5m,104327.40037409,104443.29722989,104092.64119791,104101.49696887,85.19574
1737821700000000,BTCUSDT,5m,104101.49696887,104192.69247711,104076.94511602,104192.69247711,71.47348
1737822000000000,BTCUSDT,5m,104192.69247711,104280.80234026,104183.59657177,104183.60732343,57.61025
1737822300000000,BTCUSDT,5m,104183.60732343,104346.487805,104183.60732343,104346.487805,75.18716
1737822600000000,BTCUSDT,5m,104346.487805,104403.89804069,104071.67912953,104156.24850146,225.10049
1737822900000000,BTCUSDT,5m,104156.24850146,104166.80223236,104080.87247278,104080.88334171,11.05413
1737823200000000,BTCUSDT,5m,104080.88334171,104162.7431281,103886.48335302,103886.48335302,127.44558
1737823500000000,BTCUSDT,5m,103886.48335302,103967.50288396,103858.39658229,103967.49208135,13.62226
1737823800000000,BTCUSDT,5m,103967.49208135,104008.24034265,103924.20138181,103989.57271238,30.68869
1737824100000000,BTCUSDT,5m,103989.57271238,103989.57271238,103929.39064365,103932.88460084,13.08281
1737824400000000,BTCUSDT,5m,103932.88460084,104042.85950463,103932.88460084,104029.34366003,39.8275
1737824700000000,BTCUSDT,5m,104029.34366003,104081.34669493,103995.15920752,104075.0279046,20.01966
1737825000000000,BTCUSDT,5m,104075.0279046,104075.0279046,103844.49233304,103897.83412076,50.36716
1737825300000000,BTCUSDT,5m,103897.83412076,103907.53457874,103830.53471892,103830.54461735,12.50462
1737825600000000,BTCUSDT,5m,103830.54461735,103866.72030322,103830.54461735,103853.35548702,11.86313
1737825900000000,BTCUSDT,5m,103853.35548702,103853.35548702,103766.31059992,103788.55057844,39.14856
1737826200000000,BTCUSDT,5m,103788.55057844,104085.54526287,103788.53970429,103980.90335278,95.47744
1737826500000000,BTCUSDT,5m,103980.90335278,103980.91399692,103862.23184493,103867.39425244,49.95126
1737826800000000,BTCUSDT,5m,103867.39425244,103934.01165606,103782.11377274,103934.00102789,58.48075
1737827100000000,BTCUSDT,5m,103934.00102789,103939.59010305,103838.29886397,103839.37368611,34.29539
1737827400000000,BTCUSDT,5m,103839.37368611,104038.96191111,103801.87884893,104032.30757304,58.19364
1737827700000000,BTCUSDT,5m,104032.30757304,104087.89384376,103879.36098304,103879.36098304,79.19613
1737828000000000,BTCUSDT,5m,103879.36098304,104078.17400774,103847.6621087,103972.21480992,342.79736
1737828300000000,BTCUSDT,5m,103972.21480992,104153.66469314,103807.34554668,104023.12520881,218.22641
1737828600000000,BTCUSDT,5m,104023.12520881,104087.68799782,103998.46683957,104035.23734896,47.30572
1737828900000000,BTCUSDT,5m,104035.23734896,104200.20919046,103991.15132921,104169.62106007,114.42982
1737829200000000,BTCUSDT,5m,104169.62106007,104318.85342846,104120.84099698,104217.8919367,52.26835
1737829500000000,BTCUSDT,5m,104217.8919367,104244.39913088,104200.05943386,104200.07016986,13.1918
1737829800000000,BTCUSDT,5m,104200.07016986,104429.73566862,104189.64792498,104315.50667702,52.12837
1737830100000000,BTCUSDT,5m,104315.50667702,104341.19906453,104249.73052926,104297.21700964,48.3972
1737830400000000,BTCUSDT,5m,104297.21700964,104297.21700964,104241.50895568,104253.65003769,32.36914
1737830700000000,BTCUSDT,5m,104253.65003769,104325.28035035,104247.35620625,104276.28612801,28.95128
1737831000000000,BTCUSDT,5m,104276.28612801,104276.28612801,104030.857156,104049.69847709,107.20192
1737831300000000,BTCUSDT,5m,104049.69847709,104387.40782226,103964.12078743,104041.39873131,187.23221
1737831600000000,BTCUSDT,5m,104041.39873131,104041.40863586,103871.04038352,103871.04038352,21.52407
1737831900000000,BTCUSDT,5m,103871.04038352,103884.74577861,103854.86152954,103884.73564149,11.6284
1737832200000000,BTCUSDT,5m,103884.73564149,103944.53579094,103830.88966608,103874.84073019,34.43812
1737832500000000,BTCUSDT,5m,103874.84073019,103978.84233385,103799.32804979,103816.37243176,67.41846
1737832800000000,BTCUSDT,5m,103816.37243176,103851.72031046,103796.96745568,103825.08730637,45.86825
1737833100000000,BTCUSDT,5m,103825.08730637,103875.24792439,103804.00975333,103875.23802882,22.32426
1737833400000000,BTCUSDT,5m,103875.23802882,103988.66541504,103845.94544702,103984.65124642,73.66767
1737833700000000,BTCUSDT,5m,103984.65124642,103984.65124642,103932.99010656,103949.46409234,12.13519
1737834000000000,BTCUSDT,5m,103949.46409234,103965.78330691,103888.65377475,103942.57908325,45.27784
1737834300000000,BTCUSDT,5m,103942.57908325,104073.7364686,103923.95014282,104050.92466535,63.76502
1737834600000000,BTCUSDT,5m,104050.92466535,104077.13828652,103955.29461813,103955.30475488,38.79488
1737834900000000,BTCUSDT,5m,103955.30475488,104066.25468047,103933.2314568,104018.90999511,84.69544
1737835200000000,BTCUSDT,5m,104018.90999511,104113.05403086,103826.91278687,104083.56749116,195.3867
1737835500000000,BTCUSDT,5m,104083.56749116,104109.87728733,104083.56749116,104090.7241888,16.739
1737835800000000,BTCUSDT,5m,104090.7241888,104295.29299371,104065.67739313,104295.29299371,85.08561
1737836100000000,BTCUSDT,5m,104295.29299371,104327.20746559,104183.15060213,104204.9795053,49.15546
1737836400000000,BTCUSDT,5m,104204.9795053,104488.4557142,104196.37609275,104443.86967167,200.26011
1737836700000000,BTCUSDT,5m,104443.86967167,104746.59070396,104424.41694767,104616.47264764,82.4044
1737837000000000,BTCUSDT,5m,104616.47264764,104896.73166752,104616.4618589,104854.97925551,106.85485
1737837300000000,BTCUSDT,5m,104854.97925551,104959.29076589,104835.27007559,104938.94096255,55.3865
1737837600000000,BTCUSDT,5m,104938.94096255,104958.4516472,104938.94096255,104952.83757855,21.00443
1737837900000000,BTCUSDT,5m,104952.83757855,104952.83757855,104794.74714024,104906.04160864,37.93867
1737838200000000,BTCUSDT,5m,104906.04160864,104950.43608316,104849.04928517,104928.04470097,48.61321
1737838500000000,BTCUSDT,5m,104928.04470097,105167.01035224,104928.04470097,105163.18813149,54.76401
1737838800000000,BTCUSDT,5m,105163.18813149,105251.53154032,104981.46545176,105220.74084082,73.64818
1737839100000000,BTCUSDT,5m,105220.74084082,105316.45531712,105134.50304535,105208.50356167,85.076
1737839400000000,BTCUSDT,5m,105208.50356167,105208.50356167,105155.41726758,105175.77465039,37.27138
1737839700000000,BTCUSDT,5m,105175.77465039,105196.3341282,105080.95801714,105112.31176817,16.67083
1737840000000000,BTCUSDT,5m,105112.31176817,105118.16930356,105029.60766761,105109.08743676,37.57893
1737840300000000,BTCUSDT,5m,105109.08743676,105128.73400265,105068.86257085,105088.75960291,31.75019
1737840600000000,BTCUSDT,5m,105088.75960291,105103.50594322,105054.05015935,105054.06105029,30.40278
1737840900000000,BTCUSDT,5m,105054.06105029,105089.04622734,105042.43581311,105043.18017858,86.68121
1737841200000000,BTCUSDT,5m,105043.18017858,105158.14360043,105017.02436401,105158.14360043,21.40718
1737841500000000,BTCUSDT,5m,105158.14360043,105193.91346196,105019.37100342,105043.05319422,82.25745
1737841800000000,BTCUSDT,5m,105043.05319422,105113.10858507,105043.04318345,105113.10858507,10.51547
1737842100000000,BTCUSDT,5m,105113.10858507,105387.34865861,105033.67610052,105283.67228748,139.32482
1737842400000000,BTCUSDT,5m,105283.67228748,105298.65833634,104934.79790481,104934.79790481,77.0799
1737842700000000,BTCUSDT,5m,104934.79790481,104934.79790481,104757.9360297,104856.3524035,59.36533
1737843000000000,BTCUSDT,5m,104856.3524035,104884.99351621,104773.41918899,104773.429868,27.24914
1737843300000000,BTCUSDT,5m,104773.429868,105014.27338458,104704.15971853,104923.78304598,100.63428
1737843600000000,BTCUSDT,5m,104923.78304598,104927.44711269,104866.55894541,104916.96141592,14.12887
1737843900000000,BTCUSDT,5m,104916.96141592,105091.57424915,104867.51282927,105087.15493102,61.82753
1737844200000000,BTCUSDT,5m,105087.15493102,105087.15493102,104912.78802902,105040.71649999,35.12331
1737844500000000,BTCUSDT,5m,105040.71649999,105144.17088032,104971.06542366,105002.10708977,29.90477
1737844800000000,BTCUSDT,5m,105002.10708977,105018.14505676,104924.30501602,104965.93199489,20.40516
1737845100000000,BTCUSDT,5m,104965.93199489,105077.908685,104835.00476716,104880.17383365,46.61597
1737845400000000,BTCUSDT,5m,104880.17383365,104986.95598868,104868.76768239,104965.05223755,79.581
1737845700000000,BTCUSDT,5m,104965.05223755,105012.6010771,104947.88071335,104947.89070261,19.39077
1737846000000000,BTCUSDT,5m,104947.89070261,104947.89070261,104874.24095218,104902.88585919,22.65775
1737846300000000,BTCUSDT,5m,104902.88585919,104995.76596532,104598.79586107,104878.38518518,146.74674
1737846600000000,BTCUSDT,5m,104878.38518518,104971.75390555,104878.38518518,104937.97589676,34.32597
1737846900000000,BTCUSDT,5m,104937.97589676,104941.25209135,104803.81572854,104892.81901475,38.17008
1737847200000000,BTCUSDT,5m,104892.81901475,104892.8298206,104805.69142756,104811.9588219,34.15096
1737847500000000,BTCUSDT,5m,104811.9588219,105000.87818926,104811.9588219,104981.57562674,75.73735
1737847800000000,BTCUSDT,5m,104981.57562674,104983.2923838,104506.30119989,104512.44862937,130.05303
1737848100000000,BTCUSDT,5m,104512.44862937,104512.45952062,104392.62306876,104415.05904902,19.42804
1737848400000000,BTCUSDT,5m,104415.05904902,104449.1974906,104361.33350285,104361.33350285,28.38253
1737848700000000,BTCUSDT,5m,104361.33350285,104361.33350285,104226.37766085,104241.95929317,41.61181
1737849000000000,BTCUSDT,5m,104241.95929317,104282.27693801,104241.94869999,104262.66896097,37.82216
1737849300000000,BTCUSDT,5m,104262.66896097,104504.63340571,104154.30993939,104401.20077418,67.10226
1737849600000000,BTCUSDT,5m,104401.20077418,104435.89056525,104297.9937948,104405.71756177,31.60788
1737849900000000,BTCUSDT,5m,104405.71756177,104759.41242904,104250.22580861,104735.67937007,275.61956
1737850200000000,BTCUSDT,5m,104735.67937007,104757.18367252,104697.63406626,104757.18367252,16.29808
1737850500000000,BTCUSDT,5m,104757.18367252,104797.640558,104699.59235715,104740.82808036,29.18988
1737850800000000,BTCUSDT,5m,104740.82808036,104907.63507689,104684.42212072,104907.62421706,28.02362
1737851100000000,BTCUSDT,5m,104907.62421706,104958.96239157,104801.56491459,104804.05705899,114.95844
1737851400000000,BTCUSDT,5m,104804.05705899,105273.92246677,104620.10125144,105267.44177982,396.90006
1737851700000000,BTCUSDT,5m,105267.44177982,105267.45252305,105234.88976987,105242.09848231,20.63153
1737852000000000,BTCUSDT,5m,105242.09848231,105310.3120074,105191.25630592,105256.3934282,26.57598
1737852300000000,BTCUSDT,5m,105256.3934282,105313.34629535,105197.26179797,105276.22017231,26.64817
1737852600000000,BTCUSDT,5m,105276.22017231,105405.88716969,105215.30366364,105405.47542523,54.96626
1737852900000000,BTCUSDT,5m,105405.47542523,105421.38602154,105372.52007606,105416.79538784,19.81361
1737853200000000,BTCUSDT,5m,105416.79538784,105416.79538784,105255.40730375,105319.44984499,59.73372
1737853500000000,BTCUSDT,5m,105319.44984499,105400.01050567,105302.1259008,105397.37519246,11.89263
1737853800000000,BTCUSDT,5m,105397.37519246,105471.71100719,105379.68870899,105471.70089485,23.34894
1737854100000000,BTCUSDT,5m,105471.70089485,105484.28085151,103883.93785195,104582.78076939,2056.44609
1737854400000000,BTCUSDT,5m,104582.78076939,104604.47903327,104440.95588513,104448.62889439,73.71502
1737854700000000,BTCUSDT,5m,104448.62889439,104472.8795032,104448.61824414,104463.2410311,18.30334
1737855000000000,BTCUSDT,5m,104463.2410311,105028.68744926,104401.96951802,104950.66126263,371.94437
1737855300000000,BTCUSDT,5m,104950.66126263,104959.86042609,104834.43873129,104910.18708774,44.11528
1737855600000000,BTCUSDT,5m,104910.18708774,104989.68011992,104801.07449389,104982.97628421,31.50589
1737855900000000,BTCUSDT,5m,104982.97628421,105091.29704566,104925.05162333,105085.13637949,338.8274
1737856200000000,BTCUSDT,5m,105085.13637949,105110.17999065,104937.69250167,105034.10989415,81.48497
1737856500000000,BTCUSDT,5m,105034.10989415,105034.10989415,104782.41715468,104820.4612323,54.39298
1737856800000000,BTCUSDT,5m,104820.4612323,104877.40233072,104677.45572232,104877.40233072,88.06158
1737857100000000,BTCUSDT,5m,104877.40233072,104916.36662184,104862.17428371,104862.17428371,31.81141
1737857400000000,BTCUSDT,5m,104862.17428371,104912.19683227,104808.16036098,104826.21180192,32.89177
1737857700000000,BTCUSDT,5m,104826.21180192,104915.1950297,104811.36143462,104915.1950297,24.10635
1737858000000000,BTCUSDT,5m,104915.1950297,105030.06299535,104915.18436416,104954.09228789,127.64147
1737858300000000,BTCUSDT,5m,104954.09228789,104998.01509902,104897.8291544,104998.00417838,119.38624
1737858600000000,BTCUSDT,5m,104998.00417838,105289.17372226,104488.35854402,104632.7231476,644.66628
1737858900000000,BTCUSDT,5m,104632.7231476,104699.4417992,104520.2996781,104635.00514395,31.45443
1737859200000000,BTCUSDT,5m,104635.00514395,104695.34259553,104597.33308165,104597.33308165,25.34025
1737859500000000,BTCUSDT,5m,104597.33308165,104837.00944535,104590.05719203,104743.37516594,186.79131
1737859800000000,BTCUSDT,5m,104743.37516594,104783.53700655,104688.38732613,104773.57747434,42.61884
1737860100000000,BTCUSDT,5m,104773.57747434,104781.43440473,104542.16699982,104594.85401229,57.39607
1737860400000000,BTCUSDT,5m,104594.85401229,104651.1773973,104570.57595128,104651.16666904,42.65864
1737860700000000,BTCUSDT,5m,104651.16666904,104651.17744047,104594.89671719,104605.16189026,17.01477
1737861000000000,BTCUSDT,5m,104605.16189026,104605.16189026,104466.5662745,104576.81303127,82.74608
1737861300000000,BTCUSDT,5m,104576.81303127,104588.5181974,104430.03364659,104430.04364246,27.83354
1737861600000000,BTCUSDT,5m,104430.04364246,104520.01199088,104350.64255659,104443.22828454,39.47867
1737861900000000,BTCUSDT,5m,104443.22828454,104612.9156105,103945.02261888,103966.64332722,253.64673
1737862200000000,BTCUSDT,5m,103966.64332722,104141.48117522,103920.35025541,104141.48117522,60.06468
1737862500000000,BTCUSDT,5m,104141.48117522,104172.99535355,104092.4579817,104111.83161993,37.33573
1737862800000000,BTCUSDT,5m,104111.83161993,104168.00150076,103984.88630014,104074.9506012,61.30142
1737863100000000,BTCUSDT,5m,104074.9506012,105136.91843653,104043.72812239,104763.94787335,694.60471
1737863400000000,BTCUSDT,5m,104763.94787335,104937.57339835,104720.89086054,104933.08454331,93.2448
1737863700000000,BTCUSDT,5m,104933.08454331,105003.52372459,104929.7536983,104992.60292129,39.34672
1737864000000000,BTCUSDT,5m,104992.60292129,105022.48003087,104966.28854062,105022.48003087,22.28095
1737864300000000,BTCUSDT,5m,105022.48003087,105094.37519726,105001.45131926,105001.45131926,39.92342
1737864600000000,BTCUSDT,5m,105001.45131926,105098.94345009,104884.51675646,105033.74131026,79.50016
1737864900000000,BTCUSDT,5m,105033.74131026,105107.26865522,105023.38088704,105107.26865522,23.84385
1737865200000000,BTCUSDT,5m,105107.26865522,105176.56978686,105061.78268039,105146.54904347,53.9067
1737865500000000,BTCUSDT,5m,105146.54904347,105156.50464846,105145.92208898,105156.50464846,13.10861
1737865800000000,BTCUSDT,5m,105156.50464846,105220.00715727,105156.50464846,105182.9048098,23.88216
1737866100000000,BTCUSDT,5m,105182.9048098,105218.77640632,105166.0627204,105186.66347122,15.50001
1737866400000000,BTCUSDT,5m,105186.66347122,105223.63796985,105138.54128702,105138.54128702,48.38466
1737866700000000,BTCUSDT,5m,105138.54128702,105138.5519757,104903.1016777,104930.73192195,95.42167
1737867000000000,BTCUSDT,5m,104930.73192195,104981.92062918,104892.43769898,104893.90479587,13.829
1737867300000000,BTCUSDT,5m,104893.90479587,105046.30211584,104890.67109231,105018.95510845,41.204
1737867600000000,BTCUSDT,5m,105018.95510845,105018.96591418,104838.24013664,104838.24013664,44.49288
1737867900000000,BTCUSDT,5m,104838.24013664,104949.2468223,104783.83872987,104852.77927367,116.00155
1737868200000000,BTCUSDT,5m,104852.77927367,104873.16741367,104423.66511432,104530.96773464,172.94474
1737868500000000,BTCUSDT,5m,104530.96773464,104541.1903149,104487.56190953,104517.97274779,15.05936
1737868800000000,BTCUSDT,5m,104517.97274779,104534.24217197,104491.67818796,104491.78529411,14.9949
1737869100000000,BTCUSDT,5m,104491.78529411,104567.29983131,104479.06143258,104535.0486039,56.75623
1737869400000000,BTCUSDT,5m,104535.0486039,104692.36365783,104519.6498678,104691.7002942,39.55034
1737869700000000,BTCUSDT,5m,104691.7002942,104807.35622205,104411.15022232,104436.41174822,151.62132
1737870000000000,BTCUSDT,5m,104436.41174822,104448.89917927,104201.9266812,104243.67096465,61.82574
1737870300000000,BTCUSDT,5m,104243.67096465,104282.11830416,104175.05247428,104276.10120452,26.44286
1737870600000000,BTCUSDT,5m,104276.10120452,104331.17711234,104276.10120452,104319.89494827,18.69155
1737870900000000,BTCUSDT,5m,104319.89494827,104339.7229082,104229.54463878,104238.67093267,41.21947
1737871200000000,BTCUSDT,5m,104238.67093267,104262.35834568,104196.98194401,104196.98194401,21.68693
1737871500000000,BTCUSDT,5m,104196.98194401,104248.18097798,104179.99511639,104248.18097798,13.66212
1737871800000000,BTCUSDT,5m,104248.18097798,104313.81770894,103905.24202517,104099.81296349,118.03219
1737872100000000,BTCUSDT,5m,104099.81296349,104147.11131459,104077.74538666,104092.28968306,28.22391
1737872400000000,BTCUSDT,5m,104092.28968306,104111.62398572,104088.49111146,104109.97011325,15.07635
1737872700000000,BTCUSDT,5m,104109.97011325,104255.82882449,103942.39912941,104160.2550244,129.82247
1737873000000000,BTCUSDT,5m,104160.2550244,104167.85999837,103722.1004862,103722.1004862,111.08047
1737873300000000,BTCUSDT,5m,103722.1004862,103804.48881945,103722.1004862,103722.43265401,35.4548
1737873600000000,BTCUSDT,5m,103722.43265401,103787.36658481,103690.5780865,103712.54539135,35.39959
1737873900000000,BTCUSDT,5m,103712.54539135,103802.08317713,103674.4446673,103802.08317713,20.87897
1737874200000000,BTCUSDT,5m,103802.08317713,103991.40103102,103802.08317713,103872.31179115,67.60406
1737874500000000,BTCUSDT,5m,103872.31179115,103872.32257499,103723.33309876,103774.30829086,22.29394
1737874800000000,BTCUSDT,5m,103774.30829086,103850.98656435,103709.26255746,103831.28093423,35.48217
1737875100000000,BTCUSDT,5m,103831.28093423,103849.57318417,103717.78239402,103773.8605875,25.62043
1737875400000000,BTCUSDT,5m,103773.8605875,103844.73054107,103773.8605875,103821.45482346,18.77314
1737875700000000,BTCUSDT,5m,103821.45482346,103916.16098345,103821.44400732,103911.57493824,13.03247
1737876000000000,BTCUSDT,5m,103911.57493824,103924.33826952,103809.09289592,103809.10277466,25.93738
1737876300000000,BTCUSDT,5m,103809.10277466,103818.01330275,103648.78961387,103655.31164055,67.799
1737876600000000,BTCUSDT,5m,103655.31164055,103754.15891168,103601.05399839,103729.27144678,58.78009
1737876900000000,BTCUSDT,5m,103729.27144678,103818.22941162,103295.60898269,103527.24285257,152.79209
1737877200000000,BTCUSDT,5m,103527.24285257,103587.47733733,103518.24266861,103559.69088422,21.33153
1737877500000000,BTCUSDT,5m,103559.69088422,103585.01604213,103525.17895635,103530.40743957,9.20466
1737877800000000,BTCUSDT,5m,103530.40743957,103593.82234489,103510.09608819,103569.58709741,19.40135
1737878100000000,BTCUSDT,5m,103569.58709741,103659.91126981,103545.04225142,103659.91126981,17.9532
1737878400000000,BTCUSDT,5m,103659.91126981,103670.27227903,102986.22501031,103434.40636156,605.61882
1737878700000000,BTCUSDT,5m,103434.40636156,103639.85432542,103380.9238059,103386.13203368,213.35131
1737879000000000,BTCUSDT,5m,103386.13203368,103407.51817842,103342.11796807,103407.50756494,19.16913
1737879300000000,BTCUSDT,5m,103407.50756494,103462.8463464,103358.6742261,103409.43156023,76.77253
1737879600000000,BTCUSDT,5m,103409.43156023,103475.40018675,103357.03034675,103458.05343172,56.60718
1737879900000000,BTCUSDT,5m,103458.05343172,103458.06416431,103375.32667378,103408.44742819,28.64695
1737880200000000,BTCUSDT,5m,103408.44742819,103417.43603142,103364.17608792,103383.43738054,27.59663
1737880500000000,BTCUSDT,5m,103383.43738054,103438.95887811,103357.8520727,103357.8520727,31.47881
1737880800000000,BTCUSDT,5m,103357.8520727,103357.8520727,103287.83744984,103315.68222239,21.20303
1737881100000000,BTCUSDT,5m,103315.68222239,103327.97751783,103171.25489862,103171.26549802,36.56494
1737881400000000,BTCUSDT,5m,103171.26549802,103227.95899494,103117.9025172,103223.3475111,65.74994
1737881700000000,BTCUSDT,5m,103223.3475111,103261.07524943,103164.8400419,103242.2212052,86.73643
1737882000000000,BTCUSDT,5m,103242.2212052,103374.59676914,103216.57142993,103255.51235493,80.94555
1737882300000000,BTCUSDT,5m,103255.51235493,103286.91956622,103236.99623698,103273.24749407,12.12156
1737882600000000,BTCUSDT,5m,103273.24749407,103305.04769035,103258.38111545,103258.38111545,18.18613
1737882900000000,BTCUSDT,5m,103258.38111545,103271.53972225,103054.00206596,103263.87105878,119.01178
1737883200000000,BTCUSDT,5m,103263.87105878,103278.22207785,103163.59504432,103201.39564986,19.37789
1737883500000000,BTCUSDT,5m,103201.39564986,103377.31580389,103201.39564986,103349.99789908,40.30501
1737883800000000,BTCUSDT,5m,103349.99789908,103374.50697421,103349.99789908,103364.93357794,13.92729
1737884100000000,BTCUSDT,5m,103364.93357794,103546.17872598,103199.76374051,103328.06779756,212.20383
1737884400000000,BTCUSDT,5m,103328.06779756,103404.29110457,103281.76041633,103384.43495335,27.59624
1737884700000000,BTCUSDT,5m,103384.43495335,103389.09456538,103233.96613366,103349.14755444,224.92602
1737885000000000,BTCUSDT,5m,103349.14755444,103359.88601766,103289.49891384,103289.52026268,37.58783
1737885300000000,BTCUSDT,5m,103289.52026268,103366.81257021,103245.84675024,103333.6522617,26.4724
1737885600000000,BTCUSDT,5m,103333.6522617,103411.8048827,103240.62871075,103411.8048827,45.05973
1737885900000000,BTCUSDT,5m,103411.8048827,103422.80002608,103300.44162116,103422.80002608,18.13781
1737886200000000,BTCUSDT,5m,103422.80002608,103470.70637993,103330.31606261,103454.08386105,57.28091
1737886500000000,BTCUSDT,5m,103454.08386105,103665.60570797,103165.46623842,103651.65544009,243.17217
1737886800000000,BTCUSDT,5m,103651.65544009,103653.30017078,103608.15442202,103634.34359528,31.23069
1737887100000000,BTCUSDT,5m,103634.34359528,103634.34359528,103517.65393722,103530.14920285,40.37316
1737887400000000,BTCUSDT,5m,103530.14920285,104121.7573924,103500.4474183,103859.11577642,643.45429
1737887700000000,BTCUSDT,5m,103859.11577642,104005.27356209,103837.14350681,103918.05743113,44.95363
1737888000000000,BTCUSDT,5m,103918.05743113,104116.5800846,103902.40206641,104106.58590879,50.92651
1737888300000000,BTCUSDT,5m,104106.58590879,104141.10503272,104087.99399407,104139.12175955,17.41032
1737888600000000,BTCUSDT,5m,104139.12175955,104283.08439165,104139.12175955,104281.6382475,35.56585
1737888900000000,BTCUSDT,5m,104281.6382475,104386.14948499,104163.4091592,104323.92767289,72.01112
1737889200000000,BTCUSDT,5m,104323.92767289,104602.08680316,104283.47197421,104556.04486423,54.96509
1737889500000000,BTCUSDT,5m,104556.04486423,104678.85558102,104447.12609374,104552.45575956,80.54694
1737889800000000,BTCUSDT,5m,104552.45575956,104571.76275629,104474.72906793,104474.72906793,19.75451
1737890100000000,BTCUSDT,5m,104474.72906793,104474.73992338,104403.95151168,104439.68766431,25.02957
1737890400000000,BTCUSDT,5m,104439.68766431,104735.55056331,104380.67528957,104639.1956553,61.9944
1737890700000000,BTCUSDT,5m,104639.1956553,104666.39133687,104610.44562852,104642.65809328,14.16218
1737891000000000,BTCUSDT,5m,104642.65809328,104842.24069211,104642.65809328,104842.24069211,51.93469
1737891300000000,BTCUSDT,5m,104842.24069211,104906.2166021,104808.8557496,104808.8557496,46.67328
1737891600000000,BTCUSDT,5m,104808.8557496,104902.06543671,104792.99027094,104793.00116756,74.64129
1737891900000000,BTCUSDT,5m,104793.00116756,105350.64156928,104792.99024799,105348.98179523,408.27337
1737892200000000,BTCUSDT,5m,105348.98179523,105590.64692703,105089.71734493,105178.38738075,555.19723
1737892500000000,BTCUSDT,5m,105178.38738075,105296.13712385,105108.11059527,105296.13712385,183.46304
1737892800000000,BTCUSDT,5m,105296.13712385,105331.27828038,105281.38651494,105290.61649155,11.48682
1737893100000000,BTCUSDT,5m,105290.61649155,105328.94714741,105264.99808243,105282.5366737,10.06867
1737893400000000,BTCUSDT,5m,105282.5366737,105454.05551732,105046.53642346,105454.04490484,227.81208
1737893700000000,BTCUSDT,5m,105454.04490484,105558.67434288,105454.04490484,105547.04884976,10.26259
1737894000000000,BTCUSDT,5m,105547.04884976,105632.08342959,105499.99370506,105560.13032054,85.92273
1737894300000000,BTCUSDT,5m,105560.13032054,105577.49368236,105377.79877376,105437.69858091,84.64648
1737894600000000,BTCUSDT,5m,105437.69858091,105489.05893103,105394.52029375,105458.24055065,27.9651
1737894900000000,BTCUSDT,5m,105458.24055065,105578.3657299,105443.86225806,105558.72655941,52.18076
1737895200000000,BTCUSDT,5m,105558.72655941,105599.83641139,105497.18563873,105586.70753805,63.65499
1737895500000000,BTCUSDT,5m,105586.70753805,105587.98474222,105561.63970011,105570.6558957,13.75086
1737895800000000,BTCUSDT,5m,105570.6558957,106088.55685262,105511.64937531,105833.57508683,291.14012
1737896100000000,BTCUSDT,5m,105833.57508683,105920.36927238,105833.57508683,105920.36927238,19.30933
1737896400000000,BTCUSDT,5m,105920.36927238,105940.75799525,105805.20191196,105824.99186198,67.81791
1737896700000000,BTCUSDT,5m,105824.99186198,105954.42895078,105824.99186198,105874.49083273,28.10753
1737897000000000,BTCUSDT,5m,105874.49083273,105933.37775692,105828.52980452,105871.1255716,30.96266
1737897300000000,BTCUSDT,5m,105871.1255716,105887.15692863,105791.65724961,105837.53293934,11.05339
1737897600000000,BTCUSDT,5m,105837.53293934,106132.50047883,105577.46927872,105946.13,432.56828
1737897900000000,BTCUSDT,5m,105946.13,106108.46213739,105946.11899443,106103.94985425,62.88209
1737898200000000,BTCUSDT,5m,106103.94985425,106142.25936984,106097.7027912,106115.10532399,21.97217
1737898500000000,BTCUSDT,5m,106115.10532399,106275.07450016,106098.21085359,106190.43875871,98.77499
1737898800000000,BTCUSDT,5m,106190.43875871,106211.58570389,105917.19256422,106191.98398772,135.12516
1737899100000000,BTCUSDT,5m,106191.98398772,106236.14394713,105883.8667566,105907.63273338,201.95097
1737899400000000,BTCUSDT,5m,105907.63273338,105907.63273338,105783.97957763,105816.15822777,48.78636
1737899700000000,BTCUSDT,5m,105816.15822777,105854.42899859,105816.1473523,105843.74928931,8.24932
1737900000000000,BTCUSDT,5m,105843.74928931,105933.77930102,105843.73832876,105908.98652205,23.40721
1737900300000000,BTCUSDT,5m,105908.98652205,105908.99749831,105594.9008163,105788.64279751,112.04912
1737900600000000,BTCUSDT,5m,105788.64279751,105843.38083232,105729.81476129,105730.8016249,31.37545
1737900900000000,BTCUSDT,5m,105730.8016249,105730.81191565,105624.34372974,105635.15931677,31.09254
1737901200000000,BTCUSDT,5m,105635.15931677,105712.37959221,105626.33846285,105672.82184276,11.82401
1737901500000000,BTCUSDT,5m,105672.82184276,105672.82184276,105492.33994017,105624.24881863,42.66545
1737901800000000,BTCUSDT,5m,105624.24881863,105624.25896447,105516.70294832,105555.7136909,91.65004
1737902100000000,BTCUSDT,5m,105555.7136909,105566.69950893,105427.9827498,105547.06860114,57.03052
1737902400000000,BTCUSDT,5m,105547.06860114,105718.09081378,105370.76733505,105491.0065405,224.36015
1737902700000000,BTCUSDT,5m,105491.0065405,105597.00907292,105289.55602879,105597.00907292,190.2802
1737903000000000,BTCUSDT,5m,105597.00907292,105613.05573863,105354.44370332,105424.35742223,113.99388
1737903300000000,BTCUSDT,5m,105424.35742223,105489.2321906,105382.25681334,105435.39651881,48.49221
1737903600000000,BTCUSDT,5m,105435.39651881,105537.76238812,105299.16067059,105473.58161283,100.7078
1737903900000000,BTCUSDT,5m,105473.58161283,105504.08246876,105446.6703649,105493.02171881,31.70505
1737904200000000,BTCUSDT,5m,105493.02171881,105629.29427889,105461.39991752,105567.92237171,36.82745
1737904500000000,BTCUSDT,5m,105567.92237171,105604.46526575,105492.49654735,105555.58674946,65.38555
1737904800000000,BTCUSDT,5m,105555.58674946,105710.17020938,105555.58674946,105589.31812611,52.6528
1737905100000000,BTCUSDT,5m,105589.31812611,105713.04696552,105512.48057834,105702.81978431,106.36543
1737905400000000,BTCUSDT,5m,105702.81978431,105724.82629893,105695.31544912,105724.82629893,18.8113
1737905700000000,BTCUSDT,5m,105724.82629893,105724.83702692,105589.81456951,105594.95327578,97.50749
1737906000000000,BTCUSDT,5m,105594.95327578,105597.0965557,105546.90134439,105582.82150265,31.0162
1737906300000000,BTCUSDT,5m,105582.82150265,105739.43260264,105045.15065019,105135.88449683,300.40934
1737906600000000,BTCUSDT,5m,105135.88449683,105158.1918727,105133.28013324,105158.1918727,11.81129
1737906900000000,BTCUSDT,5m,105158.1918727,105304.09212091,105143.874173,105274.95126958,45.57561
1737907200000000,BTCUSDT,5m,105274.95126958,105374.02797307,105224.28624957,105343.5328187,32.50833
1737907500000000,BTCUSDT,5m,105343.5328187,105394.20979551,105297.808414,105379.18916565,115.37461
1737907800000000,BTCUSDT,5m,105379.18916565,105389.59974849,105182.52142093,105200.41398336,49.60954
1737908100000000,BTCUSDT,5m,105200.41398336,105258.6621426,105177.00040185,105204.62001596,86.03085
1737908400000000,BTCUSDT,5m,105204.62001596,105243.40676595,105153.37700375,105170.18532257,49.11265
1737908700000000,BTCUSDT,5m,105170.18532257,105228.29090197,105168.18791191,105209.02943939,16.50045
1737909000000000,BTCUSDT,5m,105209.02943939,105209.0400406,105016.25707029,105070.3444343,99.89603
1737909300000000,BTCUSDT,5m,105070.3444343,105070.3444343,104998.40080391,105029.20925202,27.11306
1737909600000000,BTCUSDT,5m,105029.20925202,105208.32042433,105025.05708965,105187.29737067,84.35833
1737909900000000,BTCUSDT,5m,105187.29737067,105202.55807719,104487.44137001,104809.26786935,583.42018
1737910200000000,BTCUSDT,5m,104809.26786935,105200.98812635,104787.60056878,105105.04076251,109.50387
1737910500000000,BTCUSDT,5m,105105.04076251,105378.9924167,105093.32192555,105378.98182101,121.79868
1737910800000000,BTCUSDT,5m,105378.98182101,105904.17723228,105323.2524545,105575.83020416,540.5706
1737911100000000,BTCUSDT,5m,105575.83020416,105631.3818516,105519.0012585,105600.10969465,73.00997
1737911400000000,BTCUSDT,5m,105600.10969465,105796.40587199,105592.44009144,105783.75465912,37.49445
1737911700000000,BTCUSDT,5m,105783.75465912,105979.29187451,105756.87958078,105957.76274648,42.9966
1737912000000000,BTCUSDT,5m,105957.76274648,105957.76274648,105886.29789276,105893.8123711,13.56298
1737912300000000,BTCUSDT,5m,105893.8123711,105982.29195445,105876.98509958,105982.28104183,38.23009
1737912600000000,BTCUSDT,5m,105982.28104183,105982.29214961,105880.70039623,105880.71150401,42.06081
1737912900000000,BTCUSDT,5m,105880.71150401,105887.11424525,105822.82460452,105880.85354434,40.16321
1737913200000000,BTCUSDT,5m,105880.85354434,105924.45162199,105823.88053796,105915.2336167,69.03436
1737913500000000,BTCUSDT,5m,105915.2336167,106219.67016305,105896.7123046,105976.14718182,139.03102
1737913800000000,BTCUSDT,5m,105976.14718182,106240.33816288,105790.52589445,106162.67429036,228.16562
1737914100000000,BTCUSDT,5m,106162.67429036,106167.44959374,106002.51457599,106074.11111772,87.90803
1737914400000000,BTCUSDT,5m,106074.11111772,106164.78783071,106074.11111772,106156.0207452,39.74812
1737914700000000,BTCUSDT,5m,106156.0207452,106166.31356723,106041.3591476,106041.3591476,40.17333
1737915000000000,BTCUSDT,5m,106041.3591476,106093.11940805,105989.50844988,106018.61920013,44.45014
1737915300000000,BTCUSDT,5m,106018.61920013,106019.64009427,105965.55442556,106019.64009427,17.55737
1737915600000000,BTCUSDT,5m,106019.64009427,106185.83661115,105874.8132895,105912.52870854,131.37755
1737915900000000,BTCUSDT,5m,105912.52870854,106069.16408794,105812.60901498,106011.32520912,109.51234
1737916200000000,BTCUSDT,5m,106011.32520912,106133.3081811,106000.1851173,106027.20862389,38.70296
1737916500000000,BTCUSDT,5m,106027.20862389,106071.90175283,105901.1942453,105907.12472203,49.66709
1737916800000000,BTCUSDT,5m,105907.12472203,105997.39854257,105841.46807023,105982.96516505,27.19351
1737917100000000,BTCUSDT,5m,105982.96516505,106189.93556246,105869.80779559,106189.93556246,175.59781
1737917400000000,BTCUSDT,5m,106189.93556246,106220.65392921,106122.09825433,106203.51619851,17.36128
1737917700000000,BTCUSDT,5m,106203.51619851,106713.95262196,106044.57020157,106525.04472863,248.60786
1737918000000000,BTCUSDT,5m,106525.04472863,106565.92499831,106500.24632066,106548.9903106,7.20513
1737918300000000,BTCUSDT,5m,106548.9903106,106570.55042334,106457.11583838,106547.58180529,37.54076
1737918600000000,BTCUSDT,5m,106547.58180529,106585.87021942,106539.64396333,106585.87021942,20.55885
1737918900000000,BTCUSDT,5m,106585.87021942,106585.88129027,106444.77214854,106444.7832194,31.74082
1737919200000000,BTCUSDT,5m,106444.7832194,106755.43314555,106362.76130542,106506.73109841,131.684
1737919500000000,BTCUSDT,5m,106506.73109841,106791.19135005,106456.96349222,106564.16438223,106.507
1737919800000000,BTCUSDT,5m,106564.16438223,106767.48026608,106554.5384156,106762.24399107,49.48374
1737920100000000,BTCUSDT,5m,106762.24399107,106762.25509705,106707.46930191,106758.24583857,22.58303
1737920400000000,BTCUSDT,5m,106758.24583857,107071.3606521,106758.23543021,106966.74618577,190.76317
1737920700000000,BTCUSDT,5m,106966.74618577,107075.31630297,106882.84917234,107005.14654575,53.3832
1737921000000000,BTCUSDT,5m,107005.14654575,107020.26748178,106921.92874809,106926.50925448,68.26371
1737921300000000,BTCUSDT,5m,106926.50925448,106952.73758459,106832.19910929,106886.43210291,47.36084
1737921600000000,BTCUSDT,5m,106886.43210291,107087.45685907,106800.25379626,106841.72371028,128.69965
1737921900000000,BTCUSDT,5m,106841.72371028,106964.46758619,106761.40075535,106878.94424154,135.38275
1737922200000000,BTCUSDT,5m,106878.94424154,107006.56921241,106840.51640887,106923.73564615,84.7769
1737922500000000,BTCUSDT,5m,106923.73564615,106936.52160199,106567.11341622,106701.3711969,309.66194
1737922800000000,BTCUSDT,5m,106701.3711969,106792.42138453,106189.10480579,106320.46013505,310.56011
1737923100000000,BTCUSDT,5m,106320.46013505,106374.471644,106097.41893135,106123.8683772,139.77906
1737923400000000,BTCUSDT,5m,106123.8683772,106123.8683772,106099.7600662,106111.56573934,44.71672
1737923700000000,BTCUSDT,5m,106111.56573934,106111.56573934,105869.05368902,105874.01891419,109.95797
1737924000000000,BTCUSDT,5m,105874.01891419,106008.39521646,105874.01891419,105992.61767028,53.66927
1737924300000000,BTCUSDT,5m,105992.61767028,106302.67428919,105969.118841,106045.42449949,97.23948
1737924600000000,BTCUSDT,5m,106045.42449949,106163.46658012,106041.58799287,106125.51296531,63.392
1737924900000000,BTCUSDT,5m,106125.51296531,106328.07265876,106061.16839907,106236.60546864,187.96036
1737925200000000,BTCUSDT,5m,106236.60546864,106296.01559003,106236.60546864,106291.42460966,7.96347
1737925500000000,BTCUSDT,5m,106291.42460966,106414.80866297,106240.74822634,106394.34787966,30.0039
1737925800000000,BTCUSDT,5m,106394.34787966,106487.45312122,106289.72276242,106420.76547419,51.3094
1737926100000000,BTCUSDT,5m,106420.76547419,106550.67521963,106420.75438028,106540.01396725,36.93941
1737926400000000,BTCUSDT,5m,106540.01396725,106951.21683418,106496.5888346,106940.26594913,146.60329
1737926700000000,BTCUSDT,5m,106940.26594913,106949.76251947,106919.9657536,106928.50245554,19.56424
1737927000000000,BTCUSDT,5m,106928.50245554,106979.42900204,106823.3909502,106940.42780136,46.21395
1737927300000000,BTCUSDT,5m,106940.42780136,106953.80739675,106688.60350681,106777.95331522,210.48203
1737927600000000,BTCUSDT,5m,106777.95331522,106891.92527012,106777.94311639,106877.24914993,27.64215
1737927900000000,BTCUSDT,5m,106877.24914993,106906.99722896,106827.96128004,106827.96128004,16.56497
1737928200000000,BTCUSDT,5m,106827.96128004,106833.61012835,106718.03113362,106718.0422534,19.2561
1737928500000000,BTCUSDT,5m,106718.0422534,106725.39985236,106684.13379511,106692.73955818,21.625
1737928800000000,BTCUSDT,5m,106692.73955818,106704.70189217,106601.31023713,106673.03329417,48.09669
1737929100000000,BTCUSDT,5m,106673.03329417,106759.18770404,106518.99210964,106555.53820211,44.25644
1737929400000000,BTCUSDT,5m,106555.53820211,106891.94292222,106555.36375792,106809.06012584,496.19672
1737929700000000,BTCUSDT,5m,106809.06012584,106845.70693444,106336.96177841,106551.38725284,324.6796
1737930000000000,BTCUSDT,5m,106551.38725284,106655.97958519,106454.97788342,106639.69180497,125.99897
1737930300000000,BTCUSDT,5m,106639.69180497,106683.67131151,106569.07309394,106683.67131151,23.63874
1737930600000000,BTCUSDT,5m,106683.67131151,106767.62505176,106683.67131151,106727.86330532,38.23617
1737930900000000,BTCUSDT,5m,106727.86330532,106782.5211751,106687.71716109,106687.71716109,31.54846
1737931200000000,BTCUSDT,5m,106687.71716109,106976.81407353,106634.93195432,106897.29596558,49.40159
1737931500000000,BTCUSDT,5m,106897.29596558,106931.88207223,106861.57269726,106886.06777456,29.18658
1737931800000000,BTCUSDT,5m,106886.06777456,106947.22992878,106795.02979052,106795.02979052,188.76727
1737932100000000,BTCUSDT,5m,106795.02979052,106843.79575344,106764.4594292,106837.3074842,25.67542
1737932400000000,BTCUSDT,5m,106837.3074842,106890.72146639,106782.01466952,106852.47088767,23.34713
1737932700000000,BTCUSDT,5m,106852.47088767,106852.48114908,106743.24838912,106823.71840355,57.5899
1737933000000000,BTCUSDT,5m,106823.71840355,107014.75924841,106750.65292357,106760.96155776,101.62952
1737933300000000,BTCUSDT,5m,106760.96155776,106834.91865089,106746.90139104,106806.27452747,65.24084
1737933600000000,BTCUSDT,5m,106806.27452747,106806.27452747,106733.38824379,106743.47362048,44.91384
1737933900000000,BTCUSDT,5m,106743.47362048,106781.39468423,106632.16519055,106632.17629806,40.33454
1737934200000000,BTCUSDT,5m,106632.17629806,106809.52334056,106616.50129381,106809.52334056,173.32614
1737934500000000,BTCUSDT,5m,106809.52334056,106809.52334056,106725.28805826,106745.24605183,34.10938
1737934800000000,BTCUSDT,5m,106745.24605183,106780.8225005,106570.46545663,106770.85369445,45.32123
1737935100000000,BTCUSDT,5m,106770.85369445,106852.91792896,106729.36299579,106788.33438091,43.72175
1737935400000000,BTCUSDT,5m,106788.33438091,107039.31244577,106639.35972748,106983.5940082,98.06378
1737935700000000,BTCUSDT,5m,106983.5940082,106983.60513436,106749.38818852,106792.25731076,73.40196
1737936000000000,BTCUSDT,5m,106792.25731076,106982.06868809,106758.50937155,106975.13830772,61.36934
1737936300000000,BTCUSDT,5m,106975.13830772,107106.02570612,106898.88615144,107077.23089458,30.62556
1737936600000000,BTCUSDT,5m,107077.23089458,107099.7188563,106956.73520191,107021.12702154,63.68105
1737936900000000,BTCUSDT,5m,107021.12702154,107356.34531034,106982.03525463,107154.3323006,76.5519
1737937200000000,BTCUSDT,5m,107154.3323006,107217.89599642,107092.274119,107146.50584067,27.72588
1737937500000000,BTCUSDT,5m,107146.50584067,107158.79397915,106937.90398314,106944.70144312,43.85907
1737937800000000,BTCUSDT,5m,106944.70144312,107094.22838405,106809.67932798,107038.25502474,102.85216
1737938100000000,BTCUSDT,5m,107038.25502474,107101.33868582,107011.60717441,107093.05735387,33.25987
1737938400000000,BTCUSDT,5m,107093.05735387,107129.62258074,107010.78284247,107101.49717602,27.05748
1737938700000000,BTCUSDT,5m,107101.49717602,107130.74729424,107049.79825886,107074.9920347,29.06115
1737939000000000,BTCUSDT,5m,107074.9920347,107127.00564193,107031.40481502,107086.12545014,47.09369
1737939300000000,BTCUSDT,5m,107086.12545014,107140.59237488,107004.09437462,107084.84339662,58.42956
1737939600000000,BTCUSDT,5m,107084.84339662,107109.65854865,107059.437938,107067.44605933,35.43108
1737939900000000,BTCUSDT,5m,107067.44605933,107079.61569831,106908.9996658,106929.54444824,27.24266
1737940200000000,BTCUSDT,5m,106929.54444824,106968.51242655,106782.46673495,106936.2040257,82.28105
1737940500000000,BTCUSDT,5m,106936.2040257,106986.46147774,106576.06976303,106576.06976303,240.31037
1737940800000000,BTCUSDT,5m,106576.06976303,106606.49245765,106530.25772138,106543.50090038,40.0211
1737941100000000,BTCUSDT,5m,106543.50090038,106570.65719125,106433.46444776,106450.87402278,43.76715
1737941400000000,BTCUSDT,5m,106450.87402278,106574.83602159,106416.81081064,106506.76446718,51.96252
1737941700000000,BTCUSDT,5m,106506.76446718,106517.52747202,106449.4877175,106470.77886085,12.94255
1737942000000000,BTCUSDT,5m,106470.77886085,106470.77886085,106265.55873814,106339.85565145,97.4002
1737942300000000,BTCUSDT,5m,106339.85565145,106348.1849666,106305.09978575,106335.53983609,15.1807
1737942600000000,BTCUSDT,5m,106335.53983609,106618.51994084,106314.49778265,106595.32485029,122.35157
1737942900000000,BTCUSDT,5m,106595.32485029,106614.08195802,106506.76870017,106599.35768384,17.98786
1737943200000000,BTCUSDT,5m,106599.35768384,106687.7919582,106599.35768384,106651.8003766,34.88058
1737943500000000,BTCUSDT,5m,106651.8003766,106651.8003766,106470.20894397,106529.03574301,46.58005
1737943800000000,BTCUSDT,5m,106529.03574301,106529.04661269,106307.06612563,106383.67558958,100.08657
1737944100000000,BTCUSDT,5m,106383.67558958,106783.24594281,106278.20678223,106754.06219518,232.61885
1737944400000000,BTCUSDT,5m,106754.06219518,106757.19763195,106728.78205337,106745.07102979,34.44068
1737944700000000,BTCUSDT,5m,106745.07102979,107190.59223221,106742.22944658,107121.77602817,70.28298
1737945000000000,BTCUSDT,5m,107121.77602817,107177.92504598,107053.71294566,107069.5103574,23.00856
1737945300000000,BTCUSDT,5m,107069.5103574,107180.83700032,106857.32876435,106914.39299925,103.41206
1737945600000000,BTCUSDT,5m,106914.39299925,107068.35314918,106668.4480013,106696.3831053,170.06876
1737945900000000,BTCUSDT,5m,106696.3831053,106852.19027836,106396.77691984,106743.78699448,410.93335
1737946200000000,BTCUSDT,5m,106743.78699448,106779.47423777,106563.691414,106581.86800014,52.16203
1737946500000000,BTCUSDT,5m,106581.86800014,106632.60462639,106503.48207703,106503.48207703,21.86362
1737946800000000,BTCUSDT,5m,106503.48207703,106649.75565016,106455.74746922,106640.42361108,23.56855
1737947100000000,BTCUSDT,5m,106640.42361108,106666.63086323,106378.69592185,106468.79725564,83.18657
1737947400000000,BTCUSDT,5m,106468.79725564,106522.04624303,106436.35809757,106490.95133532,17.99986
1737947700000000,BTCUSDT,5m,106490.95133532,106598.47295836,106431.49438348,106560.98900732,36.09358
1737948000000000,BTCUSDT,5m,106560.98900732,106622.85060017,106480.74883814,106480.74883814,26.34462
1737948300000000,BTCUSDT,5m,106480.74883814,106612.88238649,106428.09372349,106602.22611849,37.41424
1737948600000000,BTCUSDT,5m,106602.22611849,106829.1832501,106602.22611849,106757.46445631,107.03633
1737948900000000,BTCUSDT,5m,106757.46445631,106874.54988337,106469.8115658,106650.07909926,156.92709
1737949200000000,BTCUSDT,5m,106650.07909926,106722.06867405,106630.85473559,106722.05766984,32.22368
1737949500000000,BTCUSDT,5m,106722.05766984,106758.95551555,106640.875765,106712.54529005,38.37614
1737949800000000,BTCUSDT,5m,106712.54529005,106722.74759,106647.01432853,106661.82647919,14.12305
1737950100000000,BTCUSDT,5m,106661.82647919,106688.50180188,106524.40782094,106567.30565147,79.28142
1737950400000000,BTCUSDT,5m,106567.30565147,106616.71045921,106508.71873645,106553.83562134,34.01994
1737950700000000,BTCUSDT,5m,106553.83562134,107299.42805686,106543.70468837,107111.99526589,206.1198
1737951000000000,BTCUSDT,5m,107111.99526589,107213.74841797,107099.16876969,107213.74841797,25.38719
1737951300000000,BTCUSDT,5m,107213.74841797,107228.94649648,106953.22078499,106953.24249653,151.69032
1737951600000000,BTCUSDT,5m,106953.24249653,107096.91872951,106898.26676961,107001.39272467,36.10305
1737951900000000,BTCUSDT,5m,107001.39272467,107475.84778286,106907.68472355,107465.09892391,146.77115
1737952200000000,BTCUSDT,5m,107465.09892391,107596.4540347,107448.6599248,107577.93074532,23.16503
1737952500000000,BTCUSDT,5m,107577.93074532,107579.81671425,107527.43115382,107527.44224776,10.28323
1737952800000000,BTCUSDT,5m,107527.44224776,107566.4751902,107239.87757664,107283.79344374,135.71085
1737953100000000,BTCUSDT,5m,107283.79344374,107460.79989812,107283.78251337,107419.76727926,64.34725
1737953400000000,BTCUSDT,5m,107419.76727926,107681.73428973,107419.76727926,107552.87894563,100.70436
1737953700000000,BTCUSDT,5m,107552.87894563,107942.27227727,107552.87894563,107848.87430357,242.14845
1737954000000000,BTCUSDT,5m,107848.87430357,107976.51210521,107714.97658007,107880.66401348,86.98929
1737954300000000,BTCUSDT,5m,107880.66401348,107937.86134778,107813.15000814,107903.16493177,99.76151
1737954600000000,BTCUSDT,5m,107903.16493177,107927.59747758,107721.36635806,107736.90841345,42.4176
1737954900000000,BTCUSDT,5m,107736.90841345,107765.06040421,107601.78332987,107639.52801646,53.51738
1737955200000000,BTCUSDT,5m,107639.52801646,107704.54270963,107539.1393091,107652.61064624,46.70055
1737955500000000,BTCUSDT,5m,107652.61064624,107695.30841328,107556.52666562,107684.22783296,66.33679
1737955800000000,BTCUSDT,5m,107684.22783296,107684.22783296,107227.92984543,107501.22865428,135.11045
1737956100000000,BTCUSDT,5m,107501.22865428,107523.18445271,107094.9533038,107125.39575749,217.78266
1737956400000000,BTCUSDT,5m,107125.39575749,107185.56868584,107068.90152344,107124.45418692,40.61909
1737956700000000,BTCUSDT,5m,107124.45418692,107180.30169914,107124.44300176,107170.62653429,12.17485
1737957000000000,BTCUSDT,5m,107170.62653429,107220.29068468,106955.077292,107112.88422279,203.32799
1737957300000000,BTCUSDT,5m,107112.88422279,107283.14830619,106779.4027552,106850.3974253,235.98333
1737957600000000,BTCUSDT,5m,106850.3974253,107049.52593185,106652.1047503,107024.33954139,123.71022
1737957900000000,BTCUSDT,5m,107024.33954139,107024.33954139,106728.367642,106747.68955759,151.23893
1737958200000000,BTCUSDT,5m,106747.68955759,106768.65339161,106747.67861042,106768.65339161,6.02359
1737958500000000,BTCUSDT,5m,106768.65339161,106839.15185221,106715.73553963,106839.15185221,38.32948
1737958800000000,BTCUSDT,5m,106839.15185221,106882.2013662,106826.38663809,106828.7483045,19.23679
1737959100000000,BTCUSDT,5m,106828.7483045,106839.3869386,106800.41513477,106818.75609615,11.26783
1737959400000000,BTCUSDT,5m,106818.75609615,106833.49994187,106801.47626504,106833.48896358,20.40447
1737959700000000,BTCUSDT,5m,106833.48896358,106950.45534482,106833.48896358,106939.81213401,22.51525
1737960000000000,BTCUSDT,5m,106939.81213401,107027.96924988,106890.05621422,106959.06721729,40.44389
1737960300000000,BTCUSDT,5m,106959.06721729,107027.48907611,106959.05702788,107024.90096708,15.39503
1737960600000000,BTCUSDT,5m,107024.90096708,107331.67241037,106885.70931151,107182.71138216,183.38153
1737960900000000,BTCUSDT,5m,107182.71138216,107519.75878618,107182.700322,107442.14962316,55.89287
1737961200000000,BTCUSDT,5m,107442.14962316,107442.16063478,107420.24749293,107430.96180802,11.71982
1737961500000000,BTCUSDT,5m,107430.96180802,107486.64015221,107303.82025305,107359.91310403,97.7638
1737961800000000,BTCUSDT,5m,107359.91310403,107359.91310403,107214.6821906,107257.65003731,31.54465
1737962100000000,BTCUSDT,5m,107257.65003731,107257.65003731,107140.59993945,107140.61103951,21.98256
1737962400000000,BTCUSDT,5m,107140.61103951,107305.79943628,106801.20452027,106889.39379259,312.28819
1737962700000000,BTCUSDT,5m,106889.39379259,107030.09620002,106889.38267251,106997.28083573,38.54201
1737963000000000,BTCUSDT,5m,106997.28083573,107029.96967196,106765.12073227,106833.99923168,61.61158
1737963300000000,BTCUSDT,5m,106833.99923168,106886.37661297,106720.01565383,106809.25323174,70.26973
1737963600000000,BTCUSDT,5m,106809.25323174,106809.25323174,106698.67437153,106767.25719296,29.88863
1737963900000000,BTCUSDT,5m,106767.25719296,106976.21262635,106722.67496288,106974.63851444,66.15156
1737964200000000,BTCUSDT,5m,106974.63851444,107081.29965072,106974.62801009,107056.6354447,23.89412
1737964500000000,BTCUSDT,5m,107056.6354447,107174.88681741,107056.6354447,107133.66656153,14.64407
1737964800000000,BTCUSDT,5m,107133.66656153,107409.85257524,106813.27825781,107342.45295685,349.38227
1737965100000000,BTCUSDT,5m,107342.45295685,107451.43201107,107342.45295685,107354.98739632,40.70048
1737965400000000,BTCUSDT,5m,107354.98739632,107355.34460974,107333.77785004,107345.35379714,15.59411
1737965700000000,BTCUSDT,5m,107345.35379714,107345.35379714,107300.24077231,107344.25401594,20.58719
1737966000000000,BTCUSDT,5m,107344.25401594,107410.00092845,107344.25401594,107364.14056514,55.17514
1737966300000000,BTCUSDT,5m,107364.14056514,107437.24632776,107364.14056514,107424.10987904,30.15184
1737966600000000,BTCUSDT,5m,107424.10987904,107736.38876409,107002.477564,107225.57416915,816.54197
1737966900000000,BTCUSDT,5m,107225.57416915,107410.15472749,107207.11500399,107287.26372291,67.0816
1737967200000000,BTCUSDT,5m,107287.26372291,107366.4056265,106846.77654899,106919.87867572,330.8923
1737967500000000,BTCUSDT,5m,106919.87867572,107449.72124804,106901.79347809,107415.74435447,204.89863
1737967800000000,BTCUSDT,5m,107415.74435447,107628.40565953,107402.73232158,107544.9884521,101.23374
1737968100000000,BTCUSDT,5m,107544.9884521,107578.81097371,107512.12629583,107541.16906814,20.59102
1737968400000000,BTCUSDT,5m,107541.16906814,107576.26203217,107407.16855706,107562.49678051,60.3827
1737968700000000,BTCUSDT,5m,107562.49678051,107665.949027,107562.48555035,107665.93779684,36.60249
1737969000000000,BTCUSDT,5m,107665.93779684,107665.93779684,107451.88202718,107458.04253859,67.44194
1737969300000000,BTCUSDT,5m,107458.04253859,107509.96188457,107386.66323502,107490.15482763,45.36835
1737969600000000,BTCUSDT,5m,107490.15482763,107534.31127385,107490.15482763,107534.28925617,28.04655
1737969900000000,BTCUSDT,5m,107534.28925617,107642.48788501,107230.25110914,107255.13679377,123.2034
1737970200000000,BTCUSDT,5m,107255.13679377,107344.118024,107250.85284287,107344.118024,27.61787
1737970500000000,BTCUSDT,5m,107344.118024,107361.21443937,107214.30280502,107315.05411786,160.3516
1737970800000000,BTCUSDT,5m,107315.05411786,107336.04553042,107311.86359918,107336.03452863,5.9808
1737971100000000,BTCUSDT,5m,107336.03452863,107420.70986921,107336.02401518,107360.88832862,33.72214
1737971400000000,BTCUSDT,5m,107360.88832862,107457.45603953,107183.00156968,107194.60171364,361.98425
1737971700000000,BTCUSDT,5m,107194.60171364,107260.7376816,107194.59152163,107248.79264316,13.5943
1737972000000000,BTCUSDT,5m,107248.79264316,107260.30569284,107177.69296993,107188.39307527,12.34745
1737972300000000,BTCUSDT,5m,107188.39307527,107206.26656206,107127.43828581,107187.60500266,177.17297
1737972600000000,BTCUSDT,5m,107187.60500266,107234.06806852,107187.59403145,107234.06806852,69.16453
1737972900000000,BTCUSDT,5m,107234.06806852,107458.53108245,107223.78100732,107426.90911939,39.35463
1737973200000000,BTCUSDT,5m,107426.90911939,107426.91962462,107359.94879215,107376.50503246,16.72231
1737973500000000,BTCUSDT,5m,107376.50503246,107390.89550142,107300.4442976,107353.35369929,52.818
1737973800000000,BTCUSDT,5m,107353.35369929,107425.56748464,107297.41185451,107414.32989998,29.64605
1737974100000000,BTCUSDT,5m,107414.32989998,107629.06939406,107154.94170884,107249.79138625,210.61052
1737974400000000,BTCUSDT,5m,107249.79138625,107323.01184229,107249.79138625,107297.23172137,22.20577
1737974700000000,BTCUSDT,5m,107297.23172137,107352.46328538,107297.22143233,107352.45299634,13.00367
1737975000000000,BTCUSDT,5m,107352.45299634,107352.46417449,106979.66152363,107036.79307437,89.86329
1737975300000000,BTCUSDT,5m,107036.79307437,107036.80343184,106789.67418574,106803.88463526,66.62728
1737975600000000,BTCUSDT,5m,106803.88463526,106814.07090965,106701.22417114,106739.80110586,59.94537
1737975900000000,BTCUSDT,5m,106739.80110586,106798.97819786,106671.5870105,106798.97819786,55.56463
1737976200000000,BTCUSDT,5m,106798.97819786,106834.1763191,106798.97819786,106820.53303602,11.58004
1737976500000000,BTCUSDT,5m,106820.53303602,106822.49081361,106508.31101583,106566.46788694,129.05614
1737976800000000,BTCUSDT,5m,106566.46788694,106617.64163393,106536.92325181,106597.28743127,23.91639
1737977100000000,BTCUSDT,5m,106597.28743127,106617.19138637,106348.74828353,106381.32342652,34.03689
1737977400000000,BTCUSDT,5m,106381.32342652,106381.32342652,106268.20697944,106302.92753082,32.5282
1737977700000000,BTCUSDT,5m,106302.92753082,106329.24146568,106262.34255239,106262.35342143,20.25019
1737978000000000,BTCUSDT,5m,106262.35342143,106288.17351541,106189.63899222,106265.51732326,36.9931
1737978300000000,BTCUSDT,5m,106265.51732326,106427.27609278,106247.30340339,106387.46240183,103.68328
1737978600000000,BTCUSDT,5m,106387.46240183,106643.27696333,106339.46868588,106506.18537276,152.43988
1737978900000000,BTCUSDT,5m,106506.18537276,106506.66475156,106319.33912453,106411.68085926,43.22616
1737979200000000,BTCUSDT,5m,106411.68085926,106433.83240063,106323.06360693,106428.13375585,46.75175
1737979500000000,BTCUSDT,5m,106428.13375585,106603.2849671,106380.33864159,106595.34079051,67.33473
1737979800000000,BTCUSDT,5m,106595.34079051,106677.20526176,106499.50133114,106666.7075666,126.85065
1737980100000000,BTCUSDT,5m,106666.7075666,106702.42552978,106665.03248912,106671.06889639,15.14412
1737980400000000,BTCUSDT,5m,106671.06889639,106676.46581446,106619.30655263,106619.30655263,11.85253
1737980700000000,BTCUSDT,5m,106619.30655263,106697.43099872,106578.41100926,106616.15032501,41.40384
1737981000000000,BTCUSDT,5m,106616.15032501,106660.92646399,106541.30877955,106554.54288757,33.16866
1737981300000000,BTCUSDT,5m,106554.54288757,106585.18007177,106505.23941183,106528.07804005,11.66793
1737981600000000,BTCUSDT,5m,106528.07804005,106798.10980708,106502.64139522,106628.42075724,233.97596
1737981900000000,BTCUSDT,5m,106628.42075724,106857.78250705,106572.92718278,106830.89612779,55.66548
1737982200000000,BTCUSDT,5m,106830.89612779,106867.75357333,106758.25550721,106781.5461346,36.91249
1737982500000000,BTCUSDT,5m,106781.5461346,107103.46100832,106781.5461346,106993.98388528,161.36551
1737982800000000,BTCUSDT,5m,106993.98388528,107220.79043136,106993.98388528,107152.60424792,87.53315
1737983100000000,BTCUSDT,5m,107152.60424792,107152.61443779,107085.35110136,107089.162113,14.3395
1737983400000000,BTCUSDT,5m,107089.162113,107133.60270999,107044.24294208,107044.24294208,24.04681
1737983700000000,BTCUSDT,5m,107044.24294208,107044.25313779,106960.6992915,106960.6992915,14.09497
1737984000000000,BTCUSDT,5m,106960.6992915,107132.15658,106919.55578965,107132.14542395,71.12172
1737984300000000,BTCUSDT,5m,107132.14542395,107289.12686831,107132.1351838,107204.09269258,34.81633
1737984600000000,BTCUSDT,5m,107204.09269258,107223.51641435,106970.29189863,107009.86649228,58.75044
1737984900000000,BTCUSDT,5m,107009.86649228,107042.16496358,106917.13969314,106930.15417473,58.30355
1737985200000000,BTCUSDT,5m,106930.15417473,107119.16429124,106923.5948099,107107.00600103,32.51533
1737985500000000,BTCUSDT,5m,107107.00600103,107173.40495311,107100.44589095,107106.99491977,40.47244
1737985800000000,BTCUSDT,5m,107106.99491977,107170.64464744,107080.52408214,107136.10397321,23.04387
1737986100000000,BTCUSDT,5m,107136.10397321,107234.62716462,107014.38203904,107228.74501894,116.98419
1737986400000000,BTCUSDT,5m,107228.74501894,107302.26985866,107228.73478014,107255.53996471,12.97085
1737986700000000,BTCUSDT,5m,107255.53996471,107344.24190141,107192.32020923,107241.55639185,108.97767
1737987000000000,BTCUSDT,5m,107241.55639185,107381.12040037,107206.01434436,107305.02912384,47.86946
1737987300000000,BTCUSDT,5m,107305.02912384,107430.60334477,107058.3762324,107166.32521845,170.88873
1737987600000000,BTCUSDT,5m,107166.32521845,107216.13473087,107156.91931891,107172.12698826,34.01502
1737987900000000,BTCUSDT,5m,107172.12698826,107275.41848124,107154.62599376,107234.01504706,21.82614
1737988200000000,BTCUSDT,5m,107234.01504706,107524.31696057,107234.01504706,107486.68890064,124.69576
1737988500000000,BTCUSDT,5m,107486.68890064,107534.83674871,107320.73012117,107335.39252038,18.88035
1737988800000000,BTCUSDT,5m,107335.39252038,107412.27261717,107335.38224641,107412.26234321,15.22963
1737989100000000,BTCUSDT,5m,107412.26234321,107511.82070046,107387.68370178,107483.76384555,24.66442
1737989400000000,BTCUSDT,5m,107483.76384555,107483.77469056,107209.52616677,107318.19313167,187.35624
1737989700000000,BTCUSDT,5m,107318.19313167,107407.61718098,107225.83766678,107383.94361905,21.62943
1737990000000000,BTCUSDT,5m,107383.94361905,107554.13244146,107108.04806077,107213.40718431,228.61211
1737990300000000,BTCUSDT,5m,107213.40718431,107392.39211189,107000.52766412,107150.62602652,173.97207
1737990600000000,BTCUSDT,5m,107150.62602652,107153.81555648,106951.29673289,107081.08774201,67.04161
1737990900000000,BTCUSDT,5m,107081.08774201,107081.08774201,106981.37197151,107033.8093853,19.76796
1737991200000000,BTCUSDT,5m,107033.8093853,107197.5177825,106837.53639707,107172.75819919,278.03379
1737991500000000,BTCUSDT,5m,107172.75819919,107349.12853742,107161.91502547,107192.63031911,74.84381
1737991800000000,BTCUSDT,5m,107192.63031911,107293.12186306,107192.61931839,107278.67792248,70.6631
1737992100000000,BTCUSDT,5m,107278.67792248,107396.01259465,107157.62431342,107190.85124351,88.38847
1737992400000000,BTCUSDT,5m,107190.85124351,107271.82452186,106954.71107526,106980.13482572,74.04425
1737992700000000,BTCUSDT,5m,106980.13482572,106991.52771754,106966.19917254,106978.91297935,24.14115
1737993000000000,BTCUSDT,5m,106978.91297935,107004.78521726,106921.59787362,106959.83712881,25.40739
1737993300000000,BTCUSDT,5m,106959.83712881,106959.84832991,106804.7579382,106879.7492839,89.61017
1737993600000000,BTCUSDT,5m,106879.7492839,106949.56245898,106812.95951403,106869.19485113,74.22511
1737993900000000,BTCUSDT,5m,106869.19485113,107200.42034523,106782.30608651,107157.92791062,183.63589
1737994200000000,BTCUSDT,5m,107157.92791062,107251.47238267,107142.95290197,107163.67235025,36.05905
1737994500000000,BTCUSDT,5m,107163.67235025,107191.78403485,106911.44837898,107009.13062404,281.19829
1737994800000000,BTCUSDT,5m,107009.13062404,107165.01449357,107000.24657965,107069.57476529,45.8725
1737995100000000,BTCUSDT,5m,107069.57476529,107113.89747069,107011.20394064,107011.21505466,35.16807
1737995400000000,BTCUSDT,5m,107011.21505466,107013.45724138,106929.78290958,106964.00683238,28.90318
1737995700000000,BTCUSDT,5m,106964.00683238,106964.00683238,106888.84888308,106909.92439715,12.30321
1737996000000000,BTCUSDT,5m,106909.92439715,106919.21203557,106850.41433722,106859.89525617,18.59636
1737996300000000,BTCUSDT,5m,106859.89525617,106892.53183114,106778.61086829,106805.31859574,32.06425
1737996600000000,BTCUSDT,5m,106805.31859574,106894.2072369,106794.90954583,106835.32115134,26.96138
1737996900000000,BTCUSDT,5m,106835.32115134,106855.85192929,106694.59240294,106704.41531825,34.79295
1737997200000000,BTCUSDT,5m,106704.41531825,106791.66572917,106685.38662228,106719.75347117,30.90925
1737997500000000,BTCUSDT,5m,106719.75347117,106731.00375385,106608.48369169,106656.17510739,63.7918
1737997800000000,BTCUSDT,5m,106656.17510739,106668.26628604,106502.05169157,106623.48869561,56.96001
1737998100000000,BTCUSDT,5m,106623.48869561,106653.923534,106615.29899418,106653.91338567,8.36716
1737998400000000,BTCUSDT,5m,106653.91338567,106719.46057552,106526.7351019,106650.3989406,41.3762
1737998700000000,BTCUSDT,5m,106650.3989406,106736.37364804,106466.51921384,106480.02374217,132.76981
1737999000000000,BTCUSDT,5m,106480.02374217,106503.38104629,106455.19263079,106455.19263079,24.71862
1737999300000000,BTCUSDT,5m,106455.19263079,106458.2807978,106177.04635706,106267.12627754,185.66941
1737999600000000,BTCUSDT,5m,106267.12627754,106274.7677322,106241.33363116,106255.4451427,12.76173
1737999900000000,BTCUSDT,5m,106255.4451427,106386.08599216,106234.58698584,106386.08599216,52.04017
1738000200000000,BTCUSDT,5m,106386.08599216,106537.73995939,106261.41884573,106261.42952935,97.40983
1738000500000000,BTCUSDT,5m,106261.42952935,106261.42952935,105948.34136954,106019.10665627,205.51581
1738000800000000,BTCUSDT,5m,106019.10665627,106059.62263783,106018.72413743,106018.72413743,19.93799
1738001100000000,BTCUSDT,5m,106018.72413743,106021.23313931,105918.1414896,105947.60202777,55.57436
1738001400000000,BTCUSDT,5m,105947.60202777,106006.04831955,105880.54605395,105900.15876139,61.63711
1738001700000000,BTCUSDT,5m,105900.15876139,105917.47383118,105602.18418304,105616.92380913,135.74583
1738002000000000,BTCUSDT,5m,105616.92380913,105662.19057356,105567.78341029,105611.26546358,58.38736
1738002300000000,BTCUSDT,5m,105611.26546358,105653.06367275,105598.54689439,105653.0536106,10.94783
1738002600000000,BTCUSDT,5m,105653.0536106,105769.92152893,105653.0426904,105744.9252044,36.8746
1738002900000000,BTCUSDT,5m,105744.9252044,105826.0663157,105744.91509966,105823.67149087,21.28862
1738003200000000,BTCUSDT,5m,105823.67149087,105829.01316648,105574.01416536,105652.43321302,42.53563
1738003500000000,BTCUSDT,5m,105652.43321302,105695.76571541,105495.54077263,105572.4093273,134.00356
1738003800000000,BTCUSDT,5m,105572.4093273,105641.12014312,105540.50594394,105547.05550177,42.13338
1738004100000000,BTCUSDT,5m,105547.05550177,105679.82769411,105532.65779126,105679.81765386,22.18107
1738004400000000,BTCUSDT,5m,105679.81765386,105721.91674903,105679.81765386,105709.88124216,10.24188
1738004700000000,BTCUSDT,5m,105709.88124216,105709.88124216,105295.13849262,105426.01092798,261.12253
1738005000000000,BTCUSDT,5m,105426.01092798,105463.28560798,105078.61925949,105230.84892081,290.24949
1738005300000000,BTCUSDT,5m,105230.84892081,105230.84892081,105105.55090482,105165.5191586,44.24328
1738005600000000,BTCUSDT,5m,105165.5191586,105255.31443692,104990.23835177,104990.58779095,57.55211
1738005900000000,BTCUSDT,5m,104990.58779095,105078.34394738,104959.07263686,104971.51798048,42.83387
1738006200000000,BTCUSDT,5m,104971.51798048,104971.52891501,104909.45356401,104944.94706222,142.55519
1738006500000000,BTCUSDT,5m,104944.94706222,104958.41708495,104915.31301223,104947.22080206,27.56897
1738006800000000,BTCUSDT,5m,104947.22080206,105001.67317136,104828.72591344,104917.40339238,67.12434
1738007100000000,BTCUSDT,5m,104917.40339238,105272.52691004,104564.74645905,105167.82094355,130.82154
1738007400000000,BTCUSDT,5m,105167.82094355,105275.9649157,105099.7982007,105275.95467285,27.81768
1738007700000000,BTCUSDT,5m,105275.95467285,105541.21086759,105228.37689246,105299.0051625,110.53664
1738008000000000,BTCUSDT,5m,105299.0051625,105299.0051625,105138.25607396,105147.34106272,46.96047
1738008300000000,BTCUSDT,5m,105147.34106272,105172.98819677,104977.75659768,105034.98115345,67.71149
1738008600000000,BTCUSDT,5m,105034.98115345,105184.70025623,104997.81233723,105073.95110173,50.52122
1738008900000000,BTCUSDT,5m,105073.95110173,105183.30714851,105071.37827264,105183.30714851,55.45114
1738009200000000,BTCUSDT,5m,105183.30714851,105276.20243088,105183.29618224,105246.04518539,29.50373
1738009500000000,BTCUSDT,5m,105246.04518539,105246.04518539,105175.74701865,105179.38873682,35.15422
1738009800000000,BTCUSDT,5m,105179.38873682,105190.56738624,105119.58799783,105119.59806869,12.2736
1738010100000000,BTCUSDT,5m,105119.59806869,105123.17169332,105033.92297067,105112.14450873,29.04318
1738010400000000,BTCUSDT,5m,105112.14450873,105130.19646471,105038.39125325,105087.39568262,23.57569
1738010700000000,BTCUSDT,5m,105087.39568262,105087.40651703,105020.96996961,105020.96996961,14.68531
1738011000000000,BTCUSDT,5m,105020.96996961,105130.99090744,105020.95914717,105113.97802978,20.97848
1738011300000000,BTCUSDT,5m,105113.97802978,105234.68103191,105087.83508288,105203.56465425,54.98658
1738011600000000,BTCUSDT,5m,105203.56465425,105248.62879864,105134.36293132,105248.62879864,42.5914
1738011900000000,BTCUSDT,5m,105248.62879864,105408.88101495,105209.70937986,105371.58878197,116.36183
1738012200000000,BTCUSDT,5m,105371.58878197,105732.69808025,105349.5925824,105672.60526654,72.95483
1738012500000000,BTCUSDT,5m,105672.60526654,105748.05851566,105672.60526654,105721.93247078,69.43586
1738012800000000,BTCUSDT,5m,105721.93247078,105721.93247078,105518.51255265,105544.82808659,125.28043
1738013100000000,BTCUSDT,5m,105544.82808659,105597.70261422,105536.41598291,105536.41598291,13.07231
1738013400000000,BTCUSDT,5m,105536.41598291,105687.39641451,105381.00364041,105381.00364041,212.21564
1738013700000000,BTCUSDT,5m,105381.00364041,105449.79144336,104972.78307273,104985.27389944,90.17515
1738014000000000,BTCUSDT,5m,104985.27389944,105108.69364256,104985.27389944,105097.45407014,15.83187
1738014300000000,BTCUSDT,5m,105097.45407014,105130.96116656,105064.59928579,105067.90433359,23.6193
1738014600000000,BTCUSDT,5m,105067.90433359,105182.50213865,105067.89334627,105104.74483602,29.15428
1738014900000000,BTCUSDT,5m,105104.74483602,105280.82126608,105060.07990509,105213.87271346,67.5562
1738015200000000,BTCUSDT,5m,105213.87271346,105310.17974446,105014.36561539,105173.02890264,142.32058
1738015500000000,BTCUSDT,5m,105173.02890264,105213.41370636,105156.97563504,105203.39967187,29.5322
1738015800000000,BTCUSDT,5m,105203.39967187,105496.59183434,105203.38889591,105317.93728929,49.06546
1738016100000000,BTCUSDT,5m,105317.93728929,105327.88792587,105066.18942513,105114.7541498,88.93823
1738016400000000,BTCUSDT,5m,105114.7541498,105145.5177701,105058.47434963,105117.04740144,66.71103
1738016700000000,BTCUSDT,5m,105117.04740144,105117.04740144,104991.13704067,105109.73065465,53.31761
1738017000000000,BTCUSDT,5m,105109.73065465,105109.7415926,104817.96086423,104831.69892822,65.4393
1738017300000000,BTCUSDT,5m,104831.69892822,104849.45864826,104740.99594627,104741.36594044,32.25892
1738017600000000,BTCUSDT,5m,104741.36594044,104806.79740116,104741.36594044,104780.59896315,14.5989
1738017900000000,BTCUSDT,5m,104780.59896315,104817.29975495,104731.94832458,104781.47176531,17.59399
1738018200000000,BTCUSDT,5m,104781.47176531,104838.45799682,104719.26583176,104799.00350678,25.2467
1738018500000000,BTCUSDT,5m,104799.00350678,104891.2839328,104564.32251838,104612.59963643,128.2968
1738018800000000,BTCUSDT,5m,104612.59963643,104612.6096303,104435.99786434,104435.99786434,71.07974
1738019100000000,BTCUSDT,5m,104435.99786434,104592.27134093,104426.69587169,104582.18713526,40.33722
1738019400000000,BTCUSDT,5m,104582.18713526,105081.89926924,104539.65492366,104950.77390546,186.2852
1738019700000000,BTCUSDT,5m,104950.77390546,105146.32446946,104946.17730267,105116.50811293,36.05733
1738020000000000,BTCUSDT,5m,105116.50811293,105348.36157316,104848.62072449,105273.76883863,229.30787
1738020300000000,BTCUSDT,5m,105273.76883863,105388.37353205,105273.76883863,105350.80018722,18.48409
1738020600000000,BTCUSDT,5m,105350.80018722,105447.58956274,105350.78989705,105433.17302913,71.84003
1738020900000000,BTCUSDT,5m,105433.17302913,105433.17302913,104681.57767974,104909.75339706,222.16743
1738021200000000,BTCUSDT,5m,104909.75339706,105123.29752953,104845.21657778,105102.167009,113.7578
1738021500000000,BTCUSDT,5m,105102.167009,105112.29469355,104965.84694419,105053.9302067,36.64626
1738021800000000,BTCUSDT,5m,105053.9302067,105065.32835337,105037.32270877,105065.32835337,20.34158
1738022100000000,BTCUSDT,5m,105065.32835337,105261.62308815,105003.29635007,105244.18490696,153.5865
1738022400000000,BTCUSDT,5m,105244.18490696,105300.74503605,105244.17486789,105300.73499698,10.14947
1738022700000000,BTCUSDT,5m,105300.73499698,105348.82860937,105186.12499198,105265.78959288,79.50265
1738023000000000,BTCUSDT,5m,105265.78959288,105757.28661041,105192.03364092,105703.29058392,226.76381
1738023300000000,BTCUSDT,5m,105703.29058392,105705.67804109,105671.28247163,105671.28247163,13.6943
1738023600000000,BTCUSDT,5m,105671.28247163,105716.30958864,105563.69651854,105656.08105558,37.57193
1738023900000000,BTCUSDT,5m,105656.08105558,105868.17527823,105457.41633203,105862.19324566,122.49634
1738024200000000,BTCUSDT,5m,105862.19324566,105862.19324566,105817.9195915,105848.383115,14.31011
1738024500000000,BTCUSDT,5m,105848.383115,106239.64966316,105727.42922032,106117.7307108,137.84637
1738024800000000,BTCUSDT,5m,106117.7307108,106117.7307108,106044.0563961,106080.89355345,10.9599
1738025100000000,BTCUSDT,5m,106080.89355345,106133.06596208,105971.98213498,106127.20616405,55.7003
1738025400000000,BTCUSDT,5m,106127.20616405,106209.70702343,106115.42498912,106175.22288258,35.53452
1738025700000000,BTCUSDT,5m,106175.22288258,106266.8324665,106144.66444106,106250.76983642,61.91496
1738026000000000,BTCUSDT,5m,106250.76983642,106291.7496564,106250.76983642,106277.16787997,20.62316
1738026300000000,BTCUSDT,5m,106277.16787997,106402.82968006,106209.14930052,106333.28531255,73.73388
1738026600000000,BTCUSDT,5m,106333.28531255,106687.79627541,106308.68786699,106658.29272103,48.58106
1738026900000000,BTCUSDT,5m,106658.29272103,106918.32894693,106658.28173188,106741.30475038,90.53662
1738027200000000,BTCUSDT,5m,106741.30475038,106774.80415877,106538.03100033,106756.04669036,54.69059
1738027500000000,BTCUSDT,5m,106756.04669036,106869.84014517,106545.80875543,106573.84603065,113.69006
1738027800000000,BTCUSDT,5m,106573.84603065,106604.63183413,106530.34603276,106530.35707897,25.84542
1738028100000000,BTCUSDT,5m,106530.35707897,106634.3309032,106530.34615735,106634.3309032,10.31449
1738028400000000,BTCUSDT,5m,106634.3309032,106870.8838385,106600.86453961,106870.87309489,64.382
1738028700000000,BTCUSDT,5m,106870.87309489,106963.74336712,106853.4497357,106942.21620094,19.63986
1738029000000000,BTCUSDT,5m,106942.21620094,107128.59340109,106899.83453625,107128.59340109,110.08748
1738029300000000,BTCUSDT,5m,107128.59340109,107129.37988984,106774.58607761,106848.83279995,114.61161
1738029600000000,BTCUSDT,5m,106848.83279995,106886.31026731,106741.72596913,106868.27168638,27.09449
1738029900000000,BTCUSDT,5m,106868.27168638,106880.58074899,106712.94887134,106880.58074899,124.27362
1738030200000000,BTCUSDT,5m,106880.58074899,107197.37512864,106872.0414006,107173.57748718,177.45544
1738030500000000,BTCUSDT,5m,107173.57748718,107348.34755245,106696.26274424,106803.92877717,604.06605
1738030800000000,BTCUSDT,5m,106803.92877717,107004.73496944,106775.39989133,106872.124838,71.17137
1738031100000000,BTCUSDT,5m,106872.124838,106917.63753496,106805.23592297,106912.16969012,35.45194
1738031400000000,BTCUSDT,5m,106912.16969012,107097.83195153,106846.78020324,107058.96112412,70.05084
1738031700000000,BTCUSDT,5m,107058.96112412,107058.97135711,106963.5180105,107026.37927853,32.73691
1738032000000000,BTCUSDT,5m,107026.37927853,107115.78861898,107026.37927853,107043.93223427,23.03734
1738032300000000,BTCUSDT,5m,107043.93223427,107068.53904409,106959.25979978,106987.22715848,22.3768
1738032600000000,BTCUSDT,5m,106987.22715848,107022.01801066,106841.44858775,106960.73310044,145.28098
1738032900000000,BTCUSDT,5m,106960.73310044,106970.25483461,106892.19863,106949.51616736,18.4453
1738033200000000,BTCUSDT,5m,106949.51616736,108122.77390619,106925.62496317,107550.22712384,1356.05832
1738033500000000,BTCUSDT,5m,107550.22712384,107682.12188624,107498.14368073,107630.71070086,43.23935
1738033800000000,BTCUSDT,5m,107630.71070086,107652.6259348,107616.2741236,107652.61485531,30.11032
1738034100000000,BTCUSDT,5m,107652.61485531,107730.27072971,107606.18761733,107691.01599006,31.78822
1738034400000000,BTCUSDT,5m,107691.01599006,107726.9973173,107639.74036109,107647.739941,20.62096
1738034700000000,BTCUSDT,5m,107647.739941,107675.52799019,107578.37728562,107669.80662021,33.10375
1738035000000000,BTCUSDT,5m,107669.80662021,107708.23449817,107669.80662021,107708.23449817,5.76712
1738035300000000,BTCUSDT,5m,107708.23449817,107708.23449817,107495.60391975,107555.4608913,63.77024
1738035600000000,BTCUSDT,5m,107555.4608913,107555.4608913,107409.00413401,107523.0764721,13.72073
1738035900000000,BTCUSDT,5m,107523.0764721,107609.24193611,107495.12255687,107578.9736372,81.29748
1738036200000000,BTCUSDT,5m,107578.9736372,107708.50928556,107578.9736372,107690.37470812,47.26905
1738036500000000,BTCUSDT,5m,107690.37470812,107748.04085599,107663.01094215,107675.69280184,22.83967
1738036800000000,BTCUSDT,5m,107675.69280184,107789.66238661,107532.48586772,107576.71024495,117.83784
1738037100000000,BTCUSDT,5m,107576.71024495,107749.59190559,107576.69922074,107728.5797614,34.50165
1738037400000000,BTCUSDT,5m,107728.5797614,107799.06435123,107669.06068817,107799.06435123,54.932
1738037700000000,BTCUSDT,5m,107799.06435123,107832.45597117,107648.36768089,107652.88969479,192.32979
1738038000000000,BTCUSDT,5m,107652.88969479,107717.62794855,107528.56637014,107618.99245959,33.23007
1738038300000000,BTCUSDT,5m,107618.99245959,107674.00687375,107618.99245959,107649.22124722,36.00633
1738038600000000,BTCUSDT,5m,107649.22124722,107753.97252209,107599.32792072,107647.22191987,36.55196
1738038900000000,BTCUSDT,5m,107647.22191987,107675.57485425,107555.80852908,107555.80852908,23.36225
1738039200000000,BTCUSDT,5m,107555.80852908,107603.96471131,107344.94688552,107516.11642076,134.26404
1738039500000000,BTCUSDT,5m,107516.11642076,107721.08615036,107506.5899086,107511.64705591,108.40674
1738039800000000,BTCUSDT,5m,107511.64705591,107652.38316358,107482.71236447,107618.10569262,40.52442
1738040100000000,BTCUSDT,5m,107618.10569262,107945.4826426,107604.42358601,107647.78832625,140.06012
1738040400000000,BTCUSDT,5m,107647.78832625,107730.8051448,107647.77718904,107687.77093674,48.38356
1738040700000000,BTCUSDT,5m,107687.77093674,107823.47531594,107506.44748833,107613.21038342,112.76062
1738041000000000,BTCUSDT,5m,107613.21038342,107676.67212508,107471.3580146,107471.36919729,57.72778
1738041300000000,BTCUSDT,5m,107471.36919729,107913.90445088,107442.55957366,107627.79584671,214.7291
1738041600000000,BTCUSDT,5m,107627.79584671,107676.63434738,107438.38749218,107560.45743565,37.13763
1738041900000000,BTCUSDT,5m,107560.45743565,107616.91042959,107541.27641469,107549.30519177,34.3433
1738042200000000,BTCUSDT,5m,107549.30519177,107942.28842059,107432.06157654,107796.81949059,171.13533
1738042500000000,BTCUSDT,5m,107796.81949059,108127.5459774,107677.61443374,107937.31502449,105.85225
1738042800000000,BTCUSDT,5m,107937.31502449,107994.95911015,107823.05803501,107949.37270518,153.32134
1738043100000000,BTCUSDT,5m,107949.37270518,108009.79006925,107858.89754083,107931.66565396,52.38562
1738043400000000,BTCUSDT,5m,107931.66565396,108006.50615075,107895.10938131,107936.44557174,38.74167
1738043700000000,BTCUSDT,5m,107936.44557174,108133.32856333,107936.43426053,108071.69375802,115.74688
1738044000000000,BTCUSDT,5m,108071.69375802,108108.85876921,107980.13757881,108108.85876921,53.58006
1738044300000000,BTCUSDT,5m,108108.85876921,108173.8236608,107540.46159673,107540.46159673,294.80647
1738044600000000,BTCUSDT,5m,107540.46159673,107645.44167848,107540.45062817,107617.01117259,18.76354
1738044900000000,BTCUSDT,5m,107617.01117259,107644.28902699,107192.74084308,107192.75144877,86.59298
1738045200000000,BTCUSDT,5m,107192.75144877,107316.10511755,107192.75144877,107281.72986651,67.58836
1738045500000000,BTCUSDT,5m,107281.72986651,107380.07079701,107268.7760908,107380.0598006,22.51852
1738045800000000,BTCUSDT,5m,107380.0598006,107384.66653971,107068.04059525,107183.48441826,124.50719
1738046100000000,BTCUSDT,5m,107183.48441826,107237.36722862,107037.42650013,107037.43735703,88.96849
1738046400000000,BTCUSDT,5m,107037.43735703,107047.42774701,106769.86536813,106801.17434405,74.6513
1738046700000000,BTCUSDT,5m,106801.17434405,106819.50592731,106703.88424032,106776.73582958,72.43347
1738047000000000,BTCUSDT,5m,106776.73582958,106817.57524423,106370.02752062,106549.13722383,181.79065
1738047300000000,BTCUSDT,5m,106549.13722383,106678.24554979,106546.78338961,106631.97767168,29.03655
1738047600000000,BTCUSDT,5m,106631.97767168,107333.14369765,106262.2250024,106615.68108284,627.77668
1738047900000000,BTCUSDT,5m,106615.68108284,106615.69187023,106409.4045682,106534.09603524,66.34511
1738048200000000,BTCUSDT,5m,106534.09603524,106534.10700532,106475.63645697,106496.08469377,15.30786
1738048500000000,BTCUSDT,5m,106496.08469377,106526.57474007,105973.15221549,106019.55857841,293.6761
1738048800000000,BTCUSDT,5m,106019.55857841,106044.86188283,105964.31083483,106002.78766579,27.59801
1738049100000000,BTCUSDT,5m,106002.78766579,106245.78923276,105941.36515154,106106.95828656,100.71146
1738049400000000,BTCUSDT,5m,106106.95828656,106179.61118099,106074.91805613,106143.02127837,26.86243
1738049700000000,BTCUSDT,5m,106143.02127837,106204.97434867,106048.87567357,106054.00173979,35.83871
1738050000000000,BTCUSDT,5m,106054.00173979,106134.70146056,105803.89202433,105846.11248092,142.44328
1738050300000000,BTCUSDT,5m,105846.11248092,105846.11248092,105551.9872585,105580.42826005,189.16302
1738050600000000,BTCUSDT,5m,105580.42826005,105729.27475566,105570.10009181,105709.93507177,47.49783
1738050900000000,BTCUSDT,5m,105709.93507177,105756.46261494,105641.93714213,105658.73568503,40.47361
1738051200000000,BTCUSDT,5m,105658.73568503,105662.46139131,105575.26238304,105586.59246343,30.46135
1738051500000000,BTCUSDT,5m,105586.59246343,105665.16688242,105529.69108392,105653.1777761,41.19113
1738051800000000,BTCUSDT,5m,105653.1777761,105712.41092811,105613.07302731,105712.41092811,50.68289
1738052100000000,BTCUSDT,5m,105712.41092811,106044.19945731,105699.05472467,105899.70014155,131.86031
1738052400000000,BTCUSDT,5m,105899.70014155,105925.7728976,105801.13507047,105801.13507047,48.40451
1738052700000000,BTCUSDT,5m,105801.13507047,105808.93066808,105360.5808043,105477.66656022,550.13306
1738053000000000,BTCUSDT,5m,105477.66656022,105580.58337534,105446.51211302,105551.19357653,39.78779
1738053300000000,BTCUSDT,5m,105551.19357653,105562.22164188,105426.11007714,105485.16783604,20.12721
1738053600000000,BTCUSDT,5m,105485.16783604,105691.77364399,105293.45119349,105578.69905958,347.37416
1738053900000000,BTCUSDT,5m,105578.69905958,105603.49520785,105286.35973207,105287.8998655,45.51588
1738054200000000,BTCUSDT,5m,105287.8998655,105377.95851613,105234.57471941,105377.88669084,49.09482
1738054500000000,BTCUSDT,5m,105377.88669084,105557.18304185,105314.71480501,105545.63798751,137.92695
1738054800000000,BTCUSDT,5m,105545.63798751,105644.10646553,105451.3596575,105518.40202551,71.02573
1738055100000000,BTCUSDT,5m,105518.40202551,105549.99705349,105454.11386293,105475.84767605,18.53156
1738055400000000,BTCUSDT,5m,105475.84767605,105662.38467939,105448.47903836,105585.93109528,59.51361
1738055700000000,BTCUSDT,5m,105585.93109528,105894.38911632,105522.52253587,105840.14844978,111.65351
1738056000000000,BTCUSDT,5m,105840.14844978,105901.25879812,105730.16507856,105784.93337577,41.97051
1738056300000000,BTCUSDT,5m,105784.93337577,105801.63794414,105760.52735055,105760.52735055,11.35146
1738056600000000,BTCUSDT,5m,105760.52735055,105863.7397652,105685.75847873,105847.05009815,33.95971
1738056900000000,BTCUSDT,5m,105847.05009815,105895.61002353,105847.03923706,105895.59916244,10.0772
1738057200000000,BTCUSDT,5m,105895.59916244,105911.35184695,105827.88691894,105905.36138946,97.66865
1738057500000000,BTCUSDT,5m,105905.36138946,105927.21316415,105796.20682042,105910.61833192,26.97938
1738057800000000,BTCUSDT,5m,105910.61833192,106005.09425092,105895.73710513,105969.80101499,86.34895
1738058100000000,BTCUSDT,5m,105969.80101499,105980.95422062,105672.28113366,105681.66931742,129.25484
1738058400000000,BTCUSDT,5m,105681.66931742,105793.99431947,105676.44056501,105793.99431947,12.58458
1738058700000000,BTCUSDT,5m,105793.99431947,105794.0046623,105749.22021299,105768.3441037,9.01631
1738059000000000,BTCUSDT,5m,105768.3441037,105932.5563725,105723.71389134,105901.19187401,137.47062
1738059300000000,BTCUSDT,5m,105901.19187401,105901.20273439,105869.56645146,105874.87717661,10.95411
1738059600000000,BTCUSDT,5m,105874.87717661,105874.87717661,105737.0164093,105832.55507769,16.06547
1738059900000000,BTCUSDT,5m,105832.55507769,106001.94474407,105832.55507769,105936.2051587,61.0959
1738060200000000,BTCUSDT,5m,105936.2051587,105962.75592858,105923.13367133,105962.74490709,9.61823
1738060500000000,BTCUSDT,5m,105962.74490709,106058.96648346,105585.24402961,105618.13028548,274.27507
1738060800000000,BTCUSDT,5m,105618.13028548,105903.07072797,105338.64176819,105825.03671455,237.21988
1738061100000000,BTCUSDT,5m,105825.03671455,105857.89563006,105811.23476199,105843.51985453,23.04405
1738061400000000,BTCUSDT,5m,105843.51985453,105872.7750335,105756.32322909,105818.10482807,28.65732
1738061700000000,BTCUSDT,5m,105818.10482807,105836.66156273,105702.68433852,105715.56823248,39.9824
1738062000000000,BTCUSDT,5m,105715.56823248,105839.63377582,105687.58688898,105752.30534559,120.32343
1738062300000000,BTCUSDT,5m,105752.30534559,105752.30534559,105733.50604978,105752.29450401,16.18649
1738062600000000,BTCUSDT,5m,105752.29450401,105768.45171025,105743.67078598,105743.68168827,16.85381
1738062900000000,BTCUSDT,5m,105743.68168827,105925.35202736,105703.22182999,105917.80884924,38.82372
1738063200000000,BTCUSDT,5m,105917.80884924,105917.80884924,105897.15422069,105914.03385185,18.11792
1738063500000000,BTCUSDT,5m,105914.03385185,105969.3570318,105914.02293568,105965.60186726,9.8967
1738063800000000,BTCUSDT,5m,105965.60186726,105989.09327529,105965.59100166,105989.07154411,8.65831
1738064100000000,BTCUSDT,5m,105989.07154411,106196.44153524,105877.96611029,106104.33024888,91.70528
1738064400000000,BTCUSDT,5m,106104.33024888,106157.86652988,106104.33024888,106156.35718156,14.97293
1738064700000000,BTCUSDT,5m,106156.35718156,106291.28001941,106072.84035335,106261.00158169,85.90244
1738065000000000,BTCUSDT,5m,106261.00158169,106436.87549105,106261.00158169,106361.73491265,46.69734
1738065300000000,BTCUSDT,5m,106361.73491265,106405.68168738,105846.62199296,105910.36491392,321.899
1738065600000000,BTCUSDT,5m,105910.36491392,106025.27847363,105856.29180325,105913.74311675,60.09992
1738065900000000,BTCUSDT,5m,105913.74311675,105913.74311675,105889.87406485,105894.28176038,12.92503
1738066200000000,BTCUSDT,5m,105894.28176038,105962.94297677,105835.81106225,105875.75165473,51.38333
1738066500000000,BTCUSDT,5m,105875.75165473,105918.09102782,105849.53474464,105849.54576477,20.53394
1738066800000000,BTCUSDT,5m,105849.54576477,105915.29554807,105766.82267981,105802.30340848,23.46937
1738067100000000,BTCUSDT,5m,105802.30340848,106050.43159338,105786.59828376,105918.70672435,101.29279
1738067400000000,BTCUSDT,5m,105918.70672435,107291.34703223,105748.47378953,107024.07711397,1200.8023
1738067700000000,BTCUSDT,5m,107024.07711397,107040.98567145,106887.09043824,106887.10138229,26.40664
1738068000000000,BTCUSDT,5m,106887.10138229,106913.19649569,106807.37608428,106841.38546965,75.30713
1738068300000000,BTCUSDT,5m,106841.38546965,106849.43011003,106726.24380666,106838.39620437,68.34901
1738068600000000,BTCUSDT,5m,106838.39620437,107134.61778954,106838.38547481,107003.95325519,251.92583
1738068900000000,BTCUSDT,5m,107003.95325519,107021.79572947,106932.65485053,106932.65485053,12.4728
1738069200000000,BTCUSDT,5m,106932.65485053,106945.66364806,106827.37002412,106827.37002412,35.6697
1738069500000000,BTCUSDT,5m,106827.37002412,107006.19404986,106797.64394558,106885.89746221,42.30345
1738069800000000,BTCUSDT,5m,106885.89746221,107132.74035418,106863.40195309,107025.23777694,125.9187
1738070100000000,BTCUSDT,5m,107025.23777694,107145.8711478,106646.35784535,106898.29341583,223.5494
1738070400000000,BTCUSDT,5m,106898.29341583,107048.83068953,106858.31744318,106921.50633608,94.89053
1738070700000000,BTCUSDT,5m,106921.50633608,106960.69120528,106688.69755916,106704.33611548,49.58154
1738071000000000,BTCUSDT,5m,106704.33611548,106704.34653705,106626.93513278,106654.31259091,17.74069
1738071300000000,BTCUSDT,5m,106654.31259091,106654.31259091,106448.14053129,106448.14053129,28.40433
1738071600000000,BTCUSDT,5m,106448.14053129,106510.78200898,106441.85100473,106510.77097473,41.20228
1738071900000000,BTCUSDT,5m,106510.77097473,106801.30130451,106509.24497327,106687.32934273,156.88674
1738072200000000,BTCUSDT,5m,106687.32934273,106859.36397745,106687.31821716,106859.35285188,60.07734
1738072500000000,BTCUSDT,5m,106859.35285188,106868.89483121,106422.05171078,106486.09307207,157.36734
1738072800000000,BTCUSDT,5m,106486.09307207,106547.35464577,106339.03448837,106412.25571196,30.35027
1738073100000000,BTCUSDT,5m,106412.25571196,106466.37612546,106381.42482067,106426.21833504,23.3333
1738073400000000,BTCUSDT,5m,106426.21833504,106464.78684411,106397.70101318,106398.1481843,42.03158
1738073700000000,BTCUSDT,5m,106398.1481843,106678.19230578,106373.3870052,106535.41260738,149.80027
1738074000000000,BTCUSDT,5m,106535.41260738,106568.05137411,106519.51296645,106549.23882186,23.09265
1738074300000000,BTCUSDT,5m,106549.23882186,106579.19038199,106360.18484037,106493.16001257,150.70606
1738074600000000,BTCUSDT,5m,106493.16001257,106577.88062147,106446.0270826,106539.52266057,34.11449
1738074900000000,BTCUSDT,5m,106539.52266057,106580.05048239,106498.19480333,106528.02626114,33.99671
1738075200000000,BTCUSDT,5m,106528.02626114,106558.23102246,106426.84511869,106435.72384408,88.57428
1738075500000000,BTCUSDT,5m,106435.72384408,106521.4501059,106189.87861763,106273.51768776,98.74304
1738075800000000,BTCUSDT,5m,106273.51768776,106323.82707349,106179.10749663,106221.9489103,44.79844
1738076100000000,BTCUSDT,5m,106221.9489103,106221.9489103,106160.88682063,106192.97895755,20.00265
1738076400000000,BTCUSDT,5m,106192.97895755,106238.96690197,106125.62965872,106125.62965872,9.21221
1738076700000000,BTCUSDT,5m,106125.62965872,106125.73048829,106034.80237636,106066.62419065,40.96478
1738077000000000,BTCUSDT,5m,106066.62419065,106075.18815896,106028.98155919,106075.1773731,32.95085
1738077300000000,BTCUSDT,5m,106075.1773731,106195.75880151,105991.75255972,105992.35185997,87.59465
1738077600000000,BTCUSDT,5m,105992.35185997,105992.35185997,105907.98412304,105992.19970895,42.05226
1738077900000000,BTCUSDT,5m,105992.19970895,106135.96998277,105992.19970895,106084.53164113,27.96526
1738078200000000,BTCUSDT,5m,106084.53164113,106239.37176174,105905.16937784,106007.86520378,81.76645
1738078500000000,BTCUSDT,5m,106007.86520378,106007.87564713,105776.5552876,105824.14566586,167.40521
1738078800000000,BTCUSDT,5m,105824.14566586,105991.03576148,105812.93132365,105991.03576148,105.11656
1738079100000000,BTCUSDT,5m,105991.03576148,106090.06315635,105991.03576148,106090.05210295,24.83338
1738079400000000,BTCUSDT,5m,106090.05210295,106182.35575378,105975.66935699,106009.52249685,41.37767
1738079700000000,BTCUSDT,5m,106009.52249685,106268.99706342,105995.0540944,106232.05211602,140.24632
1738080000000000,BTCUSDT,5m,106232.05211602,106232.05211602,106187.53414167,106220.15147298,21.43125
1738080300000000,BTCUSDT,5m,106220.15147298,106290.6743776,106220.15147298,106267.5743259,18.21727
1738080600000000,BTCUSDT,5m,106267.5743259,106271.85008482,106167.09399128,106191.87201422,76.28557
1738080900000000,BTCUSDT,5m,106191.87201422,106226.99431251,106078.34739784,106129.75206731,187.39291
1738081200000000,BTCUSDT,5m,106129.75206731,106528.51381624,106042.47106564,106467.77935054,127.89127
1738081500000000,BTCUSDT,5m,106467.77935054,106500.25519516,106292.66276169,106330.45323889,183.50953
1738081800000000,BTCUSDT,5m,106330.45323889,106421.99498822,106260.81722322,106400.3424364,33.39756
1738082100000000,BTCUSDT,5m,106400.3424364,106502.31892818,105767.91164201,105774.35985468,249.51548
1738082400000000,BTCUSDT,5m,105774.35985468,105893.32515862,105763.95629545,105763.95629545,125.44575
1738082700000000,BTCUSDT,5m,105763.95629545,105815.9312975,105664.88151371,105664.88151371,24.00789
1738083000000000,BTCUSDT,5m,105664.88151371,105923.45688735,105664.88151371,105673.17238273,267.4987
1738083300000000,BTCUSDT,5m,105673.17238273,105765.25843291,105563.7537512,105765.24769402,68.83784
1738083600000000,BTCUSDT,5m,105765.24769402,105875.87574146,105765.23668187,105857.28723419,42.6162
1738083900000000,BTCUSDT,5m,105857.28723419,105910.60627469,105857.28723419,105910.59535984,27.46417
1738084200000000,BTCUSDT,5m,105910.59535984,106582.39082641,105910.59535984,106179.07809267,173.55847
1738084500000000,BTCUSDT,5m,106179.07809267,106326.0170334,106179.06706039,106292.00451337,42.53869
1738084800000000,BTCUSDT,5m,106292.00451337,106369.59600673,106202.42572536,106283.66312401,41.62815
1738085100000000,BTCUSDT,5m,106283.66312401,106283.66312401,106181.98328087,106264.39374173,37.66694
1738085400000000,BTCUSDT,5m,106264.39374173,106264.39374173,106197.89295681,106225.86542166,16.14712
1738085700000000,BTCUSDT,5m,106225.86542166,106256.61397354,106177.52900569,106256.61397354,14.71066
1738086000000000,BTCUSDT,5m,106256.61397354,106299.10408319,106190.15133277,106253.64614493,50.52689
1738086300000000,BTCUSDT,5m,106253.64614493,106275.26939508,106177.69863711,106198.7563561,71.35341
1738086600000000,BTCUSDT,5m,106198.7563561,106208.05033432,106064.31434128,106129.6222023,54.3092
1738086900000000,BTCUSDT,5m,106129.6222023,106301.83492732,106079.25958482,106215.08476913,62.30887
1738087200000000,BTCUSDT,5m,106215.08476913,106215.08476913,106158.17303506,106168.79641378,53.24191
1738087500000000,BTCUSDT,5m,106168.79641378,106292.42220322,105868.79568232,105868.79568232,87.51701
1738087800000000,BTCUSDT,5m,105868.79568232,106121.61334792,105853.19668389,106060.55964088,76.51387
1738088100000000,BTCUSDT,5m,106060.55964088,106377.35403998,106039.31811272,106301.81522412,98.82569
1738088400000000,BTCUSDT,5m,106301.81522412,106412.68598994,106147.21511707,106375.99330456,48.27903
1738088700000000,BTCUSDT,5m,106375.99330456,106564.63379088,106362.92530021,106564.62280937,90.70833
1738089000000000,BTCUSDT,5m,106564.62280937,106654.05213499,106353.29440056,106485.42722666,337.57579
1738089300000000,BTCUSDT,5m,106485.42722666,106588.11809704,106377.32019394,106588.10728633,35.4094
1738089600000000,BTCUSDT,5m,106588.10728633,106588.11825016,106374.56481413,106455.96027101,58.39808
1738089900000000,BTCUSDT,5m,106455.96027101,106640.61232193,106449.50780967,106516.0723027,61.14348
1738090200000000,BTCUSDT,5m,106516.0723027,106652.75455395,106504.23971573,106627.53505312,39.5014
1738090500000000,BTCUSDT,5m,106627.53505312,106829.1301188,106616.53802692,106805.93694983,68.59995
1738090800000000,BTCUSDT,5m,106805.93694983,106805.93694983,106742.72455964,106754.37011589,50.29292
1738091100000000,BTCUSDT,5m,106754.37011589,106817.21867869,106736.1469719,106787.82651096,46.00383
1738091400000000,BTCUSDT,5m,106787.82651096,107209.9126112,106562.63553433,106645.88337944,269.37459
1738091700000000,BTCUSDT,5m,106645.88337944,106726.03036392,106615.56289029,106615.57339999,77.2586
1738092000000000,BTCUSDT,5m,106615.57339999,106615.58446753,106513.78526476,106513.78526476,11.8528
1738092300000000,BTCUSDT,5m,106513.78526476,106578.47212651,106447.9969751,106570.91633097,82.18927
1738092600000000,BTCUSDT,5m,106570.91633097,106584.97902403,106458.24077022,106491.14072884,66.21061
1738092900000000,BTCUSDT,5m,106491.14072884,106578.24628528,106305.03944031,106421.70343902,109.00495
1738093200000000,BTCUSDT,5m,106421.70343902,106447.74661663,106253.17115178,106286.37727232,62.58928
1738093500000000,BTCUSDT,5m,106286.37727232,106430.35402544,106186.83153373,106292.35794681,177.12306
1738093800000000,BTCUSDT,5m,106292.35794681,106304.33114968,106244.43259944,106281.71871491,46.56683
1738094100000000,BTCUSDT,5m,106281.71871491,106317.31824156,106177.84240309,106188.07577327,56.21594
1738094400000000,BTCUSDT,5m,106188.07577327,106339.54989151,106185.47601557,106307.64278115,31.66617
1738094700000000,BTCUSDT,5m,106307.64278115,106307.64278115,106193.53504428,106286.66537873,71.36062
1738095000000000,BTCUSDT,5m,106286.66537873,106378.83938659,106199.50331952,106358.49983613,20.60001
1738095300000000,BTCUSDT,5m,106358.49983613,106399.09778248,106358.49983613,106365.60574384,21.48345
1738095600000000,BTCUSDT,5m,106365.60574384,106473.26616078,106365.60574384,106457.72428775,47.96763
1738095900000000,BTCUSDT,5m,106457.72428775,106616.92147592,106445.26666588,106451.78654275,81.43821
1738096200000000,BTCUSDT,5m,106451.78654275,106619.3706676,106382.3266403,106583.93516552,124.68856
1738096500000000,BTCUSDT,5m,106583.93516552,106633.1450784,106518.30736439,106535.79717339,48.25555
1738096800000000,BTCUSDT,5m,106535.79717339,106535.79717339,106314.49457827,106390.22093399,54.39299
1738097100000000,BTCUSDT,5m,106390.22093399,106427.57485407,106390.22093399,106427.56395419,14.09389
1738097400000000,BTCUSDT,5m,106427.56395419,106445.39198216,106334.67343953,106443.92922601,48.90962
1738097700000000,BTCUSDT,5m,106443.92922601,106666.60240322,106443.92922601,106600.61200758,75.99168
1738098000000000,BTCUSDT,5m,106600.61200758,106636.3356409,106466.18489693,106466.18489693,94.5091
1738098300000000,BTCUSDT,5m,106466.18489693,106602.5242274,106466.17445907,106528.43629541,13.82051
1738098600000000,BTCUSDT,5m,106528.43629541,106580.41634939,106487.2286631,106487.2286631,15.85365
1738098900000000,BTCUSDT,5m,106487.2286631,106620.82794818,106336.36782026,106509.11269794,234.24541
1738099200000000,BTCUSDT,5m,106509.11269794,106511.88641162,106357.22681019,106420.8662731,46.13882
1738099500000000,BTCUSDT,5m,106420.8662731,106511.7779816,106303.25603062,106499.41051767,88.93498
1738099800000000,BTCUSDT,5m,106499.41051767,106577.04329767,106399.93437628,106577.04329767,51.90102
1738100100000000,BTCUSDT,5m,106577.04329767,107235.66625211,106563.24963379,107065.76576403,264.36358
1738100400000000,BTCUSDT,5m,107065.76576403,107160.31225181,107035.14196972,107127.29317534,98.2323
1738100700000000,BTCUSDT,5m,107127.29317534,107139.59546196,106948.81486981,107060.11754116,61.30251
1738101000000000,BTCUSDT,5m,107060.11754116,107068.25646473,106957.98037594,106970.13604806,61.56626
1738101300000000,BTCUSDT,5m,106970.13604806,107072.17731385,106725.07437754,107069.59873096,323.25803
1738101600000000,BTCUSDT,5m,107069.59873096,107142.81394228,107069.58853385,107084.86379661,31.88847
1738101900000000,BTCUSDT,5m,107084.86379661,107366.12987009,107081.90379607,107358.57031481,84.94194
1738102200000000,BTCUSDT,5m,107358.57031481,107522.65069263,107358.5596713,107423.16578789,50.16123
1738102500000000,BTCUSDT,5m,107423.16578789,107423.16578789,107343.75490969,107400.24475711,15.8795
1738102800000000,BTCUSDT,5m,107400.24475711,107469.50288118,107346.76668257,107346.76668257,85.25429
1738103100000000,BTCUSDT,5m,107346.76668257,107444.10416743,107346.75643436,107372.53067888,50.05431
1738103400000000,BTCUSDT,5m,107372.53067888,107393.00052497,107301.32631925,107392.99029004,24.73753
1738103700000000,BTCUSDT,5m,107392.99029004,107393.01075793,107366.91419624,107384.80313343,26.97073
1738104000000000,BTCUSDT,5m,107384.80313343,107406.17129552,107278.51849587,107312.45616507,70.91675
1738104300000000,BTCUSDT,5m,107312.45616507,107426.02643277,107248.65705718,107265.68137498,80.78697
1738104600000000,BTCUSDT,5m,107265.68137498,107482.39973456,107186.04144109,107473.41080408,92.5308
1738104900000000,BTCUSDT,5m,107473.41080408,107646.08066187,107473.41080408,107604.98388343,35.39578
1738105200000000,BTCUSDT,5m,107604.98388343,107751.89619916,107587.54286573,107623.99892394,81.58768
1738105500000000,BTCUSDT,5m,107623.99892394,107624.00948284,107563.72872684,107565.65044651,37.19286
1738105800000000,BTCUSDT,5m,107565.65044651,107565.81668493,107530.77362412,107530.77362412,35.22007
1738106100000000,BTCUSDT,5m,107530.77362412,107553.32236822,107381.06653682,107388.28475181,57.50335
1738106400000000,BTCUSDT,5m,107388.28475181,107452.42012916,107374.96312775,107418.5257295,65.41602
1738106700000000,BTCUSDT,5m,107418.5257295,107482.82088266,107397.80240731,107397.81341864,20.42671
1738107000000000,BTCUSDT,5m,107397.81341864,107683.68512808,107354.54939232,107569.15888423,154.03116
1738107300000000,BTCUSDT,5m,107569.15888423,107700.01185621,107209.33808829,107286.34619558,135.28653
1738107600000000,BTCUSDT,5m,107286.34619558,107327.72430111,107277.16450063,107277.16450063,16.59608
1738107900000000,BTCUSDT,5m,107277.16450063,107329.194533,107241.53873555,107257.57698471,39.29872
1738108200000000,BTCUSDT,5m,107257.57698471,107295.87450746,107122.70798716,107122.70798716,61.50493
1738108500000000,BTCUSDT,5m,107122.70798716,107203.87216391,107107.89967018,107203.87216391,18.85191
1738108800000000,BTCUSDT,5m,107203.87216391,107255.08719366,107185.83619537,107255.07606721,22.03035
1738109100000000,BTCUSDT,5m,107255.07606721,107255.07606721,107074.39882257,107158.04788415,74.19334
1738109400000000,BTCUSDT,5m,107158.04788415,107190.29487392,106875.50333456,106894.2232991,43.81025
1738109700000000,BTCUSDT,5m,106894.2232991,107238.51168058,106857.2283226,107190.51579979,76.435
1738110000000000,BTCUSDT,5m,107190.51579979,107281.50261594,107179.62293302,107253.09375044,35.1997
1738110300000000,BTCUSDT,5m,107253.09375044,107289.99959288,107153.13581487,107153.15795394,49.51622
1738110600000000,BTCUSDT,5m,107153.15795394,107189.03916518,106896.24627679,107018.46286327,58.56729
1738110900000000,BTCUSDT,5m,107018.46286327,107052.33768002,106968.50921646,107052.33768002,15.70251
1738111200000000,BTCUSDT,5m,107052.33768002,107138.00042262,107035.0697402,107111.17740813,16.77823
1738111500000000,BTCUSDT,5m,107111.17740813,107141.80492306,107063.04534195,107070.39158574,22.5017
1738111800000000,BTCUSDT,5m,107070.39158574,107165.0703785,106907.43618232,106931.08677223,73.61714
1738112100000000,BTCUSDT,5m,106931.08677223,106977.34352039,106814.82251406,106930.09762024,34.00517
1738112400000000,BTCUSDT,5m,106930.09762024,107114.93246931,106651.46613923,106695.05330459,145.94436
1738112700000000,BTCUSDT,5m,106695.05330459,106695.05330459,106177.40848563,106177.41874293,314.6538
1738113000000000,BTCUSDT,5m,106177.41874293,106177.42939087,105987.87473511,105988.11963777,57.95158
1738113300000000,BTCUSDT,5m,105988.11963777,105988.11963777,105881.65464345,105884.31819443,29.46975
1738113600000000,BTCUSDT,5m,105884.31819443,105922.42662883,105712.0220131,105732.03945918,123.55002
1738113900000000,BTCUSDT,5m,105732.03945918,105828.44911973,105533.5661389,105593.76328092,124.3457
1738114200000000,BTCUSDT,5m,105593.76328092,105710.51087544,105394.75166775,105485.52347423,90.90055
1738114500000000,BTCUSDT,5m,105485.52347423,105504.05874674,105467.85383033,105485.23132458,11.27285
1738114800000000,BTCUSDT,5m,105485.23132458,105499.06740702,105376.03845775,105403.93297019,100.45465
1738115100000000,BTCUSDT,5m,105403.93297019,105423.94431897,105347.55561612,105401.96398206,25.96374
1738115400000000,BTCUSDT,5m,105401.96398206,105416.23661269,105119.05735643,105306.47868068,57.83747
1738115700000000,BTCUSDT,5m,105306.47868068,105306.48875093,105255.29162374,105300.51709545,19.79872
1738116000000000,BTCUSDT,5m,105300.51709545,105483.08508011,105183.0755247,105189.53667877,156.66794
1738116300000000,BTCUSDT,5m,105189.53667877,105317.16279899,105189.53667877,105317.16279899,43.74642
1738116600000000,BTCUSDT,5m,105317.16279899,105321.7732118,105289.54067591,105289.55076434,13.61879
1738116900000000,BTCUSDT,5m,105289.55076434,105289.55076434,105271.47237011,105289.53996482,16.50009
1738117200000000,BTCUSDT,5m,105289.53996482,105363.43646333,105077.82364712,105271.55658386,120.49553
1738117500000000,BTCUSDT,5m,105271.55658386,105310.33909099,105228.34148207,105241.48827745,30.6924
1738117800000000,BTCUSDT,5m,105241.48827745,105244.41450334,105130.44570549,105197.31766768,33.87879
1738118100000000,BTCUSDT,5m,105197.31766768,105508.75597102,105197.31766768,105500.5554493,211.41452
1738118400000000,BTCUSDT,5m,105500.5554493,105507.60220381,105486.84338852,105487.67655181,15.467
1738118700000000,BTCUSDT,5m,105487.67655181,105487.67655181,105431.56176548,105479.0234891,37.89481
1738119000000000,BTCUSDT,5m,105479.0234891,105632.7031909,105440.35881649,105440.35881649,43.43308
1738119300000000,BTCUSDT,5m,105440.35881649,105638.96262819,105440.35881649,105593.54103325,86.21106
1738119600000000,BTCUSDT,5m,105593.54103325,105593.55189057,105568.49320836,105568.49320836,15.11064
1738119900000000,BTCUSDT,5m,105568.49320836,105695.95671076,105546.48422705,105664.25921837,62.38705
1738120200000000,BTCUSDT,5m,105664.25921837,105817.51660407,105664.24915353,105743.26824692,71.89762
1738120500000000,BTCUSDT,5m,105743.26824692,105884.58706521,105729.7842073,105884.57692684,35.95137
1738120800000000,BTCUSDT,5m,105884.57692684,105935.21101948,105826.46989518,105833.66889948,32.57124
1738121100000000,BTCUSDT,5m,105833.66889948,105940.26722879,105833.65801432,105882.4126265,36.54396
1738121400000000,BTCUSDT,5m,105882.4126265,106047.46638557,105563.31219997,105895.38752512,247.04302
1738121700000000,BTCUSDT,5m,105895.38752512,105966.34382593,105734.07679809,105768.79944256,54.58947
1738122000000000,BTCUSDT,5m,105768.79944256,105776.54473924,105738.98677189,105740.36210494,23.77022
1738122300000000,BTCUSDT,5m,105740.36210494,105834.84229858,105725.74861537,105810.02446789,16.58688
1738122600000000,BTCUSDT,5m,105810.02446789,105846.64893516,105621.10731771,105641.81937138,76.54749
1738122900000000,BTCUSDT,5m,105641.81937138,105655.90536125,105507.16888841,105639.94257046,75.12872
1738123200000000,BTCUSDT,5m,105639.94257046,105703.81823451,105639.93157069,105703.81823451,13.98407
1738123500000000,BTCUSDT,5m,105703.81823451,105904.55429807,105412.14319764,105477.64810774,397.02576
1738123800000000,BTCUSDT,5m,105477.64810774,105510.60726034,105401.29007095,105510.5972606,33.99614
1738124100000000,BTCUSDT,5m,105510.5972606,105527.36242935,105362.16685545,105373.87725456,52.45955
1738124400000000,BTCUSDT,5m,105373.87725456,105389.46460101,105294.06872716,105344.4867874,188.87709
1738124700000000,BTCUSDT,5m,105344.4867874,105365.69927151,105325.27871689,105361.25097393,48.98855
1738125000000000,BTCUSDT,5m,105361.25097393,105361.25097393,105226.71443943,105226.72454204,76.57467
1738125300000000,BTCUSDT,5m,105226.72454204,105237.08379274,105209.11058197,105219.09254466,15.09381
1738125600000000,BTCUSDT,5m,105219.09254466,105228.28848752,105109.80188007,105109.8128146,26.43212
1738125900000000,BTCUSDT,5m,105109.8128146,105109.8128146,104819.46215432,104885.24489523,159.74632
1738126200000000,BTCUSDT,5m,104885.24489523,104907.64235966,104715.35454969,104722.1660391,79.21124
1738126500000000,BTCUSDT,5m,104722.1660391,105149.67486948,104658.6630724,105008.08432497,196.65112
1738126800000000,BTCUSDT,5m,105008.08432497,105088.5455798,105008.07426479,105080.09503541,34.95691
1738127100000000,BTCUSDT,5m,105080.09503541,105092.68030162,104983.05900749,105044.34873605,58.76456
1738127400000000,BTCUSDT,5m,105044.34873605,105077.06506498,105034.59520068,105077.05429949,11.59578
1738127700000000,BTCUSDT,5m,105077.05429949,105077.05429949,105036.94810312,105046.6295989,11.10236
1738128000000000,BTCUSDT,5m,105046.6295989,105093.5254109,104946.1921684,105080.16948365,47.6417
1738128300000000,BTCUSDT,5m,105080.16948365,105237.24559788,104824.67533211,105134.49191562,232.07696
1738128600000000,BTCUSDT,5m,105134.49191562,105137.34950188,105035.92700359,105103.60380775,70.75846
1738128900000000,BTCUSDT,5m,105103.60380775,105103.60380775,104969.471837,105013.96597742,81.20924
1738129200000000,BTCUSDT,5m,105013.96597742,105028.24447903,104904.97341514,104948.57693028,26.09604
1738129500000000,BTCUSDT,5m,104948.57693028,105533.38794352,104934.92508287,105333.45237206,405.37073
1738129800000000,BTCUSDT,5m,105333.45237206,105396.58024815,105308.39612759,105362.14686119,15.52077
1738130100000000,BTCUSDT,5m,105362.14686119,105362.14686119,105249.45144417,105257.45774811,33.21238
1738130400000000,BTCUSDT,5m,105257.45774811,105354.68605321,105247.98232571,105312.30843274,35.78506
1738130700000000,BTCUSDT,5m,105312.30843274,105384.42114028,105209.52084006,105383.40344135,105.29928
1738131000000000,BTCUSDT,5m,105383.40344135,105398.74242554,105322.87496158,105363.03765586,10.28297
1738131300000000,BTCUSDT,5m,105363.03765586,105493.90154297,105289.25148756,105377.3148449,94.70721
1738131600000000,BTCUSDT,5m,105377.3148449,105724.90674234,105377.30451865,105637.53634205,137.68172
1738131900000000,BTCUSDT,5m,105637.53634205,105926.93741942,105637.52545003,105850.88930794,332.81529
1738132200000000,BTCUSDT,5m,105850.88930794,105975.0054869,105766.27018871,105899.5206349,63.98356
1738132500000000,BTCUSDT,5m,105899.5206349,105899.53148838,105697.14673008,105721.51278265,64.34965
1738132800000000,BTCUSDT,5m,105721.51278265,105864.14543329,105607.90144446,105760.28552233,286.86312
1738133100000000,BTCUSDT,5m,105760.28552233,105909.07740305,105718.3470657,105803.92879426,61.37924
1738133400000000,BTCUSDT,5m,105803.92879426,105862.99744317,105734.37366025,105769.30774195,37.42089
1738133700000000,BTCUSDT,5m,105769.30774195,105794.22804941,105517.47216731,105633.260552,47.32044
1738134000000000,BTCUSDT,5m,105633.260552,105640.1998007,105474.42104897,105474.53151458,119.15075
1738134300000000,BTCUSDT,5m,105474.53151458,105719.19153281,105474.53151458,105667.39199829,67.41153
1738134600000000,BTCUSDT,5m,105667.39199829,105667.40287313,105527.24796765,105527.25884248,42.77319
1738134900000000,BTCUSDT,5m,105527.25884248,105617.20804322,105508.11026809,105617.19713235,37.53156
1738135200000000,BTCUSDT,5m,105617.19713235,105638.01228328,105605.16745569,105618.81923355,15.28257
1738135500000000,BTCUSDT,5m,105618.81923355,105710.88664012,105495.61440011,105545.1899472,110.32164
1738135800000000,BTCUSDT,5m,105545.1899472,105561.96759712,105430.79231024,105445.77055972,51.18408
1738136100000000,BTCUSDT,5m,105445.77055972,105445.77055972,105386.76679911,105444.56870735,55.47862
1738136400000000,BTCUSDT,5m,105444.56870735,105491.73140999,105444.55785287,105491.73140999,10.18016
1738136700000000,BTCUSDT,5m,105491.73140999,105558.24599537,105402.36970939,105456.57199741,27.54233
1738137000000000,BTCUSDT,5m,105456.57199741,105554.9117799,105394.33108313,105554.90100412,52.81039
1738137300000000,BTCUSDT,5m,105554.90100412,105600.29748609,105427.14093139,105576.5360318,72.56947
1738137600000000,BTCUSDT,5m,105576.5360318,105657.05249993,105573.10561511,105642.88291253,10.95112
1738137900000000,BTCUSDT,5m,105642.88291253,105691.14028426,105501.12366968,105581.09332234,62.18125
1738138200000000,BTCUSDT,5m,105581.09332234,105634.12911958,105364.20527417,105443.50306751,164.11077
1738138500000000,BTCUSDT,5m,105443.50306751,105639.28803155,105386.83332383,105616.51603351,100.12192
1738138800000000,BTCUSDT,5m,105616.51603351,105707.34118174,105604.9495056,105617.39145663,18.26143
1738139100000000,BTCUSDT,5m,105617.39145663,105661.23338247,105615.35280708,105654.56940975,13.93074
1738139400000000,BTCUSDT,5m,105654.56940975,105736.54976462,105637.23263402,105728.16380544,103.12168
1738139700000000,BTCUSDT,5m,105728.16380544,105734.31478246,105559.81447278,105630.49146098,154.79385
1738140000000000,BTCUSDT,5m,105630.49146098,105676.27745534,105181.7802452,105308.85649828,498.52405
1738140300000000,BTCUSDT,5m,105308.85649828,105308.85649828,104934.42338101,105122.63124864,217.99541
1738140600000000,BTCUSDT,5m,105122.63124864,105160.62923018,104609.82771964,104841.63079083,499.01623
1738140900000000,BTCUSDT,5m,104841.63079083,104847.7792368,104767.6108751,104830.84118987,26.63601
1738141200000000,BTCUSDT,5m,104830.84118987,104884.7755204,104714.10866948,104714.11868514,52.03896
1738141500000000,BTCUSDT,5m,104714.11868514,104820.88694582,104701.23718221,104820.87604776,31.84442
1738141800000000,BTCUSDT,5m,104820.87604776,104822.98791761,104357.06432144,104405.79110486,240.65624
1738142100000000,BTCUSDT,5m,104405.79110486,104461.56143195,104296.74297926,104324.95009442,78.45741
1738142400000000,BTCUSDT,5m,104324.95009442,104369.12715862,103986.6560158,103997.29379335,97.83876
1738142700000000,BTCUSDT,5m,103997.29379335,104132.87090465,103940.14116774,104132.87090465,34.41865
1738143000000000,BTCUSDT,5m,104132.87090465,104132.88087456,104085.85281252,104085.86278243,12.0698
1738143300000000,BTCUSDT,5m,104085.86278243,104178.21132082,104079.30619515,104101.70786835,55.91141
1738143600000000,BTCUSDT,5m,104101.70786835,104124.82013887,103811.65744926,103827.8017347,62.7669
1738143900000000,BTCUSDT,5m,103827.8017347,103842.28441875,103755.51535556,103820.0839886,48.62599
1738144200000000,BTCUSDT,5m,103820.0839886,103849.20801299,103727.88273097,103812.43600703,38.02445
1738144500000000,BTCUSDT,5m,103812.43600703,104022.61764151,103812.43600703,104022.61764151,32.15531
1738144800000000,BTCUSDT,5m,104022.61764151,104111.57340617,103979.07358317,104062.02398245,59.79501
1738145100000000,BTCUSDT,5m,104062.02398245,104111.91698791,103880.73154676,104049.18783516,56.43816
1738145400000000,BTCUSDT,5m,104049.18783516,104354.90135167,103982.01502729,104354.89069778,52.61623
1738145700000000,BTCUSDT,5m,104354.89069778,104582.54879068,104230.6721137,104298.23591299,157.09752
1738146000000000,BTCUSDT,5m,104298.23591299,104367.47058733,104298.2251606,104339.46059717,14.52398
1738146300000000,BTCUSDT,5m,104339.46059717,104344.23335479,104192.66280488,104192.67372652,107.27192
1738146600000000,BTCUSDT,5m,104192.67372652,104210.55268747,104030.36677631,104204.28507756,90.18607
1738146900000000,BTCUSDT,5m,104204.28507756,104241.67372621,104141.49564489,104150.84008749,28.09047
1738147200000000,BTCUSDT,5m,104150.84008749,104215.76680907,104042.85658556,104070.59693562,113.68455
1738147500000000,BTCUSDT,5m,104070.59693562,104113.33322545,104024.60710412,104024.60710412,17.51789
1738147800000000,BTCUSDT,5m,104024.60710412,104050.37165802,103837.1815486,103878.93455321,75.59562
1738148100000000,BTCUSDT,5m,103878.93455321,103981.18282105,103558.17988945,103648.41405991,187.24774
1738148400000000,BTCUSDT,5m,103648.41405991,103738.36059678,103576.1828055,103722.4864192,25.84219
1738148700000000,BTCUSDT,5m,103722.4864192,103810.74638386,103722.4864192,103754.2634142,53.87792
1738149000000000,BTCUSDT,5m,103754.2634142,104179.03961577,103732.4724099,104088.56879246,148.49336
1738149300000000,BTCUSDT,5m,104088.56879246,104139.4699928,103761.02615742,103822.93330096,144.09188
1738149600000000,BTCUSDT,5m,103822.93330096,103847.58598871,103818.88124141,103845.69290052,7.37744
1738149900000000,BTCUSDT,5m,103845.69290052,103954.25767857,103778.23638195,103836.55082164,61.47536
1738150200000000,BTCUSDT,5m,103836.55082164,103836.56070575,103749.23460896,103749.24449307,33.59269
1738150500000000,BTCUSDT,5m,103749.24449307,103865.26466792,103733.30660431,103785.18182728,27.31162
1738150800000000,BTCUSDT,5m,103785.18182728,103902.45301521,103777.1435903,103902.44239666,48.32085
1738151100000000,BTCUSDT,5m,103902.44239666,103929.59095583,103519.65483811,103731.44820965,353.02589
1738151400000000,BTCUSDT,5m,103731.44820965,103809.28341194,103702.26384883,103761.6873035,55.84389
1738151700000000,BTCUSDT,5m,103761.6873035,103840.63524609,103757.72055638,103840.63524609,30.54582
1738152000000000,BTCUSDT,5m,103840.63524609,104057.51552879,103684.61743674,103796.04133116,110.09389
1738152300000000,BTCUSDT,5m,103796.04133116,103796.04133116,103631.19135712,103637.77141438,30.79962
1738152600000000,BTCUSDT,5m,103637.77141438,103656.86941698,103612.41368806,103656.32740355,9.8668
1738152900000000,BTCUSDT,5m,103656.32740355,103662.16178273,103615.44416256,103662.16178273,19.82824
1738153200000000,BTCUSDT,5m,103662.16178273,103735.1273624,103662.16178273,103735.1273624,19.11221
1738153500000000,BTCUSDT,5m,103735.1273624,103766.43725089,103678.24931777,103710.15135544,38.62738
1738153800000000,BTCUSDT,5m,103710.15135544,103844.35671737,103710.15135544,103752.48139994,76.46662
1738154100000000,BTCUSDT,5m,103752.48139994,103817.50772355,103612.95692101,103621.62423699,29.42441
1738154400000000,BTCUSDT,5m,103621.62423699,103666.50563027,103591.48241059,103601.08076524,17.92821
1738154700000000,BTCUSDT,5m,103601.08076524,103601.09154278,103541.10374588,103541.11452342,11.38498
1738155000000000,BTCUSDT,5m,103541.11452342,103541.11452342,103309.49012599,103408.63699363,75.54214
1738155300000000,BTCUSDT,5m,103408.63699363,103692.15528553,103408.62622534,103685.05898281,78.44743
1738155600000000,BTCUSDT,5m,103685.05898281,103695.38237041,103369.02609291,103427.21340449,86.51161
1738155900000000,BTCUSDT,5m,103427.21340449,103427.22413658,103158.53566681,103268.58246219,117.45819
1738156200000000,BTCUSDT,5m,103268.58246219,103389.00259001,103240.33323832,103380.39422621,18.02978
1738156500000000,BTCUSDT,5m,103380.39422621,103388.07819033,103257.13107927,103279.2877525,38.34604
1738156800000000,BTCUSDT,5m,103279.2877525,103548.86015057,103279.2877525,103383.63667667,78.54688
1738157100000000,BTCUSDT,5m,103383.63667667,103413.91273547,103319.66416623,103364.79914226,27.00501
1738157400000000,BTCUSDT,5m,103364.79914226,103364.79914226,103307.03765257,103307.03765257,18.56532
1738157700000000,BTCUSDT,5m,103307.03765257,103387.27905544,103307.02690068,103387.26830355,14.2517
1738158000000000,BTCUSDT,5m,103387.26830355,103427.00903461,103387.25752786,103422.89272245,14.32498
1738158300000000,BTCUSDT,5m,103422.89272245,103468.95458164,103350.61480509,103356.64417889,36.68162
1738158600000000,BTCUSDT,5m,103356.64417889,103433.64253261,103356.64417889,103378.74695652,11.03312
1738158900000000,BTCUSDT,5m,103378.74695652,103748.69790678,103320.21190261,103729.11434387,369.56976
1738159200000000,BTCUSDT,5m,103729.11434387,103769.22919401,103729.10364087,103743.29582104,14.16358
1738159500000000,BTCUSDT,5m,103743.29582104,103839.12688729,103719.20702082,103815.87242384,22.13706
1738159800000000,BTCUSDT,5m,103815.87242384,103836.23514019,103717.15095828,103795.98376015,57.84255
1738160100000000,BTCUSDT,5m,103795.98376015,103869.79194835,103687.23614058,103799.10762831,63.81571
1738160400000000,BTCUSDT,5m,103799.10762831,103823.19765267,103377.96486106,103522.05632381,280.16214
1738160700000000,BTCUSDT,5m,103522.05632381,103587.45720767,103480.89742036,103570.40170247,33.62276
1738161000000000,BTCUSDT,5m,103570.40170247,103620.99089121,103529.3674106,103593.73894494,41.50707
1738161300000000,BTCUSDT,5m,103593.73894494,103593.74905724,103487.50929496,103498.22832675,36.9056
1738161600000000,BTCUSDT,5m,103498.22832675,103505.46395761,103350.22970561,103402.42043944,82.90957
1738161900000000,BTCUSDT,5m,103402.42043944,103414.08045304,103201.7477331,103286.50871755,72.6581
1738162200000000,BTCUSDT,5m,103286.50871755,103446.82722224,103208.61483538,103208.62508592,69.19669
1738162500000000,BTCUSDT,5m,103208.62508592,103208.63490766,103012.23948154,103012.24930328,30.4681
1738162800000000,BTCUSDT,5m,103012.24930328,103098.38521626,102855.36639347,102867.28886435,59.23528
1738163100000000,BTCUSDT,5m,102867.28886435,102926.6655205,102854.01568095,102896.81688828,40.68736
1738163400000000,BTCUSDT,5m,102896.81688828,102984.5825715,102725.57801877,102788.40829018,110.02228
1738163700000000,BTCUSDT,5m,102788.40829018,102831.6450049,102084.77848426,102223.37302855,266.32443
1738164000000000,BTCUSDT,5m,102223.37302855,102326.69302987,102223.36237371,102324.83908739,25.36622
1738164300000000,BTCUSDT,5m,102324.83908739,102374.17626057,102243.58187427,102243.59162085,84.00525
1738164600000000,BTCUSDT,5m,102243.59162085,102348.87435067,102155.03835579,102289.81831368,108.5136
1738164900000000,BTCUSDT,5m,102289.81831368,102324.21129973,102173.1648432,102196.89966797,76.46009
1738165200000000,BTCUSDT,5m,102196.89966797,102196.89966797,102033.98040455,102058.41098264,44.26239
1738165500000000,BTCUSDT,5m,102058.41098264,102151.15568228,102027.78356539,102140.42767212,21.6581
1738165800000000,BTCUSDT,5m,102140.42767212,102326.51565988,102079.64940846,102237.89316706,53.99457
1738166100000000,BTCUSDT,5m,102237.89316706,102251.44494546,101961.80475198,102020.06048578,217.6878
1738166400000000,BTCUSDT,5m,102020.06048578,102035.36419693,101972.15092957,101995.95319647,18.10464
1738166700000000,BTCUSDT,5m,101995.95319647,102005.27725821,101943.66737043,101973.79287036,27.85672
1738167000000000,BTCUSDT,5m,101973.79287036,102064.48348678,101887.11324019,101887.11324019,48.8585
1738167300000000,BTCUSDT,5m,101887.11324019,101937.55645199,101883.24526268,101927.18867723,24.00184
1738167600000000,BTCUSDT,5m,101927.18867723,101984.48010344,101773.28717421,101817.1887288,41.34362
1738167900000000,BTCUSDT,5m,101817.1887288,101861.85685827,101709.43178975,101754.05952299,104.2974
1738168200000000,BTCUSDT,5m,101754.05952299,101866.98314299,101726.97733473,101823.55423906,57.34633
1738168500000000,BTCUSDT,5m,101823.55423906,101886.85197322,101778.24290577,101886.80333504,16.91653
1738168800000000,BTCUSDT,5m,101886.80333504,101886.81374124,101750.86717099,101750.87757718,32.8245
1738169100000000,BTCUSDT,5m,101750.87757718,101780.96201115,101750.87757718,101778.35323262,8.46753
1738169400000000,BTCUSDT,5m,101778.35323262,101835.48154676,101738.47021419,101808.39376291,14.52493
1738169700000000,BTCUSDT,5m,101808.39376291,101893.36882629,101808.39376291,101874.98540041,19.30584
1738170000000000,BTCUSDT,5m,101874.98540041,102009.85891655,101849.25762028,101944.45540246,78.44563
1738170300000000,BTCUSDT,5m,101944.45540246,101944.46588593,101888.70431137,101899.31358256,70.9285
1738170600000000,BTCUSDT,5m,101899.31358256,101975.39176489,101861.28950486,101891.31641539,29.81002
1738170900000000,BTCUSDT,5m,101891.31641539,101891.31641539,101598.61294292,101634.60783787,249.45011
1738171200000000,BTCUSDT,5m,101634.60783787,101634.61777692,101580.07231876,101614.99810957,23.62896
1738171500000000,BTCUSDT,5m,101614.99810957,101615.24923015,101528.11038723,101595.69079999,41.68884
1738171800000000,BTCUSDT,5m,101595.69079999,101694.36245479,100770.59356231,100909.53161931,520.03166
1738172100000000,BTCUSDT,5m,100909.53161931,100914.1974408,100686.52084013,100754.2139723,48.53725
1738172400000000,BTCUSDT,5m,100754.2139723,100823.86290765,100713.41487051,100766.62839369,53.92233
1738172700000000,BTCUSDT,5m,100766.62839369,100849.98234412,100171.63721572,100187.91495789,304.03646
1738173000000000,BTCUSDT,5m,100187.91495789,100200.60085282,100150.64566204,100167.85711432,21.13148
1738173300000000,BTCUSDT,5m,100167.85711432,100377.38000751,100167.84684712,100377.38000751,92.47074
1738173600000000,BTCUSDT,5m,100377.38000751,100385.9382847,100262.99434855,100377.38000751,26.37406
1738173900000000,BTCUSDT,5m,100377.38000751,100615.29654045,100372.11329996,100493.22831687,137.70804
1738174200000000,BTCUSDT,5m,100493.22831687,100630.24051761,99873.90442278,99946.88106934,768.95294
1738174500000000,BTCUSDT,5m,99946.88106934,100263.60329366,99928.67085098,100048.34680382,177.15832
1738174800000000,BTCUSDT,5m,100048.34680382,100210.1196369,100004.92963925,100004.94002862,163.88129
1738175100000000,BTCUSDT,5m,100004.94002862,100026.54869982,99860.85628764,99906.89384365,42.77469
1738175400000000,BTCUSDT,5m,99906.89384365,99966.13687894,99809.51870345,99929.00773798,68.30031
1738175700000000,BTCUSDT,5m,99929.00773798,100091.68705179,99906.18339202,100054.93614738,34.95887
1738176000000000,BTCUSDT,5m,100054.93614738,100121.69321994,99848.02610482,100043.41290177,173.15752
1738176300000000,BTCUSDT,5m,100043.41290177,100043.41290177,99997.17106094,99997.17106094,29.02459
1738176600000000,BTCUSDT,5m,99997.17106094,100181.14834531,99960.6491912,100137.04247948,51.19344
1738176900000000,BTCUSDT,5m,100137.04247948,100162.74132645,100095.65072443,100113.61060304,18.27174
1738177200000000,BTCUSDT,5m,100113.61060304,100252.55659587,99873.94623365,100050.01605199,195.07713
1738177500000000,BTCUSDT,5m,100050.01605199,100072.98781756,99860.15396909,100026.01657641,71.89272
1738177800000000,BTCUSDT,5m,100026.01657641,100026.01657641,99908.3786233,99987.86119717,38.1219
1738178100000000,BTCUSDT,5m,99987.86119717,99987.87078,99863.99351325,99922.67877523,36.39326
1738178400000000,BTCUSDT,5m,99922.67877523,99971.83304399,99910.11325368,99929.86933082,15.75111
1738178700000000,BTCUSDT,5m,99929.86933082,100005.6011266,99813.17548852,99870.29943095,63.0869
1738179000000000,BTCUSDT,5m,99870.29943095,99876.44946161,99768.03459045,99768.28640273,28.09911
1738179300000000,BTCUSDT,5m,99768.28640273,99798.33106929,99720.22088372,99754.68650748,40.30268
1738179600000000,BTCUSDT,5m,99754.68650748,99770.30967978,99595.26513814,99752.64472748,45.32856
1738179900000000,BTCUSDT,5m,99752.64472748,99773.87705334,99622.06291602,99638.64377862,63.55444
1738180200000000,BTCUSDT,5m,99638.64377862,99653.12163034,99474.28913767,99487.66046786,106.79974
1738180500000000,BTCUSDT,5m,99487.66046786,99487.66046786,99431.28771773,99461.10179032,17.46866
1738180800000000,BTCUSDT,5m,99461.10179032,99576.60069559,99263.72540857,99360.96119393,123.9556
1738181100000000,BTCUSDT,5m,99360.96119393,99526.86638671,99360.96119393,99437.50547882,34.55398
1738181400000000,BTCUSDT,5m,99437.50547882,99502.02997176,99384.95362041,99473.57590005,21.72671
1738181700000000,BTCUSDT,5m,99473.57590005,99501.37702707,99411.23598334,99411.24543307,48.82591
1738182000000000,BTCUSDT,5m,99411.24543307,99441.18086805,99358.34639559,99388.70593314,31.4121
1738182300000000,BTCUSDT,5m,99388.70593314,99443.7307776,99183.47919127,99236.25652832,67.82936
1738182600000000,BTCUSDT,5m,99236.25652832,99344.25402996,99084.71772662,99138.4770716,147.41499
1738182900000000,BTCUSDT,5m,99138.4770716,99209.74045594,99123.09077618,99174.80439333,27.34752
1738183200000000,BTCUSDT,5m,99174.80439333,99363.4167827,99008.08756374,99363.4167827,97.53647
1738183500000000,BTCUSDT,5m,99363.4167827,99438.72652982,99363.4167827,99438.71631417,19.56898
1738183800000000,BTCUSDT,5m,99438.71631417,99528.84116866,99426.72818743,99499.27489256,30.82571
1738184100000000,BTCUSDT,5m,99499.27489256,99552.81473853,99496.90377449,99552.81473853,12.08219
1738184400000000,BTCUSDT,5m,99552.81473853,99552.81473853,99444.33813354,99454.31299377,46.3064
1738184700000000,BTCUSDT,5m,99454.31299377,99573.42524543,99335.90346926,99524.1941892,52.06425
1738185000000000,BTCUSDT,5m,99524.1941892,99535.02051475,99369.58810322,99520.32544538,53.23993
1738185300000000,BTCUSDT,5m,99520.32544538,99521.12805023,99444.04711568,99448.30709524,15.52376
1738185600000000,BTCUSDT,5m,99448.30709524,99531.45782998,99438.59468127,99438.59468127,28.264
1738185900000000,BTCUSDT,5m,99438.59468127,99438.60504547,99324.5884894,99355.37016121,88.9481
1738186200000000,BTCUSDT,5m,99355.37016121,99355.37016121,99254.7609146,99293.39862486,16.52391
1738186500000000,BTCUSDT,5m,99293.39862486,99298.57213615,99202.03156763,99298.57213615,55.51595
1738186800000000,BTCUSDT,5m,99298.57213615,99328.59913717,99141.61004601,99194.83696303,29.31092
1738187100000000,BTCUSDT,5m,99194.83696303,99261.70009647,99171.99829633,99227.82152808,51.44392
1738187400000000,BTCUSDT,5m,99227.82152808,99260.68222386,99190.50219142,99190.52269092,20.1803
1738187700000000,BTCUSDT,5m,99190.52269092,99446.78145443,99142.38734668,99304.36594208,59.49025
1738188000000000,BTCUSDT,5m,99304.36594208,99368.2931008,98999.29918328,99043.7126651,70.89351
1738188300000000,BTCUSDT,5m,99043.7126651,99108.4849496,99033.74624627,99108.4849496,23.2173
1738188600000000,BTCUSDT,5m,99108.4849496,99282.07632486,99108.4849496,99204.81409711,38.5306
1738188900000000,BTCUSDT,5m,99204.81409711,99274.53983291,99174.09750347,99274.53983291,13.41497
1738189200000000,BTCUSDT,5m,99274.53983291,99282.28778732,99235.64510178,99282.28778732,42.63305
1738189500000000,BTCUSDT,5m,99282.28778732,99585.67709628,99282.28778732,99390.44354543,62.04636
1738189800000000,BTCUSDT,5m,99390.44354543,99427.02264376,99358.00730343,99393.50228983,47.09631
1738190100000000,BTCUSDT,5m,99393.50228983,99463.12107214,99244.5299395,99463.12107214,93.19668
1738190400000000,BTCUSDT,5m,99463.12107214,99624.54739483,99461.64232802,99598.79584441,30.20545
1738190700000000,BTCUSDT,5m,99598.79584441,99598.8060023,99520.84414586,99533.35867448,85.71156
1738191000000000,BTCUSDT,5m,99533.35867448,99613.46021981,99518.98147403,99613.46021981,29.35837
1738191300000000,BTCUSDT,5m,99613.46021981,99626.80080429,99588.81244477,99598.28578005,23.92133
1738191600000000,BTCUSDT,5m,99598.28578005,99697.69143778,99457.13800385,99457.14807433,69.47973
1738191900000000,BTCUSDT,5m,99457.14807433,99615.31023589,99409.36992136,99589.78898647,39.49466
1738192200000000,BTCUSDT,5m,99589.78898647,99635.23405131,99572.40686329,99635.22422536,36.41443
1738192500000000,BTCUSDT,5m,99635.22422536,99709.90677666,99520.6210548,99532.80214651,43.29208
1738192800000000,BTCUSDT,5m,99532.80214651,99812.97874967,99532.48533182,99795.92185561,85.03681
1738193100000000,BTCUSDT,5m,99795.92185561,99795.92185561,99668.1127344,99668.32367219,79.53357
1738193400000000,BTCUSDT,5m,99668.32367219,99726.40491619,99668.32367219,99704.19167446,15.42822
1738193700000000,BTCUSDT,5m,99704.19167446,99825.83590507,99582.92742162,99632.22183334,99.07586
1738194000000000,BTCUSDT,5m,99632.22183334,99782.84419225,99615.56337872,99775.53858177,65.14185
1738194300000000,BTCUSDT,5m,99775.53858177,99775.53858177,99708.35309738,99721.71606118,17.04689
1738194600000000,BTCUSDT,5m,99721.71606118,99931.1436972,99721.70601669,99787.6280107,147.363
1738194900000000,BTCUSDT,5m,99787.6280107,99824.45156698,99784.27954494,99824.44199993,21.2956
1738195200000000,BTCUSDT,5m,99824.44199993,99972.82579853,99771.85232213,99900.07000197,53.55075
1738195500000000,BTCUSDT,5m,99900.07000197,99914.61067544,99535.31741394,99578.75407165,153.57204
1738195800000000,BTCUSDT,5m,99578.75407165,99675.98923619,99578.75407165,99643.54271779,29.19275
1738196100000000,BTCUSDT,5m,99643.54271779,99887.60811681,99643.54271779,99840.41804523,61.29579
1738196400000000,BTCUSDT,5m,99840.41804523,99895.02134977,99783.90567778,99845.64230876,24.95324
1738196700000000,BTCUSDT,5m,99845.64230876,99903.77073376,99836.36770084,99872.23089062,35.93676
1738197000000000,BTCUSDT,5m,99872.23089062,99889.13387177,99796.18826633,99853.34238094,115.03708
1738197300000000,BTCUSDT,5m,99853.34238094,99882.33074411,99787.14171529,99792.18450394,22.8028
1738197600000000,BTCUSDT,5m,99792.18450394,99957.00150738,99786.06614249,99878.26887837,68.45771
1738197900000000,BTCUSDT,5m,99878.26887837,100001.39739152,99872.9640916,100001.39739152,36.83451
1738198200000000,BTCUSDT,5m,100001.39739152,100001.40716216,99919.95913012,99946.01741964,17.2469
1738198500000000,BTCUSDT,5m,99946.01741964,100024.75736532,99945.98639523,100024.75736532,73.63929
1738198800000000,BTCUSDT,5m,100024.75736532,100170.82267002,99713.00942116,99730.74423244,126.47556
1738199100000000,BTCUSDT,5m,99730.74423244,99739.88164767,99556.28190213,99556.29228556,91.8632
1738199400000000,BTCUSDT,5m,99556.29228556,99617.52017255,99548.71312983,99585.56072734,38.45985
1738199700000000,BTCUSDT,5m,99585.56072734,99595.11699019,99429.91271454,99442.67475247,29.13796
1738200000000000,BTCUSDT,5m,99442.67475247,99484.16689593,99427.59024376,99427.59998827,27.67963
1738200300000000,BTCUSDT,5m,99427.59998827,99441.93914212,99310.64980828,99311.90744794,51.70309
1738200600000000,BTCUSDT,5m,99311.90744794,99363.30460405,99285.96907771,99357.64142723,20.04524
1738200900000000,BTCUSDT,5m,99357.64142723,99435.73117674,99180.7664355,99435.73117674,105.8315
1738201200000000,BTCUSDT,5m,99435.73117674,99617.77193271,99346.11693346,99617.77193271,57.99589
1738201500000000,BTCUSDT,5m,99617.77193271,100085.65384873,99617.77193271,99958.70527636,215.45502
1738201800000000,BTCUSDT,5m,99958.70527636,99958.70527636,99837.0538717,99936.63401775,76.74892
1738202100000000,BTCUSDT,5m,99936.63401775,99964.12157744,99900.5810462,99964.12157744,45.04185
1738202400000000,BTCUSDT,5m,99964.12157744,99964.13189908,99902.84201459,99951.62207422,17.12007
1738202700000000,BTCUSDT,5m,99951.62207422,100033.58884982,99861.17383442,99990.48768494,48.51471
1738203000000000,BTCUSDT,5m,99990.48768494,99990.48768494,99901.95875394,99903.36117188,26.07733
1738203300000000,BTCUSDT,5m,99903.36117188,99934.88205382,99840.60906493,99865.77818399,31.22233
1738203600000000,BTCUSDT,5m,99865.77818399,99963.40893177,99815.85597206,99948.19945053,43.24126
1738203900000000,BTCUSDT,5m,99948.19945053,100006.19891342,99948.19945053,99998.39884315,42.51559
1738204200000000,BTCUSDT,5m,99998.39884315,99998.39884315,99957.87696881,99959.43550244,16.66184
1738204500000000,BTCUSDT,5m,99959.43550244,100019.99017925,99959.43550244,100019.99017925,11.07401
1738204800000000,BTCUSDT,5m,100019.99017925,100067.65062001,99903.26618252,100044.26123084,60.98446
1738205100000000,BTCUSDT,5m,100044.26123084,100098.48456888,100017.62592403,100039.65127389,54.18183
1738205400000000,BTCUSDT,5m,100039.65127389,100054.83095927,99998.12822773,100013.68246326,37.49746
1738205700000000,BTCUSDT,5m,100013.68246326,100044.73814984,99974.51807988,100019.86249304,14.84173
1738206000000000,BTCUSDT,5m,100019.86249304,100063.02482985,100006.19734797,100043.44462912,64.72992
1738206300000000,BTCUSDT,5m,100043.44462912,100043.45507567,99946.98116571,99978.96850868,36.27197
1738206600000000,BTCUSDT,5m,99978.96850868,100010.6097222,99834.87216798,99877.63410063,71.33583
1738206900000000,BTCUSDT,5m,99877.63410063,99904.17340505,99811.58536952,99867.478609,57.66148
1738207200000000,BTCUSDT,5m,99867.478609,99897.10359695,99748.99777628,99842.41351756,60.61573
1738207500000000,BTCUSDT,5m,99842.41351756,99842.41351756,99704.23474711,99754.35794258,42.62379
1738207800000000,BTCUSDT,5m,99754.35794258,99804.04917315,99685.38493967,99685.38493967,34.17443
1738208100000000,BTCUSDT,5m,99685.38493967,99685.38493967,99556.98256009,99583.32591443,71.87645
1738208400000000,BTCUSDT,5m,99583.32591443,99640.11640934,99563.42537965,99640.11640934,15.44984
1738208700000000,BTCUSDT,5m,99640.11640934,99753.36724744,99428.5743403,99583.90423911,214.22461
1738209000000000,BTCUSDT,5m,99583.90423911,99665.31408492,99546.33126187,99665.31408492,52.8774
1738209300000000,BTCUSDT,5m,99665.31408492,99685.83582952,99619.163235,99637.57229625,33.98402
1738209600000000,BTCUSDT,5m,99637.57229625,99682.63685875,99602.19537665,99641.65781977,21.33056
1738209900000000,BTCUSDT,5m,99641.65781977,99688.47562763,99615.00009646,99666.77815534,75.23612
1738210200000000,BTCUSDT,5m,99666.77815534,99774.22025747,99578.48181286,99760.14581431,64.17442
1738210500000000,BTCUSDT,5m,99760.14581431,99831.96874032,99693.73046144,99739.08120766,37.91301
1738210800000000,BTCUSDT,5m,99739.08120766,99763.78509977,99619.63757821,99708.5591445,31.89958
1738211100000000,BTCUSDT,5m,99708.5591445,99708.56931366,99627.8363555,99657.75402308,29.74462
1738211400000000,BTCUSDT,5m,99657.75402308,99690.98601454,99656.10826773,99690.98601454,7.58636
1738211700000000,BTCUSDT,5m,99690.98601454,99831.85044348,99682.3351796,99831.85044348,58.02159
1738212000000000,BTCUSDT,5m,99831.85044348,99923.30396096,99769.93445776,99812.31658466,39.63804
1738212300000000,BTCUSDT,5m,99812.31658466,99968.39668078,99812.31658466,99968.39668078,48.1466
1738212600000000,BTCUSDT,5m,99968.39668078,99968.40620064,99880.9187253,99910.87771169,36.70083
1738212900000000,BTCUSDT,5m,99910.87771169,99932.82391424,99843.82939582,99932.81438898,44.79765
1738213200000000,BTCUSDT,5m,99932.81438898,99932.82390458,99880.497624,99880.497624,10.43251
1738213500000000,BTCUSDT,5m,99880.497624,99922.53569605,99752.70349445,99759.46338544,61.98151
1738213800000000,BTCUSDT,5m,99759.46338544,99771.89134457,99710.31459484,99752.87062952,21.4428
1738214100000000,BTCUSDT,5m,99752.87062952,99779.17573859,99617.5649426,99718.90781093,46.95059
1738214400000000,BTCUSDT,5m,99718.90781093,99731.2303105,99594.01196783,99618.25914616,100.97551
1738214700000000,BTCUSDT,5m,99618.25914616,99640.96773012,99594.61117833,99640.95751943,9.4183
1738215000000000,BTCUSDT,5m,99640.95751943,99895.83008714,99393.86692151,99547.2500684,233.85219
1738215300000000,BTCUSDT,5m,99547.2500684,99563.81608891,99268.58907931,99398.99640175,279.32895
1738215600000000,BTCUSDT,5m,99398.99640175,99470.44541662,99370.25839736,99455.35985001,44.55865
1738215900000000,BTCUSDT,5m,99455.35985001,99455.36932788,99413.00321501,99452.41223007,11.93192
1738216200000000,BTCUSDT,5m,99452.41223007,99618.87768173,99452.41223007,99618.87768173,27.98134
1738216500000000,BTCUSDT,5m,99618.87768173,99916.41195656,99590.5535866,99802.79001171,111.92233
1738216800000000,BTCUSDT,5m,99802.79001171,100026.69750414,99791.6284757,99980.64575622,117.29169
1738217100000000,BTCUSDT,5m,99980.64575622,100068.73035496,99980.64575622,100028.27984467,54.67491
1738217400000000,BTCUSDT,5m,100028.27984467,100046.17850103,99940.28747699,99960.88165262,27.43412
1738217700000000,BTCUSDT,5m,99960.88165262,99988.73424845,99933.25838206,99988.72382457,21.33953
1738218000000000,BTCUSDT,5m,99988.72382457,99988.73387434,99804.0091551,99920.77736754,104.51466
1738218300000000,BTCUSDT,5m,99920.77736754,99945.0314228,99415.83467363,99422.01629153,208.30859
1738218600000000,BTCUSDT,5m,99422.01629153,99460.99920256,99382.92942607,99460.99920256,18.92772
1738218900000000,BTCUSDT,5m,99460.99920256,99534.87346956,99305.86525149,99355.20184711,175.13565
1738219200000000,BTCUSDT,5m,99355.20184711,99446.32971592,99355.19162754,99439.06360459,24.33451
1738219500000000,BTCUSDT,5m,99439.06360459,99842.76734906,99394.97386492,99801.68886668,89.13261
1738219800000000,BTCUSDT,5m,99801.68886668,100090.44235745,99772.62822124,100032.48577445,131.43027
1738220100000000,BTCUSDT,5m,100032.48577445,100045.52944333,100009.49915037,100045.51910762,19.65914
1738220400000000,BTCUSDT,5m,100045.51910762,100086.47041123,100008.23867767,100067.69479517,26.72036
1738220700000000,BTCUSDT,5m,100067.69479517,100321.36954846,100039.42202774,100257.168106,152.84764
1738221000000000,BTCUSDT,5m,100257.168106,100519.47485722,100103.97088389,100163.73010901,237.69097
1738221300000000,BTCUSDT,5m,100163.73010901,100343.05516664,100040.28674111,100235.38762207,246.91089
1738221600000000,BTCUSDT,5m,100235.38762207,100274.3249457,100211.66766144,100211.66766144,24.13972
1738221900000000,BTCUSDT,5m,100211.66766144,100366.35510523,100179.2295685,100366.34532293,50.07598
1738222200000000,BTCUSDT,5m,100366.34532293,100394.58106799,100308.99733518,100333.78969669,28.40418
1738222500000000,BTCUSDT,5m,100333.78969669,100358.28462545,100178.24378794,100224.83807876,59.70887
1738222800000000,BTCUSDT,5m,100224.83807876,100224.83807876,100171.10202024,100187.16959243,15.55718
1738223100000000,BTCUSDT,5m,100187.16959243,100296.00214817,100179.74469696,100223.56245559,75.99879
1738223400000000,BTCUSDT,5m,100223.56245559,100319.01271081,100066.71078768,100076.08969612,101.3116
1738223700000000,BTCUSDT,5m,100076.08969612,100115.55864066,100022.86673651,100115.54827591,22.12424
1738224000000000,BTCUSDT,5m,100115.54827591,100160.79877029,100045.97134882,100069.7567317,33.58867
1738224300000000,BTCUSDT,5m,100069.7567317,100069.7567317,99892.52126892,99945.28288703,65.29684
1738224600000000,BTCUSDT,5m,99945.28288703,99950.80710668,99731.79142441,99872.37659133,237.34114
1738224900000000,BTCUSDT,5m,99872.37659133,99872.37659133,99817.91775866,99838.4694237,16.05129
1738225200000000,BTCUSDT,5m,99838.4694237,99854.87798042,99771.898147,99822.00994035,27.51485
1738225500000000,BTCUSDT,5m,99822.00994035,99924.2213798,99821.99946035,99917.18929984,54.0589
1738225800000000,BTCUSDT,5m,99917.18929984,100158.85275668,99911.09093895,100128.86996471,63.54712
1738226100000000,BTCUSDT,5m,100128.86996471,100197.00847043,100102.47801481,100156.58053534,69.23159
1738226400000000,BTCUSDT,5m,100156.58053534,100708.35192168,100156.58053534,100611.84145188,292.9183
1738226700000000,BTCUSDT,5m,100611.84145188,100881.03913869,100594.66649351,100835.8148318,65.58178
1738227000000000,BTCUSDT,5m,100835.8148318,100835.8148318,100776.12977327,100784.88386143,14.20156
1738227300000000,BTCUSDT,5m,100784.88386143,100860.39839901,100695.38202002,100695.38202002,27.13559
1738227600000000,BTCUSDT,5m,100695.38202002,100727.03722773,100525.82710184,100533.01702077,66.55862
1738227900000000,BTCUSDT,5m,100533.01702077,100533.02753641,100332.15795538,100366.29169321,99.65981
1738228200000000,BTCUSDT,5m,100366.29169321,100423.93155397,100364.70954418,100423.92121313,25.6575
1738228500000000,BTCUSDT,5m,100423.92121313,100442.71261692,100365.373987,100413.9770837,25.13519
1738228800000000,BTCUSDT,5m,100413.9770837,100424.02898801,100306.49012361,100416.00851567,65.3317
1738229100000000,BTCUSDT,5m,100416.00851567,100475.49018822,100057.44348261,100175.64634024,186.47855
1738229400000000,BTCUSDT,5m,100175.64634024,100175.65586517,100131.68876105,100131.69828598,8.87898
1738229700000000,BTCUSDT,5m,100131.69828598,100172.77832975,100079.52029762,100100.63649904,27.87492
1738230000000000,BTCUSDT,5m,100100.63649904,100270.20750123,99940.3931778,100175.07838636,237.01414
1738230300000000,BTCUSDT,5m,100175.07838636,100701.15976463,100162.29071567,100384.71233216,257.79506
1738230600000000,BTCUSDT,5m,100384.71233216,100397.33514271,100294.81787492,100307.62861813,57.75869
1738230900000000,BTCUSDT,5m,100307.62861813,100323.61075525,100187.72107772,100229.96996097,66.98895
1738231200000000,BTCUSDT,5m,100229.96996097,100247.05910971,100181.77730651,100181.77730651,15.33409
1738231500000000,BTCUSDT,5m,100181.77730651,100278.1766084,100181.77730651,100237.24334112,41.85741
1738231800000000,BTCUSDT,5m,100237.24334112,100273.28995433,100159.27746865,100159.27746865,29.51669
1738232100000000,BTCUSDT,5m,100159.27746865,100215.28966504,100149.19219852,100178.74081008,29.72321
1738232400000000,BTCUSDT,5m,100178.74081008,100697.87637801,100178.74081008,100589.07163955,197.08172
1738232700000000,BTCUSDT,5m,100589.07163955,100619.09420683,100565.66544462,100576.74112747,35.96174
1738233000000000,BTCUSDT,5m,100576.74112747,100576.75130483,100417.8420079,100431.23541348,57.42801
1738233300000000,BTCUSDT,5m,100431.23541348,100445.92334987,100408.01868843,100418.08246718,27.96671
1738233600000000,BTCUSDT,5m,100418.08246718,100688.58630123,100411.99689161,100661.49534732,110.12612
1738233900000000,BTCUSDT,5m,100661.49534732,100700.60237737,100482.21019719,100542.11599243,147.45332
1738234200000000,BTCUSDT,5m,100542.11599243,100600.76578926,100533.67769933,100533.67769933,56.80715
1738234500000000,BTCUSDT,5m,100533.67769933,100787.99014212,100512.34412016,100631.19818787,360.89059
1738234800000000,BTCUSDT,5m,100631.19818787,100694.6639384,100611.10208926,100666.44189011,24.35282
1738235100000000,BTCUSDT,5m,100666.44189011,100776.27495373,100610.69631071,100732.56630573,105.70071
1738235400000000,BTCUSDT,5m,100732.56630573,100857.67680618,100729.91758855,100820.94654844,57.71266
1738235700000000,BTCUSDT,5m,100820.94654844,100902.31968977,100566.7598063,100623.09505799,173.77915
1738236000000000,BTCUSDT,5m,100623.09505799,100821.51142931,100623.09505799,100756.15705029,38.59051
1738236300000000,BTCUSDT,5m,100756.15705029,100828.06171623,100696.12157921,100823.83608586,29.3885
1738236600000000,BTCUSDT,5m,100823.83608586,100844.89729932,100758.4587888,100825.21766772,70.63577
1738236900000000,BTCUSDT,5m,100825.21766772,100844.88915791,100785.01444829,100785.02481261,14.07352
1738237200000000,BTCUSDT,5m,100785.02481261,100815.73285177,100763.91884965,100772.72505947,17.57563
1738237500000000,BTCUSDT,5m,100772.72505947,100772.72505947,100689.95981129,100709.42111083,46.18555
1738237800000000,BTCUSDT,5m,100709.42111083,100728.05961784,100685.99102762,100701.44204981,13.97063
1738238100000000,BTCUSDT,5m,100701.44204981,100701.45259271,100473.85240872,100550.62582635,96.69714
1738238400000000,BTCUSDT,5m,100550.62582635,100556.51020375,100478.73766334,100537.95178273,24.62391
1738238700000000,BTCUSDT,5m,100537.95178273,100581.33121961,100484.47504489,100581.33121961,22.44185
1738239000000000,BTCUSDT,5m,100581.33121961,100650.40945693,100561.05038186,100614.88126796,91.60047
1738239300000000,BTCUSDT,5m,100614.88126796,100758.20150873,100614.88126796,100730.76850864,30.49161
1738239600000000,BTCUSDT,5m,100730.76850864,100803.16903804,100730.2444747,100730.2444747,40.67641
1738239900000000,BTCUSDT,5m,100730.2444747,100889.47830204,100611.17945764,100889.47830204,89.27058
1738240200000000,BTCUSDT,5m,100889.47830204,101342.85270626,100709.92656658,100837.90003802,395.54619
1738240500000000,BTCUSDT,5m,100837.90003802,100837.90003802,100609.35840207,100670.97209911,67.71223
1738240800000000,BTCUSDT,5m,100670.97209911,100837.89974708,100663.26932408,100714.02968843,138.41416
1738241100000000,BTCUSDT,5m,100714.02968843,100735.76966863,100552.09071463,100574.93119049,21.48803
1738241400000000,BTCUSDT,5m,100574.93119049,100744.50534067,100513.54588781,100678.90242196,50.27819
1738241700000000,BTCUSDT,5m,100678.90242196,100678.90242196,100489.23323401,100514.02627968,22.69158
1738242000000000,BTCUSDT,5m,100514.02627968,100514.03667684,100375.39056005,100384.64403166,114.56063
1738242300000000,BTCUSDT,5m,100384.64403166,100452.71775712,100384.63366563,100449.81526844,31.62175
1738242600000000,BTCUSDT,5m,100449.81526844,100513.84820145,100373.11648056,100380.30603587,68.97133
1738242900000000,BTCUSDT,5m,100380.30603587,100437.10805452,100380.29559624,100429.226135,16.94185
1738243200000000,BTCUSDT,5m,100429.226135,100517.95241704,100401.63173628,100476.91782411,36.06828
1738243500000000,BTCUSDT,5m,100476.91782411,100534.10266849,100438.79806723,100475.49054707,76.23394
1738243800000000,BTCUSDT,5m,100475.49054707,100672.22741579,100411.53921809,100640.13843547,62.83059
1738244100000000,BTCUSDT,5m,100640.13843547,100783.09354536,100596.25552256,100735.05825017,60.01347
1738244400000000,BTCUSDT,5m,100735.05825017,100824.39945459,100735.05825017,100788.54639356,34.84676
1738244700000000,BTCUSDT,5m,100788.54639356,100879.3213711,100781.80601642,100874.33212242,64.46752
1738245000000000,BTCUSDT,5m,100874.33212242,100931.48829674,100851.26456515,100858.27970928,19.58043
1738245300000000,BTCUSDT,5m,100858.27970928,100858.27970928,100490.04002244,100704.09031942,73.00408
1738245600000000,BTCUSDT,5m,100704.09031942,100709.36197209,100477.92038441,100483.14192632,153.20771
1738245900000000,BTCUSDT,5m,100483.14192632,100576.22491645,100483.13209395,100576.22491645,20.14559
1738246200000000,BTCUSDT,5m,100576.22491645,100587.30597793,100576.22491645,100587.30597793,10.64812
1738246500000000,BTCUSDT,5m,100587.30597793,100735.30421443,100453.37785704,100735.30421443,247.36608
1738246800000000,BTCUSDT,5m,100735.30421443,100783.26380851,100735.29462059,100743.47816405,14.68193
1738247100000000,BTCUSDT,5m,100743.47816405,100743.48863373,100701.0759433,100704.81362053,22.44867
1738247400000000,BTCUSDT,5m,100704.81362053,100740.8654176,100704.20536888,100704.60743353,32.74018
1738247700000000,BTCUSDT,5m,100704.60743353,100914.91419357,100642.86382907,100707.07165785,120.74905
1738248000000000,BTCUSDT,5m,100707.07165785,100797.09772462,100686.01310926,100788.86771051,124.14447
1738248300000000,BTCUSDT,5m,100788.86771051,100817.51796096,100664.82667301,100701.96779711,55.94713
1738248600000000,BTCUSDT,5m,100701.96779711,100809.29837784,100438.94947958,100440.41197843,50.90752
1738248900000000,BTCUSDT,5m,100440.41197843,100464.31560029,100407.12699643,100452.55748932,23.05168
1738249200000000,BTCUSDT,5m,100452.55748932,100454.43676932,100292.92982991,100433.68386012,92.0912
1738249500000000,BTCUSDT,5m,100433.68386012,100645.99769396,100433.68386012,100586.42977711,97.19127
1738249800000000,BTCUSDT,5m,100586.42977711,100638.8953164,100579.00195399,100594.6317677,16.86349
1738250100000000,BTCUSDT,5m,100594.6317677,100949.87993183,100532.07675735,100553.94913859,314.86939
1738250400000000,BTCUSDT,5m,100553.94913859,100638.97833564,100532.86777608,100615.3821125,19.36455
1738250700000000,BTCUSDT,5m,100615.3821125,100640.72885962,100564.01658343,100564.0266138,33.91011
1738251000000000,BTCUSDT,5m,100564.0266138,100598.27218606,100517.75887993,100522.24908487,71.8552
1738251300000000,BTCUSDT,5m,100522.24908487,100613.52159072,100474.15713959,100613.52159072,23.04465
1738251600000000,BTCUSDT,5m,100613.52159072,100721.99022882,100471.51170554,100471.52185418,83.40205
1738251900000000,BTCUSDT,5m,100471.52185418,100471.53139382,100334.15099255,100334.15099255,18.68208
1738252200000000,BTCUSDT,5m,100334.15099255,100362.24804028,100295.86146979,100319.84192484,53.55519
1738252500000000,BTCUSDT,5m,100319.84192484,100325.85767186,100172.97472176,100187.75478987,35.89644
1738252800000000,BTCUSDT,5m,100187.75478987,100190.29069991,100114.59525385,100157.74488919,22.53348
1738253100000000,BTCUSDT,5m,100157.74488919,100224.25477832,99975.30147234,99975.31184021,128.94162
1738253400000000,BTCUSDT,5m,99975.31184021,100074.09914891,99933.491126,100054.78594011,18.42111
1738253700000000,BTCUSDT,5m,100054.78594011,100093.45969619,99843.18554688,100023.74377716,136.86757
1738254000000000,BTCUSDT,5m,100023.74377716,100259.31373688,100021.36293505,100179.18608515,60.81204
1738254300000000,BTCUSDT,5m,100179.18608515,100190.95354478,100072.02479789,100128.2362183,16.24786
1738254600000000,BTCUSDT,5m,100128.2362183,100167.86464212,100050.22495502,100059.02778239,16.42271
1738254900000000,BTCUSDT,5m,100059.02778239,100075.95178119,100037.51998599,100044.58624477,28.42252
1738255200000000,BTCUSDT,5m,100044.58624477,100088.62371607,100044.57672521,100088.62371607,10.31018
1738255500000000,BTCUSDT,5m,100088.62371607,100174.42412934,100088.6133261,100093.74597373,37.25872
1738255800000000,BTCUSDT,5m,100093.74597373,100244.62068509,100002.2381342,100199.34157508,51.23965
1738256100000000,BTCUSDT,5m,100199.34157508,100377.07603111,100130.98518133,100359.49251877,126.96184
1738256400000000,BTCUSDT,5m,100359.49251877,100483.88796567,100345.96970609,100483.87765865,25.51406
1738256700000000,BTCUSDT,5m,100483.87765865,100724.44855694,100483.87765865,100724.43899834,57.39564
1738257000000000,BTCUSDT,5m,100724.43899834,100737.08098244,100686.95696301,100729.88180676,48.47034
1738257300000000,BTCUSDT,5m,100729.88180676,100802.21848759,100706.97187088,100773.99260778,28.53344
1738257600000000,BTCUSDT,5m,100773.99260778,100837.09070827,100638.81119122,100680.48300838,132.30677
1738257900000000,BTCUSDT,5m,100680.48300838,100681.27711046,100521.00432351,100659.42885455,48.88926
1738258200000000,BTCUSDT,5m,100659.42885455,100689.60626991,100625.87394152,100648.530923,21.83652
1738258500000000,BTCUSDT,5m,100648.530923,100676.791864,100613.49556757,100661.0826519,22.0876
1738258800000000,BTCUSDT,5m,100661.0826519,100670.98576909,100619.87898459,100667.31135668,21.41618
1738259100000000,BTCUSDT,5m,100667.31135668,100712.29864191,100522.05701764,100617.99363479,184.42271
1738259400000000,BTCUSDT,5m,100617.99363479,100668.34040199,100586.43928295,100632.51832664,13.89939
1738259700000000,BTCUSDT,5m,100632.51832664,100635.35645192,100576.13284128,100634.41390109,45.08704
1738260000000000,BTCUSDT,5m,100634.41390109,100717.67486653,100614.27882978,100709.59434449,77.16938
1738260300000000,BTCUSDT,5m,100709.59434449,101179.66854202,100639.24595883,101089.22792866,214.82374
1738260600000000,BTCUSDT,5m,101089.22792866,101160.2761914,101079.60423105,101126.18581562,28.04685
1738260900000000,BTCUSDT,5m,101126.18581562,101164.71298743,101126.17529195,101157.81998073,45.58795
1738261200000000,BTCUSDT,5m,101157.81998073,101210.8722441,101123.13603961,101123.13603961,22.50815
1738261500000000,BTCUSDT,5m,101123.13603961,101194.36560166,101033.76902949,101122.01489175,52.62338
1738261800000000,BTCUSDT,5m,101122.01489175,101166.74756937,101056.2526249,101097.01380017,37.54627
1738262100000000,BTCUSDT,5m,101097.01380017,101188.91689586,101066.24733032,101112.0528678,43.37126
1738262400000000,BTCUSDT,5m,101112.0528678,101191.98757037,101112.0528678,101187.18050063,39.35335
1738262700000000,BTCUSDT,5m,101187.18050063,101224.86660138,101176.71213931,101220.67925685,43.35417
1738263000000000,BTCUSDT,5m,101220.67925685,101239.95043599,100909.71804653,100919.59757508,116.78116
1738263300000000,BTCUSDT,5m,100919.59757508,101065.75878622,100817.91719373,100952.75745376,142.34216
1738263600000000,BTCUSDT,5m,100952.75745376,100966.90959258,100901.13160917,100929.53926254,11.95113
1738263900000000,BTCUSDT,5m,100929.53926254,100983.73471487,100850.37537702,100867.24312588,39.05507
1738264200000000,BTCUSDT,5m,100867.24312588,100922.3047981,100658.41962211,100801.3150288,58.17798
1738264500000000,BTCUSDT,5m,100801.3150288,100801.32461243,100739.0981177,100748.83508346,10.01661
1738264800000000,BTCUSDT,5m,100748.83508346,100758.65895523,100524.39209721,100626.45995934,198.60213
1738265100000000,BTCUSDT,5m,100626.45995934,100718.35622239,100575.42955227,100604.39696544,159.07506
1738265400000000,BTCUSDT,5m,100604.39696544,100714.11663433,100578.97459303,100707.27139615,21.07535
1738265700000000,BTCUSDT,5m,100707.27139615,100743.69257965,100602.14495863,100602.14495863,35.89755
1738266000000000,BTCUSDT,5m,100602.14495863,100809.29029151,100584.82666102,100738.687888,38.80538
1738266300000000,BTCUSDT,5m,100738.687888,100834.3974289,100720.97556785,100828.39158383,50.78921
1738266600000000,BTCUSDT,5m,100828.39158383,101132.61413304,100828.39158383,101062.88584345,230.19913
1738266900000000,BTCUSDT,5m,101062.88584345,101062.89635551,100968.2878609,101015.29777066,38.53575
1738267200000000,BTCUSDT,5m,101015.29777066,101109.99613874,100974.48253642,100974.48253642,28.797
1738267500000000,BTCUSDT,5m,100974.48253642,101072.71087357,100912.38356103,101016.49220554,64.92255
1738267800000000,BTCUSDT,5m,101016.49220554,101131.63106435,100998.12011136,101084.99717578,54.23315
1738268100000000,BTCUSDT,5m,101084.99717578,101365.17487622,101022.44587522,101216.26108001,136.76517
1738268400000000,BTCUSDT,5m,101216.26108001,101250.15323795,101186.37700203,101250.15323795,15.24438
1738268700000000,BTCUSDT,5m,101250.15323795,101342.21152949,101248.9251002,101342.20112155,12.06967
1738269000000000,BTCUSDT,5m,101342.20112155,101342.20112155,101195.70668246,101307.69771499,65.06102
1738269300000000,BTCUSDT,5m,101307.69771499,101340.50285183,101261.30465166,101340.49314616,23.69346
1738269600000000,BTCUSDT,5m,101340.49314616,101556.68362629,101340.49314616,101503.98432934,90.28733
1738269900000000,BTCUSDT,5m,101503.98432934,101515.43796697,101492.55003907,101499.14748913,22.69306
1738270200000000,BTCUSDT,5m,101499.14748913,101581.19855075,101478.5977828,101581.1879962,36.15769
1738270500000000,BTCUSDT,5m,101581.1879962,101690.40047798,101493.26516343,101521.09851474,95.47252
1738270800000000,BTCUSDT,5m,101521.09851474,101577.45418913,101489.5447973,101491.07785645,14.85095
1738271100000000,BTCUSDT,5m,101491.07785645,101610.87953859,101322.42675681,101345.79414186,108.43724
1738271400000000,BTCUSDT,5m,101345.79414186,101369.44079359,101215.98657431,101249.5241802,78.46405
1738271700000000,BTCUSDT,5m,101249.5241802,101249.5241802,101042.94983519,101176.33288055,132.63806
1738272000000000,BTCUSDT,5m,101176.33288055,101226.13931992,101077.64787999,101106.18528926,128.62343
1738272300000000,BTCUSDT,5m,101106.18528926,101137.23098897,100872.39130957,100922.57663089,104.71028
1738272600000000,BTCUSDT,5m,100922.57663089,100979.5978925,100902.40241172,100942.00937798,41.48658
1738272900000000,BTCUSDT,5m,100942.00937798,101182.95439396,100452.64849578,100666.66816367,257.53768
1738273200000000,BTCUSDT,5m,100666.66816367,100684.44180768,100531.00298442,100531.26436154,88.88822
1738273500000000,BTCUSDT,5m,100531.26436154,100576.41641217,100471.9249354,100546.71029454,23.92398
1738273800000000,BTCUSDT,5m,100546.71029454,100843.1709491,100546.71029454,100765.47213212,55.60272
1738274100000000,BTCUSDT,5m,100765.47213212,100765.48257483,100720.92355721,100720.93399991,9.30316
1738274400000000,BTCUSDT,5m,100720.93399991,100730.46251287,100545.14460775,100552.34935196,135.51842
1738274700000000,BTCUSDT,5m,100552.34935196,100552.35971741,100510.26562475,100544.86549702,14.95824
1738275000000000,BTCUSDT,5m,100544.86549702,100647.55565588,100413.57576304,100479.23079335,94.45442
1738275300000000,BTCUSDT,5m,100479.23079335,100528.40431815,100474.70151527,100528.40431815,7.6087
1738275600000000,BTCUSDT,5m,100528.40431815,100653.64803929,100528.39389594,100637.60825508,40.37943
1738275900000000,BTCUSDT,5m,100637.60825508,100700.03118642,100608.75300041,100661.94148865,80.9507
1738276200000000,BTCUSDT,5m,100661.94148865,100661.94148865,100382.2613811,100517.87021783,113.57325
1738276500000000,BTCUSDT,5m,100517.87021783,100543.49192419,100451.00381342,100495.57100103,32.72977
1738276800000000,BTCUSDT,5m,100495.57100103,100634.29289527,100494.21329739,100549.77092411,27.40947
1738277100000000,BTCUSDT,5m,100549.77092411,100585.76788213,100535.83395754,100569.48059872,10.49863
1738277400000000,BTCUSDT,5m,100569.48059872,100600.88251333,100412.52075943,100500.43020554,106.40064
1738277700000000,BTCUSDT,5m,100500.43020554,100544.4092991,100496.7851288,100532.26249506,14.2795
1738278000000000,BTCUSDT,5m,100532.26249506,100595.26610891,100511.68182817,100554.9233791,27.73672
1738278300000000,BTCUSDT,5m,100554.9233791,100764.15301708,100554.91380469,100753.44882382,29.24781
1738278600000000,BTCUSDT,5m,100753.44882382,100964.22920302,100706.42682057,100923.85013968,50.37892
1738278900000000,BTCUSDT,5m,100923.85013968,101314.40959844,100904.00007688,101258.43494755,193.50903
1738279200000000,BTCUSDT,5m,101258.43494755,101258.43494755,99933.43273604,100137.00394027,907.74447
1738279500000000,BTCUSDT,5m,100137.00394027,100137.01424455,100040.13339345,100040.14369773,18.3532
1738279800000000,BTCUSDT,5m,100040.14369773,100328.7070719,100040.13361304,100223.78593732,277.60359
1738280100000000,BTCUSDT,5m,100223.78593732,100262.68845637,100213.38769391,100229.04219223,23.17399
1738280400000000,BTCUSDT,5m,100229.04219223,100229.04219223,100093.30259839,100114.83207474,35.33944
1738280700000000,BTCUSDT,5m,100114.83207474,100285.34984763,100013.7757675,100278.19333093,66.3501
1738281000000000,BTCUSDT,5m,100278.19333093,100324.84226663,100157.58851017,100300.26705886,36.8434
1738281300000000,BTCUSDT,5m,100300.26705886,100300.26705886,100221.83080456,100282.6654667,38.51435
1738281600000000,BTCUSDT,5m,100282.6654667,100282.67576943,100230.4615218,100233.94384534,29.25013
1738281900000000,BTCUSDT,5m,100233.94384534,100246.4604131,100190.32675388,100213.61603125,91.38083
1738282200000000,BTCUSDT,5m,100213.61603125,100229.34567408,100124.30695676,100137.1020413,28.4335
1738282500000000,BTCUSDT,5m,100137.1020413,100180.90367532,100124.39762705,100132.02640314,22.59022
1738282800000000,BTCUSDT,5m,100132.02640314,100555.76472597,99393.08677364,99542.46200779,709.47198
1738283100000000,BTCUSDT,5m,99542.46200779,99554.5969065,99488.47700458,99516.9481283,19.94577
1738283400000000,BTCUSDT,5m,99516.9481283,99647.73933173,99516.9481283,99634.17504293,44.93193
1738283700000000,BTCUSDT,5m,99634.17504293,99678.21930384,99510.62540366,99510.63575727,71.18035
1738284000000000,BTCUSDT,5m,99510.63575727,99525.76283778,99098.05797195,99144.26450995,101.74716
1738284300000000,BTCUSDT,5m,99144.26450995,99163.57955066,99125.35560458,99125.35560458,17.39466
1738284600000000,BTCUSDT,5m,99125.35560458,99242.67849166,99125.34612547,99242.67849166,10.23169
1738284900000000,BTCUSDT,5m,99242.67849166,99348.45437496,99198.20309481,99198.21288253,36.06765
1738285200000000,BTCUSDT,5m,99198.21288253,99416.90171644,99177.95285398,99382.47688033,46.27888
1738285500000000,BTCUSDT,5m,99382.47688033,99454.38449238,99382.46742253,99435.7431793,18.28296
1738285800000000,BTCUSDT,5m,99435.7431793,99484.10977411,99403.7837951,99473.75432561,32.4171
1738286100000000,BTCUSDT,5m,99473.75432561,99580.71049342,99300.20785701,99328.079037,118.52656
1738286400000000,BTCUSDT,5m,99328.079037,99648.52786408,99288.54028929,99503.96463712,86.1306
1738286700000000,BTCUSDT,5m,99503.96463712,99533.3364478,99396.71655126,99396.71655126,99.36741
1738287000000000,BTCUSDT,5m,99396.71655126,99452.31380376,99356.95112396,99418.89635695,17.53794
1738287300000000,BTCUSDT,5m,99418.89635695,99667.27670144,99418.89635695,99667.27670144,86.41297
1738287600000000,BTCUSDT,5m,99667.27670144,99821.25451172,99631.60207971,99805.40950085,68.16039
1738287900000000,BTCUSDT,5m,99805.40950085,99844.22918964,99747.91691898,99750.63637311,82.40981
1738288200000000,BTCUSDT,5m,99750.63637311,99851.18689432,99749.62472236,99847.0457445,53.41042
1738288500000000,BTCUSDT,5m,99847.0457445,99959.96959082,99753.14012691,99810.4936852,49.19744
1738288800000000,BTCUSDT,5m,99810.4936852,99879.14684698,99208.25580707,99226.23591686,439.21005
1738289100000000,BTCUSDT,5m,99226.23591686,99226.24566909,99099.00832808,99099.83726761,72.6693
1738289400000000,BTCUSDT,5m,99099.83726761,99140.4498812,99078.55240471,99101.15552972,79.6152
1738289700000000,BTCUSDT,5m,99101.15552972,99101.16568238,98970.28785546,98997.92337209,32.99516
1738290000000000,BTCUSDT,5m,98997.92337209,99144.49570353,98989.21390987,99141.1702725,99.76491
1738290300000000,BTCUSDT,5m,99141.1702725,99189.19688842,98971.45927102,99189.19688842,70.41521
1738290600000000,BTCUSDT,5m,99189.19688842,99289.66793137,98930.56697849,99146.6537437,193.61683
1738290900000000,BTCUSDT,5m,99146.6537437,99189.30357594,99122.35060328,99163.23633054,23.4075
1738291200000000,BTCUSDT,5m,99163.23633054,99163.24657473,98954.05005806,99133.25159893,201.03864
1738291500000000,BTCUSDT,5m,99133.25159893,99275.16568328,99031.18276735,99258.51575795,99.06517
1738291800000000,BTCUSDT,5m,99258.51575795,99322.97766958,99240.45433137,99309.04429917,35.39425
1738292100000000,BTCUSDT,5m,99309.04429917,99323.63199117,99096.1226298,99152.70427368,44.82836
1738292400000000,BTCUSDT,5m,99152.70427368,99213.20433825,99138.40753789,99213.20433825,16.46601
1738292700000000,BTCUSDT,5m,99213.20433825,99239.55734838,99157.90471798,99158.54548974,29.59494
1738293000000000,BTCUSDT,5m,99158.54548974,99559.66412962,99092.40934502,99287.56989376,393.88662
1738293300000000,BTCUSDT,5m,99287.56989376,99383.66709051,99247.63541129,99293.18616519,17.57531
1738293600000000,BTCUSDT,5m,99293.18616519,99350.32472889,99168.28955182,99263.79331049,73.43486
1738293900000000,BTCUSDT,5m,99263.79331049,99282.70825857,99101.90787316,99216.76490727,184.72694
1738294200000000,BTCUSDT,5m,99216.76490727,99352.75081205,99196.77168204,99341.03064553,121.77349
1738294500000000,BTCUSDT,5m,99341.03064553,99583.330789,99289.24523139,99559.79570814,59.67485
1738294800000000,BTCUSDT,5m,99559.79570814,99611.35532107,99415.31998607,99505.69044839,193.49067
1738295100000000,BTCUSDT,5m,99505.69044839,99723.22546559,98572.79140673,98986.76792671,690.91618
1738295400000000,BTCUSDT,5m,98986.76792671,98986.77826098,98882.42280912,98907.98979148,25.51219
1738295700000000,BTCUSDT,5m,98907.98979148,98907.99946047,98802.00803945,98894.84963994,31.13442
1738296000000000,BTCUSDT,5m,98894.84963994,98915.1257681,98089.30975325,98380.17492303,353.54853
1738296300000000,BTCUSDT,5m,98380.17492303,98661.51878141,98335.13379489,98616.63618312,107.26208
1738296600000000,BTCUSDT,5m,98616.63618312,98847.55528602,98616.63618312,98773.65104506,66.38212
1738296900000000,BTCUSDT,5m,98773.65104506,98919.04728067,98706.87921431,98919.04728067,105.12814
1738297200000000,BTCUSDT,5m,98919.04728067,98919.04728067,98705.96596656,98705.96596656,25.43027
1738297500000000,BTCUSDT,5m,98705.96596656,98786.23085257,98620.92096493,98655.13447133,50.71379
1738297800000000,BTCUSDT,5m,98655.13447133,98655.13447133,98262.70314163,98424.33408629,178.37715
1738298100000000,BTCUSDT,5m,98424.33408629,98459.15546772,98345.00590606,98446.63260408,65.48807
1738298400000000,BTCUSDT,5m,98446.63260408,98488.83194982,98247.21207572,98264.2457686,113.06978
1738298700000000,BTCUSDT,5m,98264.2457686,98500.96593161,98264.23584364,98368.23947402,92.03125
1738299000000000,BTCUSDT,5m,98368.23947402,98368.23947402,98294.19928025,98294.20950256,29.00554
1738299300000000,BTCUSDT,5m,98294.20950256,98304.73483654,98177.90957415,98304.73483654,167.15521
1738299600000000,BTCUSDT,5m,98304.73483654,98444.69789206,98304.724781,98425.23036742,67.47249
1738299900000000,BTCUSDT,5m,98425.23036742,98626.49429573,98371.15885245,98616.05121174,24.53915
1738300200000000,BTCUSDT,5m,98616.05121174,98663.75082543,98563.99130172,98573.8678799,29.56517
1738300500000000,BTCUSDT,5m,98573.8678799,98612.21000711,98573.85776858,98599.55063389,12.24403
1738300800000000,BTCUSDT,5m,98599.55063389,98705.71748452,98464.28032803,98531.9721225,71.58476
1738301100000000,BTCUSDT,5m,98531.9721225,98577.17434779,98371.82300876,98371.82300876,42.56335
1738301400000000,BTCUSDT,5m,98371.82300876,98498.49578694,98340.34456697,98431.89770202,36.28731
1738301700000000,BTCUSDT,5m,98431.89770202,98594.28265263,98418.92122203,98511.43360541,107.8469
1738302000000000,BTCUSDT,5m,98511.43360541,98680.2806705,98472.91992619,98505.02457997,102.40375
1738302300000000,BTCUSDT,5m,98505.02457997,98534.12273047,98357.91614013,98357.91614013,33.78786
1738302600000000,BTCUSDT,5m,98357.91614013,98387.16801498,98356.33250415,98372.04782174,9.04792
1738302900000000,BTCUSDT,5m,98372.04782174,98399.38382214,98344.70155236,98389.5358791,53.37429
1738303200000000,BTCUSDT,5m,98389.5358791,98530.25933201,98283.97039348,98516.02315364,41.27722
1738303500000000,BTCUSDT,5m,98516.02315364,98628.54617059,98456.57121537,98485.51627415,76.38063
1738303800000000,BTCUSDT,5m,98485.51627415,98491.55314532,98337.09999371,98346.80633559,103.5554
1738304100000000,BTCUSDT,5m,98346.80633559,98416.2181152,98346.80633559,98416.2085067,42.90342
1738304400000000,BTCUSDT,5m,98416.2085067,98453.33994552,98275.59270515,98327.29458102,104.01814
1738304700000000,BTCUSDT,5m,98327.29458102,98371.85399424,98300.88824525,98371.85399424,18.88229
1738305000000000,BTCUSDT,5m,98371.85399424,98534.80207416,98247.89644343,98378.07977715,54.95295
1738305300000000,BTCUSDT,5m,98378.07977715,98727.18203884,98205.26935566,98572.18887801,394.93893
1738305600000000,BTCUSDT,5m,98572.18887801,98573.11065883,98524.94248993,98524.95273194,15.43296
1738305900000000,BTCUSDT,5m,98524.95273194,98737.4711288,98500.47422616,98720.34528963,59.06117
1738306200000000,BTCUSDT,5m,98720.34528963,98779.75480379,98619.08698464,98735.30518281,73.61939
1738306500000000,BTCUSDT,5m,98735.30518281,98750.3247406,98723.84769581,98723.85784416,20.90371
1738306800000000,BTCUSDT,5m,98723.85784416,98819.45917136,98644.55915827,98741.39496293,51.5622
1738307100000000,BTCUSDT,5m,98741.39496293,98744.63139166,98561.57979675,98570.85145264,47.44533
1738307400000000,BTCUSDT,5m,98570.85145264,98680.11240332,98481.55045187,98670.14783749,38.03228
1738307700000000,BTCUSDT,5m,98670.14783749,98706.90000563,98670.13770455,98696.44281304,8.455
1738308000000000,BTCUSDT,5m,98696.44281304,98705.05984341,98587.33393439,98587.33393439,39.99466
1738308300000000,BTCUSDT,5m,98587.33393439,98739.30711048,98587.32397872,98728.65455244,68.45962
1738308600000000,BTCUSDT,5m,98728.65455244,98824.43980515,98728.64432335,98783.5234221,47.37688
1738308900000000,BTCUSDT,5m,98783.5234221,98903.28854695,98783.45202406,98891.89545852,15.22522
1738309200000000,BTCUSDT,5m,98891.89545852,98939.35127047,98868.38496143,98897.89189928,56.17641
1738309500000000,BTCUSDT,5m,98897.89189928,99060.29388462,98863.32612016,99060.29388462,74.20726
1738309800000000,BTCUSDT,5m,99060.29388462,99148.84299159,98900.18721777,99069.16851672,72.51567
1738310100000000,BTCUSDT,5m,99069.16851672,99175.84934582,99033.76366115,99106.25191681,124.01699
1738310400000000,BTCUSDT,5m,99106.25191681,99114.0159069,98948.54828234,98981.21691227,47.34264
1738310700000000,BTCUSDT,5m,98981.21691227,99057.84862946,98981.20676103,99038.21612965,11.03256
1738311000000000,BTCUSDT,5m,99038.21612965,99055.486272,99019.27010178,99023.43614489,18.75624
1738311300000000,BTCUSDT,5m,99023.43614489,99025.2642882,98969.0026645,98987.77708,11.15538
1738311600000000,BTCUSDT,5m,98987.77708,99009.02272543,98930.77531197,98964.16279742,18.91587
1738311900000000,BTCUSDT,5m,98964.16279742,99024.42167122,98909.28660922,98909.28660922,40.00614
1738312200000000,BTCUSDT,5m,98909.28660922,98972.78105612,98839.6213465,98878.87910236,51.61412
1738312500000000,BTCUSDT,5m,98878.87910236,98907.34828015,98726.22034735,98736.32068132,43.21713
1738312800000000,BTCUSDT,5m,98736.32068132,98809.1605087,98698.44977504,98698.45944833,26.31632
1738313100000000,BTCUSDT,5m,98698.45944833,98973.47373211,98687.88718425,98944.94893178,67.70293
1738313400000000,BTCUSDT,5m,98944.94893178,99106.27776557,98911.80508929,99002.40562629,88.14866
1738313700000000,BTCUSDT,5m,99002.40562629,99002.40562629,98926.76408242,98935.05525027,43.71454
1738314000000000,BTCUSDT,5m,98935.05525027,98939.45586926,98759.64299674,98825.22823899,62.48761
1738314300000000,BTCUSDT,5m,98825.22823899,98835.44294676,98745.32484503,98745.33429435,41.39158
1738314600000000,BTCUSDT,5m,98745.33429435,98750.42477005,98597.1767404,98603.01843193,53.73049
1738314900000000,BTCUSDT,5m,98603.01843193,98649.17293434,98584.81425512,98649.17293434,14.7829
1738315200000000,BTCUSDT,5m,98649.17293434,98854.41271911,98557.75356488,98752.30850458,194.81383
1738315500000000,BTCUSDT,5m,98752.30850458,98783.42804184,98657.40235704,98673.25287481,63.90744
1738315800000000,BTCUSDT,5m,98673.25287481,98681.21459613,98595.82204102,98608.45560141,30.10183
1738316100000000,BTCUSDT,5m,98608.45560141,98736.49958514,98608.44618364,98729.39858752,33.67852
1738316400000000,BTCUSDT,5m,98729.39858752,98857.66354774,98698.71525808,98798.86103565,34.52922
1738316700000000,BTCUSDT,5m,98798.86103565,98828.43865108,98528.575918,98549.18910207,97.73742
1738317000000000,BTCUSDT,5m,98549.18910207,98568.42275753,98426.19093891,98468.45636504,36.15721
1738317300000000,BTCUSDT,5m,98468.45636504,98476.81429913,98394.02557356,98394.02557356,18.54946
1738317600000000,BTCUSDT,5m,98394.02557356,98416.02303125,97996.65882717,98054.33623656,209.06861
1738317900000000,BTCUSDT,5m,98054.33623656,98208.11354829,98051.07706128,98098.29183951,54.79946
1738318200000000,BTCUSDT,5m,98098.29183951,98191.96220937,98050.50667156,98162.25736362,35.30516
1738318500000000,BTCUSDT,5m,98162.25736362,98162.30924645,97725.09266081,97809.51639739,178.20461
1738318800000000,BTCUSDT,5m,97809.51639739,97809.51639739,97762.83501649,97762.83501649,11.88105
1738319100000000,BTCUSDT,5m,97762.83501649,97953.02324077,97762.83501649,97885.9969581,90.27357
1738319400000000,BTCUSDT,5m,97885.9969581,97918.9660588,97825.23800691,97894.31855973,36.55747
1738319700000000,BTCUSDT,5m,97894.31855973,97950.52450773,97795.48900706,97896.14441619,176.35216
1738320000000000,BTCUSDT,5m,97896.14441619,97896.17444657,97810.74801814,97815.54286923,18.89299
1738320300000000,BTCUSDT,5m,97815.54286923,97893.91950127,97777.01723035,97793.06204946,53.03938
1738320600000000,BTCUSDT,5m,97793.06204946,97944.69481093,97793.06204946,97872.23960544,56.64218
1738320900000000,BTCUSDT,5m,97872.23960544,97892.22148784,97771.70044927,97818.25153798,26.53093
1738321200000000,BTCUSDT,5m,97818.25153798,97861.61999859,97778.25992058,97837.45159512,26.25414
1738321500000000,BTCUSDT,5m,97837.45159512,98005.56160858,97703.25187809,97967.20422774,183.42231
1738321800000000,BTCUSDT,5m,97967.20422774,98010.47901255,97674.18774243,97767.85860739,333.09849
1738322100000000,BTCUSDT,5m,97767.85860739,97897.1783041,97305.00761969,97305.00761969,361.05043
1738322400000000,BTCUSDT,5m,97305.00761969,97305.00761969,97172.56462381,97226.17658129,19.46741
1738322700000000,BTCUSDT,5m,97226.17658129,97343.93024541,97098.14484951,97182.65340587,110.34551
1738323000000000,BTCUSDT,5m,97182.65340587,97182.66338586,97165.18842233,97178.25223002,9.45345
1738323300000000,BTCUSDT,5m,97178.25223002,97178.26146728,97062.14908143,97079.33038912,47.41778
1738323600000000,BTCUSDT,5m,97079.33038912,97085.87006103,96889.67990366,96956.6812645,45.72746
1738323900000000,BTCUSDT,5m,96956.6812645,97100.91856133,96873.57914085,97079.49737359,105.83552
1738324200000000,BTCUSDT,5m,97079.49737359,97180.20035621,96908.90563022,96916.61930862,132.21322
1738324500000000,BTCUSDT,5m,96916.61930862,96948.14903802,96891.83316173,96948.14903802,14.19363
1738324800000000,BTCUSDT,5m,96948.14903802,97059.57765129,96929.28394291,97059.56752509,49.4652
1738325100000000,BTCUSDT,5m,97059.56752509,97169.67918305,97006.3098498,97137.65588436,122.75861
1738325400000000,BTCUSDT,5m,97137.65588436,97151.38875458,96993.72972049,97039.51610449,78.57028
1738325700000000,BTCUSDT,5m,97039.51610449,97067.79288651,96978.5377653,97034.24625425,33.95861
1738326000000000,BTCUSDT,5m,97034.24625425,97275.73671602,96928.22814191,97259.54783693,74.597
1738326300000000,BTCUSDT,5m,97259.54783693,97330.58825557,97209.05538805,97318.91532399,95.59738
1738326600000000,BTCUSDT,5m,97318.91532399,97377.26096958,97240.91964023,97262.52700643,35.81494
1738326900000000,BTCUSDT,5m,97262.52700643,97332.05676003,97188.886575,97299.44270244,50.94616
1738327200000000,BTCUSDT,5m,97299.44270244,97999.58454142,97281.35892985,97604.50131707,474.03859
1738327500000000,BTCUSDT,5m,97604.50131707,97650.65116792,97468.35263951,97468.35263951,46.60856
1738327800000000,BTCUSDT,5m,97468.35263951,97664.23845237,97468.34264891,97624.85548331,72.43885
1738328100000000,BTCUSDT,5m,97624.85548331,97699.82420952,97604.39558654,97604.39558654,18.20037
1738328400000000,BTCUSDT,5m,97604.39558654,97939.91561198,97604.39558654,97919.00459774,113.16435
1738328700000000,BTCUSDT,5m,97919.00459774,98007.12169872,97918.99458557,97989.08978202,40.14964
1738329000000000,BTCUSDT,5m,97989.08978202,98062.23840494,97989.080416,98034.86152596,19.79325
1738329300000000,BTCUSDT,5m,98034.86152596,98034.87085488,98020.67224232,98020.68157123,11.22798
1738329600000000,BTCUSDT,5m,98020.68157123,98020.68157123,97958.92769588,97958.92769588,32.40484
1738329900000000,BTCUSDT,5m,97958.92769588,97996.78181569,97875.88762567,97885.05241391,63.2042
1738330200000000,BTCUSDT,5m,97885.05241391,97952.36699653,97885.05241391,97923.46714006,24.55728
1738330500000000,BTCUSDT,5m,97923.46714006,97923.47672754,97714.10536998,97763.12614804,59.32685
1738330800000000,BTCUSDT,5m,97763.12614804,98115.08031371,97763.12614804,98044.66656938,152.14332
1738331100000000,BTCUSDT,5m,98044.66656938,98170.54458109,98011.09570345,98095.79209449,54.47073
1738331400000000,BTCUSDT,5m,98095.79209449,98138.94789073,98057.57743544,98138.93829629,14.53362
1738331700000000,BTCUSDT,5m,98138.93829629,98169.99595865,97989.46969483,97992.15866993,80.74452
1738332000000000,BTCUSDT,5m,97992.15866993,98014.34525332,97886.57790301,97886.5872763,28.79004
1738332300000000,BTCUSDT,5m,97886.5872763,97886.5872763,97580.91557724,97708.66955687,145.01954
1738332600000000,BTCUSDT,5m,97708.66955687,97750.91345903,97689.77717355,97735.5268788,26.50866
1738332900000000,BTCUSDT,5m,97735.5268788,97837.13964484,97687.1614166,97716.47259785,74.49519
1738333200000000,BTCUSDT,5m,97716.47259785,97716.48273375,97508.4636131,97548.29770871,132.0192
1738333500000000,BTCUSDT,5m,97548.29770871,97567.53958087,97201.39509744,97213.9402392,77.71183
1738333800000000,BTCUSDT,5m,97213.9402392,97256.90362931,97119.61489862,97179.00896282,24.4082
1738334100000000,BTCUSDT,5m,97179.00896282,97594.68035261,97179.00896282,97562.17708046,196.93929
1738334400000000,BTCUSDT,5m,97562.17708046,97562.20761475,97502.45199617,97539.45956374,23.05385
1738334700000000,BTCUSDT,5m,97539.45956374,97593.06296703,97539.45956374,97593.06296703,22.12119
1738335000000000,BTCUSDT,5m,97593.06296703,97593.07301106,97571.55870225,97571.56874628,9.91343
1738335300000000,BTCUSDT,5m,97571.56874628,97642.83254924,97468.60396336,97575.04824584,78.4093
1738335600000000,BTCUSDT,5m,97575.04824584,97577.28352164,97574.52229859,97577.27340727,5.53334
1738335900000000,BTCUSDT,5m,97577.27340727,97577.27340727,97498.69152007,97505.65846898,29.72062
1738336200000000,BTCUSDT,5m,97505.65846898,97571.3317558,97353.11060256,97571.3317558,69.23573
1738336500000000,BTCUSDT,5m,97571.3317558,97618.23759142,97423.06776055,97432.01573964,45.11678
1738336800000000,BTCUSDT,5m,97432.01573964,97494.60362202,97277.7560863,97329.19279002,102.49117
1738337100000000,BTCUSDT,5m,97329.19279002,97426.60403643,97278.35999212,97300.60470683,43.65633
1738337400000000,BTCUSDT,5m,97300.60470683,97377.5011742,97300.60470683,97349.72400357,22.7395
1738337700000000,BTCUSDT,5m,97349.72400357,97441.35153022,97321.78196929,97441.34172943,101.41677
1738338000000000,BTCUSDT,5m,97441.34172943,97457.21156738,97345.6770905,97353.3942676,12.58765
1738338300000000,BTCUSDT,5m,97353.3942676,97602.94595088,97353.3942676,97480.43563245,102.63142
1738338600000000,BTCUSDT,5m,97480.43563245,97486.41389076,97342.19959949,97369.49467573,27.10569
1738338900000000,BTCUSDT,5m,97369.49467573,97439.37306373,97277.43283306,97406.38617559,127.1804
1738339200000000,BTCUSDT,5m,97406.38617559,97406.38617559,97199.56462694,97199.57457124,63.28089
1738339500000000,BTCUSDT,5m,97199.57457124,97270.25393167,97145.59979775,97156.07118172,41.50124
1738339800000000,BTCUSDT,5m,97156.07118172,97176.93900543,96984.28213008,97019.22872546,61.90983
1738340100000000,BTCUSDT,5m,97019.22872546,97128.35712036,97007.84021327,97064.81238037,73.82386
1738340400000000,BTCUSDT,5m,97064.81238037,97064.82161459,96973.07040333,96988.72240646,33.19851
1738340700000000,BTCUSDT,5m,96988.72240646,97243.58403278,96866.28258484,97100.92729027,105.93596
1738341000000000,BTCUSDT,5m,97100.92729027,97124.57772578,97069.11844822,97069.11844822,24.14176
1738341300000000,BTCUSDT,5m,97069.11844822,97075.59879392,97001.91523824,97001.91523824,25.05859
1738341600000000,BTCUSDT,5m,97001.91523824,97117.44113318,96715.59028309,96925.61835193,117.6641
1738341900000000,BTCUSDT,5m,96925.61835193,96937.66147336,96874.46767548,96885.95928011,38.48923
1738342200000000,BTCUSDT,5m,96885.95928011,96936.6573175,96885.95928011,96936.6573175,14.15693
1738342500000000,BTCUSDT,5m,96936.6573175,96936.6573175,96849.54793183,96896.33037409,19.35319
1738342800000000,BTCUSDT,5m,96896.33037409,96939.8867174,96760.18034503,96864.6813756,59.13042
1738343100000000,BTCUSDT,5m,96864.6813756,97012.73684581,96779.12201062,97012.7274971,35.22528
1738343400000000,BTCUSDT,5m,97012.7274971,97041.45531769,96982.17536968,96993.02097397,19.13094
1738343700000000,BTCUSDT,5m,96993.02097397,97115.80594424,96973.4782662,97019.4031367,65.49399
1738344000000000,BTCUSDT,5m,97019.4031367,97483.56181707,97019.39326308,97390.45361975,149.99163
1738344300000000,BTCUSDT,5m,97390.45361975,97725.04515731,97260.94264636,97724.32772448,465.23125
1738344600000000,BTCUSDT,5m,97724.32772448,97830.15526967,97617.25586345,97794.77825739,74.98515
1738344900000000,BTCUSDT,5m,97794.77825739,98015.54992375,97780.39889261,97805.33631378,121.18451
1738345200000000,BTCUSDT,5m,97805.33631378,97864.99008472,97788.89034,97832.95060755,51.19485
1738345500000000,BTCUSDT,5m,97832.95060755,97902.79742943,97787.43783927,97797.5229415,72.76201
1738345800000000,BTCUSDT,5m,97797.5229415,97811.97434003,97713.28812743,97768.69625451,27.25559
1738346100000000,BTCUSDT,5m,97768.69625451,97768.70557859,97390.30625257,97508.65685862,228.44377
1738346400000000,BTCUSDT,5m,97508.65685862,97878.60666165,97449.47363128,97762.33047988,231.98619
1738346700000000,BTCUSDT,5m,97762.33047988,97845.94023543,97647.10316546,97778.97768021,222.61641
1738347000000000,BTCUSDT,5m,97778.97768021,97872.08409456,97778.96833968,97851.40415863,42.80481
1738347300000000,BTCUSDT,5m,97851.40415863,97885.93857143,97654.95965797,97750.03018671,47.83361
1738347600000000,BTCUSDT,5m,97750.03018671,97858.8532774,97710.43148794,97837.36984542,42.19457
1738347900000000,BTCUSDT,5m,97837.36984542,97842.301554,97794.33768094,97797.77584362,11.01621
1738348200000000,BTCUSDT,5m,97797.77584362,97800.19816176,97747.42214386,97800.19816176,24.82839
1738348500000000,BTCUSDT,5m,97800.19816176,97914.79850819,97731.68011746,97914.79850819,117.43055
1738348800000000,BTCUSDT,5m,97914.79850819,97989.90338085,97858.50252548,97884.63994602,74.66568
1738349100000000,BTCUSDT,5m,97884.63994602,97965.00987317,97829.92878023,97884.6701565,17.39172
1738349400000000,BTCUSDT,5m,97884.6701565,97885.31247801,97771.8825132,97779.42979098,79.02002
1738349700000000,BTCUSDT,5m,97779.42979098,97780.37624491,97721.8647763,97721.8647763,30.33425
1738350000000000,BTCUSDT,5m,97721.8647763,97736.05243249,97576.84604609,97596.88694869,51.21276
1738350300000000,BTCUSDT,5m,97596.88694869,97596.88694869,97526.32805104,97551.5870347,19.06993
1738350600000000,BTCUSDT,5m,97551.5870347,97551.5870347,97389.53149389,97401.74055098,68.43798
1738350900000000,BTCUSDT,5m,97401.74055098,97545.14290767,97401.74055098,97545.14290767,23.22107
1738351200000000,BTCUSDT,5m,97545.14290767,97579.70188531,97545.14290767,97573.86543564,10.35746
1738351500000000,BTCUSDT,5m,97573.86543564,97583.6407321,97247.00703044,97247.01685486,112.71918
1738351800000000,BTCUSDT,5m,97247.01685486,97303.40725106,97223.71159886,97257.18317826,27.56849
1738352100000000,BTCUSDT,5m,97257.18317826,97376.79679995,97257.17321461,97344.86330079,66.03855
1738352400000000,BTCUSDT,5m,97344.86330079,97412.10507426,96942.71274816,97065.1931548,409.00992
1738352700000000,BTCUSDT,5m,97065.1931548,97162.63415123,97065.1931548,97162.63415123,12.2122
1738353000000000,BTCUSDT,5m,97162.63415123,97177.02571906,97125.02827794,97133.78593743,46.05361
1738353300000000,BTCUSDT,5m,97133.78593743,97472.78793055,96936.50958761,97356.33350163,246.7633
1738353600000000,BTCUSDT,5m,97356.33350163,97374.35334439,97194.63493384,97270.19922922,69.16616
1738353900000000,BTCUSDT,5m,97270.19922922,97301.5013999,97218.96994721,97218.96994721,24.61847
1738354200000000,BTCUSDT,5m,97218.96994721,97218.97920348,97163.06207878,97163.06207878,14.11337
1738354500000000,BTCUSDT,5m,97163.06207878,97230.14001789,97143.79148699,97174.27801752,16.37156
1738354800000000,BTCUSDT,5m,97174.27801752,97188.73464085,97152.13043077,97152.14038027,19.7454
1738355100000000,BTCUSDT,5m,97152.14038027,97231.47352924,97151.6389699,97206.4531517,10.90579
1738355400000000,BTCUSDT,5m,97206.4531517,97248.22624018,97206.4531517,97248.21631783,15.03899
1738355700000000,BTCUSDT,5m,97248.21631783,97266.86557838,97154.19761555,97179.35178285,31.4378
1738356000000000,BTCUSDT,5m,97179.35178285,97354.71113634,97157.31652831,97315.234199,83.37116
1738356300000000,BTCUSDT,5m,97315.234199,97495.64247353,97158.72974954,97199.68095792,288.21435
1738356600000000,BTCUSDT,5m,97199.68095792,97257.93725047,97141.10528875,97161.2060551,32.31235
1738356900000000,BTCUSDT,5m,97161.2060551,97239.31829444,97161.2060551,97224.1292409,15.38063
1738357200000000,BTCUSDT,5m,97224.1292409,97258.73086723,97209.99304062,97254.11174065,12.6357
1738357500000000,BTCUSDT,5m,97254.11174065,97257.81871071,97217.55858505,97235.30342534,23.60249
1738357800000000,BTCUSDT,5m,97235.30342534,97283.84579364,97152.32221466,97249.51628092,47.4231
1738358100000000,BTCUSDT,5m,97249.51628092,97278.69703256,97203.75027688,97269.03071919,16.27909
1738358400000000,BTCUSDT,5m,97269.03071919,97292.46380482,97216.89993491,97240.93930995,35.20762
1738358700000000,BTCUSDT,5m,97240.93930995,97318.88740765,97240.93930995,97279.87350803,17.11215
1738359000000000,BTCUSDT,5m,97279.87350803,97279.87350803,97112.04053291,97152.99677375,44.56971
1738359300000000,BTCUSDT,5m,97152.99677375,97154.72301815,97005.92454499,97047.18368307,34.57296
1738359600000000,BTCUSDT,5m,97047.18368307,97047.18368307,96600.29598759,96626.17415585,426.73749
1738359900000000,BTCUSDT,5m,96626.17415585,96820.22768726,96626.1649354,96730.99219942,45.50375
1738360200000000,BTCUSDT,5m,96730.99219942,96797.20075278,96730.98295758,96777.82985275,15.64312
1738360500000000,BTCUSDT,5m,96777.82985275,97025.62063911,96648.79755958,96967.4707361,201.65555
1738360800000000,BTCUSDT,5m,96967.4707361,97049.67994728,96967.4707361,96989.04824922,22.40077
1738361100000000,BTCUSDT,5m,96989.04824922,96989.04824922,96914.50354843,96955.49933444,15.95637
1738361400000000,BTCUSDT,5m,96955.49933444,97157.10641821,96861.24467957,96884.59494726,204.70709
1738361700000000,BTCUSDT,5m,96884.59494726,96902.08199118,96884.59494726,96902.07200429,15.53882
1738362000000000,BTCUSDT,5m,96902.07200429,96927.54544717,96853.74782804,96885.20024469,10.98697
1738362300000000,BTCUSDT,5m,96885.20024469,96887.25673437,96684.88116979,96833.93893774,188.88848
1738362600000000,BTCUSDT,5m,96833.93893774,96833.93893774,96760.03445779,96760.03445779,15.40857
1738362900000000,BTCUSDT,5m,96760.03445779,96955.35563123,96758.21570393,96832.81245025,69.38602
1738363200000000,BTCUSDT,5m,96832.81245025,96861.77135035,96780.21116578,96838.12896599,21.83834
1738363500000000,BTCUSDT,5m,96838.12896599,96838.12896599,96666.72037237,96687.80318647,32.01105
1738363800000000,BTCUSDT,5m,96687.80318647,96687.80318647,96402.58273122,96461.18828839,72.47537
1738364100000000,BTCUSDT,5m,96461.18828839,96539.82038562,96436.62202491,96486.66701309,23.48771
1738364400000000,BTCUSDT,5m,96486.66701309,97313.37249969,96484.59524426,97272.23593588,447.10883
1738364700000000,BTCUSDT,5m,97272.23593588,97296.77607706,97212.50673181,97212.51686399,24.92499
1738365000000000,BTCUSDT,5m,97212.51686399,97212.51686399,97088.8876081,97124.49130028,31.49165
1738365300000000,BTCUSDT,5m,97124.49130028,97148.76196188,97064.4459057,97126.42042903,16.85667
1738365600000000,BTCUSDT,5m,97126.42042903,97146.608272,97095.64356731,97132.9072134,30.15527
1738365900000000,BTCUSDT,5m,97132.9072134,97262.08060814,97071.29656059,97256.47370288,59.05561
1738366200000000,BTCUSDT,5m,97256.47370288,97453.90598805,97186.68125455,97418.47736657,188.65047
1738366500000000,BTCUSDT,5m,97418.47736657,97483.800579,97418.47736657,97458.04347887,38.90743
1738366800000000,BTCUSDT,5m,97458.04347887,97611.26077879,97369.34185008,97394.0125161,149.36869
1738367100000000,BTCUSDT,5m,97394.0125161,97409.89915253,97381.89795793,97409.52992794,11.44474
1738367400000000,BTCUSDT,5m,97409.52992794,97687.89516229,97409.52029526,97602.53997018,87.81386
1738367700000000,BTCUSDT,5m,97602.53997018,97610.92862025,97559.52329065,97599.51846589,32.73804
1738368000000000,BTCUSDT,5m,97599.51846589,97599.52846352,97505.9806252,97518.41767884,11.30809
1738368300000000,BTCUSDT,5m,97518.41767884,97524.08456973,97314.69396691,97388.56666285,126.92267
1738368600000000,BTCUSDT,5m,97388.56666285,97451.56552463,97357.68983038,97451.56552463,12.98762
1738368900000000,BTCUSDT,5m,97451.56552463,97756.51643448,97436.49145062,97530.51499027,144.03391
1738369200000000,BTCUSDT,5m,97530.51499027,97600.42230052,97530.51499027,97579.41993163,20.92287
1738369500000000,BTCUSDT,5m,97579.41993163,97579.42992747,97490.46691514,97490.47691099,22.19677
1738369800000000,BTCUSDT,5m,97490.47691099,97524.58330888,97306.0263568,97409.96215433,109.01938
1738370100000000,BTCUSDT,5m,97409.96215433,97420.36861744,96927.10836363,97042.26034945,389.16713
1738370400000000,BTCUSDT,5m,97042.26034945,97082.66256286,96952.38583722,97035.00034616,30.04002
1738370700000000,BTCUSDT,5m,97035.00034616,97064.45648069,97034.99027913,97064.45648069,10.84656
1738371000000000,BTCUSDT,5m,97064.45648069,97073.08838852,97037.55286966,97037.55286966,13.40396
1738371300000000,BTCUSDT,5m,97037.55286966,97078.25134927,96950.89079159,97069.45968742,43.38002
1738371600000000,BTCUSDT,5m,97069.45968742,97073.11168316,97046.52276594,97073.11168316,8.64594
1738371900000000,BTCUSDT,5m,97073.11168316,97111.52387772,96935.83105649,97051.91702533,43.48292
1738372200000000,BTCUSDT,5m,97051.91702533,97167.8926985,97001.57099667,97140.65381369,85.40686
1738372500000000,BTCUSDT,5m,97140.65381369,97153.36173621,97101.56182346,97112.74293331,24.38641
1738372800000000,BTCUSDT,5m,97112.74293331,97201.36135076,97112.74293331,97181.83207443,49.12528
1738373100000000,BTCUSDT,5m,97181.83207443,97181.83207443,97065.05458492,97094.20151763,16.84259
1738373400000000,BTCUSDT,5m,97094.20151763,97094.20151763,96975.72050713,97068.80333364,77.25887
1738373700000000,BTCUSDT,5m,97068.80333364,97172.09539263,97040.19300873,97116.56126745,97.27695
1738374000000000,BTCUSDT,5m,97116.56126745,97279.18317533,97100.20237878,97243.21555174,63.26299
1738374300000000,BTCUSDT,5m,97243.21555174,97319.81352212,97127.96066172,97306.50441051,146.56535
1738374600000000,BTCUSDT,5m,97306.50441051,97334.59682067,97242.52173278,97310.00590003,18.38075
1738374900000000,BTCUSDT,5m,97310.00590003,97399.60104262,97270.0993787,97347.9822756,40.08302
1738375200000000,BTCUSDT,5m,97347.9822756,97383.31107849,97331.40099796,97363.16597416,20.18119
1738375500000000,BTCUSDT,5m,97363.16597416,97430.09376659,97138.5303198,97184.51901842,104.26124
1738375800000000,BTCUSDT,5m,97184.51901842,97226.87245688,97113.01098366,97122.56423897,20.21792
1738376100000000,BTCUSDT,5m,97122.56423897,97181.50816546,97069.20990214,97069.20990214,89.018
1738376400000000,BTCUSDT,5m,97069.20990214,97239.78793496,97069.20990214,97184.28663291,58.97177
1738376700000000,BTCUSDT,5m,97184.28663291,97380.94912514,97184.28663291,97338.39149506,61.8427
1738377000000000,BTCUSDT,5m,97338.39149506,97338.39149506,97141.74803332,97141.77854907,266.83108
1738377300000000,BTCUSDT,5m,97141.77854907,97151.49848319,96773.0883018,97027.85813259,97.60148
1738377600000000,BTCUSDT,5m,97027.85813259,97041.09124412,96960.62875606,96960.62875606,16.81405
1738377900000000,BTCUSDT,5m,96960.62875606,97033.05748577,96856.34949001,96856.34949001,51.88214
1738378200000000,BTCUSDT,5m,96856.34949001,96870.26796043,96761.48836634,96779.52597888,29.00228
1738378500000000,BTCUSDT,5m,96779.52597888,96825.75683233,96715.67786462,96821.35251713,36.38495
1738378800000000,BTCUSDT,5m,96821.35251713,96858.32755582,96798.28568941,96846.46277492,22.58171
1738379100000000,BTCUSDT,5m,96846.46277492,96938.25787526,96815.22105286,96877.76298382,78.51149
1738379400000000,BTCUSDT,5m,96877.76298382,96890.64735069,96828.63761274,96828.64753906,28.43352
1738379700000000,BTCUSDT,5m,96828.64753906,96896.27859882,96809.62756077,96882.43857231,12.59574
1738380000000000,BTCUSDT,5m,96882.43857231,96896.78499973,96775.31792446,96836.99673117,68.06543
1738380300000000,BTCUSDT,5m,96836.99673117,96907.21094937,96798.30685264,96838.61930747,23.33412
1738380600000000,BTCUSDT,5m,96838.61930747,96942.40289205,96754.46214258,96899.93985476,49.68839
1738380900000000,BTCUSDT,5m,96899.93985476,97354.25287971,96699.35775838,97217.69701417,359.64163
1738381200000000,BTCUSDT,5m,97217.69701417,97405.29904297,97185.12122029,97307.45115898,137.93504
1738381500000000,BTCUSDT,5m,97307.45115898,97307.45115898,97028.94363014,97028.94363014,48.84281
1738381800000000,BTCUSDT,5m,97028.94363014,97193.1890698,97028.44060985,97190.97205445,29.04118
1738382100000000,BTCUSDT,5m,97190.97205445,97191.20028174,97150.48072932,97154.92165201,18.69779
1738382400000000,BTCUSDT,5m,97154.92165201,97219.66005152,97090.99915578,97148.87792404,129.14581
1738382700000000,BTCUSDT,5m,97148.87792404,97168.69912442,97094.60806287,97094.60806287,27.05429
1738383000000000,BTCUSDT,5m,97094.60806287,97182.52246738,97087.38720875,97126.94009453,33.34785
1738383300000000,BTCUSDT,5m,97126.94009453,97159.90927255,97087.1743771,97087.1743771,48.40549
1738383600000000,BTCUSDT,5m,97087.1743771,97145.54011137,97087.16488365,97115.38891228,23.43947
1738383900000000,BTCUSDT,5m,97115.38891228,97116.38512704,97065.71764397,97089.60687409,73.96398
1738384200000000,BTCUSDT,5m,97089.60687409,97089.60687409,97060.91489368,97077.68086907,11.57965
1738384500000000,BTCUSDT,5m,97077.68086907,97099.74129281,97061.39839689,97061.39839689,11.70689
1738384800000000,BTCUSDT,5m,97061.39839689,97246.19060246,97037.82561409,97043.329521,90.58377
1738385100000000,BTCUSDT,5m,97043.329521,97085.37267568,97011.95671155,97011.95671155,21.63183
1738385400000000,BTCUSDT,5m,97011.95671155,97187.67236718,96974.94637457,97143.77045021,79.53803
1738385700000000,BTCUSDT,5m,97143.77045021,97143.77045021,97028.86327925,97028.86327925,12.10008
1738386000000000,BTCUSDT,5m,97028.86327925,97277.8196631,96836.12407526,97277.8196631,167.70488
1738386300000000,BTCUSDT,5m,97277.8196631,97385.51577391,97275.51953259,97326.70243677,55.86331
1738386600000000,BTCUSDT,5m,97326.70243677,97410.81640139,97326.69287619,97363.44373775,26.72062
1738386900000000,BTCUSDT,5m,97363.44373775,97388.24682073,97000.01309357,97088.30576728,141.06469
1738387200000000,BTCUSDT,5m,97088.30576728,97088.31528046,96954.82634333,96997.13145332,30.81392
1738387500000000,BTCUSDT,5m,96997.13145332,97005.44745977,96988.68582087,97003.88197654,30.73272
1738387800000000,BTCUSDT,5m,97003.88197654,97091.83178817,96934.77356335,97082.11170233,42.79884
1738388100000000,BTCUSDT,5m,97082.11170233,97213.76352358,97082.1024121,97204.94709719,37.30487
1738388400000000,BTCUSDT,5m,97204.94709719,97240.41340649,97132.70400961,97201.99157141,32.48084
1738388700000000,BTCUSDT,5m,97201.99157141,97251.61966835,96827.88046836,96837.19876131,219.03095
1738389000000000,BTCUSDT,5m,96837.19876131,96891.23107628,96742.92921231,96768.14745519,54.55725
1738389300000000,BTCUSDT,5m,96768.14745519,96913.05326955,96682.79290568,96913.05326955,64.77545
1738389600000000,BTCUSDT,5m,96913.05326955,96955.17338857,96908.09559047,96944.10929989,15.66616
1738389900000000,BTCUSDT,5m,96944.10929989,96944.10929989,96868.32194663,96903.86394268,42.97357
1738390200000000,BTCUSDT,5m,96903.86394268,96991.8877544,96744.02724496,96781.55983066,138.81356
1738390500000000,BTCUSDT,5m,96781.55983066,96801.57797369,96712.33840305,96754.59332462,61.22253
1738390800000000,BTCUSDT,5m,96754.59332462,96754.59332462,96731.64293272,96742.92363382,7.2071
1738391100000000,BTCUSDT,5m,96742.92363382,96792.15594086,96691.9287135,96744.48480559,23.609
1738391400000000,BTCUSDT,5m,96744.48480559,96823.16060456,96715.49558681,96805.91280338,60.15503
1738391700000000,BTCUSDT,5m,96805.91280338,96815.32579314,96758.235467,96768.47814316,58.19412
1738392000000000,BTCUSDT,5m,96768.47814316,96869.87064765,96640.36490462,96702.41248185,90.5678
1738392300000000,BTCUSDT,5m,96702.41248185,96807.11170771,96702.41248185,96803.81155914,33.80224
1738392600000000,BTCUSDT,5m,96803.81155914,96803.81155914,96758.49244425,96758.50165171,10.60033
1738392900000000,BTCUSDT,5m,96758.50165171,96780.05420311,96602.12580901,96780.04441983,76.03356
1738393200000000,BTCUSDT,5m,96780.04441983,97106.37685699,96693.84986772,96907.89134558,131.78313
1738393500000000,BTCUSDT,5m,96907.89134558,96924.99617086,96769.81370116,96769.81370116,35.34558
1738393800000000,BTCUSDT,5m,96769.81370116,96812.8037588,96732.59579996,96812.8037588,18.41184
1738394100000000,BTCUSDT,5m,96812.8037588,96923.74146986,96609.19490151,96898.10902516,233.02022
1738394400000000,BTCUSDT,5m,96898.10902516,97163.20287138,96892.22195905,97120.9566926,72.67295
1738394700000000,BTCUSDT,5m,97120.9566926,97181.37641721,97072.30828206,97121.45232687,152.59236
1738395000000000,BTCUSDT,5m,97121.45232687,97189.99506804,97106.59613805,97148.90842084,14.20171
1738395300000000,BTCUSDT,5m,97148.90842084,97171.95942271,97085.18623125,97091.40078136,25.71795
1738395600000000,BTCUSDT,5m,97091.40078136,97092.34087965,97044.55760403,97052.91740283,8.92491
1738395900000000,BTCUSDT,5m,97052.91740283,97070.48775205,96923.28300238,96984.68823894,38.03635
1738396200000000,BTCUSDT,5m,96984.68823894,97176.69936609,96839.01949312,97176.69006413,93.80101
1738396500000000,BTCUSDT,5m,97176.69006413,97581.93922156,97147.13239383,97575.5132158,198.79369
1738396800000000,BTCUSDT,5m,97575.5132158,97630.37709105,97519.78833138,97556.91356589,42.55101
1738397100000000,BTCUSDT,5m,97556.91356589,97589.72076047,97453.12298373,97453.12298373,82.03528
1738397400000000,BTCUSDT,5m,97453.12298373,97985.67708475,97377.84488354,97862.53263292,237.02361
1738397700000000,BTCUSDT,5m,97862.53263292,97955.85350605,97807.69313937,97807.69313937,57.18101
1738398000000000,BTCUSDT,5m,97807.69313937,97828.78875087,97716.13145795,97759.39908572,32.87636
1738398300000000,BTCUSDT,5m,97759.39908572,97825.33607434,97566.82242049,97575.20110137,50.29657
1738398600000000,BTCUSDT,5m,97575.20110137,97806.20657736,97575.19150772,97806.19698371,51.88289
1738398900000000,BTCUSDT,5m,97806.19698371,97806.20673592,97431.83910191,97665.98953675,280.19117
1738399200000000,BTCUSDT,5m,97665.98953675,97665.98953675,97614.64614689,97655.47203713,12.94304
1738399500000000,BTCUSDT,5m,97655.47203713,97720.81721844,97625.65041385,97635.51021958,23.36273
1738399800000000,BTCUSDT,5m,97635.51021958,97736.04351578,97635.51021958,97682.7933703,46.9143
1738400100000000,BTCUSDT,5m,97682.7933703,97698.74438111,97251.21091389,97372.30181562,179.78169
1738400400000000,BTCUSDT,5m,97372.30181562,97470.1558634,97372.29221832,97394.03009771,25.41413
1738400700000000,BTCUSDT,5m,97394.03009771,97466.59874736,97361.62642263,97466.58875856,32.66262
1738401000000000,BTCUSDT,5m,97466.58875856,97552.10396664,97444.87832563,97535.68950219,56.77358
1738401300000000,BTCUSDT,5m,97535.68950219,97671.74855946,97535.67939679,97630.30632878,77.32224
1738401600000000,BTCUSDT,5m,97630.30632878,97660.10826052,97430.23028255,97564.77971515,117.91858
1738401900000000,BTCUSDT,5m,97564.77971515,97619.39756702,97511.50258702,97588.05696121,32.78395
1738402200000000,BTCUSDT,5m,97588.05696121,97623.8385586,97579.67996482,97581.24623073,25.42574
1738402500000000,BTCUSDT,5m,97581.24623073,97638.03714955,97527.12854597,97527.12854597,34.90279
1738402800000000,BTCUSDT,5m,97527.12854597,98053.75108523,97486.67925968,98041.29086778,324.58966
1738403100000000,BTCUSDT,5m,98041.29086778,98141.93920112,98041.28080194,98115.42577878,27.88831
1738403400000000,BTCUSDT,5m,98115.42577878,98133.37917752,98111.50164972,98111.50164972,19.8941
1738403700000000,BTCUSDT,5m,98111.50164972,98176.51337635,98099.89669667,98099.89669667,88.20208
1738404000000000,BTCUSDT,5m,98099.89669667,98180.53636062,98055.87907689,98168.89001201,28.40372
1738404300000000,BTCUSDT,5m,98168.89001201,98179.74869714,98168.89001201,98179.73932004,13.24263
1738404600000000,BTCUSDT,5m,98179.73932004,98225.70040104,98161.72631082,98206.14486933,12.62048
1738404900000000,BTCUSDT,5m,98206.14486933,98266.6205118,98190.81684864,98229.17217196,16.36561
1738405200000000,BTCUSDT,5m,98229.17217196,98247.27961949,98197.51699707,98197.52710732,11.04163
1738405500000000,BTCUSDT,5m,98197.52710732,98350.48651332,98197.5168889,98323.82667697,20.8386
1738405800000000,BTCUSDT,5m,98323.82667697,98345.69934054,98250.54718088,98310.47510233,48.75601
1738406100000000,BTCUSDT,5m,98310.47510233,98352.43447882,98264.48875892,98284.68430159,51.34624
1738406400000000,BTCUSDT,5m,98284.68430159,98493.6199621,98244.19640787,98400.276231,108.45668
1738406700000000,BTCUSDT,5m,98400.276231,98470.76217213,98278.37678795,98402.98982868,88.08499
1738407000000000,BTCUSDT,5m,98402.98982868,98707.97584696,98352.86584545,98443.8684285,142.98875
1738407300000000,BTCUSDT,5m,98443.8684285,98503.18936147,98118.37388535,98348.11446811,155.98491
1738407600000000,BTCUSDT,5m,98348.11446811,98452.96634827,98348.11446811,98429.04685366,66.34799
1738407900000000,BTCUSDT,5m,98429.04685366,98458.96397044,98393.75851707,98423.45423949,28.97574
1738408200000000,BTCUSDT,5m,98423.45423949,99079.58006179,98400.62166481,99013.06465305,246.72838
1738408500000000,BTCUSDT,5m,99013.06465305,99110.61847512,98861.12457519,98984.19481884,120.07379
1738408800000000,BTCUSDT,5m,98984.19481884,99050.3572491,98731.98996046,98889.12185624,160.46432
1738409100000000,BTCUSDT,5m,98889.12185624,98913.27183248,98664.81710217,98777.43877528,57.07883
1738409400000000,BTCUSDT,5m,98777.43877528,98821.55808678,98727.94375144,98727.94375144,20.29994
1738409700000000,BTCUSDT,5m,98727.94375144,98758.30120303,98683.3738183,98758.29097822,36.15585
1738410000000000,BTCUSDT,5m,98758.29097822,98793.8362676,98740.76263105,98762.20991763,16.48913
1738410300000000,BTCUSDT,5m,98762.20991763,99043.7815257,98665.88016135,98985.9676985,168.48456
1738410600000000,BTCUSDT,5m,98985.9676985,98985.9676985,98893.25193873,98966.08754724,14.76801
1738410900000000,BTCUSDT,5m,98966.08754724,99056.28255849,98966.07725453,99028.89365915,11.04638
1738411200000000,BTCUSDT,5m,99028.89365915,99107.68607371,98957.93014273,98978.4476094,26.8773
1738411500000000,BTCUSDT,5m,98978.4476094,99071.81289469,98894.87167276,99071.81289469,69.94527
1738411800000000,BTCUSDT,5m,99071.81289469,99356.47166576,98949.58607163,99167.9220956,249.73712
1738412100000000,BTCUSDT,5m,99167.9220956,99527.24273916,99142.98358478,99476.07057879,121.26517
1738412400000000,BTCUSDT,5m,99476.07057879,99529.69996652,99453.34363819,99453.35331334,27.22645
1738412700000000,BTCUSDT,5m,99453.35331334,99475.4215901,99428.71416574,99443.02076757,17.63228
1738413000000000,BTCUSDT,5m,99443.02076757,99443.02076757,99375.26119501,99390.90351018,20.4614
1738413300000000,BTCUSDT,5m,99390.90351018,99437.51002031,99390.90351018,99437.51002031,32.79898
1738413600000000,BTCUSDT,5m,99437.51002031,99614.34808358,99437.51002031,99587.32362147,73.86311
1738413900000000,BTCUSDT,5m,99587.32362147,99587.32362147,99391.55586242,99391.55586242,46.0982
1738414200000000,BTCUSDT,5m,99391.55586242,99420.66176417,99284.83083036,99379.35377284,122.50555
1738414500000000,BTCUSDT,5m,99379.35377284,99393.66567943,99007.86508552,99162.57048175,248.85646
1738414800000000,BTCUSDT,5m,99162.57048175,99411.41419578,99099.17255531,99379.39217333,64.02903
1738415100000000,BTCUSDT,5m,99379.39217333,99415.11871024,99280.32756092,99280.33783307,25.57566
1738415400000000,BTCUSDT,5m,99280.33783307,99323.51524001,99226.22133714,99235.93142912,33.20732
1738415700000000,BTCUSDT,5m,99235.93142912,99283.08990754,99211.92175646,99278.77611293,48.2551
1738416000000000,BTCUSDT,5m,99278.77611293,99292.29688058,99206.5222752,99241.74985351,50.4605
1738416300000000,BTCUSDT,5m,99241.74985351,99279.63836363,99226.17936273,99279.62888677,16.90382
1738416600000000,BTCUSDT,5m,99279.62888677,99346.03336804,99253.70222634,99309.11039094,66.76711
1738416900000000,BTCUSDT,5m,99309.11039094,99536.74686044,99309.10053484,99485.76125875,123.94902
1738417200000000,BTCUSDT,5m,99485.76125875,99589.36651648,99392.93817014,99585.73484391,54.9268
1738417500000000,BTCUSDT,5m,99585.73484391,99689.02320177,99458.89888115,99641.25407062,111.0424
1738417800000000,BTCUSDT,5m,99641.25407062,99665.15113964,99623.9090909,99650.4785869,14.69601
1738418100000000,BTCUSDT,5m,99650.4785869,99907.52697641,99626.00506865,99875.58195092,69.64638
1738418400000000,BTCUSDT,5m,99875.58195092,99875.59224891,99684.53365873,99721.32837347,78.20656
1738418700000000,BTCUSDT,5m,99721.32837347,99766.34188806,99709.98481592,99709.98481592,18.89534
1738419000000000,BTCUSDT,5m,99709.98481592,99729.53579333,99493.41402951,99612.39881432,437.64176
1738419300000000,BTCUSDT,5m,99612.39881432,99667.59063336,99461.16743065,99537.7207068,74.04887
1738419600000000,BTCUSDT,5m,99537.7207068,99537.7207068,99420.3005975,99454.4633065,38.12421
1738419900000000,BTCUSDT,5m,99454.4633065,99505.45985468,99345.47628131,99472.92687083,136.18128
1738420200000000,BTCUSDT,5m,99472.92687083,99472.93724209,99378.28908933,99402.34004991,29.45612
1738420500000000,BTCUSDT,5m,99402.34004991,99439.347816,99205.32871806,99205.32871806,87.83475
1738420800000000,BTCUSDT,5m,99205.32871806,99273.47062827,99151.17702354,99156.15223617,38.45905
1738421100000000,BTCUSDT,5m,99156.15223617,99221.77365796,99156.142782,99201.91989255,13.20459
1738421400000000,BTCUSDT,5m,99201.91989255,99286.13471773,99194.98200677,99286.12530404,31.33566
1738421700000000,BTCUSDT,5m,99286.12530404,99298.28428636,99286.12530404,99298.27410295,3.42464
1738422000000000,BTCUSDT,5m,99298.27410295,99369.12393839,99267.85307913,99285.15130836,35.82276
1738422300000000,BTCUSDT,5m,99285.15130836,99387.19898215,99285.14188742,99292.22643789,36.4672
1738422600000000,BTCUSDT,5m,99292.22643789,99333.31672501,99174.32845211,99200.30752665,38.70506
1738422900000000,BTCUSDT,5m,99200.30752665,99204.67322969,99131.37487503,99161.12984019,16.26141
1738423200000000,BTCUSDT,5m,99161.12984019,99179.50841313,99093.73491735,99105.49270149,80.73203
1738423500000000,BTCUSDT,5m,99105.49270149,99115.44686589,99094.75344719,99094.75344719,25.37929
1738423800000000,BTCUSDT,5m,99094.75344719,99194.5083925,99028.12981036,99193.08494276,56.06441
1738424100000000,BTCUSDT,5m,99193.08494276,99331.03417991,99193.08494276,99308.46734002,21.08981
1738424400000000,BTCUSDT,5m,99308.46734002,99524.75067124,99240.50611423,99489.4672708,101.53834
1738424700000000,BTCUSDT,5m,99489.4672708,99700.91595095,99019.36731424,99573.05799111,520.95731
1738425000000000,BTCUSDT,5m,99573.05799111,99573.05799111,99418.5630115,99447.72768647,40.74511
1738425300000000,BTCUSDT,5m,99447.72768647,99474.02037909,99422.34063105,99422.35036909,13.78587
1738425600000000,BTCUSDT,5m,99422.35036909,99443.8323884,99402.46643991,99433.00430332,6.89483
1738425900000000,BTCUSDT,5m,99433.00430332,99526.58564196,99432.3526925,99474.17608241,61.82898
1738426200000000,BTCUSDT,5m,99474.17608241,99624.94366089,99463.51343237,99605.02545539,64.24741
1738426500000000,BTCUSDT,5m,99605.02545539,99616.9137739,99539.67275294,99559.77619226,28.3338
1738426800000000,BTCUSDT,5m,99559.77619226,99587.61475948,99451.5599103,99459.222894,99.496
1738427100000000,BTCUSDT,5m,99459.222894,99464.37715659,99401.0214082,99408.25974146,66.94069
1738427400000000,BTCUSDT,5m,99408.25974146,99718.67701284,99311.66047367,99624.75401818,296.67297
1738427700000000,BTCUSDT,5m,99624.75401818,99779.63725986,99618.61780815,99700.18251364,74.88024
1738428000000000,BTCUSDT,5m,99700.18251364,99715.43981354,99557.3463941,99594.0952618,58.29234
1738428300000000,BTCUSDT,5m,99594.0952618,99660.86272743,99594.08578451,99623.57909226,16.44313
1738428600000000,BTCUSDT,5m,99623.57909226,99739.14692547,99610.37572639,99610.38532186,28.14068
1738428900000000,BTCUSDT,5m,99610.38532186,99610.38532186,99582.33583453,99585.6732481,7.33513
1738429200000000,BTCUSDT,5m,99585.6732481,99666.97528152,99585.66289511,99650.14131917,34.63909
1738429500000000,BTCUSDT,5m,99650.14131917,99650.14131917,99298.14996035,99606.69140099,118.77785
1738429800000000,BTCUSDT,5m,99606.69140099,99754.91672716,99518.14435672,99700.05152296,54.77436
1738430100000000,BTCUSDT,5m,99700.05152296,99785.93048245,99700.05152296,99785.93048245,7.41022
1738430400000000,BTCUSDT,5m,99785.93048245,99832.61439945,99779.73274056,99795.43751247,20.6049
1738430700000000,BTCUSDT,5m,99795.43751247,99831.56541377,99736.00696808,99805.23010093,26.35049
1738431000000000,BTCUSDT,5m,99805.23010093,99820.46988667,99745.66436551,99820.46014256,19.62544
1738431300000000,BTCUSDT,5m,99820.46014256,99839.28129862,99795.81833129,99833.20125592,15.8291
1738431600000000,BTCUSDT,5m,99833.20125592,99872.8516438,99833.20125592,99872.8516438,5.7008
1738431900000000,BTCUSDT,5m,99872.8516438,99934.91246527,99872.8516438,99934.90292039,12.23229
1738432200000000,BTCUSDT,5m,99934.90292039,99934.90292039,99877.49383402,99884.57531134,34.33448
1738432500000000,BTCUSDT,5m,99884.57531134,100043.74995128,99884.57531134,100011.80228932,42.61104
1738432800000000,BTCUSDT,5m,100011.80228932,100178.83987827,99982.42057621,100151.93526319,73.06828
1738433100000000,BTCUSDT,5m,100151.93526319,100370.49623843,100035.50192569,100185.36542476,309.36884
1738433400000000,BTCUSDT,5m,100185.36542476,100350.64038072,100167.61386315,100256.09039646,125.4936
1738433700000000,BTCUSDT,5m,100256.09039646,100256.10066459,100178.78163025,100218.75546833,24.1441
1738434000000000,BTCUSDT,5m,100218.75546833,100250.20479025,100048.39457465,100085.13744977,123.77034
1738434300000000,BTCUSDT,5m,100085.13744977,100120.86619047,99922.46925927,100105.34359152,66.19853
1738434600000000,BTCUSDT,5m,100105.34359152,100592.59398854,100054.88591275,100511.70644812,109.55369
1738434900000000,BTCUSDT,5m,100511.70644812,100934.31501937,100503.83816978,100834.66028691,237.94886
1738435200000000,BTCUSDT,5m,100834.66028691,100834.6706583,100775.36703001,100789.18172622,83.01644
1738435500000000,BTCUSDT,5m,100789.18172622,100846.28998047,100670.70086779,100695.77644657,61.30351
1738435800000000,BTCUSDT,5m,100695.77644657,100912.95611619,100666.49022151,100839.33536761,93.10508
1738436100000000,BTCUSDT,5m,100839.33536761,100850.29913637,100754.38781774,100754.39744352,22.50048
1738436400000000,BTCUSDT,5m,100754.39744352,100865.21373777,100690.03906978,100817.78794392,30.03015
1738436700000000,BTCUSDT,5m,100817.78794392,100930.25047408,100817.77748132,100830.18612963,41.56019
1738437000000000,BTCUSDT,5m,100830.18612963,100875.16278931,100818.92510689,100846.84165428,27.81774
1738437300000000,BTCUSDT,5m,100846.84165428,100968.94688817,100841.33751544,100898.4663411,85.94501
1738437600000000,BTCUSDT,5m,100898.4663411,100959.96564984,100737.92011924,100805.4516319,62.8208
1738437900000000,BTCUSDT,5m,100805.4516319,100937.99362996,100709.02128869,100937.99362996,71.67138
1738438200000000,BTCUSDT,5m,100937.99362996,100946.39796868,100720.17020216,100865.77106179,142.77055
1738438500000000,BTCUSDT,5m,100865.77106179,100927.0153703,100826.91770581,100881.48327976,26.28106
1738438800000000,BTCUSDT,5m,100881.48327976,100933.02960965,100792.64811548,100805.62115193,21.04153
1738439100000000,BTCUSDT,5m,100805.62115193,100840.20058688,100730.3837532,100806.97513703,41.22698
1738439400000000,BTCUSDT,5m,100806.97513703,101075.63305099,100790.62959361,101038.59210715,70.90478
1738439700000000,BTCUSDT,5m,101038.59210715,101091.99329125,101038.58175207,101090.20186119,14.25079
1738440000000000,BTCUSDT,5m,101090.20186119,101090.20186119,101023.51176175,101058.5354622,35.33365
1738440300000000,BTCUSDT,5m,101058.5354622,101082.76545102,101030.0897475,101046.61873213,24.2279
1738440600000000,BTCUSDT,5m,101046.61873213,101124.32067388,100992.28689461,101095.83379078,29.40793
1738440900000000,BTCUSDT,5m,101095.83379078,101186.79774611,101026.47129762,101186.79774611,79.82767
1738441200000000,BTCUSDT,5m,101186.79774611,101296.33050879,101186.79774611,101264.77481519,43.31336
1738441500000000,BTCUSDT,5m,101264.77481519,101331.61036264,101222.92062794,101222.92062794,35.15784
1738441800000000,BTCUSDT,5m,101222.92062794,101237.92852006,101191.01195643,101229.07251165,19.47629
1738442100000000,BTCUSDT,5m,101229.07251165,101466.78280991,100939.3387045,101466.78280991,183.06623
1738442400000000,BTCUSDT,5m,101466.78280991,101488.94444693,101348.01205242,101407.0583797,51.2823
1738442700000000,BTCUSDT,5m,101407.0583797,101542.50668886,101397.15244354,101459.7523168,75.53823
1738443000000000,BTCUSDT,5m,101459.7523168,101601.1248151,101459.7523168,101593.14436326,175.82349
1738443300000000,BTCUSDT,5m,101593.14436326,101593.14436326,101437.11143503,101446.9722131,103.15031
1738443600000000,BTCUSDT,5m,101446.9722131,101446.98262347,101101.29584642,101226.8136887,45.05612
1738443900000000,BTCUSDT,5m,101226.8136887,102145.98765155,100905.98487375,102010.77607127,1131.93137
1738444200000000,BTCUSDT,5m,102010.77607127,102010.78581964,101926.94988465,101949.556342,32.61042
1738444500000000,BTCUSDT,5m,101949.556342,102008.84752811,101949.54577317,101969.9436322,24.11428
1738444800000000,BTCUSDT,5m,101969.9436322,101985.27140843,101860.55317733,101965.97013221,140.99017
1738445100000000,BTCUSDT,5m,101965.97013221,101973.37162765,101462.16664604,101841.37829231,216.27813
1738445400000000,BTCUSDT,5m,101841.37829231,101848.05227618,101819.76929888,101819.76929888,10.02291
1738445700000000,BTCUSDT,5m,101819.76929888,101951.27144833,101797.89304159,101874.47589466,78.02705
1738446000000000,BTCUSDT,5m,101874.47589466,101874.48584868,101750.15015027,101759.8254604,56.1944
1738446300000000,BTCUSDT,5m,101759.8254604,101759.8254604,101641.09000821,101691.75285079,20.93952
1738446600000000,BTCUSDT,5m,101691.75285079,101802.98085954,101691.75285079,101768.36222365,43.06633
1738446900000000,BTCUSDT,5m,101768.36222365,101909.5156812,101614.89038069,101701.03441611,150.22793
1738447200000000,BTCUSDT,5m,101701.03441611,101732.03846593,101635.07330012,101657.23150698,26.53469
1738447500000000,BTCUSDT,5m,101657.23150698,101669.76713547,101654.21212803,101667.16422257,7.64479
1738447800000000,BTCUSDT,5m,101667.16422257,101750.09832622,101631.83103713,101728.42885691,33.7252
1738448100000000,BTCUSDT,5m,101728.42885691,101728.42885691,101288.36151629,101322.95377601,104.67578
1738448400000000,BTCUSDT,5m,101322.95377601,101356.92070042,101272.74628687,101272.94232927,33.23355
1738448700000000,BTCUSDT,5m,101272.94232927,101403.04317491,101272.93175798,101394.81871258,12.33719
1738449000000000,BTCUSDT,5m,101394.81871258,101402.20590203,101338.71200468,101338.71200468,25.32303
1738449300000000,BTCUSDT,5m,101338.71200468,101338.71200468,101095.74138667,101255.39280571,61.4862
1738449600000000,BTCUSDT,5m,101255.39280571,101305.84032032,101246.73256081,101246.7431479,38.97401
1738449900000000,BTCUSDT,5m,101246.7431479,101254.8434748,101095.66657129,101104.68354035,45.7232
1738450200000000,BTCUSDT,5m,101104.68354035,101282.52746598,100895.59286734,101079.98471104,221.16716
1738450500000000,BTCUSDT,5m,101079.98471104,101094.56778287,101018.96174425,101082.54188349,35.79707
1738450800000000,BTCUSDT,5m,101082.54188349,101203.09723422,100946.99941764,100952.1414404,74.90812
1738451100000000,BTCUSDT,5m,100952.1414404,101087.9957226,100952.1414404,101062.8400124,32.3873
1738451400000000,BTCUSDT,5m,101062.8400124,101288.57700124,101015.38174128,101015.39166771,81.13091
1738451700000000,BTCUSDT,5m,101015.39166771,101073.5827705,100950.96802981,101009.81354879,33.2016
1738452000000000,BTCUSDT,5m,101009.81354879,101094.68986126,100977.04269214,101022.51766943,50.03022
1738452300000000,BTCUSDT,5m,101022.51766943,101022.51766943,100900.52113908,100915.76944726,40.04862
1738452600000000,BTCUSDT,5m,100915.76944726,100944.2547216,100811.15062206,100845.93715414,142.13769
1738452900000000,BTCUSDT,5m,100845.93715414,100890.91460344,100635.31606388,100651.87426105,75.57297
1738453200000000,BTCUSDT,5m,100651.87426105,100774.19197052,100620.96439998,100691.12041798,33.06818
1738453500000000,BTCUSDT,5m,100691.12041798,100925.62681566,100690.12579093,100820.31939527,200.05962
1738453800000000,BTCUSDT,5m,100820.31939527,100928.18874013,100698.19716311,100928.17881472,54.83623
1738454100000000,BTCUSDT,5m,100928.17881472,100928.18919209,100796.74948401,100796.74948401,39.39435
1738454400000000,BTCUSDT,5m,100796.74948401,100842.22743149,100740.32837272,100842.22743149,84.94007
1738454700000000,BTCUSDT,5m,100842.22743149,100842.23775289,100741.96527749,100806.59793225,33.69256
1738455000000000,BTCUSDT,5m,100806.59793225,100806.60755178,100763.1753435,100763.19458257,9.02863
1738455300000000,BTCUSDT,5m,100763.19458257,100871.00064202,100667.49981138,100860.69825003,66.73608
1738455600000000,BTCUSDT,5m,100860.69825003,100986.18602697,100860.68774105,100969.98117377,89.8663
1738455900000000,BTCUSDT,5m,100969.98117377,101142.69304771,100909.60449889,101133.87107429,44.69713
1738456200000000,BTCUSDT,5m,101133.87107429,101183.27591768,101023.1321286,101155.14578753,90.56107
1738456500000000,BTCUSDT,5m,101155.14578753,101235.66053197,101144.70580259,101225.53249877,27.45481
1738456800000000,BTCUSDT,5m,101225.53249877,101247.66800014,101164.23821648,101164.23821648,26.74053
1738457100000000,BTCUSDT,5m,101164.23821648,101463.66303115,101153.59130702,101463.66303115,97.51067
1738457400000000,BTCUSDT,5m,101463.66303115,101568.1287903,101463.65246411,101568.11822326,21.02392
1738457700000000,BTCUSDT,5m,101568.11822326,101708.58454293,101486.65479342,101632.07799544,87.8737
1738458000000000,BTCUSDT,5m,101632.07799544,101845.48701768,101538.23144568,101598.49968789,77.77068
1738458300000000,BTCUSDT,5m,101598.49968789,101608.98105639,101330.47904071,101437.32566172,89.68472
1738458600000000,BTCUSDT,5m,101437.32566172,101830.92583404,101381.44819732,101444.35596121,138.8236
1738458900000000,BTCUSDT,5m,101444.35596121,101455.34218169,101368.99175397,101382.35023894,30.06015
1738459200000000,BTCUSDT,5m,101382.35023894,101481.40525452,101041.94755295,101058.15125399,324.08701
1738459500000000,BTCUSDT,5m,101058.15125399,101090.21088399,101020.33682694,101020.33682694,22.96176
1738459800000000,BTCUSDT,5m,101020.33682694,101053.11244819,100994.56819206,101053.10203663,13.92519
1738460100000000,BTCUSDT,5m,101053.10203663,101114.79801841,101046.98927813,101110.45028154,40.66396
1738460400000000,BTCUSDT,5m,101110.45028154,101117.81284555,100945.18287033,101038.6072679,67.90966
1738460700000000,BTCUSDT,5m,101038.6072679,101237.89687361,100985.24851485,100993.02071621,132.01541
1738461000000000,BTCUSDT,5m,100993.02071621,101090.00435593,100976.24058674,101085.40676995,49.72691
1738461300000000,BTCUSDT,5m,101085.40676995,101087.75228114,101085.39629892,101087.75228114,4.50229
1738461600000000,BTCUSDT,5m,101087.75228114,101127.65313068,101011.98266791,101059.73768467,126.89471
1738461900000000,BTCUSDT,5m,101059.73768467,101135.84361347,100893.61704928,100961.23842743,89.10202
1738462200000000,BTCUSDT,5m,100961.23842743,101084.18579195,100813.72236692,101073.44412951,60.8183
1738462500000000,BTCUSDT,5m,101073.44412951,101073.44412951,101006.75531632,101021.2353268,22.24788
1738462800000000,BTCUSDT,5m,101021.2353268,101616.94025803,100957.03963783,101582.48166885,158.72585
1738463100000000,BTCUSDT,5m,101582.48166885,101625.03123811,101327.86446037,101440.16141751,109.17444
1738463400000000,BTCUSDT,5m,101440.16141751,101464.78020276,101354.70752509,101386.89172852,25.86508
1738463700000000,BTCUSDT,5m,101386.89172852,101503.83549646,101332.24318432,101442.86789272,78.7769
1738464000000000,BTCUSDT,5m,101442.86789272,101541.17015992,101383.18251363,101541.17015992,53.10404
1738464300000000,BTCUSDT,5m,101541.17015992,101592.77712915,101459.7454018,101459.7454018,31.43055
1738464600000000,BTCUSDT,5m,101459.7454018,101683.23446554,101442.25973072,101635.28886108,88.11986
1738464900000000,BTCUSDT,5m,101635.28886108,101671.72104848,101549.73027333,101598.54084655,45.61293
1738465200000000,BTCUSDT,5m,101598.54084655,101647.31557402,101507.78541939,101508.3318283,39.47194
1738465500000000,BTCUSDT,5m,101508.3318283,101804.16667144,101457.46051456,101752.45906104,81.3
1738465800000000,BTCUSDT,5m,101752.45906104,101796.23199986,101740.91742497,101796.22230915,14.48905
1738466100000000,BTCUSDT,5m,101796.22230915,102058.36732797,101796.21210061,102048.61817524,66.48067
1738466400000000,BTCUSDT,5m,102048.61817524,102161.34752214,101984.78424692,102161.2104716,31.48547
1738466700000000,BTCUSDT,5m,102161.2104716,102190.14560397,102068.06559231,102106.50465623,42.63684
1738467000000000,BTCUSDT,5m,102106.50465623,102199.3282799,102106.50465623,102180.58802107,36.05647
1738467300000000,BTCUSDT,5m,102180.58802107,102361.25909036,102146.67757739,102331.24639883,63.74893
1738467600000000,BTCUSDT,5m,102331.24639883,102500.7201324,102331.24639883,102437.4544106,154.80693
1738467900000000,BTCUSDT,5m,102437.4544106,102519.26800168,102372.86021331,102464.01350053,30.5764
1738468200000000,BTCUSDT,5m,102464.01350053,102473.21044688,102390.94476485,102429.47479613,11.34902
1738468500000000,BTCUSDT,5m,102429.47479613,102470.99147127,102303.30576475,102390.36084958,66.42114
1738468800000000,BTCUSDT,5m,102390.36084958,102448.83097121,102298.56050442,102298.57123879,118.97302
1738469100000000,BTCUSDT,5m,102298.57123879,102373.18525574,102298.57123879,102353.07469667,15.61352
1738469400000000,BTCUSDT,5m,102353.07469667,102399.01859186,102294.44810399,102346.64069835,70.23661
1738469700000000,BTCUSDT,5m,102346.64069835,102678.39213866,102317.66548607,102550.36213091,121.34042
1738470000000000,BTCUSDT,5m,102550.36213091,103276.3124329,102533.48151642,103109.61374358,677.57632
1738470300000000,BTCUSDT,5m,103109.61374358,103126.1289916,103043.07141331,103126.1182952,30.52124
1738470600000000,BTCUSDT,5m,103126.1182952,103193.70590462,103117.49327727,103136.93702115,34.75792
1738470900000000,BTCUSDT,5m,103136.93702115,103202.26912834,103104.09673453,103154.39200308,19.31427
1738471200000000,BTCUSDT,5m,103154.39200308,103255.31457272,103140.94697069,103209.66720328,84.49347
1738471500000000,BTCUSDT,5m,103209.66720328,103344.556945,103176.27968156,103298.27135112,33.22515
1738471800000000,BTCUSDT,5m,103298.27135112,103369.11788652,103081.96105981,103151.74898041,98.78572
1738472100000000,BTCUSDT,5m,103151.74898041,103151.74898041,103010.90264238,103074.75057066,20.04111
1738472400000000,BTCUSDT,5m,103074.75057066,103074.75057066,102976.71229753,102985.80144937,26.10758
1738472700000000,BTCUSDT,5m,102985.80144937,103041.54945741,102914.29599552,102973.43821856,33.9827
1738473000000000,BTCUSDT,5m,102973.43821856,103049.31559211,102921.2927503,103049.31559211,21.82704
1738473300000000,BTCUSDT,5m,103049.31559211,103053.14107854,102979.55858671,102979.55858671,8.99992
1738473600000000,BTCUSDT,5m,102979.55858671,102984.52208794,102922.21708563,102946.08007232,40.77816
1738473900000000,BTCUSDT,5m,102946.08007232,103088.48243952,102876.62636962,103088.48243952,126.87759
1738474200000000,BTCUSDT,5m,103088.48243952,103088.48243952,102987.15718037,103016.02203917,34.80218
1738474500000000,BTCUSDT,5m,103016.02203917,103072.85078049,103011.25356508,103046.16219388,72.30006
1738474800000000,BTCUSDT,5m,103046.16219388,103104.3230576,102968.9249953,103024.69730053,54.59004
1738475100000000,BTCUSDT,5m,103024.69730053,103079.62349717,102995.93204945,103079.04476261,55.31482
1738475400000000,BTCUSDT,5m,103079.04476261,103269.99611057,102981.77885235,103038.87229164,164.36148
1738475700000000,BTCUSDT,5m,103038.87229164,103067.78526104,103012.37229531,103012.38297218,44.70947
1738476000000000,BTCUSDT,5m,103012.38297218,103041.14064109,102961.97793834,102961.9878275,25.97393
1738476300000000,BTCUSDT,5m,102961.9878275,102961.99842237,102931.28389339,102950.35465992,36.77383
1738476600000000,BTCUSDT,5m,102950.35465992,102953.20007543,102761.11842186,102925.30426594,151.4167
1738476900000000,BTCUSDT,5m,102925.30426594,102929.23712985,102919.41968154,102919.43929682,8.70301
1738477200000000,BTCUSDT,5m,102919.43929682,102978.28222312,102847.29385933,102926.4406185,69.3045
1738477500000000,BTCUSDT,5m,102926.4406185,103013.55191983,102792.04151148,102815.45183021,92.36494
1738477800000000,BTCUSDT,5m,102815.45183021,102848.43984642,102738.72748161,102848.42938068,54.02808
1738478100000000,BTCUSDT,5m,102848.42938068,102961.09883236,102848.4188123,102946.84209375,38.47953
1738478400000000,BTCUSDT,5m,102946.84209375,102961.13147951,102912.53175671,102961.1215975,69.55944
1738478700000000,BTCUSDT,5m,102961.1215975,103059.56969417,102912.68968472,103001.64278731,30.44812
1738479000000000,BTCUSDT,5m,103001.64278731,103139.87490016,102989.06187528,103136.96918324,34.04233
1738479300000000,BTCUSDT,5m,103136.96918324,103164.07512511,102849.20952219,103148.72751716,212.6062
1738479600000000,BTCUSDT,5m,103148.72751716,103214.72289456,103061.128224,103120.25641396,58.81375
1738479900000000,BTCUSDT,5m,103120.25641396,103146.54390468,103053.71987789,103114.06672014,43.1491
1738480200000000,BTCUSDT,5m,103114.06672014,103126.00988494,102975.53009501,103014.7514891,55.31548
1738480500000000,BTCUSDT,5m,103014.7514891,103014.7514891,102864.09911251,102957.6368955,124.02562
1738480800000000,BTCUSDT,5m,102957.6368955,103230.52752889,102957.6368955,103113.10891938,144.55867
1738481100000000,BTCUSDT,5m,103113.10891938,103252.27214478,103107.47387799,103174.36465707,90.01173
1738481400000000,BTCUSDT,5m,103174.36465707,103174.36465707,102931.59162356,103013.24652057,55.09632
1738481700000000,BTCUSDT,5m,103013.24652057,103069.88284715,102997.30708102,103037.57458763,48.15317
1738482000000000,BTCUSDT,5m,103037.57458763,103065.84048598,102918.89968994,102983.64953488,55.72292
1738482300000000,BTCUSDT,5m,102983.64953488,103046.42914011,102983.64953488,103046.42914011,16.08354
1738482600000000,BTCUSDT,5m,103046.42914011,103091.94411919,102967.00455294,103017.47368677,43.55671
1738482900000000,BTCUSDT,5m,103017.47368677,103017.48415421,102745.30962353,102767.29126011,289.41264
1738483200000000,BTCUSDT,5m,102767.29126011,103955.05924634,102580.49998779,103606.0190742,733.51883
1738483500000000,BTCUSDT,5m,103606.0190742,103653.22477587,103583.88439437,103590.17350504,41.5468
1738483800000000,BTCUSDT,5m,103590.17350504,103590.17350504,103424.970625,103424.98081391,49.37201
1738484100000000,BTCUSDT,5m,103424.98081391,103522.45297818,103185.50169827,103204.57441223,73.24554
1738484400000000,BTCUSDT,5m,103204.57441223,103204.57441223,103004.64278193,103032.02860385,65.21637
1738484700000000,BTCUSDT,5m,103032.02860385,103391.46238154,103014.863667,103305.45595089,104.20967
1738485000000000,BTCUSDT,5m,103305.45595089,103333.99270538,103298.99740876,103321.3948242,15.00216
1738485300000000,BTCUSDT,5m,103321.3948242,103355.29487121,103092.56191963,103145.97649683,77.79252
1738485600000000,BTCUSDT,5m,103145.97649683,103221.96179613,102919.36816993,102948.27701066,127.57533
1738485900000000,BTCUSDT,5m,102948.27701066,103031.47442907,102937.04368696,102971.17646562,36.13504
1738486200000000,BTCUSDT,5m,102971.17646562,103212.14649641,102971.17646562,103139.75972414,100.36956
1738486500000000,BTCUSDT,5m,103139.75972414,103142.56012361,102829.07096166,102836.90170831,198.83204
1738486800000000,BTCUSDT,5m,102836.90170831,102848.03291689,102691.82562382,102715.63960332,39.35897
1738487100000000,BTCUSDT,5m,102715.63960332,102811.86212777,102694.58058605,102803.88894687,31.50965
1738487400000000,BTCUSDT,5m,102803.88894687,102861.28921987,102675.24533977,102675.24533977,36.98585
1738487700000000,BTCUSDT,5m,102675.24533977,102675.25599025,102468.61553572,102468.61553572,73.00377
1738488000000000,BTCUSDT,5m,102468.61553572,102529.81197961,102462.6734703,102462.68322738,20.71424
1738488300000000,BTCUSDT,5m,102462.68322738,102476.87782615,102283.74078378,102295.97784605,84.89905
1738488600000000,BTCUSDT,5m,102295.97784605,102373.80827041,102253.78704816,102369.11692116,36.71856
1738488900000000,BTCUSDT,5m,102369.11692116,102644.2567177,102369.10646752,102619.19934337,69.48181
1738489200000000,BTCUSDT,5m,102619.19934337,102701.79655042,102532.19816128,102532.19816128,48.73541
1738489500000000,BTCUSDT,5m,102532.19816128,102889.96883299,102500.42560523,102861.05947266,61.33882
1738489800000000,BTCUSDT,5m,102861.05947266,102924.32346799,102827.47549264,102908.50994002,28.00434
1738490100000000,BTCUSDT,5m,102908.50994002,103074.37785792,102872.92035913,103018.5519006,53.71076
1738490400000000,BTCUSDT,5m,103018.5519006,103043.55360649,102941.43215766,102986.43736424,23.78741
1738490700000000,BTCUSDT,5m,102986.43736424,103140.36328677,102938.60038598,103140.36328677,67.47254
1738491000000000,BTCUSDT,5m,103140.36328677,103182.51151234,103091.29870258,103108.49901511,18.45827
1738491300000000,BTCUSDT,5m,103108.49901511,103333.09478574,102882.84784359,103257.59054466,326.66584
1738491600000000,BTCUSDT,5m,103257.59054466,103325.10049561,103050.66031603,103240.38814545,59.98781
1738491900000000,BTCUSDT,5m,103240.38814545,103251.70087789,103231.24686446,103234.88007348,6.54286
1738492200000000,BTCUSDT,5m,103234.88007348,103253.03983492,103163.51838492,103163.52902956,43.39701
1738492500000000,BTCUSDT,5m,103163.52902956,103179.5158667,103092.37694638,103108.56628346,60.22586
1738492800000000,BTCUSDT,5m,103108.56628346,103108.91277981,103056.41333338,103108.90227992,35.41533
1738493100000000,BTCUSDT,5m,103108.90227992,103226.94469803,103098.74004184,103163.06166033,33.52207
1738493400000000,BTCUSDT,5m,103163.06166033,103211.09943298,102971.64847718,102978.57426534,108.11312
1738493700000000,BTCUSDT,5m,102978.57426534,103110.56471917,102978.56359254,103000.74166023,32.14904
1738494000000000,BTCUSDT,5m,103000.74166023,103081.15813303,103000.74166023,103046.35524917,20.4189
1738494300000000,BTCUSDT,5m,103046.35524917,103148.73036405,102252.45041617,102331.0910082,360.86286
1738494600000000,BTCUSDT,5m,102331.0910082,102357.74921967,102312.78733346,102357.73943684,23.13435
1738494900000000,BTCUSDT,5m,102357.73943684,102376.68755011,101922.97555735,101975.38568052,202.21343
1738495200000000,BTCUSDT,5m,101975.38568052,102017.65304413,101923.38472264,101923.38472264,21.94151
1738495500000000,BTCUSDT,5m,101923.38472264,101923.39446819,101868.26389801,101879.96830225,14.86381
1738495800000000,BTCUSDT,5m,101879.96830225,101927.46828893,101872.25674988,101890.08165086,26.73217
1738496100000000,BTCUSDT,5m,101890.08165086,101915.67594481,101816.35246678,101818.09464052,21.96536
1738496400000000,BTCUSDT,5m,101818.09464052,101954.8448518,101796.1455251,101952.37466046,28.35002
1738496700000000,BTCUSDT,5m,101952.37466046,102011.86719283,101939.71800797,101940.82494292,51.41189
1738497000000000,BTCUSDT,5m,101940.82494292,101940.83567354,101618.90651448,101628.42456935,104.1584
1738497300000000,BTCUSDT,5m,101628.42456935,101989.48812389,101426.88018772,101843.09078993,148.02015
1738497600000000,BTCUSDT,5m,101843.09078993,101868.11613525,101549.24479974,101550.26174926,96.58135
1738497900000000,BTCUSDT,5m,101550.26174926,101635.42370371,101550.26174926,101635.41382527,29.33847
1738498200000000,BTCUSDT,5m,101635.41382527,101637.28920091,101425.52138543,101591.7714402,86.88265
1738498500000000,BTCUSDT,5m,101591.7714402,101737.36590788,101491.41430985,101634.11274238,111.42845
1738498800000000,BTCUSDT,5m,101634.11274238,101740.65787293,101594.34552388,101669.1958414,56.19083
1738499100000000,BTCUSDT,5m,101669.1958414,101714.67762716,101598.15158918,101630.39672985,30.79818
1738499400000000,BTCUSDT,5m,101630.39672985,101812.43506866,101601.58377538,101812.43506866,38.93523
1738499700000000,BTCUSDT,5m,101812.43506866,101882.69429704,101806.27179456,101840.43184607,30.3735
1738500000000000,BTCUSDT,5m,101840.43184607,101914.48245377,101837.90029041,101860.03838007,13.98816
1738500300000000,BTCUSDT,5m,101860.03838007,101865.58963836,101535.71678992,101705.46786316,180.45991
1738500600000000,BTCUSDT,5m,101705.46786316,101747.10272182,101476.1980451,101524.70583367,65.42683
1738500900000000,BTCUSDT,5m,101524.70583367,101552.8689559,101446.38878122,101478.38762972,49.30933
1738501200000000,BTCUSDT,5m,101478.38762972,101569.24455232,101310.48559301,101339.14330389,142.31451
1738501500000000,BTCUSDT,5m,101339.14330389,101386.6809107,100924.63980293,100950.15945609,115.56523
1738501800000000,BTCUSDT,5m,100950.15945609,101047.1219288,100904.24745784,100951.91685315,33.47284
1738502100000000,BTCUSDT,5m,100951.91685315,100951.91685315,100756.49969024,100841.96752976,61.15389
1738502400000000,BTCUSDT,5m,100841.96752976,100902.6281769,100796.65600588,100874.60384923,33.80433
1738502700000000,BTCUSDT,5m,100874.60384923,100949.68302348,100686.31840792,100746.5174814,139.64412
1738503000000000,BTCUSDT,5m,100746.5174814,100806.12724819,100427.51241837,100485.48745165,170.58678
1738503300000000,BTCUSDT,5m,100485.48745165,100566.04408568,100476.50692839,100557.67188719,19.58659
1738503600000000,BTCUSDT,5m,100557.67188719,100557.67188719,100514.3532778,100543.36595498,24.31709
1738503900000000,BTCUSDT,5m,100543.36595498,100616.11129358,100543.36595498,100558.98974034,43.14451
1738504200000000,BTCUSDT,5m,100558.98974034,100943.71897904,100256.51465312,100939.44204965,265.92198
1738504500000000,BTCUSDT,5m,100939.44204965,101125.32442688,100921.45773228,101073.1863118,44.00519
1738504800000000,BTCUSDT,5m,101073.1863118,101148.0227679,100947.81649706,101148.0227679,80.41989
1738505100000000,BTCUSDT,5m,101148.0227679,101213.47879536,101143.19516286,101213.47879536,113.21044
1738505400000000,BTCUSDT,5m,101213.47879536,101384.13307393,101211.27839616,101211.27839616,62.29968
1738505700000000,BTCUSDT,5m,101211.27839616,101211.2887768,100825.44024163,100968.73465055,443.0164
1738506000000000,BTCUSDT,5m,100968.73465055,100990.19668663,100880.20249981,100990.19668663,48.57034
1738506300000000,BTCUSDT,5m,100990.19668663,101018.94495787,100775.37692755,100855.02764961,119.98023
1738506600000000,BTCUSDT,5m,100855.02764961,100931.0100858,100751.29749524,100751.6899665,49.01712
1738506900000000,BTCUSDT,5m,100751.6899665,100907.00325739,100751.6899665,100845.61005756,76.26081
1738507200000000,BTCUSDT,5m,100845.61005756,100852.15625431,100552.91602194,100601.65782749,117.03471
1738507500000000,BTCUSDT,5m,100601.65782749,100647.32920133,100601.64819421,100603.24731845,16.0672
1738507800000000,BTCUSDT,5m,100603.24731845,100717.08954966,100478.90468202,100645.78612226,173.04992
1738508100000000,BTCUSDT,5m,100645.78612226,100718.47161794,100618.14691661,100675.84817777,85.17696
1738508400000000,BTCUSDT,5m,100675.84817777,100675.85779669,100562.76811201,100665.3827889,57.70687
1738508700000000,BTCUSDT,5m,100665.3827889,100754.2750715,100195.34472317,100712.80989206,728.86506
1738509000000000,BTCUSDT,5m,100712.80989206,101030.75005317,100712.79945307,101009.68418178,63.28098
1738509300000000,BTCUSDT,5m,101009.68418178,101045.75806814,100978.09197987,101015.26791979,19.1411
1738509600000000,BTCUSDT,5m,101015.26791979,101127.37910155,101015.26791979,101088.20609905,30.31006
1738509900000000,BTCUSDT,5m,101088.20609905,101125.95940667,100914.8115998,100916.67932875,39.66233
1738510200000000,BTCUSDT,5m,100916.67932875,100942.60539114,100832.20184706,100903.44666651,30.21034
1738510500000000,BTCUSDT,5m,100903.44666651,100939.15204695,100884.50900616,100939.14166446,14.62746
1738510800000000,BTCUSDT,5m,100939.14166446,101108.09634577,100938.56506311,101085.34680132,46.05755
1738511100000000,BTCUSDT,5m,101085.34680132,101306.18718325,101058.32215737,101184.87887802,131.79909
1738511400000000,BTCUSDT,5m,101184.87887802,101278.61061728,101184.86851519,101278.61061728,12.38821
1738511700000000,BTCUSDT,5m,101278.61061728,101463.55762789,101271.56542108,101459.10132908,50.85553
1738512000000000,BTCUSDT,5m,101459.10132908,101459.10132908,101407.25208765,101425.59650119,10.99216
1738512300000000,BTCUSDT,5m,101425.59650119,101486.82779391,101425.58676648,101467.97167086,14.06354
1738512600000000,BTCUSDT,5m,101467.97167086,101467.97167086,101393.54421397,101423.12597438,31.43703
1738512900000000,BTCUSDT,5m,101423.12597438,101431.20411864,101363.73396256,101370.73225206,12.16875
1738513200000000,BTCUSDT,5m,101370.73225206,101465.65740426,101347.87664777,101417.43538561,47.90373
1738513500000000,BTCUSDT,5m,101417.43538561,101565.51502023,101406.63215472,101536.59250999,43.2567
1738513800000000,BTCUSDT,5m,101536.59250999,101587.58526951,101448.94560793,101457.09097294,35.49604
1738514100000000,BTCUSDT,5m,101457.09097294,101508.72376391,101437.08851367,101463.71298332,16.25885
1738514400000000,BTCUSDT,5m,101463.71298332,101537.87114132,101439.15472695,101521.84574937,51.14865
1738514700000000,BTCUSDT,5m,101521.84574937,101784.45111436,101521.84574937,101702.48209919,40.39979
1738515000000000,BTCUSDT,5m,101702.48209919,101806.16348691,101554.14442084,101588.621557,155.36061
1738515300000000,BTCUSDT,5m,101588.621557,101607.88832353,101415.41527207,101565.66794009,102.61849
1738515600000000,BTCUSDT,5m,101565.66794009,101565.6784971,101482.27810928,101526.37474471,36.49611
1738515900000000,BTCUSDT,5m,101526.37474471,101541.1651713,101259.8962109,101274.82711644,57.87275
1738516200000000,BTCUSDT,5m,101274.82711644,101308.58687776,101245.43950357,101245.43950357,30.05426
1738516500000000,BTCUSDT,5m,101245.43950357,101245.44979813,101160.62261814,101207.81288429,48.78404
1738516800000000,BTCUSDT,5m,101207.81288429,101474.41420178,100947.59759597,101082.23808881,244.60716
1738517100000000,BTCUSDT,5m,101082.23808881,101106.67160285,100823.5278457,100940.26574609,199.30377
1738517400000000,BTCUSDT,5m,100940.26574609,100980.07280437,100879.64243821,100980.06243255,22.93884
1738517700000000,BTCUSDT,5m,100980.06243255,101021.28686428,100947.50240451,100947.50240451,23.93787
1738518000000000,BTCUSDT,5m,100947.50240451,101038.26916827,100713.45197294,100733.35301467,61.53222
1738518300000000,BTCUSDT,5m,100733.35301467,100750.03980556,100651.98524361,100718.02969506,36.21468
1738518600000000,BTCUSDT,5m,100718.02969506,100728.09327846,100514.82574067,100647.82982531,64.16647
1738518900000000,BTCUSDT,5m,100647.82982531,100647.82982531,100524.75899989,100586.38081178,31.27244
1738519200000000,BTCUSDT,5m,100586.38081178,100661.58604337,100406.94359496,100441.81909645,66.18302
1738519500000000,BTCUSDT,5m,100441.81909645,100443.06396464,100179.53202132,100206.58652307,124.79791
1738519800000000,BTCUSDT,5m,100206.58652307,100266.98128861,99984.66250456,100054.96745788,139.87159
1738520100000000,BTCUSDT,5m,100054.96745788,100096.41047623,99986.19276893,100024.77621901,56.3307
1738520400000000,BTCUSDT,5m,100024.77621901,100052.43610762,100016.46898786,100036.77898422,17.37051
1738520700000000,BTCUSDT,5m,100036.77898422,100160.4431259,100013.93538341,100088.42404389,126.51673
1738521000000000,BTCUSDT,5m,100088.42404389,100218.4881938,100037.5484034,100088.32227225,68.08243
1738521300000000,BTCUSDT,5m,100088.32227225,100088.32227225,99972.99729266,100011.0275918,56.50732
1738521600000000,BTCUSDT,5m,100011.0275918,100018.03305399,99950.76621508,99978.21199061,16.37869
1738521900000000,BTCUSDT,5m,99978.21199061,100057.28923765,99943.16603755,99989.02979966,33.33065
1738522200000000,BTCUSDT,5m,99989.02979966,100140.74308854,99872.5711396,100079.98553812,72.82177
1738522500000000,BTCUSDT,5m,100079.98553812,100209.02542675,100030.93713513,100193.79331988,103.3218
1738522800000000,BTCUSDT,5m,100193.79331988,100195.88485304,100177.02983764,100195.87444741,11.35297
1738523100000000,BTCUSDT,5m,100195.87444741,100252.82774284,100195.86416146,100252.8174569,13.18742
1738523400000000,BTCUSDT,5m,100252.8174569,100438.54989576,100252.80693977,100388.45682632,31.31171
1738523700000000,BTCUSDT,5m,100388.45682632,100388.45682632,100323.83440368,100352.6988106,35.22525
1738524000000000,BTCUSDT,5m,100352.6988106,100352.70932006,99966.26609285,100244.04153921,94.72656
1738524300000000,BTCUSDT,5m,100244.04153921,100293.73721082,100220.15202215,100262.49406427,27.50467
1738524600000000,BTCUSDT,5m,100262.49406427,100469.97440941,100183.43317447,100469.96450203,35.38531
1738524900000000,BTCUSDT,5m,100469.96450203,100487.54356901,100313.40455298,100330.05785222,69.93485
1738525200000000,BTCUSDT,5m,100330.05785222,100406.13062933,100330.05785222,100401.75874972,32.96562
1738525500000000,BTCUSDT,5m,100401.75874972,100424.35212174,100118.03615896,100153.78672669,175.04978
1738525800000000,BTCUSDT,5m,100153.78672669,100175.97317929,100144.69657651,100153.81534207,14.93026
1738526100000000,BTCUSDT,5m,100153.81534207,100175.437831,100109.79887713,100121.85075621,22.51507
1738526400000000,BTCUSDT,5m,100121.85075621,100177.27987962,100121.85075621,100146.57393799,17.08653
1738526700000000,BTCUSDT,5m,100146.57393799,100207.6490448,100003.99622685,100013.85741982,28.68044
1738527000000000,BTCUSDT,5m,100013.85741982,100128.95654836,99990.29538468,100048.63000121,51.39223
1738527300000000,BTCUSDT,5m,100048.63000121,100067.7203702,99952.1653539,99952.1653539,16.74423
1738527600000000,BTCUSDT,5m,99952.1653539,100158.15609378,99945.02044957,100158.15609378,34.50275
1738527900000000,BTCUSDT,5m,100158.15609378,100158.16639364,100080.32003576,100095.06943831,14.72252
1738528200000000,BTCUSDT,5m,100095.06943831,100205.02493751,100095.05961911,100195.20572879,51.65166
1738528500000000,BTCUSDT,5m,100195.20572879,100289.63827663,100187.70032704,100287.64726034,38.76263
1738528800000000,BTCUSDT,5m,100287.64726034,100654.11092447,100092.71227932,100607.29832867,138.07134
1738529100000000,BTCUSDT,5m,100607.29832867,100625.47054736,100601.6091852,100601.61951033,11.13923
1738529400000000,BTCUSDT,5m,100601.61951033,100610.42229897,100571.58708465,100610.41179445,19.07589
1738529700000000,BTCUSDT,5m,100610.41179445,100843.12106523,100426.05731083,100781.57050332,331.92015
1738530000000000,BTCUSDT,5m,100781.57050332,100842.2260508,100432.88872885,100559.83777549,152.48926
1738530300000000,BTCUSDT,5m,100559.83777549,100594.48823484,100559.83777549,100565.42689252,16.16251
1738530600000000,BTCUSDT,5m,100565.42689252,100576.68184884,100489.71084054,100521.5835435,15.56486
1738530900000000,BTCUSDT,5m,100521.5835435,100521.5835435,100088.8418702,100097.24364775,398.55579
1738531200000000,BTCUSDT,5m,100097.24364775,100177.51078995,100069.48762435,100177.51078995,28.20466
1738531500000000,BTCUSDT,5m,100177.51078995,100186.68848243,100046.93210589,100054.54413141,104.19672
1738531800000000,BTCUSDT,5m,100054.54413141,100054.55436997,99971.48895131,99997.43345653,45.28347
1738532100000000,BTCUSDT,5m,99997.43345653,100035.46122831,99917.35535707,99977.50214561,61.14541
1738532400000000,BTCUSDT,5m,99977.50214561,100099.21896821,99923.95005766,100061.49120639,37.97788
1738532700000000,BTCUSDT,5m,100061.49120639,100088.90854044,100002.00675507,100022.73618508,26.0744
1738533000000000,BTCUSDT,5m,100022.73618508,100236.36938186,99947.09582132,100177.79585011,180.0032
1738533300000000,BTCUSDT,5m,100177.79585011,100189.90692545,100051.20944572,100174.9819739,44.09061
1738533600000000,BTCUSDT,5m,100174.9819739,100174.9819739,100027.31325885,100053.06004056,53.46759
1738533900000000,BTCUSDT,5m,100053.06004056,100150.29910992,100053.04979516,100094.75880911,55.73476
1738534200000000,BTCUSDT,5m,100094.75880911,100170.97856989,100088.07450657,100088.08490207,49.01127
1738534500000000,BTCUSDT,5m,100088.08490207,100317.71420498,100012.28351137,100315.82494296,129.82933
1738534800000000,BTCUSDT,5m,100315.82494296,100344.49870218,100186.62858913,100277.98380265,47.55797
1738535100000000,BTCUSDT,5m,100277.98380265,100474.10427336,100131.99831775,100429.06239788,170.32637
1738535400000000,BTCUSDT,5m,100429.06239788,100439.03834958,100265.27365659,100303.40396086,40.99809
1738535700000000,BTCUSDT,5m,100303.40396086,100416.34225094,100292.19264385,100318.23549156,81.9048
1738536000000000,BTCUSDT,5m,100318.23549156,100337.98033612,100136.6773193,100260.84957879,95.59038
1738536300000000,BTCUSDT,5m,100260.84957879,100272.52430447,100239.15309394,100271.49509891,9.06678
1738536600000000,BTCUSDT,5m,100271.49509891,100343.31400088,100258.26119434,100290.75292704,44.48991
1738536900000000,BTCUSDT,5m,100290.75292704,100875.86644785,100290.74252151,100740.14708216,197.40078
1738537200000000,BTCUSDT,5m,100740.14708216,100862.47929159,100661.36775387,100677.53793001,83.16622
1738537500000000,BTCUSDT,5m,100677.53793001,100714.12500896,100547.4149186,100680.21629447,34.82341
1738537800000000,BTCUSDT,5m,100680.21629447,100680.21629447,100567.84922358,100582.70353019,30.78848
1738538100000000,BTCUSDT,5m,100582.70353019,100604.23855055,100552.35208918,100559.31132299,9.69344
1738538400000000,BTCUSDT,5m,100559.31132299,100586.82368642,100523.90034397,100563.74753175,29.84527
1738538700000000,BTCUSDT,5m,100563.74753175,100619.54662861,100529.72849529,100583.64694498,42.77449
1738539000000000,BTCUSDT,5m,100583.64694498,100640.96123758,100583.64694498,100640.95096988,13.8893
1738539300000000,BTCUSDT,5m,100640.95096988,100712.77164977,100527.78529323,100699.19800933,83.29796
1738539600000000,BTCUSDT,5m,100699.19800933,100699.19800933,100618.02848216,100672.15458369,29.06412
1738539900000000,BTCUSDT,5m,100672.15458369,101059.98517243,100576.94570023,100914.2120349,701.22203
1738540200000000,BTCUSDT,5m,100914.2120349,100941.36988875,100852.60471543,100907.24472724,29.64505
1738540500000000,BTCUSDT,5m,100907.24472724,101011.15200961,100819.2067062,100952.10931179,95.64023
1738540800000000,BTCUSDT,5m,100952.10931179,100952.11968155,100818.57783447,100873.09169455,85.26562
1738541100000000,BTCUSDT,5m,100873.09169455,100896.95047832,100620.31701063,100778.77023692,77.84166
1738541400000000,BTCUSDT,5m,100778.77023692,100778.77023692,100598.05807306,100658.08473207,52.91504
1738541700000000,BTCUSDT,5m,100658.08473207,100775.90108162,100658.07439186,100753.16296045,17.84166
1738542000000000,BTCUSDT,5m,100753.16296045,100868.13884015,100578.97298116,100765.94388784,126.19135
1738542300000000,BTCUSDT,5m,100765.94388784,100852.14968784,100714.39858397,100852.13920689,29.52138
1738542600000000,BTCUSDT,5m,100852.13920689,100902.38461485,100751.96229398,100879.42784161,27.90475
1738542900000000,BTCUSDT,5m,100879.42784161,100924.2336534,100812.81351894,100915.76483948,79.19666
1738543200000000,BTCUSDT,5m,100915.76483948,100954.48068947,100879.68322055,100891.36409369,38.12837
1738543500000000,BTCUSDT,5m,100891.36409369,101083.44612733,100878.05079452,100956.3834482,91.95944
1738543800000000,BTCUSDT,5m,100956.3834482,101014.82590276,100951.91974132,100985.56842728,37.29562
1738544100000000,BTCUSDT,5m,100985.56842728,101005.50006442,100925.42092707,100935.05489736,22.83121
1738544400000000,BTCUSDT,5m,100935.05489736,100996.73379642,100935.04450321,100996.72340227,42.63924
1738544700000000,BTCUSDT,5m,100996.72340227,101177.04369946,100964.69502311,101077.74004947,85.23055
1738545000000000,BTCUSDT,5m,101077.74004947,101077.75022825,100539.14023894,100979.96271682,459.8065
1738545300000000,BTCUSDT,5m,100979.96271682,101087.35169551,100953.38660427,101051.41765138,67.58429
1738545600000000,BTCUSDT,5m,101051.41765138,101051.41765138,100912.99597627,100913.00642635,34.81508
1738545900000000,BTCUSDT,5m,100913.00642635,100949.2533685,100754.13395163,100841.0364932,45.39458
1738546200000000,BTCUSDT,5m,100841.0364932,101128.64104583,100841.02603676,101054.11795379,220.65702
1738546500000000,BTCUSDT,5m,101054.11795379,101054.12758074,100995.29727544,101014.6667034,17.95977
1738546800000000,BTCUSDT,5m,101014.6667034,101185.43534945,100927.7755982,100936.20353314,138.86434
1738547100000000,BTCUSDT,5m,100936.20353314,100936.20353314,100907.4430969,100915.60848771,15.02921
1738547400000000,BTCUSDT,5m,100915.60848771,100915.60848771,100795.02108255,100831.88589513,27.53898
1738547700000000,BTCUSDT,5m,100831.88589513,100928.59151129,100787.82636153,100809.92394433,41.59233
1738548000000000,BTCUSDT,5m,100809.92394433,100960.84587576,100809.92394433,100960.53751784,34.4724
1738548300000000,BTCUSDT,5m,100960.53751784,100970.4523891,100916.93092989,100916.94139966,16.97252
1738548600000000,BTCUSDT,5m,100916.94139966,101060.68753398,100859.23033699,101060.67731239,72.44807
1738548900000000,BTCUSDT,5m,101060.67731239,101060.89855087,101000.17339899,101021.47962605,15.53348
1738549200000000,BTCUSDT,5m,101021.47962605,101021.47962605,100839.34065239,100912.97019466,46.92976
1738549500000000,BTCUSDT,5m,100912.97019466,101007.69142036,100806.26418846,101007.68177855,70.87667
1738549800000000,BTCUSDT,5m,101007.68177855,101011.597491,100817.28763955,100880.08661584,60.31112
1738550100000000,BTCUSDT,5m,100880.08661584,100914.68621622,100488.77616251,100598.0988325,324.33465
1738550400000000,BTCUSDT,5m,100598.0988325,100723.10111564,100597.72457416,100697.46441985,16.23405
1738550700000000,BTCUSDT,5m,100697.46441985,100778.99876687,100697.45481288,100735.11413187,47.98464
1738551000000000,BTCUSDT,5m,100735.11413187,100740.24976712,100661.6580478,100661.6580478,21.12671
1738551300000000,BTCUSDT,5m,100661.6580478,100672.19842584,100633.65757505,100658.48348512,24.11939
1738551600000000,BTCUSDT,5m,100658.48348512,100837.23480379,100505.94055192,100717.07745035,162.8928
1738551900000000,BTCUSDT,5m,100717.07745035,100748.63336442,100614.56787985,100744.48414389,67.13951
1738552200000000,BTCUSDT,5m,100744.48414389,100753.0003483,100590.55400665,100607.57611776,49.35387
1738552500000000,BTCUSDT,5m,100607.57611776,100611.67396769,100490.544631,100548.80790021,35.59201
1738552800000000,BTCUSDT,5m,100548.80790021,100639.73153633,100499.49601344,100639.72120058,75.91481
1738553100000000,BTCUSDT,5m,100639.72120058,100793.59625479,100447.65123701,100617.13081317,170.89162
1738553400000000,BTCUSDT,5m,100617.13081317,100881.92959383,100617.12048117,100826.31244778,65.2683
1738553700000000,BTCUSDT,5m,100826.31244778,100861.15672732,100790.38910606,100804.12357704,21.80797
1738554000000000,BTCUSDT,5m,100804.12357704,101187.91639512,100804.12357704,101054.8992226,277.89494
1738554300000000,BTCUSDT,5m,101054.8992226,101437.69722637,101054.8992226,101364.12953812,87.07836
1738554600000000,BTCUSDT,5m,101364.12953812,101503.2544361,101364.11933535,101431.91670607,53.76982
1738554900000000,BTCUSDT,5m,101431.91670607,101504.283598,101378.15221059,101494.12962467,59.39287
1738555200000000,BTCUSDT,5m,101494.12962467,102235.19787272,101403.09432574,102145.6866479,262.83061
1738555500000000,BTCUSDT,5m,102145.6866479,102352.87858281,102102.55433745,102352.86812649,46.45592
1738555800000000,BTCUSDT,5m,102352.86812649,102640.66013662,102287.35739741,102604.02405326,134.19956
1738556100000000,BTCUSDT,5m,102604.02405326,102787.8969069,102551.12527965,102645.18139804,127.98211
1738556400000000,BTCUSDT,5m,102645.18139804,102675.22592302,102635.67632563,102640.98642195,19.6712
1738556700000000,BTCUSDT,5m,102640.98642195,102837.15551288,102501.80586069,102797.45724588,115.81119
1738557000000000,BTCUSDT,5m,102797.45724588,102816.62625394,102767.84486948,102798.1633061,16.84011
1738557300000000,BTCUSDT,5m,102798.1633061,102826.45530034,102702.53573987,102802.85604381,32.4116
1738557600000000,BTCUSDT,5m,102802.85604381,102824.54833567,102732.90207506,102759.86319447,50.43852
1738557900000000,BTCUSDT,5m,102759.86319447,102759.86319447,102578.70786133,102606.30286854,33.96841
1738558200000000,BTCUSDT,5m,102606.30286854,102606.31267125,102447.94006699,102456.14493637,24.93054
1738558500000000,BTCUSDT,5m,102456.14493637,102570.91468536,102450.7426171,102450.7426171,57.53362
1738558800000000,BTCUSDT,5m,102450.7426171,102450.7426171,102411.73373033,102450.69386818,8.98292
1738559100000000,BTCUSDT,5m,102450.69386818,102489.59225935,102442.06027165,102442.07076205,18.94711
1738559400000000,BTCUSDT,5m,102442.07076205,102512.76435855,102371.96461789,102491.56362275,46.85707
1738559700000000,BTCUSDT,5m,102491.56362275,102504.86518573,102436.65204225,102436.65204225,15.06424
1738560000000000,BTCUSDT,5m,102436.65204225,102554.72420423,102229.05192903,102489.50175576,160.03597
1738560300000000,BTCUSDT,5m,102489.50175576,102557.49814777,102466.31298619,102507.58079646,50.67643
1738560600000000,BTCUSDT,5m,102507.58079646,102555.78302721,102403.8149288,102438.87790553,71.32091
1738560900000000,BTCUSDT,5m,102438.87790553,102497.1924803,102398.58509598,102497.18243472,19.94889
1738561200000000,BTCUSDT,5m,102497.18243472,102620.50497221,102384.83567304,102384.83567304,31.6059
1738561500000000,BTCUSDT,5m,102384.83567304,102384.83567304,102293.84201999,102326.48740688,20.38291
1738561800000000,BTCUSDT,5m,102326.48740688,102412.13679563,102318.02583979,102365.00139107,28.79626
1738562100000000,BTCUSDT,5m,102365.00139107,102428.88640793,102332.75566407,102428.88640793,34.52081
1738562400000000,BTCUSDT,5m,102428.88640793,102464.74648207,102293.98517319,102305.62300776,35.83969
1738562700000000,BTCUSDT,5m,102305.62300776,102526.83656834,102305.62300776,102427.41203502,83.7563
1738563000000000,BTCUSDT,5m,102427.41203502,102471.65239465,102128.19956283,102175.55910174,160.10954
1738563300000000,BTCUSDT,5m,102175.55910174,102349.36680234,102175.55910174,102345.14728678,40.66731
1738563600000000,BTCUSDT,5m,102345.14728678,102345.14728678,102157.20158859,102207.77199467,58.23042
1738563900000000,BTCUSDT,5m,102207.77199467,102267.05678804,101868.74200896,102106.30156744,303.40682
1738564200000000,BTCUSDT,5m,102106.30156744,102125.57000981,101952.79135296,101998.4131611,36.4323
1738564500000000,BTCUSDT,5m,101998.4131611,102015.31113117,101838.22125177,101933.28821501,33.96053
1738564800000000,BTCUSDT,5m,101933.28821501,102189.78036608,101933.27757351,102115.1302213,157.71814
1738565100000000,BTCUSDT,5m,102115.1302213,102222.6688602,102056.66921611,102197.34976298,52.18867
1738565400000000,BTCUSDT,5m,102197.34976298,102572.32239058,102177.41035031,102474.51511538,146.17532
1738565700000000,BTCUSDT,5m,102474.51511538,102581.79059792,102401.71169976,102581.78013917,49.99423
1738566000000000,BTCUSDT,5m,102581.78013917,102628.63161986,102561.91823153,102578.35768969,12.57924
1738566300000000,BTCUSDT,5m,102578.35768969,102648.79827153,102412.22904365,102459.64892653,85.95016
1738566600000000,BTCUSDT,5m,102459.64892653,102780.0622293,102389.02664007,102778.44750685,95.16789
1738566900000000,BTCUSDT,5m,102778.44750685,103306.43692802,102763.5360942,103284.70218897,191.42932
1738567200000000,BTCUSDT,5m,103284.70218897,103324.41101014,103247.23395734,103293.86823705,20.31377
1738567500000000,BTCUSDT,5m,103293.86823705,103408.92047011,103172.46342672,103330.44926181,177.36004
1738567800000000,BTCUSDT,5m,103330.44926181,103392.08687222,103277.34919122,103379.92062598,33.51407
1738568100000000,BTCUSDT,5m,103379.92062598,103401.43740781,103377.89314431,103396.27847541,20.78259
1738568400000000,BTCUSDT,5m,103396.27847541,103436.86232773,103375.91127448,103401.87031516,37.83637
1738568700000000,BTCUSDT,5m,103401.87031516,103460.30849559,103401.86049031,103460.29867074,23.2587
1738569000000000,BTCUSDT,5m,103460.29867074,103460.30928792,103387.18878495,103396.19215166,16.57721
1738569300000000,BTCUSDT,5m,103396.19215166,103788.60724355,103381.63509121,103672.78690247,181.2333
1738569600000000,BTCUSDT,5m,103672.78690247,103672.78690247,103573.68692965,103600.04855159,18.3331
1738569900000000,BTCUSDT,5m,103600.04855159,103717.02238624,103600.04855159,103705.31874972,118.37743
1738570200000000,BTCUSDT,5m,103705.31874972,103837.20817212,103625.83664055,103754.00635155,61.4569
1738570500000000,BTCUSDT,5m,103754.00635155,103761.95446763,103620.74329805,103652.49262471,46.96708
1738570800000000,BTCUSDT,5m,103652.49262471,103687.99085105,103570.34383918,103629.06103117,47.80469
1738571100000000,BTCUSDT,5m,103629.06103117,103803.68386275,103438.56250028,103438.56250028,112.58195
1738571400000000,BTCUSDT,5m,103438.56250028,103438.56250028,103306.06728824,103309.33852719,42.61529
1738571700000000,BTCUSDT,5m,103309.33852719,103386.30547602,103307.63954831,103364.05846957,45.91099
1738572000000000,BTCUSDT,5m,103364.05846957,103450.46771209,103312.62635557,103408.28124306,223.34762
1738572300000000,BTCUSDT,5m,103408.28124306,103529.7439761,103384.09008437,103480.58097172,39.8197
1738572600000000,BTCUSDT,5m,103480.58097172,103696.10352571,103480.57076415,103642.41172719,39.81715
1738572900000000,BTCUSDT,5m,103642.41172719,103642.42235707,103642.41172719,103642.41172719,44.56694
1738573200000000,BTCUSDT,5m,103642.41172719,103653.49848006,103476.32446409,103489.91536771,39.26249
1738573500000000,BTCUSDT,5m,103489.91536771,103489.91536771,103395.26955827,103408.18265858,40.87778
1738573800000000,BTCUSDT,5m,103408.18265858,103439.09194595,103408.18265858,103418.40404016,12.41277
1738574100000000,BTCUSDT,5m,103418.40404016,103418.40404016,103272.99183879,103305.53487992,76.13055
1738574400000000,BTCUSDT,5m,103305.53487992,103830.61525962,103305.52423309,103828.94370725,429.60216
1738574700000000,BTCUSDT,5m,103828.94370725,103832.65432099,103734.52564771,103734.5363104,47.2819
1738575000000000,BTCUSDT,5m,103734.5363104,104265.82019623,103734.5363104,104201.8497985,154.67029
1738575300000000,BTCUSDT,5m,104201.8497985,104201.8497985,104095.67018082,104104.5489237,19.54232
1738575600000000,BTCUSDT,5m,104104.5489237,104207.97810022,104012.41237009,104080.26545776,121.63435
1738575900000000,BTCUSDT,5m,104080.26545776,104087.89175505,104015.12281624,104063.80130957,11.69894
1738576200000000,BTCUSDT,5m,104063.80130957,104105.99498711,104063.79064653,104074.88021555,22.68471
1738576500000000,BTCUSDT,5m,104074.88021555,104136.33743111,103941.81535041,104113.7448671,140.79025
1738576800000000,BTCUSDT,5m,104113.7448671,104282.96322855,104046.09403829,104174.08180253,217.64881
1738577100000000,BTCUSDT,5m,104174.08180253,104191.59505447,103878.07058261,103937.20043139,90.48894
1738577400000000,BTCUSDT,5m,103937.20043139,104079.62562243,103628.28879973,103814.67592096,208.71195
1738577700000000,BTCUSDT,5m,103814.67592096,103915.74959001,103814.67592096,103888.60275404,49.12112
1738578000000000,BTCUSDT,5m,103888.60275404,104147.31320119,103858.32686911,104066.50583217,28.42782
1738578300000000,BTCUSDT,5m,104066.50583217,104285.51706252,103972.19221205,104150.68073812,238.6267
1738578600000000,BTCUSDT,5m,104150.68073812,104216.85338223,104120.47365337,104210.46725382,37.71386
1738578900000000,BTCUSDT,5m,104210.46725382,104273.52193429,103824.68505282,103835.63460495,162.50391
1738579200000000,BTCUSDT,5m,103835.63460495,103880.25859401,103776.8341851,103806.53718294,56.79045
1738579500000000,BTCUSDT,5m,103806.53718294,103942.03899008,103806.52654116,103898.81207257,59.32621
1738579800000000,BTCUSDT,5m,103898.81207257,103915.6560554,103347.00576333,103569.87284494,317.37869
1738580100000000,BTCUSDT,5m,103569.87284494,103739.82875251,103525.17013909,103606.59777287,241.21058
1738580400000000,BTCUSDT,5m,103606.59777287,103725.60140327,103606.59777287,103684.72293092,55.97169
1738580700000000,BTCUSDT,5m,103684.72293092,103866.01998476,103444.16448908,103739.854012,174.08482
1738581000000000,BTCUSDT,5m,103739.854012,103739.854012,103622.81524061,103622.82598994,21.01849
1738581300000000,BTCUSDT,5m,103622.82598994,103622.82598994,103194.4609108,103285.85904119,356.85883
1738581600000000,BTCUSDT,5m,103285.85904119,103287.77601762,103208.94568711,103208.95633698,18.11534
1738581900000000,BTCUSDT,5m,103208.95633698,103221.85696107,103173.18691299,103203.98299064,35.81331
1738582200000000,BTCUSDT,5m,103203.98299064,103214.5379076,103151.21823352,103174.26411831,20.29504
1738582500000000,BTCUSDT,5m,103174.26411831,103518.95766267,103153.43296443,103491.36740962,63.81126
1738582800000000,BTCUSDT,5m,103491.36740962,103506.1570782,103422.270078,103502.30638631,33.42696
1738583100000000,BTCUSDT,5m,103502.30638631,103519.67718044,103243.53924279,103243.53924279,37.92457
1738583400000000,BTCUSDT,5m,103243.53924279,103307.52991483,103187.98223392,103216.40792594,50.91996
1738583700000000,BTCUSDT,5m,103216.40792594,103216.40792594,103170.58557983,103170.59617459,16.90076
1738584000000000,BTCUSDT,5m,103170.59617459,103328.02136039,103168.41518094,103328.02136039,52.41535
1738584300000000,BTCUSDT,5m,103328.02136039,103338.38005927,103292.33240564,103338.38005927,9.93556
1738584600000000,BTCUSDT,5m,103338.38005927,103432.51006883,103267.07657703,103267.08680856,36.79926
1738584900000000,BTCUSDT,5m,103267.08680856,103301.16772401,103231.06085496,103301.16772401,22.1563
1738585200000000,BTCUSDT,5m,103301.16772401,103301.16772401,103198.04270145,103201.71691928,18.57127
1738585500000000,BTCUSDT,5m,103201.71691928,103271.79767748,103153.09610847,103258.69643888,19.31447
1738585800000000,BTCUSDT,5m,103258.69643888,103341.2060948,103251.05784964,103264.0251875,111.01532
1738586100000000,BTCUSDT,5m,103264.0251875,103294.6848727,103141.01887641,103199.30038661,25.83903
1738586400000000,BTCUSDT,5m,103199.30038661,103408.92749954,103143.04869929,103380.08811467,60.67051
1738586700000000,BTCUSDT,5m,103380.08811467,103505.45226962,103380.08811467,103470.99152565,99.7887
1738587000000000,BTCUSDT,5m,103470.99152565,103527.6356658,103470.99152565,103490.89817144,29.69451
1738587300000000,BTCUSDT,5m,103490.89817144,103669.04706599,103416.87623553,103607.25030377,76.60918
1738587600000000,BTCUSDT,5m,103607.25030377,103624.34648734,103595.42383892,103608.81095124,14.16738
1738587900000000,BTCUSDT,5m,103608.81095124,103703.98633125,103608.80032898,103687.20317272,24.0466
1738588200000000,BTCUSDT,5m,103687.20317272,103737.52097831,103646.26262921,103706.20588677,37.90809
1738588500000000,BTCUSDT,5m,103706.20588677,103818.43321486,103706.19511433,103760.19737922,64.28861
1738588800000000,BTCUSDT,5m,103760.19737922,103892.76940874,103760.19737922,103839.4371127,38.99338
1738589100000000,BTCUSDT,5m,103839.4371127,103972.29749532,103839.42629609,103972.29749532,23.32104
1738589400000000,BTCUSDT,5m,103972.29749532,104102.74864881,103972.29749532,104102.74864881,33.12538
1738589700000000,BTCUSDT,5m,104102.74864881,104291.24924911,104085.71578269,104285.84131412,70.29255
1738590000000000,BTCUSDT,5m,104285.84131412,104311.71656183,104263.48236401,104311.71656183,4.0238
1738590300000000,BTCUSDT,5m,104311.71656183,104311.71656183,104119.82115905,104256.7408384,109.28241
1738590600000000,BTCUSDT,5m,104256.7408384,104256.7408384,104129.54215395,104153.8376328,29.79999
1738590900000000,BTCUSDT,5m,104153.8376328,104241.48500969,104149.35566466,104241.48500969,43.03648
1738591200000000,BTCUSDT,5m,104241.48500969,104241.49584123,104091.05664396,104091.05664396,21.23262
1738591500000000,BTCUSDT,5m,104091.05664396,104098.47451146,103682.98939729,103863.11043636,190.21497
1738591800000000,BTCUSDT,5m,103863.11043636,103976.27165341,103802.97923362,103931.51393806,60.36715
1738592100000000,BTCUSDT,5m,103931.51393806,103935.41920892,103824.7970585,103874.73966084,22.45536
1738592400000000,BTCUSDT,5m,103874.73966084,103892.6173572,103840.84117801,103866.05761934,31.29714
1738592700000000,BTCUSDT,5m,103866.05761934,104114.41527545,103774.21730365,104108.29188147,156.66836
1738593000000000,BTCUSDT,5m,104108.29188147,104143.79717521,104008.31351508,104008.32365076,36.38004
1738593300000000,BTCUSDT,5m,104008.32365076,104163.88723249,104006.72034623,104163.87647206,45.57383
1738593600000000,BTCUSDT,5m,104163.87647206,104208.82808402,104128.93095246,104207.36615494,16.62649
1738593900000000,BTCUSDT,5m,104207.36615494,104294.01410815,104042.86108898,104052.96624628,138.34467
1738594200000000,BTCUSDT,5m,104052.96624628,105110.34819843,104052.96624628,105018.4275935,681.87279
1738594500000000,BTCUSDT,5m,105018.4275935,105022.72063047,104968.45664318,104968.45664318,24.59339
1738594800000000,BTCUSDT,5m,104968.45664318,105018.81590286,104819.7281002,104932.93937919,74.68895
1738595100000000,BTCUSDT,5m,104932.93937919,105106.13702073,104849.6281708,104923.7898413,113.30342
1738595400000000,BTCUSDT,5m,104923.7898413,104935.93255474,104904.125093,104923.7898413,12.8279
1738595700000000,BTCUSDT,5m,104923.7898413,105306.64396181,104509.63159967,105177.00190309,416.85193
1738596000000000,BTCUSDT,5m,105177.00190309,105256.0370246,105137.83842312,105194.16945596,50.09478
1738596300000000,BTCUSDT,5m,105194.16945596,105245.70173265,105005.0554239,105182.71313309,63.0405
1738596600000000,BTCUSDT,5m,105182.71313309,105487.57039093,105182.71313309,105446.73018844,110.82188
1738596900000000,BTCUSDT,5m,105446.73018844,105475.01720453,105338.60565666,105352.25327951,57.60803
1738597200000000,BTCUSDT,5m,105352.25327951,105352.26423511,105221.41055655,105248.18604135,29.8558
1738597500000000,BTCUSDT,5m,105248.18604135,105248.18604135,105109.83526545,105173.05882304,56.90312
1738597800000000,BTCUSDT,5m,105173.05882304,105301.80553039,104946.76583351,104969.88008494,171.89273
1738598100000000,BTCUSDT,5m,104969.88008494,105025.89554857,104969.88008494,105025.88475145,14.24613
1738598400000000,BTCUSDT,5m,105025.88475145,105072.61099472,104950.17093134,104950.17093134,27.34097
1738598700000000,BTCUSDT,5m,104950.17093134,105160.88962682,104950.17093134,105074.5067817,31.07018
1738599000000000,BTCUSDT,5m,105074.5067817,105419.77150697,105074.5067817,105345.35717357,69.92078
1738599300000000,BTCUSDT,5m,105345.35717357,105390.0136063,105183.95101305,105275.03265614,102.68087
1738599600000000,BTCUSDT,5m,105275.03265614,105318.83206959,105162.44570232,105167.62906485,44.54981
1738599900000000,BTCUSDT,5m,105167.62906485,105271.72654299,105167.61829875,105236.54290885,55.63589
1738600200000000,BTCUSDT,5m,105236.54290885,105305.47627266,105205.73602452,105305.47627266,35.817
1738600500000000,BTCUSDT,5m,105305.47627266,105919.28140664,105219.59692826,105907.75254499,628.97715
1738600800000000,BTCUSDT,5m,105907.75254499,105910.77015156,105820.65893294,105910.75917844,21.31711
1738601100000000,BTCUSDT,5m,105910.75917844,105954.10841527,105863.23249246,105914.6522986,28.59985
1738601400000000,BTCUSDT,5m,105914.6522986,106069.8564055,105884.43404932,106053.61973424,100.47049
1738601700000000,BTCUSDT,5m,106053.61973424,106054.55699751,105910.32259422,105972.6193596,77.68443
1738602000000000,BTCUSDT,5m,105972.6193596,106215.31002413,105944.11641346,106195.34921189,44.3961
1738602300000000,BTCUSDT,5m,106195.34921189,106301.36050822,106145.12770957,106243.7003667,94.32382
1738602600000000,BTCUSDT,5m,106243.7003667,106244.19734867,106129.31720613,106146.976632,75.12725
1738602900000000,BTCUSDT,5m,106146.976632,106197.53589366,105883.45063481,106197.53589366,140.47225
1738603200000000,BTCUSDT,5m,106197.53589366,106312.95494002,106087.24705771,106286.89774629,64.10951
1738603500000000,BTCUSDT,5m,106286.89774629,106722.60398167,105660.72430978,105798.09183969,1341.10644
1738603800000000,BTCUSDT,5m,105798.09183969,105823.92520807,105795.75913318,105823.92520807,21.39798
1738604100000000,BTCUSDT,5m,105823.92520807,106445.09411956,105823.91465958,106138.56555809,568.16967
1738604400000000,BTCUSDT,5m,106138.56555809,106299.43657807,106047.11560008,106226.08035422,239.81201
1738604700000000,BTCUSDT,5m,106226.08035422,106518.10405005,106212.97334635,106503.51385185,78.17225
1738605000000000,BTCUSDT,5m,106503.51385185,106503.51385185,106429.19213115,106442.92501029,27.55251
1738605300000000,BTCUSDT,5m,106442.92501029,106449.8448743,106206.7737015,106304.33064518,85.93794
1738605600000000,BTCUSDT,5m,106304.33064518,106349.8427823,106304.31973623,106349.83187335,11.59524
1738605900000000,BTCUSDT,5m,106349.83187335,106530.57819196,106339.23400315,106469.24953325,28.15781
1738606200000000,BTCUSDT,5m,106469.24953325,106499.80588702,106431.10865594,106464.84068791,91.5785
1738606500000000,BTCUSDT,5m,106464.84068791,106469.89121822,106381.45785064,106409.09941391,37.54046
1738606800000000,BTCUSDT,5m,106409.09941391,106430.08116401,105838.41778167,105990.99135608,325.24043
1738607100000000,BTCUSDT,5m,105990.99135608,106029.38825526,105619.48156704,105620.2189263,169.17508
1738607400000000,BTCUSDT,5m,105620.2189263,105803.36585112,105600.03144396,105784.17540838,63.61343
1738607700000000,BTCUSDT,5m,105784.17540838,105846.17027628,105726.09140616,105731.76106897,68.65981
1738608000000000,BTCUSDT,5m,105731.76106897,105731.76106897,105636.521933,105636.521933,21.28171
1738608300000000,BTCUSDT,5m,105636.521933,105706.27280574,105610.52117275,105678.49600714,27.59768
1738608600000000,BTCUSDT,5m,105678.49600714,105995.77615703,105678.48507888,105995.76522877,91.09199
1738608900000000,BTCUSDT,5m,105995.76522877,106237.97715156,105995.76522877,106114.92962228,113.72755
1738609200000000,BTCUSDT,5m,106114.92962228,106462.14556165,106114.91883147,106436.91664452,76.33719
1738609500000000,BTCUSDT,5m,106436.91664452,106557.72997348,106249.89127816,106439.99525138,188.78727
1738609800000000,BTCUSDT,5m,106439.99525138,106555.95253486,106373.12096966,106555.9420694,78.30122
1738610100000000,BTCUSDT,5m,106555.9420694,106570.64434919,106430.58632419,106430.58632419,31.53118
1738610400000000,BTCUSDT,5m,106430.58632419,106430.59727542,106345.99904482,106346.00999604,30.34385
1738610700000000,BTCUSDT,5m,106346.00999604,106466.1321166,106345.99890444,106361.69353053,44.94781
1738611000000000,BTCUSDT,5m,106361.69353053,106366.45718203,106358.21982303,106359.96683382,10.27549
1738611300000000,BTCUSDT,5m,106359.96683382,106515.15097656,106302.45175618,106309.46654709,111.95906
1738611600000000,BTCUSDT,5m,106309.46654709,106380.43058062,106299.28400284,106300.30630599,24.1386
1738611900000000,BTCUSDT,5m,106300.30630599,106300.30630599,106175.71722485,106214.99486891,39.26328
1738612200000000,BTCUSDT,5m,106214.99486891,106259.6772855,106153.23976775,106259.66617048,42.67186
1738612500000000,BTCUSDT,5m,106259.66617048,106260.04160212,106119.08910373,106164.92489071,84.43381
1738612800000000,BTCUSDT,5m,106164.92489071,106219.08882283,106139.32585949,106151.02106192,39.48878
1738613100000000,BTCUSDT,5m,106151.02106192,106211.11795346,106073.65231125,106085.37548134,22.90461
1738613400000000,BTCUSDT,5m,106085.37548134,106129.12008936,105637.49767462,105831.58187106,107.00699
1738613700000000,BTCUSDT,5m,105831.58187106,105881.94083585,105776.82101372,105881.92988586,67.78435
1738614000000000,BTCUSDT,5m,105881.92988586,105881.92988586,105787.7509689,105795.78139367,30.62228
1738614300000000,BTCUSDT,5m,105795.78139367,105875.14125217,105780.60949516,105817.52741693,22.81665
1738614600000000,BTCUSDT,5m,105817.52741693,105904.8288365,105797.2164301,105823.86713702,37.54762
1738614900000000,BTCUSDT,5m,105823.86713702,106109.24158708,105794.05867701,106050.79927552,93.2308
1738615200000000,BTCUSDT,5m,106050.79927552,106073.50663873,106025.75150815,106025.75150815,19.87832
1738615500000000,BTCUSDT,5m,106025.75150815,106131.43107179,105566.98905275,105848.56917826,154.4307
1738615800000000,BTCUSDT,5m,105848.56917826,105873.57387998,105712.40633694,105750.81672313,41.99522
1738616100000000,BTCUSDT,5m,105750.81672313,105994.85231878,105750.81672313,105991.13073068,135.59071
1738616400000000,BTCUSDT,5m,105991.13073068,106041.53531156,105849.33831106,105912.37168779,53.76815
1738616700000000,BTCUSDT,5m,105912.37168779,106000.24823535,105659.37475807,105842.22660166,328.1396
1738617000000000,BTCUSDT,5m,105842.22660166,105872.87800003,105738.57116455,105755.94634788,95.03685
1738617300000000,BTCUSDT,5m,105755.94634788,105900.29666663,105420.45285409,105657.23859721,242.36478
1738617600000000,BTCUSDT,5m,105657.23859721,105706.64772783,105597.60384814,105601.66985376,32.79935
1738617900000000,BTCUSDT,5m,105601.66985376,105701.82601036,105519.9770346,105701.82601036,40.48104
1738618200000000,BTCUSDT,5m,105701.82601036,105783.48402903,105583.52882502,105602.42703028,41.80434
1738618500000000,BTCUSDT,5m,105602.42703028,105646.63077041,105489.71811884,105515.66656437,97.57908
1738618800000000,BTCUSDT,5m,105515.66656437,105610.53250514,105353.14292728,105387.54725469,30.52304
1738619100000000,BTCUSDT,5m,105387.54725469,105387.55783841,105013.97385198,105057.30358285,215.75074
1738619400000000,BTCUSDT,5m,105057.30358285,105095.2626407,104862.76590738,104971.94063057,84.00809
1738619700000000,BTCUSDT,5m,104971.94063057,105004.08238389,104971.94063057,104992.64702643,11.17217
1738620000000000,BTCUSDT,5m,104992.64702643,105034.99524797,104841.69560779,104894.25120745,62.79126
1738620300000000,BTCUSDT,5m,104894.25120745,104986.39441516,104894.25120745,104959.46074578,37.41789
1738620600000000,BTCUSDT,5m,104959.46074578,104985.0656053,104787.08903758,104836.57802763,87.31374
1738620900000000,BTCUSDT,5m,104836.57802763,104868.16718641,104786.02227057,104798.78678029,15.64311
1738621200000000,BTCUSDT,5m,104798.78678029,105217.20475787,104680.30748591,104921.95544076,244.05472
1738621500000000,BTCUSDT,5m,104921.95544076,104935.5399798,104785.11133701,104790.47177778,36.34265
1738621800000000,BTCUSDT,5m,104790.47177778,104871.15168074,104305.31333954,104362.87137501,266.57047
1738622100000000,BTCUSDT,5m,104362.87137501,104816.778918,104362.87137501,104816.778918,267.31821
1738622400000000,BTCUSDT,5m,104816.778918,104875.54227709,104801.03371174,104801.04452575,30.52768
1738622700000000,BTCUSDT,5m,104801.04452575,104824.40425235,104670.57742097,104729.63960696,37.97845
1738623000000000,BTCUSDT,5m,104729.63960696,104909.78685452,104694.25277033,104873.48353979,129.54445
1738623300000000,BTCUSDT,5m,104873.48353979,104900.18690928,104588.25080148,104721.17781548,180.71931
1738623600000000,BTCUSDT,5m,104721.17781548,104744.85719502,104708.8393842,104729.8841075,12.35953
1738623900000000,BTCUSDT,5m,104729.8841075,104729.8841075,104541.0689195,104625.98110818,43.70011
1738624200000000,BTCUSDT,5m,104625.98110818,105110.19802877,104625.98110818,105110.18734885,409.55501
1738624500000000,BTCUSDT,5m,105110.18734885,105235.80186776,105013.97659144,105205.14988457,93.73775
1738624800000000,BTCUSDT,5m,105205.14988457,105205.14988457,105095.23242068,105118.08166417,24.13505
1738625100000000,BTCUSDT,5m,105118.08166417,105130.30619333,105082.566075,105109.45129953,14.90325
1738625400000000,BTCUSDT,5m,105109.45129953,105241.08047216,104985.59755258,105060.42382471,391.03483
1738625700000000,BTCUSDT,5m,105060.42382471,105060.42382471,104962.01532897,105033.44869247,48.21368
1738626000000000,BTCUSDT,5m,105033.44869247,105047.86269052,104897.62490042,104915.86368946,199.31043
1738626300000000,BTCUSDT,5m,104915.86368946,105109.08683586,104793.24389511,104951.42320561,114.90862
1738626600000000,BTCUSDT,5m,104951.42320561,105049.57986518,104900.24687088,105042.0869904,33.33913
1738626900000000,BTCUSDT,5m,105042.0869904,105142.33436109,105042.0869904,105136.5023428,20.65351
1738627200000000,BTCUSDT,5m,105136.5023428,105191.1898156,105083.24825513,105145.52938663,31.6309
1738627500000000,BTCUSDT,5m,105145.52938663,105220.40390598,105145.51938469,105220.40390598,13.17529
1738627800000000,BTCUSDT,5m,105220.40390598,105425.91349434,105122.33688938,105383.48695695,121.24324
1738628100000000,BTCUSDT,5m,105383.48695695,105485.66416698,105383.47669408,105430.52172529,35.24471
1738628400000000,BTCUSDT,5m,105430.52172529,105546.39664139,105430.52172529,105506.10477418,31.1057
1738628700000000,BTCUSDT,5m,105506.10477418,105557.92829878,105492.01506445,105557.92829878,27.27282
1738629000000000,BTCUSDT,5m,105557.92829878,105805.44695136,105557.92829878,105714.35947815,78.04201
1738629300000000,BTCUSDT,5m,105714.35947815,105714.36952296,105640.00781103,105653.06606113,34.56658
1738629600000000,BTCUSDT,5m,105653.06606113,105653.06606113,105285.20262962,105329.3462414,258.0631
1738629900000000,BTCUSDT,5m,105329.3462414,105358.31724395,105311.12534849,105311.12534849,15.76905
1738630200000000,BTCUSDT,5m,105311.12534849,105342.21759766,105186.13730255,105201.22413251,41.84283
1738630500000000,BTCUSDT,5m,105201.22413251,105396.71912186,105174.53789725,105368.01561195,88.82761
1738630800000000,BTCUSDT,5m,105368.01561195,105368.01561195,105277.40190569,105310.99572169,17.74545
1738631100000000,BTCUSDT,5m,105310.99572169,105310.99572169,105262.82472889,105274.35411394,14.59691
1738631400000000,BTCUSDT,5m,105274.35411394,105274.35411394,105157.6466216,105157.6466216,25.16798
1738631700000000,BTCUSDT,5m,105157.6466216,105206.53024613,105150.42297175,105206.53024613,16.3749
1738632000000000,BTCUSDT,5m,105206.53024613,105742.10234846,105163.58905307,105665.39376268,189.35332
1738632300000000,BTCUSDT,5m,105665.39376268,105853.54231929,105549.44504424,105549.45639285,115.39461
1738632600000000,BTCUSDT,5m,105549.45639285,105659.94584883,105434.29315281,105595.48365807,206.86949
1738632900000000,BTCUSDT,5m,105595.48365807,105595.48365807,105536.1089545,105536.11900269,11.26224
1738633200000000,BTCUSDT,5m,105536.11900269,105634.16401804,105530.40391734,105634.16401804,37.14218
1738633500000000,BTCUSDT,5m,105634.16401804,106063.55987308,104961.00537049,106063.55987308,631.08029
1738633800000000,BTCUSDT,5m,106063.55987308,106167.92742211,106029.82854297,106084.48791139,32.77937
1738634100000000,BTCUSDT,5m,106084.48791139,106105.91822496,106004.31410347,106089.67213208,39.2599
1738634400000000,BTCUSDT,5m,106089.67213208,106258.45444578,106022.32845658,106022.32845658,88.77141
1738634700000000,BTCUSDT,5m,106022.32845658,106115.75482716,106022.32845658,106054.87353074,30.94954
1738635000000000,BTCUSDT,5m,106054.87353074,106054.87353074,105944.43128194,105947.25918449,39.14867
1738635300000000,BTCUSDT,5m,105947.25918449,105956.95349723,105724.79124864,105829.41363513,132.2773
1738635600000000,BTCUSDT,5m,105829.41363513,105893.30426816,105815.09406841,105881.84644679,17.14334
1738635900000000,BTCUSDT,5m,105881.84644679,105928.36771212,105869.55146344,105869.55146344,10.66734
1738636200000000,BTCUSDT,5m,105869.55146344,105972.11488738,105785.9689329,105897.80080478,68.22167
1738636500000000,BTCUSDT,5m,105897.80080478,105944.98848178,105874.59784441,105940.76482638,7.8463
1738636800000000,BTCUSDT,5m,105940.76482638,106324.83466715,105931.50920325,106209.23292472,81.01133
1738637100000000,BTCUSDT,5m,106209.23292472,106252.14946692,106172.08723131,106252.14946692,9.60311
1738637400000000,BTCUSDT,5m,106252.14946692,106303.32889328,106228.57512068,106265.97379473,18.78616
1738637700000000,BTCUSDT,5m,106265.97379473,106375.40951379,106009.34079195,106150.55656061,187.77924
1738638000000000,BTCUSDT,5m,106150.55656061,106223.12202679,106089.67693342,106155.38118938,35.75265
1738638300000000,BTCUSDT,5m,106155.38118938,106400.14369286,106080.11705906,106350.68142262,110.6
1738638600000000,BTCUSDT,5m,106350.68142262,106352.39107423,106329.9687343,106352.39107423,42.17902
1738638900000000,BTCUSDT,5m,106352.39107423,106446.12680422,106318.33552927,106446.11574004,21.07152
1738639200000000,BTCUSDT,5m,106446.11574004,106502.11315868,106419.05413889,106478.39390995,11.70192
1738639500000000,BTCUSDT,5m,106478.39390995,106600.26760809,106444.73092564,106586.89297751,45.98488
1738639800000000,BTCUSDT,5m,106586.89297751,106643.72336073,106586.89297751,106620.06394058,16.98521
1738640100000000,BTCUSDT,5m,106620.06394058,106712.61769615,106563.9149336,106639.27897143,50.11509
1738640400000000,BTCUSDT,5m,106639.27897143,106671.54613405,106589.83309614,106621.19718408,12.99805
1738640700000000,BTCUSDT,5m,106621.19718408,106774.00507713,106554.41633581,106711.21161379,59.88576
1738641000000000,BTCUSDT,5m,106711.21161379,106796.36321107,106474.7014021,106523.79008777,144.50301
1738641300000000,BTCUSDT,5m,106523.79008777,106523.79008777,106441.38647715,106441.39664541,8.06365
1738641600000000,BTCUSDT,5m,106441.39664541,106466.76513294,106423.989893,106466.76513294,10.18639
1738641900000000,BTCUSDT,5m,106466.76513294,106615.68019128,106277.81634741,106583.67922657,101.46147
1738642200000000,BTCUSDT,5m,106583.67922657,106752.68835968,106450.75238065,106707.88288219,296.5873
1738642500000000,BTCUSDT,5m,106707.88288219,106707.89292656,106446.25707465,106508.54223734,136.0025
1738642800000000,BTCUSDT,5m,106508.54223734,106508.54223734,106366.98142186,106409.83367858,16.3459
1738643100000000,BTCUSDT,5m,106409.83367858,106409.84385262,106339.1240823,106349.29812493,10.03381
1738643400000000,BTCUSDT,5m,106349.29812493,106365.75831344,106307.16246744,106311.96209269,30.18975
1738643700000000,BTCUSDT,5m,106311.96209269,106491.26020915,106311.96209269,106419.16042468,69.68194
1738644000000000,BTCUSDT,5m,106419.16042468,106428.79759098,106385.67348214,106392.26035268,15.65811
1738644300000000,BTCUSDT,5m,106392.26035268,106526.15109475,106392.24924603,106485.95610549,57.40748
1738644600000000,BTCUSDT,5m,106485.95610549,106537.1076878,106485.95610549,106537.09755877,24.48106
1738644900000000,BTCUSDT,5m,106537.09755877,106539.96590988,106466.97860343,106539.63238068,37.42974
1738645200000000,BTCUSDT,5m,106539.63238068,107167.28772582,106037.97898412,107167.28772582,351.16226
1738645500000000,BTCUSDT,5m,107167.28772582,107192.44033445,107137.59687894,107187.45156891,23.96405
1738645800000000,BTCUSDT,5m,107187.45156891,107338.18984366,107187.45156891,107259.05700298,18.90748
1738646100000000,BTCUSDT,5m,107259.05700298,107363.38192164,107038.30112821,107140.82209516,312.30905
1738646400000000,BTCUSDT,5m,107140.82209516,107183.4556793,106824.32117716,106842.91867983,83.55499
1738646700000000,BTCUSDT,5m,106842.91867983,106842.91867983,106755.98257967,106763.77565637,13.61799
1738647000000000,BTCUSDT,5m,106763.77565637,106790.17167991,106663.26570864,106676.33294344,31.0822
1738647300000000,BTCUSDT,5m,106676.33294344,106731.66761383,106594.88528252,106636.89403791,38.12735
1738647600000000,BTCUSDT,5m,106636.89403791,106752.54140449,106544.45166065,106650.17406666,118.9698
1738647900000000,BTCUSDT,5m,106650.17406666,106693.01609024,106635.72648871,106680.00805435,29.20162
1738648200000000,BTCUSDT,5m,106680.00805435,106811.89285557,106679.99711046,106807.95305569,47.97408
1738648500000000,BTCUSDT,5m,106807.95305569,106807.96357553,106704.67974911,106748.78945416,59.92371
1738648800000000,BTCUSDT,5m,106748.78945416,106874.85576696,106748.78945416,106863.12841812,29.76345
1738649100000000,BTCUSDT,5m,106863.12841812,106901.46894608,106798.87005074,106879.43878258,27.6771
1738649400000000,BTCUSDT,5m,106879.43878258,106997.73155,106879.43878258,106990.12506896,25.38247
1738649700000000,BTCUSDT,5m,106990.12506896,106990.12506896,106721.49580276,106727.54413251,80.02741
1738650000000000,BTCUSDT,5m,106727.54413251,106936.6908312,106713.43172804,106930.09927934,75.55103
1738650300000000,BTCUSDT,5m,106930.09927934,106976.62910873,106919.40581428,106945.46561189,23.83621
1738650600000000,BTCUSDT,5m,106945.46561189,107069.30421579,106941.01491805,107017.88141233,37.18875
1738650900000000,BTCUSDT,5m,107017.88141233,107033.65963277,106873.04089443,106987.77452378,59.19762
1738651200000000,BTCUSDT,5m,106987.77452378,107001.13983979,106930.37808657,107001.12964504,16.266
1738651500000000,BTCUSDT,5m,107001.12964504,107416.89339192,106955.56456868,107065.64321744,285.76385
1738651800000000,BTCUSDT,5m,107065.64321744,107106.38543755,107044.56812617,107093.83572513,21.97277
1738652100000000,BTCUSDT,5m,107093.83572513,107796.84965289,107076.10882708,107634.85564522,320.535
1738652400000000,BTCUSDT,5m,107634.85564522,107737.28241327,107601.39992317,107718.21316403,44.28552
1738652700000000,BTCUSDT,5m,107718.21316403,107741.16530684,107696.65139141,107729.17060529,21.38939
1738653000000000,BTCUSDT,5m,107729.17060529,107729.18086948,107633.17983699,107669.87434048,23.56957
1738653300000000,BTCUSDT,5m,107669.87434048,107725.43155118,107669.87434048,107689.29714134,39.73284
1738653600000000,BTCUSDT,5m,107689.29714134,107871.10598586,107689.28602494,107811.3552956,53.42993
1738653900000000,BTCUSDT,5m,107811.3552956,107883.1230572,107811.34499154,107873.18994561,35.26613
1738654200000000,BTCUSDT,5m,107873.18994561,107873.18994561,107664.59171589,107750.75527191,84.61858
1738654500000000,BTCUSDT,5m,107750.75527191,107941.33272604,107267.20501371,107343.75517752,228.28397
1738654800000000,BTCUSDT,5m,107343.75517752,107343.76620274,107215.71927471,107215.71927471,14.15067
1738655100000000,BTCUSDT,5m,107215.71927471,107215.73030144,107185.83684853,107202.34385665,12.76647
1738655400000000,BTCUSDT,5m,107202.34385665,107202.35483546,107152.10478835,107179.09072145,13.28188
1738655700000000,BTCUSDT,5m,107179.09072145,107182.1324463,107151.08473117,107165.41955084,10.93042
1738656000000000,BTCUSDT,5m,107165.41955084,107204.58353814,107002.92853499,107069.00732392,127.91321
1738656300000000,BTCUSDT,5m,107069.00732392,107094.64459358,107029.67083494,107078.15871453,46.56251
1738656600000000,BTCUSDT,5m,107078.15871453,107078.16994082,106948.60723616,107012.69817117,50.97528
1738656900000000,BTCUSDT,5m,107012.69817117,107029.2091261,106924.34225017,106949.01009421,51.62486
1738657200000000,BTCUSDT,5m,106949.01009421,106980.72543875,106905.71467686,106956.27182853,17.39161
1738657500000000,BTCUSDT,5m,106956.27182853,106976.91072693,106757.84356248,106764.18773617,57.7221
1738657800000000,BTCUSDT,5m,106764.18773617,106781.93344705,106473.12774317,106781.92261329,270.73901
1738658100000000,BTCUSDT,5m,106781.92261329,106781.92261329,106488.79129691,106488.79129691,99.42901
1738658400000000,BTCUSDT,5m,106488.79129691,106501.44265643,106471.71852802,106483.2535911,10.68023
1738658700000000,BTCUSDT,5m,106483.2535911,106691.82669565,106369.1062566,106593.48903173,121.82003
1738659000000000,BTCUSDT,5m,106593.48903173,106901.58151158,106562.91844693,106747.53527165,281.07537
1738659300000000,BTCUSDT,5m,106747.53527165,106747.53527165,106684.12116006,106695.89603984,26.19142
1738659600000000,BTCUSDT,5m,106695.89603984,106705.39099011,106459.31906209,106631.20200804,117.98211
1738659900000000,BTCUSDT,5m,106631.20200804,106794.69566216,106631.20200804,106637.34376815,70.97301
1738660200000000,BTCUSDT,5m,106637.34376815,106669.93848187,106376.56460743,106395.89191053,108.2076
1738660500000000,BTCUSDT,5m,106395.89191053,106453.00856132,106377.37996683,106410.42454949,15.65802
1738660800000000,BTCUSDT,5m,106410.42454949,106635.15513343,106410.42454949,106513.74386694,108.11326
1738661100000000,BTCUSDT,5m,106513.74386694,106640.35191985,106499.21763457,106601.88306486,89.65103
1738661400000000,BTCUSDT,5m,106601.88306486,106640.02090196,106460.6930888,106479.80035335,21.09676
1738661700000000,BTCUSDT,5m,106479.80035335,106796.32304457,106247.14184402,106357.55551993,170.34794
1738662000000000,BTCUSDT,5m,106357.55551993,106402.76858231,106341.93369726,106376.20844253,39.49116
1738662300000000,BTCUSDT,5m,106376.20844253,106444.27769592,106002.45046092,106105.54240843,246.06103
1738662600000000,BTCUSDT,5m,106105.54240843,106193.92574869,106105.47745252,106105.47745252,50.49731
1738662900000000,BTCUSDT,5m,106105.47745252,106238.58285537,106096.85792457,106238.57249537,22.9132
1738663200000000,BTCUSDT,5m,106238.57249537,106276.60617485,106165.1239486,106206.71028029,41.22712
1738663500000000,BTCUSDT,5m,106206.71028029,106217.72564806,106118.38866416,106118.38866416,30.38604
1738663800000000,BTCUSDT,5m,106118.38866416,106153.74083744,106106.69548602,106106.69548602,16.23575
1738664100000000,BTCUSDT,5m,106106.69548602,106283.75734625,105931.33790688,106260.84663098,191.3336
1738664400000000,BTCUSDT,5m,106260.84663098,106472.26679415,106215.01537725,106375.91990752,145.27006
1738664700000000,BTCUSDT,5m,106375.91990752,106542.54352126,105822.30578977,105883.788444,429.31068
1738665000000000,BTCUSDT,5m,105883.788444,105925.09048348,105711.60381155,105925.09048348,113.24954
1738665300000000,BTCUSDT,5m,105925.09048348,105925.09048348,105844.24605263,105855.25708615,56.65821
1738665600000000,BTCUSDT,5m,105855.25708615,106077.72078464,105587.35038842,106033.0714559,171.41101
1738665900000000,BTCUSDT,5m,106033.0714559,106064.22684924,105885.17899886,105942.42476847,55.10404
1738666200000000,BTCUSDT,5m,105942.42476847,105998.54473609,105938.19610269,105998.54473609,7.47475
1738666500000000,BTCUSDT,5m,105998.54473609,106234.56319722,105995.34356151,106183.51607583,35.79588
1738666800000000,BTCUSDT,5m,106183.51607583,106245.2275606,106066.54551355,106099.11638299,68.89451
1738667100000000,BTCUSDT,5m,106099.11638299,106191.26532319,106090.45949954,106126.89560515,38.75674
1738667400000000,BTCUSDT,5m,106126.89560515,106132.44046817,105955.62823838,106037.57628303,41.0776
1738667700000000,BTCUSDT,5m,106037.57628303,106171.62826178,105988.87546078,106167.30471962,36.90996
1738668000000000,BTCUSDT,5m,106167.30471962,106275.88297519,106139.36664838,106275.88297519,39.62219
1738668300000000,BTCUSDT,5m,106275.88297519,106275.88297519,106207.92830727,106238.50373372,35.03748
1738668600000000,BTCUSDT,5m,106238.50373372,106391.98323943,106160.73201583,106361.19628255,66.29584
1738668900000000,BTCUSDT,5m,106361.19628255,106361.20642095,106279.60241428,106346.97210298,19.03473
1738669200000000,BTCUSDT,5m,106346.97210298,106380.0389988,106233.25587324,106379.8160258,85.00635
1738669500000000,BTCUSDT,5m,106379.8160258,106517.80748495,106377.73549117,106410.26465007,67.24147
1738669800000000,BTCUSDT,5m,106410.26465007,106519.25694797,106091.84254735,106374.89064535,210.09548
1738670100000000,BTCUSDT,5m,106374.89064535,106387.6994781,106242.37565537,106301.17137525,35.39872
1738670400000000,BTCUSDT,5m,106301.17137525,106345.25392777,106102.32785355,106195.74643485,67.85873
1738670700000000,BTCUSDT,5m,106195.74643485,106358.40078081,106195.74643485,106308.40702841,38.3004
1738671000000000,BTCUSDT,5m,106308.40702841,106567.80028863,106295.02832432,106493.46055102,73.13918
1738671300000000,BTCUSDT,5m,106493.46055102,106523.70562022,106462.63257685,106506.63640298,32.70493
1738671600000000,BTCUSDT,5m,106506.63640298,106542.32068828,106474.24418843,106525.27679021,13.6104
1738671900000000,BTCUSDT,5m,106525.27679021,106557.26649057,106173.28373756,106323.88418528,881.8085
1738672200000000,BTCUSDT,5m,106323.88418528,106432.75003869,106232.68164806,106374.18829866,270.35712
1738672500000000,BTCUSDT,5m,106374.18829866,106384.88862882,106163.67742078,106173.21606172,92.71326
1738672800000000,BTCUSDT,5m,106173.21606172,106210.20735282,106173.20514339,106210.20735282,44.5336
1738673100000000,BTCUSDT,5m,106210.20735282,106256.93196418,106133.88554769,106248.43176868,31.72782
1738673400000000,BTCUSDT,5m,106248.43176868,106412.95489915,106216.91321209,106412.94452438,31.52877
1738673700000000,BTCUSDT,5m,106412.94452438,106444.5776664,106190.26653889,106194.97123031,90.91502
1738674000000000,BTCUSDT,5m,106194.97123031,106231.78610438,105957.11135911,106067.59935672,65.33819
1738674300000000,BTCUSDT,5m,106067.59935672,106117.27414086,105967.95140819,106042.12652525,38.01885
1738674600000000,BTCUSDT,5m,106042.12652525,106084.20591364,105879.75384843,106046.69632615,85.65733
1738674900000000,BTCUSDT,5m,106046.69632615,106178.51591788,106006.31190722,106167.50799578,72.43119
1738675200000000,BTCUSDT,5m,106167.50799578,106170.12146003,105666.9202633,105748.82269281,229.44314
1738675500000000,BTCUSDT,5m,105748.82269281,105964.6928832,105748.81257516,105957.114763,109.88928
1738675800000000,BTCUSDT,5m,105957.114763,106066.12024549,105713.13521292,105748.46917529,108.96565
1738676100000000,BTCUSDT,5m,105748.46917529,105824.22935043,105698.82106926,105782.85765299,90.81196
1738676400000000,BTCUSDT,5m,105782.85765299,105782.86832565,105681.79825748,105733.14441355,66.56314
1738676700000000,BTCUSDT,5m,105733.14441355,105784.97899006,105702.31995377,105778.44296748,21.41524
1738677000000000,BTCUSDT,5m,105778.44296748,106011.00428152,105627.64669542,105711.23852898,191.49607
1738677300000000,BTCUSDT,5m,105711.23852898,105968.92446171,105711.23852898,105919.25756763,115.15587
1738677600000000,BTCUSDT,5m,105919.25756763,106052.4839846,105073.66462704,105453.85552439,992.64716
1738677900000000,BTCUSDT,5m,105453.85552439,105650.20843378,105429.76005479,105586.01950341,102.94764
1738678200000000,BTCUSDT,5m,105586.01950341,105601.4460122,105143.83622061,105143.83622061,84.19819
1738678500000000,BTCUSDT,5m,105143.83622061,105312.32098176,105096.35366047,105312.31017799,32.76142
1738678800000000,BTCUSDT,5m,105312.31017799,105376.65008935,105241.63384327,105376.65008935,22.90121
1738679100000000,BTCUSDT,5m,105376.65008935,105500.32150132,105369.25557177,105477.26099992,88.88462
1738679400000000,BTCUSDT,5m,105477.26099992,105477.27192241,105383.7317098,105383.74263229,20.01777
1738679700000000,BTCUSDT,5m,105383.74263229,105387.16359524,105299.33736403,105303.96319443,33.51669
1738680000000000,BTCUSDT,5m,105303.96319443,105376.41023384,105270.21127953,105284.05026509,60.38493
1738680300000000,BTCUSDT,5m,105284.05026509,105597.9609271,105254.51845229,105438.9385812,165.77358
1738680600000000,BTCUSDT,5m,105438.9385812,105522.92245307,105426.04230389,105426.04230389,20.73553
1738680900000000,BTCUSDT,5m,105426.04230389,105497.85101934,105241.69076868,105325.21188972,256.9276
1738681200000000,BTCUSDT,5m,105325.21188972,105421.58656523,105165.05711289,105367.70087534,214.69344
1738681500000000,BTCUSDT,5m,105367.70087534,105392.26509808,105314.7620654,105362.83634665,25.79121
1738681800000000,BTCUSDT,5m,105362.83634665,105448.47490645,105097.8258564,105125.15800149,128.53758
1738682100000000,BTCUSDT,5m,105125.15800149,105298.82723033,105043.60944086,105277.07951058,70.40734
1738682400000000,BTCUSDT,5m,105277.07951058,105289.07027757,105240.47100883,105247.54469871,25.02602
1738682700000000,BTCUSDT,5m,105247.54469871,105247.54469871,104951.33230874,105043.42702125,38.80851
1738683000000000,BTCUSDT,5m,105043.42702125,105069.01677865,105014.79648978,105036.14354553,37.6751
1738683300000000,BTCUSDT,5m,105036.14354553,105084.10850461,104999.01176093,105019.40423804,48.41658
1738683600000000,BTCUSDT,5m,105019.40423804,105019.41482413,104749.06722243,104778.44362602,158.65895
1738683900000000,BTCUSDT,5m,104778.44362602,104914.6720543,104453.87476218,104807.9837724,245.06299
1738684200000000,BTCUSDT,5m,104807.9837724,104958.68607343,104807.97278426,104910.77779545,38.86174
1738684500000000,BTCUSDT,5m,104910.77779545,105098.08767961,104881.1692882,105004.34320629,86.03589
1738684800000000,BTCUSDT,5m,105004.34320629,105047.35114462,104377.73706527,104432.71963943,225.14032
1738685100000000,BTCUSDT,5m,104432.71963943,104432.73035048,104230.12014255,104261.59991634,103.90113
1738685400000000,BTCUSDT,5m,104261.59991634,104273.48384349,104169.93631023,104186.05286896,38.65514
1738685700000000,BTCUSDT,5m,104186.05286896,104237.73468081,103865.6256355,103992.79785709,175.519
1738686000000000,BTCUSDT,5m,103992.79785709,103992.80848796,103955.05825665,103980.32784264,15.46514
1738686300000000,BTCUSDT,5m,103980.32784264,104050.07334838,103615.49182844,103722.85276581,96.63542
1738686600000000,BTCUSDT,5m,103722.85276581,103722.85276581,103693.19643241,103693.20633436,10.91399
1738686900000000,BTCUSDT,5m,103693.20633436,103789.41685965,103687.37735605,103762.09622244,33.99644
1738687200000000,BTCUSDT,5m,103762.09622244,103818.13837493,103751.70787137,103751.71804605,36.05204
1738687500000000,BTCUSDT,5m,103751.71804605,104003.81385423,103736.46500913,104003.81385423,150.46861
1738687800000000,BTCUSDT,5m,104003.81385423,104003.81385423,103943.39438981,103943.40432886,9.05344
1738688100000000,BTCUSDT,5m,103943.40432886,103946.13804069,103866.31799439,103899.3828899,35.92932
1738688400000000,BTCUSDT,5m,103899.3828899,104091.04248586,103847.15174064,104084.57475903,48.28859
1738688700000000,BTCUSDT,5m,104084.57475903,104101.36198986,104033.80545326,104033.81617993,31.94511
1738689000000000,BTCUSDT,5m,104033.81617993,104033.81617993,103885.38444353,103885.4042331,23.81163
1738689300000000,BTCUSDT,5m,103885.4042331,103885.4042331,103784.23843895,103806.80676302,47.28231
1738689600000000,BTCUSDT,5m,103806.80676302,103967.83274697,103335.44273625,103676.34494672,399.88339
1738689900000000,BTCUSDT,5m,103676.34494672,103687.25281095,103560.69402475,103687.25281095,40.53713
1738690200000000,BTCUSDT,5m,103687.25281095,103702.34645949,103636.53600329,103636.53600329,12.53697
1738690500000000,BTCUSDT,5m,103636.53600329,103738.10484342,101853.20710407,101903.14314833,2334.43485
1738690800000000,BTCUSDT,5m,101903.14314833,101933.99340771,101843.03558615,101913.2000143,70.73246
1738691100000000,BTCUSDT,5m,101913.2000143,101932.89374071,101723.54701833,101932.74700725,40.35211
1738691400000000,BTCUSDT,5m,101932.74700725,102687.72313931,101841.10092998,102207.94692921,572.93182
1738691700000000,BTCUSDT,5m,102207.94692921,102310.50357305,101885.01064394,101891.96363674,128.96401
1738692000000000,BTCUSDT,5m,101891.96363674,101891.96363674,101813.37990644,101823.43458652,28.15846
1738692300000000,BTCUSDT,5m,101823.43458652,101912.21259996,101650.97262143,101853.76339376,100.9395
1738692600000000,BTCUSDT,5m,101853.76339376,101988.68028987,101843.6237952,101913.99863274,54.99175
1738692900000000,BTCUSDT,5m,101913.99863274,101913.99863274,101702.51517538,101711.7192032,140.34292
1738693200000000,BTCUSDT,5m,101711.7192032,101883.07343557,101625.91662998,101724.57603982,106.87647
1738693500000000,BTCUSDT,5m,101724.57603982,101732.92095223,101684.03914321,101685.68520583,9.7835
1738693800000000,BTCUSDT,5m,101685.68520583,101735.31276099,101638.00590546,101708.0160174,36.15177
1738694100000000,BTCUSDT,5m,101708.0160174,102004.52783808,101694.98016392,101986.83559005,68.55727
1738694400000000,BTCUSDT,5m,101986.83559005,102031.20356853,101979.17921214,102025.3222999,26.44482
1738694700000000,BTCUSDT,5m,102025.3222999,102078.82070842,101980.29307517,101981.58231973,26.2737
1738695000000000,BTCUSDT,5m,101981.58231973,102023.43883649,101859.32614571,102005.53813598,109.60971
1738695300000000,BTCUSDT,5m,102005.53813598,102099.3569178,101894.54774682,101894.54774682,42.46613
1738695600000000,BTCUSDT,5m,101894.54774682,101894.55747051,101855.60436457,101855.61408826,6.97387
1738695900000000,BTCUSDT,5m,101855.61408826,101928.96910971,101808.68247974,101897.09441805,23.77446
1738696200000000,BTCUSDT,5m,101897.09441805,102117.50813928,101889.13627138,101983.32839803,98.24147
1738696500000000,BTCUSDT,5m,101983.32839803,102204.16891418,101983.31801969,102135.48511626,134.74939
1738696800000000,BTCUSDT,5m,102135.48511626,102189.11266516,101883.98319754,101883.98319754,213.51644
1738697100000000,BTCUSDT,5m,101883.98319754,103562.49096698,101454.395981,103300.6427229,1045.93116
1738697400000000,BTCUSDT,5m,103300.6427229,103391.29913313,103242.70047558,103242.71116998,42.17278
1738697700000000,BTCUSDT,5m,103242.71116998,103611.60563002,103099.15511291,103536.37487888,345.6822
1738698000000000,BTCUSDT,5m,103536.37487888,103571.47634986,103362.75818489,103490.44802349,77.85983
1738698300000000,BTCUSDT,5m,103490.44802349,103490.44802349,103339.85765643,103417.72473489,32.43337
1738698600000000,BTCUSDT,5m,103417.72473489,103502.237302,103417.72473489,103469.70755461,19.54192
1738698900000000,BTCUSDT,5m,103469.70755461,103488.27144842,103120.29429959,103434.19777054,255.12361
1738699200000000,BTCUSDT,5m,103434.19777054,103457.65660952,103180.27315139,103262.23842135,104.39289
1738699500000000,BTCUSDT,5m,103262.23842135,103325.08357319,103101.3038771,103160.94307694,60.79467
1738699800000000,BTCUSDT,5m,103160.94307694,103266.11553959,103083.57733958,103256.29528195,66.08256
1738700100000000,BTCUSDT,5m,103256.29528195,103325.70979706,102953.67225706,103325.70979706,179.79049
1738700400000000,BTCUSDT,5m,103325.70979706,103336.65832234,103003.45246342,103043.70171365,73.93179
1738700700000000,BTCUSDT,5m,103043.70171365,103162.57588874,102885.38411452,103048.69097731,130.95597
1738701000000000,BTCUSDT,5m,103048.69097731,103137.410871,103023.61424592,103023.61424592,56.30231
1738701300000000,BTCUSDT,5m,103023.61424592,103042.73257139,103023.61424592,103042.72197952,22.22555
1738701600000000,BTCUSDT,5m,103042.72197952,103173.97139381,102796.73870224,102994.98497664,227.75102
1738701900000000,BTCUSDT,5m,102994.98497664,103159.68635153,102924.02507655,103075.4973814,102.06252
1738702200000000,BTCUSDT,5m,103075.4973814,103151.826792,103004.03282886,103151.826792,76.60761
1738702500000000,BTCUSDT,5m,103151.826792,103202.3541744,102925.52329987,103134.57276064,241.11041
1738702800000000,BTCUSDT,5m,103134.57276064,103189.33898672,103111.8775175,103121.10443602,24.59766
1738703100000000,BTCUSDT,5m,103121.10443602,103143.53033986,103069.35885688,103087.70347883,16.94741
1738703400000000,BTCUSDT,5m,103087.70347883,103114.24214163,103071.34776814,103114.24214163,32.63925
1738703700000000,BTCUSDT,5m,103114.24214163,103203.13446847,103102.49052888,103161.39856761,38.93505
1738704000000000,BTCUSDT,5m,103161.39856761,103272.1983869,103108.04856966,103114.91995736,80.71661
1738704300000000,BTCUSDT,5m,103114.91995736,103189.93473964,103057.03811562,103189.93473964,67.24011
1738704600000000,BTCUSDT,5m,103189.93473964,103348.42621604,103189.12229177,103348.41552593,26.13637
1738704900000000,BTCUSDT,5m,103348.41552593,103348.41552593,103242.48620719,103302.33722431,41.48483
1738705200000000,BTCUSDT,5m,103302.33722431,103314.48193335,103150.86094608,103150.86094608,92.76004
1738705500000000,BTCUSDT,5m,103150.86094608,103231.97684959,103096.38320197,103168.51795895,65.31503
1738705800000000,BTCUSDT,5m,103168.51795895,103168.51795895,103130.5625306,103130.5625306,10.20995
1738706100000000,BTCUSDT,5m,103130.5625306,103188.45273442,103111.73000316,103188.44202195,15.80411
1738706400000000,BTCUSDT,5m,103188.44202195,103545.87933342,103177.03877259,103545.86863619,128.23702
1738706700000000,BTCUSDT,5m,103545.86863619,103695.62054133,103531.05294981,103673.49335655,65.91952
1738707000000000,BTCUSDT,5m,103673.49335655,103689.64290499,103282.03815495,103394.27109104,78.79207
1738707300000000,BTCUSDT,5m,103394.27109104,103751.79518646,103394.26050933,103690.1355865,122.38764
1738707600000000,BTCUSDT,5m,103690.1355865,103690.14542315,103535.54280789,103535.54280789,60.45307
1738707900000000,BTCUSDT,5m,103535.54280789,103548.86242332,103421.64998109,103483.92530538,47.14812
1738708200000000,BTCUSDT,5m,103483.92530538,103591.92198935,103357.84603576,103443.91498655,86.30649
1738708500000000,BTCUSDT,5m,103443.91498655,103573.66458396,103274.74997343,103348.8048122,86.26628
1738708800000000,BTCUSDT,5m,103348.8048122,103355.0878823,103243.70813448,103279.19783079,86.64834
1738709100000000,BTCUSDT,5m,103279.19783079,103675.42975135,103222.32843294,103650.24458182,82.91744
1738709400000000,BTCUSDT,5m,103650.24458182,103782.91980576,103608.58342199,103743.10545047,47.46496
1738709700000000,BTCUSDT,5m,103743.10545047,103759.46979957,103730.21951373,103759.45991772,20.2193
1738710000000000,BTCUSDT,5m,103759.45991772,103759.45991772,103675.23823834,103675.24901665,17.2021
1738710300000000,BTCUSDT,5m,103675.24901665,103706.32878072,103671.69400254,103684.66873966,14.51371
1738710600000000,BTCUSDT,5m,103684.66873966,103684.66873966,103412.69335613,103672.19778317,45.63337
1738710900000000,BTCUSDT,5m,103672.19778317,103758.39907694,103618.9458137,103720.15110205,36.79668
1738711200000000,BTCUSDT,5m,103720.15110205,103720.16180616,103686.24048117,103686.24048117,14.52881
1738711500000000,BTCUSDT,5m,103686.24048117,103759.19714221,103654.65603883,103759.19714221,13.72785
1738711800000000,BTCUSDT,5m,103759.19714221,103893.47823604,103743.79994798,103847.02967651,53.21604
1738712100000000,BTCUSDT,5m,103847.02967651,103847.02967651,103639.30160975,103730.08302849,69.62344
1738712400000000,BTCUSDT,5m,103730.08302849,103942.90835642,103730.08302849,103942.89749576,28.87442
1738712700000000,BTCUSDT,5m,103942.89749576,103942.9083119,103863.06356827,103863.07438441,21.65159
1738713000000000,BTCUSDT,5m,103863.07438441,103974.94618434,103767.79087878,103771.23292304,61.38375
1738713300000000,BTCUSDT,5m,103771.23292304,103771.23292304,103666.82089087,103698.89798941,54.83769
1738713600000000,BTCUSDT,5m,103698.89798941,103755.0422662,103659.53469257,103733.33832074,89.8982
1738713900000000,BTCUSDT,5m,103733.33832074,103749.21445742,103709.84639833,103748.24265143,12.71525
1738714200000000,BTCUSDT,5m,103748.24265143,103950.82387031,103474.59370959,103578.59711921,482.23351
1738714500000000,BTCUSDT,5m,103578.59711921,103676.86854026,103540.42673789,103676.86854026,78.76324
1738714800000000,BTCUSDT,5m,103676.86854026,103757.80564655,103526.0548156,103542.79831663,116.43028
1738715100000000,BTCUSDT,5m,103542.79831663,103549.02983216,103413.80170622,103468.46523863,23.33885
1738715400000000,BTCUSDT,5m,103468.46523863,103564.70650724,103468.45530251,103528.05215664,29.61126
1738715700000000,BTCUSDT,5m,103528.05215664,103578.9545405,103481.24242675,103485.26047506,11.16817
1738716000000000,BTCUSDT,5m,103485.26047506,103515.09398056,103203.60325114,103203.61373375,110.88694
1738716300000000,BTCUSDT,5m,103203.61373375,103203.62450707,102994.02954,103067.28812525,112.04516
1738716600000000,BTCUSDT,5m,103067.28812525,103288.88399693,102222.06576993,102319.28651355,787.34019
1738716900000000,BTCUSDT,5m,102319.28651355,102343.59389398,102263.66883587,102292.27831306,34.15781
1738717200000000,BTCUSDT,5m,102292.27831306,102486.81708263,102255.05283311,102360.51595843,104.71522
1738717500000000,BTCUSDT,5m,102360.51595843,102375.16185245,102275.91538637,102343.77931771,96.15888
1738717800000000,BTCUSDT,5m,102343.77931771,102383.34386118,101953.57577137,102220.84302996,542.04648
1738718100000000,BTCUSDT,5m,102220.84302996,102220.84302996,102147.01759322,102194.89143274,41.0457
1738718400000000,BTCUSDT,5m,102194.89143274,102199.27638185,102059.42894753,102126.09273236,64.12813
1738718700000000,BTCUSDT,5m,102126.09273236,102192.54533641,102093.78618955,102138.66625904,39.76964
1738719000000000,BTCUSDT,5m,102138.66625904,102166.34827425,102101.47353227,102101.48415877,25.27686
1738719300000000,BTCUSDT,5m,102101.48415877,102107.94362159,101941.83459149,101941.83459149,49.5963
1738719600000000,BTCUSDT,5m,101941.83459149,102144.3629732,101941.83459149,102144.3629732,39.84885
1738719900000000,BTCUSDT,5m,102144.3629732,102286.88780638,102137.89074025,102244.22326429,101.43592
1738720200000000,BTCUSDT,5m,102244.22326429,102244.22326429,102116.01194356,102118.50689829,68.29196
1738720500000000,BTCUSDT,5m,102118.50689829,102226.33049679,102011.51364681,102218.25992879,115.58356
1738720800000000,BTCUSDT,5m,102218.25992879,102230.79589136,101977.46806137,101994.69312873,61.40697
1738721100000000,BTCUSDT,5m,101994.69312873,102017.19112286,101985.40207656,101985.40207656,19.9876
1738721400000000,BTCUSDT,5m,101985.40207656,101985.40207656,101669.86366975,101709.82268197,65.38335
1738721700000000,BTCUSDT,5m,101709.82268197,101766.17592512,101625.5771105,101735.19848839,55.97719
1738722000000000,BTCUSDT,5m,101735.19848839,101850.69087286,101735.18811265,101844.15415538,27.71622
1738722300000000,BTCUSDT,5m,101844.15415538,101880.24376587,101804.68326327,101861.75813451,56.99645
1738722600000000,BTCUSDT,5m,101861.75813451,101923.63553834,101829.16397292,101873.30956424,52.40606
1738722900000000,BTCUSDT,5m,101873.30956424,101912.09528126,101830.02176074,101847.86551423,19.4708
1738723200000000,BTCUSDT,5m,101847.86551423,101904.6781142,101847.86551423,101897.72190081,19.5828
1738723500000000,BTCUSDT,5m,101897.72190081,102221.5586478,101835.98369066,101987.01699763,136.16898
1738723800000000,BTCUSDT,5m,101987.01699763,102019.54625645,101902.88219798,101902.89196066,14.50723
1738724100000000,BTCUSDT,5m,101902.89196066,102057.58236797,101884.86471886,102057.58236797,53.04752
1738724400000000,BTCUSDT,5m,102057.58236797,102450.37421068,101991.58951934,102427.48063872,382.15609
1738724700000000,BTCUSDT,5m,102427.48063872,102512.73863779,102403.37109702,102443.09704641,45.98932
1738725000000000,BTCUSDT,5m,102443.09704641,102557.52515059,102442.51189123,102542.07907164,25.58622
1738725300000000,BTCUSDT,5m,102542.07907164,102819.59444542,102542.06846731,102819.59444542,59.601
1738725600000000,BTCUSDT,5m,102819.59444542,102855.55695058,102716.01067398,102845.68983007,45.258
1738725900000000,BTCUSDT,5m,102845.68983007,102845.68983007,102628.77721021,102662.62497339,31.90974
1738726200000000,BTCUSDT,5m,102662.62497339,102680.10266526,102592.31095617,102646.31458334,24.87541
1738726500000000,BTCUSDT,5m,102646.31458334,102699.25273429,102591.79618907,102671.79850713,39.51739
1738726800000000,BTCUSDT,5m,102671.79850713,102823.15949594,102584.45945059,102783.62655372,113.68436
1738727100000000,BTCUSDT,5m,102783.62655372,102950.07080766,102779.51236818,102950.07080766,104.87696
1738727400000000,BTCUSDT,5m,102950.07080766,103075.17378162,102950.06027799,103015.3020949,95.41245
1738727700000000,BTCUSDT,5m,103015.3020949,103207.80336462,102978.863858,103092.72399009,53.61879
1738728000000000,BTCUSDT,5m,103092.72399009,103168.8211962,102956.11940834,103060.2887723,45.39713
1738728300000000,BTCUSDT,5m,103060.2887723,103228.78283002,102940.94270714,102962.69860839,124.97862
1738728600000000,BTCUSDT,5m,102962.69860839,103001.93656712,102790.32493996,102821.51539429,45.01804
1738728900000000,BTCUSDT,5m,102821.51539429,102850.08749011,102697.13903306,102731.10189209,64.72781
1738729200000000,BTCUSDT,5m,102731.10189209,102905.36925391,102275.84579328,102502.14731396,262.20631
1738729500000000,BTCUSDT,5m,102502.14731396,102565.28198919,102473.05762973,102554.51516714,23.35138
1738729800000000,BTCUSDT,5m,102554.51516714,102565.16993127,102507.59794249,102507.60860792,12.39475
1738730100000000,BTCUSDT,5m,102507.60860792,102511.47979899,102482.22646597,102507.56960348,13.03712
1738730400000000,BTCUSDT,5m,102507.56960348,102571.4569514,102469.40992087,102562.1702558,29.4513
1738730700000000,BTCUSDT,5m,102562.1702558,102668.17578971,102562.16046495,102637.49126553,77.62873
1738731000000000,BTCUSDT,5m,102637.49126553,102776.73059143,102616.76876793,102776.71987659,24.96081
1738731300000000,BTCUSDT,5m,102776.71987659,102896.9677623,102776.70918694,102851.66502075,36.47153
1738731600000000,BTCUSDT,5m,102851.66502075,102864.49518022,102780.26560537,102833.49599559,29.76915
1738731900000000,BTCUSDT,5m,102833.49599559,102833.50662968,102553.07493894,102604.70346491,91.40521
1738732200000000,BTCUSDT,5m,102604.70346491,102674.07686245,102530.32235308,102556.74735789,71.30249
1738732500000000,BTCUSDT,5m,102556.74735789,102649.81368762,102556.73668515,102649.81368762,7.10453
1738732800000000,BTCUSDT,5m,102649.81368762,102651.57054607,102587.46974988,102637.82975375,22.34844
1738733100000000,BTCUSDT,5m,102637.82975375,102672.11935006,102503.64482055,102652.51776348,131.58169
1738733400000000,BTCUSDT,5m,102652.51776348,102715.69424405,102537.8533279,102620.6470505,40.33824
1738733700000000,BTCUSDT,5m,102620.6470505,102739.48782105,102608.71820028,102739.48782105,51.34257
1738734000000000,BTCUSDT,5m,102739.48782105,102960.34044485,102727.45340629,102873.13316388,137.54506
1738734300000000,BTCUSDT,5m,102873.13316388,102928.04650501,102873.1225485,102923.0997397,19.6982
1738734600000000,BTCUSDT,5m,102923.0997397,103006.25921691,102839.66217292,102921.6985961,164.82818
1738734900000000,BTCUSDT,5m,102921.6985961,102966.81507222,102921.68787959,102933.45459949,29.49257
1738735200000000,BTCUSDT,5m,102933.45459949,102981.59482852,102889.92028222,102981.59482852,7.97866
1738735500000000,BTCUSDT,5m,102981.59482852,102981.59482852,102862.38579072,102884.49493156,31.24292
1738735800000000,BTCUSDT,5m,102884.49493156,103208.99673603,102826.96664187,103200.28527819,104.70911
1738736100000000,BTCUSDT,5m,103200.28527819,103278.42241584,103058.2913854,103159.77801412,109.43509
1738736400000000,BTCUSDT,5m,103159.77801412,103159.77801412,103074.18909286,103109.05787163,28.52796
1738736700000000,BTCUSDT,5m,103109.05787163,103145.18104129,103109.05787163,103145.18104129,7.79674
1738737000000000,BTCUSDT,5m,103145.18104129,103157.42808253,103079.6846223,103157.41756102,37.00751
1738737300000000,BTCUSDT,5m,103157.41756102,103385.59389132,102921.51505282,103267.28484778,254.39971
1738737600000000,BTCUSDT,5m,103267.28484778,103347.75409142,103193.91583151,103347.75409142,33.45044
1738737900000000,BTCUSDT,5m,103347.75409142,103417.63366537,103287.19607978,103331.7681478,28.5432
1738738200000000,BTCUSDT,5m,103331.7681478,103480.62602986,103331.7681478,103441.30811092,44.74011
1738738500000000,BTCUSDT,5m,103441.30811092,103444.45408932,103352.98402782,103388.78309232,25.30397
1738738800000000,BTCUSDT,5m,103388.78309232,103473.49597314,103366.09323275,103373.74813378,40.8965
1738739100000000,BTCUSDT,5m,103373.74813378,103591.89636588,103365.73526461,103366.0123053,100.54653
1738739400000000,BTCUSDT,5m,103366.0123053,103366.0227739,103043.73659085,103147.53271587,51.11764
1738739700000000,BTCUSDT,5m,103147.53271587,103162.27318958,103029.60892618,103035.31152201,18.73787
1738740000000000,BTCUSDT,5m,103035.31152201,103174.58202014,103010.38368925,103061.07802932,29.51452
1738740300000000,BTCUSDT,5m,103061.07802932,103061.07802932,102990.16237661,102990.16237661,22.57566
1738740600000000,BTCUSDT,5m,102990.16237661,102990.17316838,102796.08313268,102875.88829332,171.86075
1738740900000000,BTCUSDT,5m,102875.88829332,102929.77753577,102875.88829332,102929.76694017,9.54297
1738741200000000,BTCUSDT,5m,102929.76694017,102992.64702861,102891.19209622,102926.21553761,29.92162
1738741500000000,BTCUSDT,5m,102926.21553761,102926.22607652,102859.77823823,102877.70492704,32.49205
1738741800000000,BTCUSDT,5m,102877.70492704,102911.8977109,102667.07315057,102800.81079949,119.88801
1738742100000000,BTCUSDT,5m,102800.81079949,102895.6621715,102800.80025927,102828.82668423,41.85687
1738742400000000,BTCUSDT,5m,102828.82668423,102878.4113519,102606.82942815,102675.53768762,111.44289
1738742700000000,BTCUSDT,5m,102675.53768762,102748.66196328,102628.6511431,102639.45430253,43.70005
1738743000000000,BTCUSDT,5m,102639.45430253,102639.46500372,102517.47135305,102553.49158359,175.46584
1738743300000000,BTCUSDT,5m,102553.49158359,102799.58343847,102467.46567059,102629.27002315,152.07478
1738743600000000,BTCUSDT,5m,102629.27002315,102758.62778358,102265.48984834,102289.88400768,173.89587
1738743900000000,BTCUSDT,5m,102289.88400768,102371.6145873,102111.12701838,102141.42693239,63.23936
1738744200000000,BTCUSDT,5m,102141.42693239,102166.70569923,102004.47712966,102004.47712966,41.65029
1738744500000000,BTCUSDT,5m,102004.47712966,102540.76642104,102004.47712966,102453.64616188,339.28037
1738744800000000,BTCUSDT,5m,102453.64616188,102526.9464562,102435.334404,102458.42916321,28.10334
1738745100000000,BTCUSDT,5m,102458.42916321,102556.47687662,102413.34152857,102539.15328964,24.23182
1738745400000000,BTCUSDT,5m,102539.15328964,102825.74759238,102448.86851492,102681.34993092,118.49315
1738745700000000,BTCUSDT,5m,102681.34993092,102681.34993092,102348.24938268,102451.47408596,98.40242
1738746000000000,BTCUSDT,5m,102451.47408596,102673.5672853,102406.3428476,102604.40705582,103.60483
1738746300000000,BTCUSDT,5m,102604.40705582,102654.5838652,102557.83023341,102588.1699465,41.47489
1738746600000000,BTCUSDT,5m,102588.1699465,102632.83113996,102562.42383285,102601.29188596,15.90491
1738746900000000,BTCUSDT,5m,102601.29188596,102725.16334215,102536.66703405,102685.88388481,65.17635
1738747200000000,BTCUSDT,5m,102685.88388481,102685.88388481,102456.55651875,102559.21293778,108.43796
1738747500000000,BTCUSDT,5m,102559.21293778,102637.22631943,102477.11591888,102581.1797241,69.78651
1738747800000000,BTCUSDT,5m,102581.1797241,102693.25922975,102577.30794465,102693.25922975,47.32988
1738748100000000,BTCUSDT,5m,102693.25922975,102992.15407,102583.30907314,102967.95277384,117.12226
1738748400000000,BTCUSDT,5m,102967.95277384,103325.34859669,102955.57256215,103168.45106625,73.17401
1738748700000000,BTCUSDT,5m,103168.45106625,103247.00088173,103148.80133743,103158.61147191,36.07795
1738749000000000,BTCUSDT,5m,103158.61147191,103185.63989117,103142.64685652,103165.52388413,32.36408
1738749300000000,BTCUSDT,5m,103165.52388413,103215.58375986,103156.2325488,103215.35922816,13.56997
1738749600000000,BTCUSDT,5m,103215.35922816,103215.35922816,102428.29095531,102522.52325715,257.97422
1738749900000000,BTCUSDT,5m,102522.52325715,102635.74324293,102402.70111338,102461.97003008,106.48203
1738750200000000,BTCUSDT,5m,102461.97003008,102528.58616181,102461.97003008,102525.68019494,21.69711
1738750500000000,BTCUSDT,5m,102525.68019494,102631.20194217,102439.20597604,102630.49034055,109.3696
1738750800000000,BTCUSDT,5m,102630.49034055,102656.91079818,102573.29195814,102624.88182446,17.24898
1738751100000000,BTCUSDT,5m,102624.88182446,102640.30773663,102540.62290539,102583.59884476,24.16239
1738751400000000,BTCUSDT,5m,102583.59884476,102681.02799222,102483.85140192,102544.41054158,87.94096
1738751700000000,BTCUSDT,5m,102544.41054158,102556.26415927,102544.38941214,102545.49870791,9.34808
1738752000000000,BTCUSDT,5m,102545.49870791,102634.72471341,102403.31891451,102408.10654667,38.85593
1738752300000000,BTCUSDT,5m,102408.10654667,102408.10654667,102246.32218408,102387.41629349,35.16729
1738752600000000,BTCUSDT,5m,102387.41629349,102436.79556042,102268.48117772,102268.48117772,35.84333
1738752900000000,BTCUSDT,5m,102268.48117772,102541.15270923,102268.47060865,102423.87826783,135.6913
1738753200000000,BTCUSDT,5m,102423.87826783,102432.04548954,102289.39135046,102332.62958301,61.86197
1738753500000000,BTCUSDT,5m,102332.62958301,102396.59878845,102297.07472867,102369.85090634,122.00272
1738753800000000,BTCUSDT,5m,102369.85090634,102482.46151348,102369.84043093,102482.46151348,33.01821
1738754100000000,BTCUSDT,5m,102482.46151348,102527.93998592,102347.41195148,102493.78272855,102.04504
1738754400000000,BTCUSDT,5m,102493.78272855,102587.24206984,102465.49953248,102468.00590395,52.25901
1738754700000000,BTCUSDT,5m,102468.00590395,102547.58250246,102464.54473947,102469.26359453,25.07923
1738755000000000,BTCUSDT,5m,102469.26359453,102607.8509703,102408.6208483,102517.87509561,38.72211
1738755300000000,BTCUSDT,5m,102517.87509561,102599.57842785,102514.76710295,102514.76710295,15.97973
1738755600000000,BTCUSDT,5m,102514.76710295,102656.18109045,102392.76016633,102537.8236157,167.3357
1738755900000000,BTCUSDT,5m,102537.8236157,102579.19256888,102519.42735619,102573.15771065,21.66896
1738756200000000,BTCUSDT,5m,102573.15771065,102695.26500285,102096.39816016,102476.18655168,398.32393
1738756500000000,BTCUSDT,5m,102476.18655168,102495.5286816,102319.32908963,102330.7599978,98.25036
1738756800000000,BTCUSDT,5m,102330.7599978,102460.0818232,102263.97991936,102453.09173921,140.71115
1738757100000000,BTCUSDT,5m,102453.09173921,102497.47902534,102453.09173921,102465.21243267,11.41898
1738757400000000,BTCUSDT,5m,102465.21243267,102465.22279763,102192.2305755,102342.68828286,90.86627
1738757700000000,BTCUSDT,5m,102342.68828286,102382.89450036,102307.53812625,102348.65022132,43.01709
1738758000000000,BTCUSDT,5m,102348.65022132,102348.65022132,102338.18550162,102338.19601893,6.18493
1738758300000000,BTCUSDT,5m,102338.19601893,102366.54277049,102283.05576247,102339.8647096,19.66509
1738758600000000,BTCUSDT,5m,102339.8647096,102379.699549,102227.56114225,102354.43271194,74.0505
1738758900000000,BTCUSDT,5m,102354.43271194,102566.02243916,102348.80169501,102465.26638215,94.05482
1738759200000000,BTCUSDT,5m,102465.26638215,102533.44001372,102325.93792005,102325.93792005,89.05128
1738759500000000,BTCUSDT,5m,102325.93792005,102342.68081145,102229.26019707,102303.05844574,21.51685
1738759800000000,BTCUSDT,5m,102303.05844574,102303.06902,102275.61824648,102302.14905956,19.56836
1738760100000000,BTCUSDT,5m,102302.14905956,102444.8210521,102129.95981701,102223.01366103,268.50104
1738760400000000,BTCUSDT,5m,102223.01366103,102234.54882985,102171.62111602,102234.54882985,15.93691
1738760700000000,BTCUSDT,5m,102234.54882985,102374.85376687,102234.54882985,102365.39942828,49.31777
1738761000000000,BTCUSDT,5m,102365.39942828,102414.86286201,102363.92386541,102410.76764041,21.93132
1738761300000000,BTCUSDT,5m,102410.76764041,102638.41133977,102404.65836511,102489.57338817,64.31421
1738761600000000,BTCUSDT,5m,102489.57338817,103057.89816779,102410.19231927,102773.80654562,182.87927
1738761900000000,BTCUSDT,5m,102773.80654562,102846.52289776,102722.64468243,102814.5216932,47.09774
1738762200000000,BTCUSDT,5m,102814.5216932,102814.54127021,102760.87090744,102770.22871645,21.07718
1738762500000000,BTCUSDT,5m,102770.22871645,102867.14271343,102721.75024355,102721.75024355,38.25437
1738762800000000,BTCUSDT,5m,102721.75024355,102808.43537136,102721.73972606,102808.43537136,28.35927
1738763100000000,BTCUSDT,5m,102808.43537136,103011.76796689,102771.39318429,102961.30271714,129.49254
1738763400000000,BTCUSDT,5m,102961.30271714,102961.31334839,102923.03024235,102943.33591648,16.47717
1738763700000000,BTCUSDT,5m,102943.33591648,102962.33716196,102829.63923668,102836.73389235,40.69796
1738764000000000,BTCUSDT,5m,102836.73389235,102888.82997989,102799.45925958,102885.36280061,15.62699
1738764300000000,BTCUSDT,5m,102885.36280061,103081.57633299,102734.73950651,102856.80099689,58.48931
1738764600000000,BTCUSDT,5m,102856.80099689,102908.97634422,102838.53751638,102864.76227159,17.41471
1738764900000000,BTCUSDT,5m,102864.76227159,102864.76227159,102727.84141767,102735.65362289,30.17317
1738765200000000,BTCUSDT,5m,102735.65362289,102886.30124683,102711.57008941,102809.25000877,68.1344
1738765500000000,BTCUSDT,5m,102809.25000877,102826.22735863,102748.27908546,102797.57540799,17.10563
1738765800000000,BTCUSDT,5m,102797.57540799,102867.27079518,102430.11428079,102446.15462213,75.50005
1738766100000000,BTCUSDT,5m,102446.15462213,102769.27372347,102298.77955517,102747.24379475,547.37856
1738766400000000,BTCUSDT,5m,102747.24379475,102797.96210075,102692.66468111,102692.66468111,16.6454
1738766700000000,BTCUSDT,5m,102692.66468111,102940.18312928,102662.86452953,102917.56723046,48.56355
1738767000000000,BTCUSDT,5m,102917.56723046,102950.19929198,102857.0589921,102877.37037159,44.56284
1738767300000000,BTCUSDT,5m,102877.37037159,102905.24927215,102861.37077223,102866.42215076,25.19918
1738767600000000,BTCUSDT,5m,102866.42215076,102946.59727284,102866.41203147,102931.36774378,21.77564
1738767900000000,BTCUSDT,5m,102931.36774378,103049.02316572,102894.60905136,102897.78376223,62.67927
1738768200000000,BTCUSDT,5m,102897.78376223,103050.31314152,102884.50351181,103035.61728158,35.82628
1738768500000000,BTCUSDT,5m,103035.61728158,103110.25862646,103027.59027794,103099.93120104,24.07111
1738768800000000,BTCUSDT,5m,103099.93120104,103099.94125451,103029.50661769,103039.78126782,29.99432
1738769100000000,BTCUSDT,5m,103039.78126782,103061.3997223,102917.08352436,103043.14042794,50.00377
1738769400000000,BTCUSDT,5m,103043.14042794,103138.9317777,102983.89537327,103127.60393374,39.85328
1738769700000000,BTCUSDT,5m,103127.60393374,103164.17320768,103127.60393374,103149.69988026,53.16807
1738770000000000,BTCUSDT,5m,103149.69988026,103211.50776559,103121.91846072,103175.80457517,35.99905
1738770300000000,BTCUSDT,5m,103175.80457517,103305.52247453,103064.06696311,103168.31105658,176.54402
1738770600000000,BTCUSDT,5m,103168.31105658,103358.62888853,103057.20479373,103082.32953456,131.98456
1738770900000000,BTCUSDT,5m,103082.32953456,103131.3946434,102690.98363343,102690.99376248,114.40502
1738771200000000,BTCUSDT,5m,102690.99376248,102704.21793635,102599.14641083,102648.86489318,16.47345
1738771500000000,BTCUSDT,5m,102648.86489318,102728.59125852,102025.83287438,102197.85134453,299.72505
1738771800000000,BTCUSDT,5m,102197.85134453,102322.60393748,102124.21362075,102124.21362075,84.76975
1738772100000000,BTCUSDT,5m,102124.21362075,102249.81778368,101969.19728997,102217.82744728,133.32727
1738772400000000,BTCUSDT,5m,102217.82744728,102505.30408715,102217.82744728,102369.461012,104.66186
1738772700000000,BTCUSDT,5m,102369.461012,102415.77945441,102340.20366709,102344.55180965,27.02658
1738773000000000,BTCUSDT,5m,102344.55180965,102648.55498378,102286.03822721,102580.40671933,161.3112
1738773300000000,BTCUSDT,5m,102580.40671933,102708.97478798,102571.49606111,102708.97478798,62.51249
1738773600000000,BTCUSDT,5m,102708.97478798,102835.44693151,102708.97478798,102833.69317879,23.77351
1738773900000000,BTCUSDT,5m,102833.69317879,102876.53045317,102785.7860543,102876.52058964,32.60807
1738774200000000,BTCUSDT,5m,102876.52058964,102958.20089986,102678.00225618,102791.90316375,121.43982
1738774500000000,BTCUSDT,5m,102791.90316375,102838.48230768,102673.80393905,102704.74305935,83.63665
1738774800000000,BTCUSDT,5m,102704.74305935,102712.00700245,102630.0569991,102636.86495746,57.92665
1738775100000000,BTCUSDT,5m,102636.86495746,102783.80359714,102624.69690288,102624.69690288,27.79773
1738775400000000,BTCUSDT,5m,102624.69690288,102634.15729562,102474.63178985,102569.91076082,40.90058
1738775700000000,BTCUSDT,5m,102569.91076082,102579.70960524,102518.99478262,102519.00534172,14.86875
1738776000000000,BTCUSDT,5m,102519.00534172,102780.57614567,102518.9953478,102762.44717924,137.45491
1738776300000000,BTCUSDT,5m,102762.44717924,102852.4139713,102723.92055084,102825.18534889,36.16795
1738776600000000,BTCUSDT,5m,102825.18534889,102848.4545661,102756.40693305,102838.90495576,39.55951
1738776900000000,BTCUSDT,5m,102838.90495576,102939.04240116,102780.58968237,102788.23619427,49.16326
1738777200000000,BTCUSDT,5m,102788.23619427,102788.23619427,102456.96559529,102492.60531426,80.85736
1738777500000000,BTCUSDT,5m,102492.60531426,102505.02814068,102266.46386292,102435.56279058,183.00091
1738777800000000,BTCUSDT,5m,102435.56279058,102490.1767115,102332.89287764,102356.92087365,64.08634
1738778100000000,BTCUSDT,5m,102356.92087365,102408.11231545,102356.92087365,102403.85510009,13.88118
1738778400000000,BTCUSDT,5m,102403.85510009,102485.56470163,102291.01803131,102380.1852552,74.73487
1738778700000000,BTCUSDT,5m,102380.1852552,102535.08358275,101558.31427257,101743.49662056,536.19252
1738779000000000,BTCUSDT,5m,101743.49662056,101743.49662056,101583.85195419,101655.85022249,33.53586
1738779300000000,BTCUSDT,5m,101655.85022249,101716.55480419,101639.45787028,101639.45787028,18.56437
1738779600000000,BTCUSDT,5m,101639.45787028,101639.46811758,101449.26803233,101468.71740262,154.85981
1738779900000000,BTCUSDT,5m,101468.71740262,101541.38663865,101457.5806386,101519.74768407,21.64244
1738780200000000,BTCUSDT,5m,101519.74768407,101568.74285178,101519.7380127,101568.73318041,12.37641
1738780500000000,BTCUSDT,5m,101568.73318041,101685.66209117,101568.73318041,101662.21595056,49.63853
1738780800000000,BTCUSDT,5m,101662.21595056,101875.9048965,101662.21595056,101845.89680196,86.61399
1738781100000000,BTCUSDT,5m,101845.89680196,101922.22932379,101697.36400047,101717.80720345,68.9926
1738781400000000,BTCUSDT,5m,101717.80720345,101779.12398554,101709.25456954,101765.77172765,14.07852
1738781700000000,BTCUSDT,5m,101765.77172765,101799.72763089,101466.61630321,101557.26581008,165.1339
1738782000000000,BTCUSDT,5m,101557.26581008,101693.09340013,101467.83836941,101639.42863331,102.55928
1738782300000000,BTCUSDT,5m,101639.42863331,101710.71432614,101320.2132544,101352.40577666,70.18218
1738782600000000,BTCUSDT,5m,101352.40577666,101424.46683241,101313.39528031,101355.91713811,16.69966
1738782900000000,BTCUSDT,5m,101355.91713811,101435.99604048,101271.49091531,101411.06720305,49.80048
1738783200000000,BTCUSDT,5m,101411.06720305,101421.47523474,100920.41009087,100971.07197053,158.96455
1738783500000000,BTCUSDT,5m,100971.07197053,101052.92064699,100971.07197053,101045.05361911,20.59598
1738783800000000,BTCUSDT,5m,101045.05361911,101078.74723539,101002.88575326,101056.11372541,31.13973
1738784100000000,BTCUSDT,5m,101056.11372541,101101.74459266,101049.62335279,101059.09804464,16.46298
1738784400000000,BTCUSDT,5m,101059.09804464,101133.86319733,100984.23332457,100985.09956086,59.29944
1738784700000000,BTCUSDT,5m,100985.09956086,101077.43010447,100947.73611311,101061.41157233,21.02515
1738785000000000,BTCUSDT,5m,101061.41157233,101061.42189694,100916.42307546,100935.4410069,41.44385
1738785300000000,BTCUSDT,5m,100935.4410069,101174.05664902,100935.4410069,101167.38843821,86.6342
1738785600000000,BTCUSDT,5m,101167.38843821,101167.38843821,101121.96613239,101121.97650988,15.42604
1738785900000000,BTCUSDT,5m,101121.97650988,101121.97650988,100993.19240569,100993.2020186,18.17705
1738786200000000,BTCUSDT,5m,100993.2020186,101032.99404784,100842.77814273,101007.43876871,116.67253
1738786500000000,BTCUSDT,5m,101007.43876871,101013.06457277,100969.83194797,100970.6086448,13.6821
1738786800000000,BTCUSDT,5m,100970.6086448,100983.54683237,100925.47495131,100925.48529359,34.18377
1738787100000000,BTCUSDT,5m,100925.48529359,100969.33116151,100895.19806906,100956.08852437,21.8864
1738787400000000,BTCUSDT,5m,100956.08852437,100975.15970202,100865.92259142,100932.87683091,61.04845
1738787700000000,BTCUSDT,5m,100932.87683091,101323.08721301,100906.96516268,101251.47370284,362.17702
1738788000000000,BTCUSDT,5m,101251.47370284,101259.65350704,101250.77229451,101259.65350704,8.58437
1738788300000000,BTCUSDT,5m,101259.65350704,101330.05741691,101066.16213637,101148.2550469,120.96201
1738788600000000,BTCUSDT,5m,101148.2550469,101247.90424538,100946.53782887,101214.67400428,154.68945
1738788900000000,BTCUSDT,5m,101214.67400428,101356.30253577,101173.30277014,101331.24827742,66.00142
1738789200000000,BTCUSDT,5m,101331.24827742,101336.0285531,101222.38572418,101238.57479543,20.55251
1738789500000000,BTCUSDT,5m,101238.57479543,101313.08422564,101183.54000261,101186.21238976,54.09618
1738789800000000,BTCUSDT,5m,101186.21238976,101196.32665994,101105.15373878,101125.06440207,21.41942
1738790100000000,BTCUSDT,5m,101125.06440207,101192.08235777,101087.55675188,101192.08235777,25.0674
1738790400000000,BTCUSDT,5m,101192.08235777,101329.91463731,100580.17478026,100732.34830439,226.18641
1738790700000000,BTCUSDT,5m,100732.34830439,100737.30150558,100661.85720542,100689.27333178,46.66107
1738791000000000,BTCUSDT,5m,100689.27333178,100763.12907359,100689.27333178,100737.80296333,20.15786
1738791300000000,BTCUSDT,5m,100737.80296333,100787.15207342,100568.45136079,100775.30501885,62.9358
1738791600000000,BTCUSDT,5m,100775.30501885,100926.66956836,100592.5577953,100687.84792437,153.20594
1738791900000000,BTCUSDT,5m,100687.84792437,100741.9085087,100687.83832554,100741.89890988,13.71878
1738792200000000,BTCUSDT,5m,100741.89890988,101922.67829878,100647.10978684,101691.3692571,974.26172
1738792500000000,BTCUSDT,5m,101691.3692571,101731.96212936,101564.72990407,101594.46678511,111.41087
1738792800000000,BTCUSDT,5m,101594.46678511,101651.20715055,101050.75950426,101250.53667518,218.08141
1738793100000000,BTCUSDT,5m,101250.53667518,101636.97094261,101212.46781394,101568.23088095,119.70557
1738793400000000,BTCUSDT,5m,101568.23088095,101622.05998641,101549.02961488,101622.050053,27.39167
1738793700000000,BTCUSDT,5m,101622.050053,101688.53289273,101610.77664912,101650.40563594,6.1379
1738794000000000,BTCUSDT,5m,101650.40563594,101682.19476843,101577.65480517,101590.04931341,26.99691
1738794300000000,BTCUSDT,5m,101590.04931341,101755.64547,101488.78742511,101721.73872724,107.47663
1738794600000000,BTCUSDT,5m,101721.73872724,101740.11158313,101685.22228534,101685.22228534,9.04906
1738794900000000,BTCUSDT,5m,101685.22228534,101733.5846006,101652.21542645,101699.16647206,54.35527
1738795200000000,BTCUSDT,5m,101699.16647206,101977.40472927,101642.27297768,101779.53372389,101.30375
1738795500000000,BTCUSDT,5m,101779.53372389,101808.63299018,101773.00578849,101779.54342365,15.77466
1738795800000000,BTCUSDT,5m,101779.54342365,101779.55310988,101637.17517487,101637.18486111,71.66648
1738796100000000,BTCUSDT,5m,101637.18486111,101738.168412,101611.55694229,101692.68548859,48.16045
1738796400000000,BTCUSDT,5m,101692.68548859,101796.58431705,101621.24847813,101621.25898357,83.80404
1738796700000000,BTCUSDT,5m,101621.25898357,101646.00531681,101503.64556967,101522.06340138,27.91681
1738797000000000,BTCUSDT,5m,101522.06340138,101562.15502206,101477.64477694,101562.14512045,66.25078
1738797300000000,BTCUSDT,5m,101562.14512045,101562.14512045,101415.16895713,101526.18053817,64.66754
1738797600000000,BTCUSDT,5m,101526.18053817,101661.38581604,101452.79478262,101474.48934165,76.94465
1738797900000000,BTCUSDT,5m,101474.48934165,101483.35981623,101381.7496887,101386.77488629,38.25019
1738798200000000,BTCUSDT,5m,101386.77488629,101390.16802042,101097.10947899,101204.91955045,167.89126
1738798500000000,BTCUSDT,5m,101204.91955045,101218.71876982,101040.30622998,101062.56132203,57.37729
1738798800000000,BTCUSDT,5m,101062.56132203,101096.75260234,101054.07125749,101096.74297642,15.59696
1738799100000000,BTCUSDT,5m,101096.74297642,101103.34331863,101051.5624349,101055.28490278,18.23987
1738799400000000,BTCUSDT,5m,101055.28490278,101151.72289643,101049.4549242,101103.96470608,29.99529
1738799700000000,BTCUSDT,5m,101103.96470608,101150.88415476,101101.74926769,101150.87375364,28.19769
1738800000000000,BTCUSDT,5m,101150.87375364,101219.00938479,101032.76221843,101085.30394321,46.26186
1738800300000000,BTCUSDT,5m,101085.30394321,101249.78456027,101062.31010241,101240.70647248,16.45264
1738800600000000,BTCUSDT,5m,101240.70647248,101256.61423224,101074.02536307,101075.07123814,101.21455
1738800900000000,BTCUSDT,5m,101075.07123814,101082.3934899,101030.84357681,101074.38838826,11.37307
1738801200000000,BTCUSDT,5m,101074.38838826,101074.39877276,100981.20828509,100981.21866959,24.3991
1738801500000000,BTCUSDT,5m,100981.21866959,100984.13228364,100868.07813173,100974.48754801,26.46886
1738801800000000,BTCUSDT,5m,100974.48754801,101066.36138945,100963.35997094,100973.44464512,76.79516
1738802100000000,BTCUSDT,5m,100973.44464512,100983.20292522,100794.21825051,100965.39816415,102.28411
1738802400000000,BTCUSDT,5m,100965.39816415,101069.09079729,100965.38765724,101058.67845567,23.72031
1738802700000000,BTCUSDT,5m,101058.67845567,101255.37290829,100869.75831943,101252.94077926,151.84818
1738803000000000,BTCUSDT,5m,101252.94077926,101286.74982156,101203.61335467,101228.63820659,106.94658
1738803300000000,BTCUSDT,5m,101228.63820659,101277.64602731,101228.63820659,101245.1250879,125.44265
1738803600000000,BTCUSDT,5m,101245.1250879,101510.26930036,101216.40157091,101418.0672326,140.7557
1738803900000000,BTCUSDT,5m,101418.0672326,101724.85165937,101134.29905286,101489.043881,247.78178
1738804200000000,BTCUSDT,5m,101489.043881,101528.67587258,101473.1026389,101528.66534336,11.58199
1738804500000000,BTCUSDT,5m,101528.66534336,101563.58176727,101508.9098599,101563.58176727,18.30075
1738804800000000,BTCUSDT,5m,101563.58176727,101563.59145812,101320.17683975,101356.28492431,58.01989
1738805100000000,BTCUSDT,5m,101356.28492431,101356.28492431,101270.8748831,101286.32845087,25.35533
1738805400000000,BTCUSDT,5m,101286.32845087,101374.21802369,101233.20918963,101339.11064758,51.49932
1738805700000000,BTCUSDT,5m,101339.11064758,101381.14221088,101231.11756379,101272.67707882,34.5074
1738806000000000,BTCUSDT,5m,101272.67707882,101410.80647203,101272.66671264,101339.81884841,45.85113
1738806300000000,BTCUSDT,5m,101339.81884841,101581.31545018,101244.48706123,101547.40911121,108.18789
1738806600000000,BTCUSDT,5m,101547.40911121,101547.41955003,101413.15542187,101417.83201411,36.21941
1738806900000000,BTCUSDT,5m,101417.83201411,101417.83201411,101144.18431164,101283.67869822,106.15435
1738807200000000,BTCUSDT,5m,101283.67869822,101308.2901287,101035.63327953,101109.67300861,173.81639
1738807500000000,BTCUSDT,5m,101109.67300861,101145.70854763,101000.84547184,101053.9532262,25.55345
1738807800000000,BTCUSDT,5m,101053.9532262,101092.68736854,101047.84167789,101092.68736854,19.66786
1738808100000000,BTCUSDT,5m,101092.68736854,101764.80342413,101014.10771831,101307.78583229,239.58363
1738808400000000,BTCUSDT,5m,101307.78583229,101413.64486283,101307.78583229,101413.63435364,12.79754
1738808700000000,BTCUSDT,5m,101413.63435364,101476.07017645,101403.88478948,101456.12700856,38.46526
1738809000000000,BTCUSDT,5m,101456.12700856,101478.82840641,101343.62031279,101345.03125311,125.55299
1738809300000000,BTCUSDT,5m,101345.03125311,101394.59898838,101295.11980376,101303.48351282,19.15151
1738809600000000,BTCUSDT,5m,101303.48351282,101343.95304838,101147.29952631,101210.57570666,48.17216
1738809900000000,BTCUSDT,5m,101210.57570666,101517.01768471,101194.66177126,101357.5525492,165.90784
1738810200000000,BTCUSDT,5m,101357.5525492,101357.5525492,101140.81927165,101140.81927165,46.08091
1738810500000000,BTCUSDT,5m,101140.81927165,101292.28950806,101040.05895475,101256.17282303,61.80374
1738810800000000,BTCUSDT,5m,101256.17282303,101321.4734788,101097.13946538,101183.67627487,37.13914
1738811100000000,BTCUSDT,5m,101183.67627487,101272.16285198,101178.63351279,101248.32885247,23.06116
1738811400000000,BTCUSDT,5m,101248.32885247,101345.91658725,101248.32885247,101345.91658725,12.66501
1738811700000000,BTCUSDT,5m,101345.91658725,101345.91658725,101108.097217,101112.21947411,109.51771
1738812000000000,BTCUSDT,5m,101112.21947411,101158.14196682,101044.87482152,101085.43936944,60.29632
1738812300000000,BTCUSDT,5m,101085.43936944,101206.03529785,101056.21931866,101175.07092048,92.92783
1738812600000000,BTCUSDT,5m,101175.07092048,101175.07092048,101084.79752888,101094.85642292,25.69258
1738812900000000,BTCUSDT,5m,101094.85642292,101169.51128394,101066.76340509,101163.74639265,53.1925
1738813200000000,BTCUSDT,5m,101163.74639265,101256.54320296,101148.56549369,101256.53263866,22.62655
1738813500000000,BTCUSDT,5m,101256.53263866,101354.36008769,101199.38288721,101263.9214188,78.98025
1738813800000000,BTCUSDT,5m,101263.9214188,101527.30192203,100911.46211046,101467.03391301,497.26223
1738814100000000,BTCUSDT,5m,101467.03391301,101528.861861,101398.73106138,101528.861861,44.9412
1738814400000000,BTCUSDT,5m,101528.861861,101552.84076646,101483.34960828,101533.73225234,68.14524
1738814700000000,BTCUSDT,5m,101533.73225234,101582.2305531,101262.38344035,101568.64160776,135.62119
1738815000000000,BTCUSDT,5m,101568.64160776,101719.360444,101568.64160776,101680.17988819,23.36432
1738815300000000,BTCUSDT,5m,101680.17988819,101680.17988819,101607.56458318,101637.13161842,35.52153
1738815600000000,BTCUSDT,5m,101637.13161842,101743.38349029,101490.20584984,101503.39402129,82.14876
1738815900000000,BTCUSDT,5m,101503.39402129,101564.10855126,101503.39402129,101544.8539921,26.17394
1738816200000000,BTCUSDT,5m,101544.8539921,101669.24876986,101473.67207536,101669.21768153,79.25063
1738816500000000,BTCUSDT,5m,101669.21768153,101685.12967977,101552.2829968,101590.76782975,43.26566
1738816800000000,BTCUSDT,5m,101590.76782975,101753.26688555,101586.561596,101713.44077358,92.06825
1738817100000000,BTCUSDT,5m,101713.44077358,101797.26842863,101713.43026886,101792.82493262,23.50666
1738817400000000,BTCUSDT,5m,101792.82493262,101797.14838368,101462.96859222,101530.13873031,131.8976
1738817700000000,BTCUSDT,5m,101530.13873031,101577.23409223,101517.69924029,101577.22356813,18.07825
1738818000000000,BTCUSDT,5m,101577.22356813,101577.23412661,101544.14385365,101545.10467524,18.21978
1738818300000000,BTCUSDT,5m,101545.10467524,101569.83387549,101342.17947364,101428.43716044,183.68063
1738818600000000,BTCUSDT,5m,101428.43716044,101484.78036613,101428.43716044,101484.78036613,5.112
1738818900000000,BTCUSDT,5m,101484.78036613,101532.04999969,101419.71134406,101477.83114379,106.34776
1738819200000000,BTCUSDT,5m,101477.83114379,101512.52211033,101381.53556998,101420.43243247,79.04021
1738819500000000,BTCUSDT,5m,101420.43243247,101509.92982358,101336.9015341,101423.88305411,52.47958
1738819800000000,BTCUSDT,5m,101423.88305411,101457.95646838,101325.46833259,101457.94609911,76.70645
1738820100000000,BTCUSDT,5m,101457.94609911,101457.95577265,101129.13276554,101314.0038084,139.47556
1738820400000000,BTCUSDT,5m,101314.0038084,101345.83060878,101242.74930566,101292.06556011,24.47079
1738820700000000,BTCUSDT,5m,101292.06556011,101353.6741462,101224.17334292,101224.18301005,37.44367
1738821000000000,BTCUSDT,5m,101224.18301005,101225.9545281,101011.91718623,101054.06455324,90.58933
1738821300000000,BTCUSDT,5m,101054.06455324,101054.06455324,100914.09794289,100936.81283642,77.82579
1738821600000000,BTCUSDT,5m,100936.81283642,101117.41318574,100660.01526272,100866.41712579,204.9112
1738821900000000,BTCUSDT,5m,100866.41712579,101038.50651246,100805.2821652,101026.0021082,27.13358
1738822200000000,BTCUSDT,5m,101026.0021082,101033.86010255,100939.04745362,101009.85714711,35.21832
1738822500000000,BTCUSDT,5m,101009.85714711,101086.38546807,100983.50910699,100990.81640813,68.33403
1738822800000000,BTCUSDT,5m,100990.81640813,100990.81640813,100937.49324498,100964.05508841,13.0766
1738823100000000,BTCUSDT,5m,100964.05508841,101116.18332987,100958.21828088,101111.99650327,32.79406
1738823400000000,BTCUSDT,5m,101111.99650327,101168.36589986,101080.41083397,101080.41083397,11.94384
1738823700000000,BTCUSDT,5m,101080.41083397,101193.82259685,101080.41083397,101159.60421608,40.35529
1738824000000000,BTCUSDT,5m,101159.60421608,101207.88653431,101117.27664781,101190.18856015,44.64454
1738824300000000,BTCUSDT,5m,101190.18856015,101504.69431415,101163.16105708,101307.15758733,329.75368
1738824600000000,BTCUSDT,5m,101307.15758733,101323.19075941,101034.27237666,101102.20866819,39.35454
1738824900000000,BTCUSDT,5m,101102.20866819,101102.20866819,101022.18713327,101022.19749741,18.96567
1738825200000000,BTCUSDT,5m,101022.19749741,101307.30497108,100453.02402877,100804.38887307,711.55284
1738825500000000,BTCUSDT,5m,100804.38887307,101216.85023141,100732.19544945,101214.69362599,260.62539
1738825800000000,BTCUSDT,5m,101214.69362599,101263.24610546,101204.66562606,101250.40789907,25.90386
1738826100000000,BTCUSDT,5m,101250.40789907,101328.60518311,101221.98117245,101221.98117245,32.77489
1738826400000000,BTCUSDT,5m,101221.98117245,101292.75371494,101221.97063768,101245.57904312,28.7525
1738826700000000,BTCUSDT,5m,101245.57904312,101445.01877807,101189.96687288,101416.11084255,51.93223
1738827000000000,BTCUSDT,5m,101416.11084255,101748.41482924,101401.02384724,101519.95913307,68.07593
1738827300000000,BTCUSDT,5m,101519.95913307,102864.56641261,100818.97140007,102392.42678611,2164.24666
1738827600000000,BTCUSDT,5m,102392.42678611,102412.67272601,102246.82402614,102261.33857863,69.87352
1738827900000000,BTCUSDT,5m,102261.33857863,102358.60372718,102245.28189329,102358.59398995,11.4101
1738828200000000,BTCUSDT,5m,102358.59398995,102372.41727429,102207.77576827,102207.77576827,52.21364
1738828500000000,BTCUSDT,5m,102207.77576827,102207.78643046,101986.20472614,102028.75754021,63.65091
1738828800000000,BTCUSDT,5m,102028.75754021,102251.25197396,101998.06496745,102081.08745375,103.7905
1738829100000000,BTCUSDT,5m,102081.08745375,102247.95610882,102081.07742559,102247.95610882,20.56601
1738829400000000,BTCUSDT,5m,102247.95610882,102309.64386415,102247.95610882,102269.99927798,13.27744
1738829700000000,BTCUSDT,5m,102269.99927798,102270.00901365,102234.24991521,102234.25965088,8.23871
1738830000000000,BTCUSDT,5m,102234.25965088,102251.01586358,102066.48400411,102071.67965016,109.56322
1738830300000000,BTCUSDT,5m,102071.67965016,102318.28545022,102071.67965016,102291.19898282,67.16112
1738830600000000,BTCUSDT,5m,102291.19898282,102386.59238638,102291.19898282,102386.59238638,39.21771
1738830900000000,BTCUSDT,5m,102386.59238638,102538.83504832,102381.0403318,102538.60823259,77.60664
1738831200000000,BTCUSDT,5m,102538.60823259,102568.05054898,102538.60823259,102561.71987733,28.78087
1738831500000000,BTCUSDT,5m,102561.71987733,102561.71987733,102326.0034945,102348.2250938,114.58016
1738831800000000,BTCUSDT,5m,102348.2250938,102408.00224814,102237.60693055,102284.09196894,60.9555
1738832100000000,BTCUSDT,5m,102284.09196894,102431.56329721,102236.19421281,102374.98764447,52.05804
1738832400000000,BTCUSDT,5m,102374.98764447,102402.22340274,102331.82895264,102385.31258871,29.77111
1738832700000000,BTCUSDT,5m,102385.31258871,102698.14722075,102385.31258871,102650.22726342,181.48936
1738833000000000,BTCUSDT,5m,102650.22726342,102825.52236477,102645.88575025,102660.12841216,58.73708
1738833300000000,BTCUSDT,5m,102660.12841216,102724.52624645,102637.65101999,102724.51567383,17.14394
1738833600000000,BTCUSDT,5m,102724.51567383,102995.45929258,102716.15788912,102939.82714001,207.85183
1738833900000000,BTCUSDT,5m,102939.82714001,102939.82714001,101891.76245868,102076.84804469,809.71576
1738834200000000,BTCUSDT,5m,102076.84804469,102133.88179503,101943.92916913,102089.38087246,159.97642
1738834500000000,BTCUSDT,5m,102089.38087246,102307.22016846,102028.45908934,102161.71694236,181.87746
1738834800000000,BTCUSDT,5m,102161.71694236,102161.71694236,102006.52003552,102025.30505534,68.43087
1738835100000000,BTCUSDT,5m,102025.30505534,102408.63149728,101975.60272869,102333.51753001,107.74612
1738835400000000,BTCUSDT,5m,102333.51753001,102362.61487271,102249.86894286,102277.74176821,36.56862
1738835700000000,BTCUSDT,5m,102277.74176821,102304.1196475,102248.8522146,102277.74176821,33.59047
1738836000000000,BTCUSDT,5m,102277.74176821,102285.06678271,102267.07386441,102281.19992957,11.58724
1738836300000000,BTCUSDT,5m,102281.19992957,102281.19992957,102114.12429983,102127.671828,46.96435
1738836600000000,BTCUSDT,5m,102127.671828,102177.87153838,102055.2461419,102069.94902699,34.90804
1738836900000000,BTCUSDT,5m,102069.94902699,102072.33179192,101875.99400707,101992.55518586,43.3096
1738837200000000,BTCUSDT,5m,101992.55518586,102010.72214049,101934.03453272,102010.72214049,24.95838
1738837500000000,BTCUSDT,5m,102010.72214049,102044.26865067,101848.09491854,101991.48424384,79.00403
1738837800000000,BTCUSDT,5m,101991.48424384,102266.79518619,101919.12647367,102245.29743441,73.929
1738838100000000,BTCUSDT,5m,102245.29743441,102261.02414495,102170.06793162,102190.46305345,34.17304
1738838400000000,BTCUSDT,5m,102190.46305345,102239.72907169,102175.38595304,102228.69730597,57.44059
1738838700000000,BTCUSDT,5m,102228.69730597,102228.70765963,102109.50590854,102125.51267543,69.11662
1738839000000000,BTCUSDT,5m,102125.51267543,102137.59708469,102019.44195918,102137.58645636,20.732
1738839300000000,BTCUSDT,5m,102137.58645636,102138.77534934,102108.64340615,102108.65339685,24.39456
1738839600000000,BTCUSDT,5m,102108.65339685,102200.03664953,102056.33777299,102133.29209103,44.51765
1738839900000000,BTCUSDT,5m,102133.29209103,102152.5372779,102103.46107844,102152.5372779,16.16362
1738840200000000,BTCUSDT,5m,102152.5372779,102273.0472077,102152.52665654,102219.4199703,182.86545
1738840500000000,BTCUSDT,5m,102219.4199703,102258.65773458,102178.50086684,102251.57069444,43.21363
1738840800000000,BTCUSDT,5m,102251.57069444,102338.94994264,102248.3750881,102318.15889649,57.09309
1738841100000000,BTCUSDT,5m,102318.15889649,102318.16888143,102161.23546849,102183.71158432,53.51551
1738841400000000,BTCUSDT,5m,102183.71158432,102211.00592209,102183.70110263,102202.31659567,9.9388
1738841700000000,BTCUSDT,5m,102202.31659567,102216.21583979,102124.696169,102124.7059572,21.88303
1738842000000000,BTCUSDT,5m,102124.7059572,102134.32882455,102106.50732448,102106.50732448,10.8283
1738842300000000,BTCUSDT,5m,102106.50732448,102122.38580518,101918.14002848,101944.68792044,73.11586
1738842600000000,BTCUSDT,5m,101944.68792044,102052.04482448,101864.14355796,101951.56183635,90.77981
1738842900000000,BTCUSDT,5m,101951.56183635,102130.45718429,101824.10716782,102083.42895367,196.38713
1738843200000000,BTCUSDT,5m,102083.42895367,102094.45239946,101998.75301134,102063.0411772,49.79582
1738843500000000,BTCUSDT,5m,102063.0411772,102267.02257056,101889.18920959,101975.75152804,180.0239
1738843800000000,BTCUSDT,5m,101975.75152804,102034.66207679,101874.18504666,101996.20409275,75.43169
1738844100000000,BTCUSDT,5m,101996.20409275,102049.42164065,101917.95516178,102035.16823326,54.59211
1738844400000000,BTCUSDT,5m,102035.16823326,102158.18198742,101999.72306648,102158.17164753,52.3932
1738844700000000,BTCUSDT,5m,102158.17164753,102205.75489692,102060.61440116,102076.94942104,37.7759
1738845000000000,BTCUSDT,5m,102076.94942104,102230.76772436,102064.98918834,102146.11464407,100.49634
1738845300000000,BTCUSDT,5m,102146.11464407,102285.30934886,102146.11464407,102187.85703771,46.38867
1738845600000000,BTCUSDT,5m,102187.85703771,102261.11068197,102176.0583174,102183.07113295,47.8889
1738845900000000,BTCUSDT,5m,102183.07113295,102200.94684979,102005.31868864,102030.19607678,59.77991
1738846200000000,BTCUSDT,5m,102030.19607678,102587.53134174,102030.19607678,102376.50138785,211.17189
1738846500000000,BTCUSDT,5m,102376.50138785,102415.81024324,102275.1407711,102299.17968825,76.58097
1738846800000000,BTCUSDT,5m,102299.17968825,102385.0789549,102188.19950571,102359.34048691,56.13786
1738847100000000,BTCUSDT,5m,102359.34048691,102368.06842162,102326.94642155,102326.95691186,21.69752
1738847400000000,BTCUSDT,5m,102326.95691186,102828.27649691,102161.79692702,102615.94456917,474.70481
1738847700000000,BTCUSDT,5m,102615.94456917,102665.36914822,102341.77420502,102360.57747544,213.30465
1738848000000000,BTCUSDT,5m,102360.57747544,102431.69910455,102208.62024599,102371.0490534,251.62275
1738848300000000,BTCUSDT,5m,102371.0490534,102452.56819614,102307.63937495,102427.44861665,37.03355
1738848600000000,BTCUSDT,5m,102427.44861665,102451.95484129,102265.84551515,102385.94739324,66.55091
1738848900000000,BTCUSDT,5m,102385.94739324,102517.04919492,102365.72345891,102410.03333252,79.54611
1738849200000000,BTCUSDT,5m,102410.03333252,102429.62776178,102306.2933901,102358.42462037,20.73111
1738849500000000,BTCUSDT,5m,102358.42462037,102408.49669628,102322.52824652,102350.7289522,32.90297
1738849800000000,BTCUSDT,5m,102350.7289522,102424.53794189,102249.73957716,102371.94421752,97.65453
1738850100000000,BTCUSDT,5m,102371.94421752,102437.2300666,102323.95725202,102326.67831434,32.22564
1738850400000000,BTCUSDT,5m,102326.67831434,102447.95779473,102290.35921736,102290.66271956,58.89785
1738850700000000,BTCUSDT,5m,102290.66271956,102316.64697881,101704.59749115,101747.0550248,529.712
1738851000000000,BTCUSDT,5m,101747.0550248,101886.24752851,101730.4716462,101870.6477304,42.02007
1738851300000000,BTCUSDT,5m,101870.6477304,101954.37205165,101870.6477304,101927.82318949,25.24798
1738851600000000,BTCUSDT,5m,101927.82318949,101966.38477883,101865.21955797,101945.8747896,73.91017
1738851900000000,BTCUSDT,5m,101945.8747896,102320.42192011,101871.19247236,102245.63821499,88.65577
1738852200000000,BTCUSDT,5m,102245.63821499,102288.55147252,102229.15260056,102279.98148602,12.05316
1738852500000000,BTCUSDT,5m,102279.98148602,102289.41364086,102020.17303038,102122.65913189,54.97389
1738852800000000,BTCUSDT,5m,102122.65913189,102290.81955827,102122.64936761,102196.91647962,53.8881
1738853100000000,BTCUSDT,5m,102196.91647962,102355.30495576,102131.77112589,102355.29437678,85.54989
1738853400000000,BTCUSDT,5m,102355.29437678,102552.15608345,102321.35471756,102519.97863832,65.08369
1738853700000000,BTCUSDT,5m,102519.97863832,102602.29931541,102519.91011932,102585.32618175,30.43277
1738854000000000,BTCUSDT,5m,102585.32618175,102585.97735184,102466.66377548,102545.42333228,18.28114
1738854300000000,BTCUSDT,5m,102545.42333228,102653.92987506,102529.15235117,102646.16940712,25.11065
1738854600000000,BTCUSDT,5m,102646.16940712,102646.16940712,102559.23885863,102581.56586105,43.23912
1738854900000000,BTCUSDT,5m,102581.56586105,102745.51126334,102533.1185191,102729.22449578,46.44526
1738855200000000,BTCUSDT,5m,102729.22449578,102766.16031295,102598.14058283,102598.15091742,74.56675
1738855500000000,BTCUSDT,5m,102598.15091742,102668.88125688,102455.97123794,102560.78435059,53.41609
1738855800000000,BTCUSDT,5m,102560.78435059,102662.30894335,102555.92064379,102646.76622815,21.68321
1738856100000000,BTCUSDT,5m,102646.76622815,103030.89950139,102646.76622815,102991.22206717,115.31017
1738856400000000,BTCUSDT,5m,102991.22206717,103053.70772183,102807.76037451,102867.92274488,120.34043
1738856700000000,BTCUSDT,5m,102867.92274488,102921.76259911,102854.98662057,102906.60323215,16.29831
1738857000000000,BTCUSDT,5m,102906.60323215,102961.26101462,102893.22524236,102916.27237278,14.26374
1738857300000000,BTCUSDT,5m,102916.27237278,102954.9344842,102819.22883835,102838.94814994,54.83478
1738857600000000,BTCUSDT,5m,102838.94814994,102902.51164448,102502.6774577,102796.86831564,152.34042
1738857900000000,BTCUSDT,5m,102796.86831564,102823.29908328,102740.33692491,102740.34668516,14.46053
1738858200000000,BTCUSDT,5m,102740.34668516,102747.44153826,102670.8929155,102695.17752396,59.88988
1738858500000000,BTCUSDT,5m,102695.17752396,103116.53874786,102666.38390106,103108.58206852,165.99814
1738858800000000,BTCUSDT,5m,103108.58206852,103220.09296854,103055.8180089,103177.45361489,41.58038
1738859100000000,BTCUSDT,5m,103177.45361489,103348.3675005,103082.40374552,103320.13030022,63.90813
1738859400000000,BTCUSDT,5m,103320.13030022,103320.13030022,103259.81379456,103272.354007,14.39544
1738859700000000,BTCUSDT,5m,103272.354007,103280.56573441,103215.95688424,103215.95688424,32.43289
1738860000000000,BTCUSDT,5m,103215.95688424,103296.73755699,103191.54549436,103191.55616834,12.81189
1738860300000000,BTCUSDT,5m,103191.55616834,103300.85659075,103112.73403916,103156.18803977,56.58489
1738860600000000,BTCUSDT,5m,103156.18803977,103182.99221727,103058.37423524,103113.53723253,20.163
1738860900000000,BTCUSDT,5m,103113.53723253,103175.22813206,103098.1890384,103101.21138875,44.58797
1738861200000000,BTCUSDT,5m,103101.21138875,103206.10055654,103101.21138875,103206.08987101,15.65102
1738861500000000,BTCUSDT,5m,103206.08987101,103305.37852183,102977.07943325,103040.5797609,93.91566
1738861800000000,BTCUSDT,5m,103040.5797609,103234.92254533,102985.67093143,103230.3722531,41.34332
1738862100000000,BTCUSDT,5m,103230.3722531,103330.09682065,103207.17273927,103278.58895244,32.70205
1738862400000000,BTCUSDT,5m,103278.58895244,103372.78337285,103099.16124405,103233.8653145,154.53529
1738862700000000,BTCUSDT,5m,103233.8653145,103613.69682757,103233.8653145,103583.44630076,56.21865
1738863000000000,BTCUSDT,5m,103583.44630076,103589.3528149,103392.00261288,103395.63410439,51.28037
1738863300000000,BTCUSDT,5m,103395.63410439,103405.07196263,103313.37022853,103363.73827694,86.95849
1738863600000000,BTCUSDT,5m,103363.73827694,103390.82382968,103295.80977106,103304.68447475,23.36604
1738863900000000,BTCUSDT,5m,103304.68447475,103366.45492984,103233.2349467,103257.76955886,71.90307
1738864200000000,BTCUSDT,5m,103257.76955886,103276.09327836,102847.92063694,102922.88416981,193.62652
1738864500000000,BTCUSDT,5m,102922.88416981,103052.99128789,102865.91569866,103040.53004807,45.07465
1738864800000000,BTCUSDT,5m,103040.53004807,103134.61689222,103040.5194539,103128.83247415,24.14701
1738865100000000,BTCUSDT,5m,103128.83247415,103128.84320324,103037.03430016,103040.67146484,22.18883
1738865400000000,BTCUSDT,5m,103040.67146484,103040.67146484,102842.1239453,102970.49343654,59.58483
1738865700000000,BTCUSDT,5m,102970.49343654,103001.13803817,102909.4358311,102909.44635827,45.09321
1738866000000000,BTCUSDT,5m,102909.44635827,102930.49172324,102594.38707004,102646.83447577,172.74212
1738866300000000,BTCUSDT,5m,102646.83447577,102735.48741254,102527.69473514,102553.01143575,53.98178
1738866600000000,BTCUSDT,5m,102553.01143575,102685.94934695,102542.33680341,102685.93858623,49.33904
1738866900000000,BTCUSDT,5m,102685.93858623,102746.65241743,102666.23218382,102695.96896787,41.82694
1738867200000000,BTCUSDT,5m,102695.96896787,102841.66234801,102600.97192585,102813.7048852,112.82056
1738867500000000,BTCUSDT,5m,102813.7048852,103122.7894104,102769.55289905,103008.31595167,262.25518
1738867800000000,BTCUSDT,5m,103008.31595167,103363.69298143,102991.41091167,103333.6796419,115.21314
1738868100000000,BTCUSDT,5m,103333.6796419,103372.3519764,103049.65708402,103141.42410879,149.03038
1738868400000000,BTCUSDT,5m,103141.42410879,103178.08449493,102896.89954238,102913.84948132,65.7073
1738868700000000,BTCUSDT,5m,102913.84948132,102977.82820623,102913.83940593,102954.28202039,11.15253
1738869000000000,BTCUSDT,5m,102954.28202039,102954.28202039,102829.34648954,102863.31536245,17.07645
1738869300000000,BTCUSDT,5m,102863.31536245,102863.31536245,102686.68165043,102741.56605675,39.4861
1738869600000000,BTCUSDT,5m,102741.56605675,102979.45707603,102714.34798003,102937.61373561,101.41684
1738869900000000,BTCUSDT,5m,102937.61373561,103044.95236146,102885.26648514,103030.52207647,17.86208
1738870200000000,BTCUSDT,5m,103030.52207647,103030.52207647,102893.08998074,102929.07891532,45.10618
1738870500000000,BTCUSDT,5m,102929.07891532,102929.07891532,102874.27351928,102890.7351747,23.37356
1738870800000000,BTCUSDT,5m,102890.7351747,102925.2738572,102794.86422965,102811.27063652,37.10646
1738871100000000,BTCUSDT,5m,102811.27063652,102847.0927198,102721.44307353,102738.02205263,25.71296
1738871400000000,BTCUSDT,5m,102738.02205263,102861.18801531,102665.08940742,102668.24372959,54.85543
1738871700000000,BTCUSDT,5m,102668.24372959,102713.63417623,102625.0562166,102626.60828349,50.64929
1738872000000000,BTCUSDT,5m,102626.60828349,102645.10392428,102579.31198264,102579.31198264,7.22497
1738872300000000,BTCUSDT,5m,102579.31198264,102579.31198264,102536.55307564,102560.38280591,18.28303
1738872600000000,BTCUSDT,5m,102560.38280591,102572.80331893,102519.35620023,102557.69046777,34.3037
1738872900000000,BTCUSDT,5m,102557.69046777,102647.9891142,102511.12512871,102647.9891142,46.31381
1738873200000000,BTCUSDT,5m,102647.9891142,102872.16333439,102608.47384058,102847.89749598,58.6295
1738873500000000,BTCUSDT,5m,102847.89749598,102853.46105532,102805.96922269,102805.96922269,24.27153
1738873800000000,BTCUSDT,5m,102805.96922269,102839.09465512,102723.11157883,102723.11157883,19.16348
1738874100000000,BTCUSDT,5m,102723.11157883,102723.12233623,102471.5498068,102586.2667081,110.73766
1738874400000000,BTCUSDT,5m,102586.2667081,102755.18075767,102575.71552099,102751.79043629,71.16453
1738874700000000,BTCUSDT,5m,102751.79043629,102751.79043629,101902.76055414,101925.66921473,232.12288
1738875000000000,BTCUSDT,5m,101925.66921473,101992.69695435,101925.6482029,101962.14575266,23.0865
1738875300000000,BTCUSDT,5m,101962.14575266,102171.279224,101922.70436744,102132.52053782,99.06134
1738875600000000,BTCUSDT,5m,102132.52053782,102306.54530547,101854.83443381,102304.88920824,329.18258
1738875900000000,BTCUSDT,5m,102304.88920824,102454.87614444,102273.56320448,102441.00707637,27.50063
1738876200000000,BTCUSDT,5m,102441.00707637,102488.88392496,102362.78113883,102362.79169136,41.62398
1738876500000000,BTCUSDT,5m,102362.79169136,102475.06124752,102337.38244773,102466.46179447,25.70206
1738876800000000,BTCUSDT,5m,102466.46179447,102564.71534071,102453.51197708,102564.70551536,17.53838
1738877100000000,BTCUSDT,5m,102564.70551536,102601.61273937,102544.61217574,102564.70551536,19.23056
1738877400000000,BTCUSDT,5m,102564.70551536,102564.71601339,102539.00633473,102564.70551536,6.6065
1738877700000000,BTCUSDT,5m,102564.70551536,102564.71527942,102420.14853518,102499.2374605,44.84627
1738878000000000,BTCUSDT,5m,102499.2374605,102576.42634541,102411.73349687,102546.86419554,28.1722
1738878300000000,BTCUSDT,5m,102546.86419554,102575.90544946,102466.03446551,102524.29650112,34.68881
1738878600000000,BTCUSDT,5m,102524.29650112,102562.09856017,102436.12668886,102465.5201255,64.64764
1738878900000000,BTCUSDT,5m,102465.5201255,102492.93656916,102456.84428335,102492.93656916,14.90488
1738879200000000,BTCUSDT,5m,102492.93656916,102577.59936995,102492.93656916,102572.35163382,24.61229
1738879500000000,BTCUSDT,5m,102572.35163382,102700.277315,102572.35163382,102700.26677833,76.34351
1738879800000000,BTCUSDT,5m,102700.26677833,102873.32477802,102700.26677833,102836.24236993,83.25549
1738880100000000,BTCUSDT,5m,102836.24236993,103064.42473092,102836.24236993,102988.85153404,47.29382
1738880400000000,BTCUSDT,5m,102988.85153404,103018.03230703,102964.82266304,102964.82266304,20.49178
1738880700000000,BTCUSDT,5m,102964.82266304,102993.61707766,102884.65590449,102890.11691416,53.22627
1738881000000000,BTCUSDT,5m,102890.11691416,103014.64760635,102712.90634221,102742.98616778,142.28104
1738881300000000,BTCUSDT,5m,102742.98616778,103106.93646983,102742.98616778,103045.96066918,197.20289
1738881600000000,BTCUSDT,5m,103045.96066918,103115.63478252,103000.27980219,103060.93144421,49.04444
1738881900000000,BTCUSDT,5m,103060.93144421,103228.36787365,102955.9791521,103160.35069526,383.93526
1738882200000000,BTCUSDT,5m,103160.35069526,103271.45095322,102918.757392,102973.66960035,167.51843
1738882500000000,BTCUSDT,5m,102973.66960035,103204.59344032,102894.11063952,103043.44698289,70.3586
1738882800000000,BTCUSDT,5m,103043.44698289,103260.21792885,102998.25986925,103246.82027287,58.02016
1738883100000000,BTCUSDT,5m,103246.82027287,103257.21273281,103069.92755129,103177.35646814,45.58989
1738883400000000,BTCUSDT,5m,103177.35646814,103331.06382292,103162.71665769,103331.05316804,67.58048
1738883700000000,BTCUSDT,5m,103331.05316804,103366.31196587,103294.13777317,103323.71070241,25.80227
1738884000000000,BTCUSDT,5m,103323.71070241,103641.82703325,103273.59105622,103595.59804846,113.71512
1738884300000000,BTCUSDT,5m,103595.59804846,103595.59804846,103541.50986646,103555.47088695,10.23603
1738884600000000,BTCUSDT,5m,103555.47088695,103705.19694999,103555.46031681,103690.70528515,51.10069
1738884900000000,BTCUSDT,5m,103690.70528515,103732.25475704,103625.65278106,103666.63675154,27.75684
1738885200000000,BTCUSDT,5m,103666.63675154,103700.71059833,103628.01830941,103695.34840056,56.78981
1738885500000000,BTCUSDT,5m,103695.34840056,103695.35833625,103480.12167031,103484.63246966,25.20281
1738885800000000,BTCUSDT,5m,103484.63246966,103551.67447586,103437.79059265,103551.66464133,28.32031
1738886100000000,BTCUSDT,5m,103551.66464133,103555.36858918,103539.36874889,103544.73238921,10.34169
1738886400000000,BTCUSDT,5m,103544.73238921,103544.74248178,103398.34975339,103489.20306887,92.57315
1738886700000000,BTCUSDT,5m,103489.20306887,103537.87461242,103347.84927566,103400.9678568,39.36217
1738887000000000,BTCUSDT,5m,103400.9678568,103472.16793788,103330.90484131,103379.87776196,69.52575
1738887300000000,BTCUSDT,5m,103379.87776196,103860.9001152,103377.28160834,103821.85922281,170.94458
1738887600000000,BTCUSDT,5m,103821.85922281,103826.89512257,103730.81826379,103730.82893307,19.33365
1738887900000000,BTCUSDT,5m,103730.82893307,103782.84828692,103715.71074181,103770.05105742,20.89406
1738888200000000,BTCUSDT,5m,103770.05105742,103805.20929662,103733.40605362,103736.2191406,34.79268
1738888500000000,BTCUSDT,5m,103736.2191406,103760.49825616,103699.2506294,103759.7974824,27.77236
1738888800000000,BTCUSDT,5m,103759.7974824,103784.0976858,103603.99154538,103605.89265395,48.19736
1738889100000000,BTCUSDT,5m,103605.89265395,103686.40552154,103327.23990178,103370.58834342,57.48708
1738889400000000,BTCUSDT,5m,103370.58834342,103384.24987522,103276.64359894,103284.05168462,120.44431
1738889700000000,BTCUSDT,5m,103284.05168462,103284.1331072,102963.64363071,102963.65380853,69.49488
1738890000000000,BTCUSDT,5m,102963.65380853,103046.89064522,102903.45512746,103015.15201366,40.18296
1738890300000000,BTCUSDT,5m,103015.15201366,103038.68479153,102953.88243027,102953.89223968,18.67531
1738890600000000,BTCUSDT,5m,102953.89223968,103170.23336045,102658.16821428,102825.29173007,180.19723
1738890900000000,BTCUSDT,5m,102825.29173007,102839.41872331,102825.28118754,102839.41872331,4.59641
1738891200000000,BTCUSDT,5m,102839.41872331,102954.88887583,102641.08779195,102919.86682333,120.93827
1738891500000000,BTCUSDT,5m,102919.86682333,103176.64152067,102910.69810956,103120.04702641,51.69408
1738891800000000,BTCUSDT,5m,103120.04702641,103304.31472049,103120.04702641,103299.36180214,39.50164
1738892100000000,BTCUSDT,5m,103299.36180214,103461.31447284,103288.13952413,103455.8074366,76.90559
1738892400000000,BTCUSDT,5m,103455.8074366,103552.75174448,103424.1229944,103522.82171271,44.58908
1738892700000000,BTCUSDT,5m,103522.82171271,103599.81604235,103519.14139891,103522.60522366,27.08773
1738893000000000,BTCUSDT,5m,103522.60522366,103522.60522366,103340.34495094,103418.83074747,50.9407
1738893300000000,BTCUSDT,5m,103418.83074747,103531.90696431,103407.18860483,103526.13164814,25.15966
1738893600000000,BTCUSDT,5m,103526.13164814,103573.31693542,103449.31367615,103449.31367615,16.52702
1738893900000000,BTCUSDT,5m,103449.31367615,103449.31367615,103396.81686677,103396.82676623,19.65841
1738894200000000,BTCUSDT,5m,103396.82676623,103446.58499205,103166.97442268,103247.96727293,249.25062
1738894500000000,BTCUSDT,5m,103247.96727293,103301.23234884,103247.95656423,103268.26026023,10.11722
1738894800000000,BTCUSDT,5m,103268.26026023,103289.35930033,103215.39368044,103239.54652897,17.33808
1738895100000000,BTCUSDT,5m,103239.54652897,103539.4570127,103047.35029965,103466.54372164,160.33974
1738895400000000,BTCUSDT,5m,103466.54372164,103472.62320699,103318.62407889,103358.18967409,120.6773
1738895700000000,BTCUSDT,5m,103358.18967409,103389.91122481,103291.22633839,103383.81737391,32.59842
1738896000000000,BTCUSDT,5m,103383.81737391,103392.76238215,103317.70162869,103356.17697628,53.55007
1738896300000000,BTCUSDT,5m,103356.17697628,103390.41780468,103318.71196441,103326.49299384,33.80707
1738896600000000,BTCUSDT,5m,103326.49299384,103360.19000333,103308.64587699,103314.54900274,21.6799
1738896900000000,BTCUSDT,5m,103314.54900274,103384.64572668,103282.05312246,103321.80963342,52.4235
1738897200000000,BTCUSDT,5m,103321.80963342,103344.51584055,102210.7555388,102789.58577378,544.76903
1738897500000000,BTCUSDT,5m,102789.58577378,102961.66287088,102742.35943721,102925.24291001,29.9676
1738897800000000,BTCUSDT,5m,102925.24291001,102944.05034258,102661.5773771,102701.97774101,73.6133
1738898100000000,BTCUSDT,5m,102701.97774101,102859.32532469,102685.82826144,102842.96151891,115.3969
1738898400000000,BTCUSDT,5m,102842.96151891,103061.95542079,102842.95080178,103027.47840296,28.37411
1738898700000000,BTCUSDT,5m,103027.47840296,103086.96518572,102899.96938392,102908.01221411,31.73123
1738899000000000,BTCUSDT,5m,102908.01221411,102955.70390151,102849.70128419,102849.70128419,47.86847
1738899300000000,BTCUSDT,5m,102849.70128419,102898.04257756,102645.29645269,102676.30805027,168.13077
1738899600000000,BTCUSDT,5m,102676.30805027,102712.80010667,102586.24869163,102586.24869163,64.8705
1738899900000000,BTCUSDT,5m,102586.24869163,102674.22478014,102549.30212793,102565.48480767,68.62008
1738900200000000,BTCUSDT,5m,102565.48480767,102780.56279183,102504.37761739,102663.00870267,67.38997
1738900500000000,BTCUSDT,5m,102663.00870267,102794.87699818,102662.99816501,102794.87699818,99.47592
1738900800000000,BTCUSDT,5m,102794.87699818,102794.87699818,102593.1544779,102695.28037643,162.42324
1738901100000000,BTCUSDT,5m,102695.28037643,102727.23390258,102639.39611716,102648.68721938,14.34275
1738901400000000,BTCUSDT,5m,102648.68721938,102725.99317144,102632.0820204,102697.60639169,26.892
1738901700000000,BTCUSDT,5m,102697.60639169,102749.12503472,102697.59585834,102737.40140975,13.5658
1738902000000000,BTCUSDT,5m,102737.40140975,102784.594514,102735.740717,102756.94082641,34.68076
1738902300000000,BTCUSDT,5m,102756.94082641,103059.58358343,102727.02605993,102787.83260715,136.54642
1738902600000000,BTCUSDT,5m,102787.83260715,102881.68447946,102733.79959759,102881.68447946,64.1583
1738902900000000,BTCUSDT,5m,102881.68447946,102950.54948258,102824.32031188,102824.33031261,19.90784
1738903200000000,BTCUSDT,5m,102824.33031261,103482.01765333,102822.99807715,103366.69935249,854.22146
1738903500000000,BTCUSDT,5m,103366.69935249,103427.43409093,103346.72308236,103381.25978607,21.79647
1738903800000000,BTCUSDT,5m,103381.25978607,103537.90836035,103381.2499321,103524.66462355,114.28379
1738904100000000,BTCUSDT,5m,103524.66462355,103524.66462355,103424.90461591,103453.77413547,46.53078
1738904400000000,BTCUSDT,5m,103453.77413547,103687.24874005,103440.98804565,103687.23866433,55.68729
1738904700000000,BTCUSDT,5m,103687.23866433,103738.10648384,103649.49906457,103676.55115375,52.69197
1738905000000000,BTCUSDT,5m,103676.55115375,103749.59809294,103507.28768258,103586.07073104,110.89543
1738905300000000,BTCUSDT,5m,103586.07073104,103602.86118175,103353.92634069,103393.60516115,39.06678
1738905600000000,BTCUSDT,5m,103393.60516115,103627.66092081,103378.9551795,103586.01111971,60.99929
1738905900000000,BTCUSDT,5m,103586.01111971,103586.02186902,103527.37366079,103561.98642298,30.80765
1738906200000000,BTCUSDT,5m,103561.98642298,103583.65003656,103266.2509659,103316.67417439,224.74072
1738906500000000,BTCUSDT,5m,103316.67417439,103316.67417439,103228.89723028,103301.99699612,38.99631
1738906800000000,BTCUSDT,5m,103301.99699612,103305.10830428,103248.95323265,103260.90348444,11.44409
1738907100000000,BTCUSDT,5m,103260.90348444,103363.0773509,103181.10871662,103271.51769413,59.24191
1738907400000000,BTCUSDT,5m,103271.51769413,103449.8514273,103145.84262798,103449.8514273,117.81493
1738907700000000,BTCUSDT,5m,103449.8514273,103563.25118919,103449.8514273,103563.25118919,19.00871
1738908000000000,BTCUSDT,5m,103563.25118919,103658.72633186,103517.74424598,103611.87781756,112.40717
1738908300000000,BTCUSDT,5m,103611.87781756,103660.7702103,103609.30608952,103632.03780054,12.94823
1738908600000000,BTCUSDT,5m,103632.03780054,103652.56636044,103436.4762562,103482.78416358,106.38543
1738908900000000,BTCUSDT,5m,103482.78416358,103555.1952971,103470.3597907,103555.1952971,27.89903
1738909200000000,BTCUSDT,5m,103555.1952971,103555.2059243,103512.84588916,103515.0988564,45.26565
1738909500000000,BTCUSDT,5m,103515.0988564,103670.79871875,103515.08900448,103670.79871875,14.80596
1738909800000000,BTCUSDT,5m,103670.79871875,103737.29456765,103334.26146138,103347.41775735,241.29953
1738910100000000,BTCUSDT,5m,103347.41775735,103353.28601169,103193.88659769,103269.99119283,190.80175
1738910400000000,BTCUSDT,5m,103269.99119283,103410.96504457,102981.2684059,103010.45338076,301.54954
1738910700000000,BTCUSDT,5m,103010.45338076,103217.67095261,103002.96893831,103002.97950955,157.05355
1738911000000000,BTCUSDT,5m,103002.97950955,103002.97950955,102501.18957758,102523.41369991,177.79576
1738911300000000,BTCUSDT,5m,102523.41369991,102765.6895608,102105.72198868,102765.6895608,141.66398
1738911600000000,BTCUSDT,5m,102765.6895608,102938.89233418,102745.67214522,102938.89233418,38.87208
1738911900000000,BTCUSDT,5m,102938.89233418,103584.76805989,102916.36723471,103573.81271793,455.97649
1738912200000000,BTCUSDT,5m,103573.81271793,103709.10458576,103571.4595406,103708.62972935,54.54806
1738912500000000,BTCUSDT,5m,103708.62972935,103863.07244771,103639.64058029,103756.33350377,108.4159
1738912800000000,BTCUSDT,5m,103756.33350377,103756.33350377,103713.72871167,103714.20479946,20.84746
1738913100000000,BTCUSDT,5m,103714.20479946,103886.6283058,103592.49032679,103650.26685874,99.6447
1738913400000000,BTCUSDT,5m,103650.26685874,103825.81846381,103640.29584256,103660.0250464,235.62188
1738913700000000,BTCUSDT,5m,103660.0250464,103687.47554819,103523.5846825,103538.75555153,32.9367
1738914000000000,BTCUSDT,5m,103538.75555153,103678.73999081,103421.60277078,103650.61281646,100.94286
1738914300000000,BTCUSDT,5m,103650.61281646,103794.08234251,103598.31474801,103777.30688051,82.15864
1738914600000000,BTCUSDT,5m,103777.30688051,104527.88653336,103651.75489612,104515.62979795,379.60892
1738914900000000,BTCUSDT,5m,104515.62979795,104524.92286408,104480.69475308,104480.70550894,12.72467
1738915200000000,BTCUSDT,5m,104480.70550894,104521.86227162,104447.47656518,104521.86227162,24.09475
1738915500000000,BTCUSDT,5m,104521.86227162,104548.31854282,104241.12021024,104548.31854282,80.20517
1738915800000000,BTCUSDT,5m,104548.31854282,104697.13139567,104548.31854282,104681.18172158,39.99775
1738916100000000,BTCUSDT,5m,104681.18172158,104764.47992092,104361.87023088,104378.13414992,141.96966
1738916400000000,BTCUSDT,5m,104378.13414992,104397.19246091,104306.82430294,104365.4391972,36.38965
1738916700000000,BTCUSDT,5m,104365.4391972,104437.36677674,104365.42920587,104419.45232333,13.79819
1738917000000000,BTCUSDT,5m,104419.45232333,104471.60008734,104396.08473421,104462.04654742,48.65166
1738917300000000,BTCUSDT,5m,104462.04654742,104529.37118235,104383.4957789,104425.39809986,76.20674
1738917600000000,BTCUSDT,5m,104425.39809986,104516.94182132,104239.20588529,104347.49655683,198.13647
1738917900000000,BTCUSDT,5m,104347.49655683,104350.29687255,104155.65371524,104155.66432249,71.59227
1738918200000000,BTCUSDT,5m,104155.66432249,104259.05084572,104155.66432249,104220.87915213,64.98466
1738918500000000,BTCUSDT,5m,104220.87915213,104339.88166985,103915.06619816,104312.76717214,325.30846
1738918800000000,BTCUSDT,5m,104312.76717214,104312.76717214,104219.56450156,104219.56450156,16.51525
1738919100000000,BTCUSDT,5m,104219.56450156,104279.70960428,104199.223854,104206.95228049,21.49343
1738919400000000,BTCUSDT,5m,104206.95228049,104258.28937913,104158.2529389,104187.53600869,17.27177
1738919700000000,BTCUSDT,5m,104187.53600869,104334.67622666,104179.57613162,104203.57837968,62.93513
1738920000000000,BTCUSDT,5m,104203.57837968,104245.43008744,104189.64225948,104232.53429971,35.37139
1738920300000000,BTCUSDT,5m,104232.53429971,104440.70160029,104232.52406079,104244.23737504,57.46065
1738920600000000,BTCUSDT,5m,104244.23737504,104308.95042239,104165.75242072,104209.56398903,59.70721
1738920900000000,BTCUSDT,5m,104209.56398903,104317.34817973,104155.81623319,104317.34817973,34.23383
1738921200000000,BTCUSDT,5m,104317.34817973,104524.48261998,104317.34817973,104388.03440376,83.4125
1738921500000000,BTCUSDT,5m,104388.03440376,104505.39117628,104350.73423096,104470.48797062,47.81497
1738921800000000,BTCUSDT,5m,104470.48797062,104793.45710412,104459.64488221,104558.36303851,384.01726
1738922100000000,BTCUSDT,5m,104558.36303851,104560.81403405,104389.21469678,104495.43768112,67.31615
1738922400000000,BTCUSDT,5m,104495.43768112,104569.66108852,104439.5064411,104508.43606915,31.94143
1738922700000000,BTCUSDT,5m,104508.43606915,104512.83563064,104472.81139606,104472.82210059,11.54637
1738923000000000,BTCUSDT,5m,104472.82210059,104723.85217566,104472.82210059,104675.98388903,109.17625
1738923300000000,BTCUSDT,5m,104675.98388903,104718.40070576,104617.37027449,104654.19954961,44.136
1738923600000000,BTCUSDT,5m,104654.19954961,105021.50978285,104552.69131324,104905.32107083,244.36664
1738923900000000,BTCUSDT,5m,104905.32107083,104936.81880708,104758.42454864,104936.80885205,75.28425
1738924200000000,BTCUSDT,5m,104936.80885205,105022.48537726,104815.71383462,105021.64519738,63.08797
1738924500000000,BTCUSDT,5m,105021.64519738,105087.60975109,105018.28187309,105034.88150585,20.42882
1738924800000000,BTCUSDT,5m,105034.88150585,105034.89235152,104611.05445237,104815.89660292,330.08425
1738925100000000,BTCUSDT,5m,104815.89660292,104863.27017825,104815.88578209,104840.34084839,14.92178
1738925400000000,BTCUSDT,5m,104840.34084839,104852.65459477,104525.13628147,104538.29127441,132.66719
1738925700000000,BTCUSDT,5m,104538.29127441,104553.89609403,104489.82910167,104514.59865663,25.0385
1738926000000000,BTCUSDT,5m,104514.59865663,104536.45297786,104480.449934,104480.449934,17.09802
1738926300000000,BTCUSDT,5m,104480.449934,104537.57901548,104374.84274623,104388.55372579,35.04607
1738926600000000,BTCUSDT,5m,104388.55372579,104548.94057546,104317.79859835,104334.90952526,63.01192
1738926900000000,BTCUSDT,5m,104334.90952526,104423.4825021,104306.33794257,104394.96444429,37.14192
1738927200000000,BTCUSDT,5m,104394.96444429,104770.05618343,104365.85003665,104455.49058582,110.96923
1738927500000000,BTCUSDT,5m,104455.49058582,104469.54728024,104421.69927457,104431.25455302,33.52344
1738927800000000,BTCUSDT,5m,104431.25455302,104565.98373466,104355.75293563,104555.04765419,134.48537
1738928100000000,BTCUSDT,5m,104555.04765419,104785.52268241,104335.5172088,104637.85598611,481.17982
1738928400000000,BTCUSDT,5m,104637.85598611,104673.60648599,104513.56529558,104666.39483565,21.42597
1738928700000000,BTCUSDT,5m,104666.39483565,104984.64419033,104272.15053296,104885.19126699,538.69506
1738929000000000,BTCUSDT,5m,104885.19126699,104968.52232085,104832.15851865,104893.0658266,28.7231
1738929300000000,BTCUSDT,5m,104893.0658266,105110.24694347,104626.32095715,104852.62542795,349.77904
1738929600000000,BTCUSDT,5m,104852.62542795,104852.63541828,104804.48204325,104805.0215209,15.48157
1738929900000000,BTCUSDT,5m,104805.0215209,104848.54632782,104723.33412867,104802.27554451,77.78342
1738930200000000,BTCUSDT,5m,104802.27554451,104802.27554451,104606.48796071,104704.16027344,78.99779
1738930500000000,BTCUSDT,5m,104704.16027344,104792.97077085,104704.16027344,104783.50907156,28.13323
1738930800000000,BTCUSDT,5m,104783.50907156,105012.30156159,104684.23231919,104959.41236255,85.82027
1738931100000000,BTCUSDT,5m,104959.41236255,105003.5122764,104783.36075663,104800.74275609,72.88969
1738931400000000,BTCUSDT,5m,104800.74275609,104828.00591644,104776.46087653,104815.46847636,12.21193
1738931700000000,BTCUSDT,5m,104815.46847636,104875.36148391,104815.45769842,104865.41344612,98.29092
1738932000000000,BTCUSDT,5m,104865.41344612,104873.57704612,104715.41123613,104750.44011952,42.32657
1738932300000000,BTCUSDT,5m,104750.44011952,104782.07070278,104307.847205,104762.61971193,209.7326
1738932600000000,BTCUSDT,5m,104762.61971193,104868.27429132,104701.40316572,104827.15496531,67.23721
1738932900000000,BTCUSDT,5m,104827.15496531,104887.16028758,104804.80298276,104876.67007142,27.72799
1738933200000000,BTCUSDT,5m,104876.67007142,104985.2948565,104827.68693242,104985.2848579,47.02038
1738933500000000,BTCUSDT,5m,104985.2848579,105051.18323076,104977.52058396,105051.17291964,23.90983
1738933800000000,BTCUSDT,5m,105051.17291964,105051.17291964,104936.27654744,104978.77291476,35.04983
1738934100000000,BTCUSDT,5m,104978.77291476,105008.65591106,104913.38643041,105008.65591106,40.57699
1738934400000000,BTCUSDT,5m,105008.65591106,105008.66673455,104798.27962718,104852.49451662,61.98611
1738934700000000,BTCUSDT,5m,104852.49451662,104976.38234626,104737.04345361,104970.77233133,45.67587
1738935000000000,BTCUSDT,5m,104970.77233133,105027.42826777,104743.78987396,104853.05343011,58.17184
1738935300000000,BTCUSDT,5m,104853.05343011,104892.88816234,104837.13420931,104858.53450481,27.05707
1738935600000000,BTCUSDT,5m,104858.53450481,104925.77035436,104756.89992014,104801.78843862,76.83587
1738935900000000,BTCUSDT,5m,104801.78843862,104847.38002297,104775.38935397,104847.38002297,18.63243
1738936200000000,BTCUSDT,5m,104847.38002297,104852.46791061,104760.50609083,104851.38835881,12.77978
1738936500000000,BTCUSDT,5m,104851.38835881,104888.84405152,104794.77023964,104849.57846048,39.01027
1738936800000000,BTCUSDT,5m,104849.57846048,104915.5738409,104849.57846048,104915.5738409,28.4442
1738937100000000,BTCUSDT,5m,104915.5738409,104956.41659007,104827.7165979,104926.31158427,89.10704
1738937400000000,BTCUSDT,5m,104926.31158427,105172.06782193,104599.22266487,104744.13245489,329.91689
1738937700000000,BTCUSDT,5m,104744.13245489,104785.47935083,104727.49232437,104785.46856656,11.50091
1738938000000000,BTCUSDT,5m,104785.46856656,104835.48892091,104781.08578922,104806.81552685,21.39578
1738938300000000,BTCUSDT,5m,104806.81552685,104806.81552685,104611.8570951,104631.6948178,38.83444
1738938600000000,BTCUSDT,5m,104631.6948178,104631.6948178,104496.46360642,104514.88297379,27.63367
1738938900000000,BTCUSDT,5m,104514.88297379,104514.89348056,104176.32330081,104213.08649157,103.20299
1738939200000000,BTCUSDT,5m,104213.08649157,104225.16326855,104208.92208572,104208.92208572,12.89417
1738939500000000,BTCUSDT,5m,104208.92208572,104346.83322583,104199.99018453,104322.23548107,35.35957
1738939800000000,BTCUSDT,5m,104322.23548107,104372.76568942,104206.88876842,104335.36287435,87.18436
1738940100000000,BTCUSDT,5m,104335.36287435,104794.74116126,104320.0169426,104579.9193862,423.78478
1738940400000000,BTCUSDT,5m,104579.9193862,104672.20801517,104579.90864747,104666.14063382,19.24598
1738940700000000,BTCUSDT,5m,104666.14063382,104705.47513283,104612.56602279,104614.60187978,33.27874
1738941000000000,BTCUSDT,5m,104614.60187978,105368.64414433,104522.56358736,105222.35797315,406.49205
1738941300000000,BTCUSDT,5m,105222.35797315,105435.02464229,105222.35797315,105315.16018249,115.94572
1738941600000000,BTCUSDT,5m,105315.16018249,105324.93185115,105273.26128072,105296.61261432,13.27187
1738941900000000,BTCUSDT,5m,105296.61261432,105310.97287656,105142.58292565,105183.1849795,36.98216
1738942200000000,BTCUSDT,5m,105183.1849795,105183.66725221,105074.84442545,105081.39529638,21.58712
1738942500000000,BTCUSDT,5m,105081.39529638,105118.88000367,104957.34315653,105055.24822125,53.17043
1738942800000000,BTCUSDT,5m,105055.24822125,105153.71408504,104908.80155612,105027.5014289,140.36244
1738943100000000,BTCUSDT,5m,105027.5014289,105173.957784,104972.87769524,105150.43742135,43.10373
1738943400000000,BTCUSDT,5m,105150.43742135,105301.42447952,105127.57259794,105299.34485892,67.44232
1738943700000000,BTCUSDT,5m,105299.34485892,105366.60097872,105180.76141003,105331.67677414,34.32273
1738944000000000,BTCUSDT,5m,105331.67677414,105479.88417678,105310.67210737,105416.21754578,100.92438
1738944300000000,BTCUSDT,5m,105416.21754578,105439.07383958,105279.06910247,105413.38721034,70.39733
1738944600000000,BTCUSDT,5m,105413.38721034,105413.38721034,105201.46160045,105244.89810643,181.42488
1738944900000000,BTCUSDT,5m,105244.89810643,105255.43888059,105213.4498318,105213.4498318,23.22448
1738945200000000,BTCUSDT,5m,105213.4498318,105289.65860195,105213.4498318,105264.82234885,14.65587
1738945500000000,BTCUSDT,5m,105264.82234885,105281.04080742,105210.77878091,105272.11796111,36.75809
1738945800000000,BTCUSDT,5m,105272.11796111,105416.25556971,105260.79215709,105303.79945362,29.84257
1738946100000000,BTCUSDT,5m,105303.79945362,105312.31233259,105195.40144344,105216.76065727,24.58385
1738946400000000,BTCUSDT,5m,105216.76065727,105273.5479849,105216.76065727,105242.48333126,23.26792
1738946700000000,BTCUSDT,5m,105242.48333126,105242.48333126,105211.66496995,105213.65916262,11.96484
1738947000000000,BTCUSDT,5m,105213.65916262,105296.28660331,105213.64907995,105234.80251138,14.35956
1738947300000000,BTCUSDT,5m,105234.80251138,105259.16585761,105214.17309036,105259.11428406,21.80338
1738947600000000,BTCUSDT,5m,105259.11428406,105381.7338389,105243.15791653,105370.98348184,27.5752
1738947900000000,BTCUSDT,5m,105370.98348184,105370.98348184,105319.26157398,105319.26157398,29.35388
1738948200000000,BTCUSDT,5m,105319.26157398,105355.18155667,105275.7008839,105304.74855897,26.50554
1738948500000000,BTCUSDT,5m,105304.74855897,105830.71475726,105304.74855897,105610.95112541,377.51101
1738948800000000,BTCUSDT,5m,105610.95112541,105947.63999372,105610.95112541,105886.2056742,123.604
1738949100000000,BTCUSDT,5m,105886.2056742,105948.25045299,105671.11567625,105914.14139222,96.21204
1738949400000000,BTCUSDT,5m,105914.14139222,105953.4720518,105650.46378473,105688.5678954,94.28456
1738949700000000,BTCUSDT,5m,105688.5678954,105902.57152047,105600.66260175,105671.19764589,178.73777
1738950000000000,BTCUSDT,5m,105671.19764589,105879.94157823,105671.18724146,105808.42157669,92.50747
1738950300000000,BTCUSDT,5m,105808.42157669,105883.0555879,105751.6595213,105874.75286826,49.07894
1738950600000000,BTCUSDT,5m,105874.75286826,105993.91485659,105796.90372889,105956.51308881,64.01694
1738950900000000,BTCUSDT,5m,105956.51308881,106045.8763135,105956.51308881,106044.86662089,25.92789
1738951200000000,BTCUSDT,5m,106044.86662089,106543.07435124,106030.11809831,106218.17824614,280.83296
1738951500000000,BTCUSDT,5m,106218.17824614,106265.29150437,106027.42592704,106074.3070458,147.93271
1738951800000000,BTCUSDT,5m,106074.3070458,106088.97551361,105951.41444571,105951.41444571,38.20603
1738952100000000,BTCUSDT,5m,105951.41444571,106217.5036905,105911.34711444,106217.49325358,159.3321
1738952400000000,BTCUSDT,5m,106217.49325358,106448.41091309,106126.145483,106407.88345927,79.44461
1738952700000000,BTCUSDT,5m,106407.88345927,106422.32386376,106016.82254892,106070.33636909,88.09194
1738953000000000,BTCUSDT,5m,106070.33636909,106366.29527227,106070.33636909,106288.81779829,131.5108
1738953300000000,BTCUSDT,5m,106288.81779829,106331.33277824,106280.57744311,106280.57744311,8.97774
1738953600000000,BTCUSDT,5m,106280.57744311,106364.70904747,106245.47815597,106354.87271229,42.37656
1738953900000000,BTCUSDT,5m,106354.87271229,106769.40060713,106316.27227111,106619.35101703,197.30052
1738954200000000,BTCUSDT,5m,106619.35101703,106703.69123095,106619.35101703,106703.69123095,28.93153
1738954500000000,BTCUSDT,5m,106703.69123095,106717.39527264,106693.33243442,106717.39527264,20.08675
1738954800000000,BTCUSDT,5m,106717.39527264,106834.88053336,106663.51965096,106834.86943414,110.82814
1738955100000000,BTCUSDT,5m,106834.86943414,106855.69497914,106733.27737637,106855.6839545,18.91716
1738955400000000,BTCUSDT,5m,106855.6839545,106855.69416917,106559.44836465,106559.44836465,52.86273
1738955700000000,BTCUSDT,5m,106559.44836465,106591.66973772,106521.85506705,106552.91659278,26.79528
1738956000000000,BTCUSDT,5m,106552.91659278,106598.15414138,106506.10498588,106512.68942692,33.08214
1738956300000000,BTCUSDT,5m,106512.68942692,106526.13968028,106482.57327842,106504.98297508,30.02466
1738956600000000,BTCUSDT,5m,106504.98297508,106611.90902721,106504.97204418,106611.89809631,13.84937
1738956900000000,BTCUSDT,5m,106611.89809631,107047.33554076,106598.92865291,106736.49135669,141.46427
1738957200000000,BTCUSDT,5m,106736.49135669,106778.93114166,106736.49135669,106778.92006077,15.91069
1738957500000000,BTCUSDT,5m,106778.92006077,106778.93068681,106630.64435599,106682.54191527,62.41831
1738957800000000,BTCUSDT,5m,106682.54191527,106682.54191527,106619.42811783,106663.86403087,34.22377
1738958100000000,BTCUSDT,5m,106663.86403087,106773.85305626,106663.86403087,106737.60195075,25.27619
1738958400000000,BTCUSDT,5m,106737.60195075,106765.18721443,106692.05561538,106764.21662182,67.69335
1738958700000000,BTCUSDT,5m,106764.21662182,106777.17435843,106741.68333748,106741.97982806,24.65466
1738959000000000,BTCUSDT,5m,106741.97982806,106819.37615294,106722.45863163,106819.37615294,26.75076
1738959300000000,BTCUSDT,5m,106819.37615294,106960.59318441,106728.30921919,106960.59318441,89.63337
1738959600000000,BTCUSDT,5m,106960.59318441,106971.29084728,106894.25449475,106907.59911527,28.23253
1738959900000000,BTCUSDT,5m,106907.59911527,106907.59911527,106638.06837522,106690.51865427,171.64031
1738960200000000,BTCUSDT,5m,106690.51865427,106784.49253804,106690.51865427,106771.41720453,50.37482
1738960500000000,BTCUSDT,5m,106771.41720453,106814.23584504,106771.41720453,106814.23584504,11.49136
1738960800000000,BTCUSDT,5m,106814.23584504,107110.29900459,106726.7730664,107022.86823624,219.00001
1738961100000000,BTCUSDT,5m,107022.86823624,107080.75743725,106902.27383279,106908.76355669,152.35326
1738961400000000,BTCUSDT,5m,106908.76355669,106941.93762397,106891.0795645,106891.08976876,19.04859
1738961700000000,BTCUSDT,5m,106891.08976876,106947.64561268,106841.29349888,106947.64561268,16.85596
1738962000000000,BTCUSDT,5m,106947.64561268,106947.64561268,106764.53495677,106834.93209555,48.28288
1738962300000000,BTCUSDT,5m,106834.93209555,106851.9401068,106802.36055932,106833.75912926,22.34892
1738962600000000,BTCUSDT,5m,106833.75912926,106844.53856955,106785.17013991,106815.14472717,26.34047
1738962900000000,BTCUSDT,5m,106815.14472717,106857.99532192,106718.55344833,106726.89051089,53.10569
1738963200000000,BTCUSDT,5m,106726.89051089,106845.41139049,106710.79457065,106836.5855882,109.83135
1738963500000000,BTCUSDT,5m,106836.5855882,107146.63038788,106763.43131644,106763.43131644,366.85115
1738963800000000,BTCUSDT,5m,106763.43131644,106881.29277674,106750.92065408,106860.54711884,34.34781
1738964100000000,BTCUSDT,5m,106860.54711884,107584.06820423,106825.4306607,107403.08252803,391.99001
1738964400000000,BTCUSDT,5m,107403.08252803,107696.72403033,107383.39119713,107674.41812826,140.01681
1738964700000000,BTCUSDT,5m,107674.41812826,107832.63869253,107590.11638936,107720.42803587,86.38899
1738965000000000,BTCUSDT,5m,107720.42803587,107746.29202386,107625.31995486,107679.75295145,63.99119
1738965300000000,BTCUSDT,5m,107679.75295145,107689.00750317,107549.0786812,107584.06088669,49.26383
1738965600000000,BTCUSDT,5m,107584.06088669,107647.92982151,107565.82995089,107565.82995089,27.87833
1738965900000000,BTCUSDT,5m,107565.82995089,107851.03817982,107333.65850433,107739.52154104,284.69209
1738966200000000,BTCUSDT,5m,107739.52154104,107762.8,107400.36446796,107463.13723189,206.67288
1738966500000000,BTCUSDT,5m,107463.13723189,107463.14746569,107352.82700814,107380.89834535,27.12093
1738966800000000,BTCUSDT,5m,107380.89834535,107473.72440906,107380.88727882,107461.08643043,29.22795
1738967100000000,BTCUSDT,5m,107461.08643043,107468.13178109,107354.47124241,107354.47124241,20.14781
1738967400000000,BTCUSDT,5m,107354.47124241,107506.01841352,107321.46519137,107422.76233374,87.93838
1738967700000000,BTCUSDT,5m,107422.76233374,107541.33184299,107263.94182852,107409.50707425,82.84119
1738968000000000,BTCUSDT,5m,107409.50707425,107415.01003809,107172.21491471,107413.49536091,76.90699
1738968300000000,BTCUSDT,5m,107413.49536091,107435.9552532,106811.51056083,106895.90095337,185.39893
1738968600000000,BTCUSDT,5m,106895.90095337,106905.44722437,106619.32222194,106649.3187736,105.49748
1738968900000000,BTCUSDT,5m,106649.3187736,106734.9857367,106596.12235297,106623.64171343,17.68482
1738969200000000,BTCUSDT,5m,106623.64171343,106744.97178172,106593.71140386,106737.150237,97.76601
1738969500000000,BTCUSDT,5m,106737.150237,106843.67220611,105959.55111085,105959.56235921,1779.06736
1738969800000000,BTCUSDT,5m,105959.56235921,106042.74806063,105613.84464976,105686.27172451,204.66572
1738970100000000,BTCUSDT,5m,105686.27172451,105716.49886807,105646.50734244,105650.41129349,32.67254
1738970400000000,BTCUSDT,5m,105650.41129349,105652.83561019,105502.66993935,105579.87678197,29.50888
1738970700000000,BTCUSDT,5m,105579.87678197,105603.59859043,105410.75906651,105410.76985896,39.15758
1738971000000000,BTCUSDT,5m,105410.76985896,105431.29439373,105287.26257079,105424.58662597,74.78712
1738971300000000,BTCUSDT,5m,105424.58662597,105432.65658542,105415.16325657,105432.64648534,7.23496
1738971600000000,BTCUSDT,5m,105432.64648534,105432.65726291,105225.7602497,105311.95925536,43.39673
1738971900000000,BTCUSDT,5m,105311.95925536,105441.64338171,105286.67869979,105297.56928841,16.03831
1738972200000000,BTCUSDT,5m,105297.56928841,105438.76623675,105297.55830203,105360.23559664,67.6077
1738972500000000,BTCUSDT,5m,105360.23559664,105399.54440684,105103.93529545,105306.45925814,226.35134
1738972800000000,BTCUSDT,5m,105306.45925814,105361.68264525,105306.45925814,105359.5043355,8.43155
1738973100000000,BTCUSDT,5m,105359.5043355,105412.7842724,105292.34648092,105306.09439469,43.77402
1738973400000000,BTCUSDT,5m,105306.09439469,105515.78010328,105213.289132,105454.83780371,185.66613
1738973700000000,BTCUSDT,5m,105454.83780371,105496.12534352,105190.37723568,105228.34948561,118.21323
1738974000000000,BTCUSDT,5m,105228.34948561,105255.54401834,105091.59580626,105092.50699124,43.36405
1738974300000000,BTCUSDT,5m,105092.50699124,105272.27194826,105092.49667238,105272.2616294,32.46102
1738974600000000,BTCUSDT,5m,105272.2616294,105345.72725219,105250.4819012,105329.6491379,10.36135
1738974900000000,BTCUSDT,5m,105329.6491379,105464.42256198,105230.93733698,105304.35086158,96.76513
1738975200000000,BTCUSDT,5m,105304.35086158,105356.13704357,105293.82699733,105342.05041278,12.95589
1738975500000000,BTCUSDT,5m,105342.05041278,105397.42581574,105268.31239474,105366.65713858,46.19215
1738975800000000,BTCUSDT,5m,105366.65713858,105418.13472669,105278.67448692,105300.20702589,44.99459
1738976100000000,BTCUSDT,5m,105300.20702589,105426.21162825,105222.4954682,105414.3395881,57.44627
1738976400000000,BTCUSDT,5m,105414.3395881,105414.35030055,105030.41606617,105144.3322673,153.59812
1738976700000000,BTCUSDT,5m,105144.3322673,105358.41223466,105014.12590771,105271.70148748,141.16323
1738977000000000,BTCUSDT,5m,105271.70148748,105374.90913254,105081.85687131,105117.74213412,107.68823
1738977300000000,BTCUSDT,5m,105117.74213412,105134.02204009,105104.72685737,105110.5102237,15.14245
1738977600000000,BTCUSDT,5m,105110.5102237,105110.5102237,104955.46577038,105021.31460695,52.41573
1738977900000000,BTCUSDT,5m,105021.31460695,105197.73297443,105021.30370683,105140.07136405,87.85306
1738978200000000,BTCUSDT,5m,105140.07136405,105140.08226037,105011.00441624,105028.44942962,28.84142
1738978500000000,BTCUSDT,5m,105028.44942962,105043.87701148,104830.52722438,104898.23716698,63.69043
1738978800000000,BTCUSDT,5m,104898.23716698,105010.97604434,104870.57908631,104889.63631159,67.7227
1738979100000000,BTCUSDT,5m,104889.63631159,105109.98179384,104862.44088699,105004.92032601,92.23379
1738979400000000,BTCUSDT,5m,105004.92032601,105057.97517921,104914.42403048,105014.72537235,46.67611
1738979700000000,BTCUSDT,5m,105014.72537235,105289.28585185,105014.72537235,105282.10105057,89.93569
1738980000000000,BTCUSDT,5m,105282.10105057,105583.37433459,105176.65540117,105219.99571502,179.7269
1738980300000000,BTCUSDT,5m,105219.99571502,105602.33210839,105219.99571502,105596.88274613,127.18181
1738980600000000,BTCUSDT,5m,105596.88274613,105703.42274393,105596.88274613,105703.41267684,39.30272
1738980900000000,BTCUSDT,5m,105703.41267684,105728.56711511,105568.5044642,105646.43130108,100.00203
1738981200000000,BTCUSDT,5m,105646.43130108,105874.37438864,105642.15294507,105642.15294507,216.39374
1738981500000000,BTCUSDT,5m,105642.15294507,105642.15294507,105456.69873618,105502.36656336,153.01793
1738981800000000,BTCUSDT,5m,105502.36656336,105593.17303297,105473.90467063,105592.65833156,29.48313
1738982100000000,BTCUSDT,5m,105592.65833156,105622.8055033,105452.07889901,105493.96283276,62.79707
1738982400000000,BTCUSDT,5m,105493.96283276,105536.38196771,104800.90586802,105078.45495496,437.60996
1738982700000000,BTCUSDT,5m,105078.45495496,105455.0839598,105078.45495496,105372.02683568,117.36516
1738983000000000,BTCUSDT,5m,105372.02683568,105394.90460129,105240.99162573,105342.9507149,71.08446
1738983300000000,BTCUSDT,5m,105342.9507149,105342.9507149,105053.99856778,105085.98826307,81.01515
1738983600000000,BTCUSDT,5m,105085.98826307,105091.68554611,104724.88430579,104806.33557907,99.45086
1738983900000000,BTCUSDT,5m,104806.33557907,105016.78691237,104726.00820976,104968.43003386,104.16642
1738984200000000,BTCUSDT,5m,104968.43003386,104968.44003086,104938.44905085,104938.45904784,6.30476
1738984500000000,BTCUSDT,5m,104938.45904784,105150.92538871,104932.10441184,105140.74291782,23.60065
1738984800000000,BTCUSDT,5m,105140.74291782,105219.45284226,105140.74291782,105210.88921972,17.87477
1738985100000000,BTCUSDT,5m,105210.88921972,105287.62863622,105208.54979106,105249.92074002,15.95226
1738985400000000,BTCUSDT,5m,105249.92074002,105309.97244996,105187.27955383,105309.97244996,19.39115
1738985700000000,BTCUSDT,5m,105309.97244996,105349.36582929,104769.62586168,104809.61477361,574.58874
1738986000000000,BTCUSDT,5m,104809.61477361,104934.26039862,104806.58022735,104934.24948299,28.31524
1738986300000000,BTCUSDT,5m,104934.24948299,105136.50338519,104644.9180354,105132.40098003,191.12263
1738986600000000,BTCUSDT,5m,105132.40098003,105460.20651131,105119.95965892,105448.56645891,59.72052
1738986900000000,BTCUSDT,5m,105448.56645891,105811.26534599,105448.56645891,105742.86231321,79.75594
1738987200000000,BTCUSDT,5m,105742.86231321,105795.23913651,105696.78035937,105696.78035937,68.95145
1738987500000000,BTCUSDT,5m,105696.78035937,105696.78035937,105569.14006099,105569.15085784,23.0649
1738987800000000,BTCUSDT,5m,105569.15085784,105734.52468518,105498.6027056,105612.86831598,83.55276
1738988100000000,BTCUSDT,5m,105612.86831598,105612.86831598,105447.89588254,105556.20363465,47.57846
1738988400000000,BTCUSDT,5m,105556.20363465,105558.33408177,105390.85665343,105391.16573384,36.28708
1738988700000000,BTCUSDT,5m,105391.16573384,105391.16573384,105344.7912739,105389.25416435,21.4589
1738989000000000,BTCUSDT,5m,105389.25416435,105389.25416435,105118.27070452,105174.3177886,134.72998
1738989300000000,BTCUSDT,5m,105174.3177886,105311.33360499,105137.43562598,105244.6032818,55.01344
1738989600000000,BTCUSDT,5m,105244.6032818,105244.6032818,105099.70287265,105099.70287265,55.3262
1738989900000000,BTCUSDT,5m,105099.70287265,105119.62597651,105053.0007101,105119.62597651,42.76528
1738990200000000,BTCUSDT,5m,105119.62597651,105158.42458134,104944.54822396,104972.69815087,100.79286
1738990500000000,BTCUSDT,5m,104972.69815087,104997.82037894,104956.29358815,104987.55656162,17.72238
1738990800000000,BTCUSDT,5m,104987.55656162,105016.88021577,104922.51553819,104964.37524576,24.46409
1738991100000000,BTCUSDT,5m,104964.37524576,105042.4542375,104902.41550288,105015.48209712,75.07864
1738991400000000,BTCUSDT,5m,105015.48209712,105105.38192,104803.66716971,105088.68505412,76.8682
1738991700000000,BTCUSDT,5m,105088.68505412,105095.82046798,104968.67744893,104984.16782264,46.30527
1738992000000000,BTCUSDT,5m,104984.16782264,105273.9443795,104970.52910182,105117.27869011,128.99381
1738992300000000,BTCUSDT,5m,105117.27869011,105218.85177221,104910.00396917,105144.66478322,109.10116
1738992600000000,BTCUSDT,5m,105144.66478322,105174.89262227,104977.88974103,105055.18994012,130.50799
1738992900000000,BTCUSDT,5m,105055.18994012,105092.47281872,105018.31006079,105053.18583563,29.6632
1738993200000000,BTCUSDT,5m,105053.18583563,105073.81907528,104780.18982385,104900.23588879,571.33836
1738993500000000,BTCUSDT,5m,104900.23588879,105058.81490967,104771.96409948,105048.28187044,143.32361
1738993800000000,BTCUSDT,5m,105048.28187044,105051.89066606,105015.18291667,105051.89066606,14.34956
1738994100000000,BTCUSDT,5m,105051.89066606,105159.09379838,105051.89066606,105144.2438,19.09902
1738994400000000,BTCUSDT,5m,105144.2438,105179.75394943,104908.5505443,104992.01974039,171.11917
1738994700000000,BTCUSDT,5m,104992.01974039,105213.42110632,104985.31524056,105134.69237046,66.92658
1738995000000000,BTCUSDT,5m,105134.69237046,105333.4266974,105134.68209517,105333.4266974,30.40065
1738995300000000,BTCUSDT,5m,105333.4266974,105357.96383849,105274.55908259,105274.5698445,37.59247
1738995600000000,BTCUSDT,5m,105274.5698445,105295.99464796,105161.20233648,105189.28181375,25.49047
1738995900000000,BTCUSDT,5m,105189.28181375,105223.4309116,105049.12957977,105057.01097474,44.38824
1738996200000000,BTCUSDT,5m,105057.01097474,105169.161584,105044.9898681,105169.161584,53.38187
1738996500000000,BTCUSDT,5m,105169.161584,105405.45091572,105112.86243869,105324.20630012,96.81774
1738996800000000,BTCUSDT,5m,105324.20630012,105413.81405843,105312.18386589,105406.59442727,49.949
1738997100000000,BTCUSDT,5m,105406.59442727,105485.83901724,105365.43655207,105365.44736601,13.94342
1738997400000000,BTCUSDT,5m,105365.44736601,105405.27783535,105337.77887205,105337.78973095,23.2576
1738997700000000,BTCUSDT,5m,105337.78973095,105361.80541949,105227.36173046,105245.52532018,70.71146
1738998000000000,BTCUSDT,5m,105245.52532018,105414.39070566,105222.41545042,105414.37966943,72.95569
1738998300000000,BTCUSDT,5m,105414.37966943,105567.77123583,105296.88501567,105385.59902865,103.18225
1738998600000000,BTCUSDT,5m,105385.59902865,105415.22050499,105340.38787901,105340.38787901,13.98249
1738998900000000,BTCUSDT,5m,105340.38787901,105496.52889916,105321.89519952,105321.89519952,32.13668
1738999200000000,BTCUSDT,5m,105321.89519952,105651.86614942,105321.89519952,105642.40192225,42.28748
1738999500000000,BTCUSDT,5m,105642.40192225,105679.09233108,105633.74341869,105670.80181392,52.6651
1738999800000000,BTCUSDT,5m,105670.80181392,105803.76498858,105473.76039482,105507.73418082,91.89323
1739000100000000,BTCUSDT,5m,105507.73418082,105518.47244412,105390.68006614,105398.40920035,26.44751
1739000400000000,BTCUSDT,5m,105398.40920035,105427.39373676,105139.38231829,105158.28527681,34.35442
1739000700000000,BTCUSDT,5m,105158.28527681,105508.25472923,105158.27439569,105465.48104775,441.81296
1739001000000000,BTCUSDT,5m,105465.48104775,105531.08374885,105398.81021828,105453.6226429,35.24034
1739001300000000,BTCUSDT,5m,105453.6226429,105521.98003297,105420.48786117,105514.60232446,91.62895
1739001600000000,BTCUSDT,5m,105514.60232446,105580.51336427,105500.45267538,105580.51336427,63.0762
1739001900000000,BTCUSDT,5m,105580.51336427,105580.51336427,105381.03230264,105381.03230264,83.44751
1739002200000000,BTCUSDT,5m,105381.03230264,105740.46663165,105381.03230264,105719.81402782,151.46651
1739002500000000,BTCUSDT,5m,105719.81402782,105719.82491896,105678.99403616,105678.99403616,9.37588
1739002800000000,BTCUSDT,5m,105678.99403616,105697.66578796,105564.5813054,105697.66578796,34.82219
1739003100000000,BTCUSDT,5m,105697.66578796,105719.50594636,105678.38536642,105695.34774297,30.22894
1739003400000000,BTCUSDT,5m,105695.34774297,105695.35872241,105600.24387241,105648.52045044,63.62966
1739003700000000,BTCUSDT,5m,105648.52045044,105734.86471519,105452.89087944,105565.39391797,317.53436
1739004000000000,BTCUSDT,5m,105565.39391797,105867.16444493,105526.13869065,105762.36912027,82.75042
1739004300000000,BTCUSDT,5m,105762.36912027,105912.1044207,105740.83116806,105830.68342752,80.41527
1739004600000000,BTCUSDT,5m,105830.68342752,106009.69620752,105742.21957491,105996.00151729,64.56644
1739004900000000,BTCUSDT,5m,105996.00151729,106175.6377777,105996.00151729,106148.12152873,39.07357
1739005200000000,BTCUSDT,5m,106148.12152873,106197.36770598,105820.30992645,105839.64210348,149.14345
1739005500000000,BTCUSDT,5m,105839.64210348,105881.57141043,105628.31883481,105655.02602797,235.54968
1739005800000000,BTCUSDT,5m,105655.02602797,105655.03639817,105517.92163256,105589.36193057,31.26506
1739006100000000,BTCUSDT,5m,105589.36193057,105635.50773259,105560.63471899,105635.49737671,11.72652
1739006400000000,BTCUSDT,5m,105635.49737671,105659.83088725,105600.38255922,105631.18485393,11.32866
1739006700000000,BTCUSDT,5m,105631.18485393,105650.70202497,105603.94571568,105626.30303435,15.00705
1739007000000000,BTCUSDT,5m,105626.30303435,105708.90349115,105626.30303435,105690.82449208,8.24905
1739007300000000,BTCUSDT,5m,105690.82449208,105690.83528231,105630.25894752,105690.83528231,28.01802
1739007600000000,BTCUSDT,5m,105690.83528231,105758.08441903,105643.14370144,105731.68372248,102.91005
1739007900000000,BTCUSDT,5m,105731.68372248,105955.4447327,105705.86598804,105828.05603876,70.1252
1739008200000000,BTCUSDT,5m,105828.05603876,105889.88448995,105491.76629869,105542.87272865,184.15208
1739008500000000,BTCUSDT,5m,105542.87272865,105549.18852086,105304.57819893,105512.66856365,457.95698
1739008800000000,BTCUSDT,5m,105512.66856365,105534.29894849,105475.64083181,105534.28805157,21.76122
1739009100000000,BTCUSDT,5m,105534.28805157,105844.47937617,105534.28805157,105775.30654864,84.02578
1739009400000000,BTCUSDT,5m,105775.30654864,105793.34936123,105733.91421386,105751.47184158,13.35537
1739009700000000,BTCUSDT,5m,105751.47184158,105809.22735755,105468.28315715,105475.78177169,88.61432
1739010000000000,BTCUSDT,5m,105475.78177169,105743.13185746,105471.60897543,105685.6292155,93.23462
1739010300000000,BTCUSDT,5m,105685.6292155,105698.99804017,105683.0507874,105696.64712043,7.70438
1739010600000000,BTCUSDT,5m,105696.64712043,105711.8821901,105467.57967276,105502.8899515,45.0435
1739010900000000,BTCUSDT,5m,105502.8899515,105603.72011096,105501.42468295,105603.72011096,35.09302
1739011200000000,BTCUSDT,5m,105603.72011096,105603.72011096,105450.17909065,105475.89472945,37.34973
1739011500000000,BTCUSDT,5m,105475.89472945,105502.0072433,105424.83123197,105431.14294325,63.70342
1739011800000000,BTCUSDT,5m,105431.14294325,105440.95429598,105279.31882988,105438.9832653,76.29621
1739012100000000,BTCUSDT,5m,105438.9832653,105616.93786246,105299.25204552,105490.13820784,123.35038
1739012400000000,BTCUSDT,5m,105490.13820784,105490.14914232,105411.55213721,105424.01743852,34.06609
1739012700000000,BTCUSDT,5m,105424.01743852,105545.19156934,105424.00734404,105527.52623038,18.98784
1739013000000000,BTCUSDT,5m,105527.52623038,105918.51983999,105527.52623038,105897.63102156,71.71667
1739013300000000,BTCUSDT,5m,105897.63102156,105908.66794553,105818.11853412,105908.66794553,81.81961
1739013600000000,BTCUSDT,5m,105908.66794553,105926.7232939,105747.87067635,105756.79770757,37.26949
1739013900000000,BTCUSDT,5m,105756.79770757,105819.50138692,105756.79770757,105792.47757899,18.20495
1739014200000000,BTCUSDT,5m,105792.47757899,105828.77730386,105689.27571689,105759.22261352,88.50484
1739014500000000,BTCUSDT,5m,105759.22261352,105900.30988606,105759.22261352,105900.30988606,22.5074
1739014800000000,BTCUSDT,5m,105900.30988606,106080.71275259,105754.1963587,105876.34517594,380.81274
1739015100000000,BTCUSDT,5m,105876.34517594,105904.16273738,105685.45991582,105792.74830171,99.39858
1739015400000000,BTCUSDT,5m,105792.74830171,105881.03697382,105774.13197344,105848.45567607,30.80327
1739015700000000,BTCUSDT,5m,105848.45567607,105887.04537387,105769.28963798,105788.49014911,34.41334
1739016000000000,BTCUSDT,5m,105788.49014911,105788.49014911,105682.59452908,105716.48768111,67.7011
1739016300000000,BTCUSDT,5m,105716.48768111,105759.52899059,105657.64708832,105703.41805974,30.81791
1739016600000000,BTCUSDT,5m,105703.41805974,105917.83681834,105703.41805974,105851.91393115,91.9455
1739016900000000,BTCUSDT,5m,105851.91393115,105959.60523736,105851.91393115,105887.46922052,83.42373
1739017200000000,BTCUSDT,5m,105887.46922052,106193.78524718,105845.38087092,106035.1277034,194.98527
1739017500000000,BTCUSDT,5m,106035.1277034,106261.88908609,105934.84839611,106120.28415385,64.77094
1739017800000000,BTCUSDT,5m,106120.28415385,106120.28415385,106022.79098089,106027.10368157,35.59371
1739018100000000,BTCUSDT,5m,106027.10368157,106096.13470502,105791.83738686,105800.84575327,88.45319
1739018400000000,BTCUSDT,5m,105800.84575327,105862.5466131,105756.58209295,105838.54572625,44.62822
1739018700000000,BTCUSDT,5m,105838.54572625,105962.35095727,105838.53558576,105955.93202769,58.9247
1739019000000000,BTCUSDT,5m,105955.93202769,105955.94214069,105882.10712182,105930.50794367,25.82456
1739019300000000,BTCUSDT,5m,105930.50794367,105930.50794367,105772.18068368,105876.83321811,103.11853
1739019600000000,BTCUSDT,5m,105876.83321811,106203.48690232,105791.04615525,106160.25976061,206.50344
1739019900000000,BTCUSDT,5m,106160.25976061,106165.41371524,106021.81909287,106107.96376307,67.885
1739020200000000,BTCUSDT,5m,106107.96376307,106107.96376307,105964.92692738,106086.39120183,99.09904
1739020500000000,BTCUSDT,5m,106086.39120183,106169.07262236,105902.17606426,106033.57590473,196.18216
1739020800000000,BTCUSDT,5m,106033.57590473,106120.37732303,106011.60072435,106053.13479485,18.79999
1739021100000000,BTCUSDT,5m,106053.13479485,106126.90367621,105909.70310726,105909.71391272,134.32826
1739021400000000,BTCUSDT,5m,105909.71391272,106071.47845595,105909.71391272,106023.9149726,50.32611
1739021700000000,BTCUSDT,5m,106023.9149726,106062.0561367,105481.11617735,105836.71663288,368.2145
1739022000000000,BTCUSDT,5m,105836.71663288,105836.72704313,105675.51398434,105791.04688673,100.20175
1739022300000000,BTCUSDT,5m,105791.04688673,105809.88718413,105756.89691205,105756.89691205,14.32739
1739022600000000,BTCUSDT,5m,105756.89691205,105756.89691205,105466.07106247,105620.82535932,132.27305
1739022900000000,BTCUSDT,5m,105620.82535932,105763.12723008,105601.41039842,105727.4692701,42.63957
1739023200000000,BTCUSDT,5m,105727.4692701,105792.6332907,105524.46703594,105563.67598764,73.87877
1739023500000000,BTCUSDT,5m,105563.67598764,105603.94902213,105546.96535243,105568.40864942,19.06926
1739023800000000,BTCUSDT,5m,105568.40864942,105665.18642061,105568.40864942,105598.11740897,58.02236
1739024100000000,BTCUSDT,5m,105598.11740897,105688.20719355,105502.46202528,105569.59237303,41.6226
1739024400000000,BTCUSDT,5m,105569.59237303,105569.59237303,105389.23335856,105433.47806739,63.3583
1739024700000000,BTCUSDT,5m,105433.47806739,105498.38097481,105266.63132127,105363.90440475,49.24234
1739025000000000,BTCUSDT,5m,105363.90440475,105374.68454231,105234.67622235,105272.28350225,49.55705
1739025300000000,BTCUSDT,5m,105272.28350225,105452.92931806,105093.74479583,105121.04849763,255.07016
1739025600000000,BTCUSDT,5m,105121.04849763,105316.20047302,105087.89245322,105234.88171274,34.82523
1739025900000000,BTCUSDT,5m,105234.88171274,105921.04333138,105224.54795342,105683.25319574,474.73944
1739026200000000,BTCUSDT,5m,105683.25319574,105716.94840626,105643.81796887,105644.95720876,29.72172
1739026500000000,BTCUSDT,5m,105644.95720876,105677.70137014,105636.86314639,105658.89457818,10.62343
1739026800000000,BTCUSDT,5m,105658.89457818,105736.31422538,105514.54856017,105611.52674374,163.66678
1739027100000000,BTCUSDT,5m,105611.52674374,105645.02536852,105154.0244713,105300.46654684,145.38006
1739027400000000,BTCUSDT,5m,105300.46654684,105300.46654684,105013.20995795,105086.19919223,71.62685
1739027700000000,BTCUSDT,5m,105086.19919223,105138.89102852,104406.05525428,104439.22880145,216.00513
1739028000000000,BTCUSDT,5m,104439.22880145,104529.2172632,104412.24098273,104509.09629658,43.48977
1739028300000000,BTCUSDT,5m,104509.09629658,104550.80080571,104166.67920247,104193.87686646,168.99747
1739028600000000,BTCUSDT,5m,104193.87686646,104396.1849098,104141.21602077,104369.5076191,46.95824
1739028900000000,BTCUSDT,5m,104369.5076191,104398.20983487,104333.52818233,104350.822284,30.57669
1739029200000000,BTCUSDT,5m,104350.822284,104380.63587535,104298.43508182,104298.43508182,30.74916
1739029500000000,BTCUSDT,5m,104298.43508182,104328.3463401,103770.7321297,103990.70178708,625.82013
1739029800000000,BTCUSDT,5m,103990.70178708,104056.70204755,103987.16534928,104024.41715192,74.76825
1739030100000000,BTCUSDT,5m,104024.41715192,104723.34688585,103055.75985625,103211.36848305,1394.34783
1739030400000000,BTCUSDT,5m,103211.36848305,103211.37832747,103128.76395623,103128.76395623,12.50856
1739030700000000,BTCUSDT,5m,103128.76395623,103253.18905542,102527.1422548,103078.76869353,398.52282
1739031000000000,BTCUSDT,5m,103078.76869353,103098.95756297,102800.57825735,103036.2166071,71.74921
1739031300000000,BTCUSDT,5m,103036.2166071,103113.22583653,103036.20599831,103057.80550115,69.16753
1739031600000000,BTCUSDT,5m,103057.80550115,103081.72949655,103057.80550115,103080.31527022,7.11212
1739031900000000,BTCUSDT,5m,103080.31527022,103276.32459817,102779.82289298,103045.60028631,146.90976
1739032200000000,BTCUSDT,5m,103045.60028631,103059.73922737,102872.30272485,102872.30272485,205.27517
1739032500000000,BTCUSDT,5m,102872.30272485,102872.30272485,102791.40714373,102791.40714373,29.12931
1739032800000000,BTCUSDT,5m,102791.40714373,102944.80606075,102737.47651566,102868.77254297,66.99286
1739033100000000,BTCUSDT,5m,102868.77254297,103116.39012309,102831.18497227,103116.39012309,82.49237
1739033400000000,BTCUSDT,5m,103116.39012309,103116.40075512,103036.09700831,103094.48813468,43.25798
1739033700000000,BTCUSDT,5m,103094.48813468,103094.48813468,102894.74702683,102904.89489839,28.23252
1739034000000000,BTCUSDT,5m,102904.89489839,102904.89489839,102707.91639859,102739.27951589,92.68126
1739034300000000,BTCUSDT,5m,102739.27951589,102785.1529875,102689.73334915,102728.80478812,17.71016
1739034600000000,BTCUSDT,5m,102728.80478812,102745.76443231,102582.28406207,102633.86257997,25.32124
1739034900000000,BTCUSDT,5m,102633.86257997,102652.94582403,102589.82355225,102589.83359078,19.96666
1739035200000000,BTCUSDT,5m,102589.83359078,102679.36941774,102540.19906811,102679.36941774,34.55156
1739035500000000,BTCUSDT,5m,102679.36941774,102679.77379212,102537.0083545,102564.71864069,57.33882
1739035800000000,BTCUSDT,5m,102564.71864069,102689.52548151,102285.30563149,102359.91864342,45.55057
1739036100000000,BTCUSDT,5m,102359.91864342,102412.69365985,102312.24204783,102393.42534771,23.68597
1739036400000000,BTCUSDT,5m,102393.42534771,102400.57897889,102375.37094522,102399.12057492,16.99347
1739036700000000,BTCUSDT,5m,102399.12057492,102587.09541444,102230.01462081,102230.01462081,397.40055
1739037000000000,BTCUSDT,5m,102230.01462081,102475.53840063,102150.61883105,102371.81267798,135.76794
1739037300000000,BTCUSDT,5m,102371.81267798,102443.83098796,102277.65556534,102426.26187502,79.67767
1739037600000000,BTCUSDT,5m,102426.26187502,102452.38544476,102272.42307541,102307.67064781,81.21516
1739037900000000,BTCUSDT,5m,102307.67064781,102352.68383557,102243.34950497,102282.85216647,22.85082
1739038200000000,BTCUSDT,5m,102282.85216647,102282.8624771,102045.33642121,102269.23182008,198.88774
1739038500000000,BTCUSDT,5m,102269.23182008,102297.43780051,102239.17150191,102273.23117551,18.85145
1739038800000000,BTCUSDT,5m,102273.23117551,102273.24167892,102205.19009617,102215.19984434,12.27993
1739039100000000,BTCUSDT,5m,102215.19984434,102240.8100866,102154.88363764,102188.72991305,19.19411
1739039400000000,BTCUSDT,5m,102188.72991305,102270.3648599,101912.85178489,102017.17220748,140.32596
1739039700000000,BTCUSDT,5m,102017.17220748,102114.53401591,102001.92022774,102103.15036828,48.05514
1739040000000000,BTCUSDT,5m,102103.15036828,102188.64037065,102032.04394724,102174.0032001,71.01393
1739040300000000,BTCUSDT,5m,102174.0032001,102262.68801077,102174.0032001,102239.55376302,19.74798
1739040600000000,BTCUSDT,5m,102239.55376302,102303.42083989,102188.5746613,102200.9428745,85.236
1739040900000000,BTCUSDT,5m,102200.9428745,102284.98804542,102140.1079455,102284.98804542,30.73864
1739041200000000,BTCUSDT,5m,102284.98804542,102284.99857683,102219.61952593,102252.69871389,31.59112
1739041500000000,BTCUSDT,5m,102252.69871389,102276.48348594,102206.38929017,102239.85598709,27.24344
1739041800000000,BTCUSDT,5m,102239.85598709,102244.07912125,102059.99891659,102109.28636769,45.10475
1739042100000000,BTCUSDT,5m,102109.28636769,102133.72932589,101928.3965633,102001.20917721,77.24833
1739042400000000,BTCUSDT,5m,102001.20917721,102001.21964293,101871.66445568,101915.20186411,28.81556
1739042700000000,BTCUSDT,5m,101915.20186411,101933.82895663,101844.0775157,101844.08749806,11.16288
1739043000000000,BTCUSDT,5m,101844.08749806,101919.47919885,101844.0770531,101915.01920215,27.21296
1739043300000000,BTCUSDT,5m,101915.01920215,102196.09850732,101743.71454769,101883.07649369,217.04463
1739043600000000,BTCUSDT,5m,101883.07649369,101904.8533184,101824.22413259,101904.84295342,26.63292
1739043900000000,BTCUSDT,5m,101904.84295342,101904.84295342,101834.53514061,101834.53514061,9.88024
1739044200000000,BTCUSDT,5m,101834.53514061,101854.06540096,101705.11422497,101762.07504425,24.55244
1739044500000000,BTCUSDT,5m,101762.07504425,103021.01702304,101762.07504425,102474.89384298,542.87656
1739044800000000,BTCUSDT,5m,102474.89384298,102474.90443446,101980.3777695,102025.06321208,99.90625
1739045100000000,BTCUSDT,5m,102025.06321208,102083.16792846,101878.42120407,102076.00048553,65.87827
1739045400000000,BTCUSDT,5m,102076.00048553,102221.02056104,101983.00207432,102203.06352975,101.86165
1739045700000000,BTCUSDT,5m,102203.06352975,102329.50998664,102125.73854527,102329.50998664,59.18814
1739046000000000,BTCUSDT,5m,102329.50998664,102357.36913999,102167.7654815,102285.23027366,37.164
1739046300000000,BTCUSDT,5m,102285.23027366,102462.07433114,102285.22045553,102462.07433114,94.65644
1739046600000000,BTCUSDT,5m,102462.07433114,102535.94024222,102448.89427251,102523.78387747,16.47802
1739046900000000,BTCUSDT,5m,102523.78387747,102688.63452194,102485.61418876,102528.02495399,70.82682
1739047200000000,BTCUSDT,5m,102528.02495399,102567.24716566,102528.01517533,102531.00744578,10.28384
1739047500000000,BTCUSDT,5m,102531.00744578,102540.28734302,102467.44945895,102497.31759707,21.72566
1739047800000000,BTCUSDT,5m,102497.31759707,102548.37081494,102277.06460869,102306.03067089,128.40872
1739048100000000,BTCUSDT,5m,102306.03067089,102529.94569757,102184.469614,102529.8094771,52.13716
1739048400000000,BTCUSDT,5m,102529.8094771,102664.3001241,102436.54135931,102631.07373574,45.96715
1739048700000000,BTCUSDT,5m,102631.07373574,102631.07373574,102580.8918406,102586.69783643,15.40157
1739049000000000,BTCUSDT,5m,102586.69783643,102821.0671199,102541.06962876,102621.07943262,113.01349
1739049300000000,BTCUSDT,5m,102621.07943262,103125.77685696,102621.07943262,103092.70600049,149.03521
1739049600000000,BTCUSDT,5m,103092.70600049,103211.55556703,103077.42534193,103211.04319781,45.84646
1739049900000000,BTCUSDT,5m,103211.04319781,103253.62692563,102903.67575646,102941.58090585,128.36014
1739050200000000,BTCUSDT,5m,102941.58090585,102979.62835635,102779.93184828,102867.90092071,102.25751
1739050500000000,BTCUSDT,5m,102867.90092071,103179.6602236,102808.31361236,103144.04848354,115.20108
1739050800000000,BTCUSDT,5m,103144.04848354,103225.16034053,103083.348614,103193.81408229,62.99957
1739051100000000,BTCUSDT,5m,103193.81408229,103200.05238192,103138.46780281,103193.24986748,15.33609
1739051400000000,BTCUSDT,5m,103193.24986748,103227.73127592,103086.9575892,103122.45841143,49.85831
1739051700000000,BTCUSDT,5m,103122.45841143,103136.01391377,103075.01415324,103075.02472695,13.25304
1739052000000000,BTCUSDT,5m,103075.02472695,103136.50479149,102976.75208332,103016.66233334,45.23174
1739052300000000,BTCUSDT,5m,103016.66233334,103282.93921376,102937.63864376,103271.19012064,223.65765
1739052600000000,BTCUSDT,5m,103271.19012064,103271.2007125,103132.33075899,103209.20652152,55.25659
1739052900000000,BTCUSDT,5m,103209.20652152,103478.82361735,103177.18295325,103457.12231258,63.91703
1739053200000000,BTCUSDT,5m,103457.12231258,103579.55492817,103383.20278018,103481.25952414,114.28845
1739053500000000,BTCUSDT,5m,103481.25952414,103604.35031789,103426.79597634,103584.40681467,119.17729
1739053800000000,BTCUSDT,5m,103584.40681467,103591.79303878,103394.39373756,103410.00329116,55.00998
1739054100000000,BTCUSDT,5m,103410.00329116,103459.02060375,103410.00329116,103426.97448951,10.52269
1739054400000000,BTCUSDT,5m,103426.97448951,103474.97913902,103419.52895674,103474.96856298,36.19774
1739054700000000,BTCUSDT,5m,103474.96856298,103480.97761181,103449.39814241,103480.96695747,19.53299
1739055000000000,BTCUSDT,5m,103480.96695747,103511.55458099,103456.14982228,103511.53440446,21.75388
1739055300000000,BTCUSDT,5m,103511.53440446,103555.31218498,103509.80927665,103521.53375642,24.63247
1739055600000000,BTCUSDT,5m,103521.53375642,103533.76784926,103367.01300407,103404.90989322,93.29414
1739055900000000,BTCUSDT,5m,103404.90989322,103512.99204749,103239.95520786,103469.96453234,157.36502
1739056200000000,BTCUSDT,5m,103469.96453234,103582.6410452,103435.92469497,103514.86423522,58.01166
1739056500000000,BTCUSDT,5m,103514.86423522,103514.86423522,103226.27217044,103226.28268228,65.87248
1739056800000000,BTCUSDT,5m,103226.28268228,103244.95775471,103020.36934108,103075.37707429,45.20506
1739057100000000,BTCUSDT,5m,103075.37707429,103114.50232585,102991.14882953,103088.6969354,36.10952
1739057400000000,BTCUSDT,5m,103088.6969354,103103.38489931,103085.77830842,103085.77830842,9.4573
1739057700000000,BTCUSDT,5m,103085.77830842,103124.90532465,103057.06724789,103117.99360173,21.21527
1739058000000000,BTCUSDT,5m,103117.99360173,103189.87305804,102728.50405437,102894.42843811,216.84903
1739058300000000,BTCUSDT,5m,102894.42843811,103006.16854341,102797.3629084,102928.75530876,132.05924
1739058600000000,BTCUSDT,5m,102928.75530876,103002.11637777,102928.7448286,102992.76808154,28.24677
1739058900000000,BTCUSDT,5m,102992.76808154,103065.81467985,102900.49644692,102998.73520831,32.35233
1739059200000000,BTCUSDT,5m,102998.73520831,103195.12029851,102886.63733658,103189.41857391,117.58319
1739059500000000,BTCUSDT,5m,103189.41857391,103284.81252499,103189.40798752,103273.11456517,35.42222
1739059800000000,BTCUSDT,5m,103273.11456517,103273.12439229,103188.69959722,103194.99878167,30.45655
1739060100000000,BTCUSDT,5m,103194.99878167,103253.65082704,103185.79239478,103211.1606312,18.26163
1739060400000000,BTCUSDT,5m,103211.1606312,103211.1606312,102657.54829419,102764.51250243,219.54899
1739060700000000,BTCUSDT,5m,102764.51250243,102922.82605341,102764.51250243,102861.5461151,33.79048
1739061000000000,BTCUSDT,5m,102861.5461151,102861.55594138,102801.50751682,102807.24606697,12.79493
1739061300000000,BTCUSDT,5m,102807.24606697,102865.5849735,102807.23548682,102865.57439336,45.33306
1739061600000000,BTCUSDT,5m,102865.57439336,102931.73936826,102710.30271859,102762.73666106,54.16152
1739061900000000,BTCUSDT,5m,102762.73666106,102784.50170931,102762.72688341,102784.50170931,9.89651
1739062200000000,BTCUSDT,5m,102784.50170931,102902.49916223,102595.69733891,102692.5171153,195.41628
1739062500000000,BTCUSDT,5m,102692.5171153,102745.95350241,102661.94846851,102690.17800501,24.93667
1739062800000000,BTCUSDT,5m,102690.17800501,102735.03634888,102646.39423866,102664.54617067,38.1358
1739063100000000,BTCUSDT,5m,102664.54617067,102856.48602991,102664.53537358,102814.73368499,110.7518
1739063400000000,BTCUSDT,5m,102814.73368499,102929.44908604,102814.72365654,102892.31374815,45.40269
1739063700000000,BTCUSDT,5m,102892.31374815,103086.54183066,102620.27002715,102679.11382733,137.30525
1739064000000000,BTCUSDT,5m,102679.11382733,102679.12394542,102443.64552567,102463.91206951,44.28161
1739064300000000,BTCUSDT,5m,102463.91206951,102488.00267488,102323.71659574,102392.05197279,31.38458
1739064600000000,BTCUSDT,5m,102392.05197279,102452.19893504,102209.93041649,102275.56056321,83.61673
1739064900000000,BTCUSDT,5m,102275.56056321,102297.25958283,102240.73368885,102260.46196618,18.36934
1739065200000000,BTCUSDT,5m,102260.46196618,102265.37286998,102205.78298537,102226.70215999,17.2561
1739065500000000,BTCUSDT,5m,102226.70215999,102444.94250164,102226.70215999,102426.43068123,66.09265
1739065800000000,BTCUSDT,5m,102426.43068123,102515.03957048,101996.94829783,102048.12589356,156.03713
1739066100000000,BTCUSDT,5m,102048.12589356,102048.12589356,101821.47405269,101857.91776895,60.94142
1739066400000000,BTCUSDT,5m,101857.91776895,101874.49182949,101785.84303118,101791.20430689,31.92981
1739066700000000,BTCUSDT,5m,101791.20430689,101926.10776099,101759.47484413,101926.10776099,35.52203
1739067000000000,BTCUSDT,5m,101926.10776099,102124.54813038,101854.16971943,102069.08212837,106.35
1739067300000000,BTCUSDT,5m,102069.08212837,102104.85577204,101990.87757809,102104.85577204,32.1202
1739067600000000,BTCUSDT,5m,102104.85577204,102104.8657643,102015.0153306,102062.38865202,15.92788
1739067900000000,BTCUSDT,5m,102062.38865202,102074.13633253,101874.65729478,101903.3671361,49.11284
1739068200000000,BTCUSDT,5m,101903.3671361,101956.81850143,101853.09078816,101956.80802282,23.85419
1739068500000000,BTCUSDT,5m,101956.80802282,102021.06138352,101949.23403501,102009.80501489,18.88654
1739068800000000,BTCUSDT,5m,102009.80501489,102082.27539131,102000.27190125,102000.28229723,37.21582
1739069100000000,BTCUSDT,5m,102000.28229723,102009.36287274,101844.06932341,101856.56552824,62.53641
1739069400000000,BTCUSDT,5m,101856.56552824,101913.43422618,101671.3417065,101671.35159671,77.07773
1739069700000000,BTCUSDT,5m,101671.35159671,101799.93410995,101635.04484787,101792.26001851,104.13036
1739070000000000,BTCUSDT,5m,101792.26001851,101841.61998159,101719.62599561,101727.86143216,24.73561
1739070300000000,BTCUSDT,5m,101727.86143216,101727.8718294,101689.10054643,101693.94565715,12.48078
1739070600000000,BTCUSDT,5m,101693.94565715,102076.35099435,101683.76874091,101881.21119553,246.00035
1739070900000000,BTCUSDT,5m,101881.21119553,102325.45164469,101743.63995966,102165.39280296,317.4598
1739071200000000,BTCUSDT,5m,102165.39280296,102442.64614523,102028.13925164,102265.28970443,109.53568
1739071500000000,BTCUSDT,5m,102265.28970443,102350.85378753,102214.17880311,102214.1885274,36.39319
1739071800000000,BTCUSDT,5m,102214.1885274,102373.96081417,102138.23916979,102138.23916979,60.14915
1739072100000000,BTCUSDT,5m,102138.23916979,102200.00606335,102138.23916979,102152.06932812,15.02325
1739072400000000,BTCUSDT,5m,102152.06932812,102182.83656715,102076.46047477,102076.46047477,26.1267
1739072700000000,BTCUSDT,5m,102076.46047477,102109.40345966,101902.00885153,101906.09261208,23.61797
1739073000000000,BTCUSDT,5m,101906.09261208,101906.10231751,101898.98823599,101905.43264272,7.67511
1739073300000000,BTCUSDT,5m,101905.43264272,101937.0604196,101882.71528271,101891.91991147,24.04194
1739073600000000,BTCUSDT,5m,101891.91991147,102008.39724566,101804.66329944,101969.54720365,51.75623
1739073900000000,BTCUSDT,5m,101969.54720365,102151.66380692,101264.70672831,101282.41633746,329.57314
1739074200000000,BTCUSDT,5m,101282.41633746,101282.42689101,101054.81848493,101107.21685912,97.48591
1739074500000000,BTCUSDT,5m,101107.21685912,101218.16090042,101099.59057393,101125.73032387,46.19391
1739074800000000,BTCUSDT,5m,101125.73032387,101209.21910595,101035.58383899,101152.48992994,70.40085
1739075100000000,BTCUSDT,5m,101152.48992994,101284.01479278,101080.28418202,101080.29384941,44.49457
1739075400000000,BTCUSDT,5m,101080.29384941,101086.80917647,100921.84730048,100967.13399441,28.43397
1739075700000000,BTCUSDT,5m,100967.13399441,101046.06994954,100957.3591657,101046.05941632,28.8957
1739076000000000,BTCUSDT,5m,101046.05941632,101050.71838269,100930.64364158,100938.50888992,34.39266
1739076300000000,BTCUSDT,5m,100938.50888992,101211.54829319,100916.58298345,101089.14927128,156.76488
1739076600000000,BTCUSDT,5m,101089.14927128,101089.15888766,101052.68395033,101057.73255093,22.66991
1739076900000000,BTCUSDT,5m,101057.73255093,101057.73255093,100744.35368094,100800.69098399,195.08267
1739077200000000,BTCUSDT,5m,100800.69098399,100891.85997797,100781.29083162,100891.85020952,45.97379
1739077500000000,BTCUSDT,5m,100891.85020952,101060.80017052,100802.71763564,100941.11897028,110.78983
1739077800000000,BTCUSDT,5m,100941.11897028,100941.11897028,100780.01175053,100882.52270729,59.55208
1739078100000000,BTCUSDT,5m,100882.52270729,100979.13378695,100764.55441237,100945.6282423,60.13981
1739078400000000,BTCUSDT,5m,100945.6282423,100945.63866114,100757.51601138,100785.89694281,47.26346
1739078700000000,BTCUSDT,5m,100785.89694281,100830.82873178,100694.3251638,100800.28446971,76.59056
1739079000000000,BTCUSDT,5m,100800.28446971,100867.25883923,100768.24158744,100864.1123231,44.7763
1739079300000000,BTCUSDT,5m,100864.1123231,101038.39460053,100839.0962188,100933.84984008,114.24603
1739079600000000,BTCUSDT,5m,100933.84984008,101232.37274288,100923.76326222,101232.37274288,142.55686
1739079900000000,BTCUSDT,5m,101232.37274288,101245.24579978,101175.12724908,101193.11982168,35.69232
1739080200000000,BTCUSDT,5m,101193.11982168,101193.13029842,101164.96882245,101168.96046023,13.02383
1739080500000000,BTCUSDT,5m,101168.96046023,101241.51404273,101052.00159613,101212.54900356,126.18938
1739080800000000,BTCUSDT,5m,101212.54900356,101222.4889468,101156.91452585,101156.92495601,15.28743
1739081100000000,BTCUSDT,5m,101156.92495601,101269.4834841,100952.44035664,101146.40198957,186.27148
1739081400000000,BTCUSDT,5m,101146.40198957,101303.67471633,101116.68245388,101280.57026766,54.07585
1739081700000000,BTCUSDT,5m,101280.57026766,101406.39135439,101275.97251009,101388.83628002,47.35046
1739082000000000,BTCUSDT,5m,101388.83628002,101408.77450257,101324.48688883,101358.98615028,25.42116
1739082300000000,BTCUSDT,5m,101358.98615028,101426.00966044,101353.01611038,101426.00966044,23.22629
1739082600000000,BTCUSDT,5m,101426.00966044,101445.54886111,101367.05384282,101380.90135743,12.5563
1739082900000000,BTCUSDT,5m,101380.90135743,101416.27543815,101366.63982862,101395.08899231,14.75836
1739083200000000,BTCUSDT,5m,101395.08899231,101550.29622402,101395.07852302,101483.14619473,100.31693
1739083500000000,BTCUSDT,5m,101483.14619473,101714.6168374,101483.14619473,101703.96106019,129.7609
1739083800000000,BTCUSDT,5m,101703.96106019,101761.17540315,101686.85663728,101686.85663728,43.38716
1739084100000000,BTCUSDT,5m,101686.85663728,101693.39672035,101581.93444568,101666.0828458,27.98646
1739084400000000,BTCUSDT,5m,101666.0828458,102166.50165674,101650.71382957,102136.26951685,195.44164
1739084700000000,BTCUSDT,5m,102136.26951685,102218.89235506,102097.23372676,102105.52907528,20.67155
1739085000000000,BTCUSDT,5m,102105.52907528,102261.64999113,102105.52907528,102261.6401907,45.79262
1739085300000000,BTCUSDT,5m,102261.6401907,102335.2540876,102205.70357687,102234.90044004,44.76059
1739085600000000,BTCUSDT,5m,102234.90044004,102261.30507107,102056.23665538,102159.70285196,58.72064
1739085900000000,BTCUSDT,5m,102159.70285196,102225.79263717,102159.69283532,102198.57742856,15.85769
1739086200000000,BTCUSDT,5m,102198.57742856,102348.47017675,102145.99652688,102178.64979794,48.45592
1739086500000000,BTCUSDT,5m,102178.64979794,102193.42682946,102055.16889729,102102.91089088,21.9422
1739086800000000,BTCUSDT,5m,102102.91089088,102131.18685747,101853.2197283,101937.04744649,133.75172
1739087100000000,BTCUSDT,5m,101937.04744649,102024.08524222,101917.65418612,102024.07470241,21.78329
1739087400000000,BTCUSDT,5m,102024.07470241,102068.47812515,101978.2596406,102019.75550826,59.52837
1739087700000000,BTCUSDT,5m,102019.75550826,102087.97992696,102012.14034876,102069.66844228,23.64988
1739088000000000,BTCUSDT,5m,102069.66844228,102099.42707862,101804.30555048,101853.40039466,48.51736
1739088300000000,BTCUSDT,5m,101853.40039466,102154.301335,101853.40039466,102087.26910517,47.51166
1739088600000000,BTCUSDT,5m,102087.26910517,102219.84751212,101886.02921352,101956.06848601,127.85825
1739088900000000,BTCUSDT,5m,101956.06848601,101990.12495801,101956.0006058,101990.12495801,7.96064
1739089200000000,BTCUSDT,5m,101990.12495801,102004.95301112,101934.65431946,102004.95301112,12.42239
1739089500000000,BTCUSDT,5m,102004.95301112,102004.96366124,101922.86192952,101922.87257964,32.21825
1739089800000000,BTCUSDT,5m,101922.87257964,102009.37783753,101852.46628991,102008.25914739,40.91481
1739090100000000,BTCUSDT,5m,102008.25914739,102080.34627079,102008.25914739,102045.85881193,13.24875
1739090400000000,BTCUSDT,5m,102045.85881193,102082.27485905,101982.11762263,102007.73363274,34.15863
1739090700000000,BTCUSDT,5m,102007.73363274,102015.38242505,101773.09537845,101790.03565672,83.55104
1739091000000000,BTCUSDT,5m,101790.03565672,101802.38101788,101503.91981364,101649.79894365,169.12323
1739091300000000,BTCUSDT,5m,101649.79894365,101696.87764748,101596.7570082,101683.47366339,46.03525
1739091600000000,BTCUSDT,5m,101683.47366339,101738.92672011,101547.67178231,101563.5368368,71.50249
1739091900000000,BTCUSDT,5m,101563.5368368,101792.70363564,101563.5368368,101668.55501331,48.05959
1739092200000000,BTCUSDT,5m,101668.55501331,101672.82026672,101509.97052182,101584.0694266,37.41873
1739092500000000,BTCUSDT,5m,101584.0694266,101624.36971598,101525.28900453,101619.12967835,66.23527
1739092800000000,BTCUSDT,5m,101619.12967835,101631.76274513,101587.68264251,101615.54514254,19.03943
1739093100000000,BTCUSDT,5m,101615.54514254,101615.55474783,101504.80572187,101549.79691334,61.56982
1739093400000000,BTCUSDT,5m,101549.79691334,101739.48732768,101536.01054465,101676.37894654,58.71944
1739093700000000,BTCUSDT,5m,101676.37894654,101822.1843296,101673.13817616,101822.17456825,43.52969
1739094000000000,BTCUSDT,5m,101822.17456825,101858.7328027,101305.79735394,101452.76271202,248.46674
1739094300000000,BTCUSDT,5m,101452.76271202,101533.03927357,101427.23206479,101477.14191555,83.78818
1739094600000000,BTCUSDT,5m,101477.14191555,101568.7504952,101365.31884641,101568.7504952,122.8728
1739094900000000,BTCUSDT,5m,101568.7504952,101667.60920005,101568.73997496,101631.98766396,26.52377
1739095200000000,BTCUSDT,5m,101631.98766396,101696.20296834,101576.53296086,101585.8465569,42.28318
1739095500000000,BTCUSDT,5m,101585.8465569,101593.17509128,101485.79267234,101534.71585978,20.0971
1739095800000000,BTCUSDT,5m,101534.71585978,101621.3077786,101521.12233295,101575.18201792,21.57595
1739096100000000,BTCUSDT,5m,101575.18201792,101733.28607025,101470.21145814,101645.34854449,146.44276
1739096400000000,BTCUSDT,5m,101645.34854449,101682.59302329,101618.05050788,101682.58260817,23.62779
1739096700000000,BTCUSDT,5m,101682.58260817,101754.41726844,101581.74164893,101709.05486237,48.16198
1739097000000000,BTCUSDT,5m,101709.05486237,101718.02543723,101588.57623364,101653.10513304,82.69777
1739097300000000,BTCUSDT,5m,101653.10513304,101724.24216365,101543.68202643,101724.24216365,60.3363
1739097600000000,BTCUSDT,5m,101724.24216365,101738.62498102,101567.08254811,101708.00892533,43.10002
1739097900000000,BTCUSDT,5m,101708.00892533,101863.62081686,101627.13288241,101630.93192811,142.14017
1739098200000000,BTCUSDT,5m,101630.93192811,101686.51988283,101562.17007147,101562.17007147,42.96454
1739098500000000,BTCUSDT,5m,101562.17007147,101623.16188899,101527.55872576,101540.37388387,39.51956
1739098800000000,BTCUSDT,5m,101540.37388387,101540.37388387,101375.74188822,101417.4043471,46.74006
1739099100000000,BTCUSDT,5m,101417.4043471,101526.52672837,101417.39405254,101469.90662488,49.42326
1739099400000000,BTCUSDT,5m,101469.90662488,101527.85425619,101469.89696211,101512.38416152,16.1856
1739099700000000,BTCUSDT,5m,101512.38416152,101523.87287623,101464.33090728,101476.28126898,34.76937
1739100000000000,BTCUSDT,5m,101476.28126898,101532.54917109,101421.25518445,101492.50838096,32.79173
1739100300000000,BTCUSDT,5m,101492.50838096,101752.19104016,101492.49804492,101730.4130047,143.65912
1739100600000000,BTCUSDT,5m,101730.4130047,101730.42343175,101708.84986646,101708.86029351,6.056
1739100900000000,BTCUSDT,5m,101708.86029351,101924.2896561,101575.35124726,101900.41448369,81.39617
1739101200000000,BTCUSDT,5m,101900.41448369,102063.46088633,101821.96966588,101827.07803517,98.43528
1739101500000000,BTCUSDT,5m,101827.07803517,101893.2589426,101825.12163835,101866.20597154,40.38147
1739101800000000,BTCUSDT,5m,101866.20597154,101989.04424762,101852.16307525,101945.15754911,27.25582
1739102100000000,BTCUSDT,5m,101945.15754911,102034.45413061,101932.68397851,102034.4437012,34.64939
1739102400000000,BTCUSDT,5m,102034.4437012,102055.96488261,101770.88806108,101911.47537573,87.25807
1739102700000000,BTCUSDT,5m,101911.47537573,101970.59293752,101898.24082692,101952.31758262,23.745
1739103000000000,BTCUSDT,5m,101952.31758262,102051.62126897,101827.7935763,102021.02230815,24.80739
1739103300000000,BTCUSDT,5m,102021.02230815,102062.83229719,102018.38819488,102027.90668385,22.89714
1739103600000000,BTCUSDT,5m,102027.90668385,102027.91644827,101893.42130195,101893.43106638,19.51278
1739103900000000,BTCUSDT,5m,101893.43106638,101955.79420748,101877.8507167,101955.79420748,25.69985
1739104200000000,BTCUSDT,5m,101955.79420748,102164.25454495,101955.78358259,102156.77462255,83.62391
1739104500000000,BTCUSDT,5m,102156.77462255,102227.20657403,102055.75854536,102221.84913375,40.86972
1739104800000000,BTCUSDT,5m,102221.84913375,102551.28115351,102084.04615017,102497.40329527,81.24908
1739105100000000,BTCUSDT,5m,102497.40329527,102507.47758912,102412.99131732,102426.10910837,22.63621
1739105400000000,BTCUSDT,5m,102426.10910837,102683.4236905,102352.42024728,102683.4236905,105.70039
1739105700000000,BTCUSDT,5m,102683.4236905,102732.0121137,102648.53659907,102722.2541902,31.04931
1739106000000000,BTCUSDT,5m,102722.2541902,102753.77574084,102680.55992104,102731.39149035,24.53686
1739106300000000,BTCUSDT,5m,102731.39149035,102822.90370348,102731.38096324,102768.63642421,25.78177
1739106600000000,BTCUSDT,5m,102768.63642421,102902.29224181,102701.13226259,102889.36269172,48.19416
1739106900000000,BTCUSDT,5m,102889.36269172,102978.56471031,102803.26326119,102810.59665117,124.17353
1739107200000000,BTCUSDT,5m,102810.59665117,102828.28062978,102772.20588164,102803.08701642,14.84697
1739107500000000,BTCUSDT,5m,102803.08701642,102889.83813817,102751.01951687,102883.51768428,27.31782
1739107800000000,BTCUSDT,5m,102883.51768428,103154.82847612,102877.63027032,102957.63657902,165.71459
1739108100000000,BTCUSDT,5m,102957.63657902,102985.19121206,102816.54646743,102919.84137351,28.63954
1739108400000000,BTCUSDT,5m,102919.84137351,102919.84137351,102711.0293119,102808.9181627,44.86993
1739108700000000,BTCUSDT,5m,102808.9181627,102834.66973631,102712.15795278,102789.07823758,60.37925
1739109000000000,BTCUSDT,5m,102789.07823758,102892.3593352,102743.87831063,102891.63437124,65.21759
1739109300000000,BTCUSDT,5m,102891.63437124,102953.33721725,102891.63437124,102953.33721725,66.11078
1739109600000000,BTCUSDT,5m,102953.33721725,103031.3694433,102946.33432517,103013.75578617,22.76625
1739109900000000,BTCUSDT,5m,103013.75578617,103057.24039203,103009.31836274,103031.41973254,23.21963
1739110200000000,BTCUSDT,5m,103031.41973254,103114.50919834,103029.13758474,103061.19479708,16.35109
1739110500000000,BTCUSDT,5m,103061.19479708,103166.69277253,103061.19479708,103156.14402986,25.93882
1739110800000000,BTCUSDT,5m,103156.14402986,103174.02001219,103037.75664688,103043.14814155,99.32747
1739111100000000,BTCUSDT,5m,103043.14814155,103066.42678274,103020.52434418,103066.41622075,10.00615
1739111400000000,BTCUSDT,5m,103066.41622075,103195.27917459,102989.43812015,103055.29197234,55.50265
1739111700000000,BTCUSDT,5m,103055.29197234,103175.62059353,103049.87128066,103175.62059353,27.55601
1739112000000000,BTCUSDT,5m,103175.62059353,103343.02805475,102521.97793219,102710.3477552,447.91461
1739112300000000,BTCUSDT,5m,102710.3477552,103154.41513446,102647.97105637,103011.27702557,202.19156
1739112600000000,BTCUSDT,5m,103011.27702557,103035.12224823,103001.92138216,103025.70296099,14.68237
1739112900000000,BTCUSDT,5m,103025.70296099,103025.71352145,102886.95961045,102919.78152653,173.37865
1739113200000000,BTCUSDT,5m,102919.78152653,103012.09347795,102911.30989391,102969.74599786,38.37526
1739113500000000,BTCUSDT,5m,102969.74599786,102980.05113656,102763.64322403,102832.60006499,118.2012
1739113800000000,BTCUSDT,5m,102832.60006499,102832.60006499,102790.58521009,102818.03294276,11.98059
1739114100000000,BTCUSDT,5m,102818.03294276,102851.43396863,102814.60332824,102846.15377032,18.93953
1739114400000000,BTCUSDT,5m,102846.15377032,102846.16442483,102475.05725916,102543.6509812,290.63581
1739114700000000,BTCUSDT,5m,102543.6509812,102645.9247866,102526.77575061,102526.78629104,39.88649
1739115000000000,BTCUSDT,5m,102526.78629104,102614.33256329,102490.41039403,102585.72218898,97.01518
1739115300000000,BTCUSDT,5m,102585.72218898,102691.70427344,102472.00240401,102631.18250623,114.34845
1739115600000000,BTCUSDT,5m,102631.18250623,102662.54203721,102605.63247287,102624.40312621,22.88719
1739115900000000,BTCUSDT,5m,102624.40312621,102852.28813708,102543.7085804,102852.28813708,53.32653
1739116200000000,BTCUSDT,5m,102852.28813708,102963.30908135,102844.56132662,102874.31754015,64.70409
1739116500000000,BTCUSDT,5m,102874.31754015,103075.90357783,102769.03554652,103043.7093791,74.25772
1739116800000000,BTCUSDT,5m,103043.7093791,103043.7093791,102655.62714018,102789.29368611,108.0219
1739117100000000,BTCUSDT,5m,102789.29368611,102793.12597943,102590.43906437,102713.69878106,36.42124
1739117400000000,BTCUSDT,5m,102713.69878106,102992.89329894,102474.4037796,102992.89329894,82.63931
1739117700000000,BTCUSDT,5m,102992.89329894,103095.28164151,102992.89329894,103095.28164151,42.28988
1739118000000000,BTCUSDT,5m,103095.28164151,103318.43569312,103033.26754157,103258.15794403,134.85992
1739118300000000,BTCUSDT,5m,103258.15794403,103448.391167,103128.2996237,103299.87386498,102.26658
1739118600000000,BTCUSDT,5m,103299.87386498,103311.94015982,103166.63450194,103168.18448128,40.2188
1739118900000000,BTCUSDT,5m,103168.18448128,103193.72643444,103148.42468257,103193.7165841,13.87106
1739119200000000,BTCUSDT,5m,103193.7165841,103493.26989095,103155.13704297,103490.41137999,446.0245
1739119500000000,BTCUSDT,5m,103490.41137999,103683.31755873,103477.87914445,103635.2704855,51.55394
1739119800000000,BTCUSDT,5m,103635.2704855,103635.28125144,103581.04248734,103583.34639673,32.52691
1739120100000000,BTCUSDT,5m,103583.34639673,103636.48294067,103583.33577579,103628.12426386,25.06363
1739120400000000,BTCUSDT,5m,103628.12426386,103701.63958669,103544.37663744,103692.03020778,40.50923
1739120700000000,BTCUSDT,5m,103692.03020778,103692.03020778,103614.61251219,103673.22580765,48.91478
1739121000000000,BTCUSDT,5m,103673.22580765,103681.97688236,103487.40051754,103681.96607856,97.29458
1739121300000000,BTCUSDT,5m,103681.96607856,103721.19601402,103558.05577294,103664.57927327,158.26163
1739121600000000,BTCUSDT,5m,103664.57927327,103670.04283126,103646.48618631,103646.49608406,10.86144
1739121900000000,BTCUSDT,5m,103646.49608406,103802.18032094,103646.49608406,103768.72792974,17.69454
1739122200000000,BTCUSDT,5m,103768.72792974,103891.23862674,103745.88258737,103888.05165319,42.00475
1739122500000000,BTCUSDT,5m,103888.05165319,103924.66285794,103810.50491583,103924.65207408,18.05191
1739122800000000,BTCUSDT,5m,103924.65207408,104033.35188416,103813.49717502,103997.52945224,132.11265
1739123100000000,BTCUSDT,5m,103997.52945224,104066.29378144,103971.96863583,103971.96863583,40.88229
1739123400000000,BTCUSDT,5m,103971.96863583,104018.41049291,103971.95868898,104018.40054605,12.126
1739123700000000,BTCUSDT,5m,104018.40054605,104070.29461271,103895.52237494,103940.99561591,143.57349
1739124000000000,BTCUSDT,5m,103940.99561591,103940.99561591,103807.48397354,103828.26230966,97.86482
1739124300000000,BTCUSDT,5m,103828.26230966,104065.23950595,103774.9759357,104065.22895628,312.45034
1739124600000000,BTCUSDT,5m,104065.22895628,104228.83584365,104013.95505359,104227.73282679,71.11797
1739124900000000,BTCUSDT,5m,104227.73282679,104277.37539483,104080.2914916,104277.37539483,67.29304
1739125200000000,BTCUSDT,5m,104277.37539483,104277.38613588,104246.44117818,104262.87498078,7.841
1739125500000000,BTCUSDT,5m,104262.87498078,104262.87498078,104231.11898608,104231.1297801,14.47569
1739125800000000,BTCUSDT,5m,104231.1297801,104569.19138176,104231.1297801,104497.71125703,69.50799
1739126100000000,BTCUSDT,5m,104497.71125703,104598.84879344,104358.42645782,104570.59039408,145.72836
1739126400000000,BTCUSDT,5m,104570.59039408,104625.41094297,104472.11776974,104588.4619952,41.95468
1739126700000000,BTCUSDT,5m,104588.4619952,104623.44872976,104197.85472164,104209.14765078,189.56862
1739127000000000,BTCUSDT,5m,104209.14765078,104286.91745705,104139.22736554,104254.01443029,84.11416
1739127300000000,BTCUSDT,5m,104254.01443029,104376.15930778,104239.26305391,104301.71707437,64.50691
1739127600000000,BTCUSDT,5m,104301.71707437,104329.57759292,104106.19702078,104115.25422208,38.9923
1739127900000000,BTCUSDT,5m,104115.25422208,104240.20032548,104115.24355114,104179.92015312,26.74993
1739128200000000,BTCUSDT,5m,104179.92015312,104261.09354616,104121.58310108,104121.59375235,33.24129
1739128500000000,BTCUSDT,5m,104121.59375235,104200.91216686,103824.86767104,103840.82022004,39.24974
1739128800000000,BTCUSDT,5m,103840.82022004,103840.83084831,103813.82440946,103819.14917367,5.40957
1739129100000000,BTCUSDT,5m,103819.14917367,103865.87147283,103738.37436038,103780.65631432,29.72312
1739129400000000,BTCUSDT,5m,103780.65631432,103890.75809066,103780.64620304,103823.30571212,36.40864
1739129700000000,BTCUSDT,5m,103823.30571212,104414.36990571,103809.3952362,104411.86455247,110.14972
1739130000000000,BTCUSDT,5m,104411.86455247,104553.46563631,104411.86455247,104546.65084153,13.4738
1739130300000000,BTCUSDT,5m,104546.65084153,104873.73756123,104535.79967205,104856.51543996,64.28977
1739130600000000,BTCUSDT,5m,104856.51543996,105197.72798877,104719.6903628,104935.33823353,493.1415
1739130900000000,BTCUSDT,5m,104935.33823353,105170.31767541,104832.89444691,105098.32613907,200.75897
1739131200000000,BTCUSDT,5m,105098.32613907,105118.86078281,104888.2607519,104956.2733878,76.97697
1739131500000000,BTCUSDT,5m,104956.2733878,105292.38485962,104928.54769786,105142.01376477,193.47889
1739131800000000,BTCUSDT,5m,105142.01376477,105142.01376477,105068.41382067,105108.57994129,19.0717
1739132100000000,BTCUSDT,5m,105108.57994129,105270.83821233,105065.10803392,105153.40662013,75.53694
1739132400000000,BTCUSDT,5m,105153.40662013,105183.75249867,105144.89710272,105166.02342709,59.85766
1739132700000000,BTCUSDT,5m,105166.02342709,105166.02342709,105085.46503973,105090.01020276,20.78313
1739133000000000,BTCUSDT,5m,105090.01020276,105189.91729135,105057.00134094,105184.14399239,124.15554
1739133300000000,BTCUSDT,5m,105184.14399239,105205.00566561,105080.69208628,105149.65297464,68.52616
1739133600000000,BTCUSDT,5m,105149.65297464,105149.65297464,104900.98999854,104951.45877047,63.12573
1739133900000000,BTCUSDT,5m,104951.45877047,104951.46874549,104853.09517861,104891.06007371,34.58552
1739134200000000,BTCUSDT,5m,104891.06007371,104891.07086204,104771.98927494,104831.10932362,25.73446
1739134500000000,BTCUSDT,5m,104831.10932362,104843.58012543,104758.00838562,104811.98306328,30.50346
1739134800000000,BTCUSDT,5m,104811.98306328,105048.8353746,104811.97274246,104999.24387363,76.72615
1739135100000000,BTCUSDT,5m,104999.24387363,105127.37363991,104968.37751658,105127.36367337,31.69448
1739135400000000,BTCUSDT,5m,105127.36367337,105151.39492477,105046.26474436,105151.39492477,38.80862
1739135700000000,BTCUSDT,5m,105151.39492477,105158.40413673,104975.75231916,104975.75231916,32.74319
1739136000000000,BTCUSDT,5m,104975.75231916,105026.62871678,104915.52949651,105016.8678645,31.06681
1739136300000000,BTCUSDT,5m,105016.8678645,105299.35739121,104982.23922681,105205.81977891,99.94722
1739136600000000,BTCUSDT,5m,105205.81977891,105324.63927607,105205.81977891,105282.42776728,27.28906
1739136900000000,BTCUSDT,5m,105282.42776728,105285.44168332,105226.26208098,105226.26208098,21.03366
1739137200000000,BTCUSDT,5m,105226.26208098,105346.3496252,105226.26208098,105307.46898907,54.96164
1739137500000000,BTCUSDT,5m,105307.46898907,105510.22778261,105307.45818736,105494.60851803,45.3103
1739137800000000,BTCUSDT,5m,105494.60851803,105494.60851803,105326.45906748,105331.58669884,52.94859
1739138100000000,BTCUSDT,5m,105331.58669884,105416.1731158,105248.22871533,105350.23256358,151.09152
1739138400000000,BTCUSDT,5m,105350.23256358,105456.29726649,105206.00394016,105326.39356642,157.23311
1739138700000000,BTCUSDT,5m,105326.39356642,105352.62394597,105171.83379767,105193.65587769,51.53258
1739139000000000,BTCUSDT,5m,105193.65587769,105269.42540243,105193.65587769,105250.12747554,16.74913
1739139300000000,BTCUSDT,5m,105250.12747554,105547.06231413,105201.43698585,105542.23781571,95.85175
1739139600000000,BTCUSDT,5m,105542.23781571,105667.79376025,105327.66078189,105371.0133021,96.63308
1739139900000000,BTCUSDT,5m,105371.0133021,105446.80311113,105307.48878119,105343.54828865,16.91054
1739140200000000,BTCUSDT,5m,105343.54828865,105349.01554292,105259.45775456,105336.95252298,53.46684
1739140500000000,BTCUSDT,5m,105336.95252298,105359.07351719,105263.94026788,105359.07351719,13.42855
1739140800000000,BTCUSDT,5m,105359.07351719,105517.22234783,105359.0634376,105497.32522918,26.44539
1739141100000000,BTCUSDT,5m,105497.32522918,105497.32522918,105325.38026572,105408.39533558,195.10481
1739141400000000,BTCUSDT,5m,105408.39533558,105472.56856841,105303.77761154,105372.90567568,52.95159
1739141700000000,BTCUSDT,5m,105372.90567568,105569.45179901,105273.04186302,105440.34104153,112.9526
1739142000000000,BTCUSDT,5m,105440.34104153,106344.31243896,105363.76409395,106188.08508259,408.55263
1739142300000000,BTCUSDT,5m,106188.08508259,106319.40611408,106113.02873892,106242.67351943,117.99297
1739142600000000,BTCUSDT,5m,106242.67351943,106320.76163677,106210.25133311,106210.25133311,30.26572
1739142900000000,BTCUSDT,5m,106210.25133311,106300.91662294,106130.15209824,106157.6558595,71.31022
1739143200000000,BTCUSDT,5m,106157.6558595,106157.66683482,106043.05157601,106063.82785533,12.67978
1739143500000000,BTCUSDT,5m,106063.82785533,106449.16895185,106051.06821637,106257.69736966,140.82266
1739143800000000,BTCUSDT,5m,106257.69736966,106384.07973899,106214.92779428,106301.53590605,61.76179
1739144100000000,BTCUSDT,5m,106301.53590605,106390.12503295,106301.53590605,106390.12503295,36.45277
1739144400000000,BTCUSDT,5m,106390.12503295,106390.12503295,106200.50081999,106232.88297118,52.80655
1739144700000000,BTCUSDT,5m,106232.88297118,106313.65376116,106173.03153451,106180.31371976,40.33832
1739145000000000,BTCUSDT,5m,106180.31371976,106256.35097782,106105.17218855,106233.40488846,33.68882
1739145300000000,BTCUSDT,5m,106233.40488846,106233.40488846,106105.13808605,106147.69483927,21.61104
1739145600000000,BTCUSDT,5m,106147.69483927,106150.26394308,106092.535961,106133.60868465,22.93022
1739145900000000,BTCUSDT,5m,106133.60868465,106250.649769,106061.7925885,106090.23544491,58.05969
1739146200000000,BTCUSDT,5m,106090.23544491,106138.52695342,106008.80486742,106074.93964169,14.84236
1739146500000000,BTCUSDT,5m,106074.93964169,106080.33432144,105926.51453229,106011.47799154,37.35025
1739146800000000,BTCUSDT,5m,106011.47799154,106184.57934925,106011.47799154,106102.26760998,78.40115
1739147100000000,BTCUSDT,5m,106102.26760998,106253.64971778,106102.26760998,106253.64971778,29.8073
1739147400000000,BTCUSDT,5m,106253.64971778,106294.78583369,106128.86244421,106240.48924949,24.90519
1739147700000000,BTCUSDT,5m,106240.48924949,106331.17129636,106235.04353695,106322.77885982,21.59071
1739148000000000,BTCUSDT,5m,106322.77885982,106600.39722172,106322.77885982,106561.22278407,63.23345
1739148300000000,BTCUSDT,5m,106561.22278407,106687.97245757,106436.45408725,106681.15395774,123.27205
1739148600000000,BTCUSDT,5m,106681.15395774,107014.66686081,106649.91646691,107014.66686081,148.92067
1739148900000000,BTCUSDT,5m,107014.66686081,107014.67784854,106910.59110347,106923.18303948,39.74611
1739149200000000,BTCUSDT,5m,106923.18303948,106923.18303948,106580.30480498,106838.65090249,204.81626
1739149500000000,BTCUSDT,5m,106838.65090249,106950.51893135,106815.28740836,106876.05378103,83.7952
1739149800000000,BTCUSDT,5m,106876.05378103,107029.89883562,106876.04266104,107029.89883562,49.57019
1739150100000000,BTCUSDT,5m,107029.89883562,107165.26650091,106815.08506535,106879.95199259,124.33009
1739150400000000,BTCUSDT,5m,106879.95199259,106879.95199259,106817.49755849,106844.71790056,15.50808
1739150700000000,BTCUSDT,5m,106844.71790056,106844.72884739,106784.4227419,106827.08255187,35.8801
1739151000000000,BTCUSDT,5m,106827.08255187,106841.37287304,106774.85470654,106841.36246494,26.31144
1739151300000000,BTCUSDT,5m,106841.36246494,106844.78087841,106763.86736346,106844.76981558,15.09926
1739151600000000,BTCUSDT,5m,106844.76981558,106844.78081704,106805.53860978,106805.54961124,20.12788
1739151900000000,BTCUSDT,5m,106805.54961124,106847.68892091,106796.01468092,106847.67787232,17.63504
1739152200000000,BTCUSDT,5m,106847.67787232,106887.77313592,106775.98312364,106859.07118148,36.51754
1739152500000000,BTCUSDT,5m,106859.07118148,106934.03233275,106859.07118148,106915.29972223,13.50998
1739152800000000,BTCUSDT,5m,106915.29972223,106918.40455551,106825.25955728,106875.84616227,32.68954
1739153100000000,BTCUSDT,5m,106875.84616227,107077.33659033,106716.927774,106855.61529157,153.17827
1739153400000000,BTCUSDT,5m,106855.61529157,106855.61529157,106703.38042824,106823.30334936,113.20213
1739153700000000,BTCUSDT,5m,106823.30334936,106949.16161386,106823.2923082,106831.57318357,71.07013
1739154000000000,BTCUSDT,5m,106831.57318357,106833.00289689,106752.87346813,106773.6534235,43.71467
1739154300000000,BTCUSDT,5m,106773.6534235,106777.24700914,106582.71081758,106599.67254178,27.80362
1739154600000000,BTCUSDT,5m,106599.67254178,106755.95355853,106478.93000483,106752.08542468,108.19267
1739154900000000,BTCUSDT,5m,106752.08542468,106779.3108296,106649.77987871,106649.79094595,41.27886
1739155200000000,BTCUSDT,5m,106649.79094595,106777.84750486,106649.77996622,106726.9345096,26.01924
1739155500000000,BTCUSDT,5m,106726.9345096,106748.36890509,106506.46950996,106600.08927941,87.6553
1739155800000000,BTCUSDT,5m,106600.08927941,106638.25021558,106543.05503452,106557.14187153,63.18138
1739156100000000,BTCUSDT,5m,106557.14187153,106557.15208402,106483.41791981,106518.27314176,27.39595
1739156400000000,BTCUSDT,5m,106518.27314176,106533.40729104,106478.59653811,106522.99368507,16.20085
1739156700000000,BTCUSDT,5m,106522.99368507,106610.80779742,106522.99368507,106610.80779742,27.84261
1739157000000000,BTCUSDT,5m,106610.80779742,106663.63741676,106503.08712902,106638.04498597,32.05623
1739157300000000,BTCUSDT,5m,106638.04498597,106640.23412002,106520.37630842,106610.59912634,63.52543
1739157600000000,BTCUSDT,5m,106610.59912634,106622.37904393,106362.85755117,106511.22946641,103.6882
1739157900000000,BTCUSDT,5m,106511.22946641,106702.20373131,106267.64593222,106290.04020625,308.53306
1739158200000000,BTCUSDT,5m,106290.04020625,106505.91266732,106184.08001418,106483.35799731,34.50976
1739158500000000,BTCUSDT,5m,106483.35799731,106483.35799731,106313.41540696,106313.41540696,43.0125
1739158800000000,BTCUSDT,5m,106313.41540696,106342.98369851,106278.2885854,106331.10564927,20.87935
1739159100000000,BTCUSDT,5m,106331.10564927,106332.18497579,106314.14168906,106320.41050469,24.81745
1739159400000000,BTCUSDT,5m,106320.41050469,106349.29170585,106128.34376177,106156.77807856,51.08218
1739159700000000,BTCUSDT,5m,106156.77807856,106184.39869836,106156.77807856,106168.74391385,18.93924
1739160000000000,BTCUSDT,5m,106168.74391385,106178.65416727,106030.17733487,106046.19301226,18.59298
1739160300000000,BTCUSDT,5m,106046.19301226,106046.19301226,105822.00862231,105860.98396606,52.61421
1739160600000000,BTCUSDT,5m,105860.98396606,105860.98396606,105571.50816247,105682.4209859,86.09512
1739160900000000,BTCUSDT,5m,105682.4209859,106440.24422843,105546.01751801,106428.35836012,336.12578
1739161200000000,BTCUSDT,5m,106428.35836012,106580.12126233,106420.28005861,106454.55825692,64.49218
1739161500000000,BTCUSDT,5m,106454.55825692,106621.9944186,106300.21484774,106315.67856342,68.99416
1739161800000000,BTCUSDT,5m,106315.67856342,106345.21041432,106233.90645132,106262.20462416,59.03497
1739162100000000,BTCUSDT,5m,106262.20462416,106262.20462416,106060.82439198,106081.927869,56.92147
1739162400000000,BTCUSDT,5m,106081.927869,106205.30465679,106081.927869,106200.14244809,26.64951
1739162700000000,BTCUSDT,5m,106200.14244809,106969.39469835,106190.4861647,106937.1754271,454.06479
1739163000000000,BTCUSDT,5m,106937.1754271,106965.09013443,106783.00885532,106813.91955699,50.17268
1739163300000000,BTCUSDT,5m,106813.91955699,106870.50971304,106681.74889443,106777.17948644,43.73888
1739163600000000,BTCUSDT,5m,106777.17948644,106837.45063651,106690.76021878,106772.11687685,71.74106
1739163900000000,BTCUSDT,5m,106772.11687685,106862.14375856,106723.5197424,106862.14375856,27.05351
1739164200000000,BTCUSDT,5m,106862.14375856,106973.93053328,106801.9601642,106929.99705802,60.30905
1739164500000000,BTCUSDT,5m,106929.99705802,107087.89720213,106909.69854624,107040.54121753,66.72593
1739164800000000,BTCUSDT,5m,107040.54121753,107088.71939495,107017.40778351,107087.76374026,18.27945
1739165100000000,BTCUSDT,5m,107087.76374026,107399.01975237,107065.43448215,107399.01975237,84.1981
1739165400000000,BTCUSDT,5m,107399.01975237,107409.75698267,107250.19331905,107250.19331905,49.75531
1739165700000000,BTCUSDT,5m,107250.19331905,107262.36000271,107077.99638188,107118.32181357,98.00131
1739166000000000,BTCUSDT,5m,107118.32181357,107118.32181357,107094.18893371,107113.2602769,7.16565
1739166300000000,BTCUSDT,5m,107113.2602769,107160.50534085,107033.35776833,107154.47160869,22.04533
1739166600000000,BTCUSDT,5m,107154.47160869,107310.14661766,107154.47160869,107296.65032933,35.11318
1739166900000000,BTCUSDT,5m,107296.65032933,107296.66138058,107197.17797892,107197.17797892,41.69372
1739167200000000,BTCUSDT,5m,107197.17797892,107254.52694422,107153.45280975,107153.46374378,35.7233
1739167500000000,BTCUSDT,5m,107153.46374378,107338.23249961,107126.60781997,107197.83969707,50.5152
1739167800000000,BTCUSDT,5m,107197.83969707,107343.00179047,107086.99210438,107253.82887099,146.51652
1739168100000000,BTCUSDT,5m,107253.82887099,107253.82887099,106897.71781193,107147.30727475,201.15136
1739168400000000,BTCUSDT,5m,107147.30727475,107185.85275243,107129.01015907,107170.25393169,11.25292
1739168700000000,BTCUSDT,5m,107170.25393169,107212.4895586,106960.12014504,106999.7174194,63.51245
1739169000000000,BTCUSDT,5m,106999.7174194,106999.72845717,106890.75259331,106934.67186428,42.29458
1739169300000000,BTCUSDT,5m,106934.67186428,106934.67186428,106497.34951157,106506.03330077,187.49849
1739169600000000,BTCUSDT,5m,106506.03330077,106727.69984931,106395.05425227,106727.56528847,63.10557
1739169900000000,BTCUSDT,5m,106727.56528847,106813.37389982,106577.1722352,106607.22261933,77.18368
1739170200000000,BTCUSDT,5m,106607.22261933,106716.3303949,106558.94538356,106565.91491274,92.07624
1739170500000000,BTCUSDT,5m,106565.91491274,106628.25929828,106544.38417232,106550.35636337,54.83913
1739170800000000,BTCUSDT,5m,106550.35636337,106638.81039946,106482.01947785,106638.79943046,44.02247
1739171100000000,BTCUSDT,5m,106638.79943046,106725.45403103,106555.15700492,106555.15700492,38.64206
1739171400000000,BTCUSDT,5m,106555.15700492,106645.40324799,106482.22221797,106565.86832951,43.49995
1739171700000000,BTCUSDT,5m,106565.86832951,106635.58423453,106538.1255186,106538.13592086,29.88966
1739172000000000,BTCUSDT,5m,106538.13592086,106583.57629851,106521.59220055,106533.99999078,60.77831
1739172300000000,BTCUSDT,5m,106533.99999078,106624.46704427,106493.04664937,106624.45604122,36.33596
1739172600000000,BTCUSDT,5m,106624.45604122,106624.45604122,106571.18637951,106571.18637951,16.43064
1739172900000000,BTCUSDT,5m,106571.18637951,106571.18637951,106456.42950546,106494.5119999,52.77544
1739173200000000,BTCUSDT,5m,106494.5119999,106494.5119999,106416.64665135,106483.79809715,35.43576
1739173500000000,BTCUSDT,5m,106483.79809715,106483.79809715,106442.54757609,106465.02900088,11.91464
1739173800000000,BTCUSDT,5m,106465.02900088,106505.46413703,106299.08834599,106299.09871664,74.97211
1739174100000000,BTCUSDT,5m,106299.09871664,106490.39518127,106289.7620006,106357.89069234,127.36799
1739174400000000,BTCUSDT,5m,106357.89069234,106526.81780909,106357.89069234,106525.20045621,54.80222
1739174700000000,BTCUSDT,5m,106525.20045621,106525.20045621,106465.77388312,106465.77388312,8.50329
1739175000000000,BTCUSDT,5m,106465.77388312,106637.62757303,106279.51384808,106614.37702026,174.54813
1739175300000000,BTCUSDT,5m,106614.37702026,106790.44343315,106564.19383978,106775.95312946,54.26337
1739175600000000,BTCUSDT,5m,106775.95312946,107006.13093938,106712.35676486,106766.60262831,85.57341
1739175900000000,BTCUSDT,5m,106766.60262831,106766.60262831,106473.71400179,106486.39175588,79.36264
1739176200000000,BTCUSDT,5m,106486.39175588,106575.26042211,106476.85111727,106511.65616473,18.69438
1739176500000000,BTCUSDT,5m,106511.65616473,106531.3664044,106475.94311397,106503.74329479,22.55877
1739176800000000,BTCUSDT,5m,106503.74329479,106555.58955608,106445.38857885,106447.91226535,45.74802
1739177100000000,BTCUSDT,5m,106447.91226535,106455.3828008,106345.25831944,106345.25831944,41.5115
1739177400000000,BTCUSDT,5m,106345.25831944,106345.25831944,106085.36646668,106118.40450615,188.88469
1739177700000000,BTCUSDT,5m,106118.40450615,106269.27879186,106118.39351909,106253.65519484,47.54062
1739178000000000,BTCUSDT,5m,106253.65519484,106396.14346823,106253.64418509,106332.29788815,35.00803
1739178300000000,BTCUSDT,5m,106332.29788815,106334.38230662,106295.22357124,106295.23368977,7.29722
1739178600000000,BTCUSDT,5m,106295.23368977,106423.97096737,106295.23368977,106393.99253648,98.44481
1739178900000000,BTCUSDT,5m,106393.99253648,106655.03869023,106152.59385845,106598.86761394,191.20068
1739179200000000,BTCUSDT,5m,106598.86761394,106626.45704851,106472.54689711,106509.98450151,47.33724
1739179500000000,BTCUSDT,5m,106509.98450151,106615.89588388,106447.15977043,106451.65113514,76.99316
1739179800000000,BTCUSDT,5m,106451.65113514,106548.2730999,106435.79312028,106495.61252225,44.52501
1739180100000000,BTCUSDT,5m,106495.61252225,106585.59922477,106242.24090053,106402.20368065,253.57822
1739180400000000,BTCUSDT,5m,106402.20368065,106551.53574394,106374.46047269,106516.83495752,149.20033
1739180700000000,BTCUSDT,5m,106516.83495752,106574.0806368,106457.40636908,106472.86492994,32.87334
1739181000000000,BTCUSDT,5m,106472.86492994,106513.30433807,106365.87491109,106507.66634636,86.32766
1739181300000000,BTCUSDT,5m,106507.66634636,106571.369978,106411.27702429,106571.369978,38.18153
1739181600000000,BTCUSDT,5m,106571.369978,106592.97180356,106558.94048584,106558.94048584,18.18429
1739181900000000,BTCUSDT,5m,106558.94048584,106639.73688912,106449.28901512,106633.34802731,73.68065
1739182200000000,BTCUSDT,5m,106633.34802731,106712.66014041,106408.08501198,106436.67343747,170.62618
1739182500000000,BTCUSDT,5m,106436.67343747,106510.66077877,106377.18085379,106481.24039802,57.16335
1739182800000000,BTCUSDT,5m,106481.24039802,106512.97176047,106393.39173679,106402.021789,42.54144
1739183100000000,BTCUSDT,5m,106402.021789,106410.4826228,106291.39690686,106350.80983802,38.35424
1739183400000000,BTCUSDT,5m,106350.80983802,106617.45516648,106278.37928274,106617.45516648,75.73425
1739183700000000,BTCUSDT,5m,106617.45516648,106690.0764644,106603.81439388,106631.69528955,25.89345
1739184000000000,BTCUSDT,5m,106631.69528955,106640.25464383,106383.58557101,106421.36234197,133.38739
1739184300000000,BTCUSDT,5m,106421.36234197,106643.23856104,106376.42869949,106433.83906212,67.09443
1739184600000000,BTCUSDT,5m,106433.83906212,106508.33045023,106346.48463396,106477.62205777,56.54075
1739184900000000,BTCUSDT,5m,106477.62205777,106870.82964708,106169.51187558,106629.97282008,515.48233
1739185200000000,BTCUSDT,5m,106629.97282008,106752.31273321,106573.40508745,106631.38498151,127.08731
1739185500000000,BTCUSDT,5m,106631.38498151,106631.39606009,106496.40349635,106496.41457494,10.1303
1739185800000000,BTCUSDT,5m,106496.41457494,106625.55340975,106470.2922719,106613.93446936,30.80643
1739186100000000,BTCUSDT,5m,106613.93446936,106621.92663475,106427.70925631,106492.2451605,61.28098
1739186400000000,BTCUSDT,5m,106492.2451605,106556.74269018,106492.2451605,106528.53819672,18.57594
1739186700000000,BTCUSDT,5m,106528.53819672,106531.1335427,106428.89662262,106484.13259358,37.33532
1739187000000000,BTCUSDT,5m,106484.13259358,106554.9602776,106226.76154716,106543.55386059,136.89251
1739187300000000,BTCUSDT,5m,106543.55386059,106563.52825401,106395.75621527,106516.02071926,94.60133
1739187600000000,BTCUSDT,5m,106516.02071926,106572.0340924,106378.28098368,106390.360408,80.79472
1739187900000000,BTCUSDT,5m,106390.360408,106405.55976752,106288.59303426,106305.83208984,64.9407
1739188200000000,BTCUSDT,5m,106305.83208984,106329.79344736,106297.33283615,106297.75779883,8.73382
1739188500000000,BTCUSDT,5m,106297.75779883,106384.74926104,106170.34662008,106289.35961519,46.54143
1739188800000000,BTCUSDT,5m,106289.35961519,106336.69902125,106087.55730864,106184.56174661,30.25156
1739189100000000,BTCUSDT,5m,106184.56174661,106265.70544104,106184.56174661,106263.77561342,13.86416
1739189400000000,BTCUSDT,5m,106263.77561342,106291.33112756,106190.27947523,106190.27947523,63.30999
1739189700000000,BTCUSDT,5m,106190.27947523,106305.38882145,105584.50564025,105783.27637209,600.26269
1739190000000000,BTCUSDT,5m,105783.27637209,105783.27637209,105661.13384784,105722.72736849,39.87821
1739190300000000,BTCUSDT,5m,105722.72736849,105722.73820006,105680.2350945,105683.17045169,7.17851
1739190600000000,BTCUSDT,5m,105683.17045169,105724.56950193,105566.24758087,105623.26397567,72.11608
1739190900000000,BTCUSDT,5m,105623.26397567,105650.17905541,105222.23129012,105230.27176967,188.3594
1739191200000000,BTCUSDT,5m,105230.27176967,105706.61803829,105230.26108878,105518.61303761,180.39148
1739191500000000,BTCUSDT,5m,105518.61303761,105587.32034102,105457.68697021,105474.82590043,42.30475
1739191800000000,BTCUSDT,5m,105474.82590043,105519.2819837,105446.42731543,105512.95433256,35.64671
1739192100000000,BTCUSDT,5m,105512.95433256,105602.43842303,105471.51080857,105585.72004157,39.27893
1739192400000000,BTCUSDT,5m,105585.72004157,105595.26935199,105522.90568287,105522.90568287,11.52413
1739192700000000,BTCUSDT,5m,105522.90568287,105593.52090266,105134.16251348,105155.65503517,383.81048
1739193000000000,BTCUSDT,5m,105155.65503517,105169.96485215,105131.19115631,105131.20117018,7.48753
1739193300000000,BTCUSDT,5m,105131.20117018,105179.40839903,105057.66323381,105163.01794122,52.86709
1739193600000000,BTCUSDT,5m,105163.01794122,105177.60448488,105059.14406972,105090.80754254,57.2385
1739193900000000,BTCUSDT,5m,105090.80754254,105090.80754254,104907.79202677,104941.42758171,76.2849
1739194200000000,BTCUSDT,5m,104941.42758171,104941.43756984,104887.39177727,104903.38277966,8.24876
1739194500000000,BTCUSDT,5m,104903.38277966,104906.87654607,104828.53975221,104828.55067023,25.72872
1739194800000000,BTCUSDT,5m,104828.55067023,104887.2601289,104732.86097627,104748.8163736,67.16329
1739195100000000,BTCUSDT,5m,104748.8163736,104779.26077767,104689.10223449,104716.0980689,23.3073
1739195400000000,BTCUSDT,5m,104716.0980689,104876.1034844,104557.76296856,104605.70640158,141.77144
1739195700000000,BTCUSDT,5m,104605.70640158,104605.71713716,104444.54391234,104478.62937087,27.32798
1739196000000000,BTCUSDT,5m,104478.62937087,104566.07733169,104478.61857216,104561.74704862,25.53509
1739196300000000,BTCUSDT,5m,104561.74704862,104648.552763,104561.74704862,104648.54195417,18.21328
1739196600000000,BTCUSDT,5m,104648.54195417,104755.08044946,104562.2398799,104562.25040326,55.5649
1739196900000000,BTCUSDT,5m,104562.25040326,104588.34507381,104373.44476051,104380.81218327,66.06298
1739197200000000,BTCUSDT,5m,104380.81218327,104470.29687279,104245.79027486,104297.62247013,47.70826
1739197500000000,BTCUSDT,5m,104297.62247013,104543.12538065,104297.62247013,104523.30433872,213.51331
1739197800000000,BTCUSDT,5m,104523.30433872,104523.30433872,104439.70171554,104509.13606638,24.69417
1739198100000000,BTCUSDT,5m,104509.13606638,104533.00476546,104132.90423784,104181.69232574,134.73636
1739198400000000,BTCUSDT,5m,104181.69232574,104279.90722324,104155.3953489,104219.77983235,23.72303
1739198700000000,BTCUSDT,5m,104219.77983235,104374.59961527,104199.90757297,104374.59961527,28.65818
1739199000000000,BTCUSDT,5m,104374.59961527,104374.59961527,104335.86265047,104374.588855,16.67921
1739199300000000,BTCUSDT,5m,104374.588855,104397.59711589,104366.23294115,104384.02814152,16.89147
1739199600000000,BTCUSDT,5m,104384.02814152,104402.64062511,104257.70201384,104380.18626444,113.04598
1739199900000000,BTCUSDT,5m,104380.18626444,104396.11800843,104159.45839855,104221.262201,88.64434
1739200200000000,BTCUSDT,5m,104221.262201,104279.83383204,104171.91359448,104279.83383204,64.57897
1739200500000000,BTCUSDT,5m,104279.83383204,104353.12142958,104200.44068616,104276.49206892,59.47369
1739200800000000,BTCUSDT,5m,104276.49206892,104276.49206892,104139.9773077,104224.1363379,72.78344
1739201100000000,BTCUSDT,5m,104224.1363379,104254.95120093,104217.56435358,104254.95120093,7.92328
1739201400000000,BTCUSDT,5m,104254.95120093,104446.60334309,104113.5274344,104208.98820821,148.7799
1739201700000000,BTCUSDT,5m,104208.98820821,104259.3109032,104203.66074138,104236.86795529,19.08509
1739202000000000,BTCUSDT,5m,104236.86795529,104236.86795529,104121.72623484,104121.72623484,28.24707
1739202300000000,BTCUSDT,5m,104121.72623484,104143.79958705,104112.9186899,104112.9186899,17.38012
1739202600000000,BTCUSDT,5m,104112.9186899,104252.76958504,104112.9186899,104139.75299127,70.79558
1739202900000000,BTCUSDT,5m,104139.75299127,104158.31659669,104109.53718675,104115.28229326,12.4069
1739203200000000,BTCUSDT,5m,104115.28229326,104159.39977942,104095.23340191,104120.05631145,76.90558
1739203500000000,BTCUSDT,5m,104120.05631145,104130.82285289,104078.52517732,104130.82285289,7.18424
1739203800000000,BTCUSDT,5m,104130.82285289,104166.48841589,104090.55906744,104126.75806692,41.84317
1739204100000000,BTCUSDT,5m,104126.75806692,104240.54241761,104117.65874449,104161.28196672,65.25133
1739204400000000,BTCUSDT,5m,104161.28196672,104235.96835355,104146.94635081,104191.53880454,43.61969
1739204700000000,BTCUSDT,5m,104191.53880454,104231.62311035,104038.80522385,104116.64554768,138.09912
1739205000000000,BTCUSDT,5m,104116.64554768,104322.19172944,103976.56914431,104028.54180641,298.82985
1739205300000000,BTCUSDT,5m,104028.54180641,104058.4354574,103855.90224321,103917.51128943,62.29433
1739205600000000,BTCUSDT,5m,103917.51128943,103978.70121869,103914.477342,103966.51220182,41.67428
1739205900000000,BTCUSDT,5m,103966.51220182,104024.93662669,103966.51220182,103994.85092642,24.62681
1739206200000000,BTCUSDT,5m,103994.85092642,104449.96976921,103974.2468926,104201.20998967,212.19384
1739206500000000,BTCUSDT,5m,104201.20998967,104222.21427338,104081.86746854,104148.44974601,52.46691
1739206800000000,BTCUSDT,5m,104148.44974601,104148.44974601,104110.20057512,104110.20057512,24.57854
1739207100000000,BTCUSDT,5m,104110.20057512,104150.30246583,104066.29316208,104106.30977498,86.24974
1739207400000000,BTCUSDT,5m,104106.30977498,104236.1023865,104070.05927107,104211.53663547,47.88317
1739207700000000,BTCUSDT,5m,104211.53663547,104291.54787565,104211.53663547,104274.4882292,15.15078
1739208000000000,BTCUSDT,5m,104274.4882292,104457.86150909,104159.56537913,104431.73629771,52.91641
1739208300000000,BTCUSDT,5m,104431.73629771,104434.42156264,104405.79663845,104431.47851227,13.45163
1739208600000000,BTCUSDT,5m,104431.47851227,104522.57449896,104024.62117647,104090.71242126,146.83148
1739208900000000,BTCUSDT,5m,104090.71242126,104511.89373429,104090.71242126,104487.01556832,147.85546
1739209200000000,BTCUSDT,5m,104487.01556832,104575.10126369,104487.01556832,104573.46930548,21.55083
1739209500000000,BTCUSDT,5m,104573.46930548,104573.47999783,104464.3965893,104502.91045301,19.64563
1739209800000000,BTCUSDT,5m,104502.91045301,104502.91045301,104355.70499526,104405.44387477,64.99909
1739210100000000,BTCUSDT,5m,104405.44387477,104462.5480246,104296.22196612,104296.22196612,41.51089
1739210400000000,BTCUSDT,5m,104296.22196612,104303.5066193,104227.30531306,104303.5066193,53.22667
1739210700000000,BTCUSDT,5m,104303.5066193,104510.22451825,102311.51000884,104379.13758065,2052.44699
1739211000000000,BTCUSDT,5m,104379.13758065,104402.77141368,104379.12761277,104399.44214323,11.37375
1739211300000000,BTCUSDT,5m,104399.44214323,104552.69384949,104290.20271879,104515.03319435,115.99994
1739211600000000,BTCUSDT,5m,104515.03319435,105611.30867481,104462.16577497,105546.88730553,434.04206
1739211900000000,BTCUSDT,5m,105546.88730553,105607.74131772,105489.94632435,105566.76082445,104.24274
1739212200000000,BTCUSDT,5m,105566.76082445,105669.32990768,104844.33580489,105114.82493734,586.22175
1739212500000000,BTCUSDT,5m,105114.82493734,105257.98442814,104989.17057161,105156.12414275,246.70972
1739212800000000,BTCUSDT,5m,105156.12414275,105156.13418742,105093.74675355,105122.37405777,23.17972
1739213100000000,BTCUSDT,5m,105122.37405777,105333.62439154,105090.81935343,105299.81284878,65.87259
1739213400000000,BTCUSDT,5m,105299.81284878,105319.09982978,105203.94360817,105217.62833581,28.95524
1739213700000000,BTCUSDT,5m,105217.62833581,105288.07780362,105187.23540863,105242.91982417,29.46894
1739214000000000,BTCUSDT,5m,105242.91982417,105242.91982417,105201.08363229,105213.90310748,26.17278
1739214300000000,BTCUSDT,5m,105213.90310748,105335.32650113,105213.90310748,105289.75018256,73.61002
1739214600000000,BTCUSDT,5m,105289.75018256,105355.58822212,105190.22098896,105246.55416453,45.1388
1739214900000000,BTCUSDT,5m,105246.55416453,105503.79543324,105185.12690614,105363.42528973,367.89068
1739215200000000,BTCUSDT,5m,105363.42528973,105470.90892161,105031.53381653,105190.11304186,265.31658
1739215500000000,BTCUSDT,5m,105190.11304186,105360.81369754,105181.44902847,105287.50700137,42.52595
1739215800000000,BTCUSDT,5m,105287.50700137,105323.47927809,105219.16068069,105219.16068069,15.6808
1739216100000000,BTCUSDT,5m,105219.16068069,105319.85664166,105105.41396449,105319.85664166,44.63225
1739216400000000,BTCUSDT,5m,105319.85664166,105378.58322702,105269.47224304,105374.56773401,18.63036
1739216700000000,BTCUSDT,5m,105374.56773401,105467.98281802,105300.74606804,105397.48169765,67.92062
1739217000000000,BTCUSDT,5m,105397.48169765,105529.81236152,105337.16009142,105450.7930763,81.8586
1739217300000000,BTCUSDT,5m,105450.7930763,105753.14587851,105396.67337503,105753.13497387,68.59312
1739217600000000,BTCUSDT,5m,105753.13497387,105753.13497387,105614.68838908,105629.60393546,44.32867
1739217900000000,BTCUSDT,5m,105629.60393546,105652.72249892,105629.60393546,105642.64600895,8.06619
1739218200000000,BTCUSDT,5m,105642.64600895,105679.76430799,105535.31208072,105631.0803188,35.60295
1739218500000000,BTCUSDT,5m,105631.0803188,105640.83066449,105584.93298732,105584.94374929,35.6118
1739218800000000,BTCUSDT,5m,105584.94374929,105626.71594974,105433.95055766,105617.73514489,129.55495
1739219100000000,BTCUSDT,5m,105617.73514489,105671.69011986,105616.84199313,105660.04686439,43.23348
1739219400000000,BTCUSDT,5m,105660.04686439,105691.735144,105571.56068178,105630.97484905,9.87901
1739219700000000,BTCUSDT,5m,105630.97484905,105865.8620495,105630.97484905,105758.56306112,88.06697
1739220000000000,BTCUSDT,5m,105758.56306112,105758.57382033,105691.28572492,105691.28572492,29.67298
1739220300000000,BTCUSDT,5m,105691.28572492,105691.29646444,105619.7820104,105641.00329906,39.25222
1739220600000000,BTCUSDT,5m,105641.00329906,106037.05169525,105640.99277034,105925.16296954,104.3161
1739220900000000,BTCUSDT,5m,105925.16296954,106031.95497072,105925.15195437,105979.14828133,45.44334
1739221200000000,BTCUSDT,5m,105979.14828133,106044.72813501,105914.58953118,106044.72813501,32.90066
1739221500000000,BTCUSDT,5m,106044.72813501,106207.41354093,106040.18638105,106104.53342077,39.84433
1739221800000000,BTCUSDT,5m,106104.53342077,106192.39782678,106090.52413176,106140.41221453,45.07327
1739222100000000,BTCUSDT,5m,106140.41221453,106220.6437346,106126.04843559,106126.05882155,24.52946
1739222400000000,BTCUSDT,5m,106126.05882155,106163.20409524,105906.65449971,105906.65449971,67.12709
1739222700000000,BTCUSDT,5m,105906.65449971,105906.65449971,105739.60820105,105854.61521744,125.7996
1739223000000000,BTCUSDT,5m,105854.61521744,105969.74815209,105799.89416016,105923.80752057,38.5129
1739223300000000,BTCUSDT,5m,105923.80752057,105940.58598959,105769.30830883,105792.42665664,89.22382
1739223600000000,BTCUSDT,5m,105792.42665664,106019.78505839,105792.41582231,105924.85466449,48.18615
1739223900000000,BTCUSDT,5m,105924.85466449,106298.89623979,105924.85466449,106190.73218398,121.15513
1739224200000000,BTCUSDT,5m,106190.73218398,106249.60083448,106167.85153138,106249.60083448,13.99492
1739224500000000,BTCUSDT,5m,106249.60083448,106249.60083448,106082.40810097,106096.64536926,33.4739
1739224800000000,BTCUSDT,5m,106096.64536926,106131.10499983,106047.73391898,106115.56070995,39.03577
1739225100000000,BTCUSDT,5m,106115.56070995,106225.57969797,106112.36140003,106204.21990386,25.86243
1739225400000000,BTCUSDT,5m,106204.21990386,106300.06849835,106199.98999683,106289.88376117,19.71355
1739225700000000,BTCUSDT,5m,106289.88376117,106300.51485481,106272.54757943,106285.14167584,24.61794
1739226000000000,BTCUSDT,5m,106285.14167584,106285.15214578,106084.83067295,106174.48481876,73.34715
1739226300000000,BTCUSDT,5m,106174.48481876,106181.91854038,106094.40476917,106094.41507946,21.73443
1739226600000000,BTCUSDT,5m,106094.41507946,106146.71099382,106045.7261626,106143.31486695,17.45492
1739226900000000,BTCUSDT,5m,106143.31486695,106181.74852514,106028.26580865,106086.00939541,29.1522
1739227200000000,BTCUSDT,5m,106086.00939541,106289.69276061,105946.53068709,105964.80982446,139.22937
1739227500000000,BTCUSDT,5m,105964.80982446,105974.18276293,105622.69757015,105716.21793396,213.00464
1739227800000000,BTCUSDT,5m,105716.21793396,105912.09066751,105710.1852065,105912.07975842,94.41488
1739228100000000,BTCUSDT,5m,105912.07975842,105984.51021533,105731.22383645,105773.89151972,216.8235
1739228400000000,BTCUSDT,5m,105773.89151972,106269.68865984,105689.91809105,106117.82866624,190.16594
1739228700000000,BTCUSDT,5m,106117.82866624,106174.66764432,105978.20270813,106165.26240802,124.85301
1739229000000000,BTCUSDT,5m,106165.26240802,106298.24195899,106133.89869441,106233.65498033,45.7773
1739229300000000,BTCUSDT,5m,106233.65498033,106309.09280177,106115.08924775,106163.18279862,24.43421
1739229600000000,BTCUSDT,5m,106163.18279862,106163.55722889,105856.63881366,105948.71745848,101.0253
1739229900000000,BTCUSDT,5m,105948.71745848,106182.18848901,105899.43799558,105975.63391814,99.60168
1739230200000000,BTCUSDT,5m,105975.63391814,106100.5625363,105949.87203522,106100.5625363,47.87399
1739230500000000,BTCUSDT,5m,106100.5625363,106106.80324527,106051.43721521,106071.7904365,10.19269
1739230800000000,BTCUSDT,5m,106071.7904365,106078.36172252,105900.45987692,106051.45848719,102.11155
1739231100000000,BTCUSDT,5m,106051.45848719,106131.21009184,105883.64372193,105911.0728916,73.81442
1739231400000000,BTCUSDT,5m,105911.0728916,106008.91528897,105880.44358009,105978.76456044,53.54328
1739231700000000,BTCUSDT,5m,105978.76456044,106068.24656958,105972.88602165,106067.05130291,17.62186
1739232000000000,BTCUSDT,5m,106067.05130291,106184.66955597,105986.82727174,106076.90739817,88.57076
1739232300000000,BTCUSDT,5m,106076.90739817,106292.32958293,105993.86610957,106138.06208736,94.24406
1739232600000000,BTCUSDT,5m,106138.06208736,106203.70547524,106041.80958274,106167.00907294,61.98348
1739232900000000,BTCUSDT,5m,106167.00907294,106167.01996036,106143.31803759,106143.31803759,7.953
1739233200000000,BTCUSDT,5m,106143.31803759,106350.60693936,106095.01396234,106345.3640065,180.27977
1739233500000000,BTCUSDT,5m,106345.3640065,106523.19978013,106345.3640065,106511.83569942,29.02007
1739233800000000,BTCUSDT,5m,106511.83569942,106562.75892061,106345.23558742,106560.47611712,153.18805
1739234100000000,BTCUSDT,5m,106560.47611712,106672.86074882,106377.58684652,106519.46974767,165.42816
1739234400000000,BTCUSDT,5m,106519.46974767,106519.48086399,106450.15945548,106450.17057181,26.23894
1739234700000000,BTCUSDT,5m,106450.17057181,106450.17057181,106365.74704131,106428.73956296,37.68463
1739235000000000,BTCUSDT,5m,106428.73956296,106453.33760076,106324.10185911,106431.25315094,77.0694
1739235300000000,BTCUSDT,5m,106431.25315094,106527.08526943,106354.01906203,106384.40963614,59.47458
1739235600000000,BTCUSDT,5m,106384.40963614,106498.94211902,106384.40963614,106498.94211902,37.86512
1739235900000000,BTCUSDT,5m,106498.94211902,106578.69119312,106389.91407628,106511.08912687,101.63748
1739236200000000,BTCUSDT,5m,106511.08912687,106606.94102176,106511.07819485,106552.64171041,25.06385
1739236500000000,BTCUSDT,5m,106552.64171041,106597.23320144,106552.64171041,106591.22405901,20.2046
1739236800000000,BTCUSDT,5m,106591.22405901,106647.37610806,106484.83996922,106511.12788714,65.02086
1739237100000000,BTCUSDT,5m,106511.12788714,106654.89785291,106471.90403331,106580.81803344,86.44333
1739237400000000,BTCUSDT,5m,106580.81803344,106875.80774727,106570.4960687,106614.02444054,120.57682
1739237700000000,BTCUSDT,5m,106614.02444054,106635.7135566,106555.36723598,106555.36723598,17.46802
1739238000000000,BTCUSDT,5m,106555.36723598,106567.01281278,106507.18017945,106567.01281278,33.21312
1739238300000000,BTCUSDT,5m,106567.01281278,106576.84092469,106453.18322842,106513.51388876,33.30426
1739238600000000,BTCUSDT,5m,106513.51388876,106554.96861209,106429.01130621,106461.31656165,98.36901
1739238900000000,BTCUSDT,5m,106461.31656165,106527.42358277,106418.00357075,106418.00357075,50.08383
1739239200000000,BTCUSDT,5m,106418.00357075,106430.73482786,106388.91913934,106394.05746162,27.49627
1739239500000000,BTCUSDT,5m,106394.05746162,106394.05746162,106354.81512807,106354.82524207,7.87061
1739239800000000,BTCUSDT,5m,106354.82524207,106358.67268546,106089.88630643,106160.58701005,149.09519
1739240100000000,BTCUSDT,5m,106160.58701005,106206.84658715,105950.42525309,105952.79098896,69.31564
1739240400000000,BTCUSDT,5m,105952.79098896,105965.52054466,105879.11754607,105921.52914453,16.14934
1739240700000000,BTCUSDT,5m,105921.52914453,105960.84765555,105832.04944409,105953.49406713,28.00573
1739241000000000,BTCUSDT,5m,105953.49406713,105953.49406713,105614.2145615,105751.23107584,127.26171
1739241300000000,BTCUSDT,5m,105751.23107584,105821.63581719,105740.66143403,105799.05712906,66.87452
1739241600000000,BTCUSDT,5m,105799.05712906,105910.32713716,105799.04615568,105880.6112415,23.20848
1739241900000000,BTCUSDT,5m,105880.6112415,105918.19173199,105436.42981744,105657.39702261,143.79989
1739242200000000,BTCUSDT,5m,105657.39702261,105704.48969937,105288.31207759,105319.77908716,143.4555
1739242500000000,BTCUSDT,5m,105319.77908716,105347.76768635,105221.00060993,105221.00060993,53.19168
1739242800000000,BTCUSDT,5m,105221.00060993,105256.6141303,105191.88066527,105255.0564813,52.88381
1739243100000000,BTCUSDT,5m,105255.0564813,105271.05448257,105034.13573787,105052.84598307,100.02971
1739243400000000,BTCUSDT,5m,105052.84598307,105252.06079905,105052.84598307,105237.05132277,98.45419
1739243700000000,BTCUSDT,5m,105237.05132277,105311.03380436,105200.48207591,105246.29245585,88.54208
1739244000000000,BTCUSDT,5m,105246.29245585,105267.94501176,105147.03996799,105148.23991172,44.02694
1739244300000000,BTCUSDT,5m,105148.23991172,105369.51770597,105143.46813451,105358.41208995,102.729
1739244600000000,BTCUSDT,5m,105358.41208995,105776.72657744,105358.40091881,105652.13485926,175.42497
1739244900000000,BTCUSDT,5m,105652.13485926,105730.78859105,105304.64844809,105522.1353598,335.23347
1739245200000000,BTCUSDT,5m,105522.1353598,105611.79609508,105522.1353598,105528.13463733,24.53198
1739245500000000,BTCUSDT,5m,105528.13463733,105555.68114743,105423.89552338,105454.88670128,79.3285
1739245800000000,BTCUSDT,5m,105454.88670128,105510.102637,105408.01607692,105431.30788507,24.07829
1739246100000000,BTCUSDT,5m,105431.30788507,105527.2248178,105431.29693815,105498.37967768,47.89616
1739246400000000,BTCUSDT,5m,105498.37967768,105498.39000648,105407.11438662,105415.74926477,31.83132
1739246700000000,BTCUSDT,5m,105415.74926477,105415.75932173,105380.91194804,105386.89584049,14.36545
1739247000000000,BTCUSDT,5m,105386.89584049,105604.19951845,105257.69543934,105549.34422543,142.1301
1739247300000000,BTCUSDT,5m,105549.34422543,105657.24951086,105534.73810981,105625.10727746,19.92088
1739247600000000,BTCUSDT,5m,105625.10727746,105625.10727746,105478.59807026,105494.59638573,69.41704
1739247900000000,BTCUSDT,5m,105494.59638573,105640.7423542,105441.73076344,105522.37770622,54.47788
1739248200000000,BTCUSDT,5m,105522.37770622,105572.747372,105328.81270176,105434.02688765,322.76001
1739248500000000,BTCUSDT,5m,105434.02688765,105457.34850744,105411.67475783,105441.73971895,61.0057
1739248800000000,BTCUSDT,5m,105441.73971895,105548.75498951,105425.99327892,105548.75498951,11.54855
1739249100000000,BTCUSDT,5m,105548.75498951,105548.75498951,105493.51423567,105507.39408135,20.01369
1739249400000000,BTCUSDT,5m,105507.39408135,105608.17268604,105504.13471923,105560.97189012,51.90046
1739249700000000,BTCUSDT,5m,105560.97189012,105560.98197987,105486.40863795,105549.40903667,29.8537
1739250000000000,BTCUSDT,5m,105549.40903667,105689.36910517,105549.40903667,105676.97572784,38.65332
1739250300000000,BTCUSDT,5m,105676.97572784,105800.24643321,105676.97572784,105787.1618332,25.15822
1739250600000000,BTCUSDT,5m,105787.1618332,105798.11026528,105715.37532979,105759.49916159,19.65704
1739250900000000,BTCUSDT,5m,105759.49916159,105759.49916159,105572.17385933,105647.48111601,97.1832
1739251200000000,BTCUSDT,5m,105647.48111601,105687.45176637,105040.55095976,105101.0630939,306.16955
1739251500000000,BTCUSDT,5m,105101.0630939,105101.07337453,104973.50098317,105010.51126675,18.46411
1739251800000000,BTCUSDT,5m,105010.51126675,105146.40282981,104972.72931891,105104.36513375,139.93476
1739252100000000,BTCUSDT,5m,105104.36513375,105150.3919451,104920.83254582,105094.50921584,174.38781
1739252400000000,BTCUSDT,5m,105094.50921584,105327.52295669,105031.48251494,105098.92870472,56.2563
1739252700000000,BTCUSDT,5m,105098.92870472,105113.02549668,104983.50866677,105016.15601974,24.12511
1739253000000000,BTCUSDT,5m,105016.15601974,105203.4621797,104868.4649428,104914.22606055,157.80527
1739253300000000,BTCUSDT,5m,104914.22606055,104947.172014,104808.46976519,104823.43639525,43.42961
1739253600000000,BTCUSDT,5m,104823.43639525,104956.99683711,104823.42610316,104862.53604221,17.271
1739253900000000,BTCUSDT,5m,104862.53604221,104878.3914127,104856.25615613,104878.38067785,9.12911
1739254200000000,BTCUSDT,5m,104878.38067785,105110.59488721,104841.33871186,105078.13844993,99.20685
1739254500000000,BTCUSDT,5m,105078.13844993,105078.1492109,105057.49891588,105068.24912157,7.62736
1739254800000000,BTCUSDT,5m,105068.24912157,105138.84469226,105015.02270976,105061.88453617,32.01196
1739255100000000,BTCUSDT,5m,105061.88453617,105139.00736731,105020.78347206,105125.35404314,46.91986
1739255400000000,BTCUSDT,5m,105125.35404314,105150.29218216,105038.51087684,105047.26724588,34.20858
1739255700000000,BTCUSDT,5m,105047.26724588,105091.18424345,104922.0890875,104942.67960832,55.36653
1739256000000000,BTCUSDT,5m,104942.67960832,105023.85999538,104906.10722583,104932.87202857,73.57895
1739256300000000,BTCUSDT,5m,104932.87202857,104932.87202857,104406.31272708,104431.35741925,134.61801
1739256600000000,BTCUSDT,5m,104431.35741925,104459.50365854,104348.83914877,104382.82801895,54.02983
1739256900000000,BTCUSDT,5m,104382.82801895,104382.82801895,104307.01166021,104323.98959481,32.03768
1739257200000000,BTCUSDT,5m,104323.98959481,104433.4964198,104223.56172466,104234.31878016,42.82768
1739257500000000,BTCUSDT,5m,104234.31878016,104326.28427649,104208.55856901,104208.55856901,52.4934
1739257800000000,BTCUSDT,5m,104208.55856901,104252.92196433,104116.67135358,104218.00781205,52.01159
1739258100000000,BTCUSDT,5m,104218.00781205,104225.65575211,104114.82488973,104148.42655353,94.98761
1739258400000000,BTCUSDT,5m,104148.42655353,104301.33177801,104148.41570688,104221.5872075,85.56642
1739258700000000,BTCUSDT,5m,104221.5872075,104287.37068596,104136.38663899,104280.84715768,185.9826
1739259000000000,BTCUSDT,5m,104280.84715768,104291.09413035,104185.82783397,104281.72241993,74.18661
1739259300000000,BTCUSDT,5m,104281.72241993,104284.29322975,104225.12121451,104252.45640762,19.86737
1739259600000000,BTCUSDT,5m,104252.45640762,104260.54874479,104149.17550064,104186.1145114,68.34391
1739259900000000,BTCUSDT,5m,104186.1145114,104316.35388211,104186.10381149,104277.94118569,59.66113
1739260200000000,BTCUSDT,5m,104277.94118569,104414.78907988,104277.93090642,104291.43786451,39.07754
1739260500000000,BTCUSDT,5m,104291.43786451,104326.33940229,104247.10964969,104247.12052245,36.16186
1739260800000000,BTCUSDT,5m,104247.12052245,104321.97166388,104144.98962317,104321.96081275,67.75418
1739261100000000,BTCUSDT,5m,104321.96081275,104357.04364063,104251.23122898,104251.23122898,18.46747
1739261400000000,BTCUSDT,5m,104251.23122898,104599.28878525,104251.22058567,104449.52675619,204.41111
1739261700000000,BTCUSDT,5m,104449.52675619,104449.52675619,104279.7425987,104437.27974681,29.22382
1739262000000000,BTCUSDT,5m,104437.27974681,104450.85714601,104426.04734005,104436.49808266,4.94857
1739262300000000,BTCUSDT,5m,104436.49808266,104533.54553499,104178.26949893,104508.58381047,115.50956
1739262600000000,BTCUSDT,5m,104508.58381047,104511.20644584,104468.4314798,104474.48955074,19.37184
1739262900000000,BTCUSDT,5m,104474.48955074,104505.66425202,104131.04018202,104149.54040198,241.58786
1739263200000000,BTCUSDT,5m,104149.54040198,104257.6001388,104145.0659607,104174.88237031,30.69752
1739263500000000,BTCUSDT,5m,104174.88237031,104246.22734253,104149.61728476,104227.22722048,39.38578
1739263800000000,BTCUSDT,5m,104227.22722048,104375.46791185,104227.22722048,104266.80898053,47.32059
1739264100000000,BTCUSDT,5m,104266.80898053,104298.83235485,104077.97814107,104181.28353503,138.63289
1739264400000000,BTCUSDT,5m,104181.28353503,104334.13170334,104181.28353503,104285.96639433,62.83095
1739264700000000,BTCUSDT,5m,104285.96639433,104313.87660312,104275.56281861,104281.50161543,18.64594
1739265000000000,BTCUSDT,5m,104281.50161543,104294.55266463,104041.83596974,104090.22852834,34.70727
1739265300000000,BTCUSDT,5m,104090.22852834,104158.40897033,104030.5706416,104064.6502094,54.40521
1739265600000000,BTCUSDT,5m,104064.6502094,104101.47989801,103944.23612867,103954.07018109,122.00622
1739265900000000,BTCUSDT,5m,103954.07018109,103979.56172673,103856.28858986,103880.24414433,65.11759
1739266200000000,BTCUSDT,5m,103880.24414433,103988.83391809,103880.23417922,103880.26407454,9.92389
1739266500000000,BTCUSDT,5m,103880.26407454,103897.09316477,103657.641325,103679.21655028,43.23089
1739266800000000,BTCUSDT,5m,103679.21655028,103803.24552809,103533.35665763,103632.00085075,104.46094
1739267100000000,BTCUSDT,5m,103632.00085075,103688.54090031,103566.23235262,103688.14057948,36.78011
1739267400000000,BTCUSDT,5m,103688.14057948,103709.34062471,103633.78452444,103667.0481487,37.30647
1739267700000000,BTCUSDT,5m,103667.0481487,103923.6600425,103622.96398871,103922.72601257,83.61507
1739268000000000,BTCUSDT,5m,103922.72601257,103926.87193247,103922.71535468,103926.87193247,5.25175
1739268300000000,BTCUSDT,5m,103926.87193247,104157.44728075,103854.69785806,104111.04811242,112.27221
1739268600000000,BTCUSDT,5m,104111.04811242,104519.87350812,103903.61248874,104490.29468525,142.32535
1739268900000000,BTCUSDT,5m,104490.29468525,104519.12657316,104372.12332068,104421.83535807,60.03422
1739269200000000,BTCUSDT,5m,104421.83535807,104521.20278234,104254.08386165,104402.75466991,111.44634
1739269500000000,BTCUSDT,5m,104402.75466991,104402.75466991,103539.28451106,103770.64554811,300.01812
1739269800000000,BTCUSDT,5m,103770.64554811,103826.48953782,103742.99275876,103767.2750952,19.77204
1739270100000000,BTCUSDT,5m,103767.2750952,104087.68659767,103690.82926666,103973.90096401,142.26291
1739270400000000,BTCUSDT,5m,103973.90096401,104036.71038252,103677.85586123,103908.24486056,178.74776
1739270700000000,BTCUSDT,5m,103908.24486056,104101.9232729,103744.64202638,103872.13338916,121.82445
1739271000000000,BTCUSDT,5m,103872.13338916,103924.18294044,103792.38746498,103795.63864497,56.43526
1739271300000000,BTCUSDT,5m,103795.63864497,103888.42640334,103782.03979131,103888.42640334,18.55268
1739271600000000,BTCUSDT,5m,103888.42640334,103888.42640334,103799.10927206,103817.99357859,31.3848
1739271900000000,BTCUSDT,5m,103817.99357859,103922.95848774,103790.81823232,103876.64980799,44.38668
1739272200000000,BTCUSDT,5m,103876.64980799,103886.62016093,103726.8588324,103756.1243288,40.87908
1739272500000000,BTCUSDT,5m,103756.1243288,103810.81580854,103727.98418158,103793.53078443,18.04419
1739272800000000,BTCUSDT,5m,103793.53078443,103798.93072074,103707.22350059,103768.9967342,40.18532
1739273100000000,BTCUSDT,5m,103768.9967342,103840.87976503,103715.5399183,103840.86986379,32.94645
1739273400000000,BTCUSDT,5m,103840.86986379,103854.45584463,103734.12723618,103854.45584463,47.63002
1739273700000000,BTCUSDT,5m,103854.45584463,103933.69287272,103854.45584463,103895.52214384,63.22653
1739274000000000,BTCUSDT,5m,103895.52214384,103989.50663078,103663.50447879,103664.2216895,57.91507
1739274300000000,BTCUSDT,5m,103664.2216895,103702.41723623,103256.44148777,103429.13378038,121.43295
1739274600000000,BTCUSDT,5m,103429.13378038,103430.87130816,103362.95848933,103382.67889662,47.67646
1739274900000000,BTCUSDT,5m,103382.67889662,103482.16212218,103204.30904905,103276.45694059,84.92168
1739275200000000,BTCUSDT,5m,103276.45694059,103276.46769222,103193.00282513,103258.59849099,53.89584
1739275500000000,BTCUSDT,5m,103258.59849099,103349.43177846,103258.58775674,103287.41997254,19.0182
1739275800000000,BTCUSDT,5m,103287.41997254,103287.41997254,102965.74668997,103029.50811932,212.04316
1739276100000000,BTCUSDT,5m,103029.50811932,103129.9373568,102912.71255666,103072.55379653,59.02556
1739276400000000,BTCUSDT,5m,103072.55379653,103126.25909399,102950.91790131,103047.32934483,33.53569
1739276700000000,BTCUSDT,5m,103047.32934483,103122.23023709,103047.32934483,103086.28499152,19.13544
1739277000000000,BTCUSDT,5m,103086.28499152,103103.07683733,102998.01244482,103050.12334028,30.31467
1739277300000000,BTCUSDT,5m,103050.12334028,103119.26633853,103050.12334028,103108.60428778,42.41743
1739277600000000,BTCUSDT,5m,103108.60428778,103116.21226304,103061.899773,103116.20219958,17.62713
1739277900000000,BTCUSDT,5m,103116.20219958,103116.21277304,103054.95018783,103084.74617767,55.78506
1739278200000000,BTCUSDT,5m,103084.74617767,103183.52795205,103084.74617767,103153.76872751,24.3495
1739278500000000,BTCUSDT,5m,103153.76872751,103153.77935444,102974.95997051,102994.63042155,108.15251
1739278800000000,BTCUSDT,5m,102994.63042155,103044.59179039,102914.34479773,102993.44183266,71.57679
1739279100000000,BTCUSDT,5m,102993.44183266,103114.10833657,102965.27830617,103033.3993582,57.93226
1739279400000000,BTCUSDT,5m,103033.3993582,103181.277849,103017.71542925,103111.18111557,37.53178
1739279700000000,BTCUSDT,5m,103111.18111557,103129.6517426,103058.07409806,103072.64337342,16.16462
1739280000000000,BTCUSDT,5m,103072.64337342,103257.05210442,103072.64337342,103236.91961353,36.75708
1739280300000000,BTCUSDT,5m,103236.91961353,103340.92599371,103199.73003844,103340.91526698,47.33457
1739280600000000,BTCUSDT,5m,103340.91526698,103356.24021993,103279.80876221,103279.81950149,12.54645
1739280900000000,BTCUSDT,5m,103279.81950149,103393.88461631,103279.81950149,103367.33441722,38.2483
1739281200000000,BTCUSDT,5m,103367.33441722,103378.43403316,103328.30881102,103353.63952876,30.94512
1739281500000000,BTCUSDT,5m,103353.63952876,103550.76841456,103353.62896451,103519.60388009,38.94827
1739281800000000,BTCUSDT,5m,103519.60388009,103540.03332432,103363.17474095,103420.97511973,45.17726
1739282100000000,BTCUSDT,5m,103420.97511973,103763.46300829,103392.94560942,103725.02404518,171.14375
1739282400000000,BTCUSDT,5m,103725.02404518,103725.03392846,103502.88742178,103530.28387667,74.66615
1739282700000000,BTCUSDT,5m,103530.28387667,103530.28387667,103308.20347751,103339.82822552,141.12622
1739283000000000,BTCUSDT,5m,103339.82822552,103339.82822552,103264.90040827,103275.35361783,44.46563
1739283300000000,BTCUSDT,5m,103275.35361783,103338.35940288,103210.59707539,103212.31561027,34.20927
1739283600000000,BTCUSDT,5m,103212.31561027,103394.58124975,102964.775024,103101.09706838,298.47874
1739283900000000,BTCUSDT,5m,103101.09706838,103203.54141181,103078.28953956,103193.22221595,43.62839
1739284200000000,BTCUSDT,5m,103193.22221595,103193.99201589,103136.64192,103181.84628343,17.31006
1739284500000000,BTCUSDT,5m,103181.84628343,103288.61352461,103118.83091715,103150.98247589,41.98351
1739284800000000,BTCUSDT,5m,103150.98247589,103363.37342677,102956.22450147,102956.23510458,306.80472
1739285100000000,BTCUSDT,5m,102956.23510458,103290.74643902,102692.23283897,103237.75370764,182.95457
1739285400000000,BTCUSDT,5m,103237.75370764,103262.91193281,103088.61823887,103207.23969989,48.1181
1739285700000000,BTCUSDT,5m,103207.23969989,103236.64714053,103131.35734232,103131.35734232,42.07676
1739286000000000,BTCUSDT,5m,103131.35734232,103216.27168062,103020.18736592,103143.58399383,117.81271
1739286300000000,BTCUSDT,5m,103143.58399383,103249.83349546,103012.3240163,103168.78514681,165.16909
1739286600000000,BTCUSDT,5m,103168.78514681,103190.64927703,103104.51070192,103104.51070192,25.09947
1739286900000000,BTCUSDT,5m,103104.51070192,103477.4815501,103069.06921463,103426.7186153,144.00431
1739287200000000,BTCUSDT,5m,103426.7186153,103460.23686676,103423.54606445,103441.80585709,10.20434
1739287500000000,BTCUSDT,5m,103441.80585709,103532.75053487,103348.30797606,103398.57020865,46.47219
1739287800000000,BTCUSDT,5m,103398.57020865,103406.13012596,103349.05027971,103395.41777255,18.44328
1739288100000000,BTCUSDT,5m,103395.41777255,103395.41777255,103337.20334143,103352.90696182,12.5282
1739288400000000,BTCUSDT,5m,103352.90696182,103484.89031826,103335.19360444,103446.24397199,58.2991
1739288700000000,BTCUSDT,5m,103446.24397199,103461.72126939,103360.29535116,103449.85463755,46.9903
1739289000000000,BTCUSDT,5m,103449.85463755,103720.25894573,103428.4835306,103687.4137031,95.05116
1739289300000000,BTCUSDT,5m,103687.4137031,104214.41848907,103559.51069539,104214.41848907,338.60535
1739289600000000,BTCUSDT,5m,104214.41848907,104327.74764678,104180.64692841,104180.65749523,71.18892
1739289900000000,BTCUSDT,5m,104180.65749523,104309.54555159,104094.61998681,104283.64178561,63.25279
1739290200000000,BTCUSDT,5m,104283.64178561,104318.66917469,104222.22006402,104252.32811787,35.60409
1739290500000000,BTCUSDT,5m,104252.32811787,104271.2090455,104237.42003141,104271.2090455,20.30513
1739290800000000,BTCUSDT,5m,104271.2090455,104447.03935738,104255.22642987,104292.14584118,70.01696
1739291100000000,BTCUSDT,5m,104292.14584118,104304.46275944,104209.70806814,104245.77053154,37.29228
1739291400000000,BTCUSDT,5m,104245.77053154,104337.06014669,104245.75990658,104337.04952173,52.65664
1739291700000000,BTCUSDT,5m,104337.04952173,104422.00727391,104254.45650618,104328.65956578,121.37118
1739292000000000,BTCUSDT,5m,104328.65956578,104375.4022279,103709.18103353,103824.52236826,207.54358
1739292300000000,BTCUSDT,5m,103824.52236826,103880.31736002,103824.52236826,103880.285343,38.60052
1739292600000000,BTCUSDT,5m,103880.285343,104029.76964436,103880.27470884,104015.6900246,68.81092
1739292900000000,BTCUSDT,5m,104015.6900246,104067.35795295,103917.5039367,104008.29521195,86.71532
1739293200000000,BTCUSDT,5m,104008.29521195,104281.6036133,104008.284381,104192.367348,178.75078
1739293500000000,BTCUSDT,5m,104192.367348,104453.16873809,104137.22328421,104431.37160181,157.03285
1739293800000000,BTCUSDT,5m,104431.37160181,104431.37160181,104284.82627623,104290.72876859,28.66337
1739294100000000,BTCUSDT,5m,104290.72876859,104290.72876859,104143.70738586,104168.73688505,12.60149
1739294400000000,BTCUSDT,5m,104168.73688505,104171.07284177,104131.38291038,104131.94823324,11.15416
1739294700000000,BTCUSDT,5m,104131.94823324,104163.19035195,104089.38312732,104163.19035195,28.21926
1739295000000000,BTCUSDT,5m,104163.19035195,104225.16019268,104160.78057898,104221.69924302,18.49652
1739295300000000,BTCUSDT,5m,104221.69924302,104244.52958181,104161.91229332,104225.8168577,45.07588
1739295600000000,BTCUSDT,5m,104225.8168577,104244.32257977,104165.01691616,104196.3720554,23.55113
1739295900000000,BTCUSDT,5m,104196.3720554,104212.85059639,103996.74247152,104043.73415568,189.93642
1739296200000000,BTCUSDT,5m,104043.73415568,104054.78633162,103691.1003434,103726.75319212,123.92843
1739296500000000,BTCUSDT,5m,103726.75319212,103894.0504963,103709.3263896,103894.04039381,36.86284
1739296800000000,BTCUSDT,5m,103894.04039381,103905.93675557,103847.10753497,103847.10753497,36.419
1739297100000000,BTCUSDT,5m,103847.10753497,103908.0655873,103731.73103056,103735.80170217,24.3062
1739297400000000,BTCUSDT,5m,103735.80170217,103801.32277815,103735.80170217,103762.45143849,29.03684
1739297700000000,BTCUSDT,5m,103762.45143849,104022.79325839,103680.25360363,103973.53296888,84.236
1739298000000000,BTCUSDT,5m,103973.53296888,104125.47181955,103973.53296888,104125.07129679,35.03185
1739298300000000,BTCUSDT,5m,104125.07129679,104208.34552912,104091.34198437,104151.85665225,38.7557
1739298600000000,BTCUSDT,5m,104151.85665225,104174.85399328,104009.54406833,104010.1155623,56.97633
1739298900000000,BTCUSDT,5m,104010.1155623,104065.55962865,103955.24715056,104034.81540882,20.48401
1739299200000000,BTCUSDT,5m,104034.81540882,104084.32197423,103855.20685969,103919.49471496,165.51231
1739299500000000,BTCUSDT,5m,103919.49471496,104006.62900118,103919.49471496,103991.1433332,18.14454
1739299800000000,BTCUSDT,5m,103991.1433332,104189.88789168,103922.95365022,104144.58629906,89.19716
1739300100000000,BTCUSDT,5m,104144.58629906,104289.77200697,104104.56742312,104248.97804577,57.51193
1739300400000000,BTCUSDT,5m,104248.97804577,104248.97804577,104170.01151132,104210.67513764,46.13321
1739300700000000,BTCUSDT,5m,104210.67513764,104352.40956705,104201.58819215,104352.3996033,32.33919
1739301000000000,BTCUSDT,5m,104352.3996033,104389.82847035,104330.4031609,104365.87678864,14.03142
1739301300000000,BTCUSDT,5m,104365.87678864,104591.36225832,104229.99629429,104229.99629429,210.99508
1739301600000000,BTCUSDT,5m,104229.99629429,104286.43141452,103977.317058,104023.49029436,67.07748
1739301900000000,BTCUSDT,5m,104023.49029436,104038.10850568,104007.74186394,104038.09784324,4.94617
1739302200000000,BTCUSDT,5m,104038.09784324,104166.09026511,104038.09784324,104065.71918468,31.09056
1739302500000000,BTCUSDT,5m,104065.71918468,104078.46274875,103913.41286843,103985.77165427,82.98346
1739302800000000,BTCUSDT,5m,103985.77165427,104078.75582932,103985.77165427,104078.74509955,43.39202
1739303100000000,BTCUSDT,5m,104078.74509955,104381.57818992,104049.6013845,104199.86954423,119.94297
1739303400000000,BTCUSDT,5m,104199.86954423,104239.6522647,104199.86954423,104220.85217409,37.75765
1739303700000000,BTCUSDT,5m,104220.85217409,104395.55548361,104200.16333697,104395.55548361,146.55342
1739304000000000,BTCUSDT,5m,104395.55548361,104447.74896096,104372.137764,104401.91129418,11.20612
1739304300000000,BTCUSDT,5m,104401.91129418,104417.71203955,104396.29491549,104401.91129418,6.06232
1739304600000000,BTCUSDT,5m,104401.91129418,104476.03874143,104401.90043302,104476.03874143,54.45605
1739304900000000,BTCUSDT,5m,104476.03874143,104510.45218457,104476.03874143,104508.22297368,9.7378
1739305200000000,BTCUSDT,5m,104508.22297368,104663.61567769,104508.22297368,104627.29598559,52.26041
1739305500000000,BTCUSDT,5m,104627.29598559,104627.30671659,104527.20789433,104602.19616298,31.29146
1739305800000000,BTCUSDT,5m,104602.19616298,105169.26277496,104420.71991665,105088.55734549,452.35259
1739306100000000,BTCUSDT,5m,105088.55734549,105303.90368198,105042.22340664,105156.41454643,104.10591
1739306400000000,BTCUSDT,5m,105156.41454643,105156.42459278,104994.27639032,105020.07543518,40.11308
1739306700000000,BTCUSDT,5m,105020.07543518,105053.69149892,104716.86668177,104729.49680897,67.46314
1739307000000000,BTCUSDT,5m,104729.49680897,104783.67707271,104728.46800124,104776.10721375,27.72894
1739307300000000,BTCUSDT,5m,104776.10721375,104810.37462209,104696.09265419,104729.31840205,47.15512
1739307600000000,BTCUSDT,5m,104729.31840205,104773.21653471,104659.03164073,104671.69601948,28.90375
1739307900000000,BTCUSDT,5m,104671.69601948,104706.36202928,104558.35222835,104559.70546082,60.10998
1739308200000000,BTCUSDT,5m,104559.70546082,104596.76239519,104464.67958375,104509.11123514,48.73806
1739308500000000,BTCUSDT,5m,104509.11123514,104514.59523745,104123.64443965,104390.49705699,165.94109
1739308800000000,BTCUSDT,5m,104390.49705699,104403.25757515,104331.89614272,104397.36963536,41.33551
1739309100000000,BTCUSDT,5m,104397.36963536,104627.78472738,104362.34662346,104537.58482273,139.09558
1739309400000000,BTCUSDT,5m,104537.58482273,104608.33735959,104419.83284849,104419.83284849,45.06311
1739309700000000,BTCUSDT,5m,104419.83284849,104522.17779995,104338.54978498,104424.8203997,57.01166
1739310000000000,BTCUSDT,5m,104424.8203997,104518.43317836,104382.09107363,104399.72996085,65.70713
1739310300000000,BTCUSDT,5m,104399.72996085,104429.28867193,104351.107426,104407.74274037,25.52286
1739310600000000,BTCUSDT,5m,104407.74274037,104830.24294673,104407.74274037,104718.23037983,118.89834
1739310900000000,BTCUSDT,5m,104718.23037983,104718.23037983,104454.74337072,104594.70429871,291.94677
1739311200000000,BTCUSDT,5m,104594.70429871,104629.59990131,104580.10563998,104587.80906676,7.20553
1739311500000000,BTCUSDT,5m,104587.80906676,104789.77567207,104587.79888802,104678.21665614,83.47208
1739311800000000,BTCUSDT,5m,104678.21665614,104678.21665614,104520.33028933,104653.23587128,48.35552
1739312100000000,BTCUSDT,5m,104653.23587128,104768.70625045,104542.36540353,104664.52560821,190.92186
1739312400000000,BTCUSDT,5m,104664.52560821,104796.85962207,104645.62532027,104729.71666912,42.03599
1739312700000000,BTCUSDT,5m,104729.71666912,104925.29996185,104729.70575183,104925.29996185,24.77707
1739313000000000,BTCUSDT,5m,104925.29996185,104973.79903814,104856.03575763,104872.32170613,45.66525
1739313300000000,BTCUSDT,5m,104872.32170613,105025.88046097,104868.20599089,105012.74729006,31.08087
1739313600000000,BTCUSDT,5m,105012.74729006,105012.75820023,104903.06734641,104903.06734641,15.60401
1739313900000000,BTCUSDT,5m,104903.06734641,104987.27301019,104833.93809126,104833.94898461,26.40913
1739314200000000,BTCUSDT,5m,104833.94898461,104971.41824237,104665.59461035,104665.59461035,51.80545
1739314500000000,BTCUSDT,5m,104665.59461035,104726.58235569,104665.59461035,104718.35341843,27.22227
1739314800000000,BTCUSDT,5m,104718.35341843,104753.4436917,104396.35273509,104476.77935736,143.69147
1739315100000000,BTCUSDT,5m,104476.77935736,104484.72457775,104428.99072302,104432.10482283,34.75071
1739315400000000,BTCUSDT,5m,104432.10482283,104482.26230547,104367.69422837,104367.69422837,19.93412
1739315700000000,BTCUSDT,5m,104367.69422837,104934.71931002,104347.88035669,104669.69490871,337.85122
1739316000000000,BTCUSDT,5m,104669.69490871,104669.69490871,104521.77525725,104532.15976745,26.62975
1739316300000000,BTCUSDT,5m,104532.15976745,104954.59161566,104525.55506793,104829.70470782,114.17314
1739316600000000,BTCUSDT,5m,104829.70470782,104838.65689092,104496.19776977,104522.7058156,102.76524
1739316900000000,BTCUSDT,5m,104522.7058156,104522.71645237,104434.71843951,104455.23677226,40.11119
1739317200000000,BTCUSDT,5m,104455.23677226,104455.23677226,104378.39286416,104407.50105392,11.4174
1739317500000000,BTCUSDT,5m,104407.50105392,104420.91244121,104375.26405262,104400.73575411,14.05057
1739317800000000,BTCUSDT,5m,104400.73575411,104407.32690272,104089.59379417,104261.59296364,386.01125
1739318100000000,BTCUSDT,5m,104261.59296364,104261.60326287,104163.57519618,104216.35874753,31.72413
1739318400000000,BTCUSDT,5m,104216.35874753,104232.59123296,104091.35676121,104182.00878335,37.0623
1739318700000000,BTCUSDT,5m,104182.00878335,104331.34004724,104154.9621696,104331.32930166,134.16119
1739319000000000,BTCUSDT,5m,104331.32930166,104652.47531334,104156.47071433,104248.56502329,536.49184
1739319300000000,BTCUSDT,5m,104248.56502329,104476.37726864,104116.22613736,104414.15999863,149.11812
1739319600000000,BTCUSDT,5m,104414.15999863,104442.34711297,104350.93726573,104410.20522859,57.55586
1739319900000000,BTCUSDT,5m,104410.20522859,104477.47565075,104283.4764333,104458.19507975,45.31105
1739320200000000,BTCUSDT,5m,104458.19507975,104463.77495923,104419.58558403,104462.28290355,23.81333
1739320500000000,BTCUSDT,5m,104462.28290355,104462.28290355,104428.48429621,104428.48429621,7.67709
1739320800000000,BTCUSDT,5m,104428.48429621,104473.38455863,104416.48697797,104465.36309586,13.61458
1739321100000000,BTCUSDT,5m,104465.36309586,104482.00158665,104206.54786223,104223.37214262,119.94866
1739321400000000,BTCUSDT,5m,104223.37214262,104226.37510312,104138.90111087,104184.35408442,50.46815
1739321700000000,BTCUSDT,5m,104184.35408442,104242.0388506,104005.77358128,104016.17525987,110.85403
1739322000000000,BTCUSDT,5m,104016.17525987,104212.74439328,104016.17525987,104091.64532457,127.22178
1739322300000000,BTCUSDT,5m,104091.64532457,104187.51398119,104071.9455846,104173.65764461,9.87063
1739322600000000,BTCUSDT,5m,104173.65764461,104211.81858606,104065.1196487,104172.34830406,82.84459
1739322900000000,BTCUSDT,5m,104172.34830406,104172.34830406,104100.62527406,104162.67138731,21.41279
1739323200000000,BTCUSDT,5m,104162.67138731,104212.38540484,104115.56996831,104137.23854051,19.93921
1739323500000000,BTCUSDT,5m,104137.23854051,104165.08905273,103940.37260948,104040.57528699,76.13225
1739323800000000,BTCUSDT,5m,104040.57528699,104291.48563744,103921.40685349,104207.76682055,286.45703
1739324100000000,BTCUSDT,5m,104207.76682055,104259.87044959,103976.79808906,104008.00091328,41.05647
1739324400000000,BTCUSDT,5m,104008.00091328,104133.47568183,103985.28124686,104003.38954968,32.14229
1739324700000000,BTCUSDT,5m,104003.38954968,104090.40309965,103774.61272499,103828.40796437,495.95381
1739325000000000,BTCUSDT,5m,103828.40796437,103840.3736283,103728.20319921,103834.15557388,61.20392
1739325300000000,BTCUSDT,5m,103834.15557388,103858.85419262,103802.90904846,103840.28757119,18.1463
1739325600000000,BTCUSDT,5m,103840.28757119,103929.97362226,103821.68730049,103929.97362226,19.29962
1739325900000000,BTCUSDT,5m,103929.97362226,103936.63221743,103693.91288957,103787.45803154,37.92865
1739326200000000,BTCUSDT,5m,103787.45803154,103938.44349471,103761.30275037,103934.31051457,49.53636
1739326500000000,BTCUSDT,5m,103934.31051457,103961.23170833,103899.17383769,103911.85756874,13.16518
1739326800000000,BTCUSDT,5m,103911.85756874,103923.10505616,103780.2704227,103820.04889559,75.37614
1739327100000000,BTCUSDT,5m,103820.04889559,103820.05972275,103703.40790943,103721.8357344,32.96849
1739327400000000,BTCUSDT,5m,103721.8357344,103735.14112066,103502.7713324,103677.02343576,74.51223
1739327700000000,BTCUSDT,5m,103677.02343576,103918.70275298,103573.12627599,103589.29613628,240.91388
1739328000000000,BTCUSDT,5m,103589.29613628,103604.16038909,103584.86126285,103593.55064404,6.89293
1739328300000000,BTCUSDT,5m,103593.55064404,103676.93648402,103586.75440728,103673.5006686,16.94633
1739328600000000,BTCUSDT,5m,103673.5006686,103677.71695259,103458.66280739,103475.33532122,92.6748
1739328900000000,BTCUSDT,5m,103475.33532122,103593.07633917,103475.32450242,103560.4143771,22.45217
1739329200000000,BTCUSDT,5m,103560.4143771,103560.42491462,103471.37232696,103528.38031409,33.49802
1739329500000000,BTCUSDT,5m,103528.38031409,103565.50342674,103528.38031409,103565.49334989,61.81548
1739329800000000,BTCUSDT,5m,103565.49334989,103581.6956273,103318.70617941,103534.13963768,92.79177
1739330100000000,BTCUSDT,5m,103534.13963768,103534.14947634,103463.31114995,103470.20804812,24.04264
1739330400000000,BTCUSDT,5m,103470.20804812,103746.33129596,103463.92473495,103651.86751622,157.51865
1739330700000000,BTCUSDT,5m,103651.86751622,103714.75227112,103615.24824709,103693.9430971,22.82961
1739331000000000,BTCUSDT,5m,103693.9430971,103838.23154201,103536.24298472,103637.84228584,296.32966
1739331300000000,BTCUSDT,5m,103637.84228584,103654.64825347,103562.73994896,103585.19785985,21.98313
1739331600000000,BTCUSDT,5m,103585.19785985,103648.60345953,103585.19785985,103597.96630359,39.95955
1739331900000000,BTCUSDT,5m,103597.96630359,103597.96630359,103451.33988744,103551.1411753,52.02774
1739332200000000,BTCUSDT,5m,103551.1411753,103551.15179202,103464.10537012,103473.11895863,65.51737
1739332500000000,BTCUSDT,5m,103473.11895863,103706.1528024,103473.11895863,103604.91590089,107.08074
1739332800000000,BTCUSDT,5m,103604.91590089,103642.8252522,103581.39514052,103642.8252522,21.81568
1739333100000000,BTCUSDT,5m,103642.8252522,103642.83512031,103602.82981377,103614.17813703,9.8808
1739333400000000,BTCUSDT,5m,103614.17813703,103714.64479832,103612.42400817,103620.4994185,32.46139
1739333700000000,BTCUSDT,5m,103620.4994185,103692.96703469,103461.24103508,103670.72950075,76.91058
1739334000000000,BTCUSDT,5m,103670.72950075,103841.29879647,103410.14829131,103695.50415161,122.39772
1739334300000000,BTCUSDT,5m,103695.50415161,103743.48034396,103581.48632358,103672.99266204,159.81586
1739334600000000,BTCUSDT,5m,103672.99266204,103672.99266204,103566.9604081,103661.38463966,104.07661
1739334900000000,BTCUSDT,5m,103661.38463966,103763.47159236,103638.80623179,103638.81653216,79.39559
1739335200000000,BTCUSDT,5m,103638.81653216,103661.84942057,103561.91640473,103561.91640473,32.40679
1739335500000000,BTCUSDT,5m,103561.91640473,103561.92662816,103256.60400651,103266.95011376,151.65664
1739335800000000,BTCUSDT,5m,103266.95011376,103285.5115666,103227.09384345,103237.24331367,25.72952
1739336100000000,BTCUSDT,5m,103237.24331367,103237.24331367,103016.25496151,103128.91464422,69.29396
1739336400000000,BTCUSDT,5m,103128.91464422,103191.97026076,102988.13527736,103084.48712362,150.77957
1739336700000000,BTCUSDT,5m,103084.48712362,103084.49762602,102967.55350092,102979.07462397,33.54973
1739337000000000,BTCUSDT,5m,102979.07462397,103008.50175192,102662.14315082,102676.07861776,159.32629
1739337300000000,BTCUSDT,5m,102676.07861776,102696.15558315,102461.34052192,102573.86764127,79.18323
1739337600000000,BTCUSDT,5m,102573.86764127,102573.87744271,102473.14798178,102511.36381988,39.98499
1739337900000000,BTCUSDT,5m,102511.36381988,102733.6757209,102481.19447737,102713.23038134,180.97428
1739338200000000,BTCUSDT,5m,102713.23038134,102949.35231222,102692.19662238,102853.38843208,81.86509
1739338500000000,BTCUSDT,5m,102853.38843208,102908.65519855,102853.38843208,102899.20779762,25.31848
1739338800000000,BTCUSDT,5m,102899.20779762,103095.37620011,102790.65668992,102876.21817156,194.07944
1739339100000000,BTCUSDT,5m,102876.21817156,102983.61503212,102876.20748105,102983.61503212,6.94323
1739339400000000,BTCUSDT,5m,102983.61503212,103040.06757186,102983.61503212,102994.209228,19.75446
1739339700000000,BTCUSDT,5m,102994.209228,103366.86079684,102925.61501257,103309.50156979,144.2947
1739340000000000,BTCUSDT,5m,103309.50156979,103359.62441857,102912.26388498,103056.92755845,282.61689
1739340300000000,BTCUSDT,5m,103056.92755845,103271.60605986,103046.56086848,103156.38910276,152.40546
1739340600000000,BTCUSDT,5m,103156.38910276,103250.86117307,103156.37900096,103183.05786513,29.79293
1739340900000000,BTCUSDT,5m,103183.05786513,103311.1808746,103183.04713006,103264.89127118,32.32589
1739341200000000,BTCUSDT,5m,103264.89127118,103454.79919572,103264.88069076,103370.84357807,36.74184
1739341500000000,BTCUSDT,5m,103370.84357807,103433.70584722,103295.31271907,103370.93971408,64.38784
1739341800000000,BTCUSDT,5m,103370.93971408,103414.76592113,103219.42190254,103230.7771052,42.63848
1739342100000000,BTCUSDT,5m,103230.7771052,103281.58598681,103050.49803169,103227.83531719,37.53153
1739342400000000,BTCUSDT,5m,103227.83531719,103227.84513511,103143.15574455,103143.16556247,19.10404
1739342700000000,BTCUSDT,5m,103143.16556247,103187.80261787,103118.80239584,103165.07313296,31.74991
1739343000000000,BTCUSDT,5m,103165.07313296,103387.11991807,103072.99066225,103380.42052525,90.55565
1739343300000000,BTCUSDT,5m,103380.42052525,103443.28873113,103351.70952727,103440.99974435,17.41872
1739343600000000,BTCUSDT,5m,103440.99974435,103764.8554956,103429.95908697,103659.25934258,221.98433
1739343900000000,BTCUSDT,5m,103659.25934258,103687.07254347,103599.882132,103628.27808567,20.4776
1739344200000000,BTCUSDT,5m,103628.27808567,103687.87534414,103598.53831528,103598.53831528,25.0335
1739344500000000,BTCUSDT,5m,103598.53831528,103715.22155448,103532.49359284,103603.29658058,117.23619
1739344800000000,BTCUSDT,5m,103603.29658058,103606.34339081,103394.84130837,103399.10684269,39.69246
1739345100000000,BTCUSDT,5m,103399.10684269,103512.23018904,103377.5774708,103419.03307794,43.78379
1739345400000000,BTCUSDT,5m,103419.03307794,103594.00024234,103409.23082027,103575.30489162,203.75119
1739345700000000,BTCUSDT,5m,103575.30489162,103647.12422674,103543.07183924,103600.34138759,74.92004
1739346000000000,BTCUSDT,5m,103600.34138759,103658.06989708,103596.37236744,103658.06989708,9.15511
1739346300000000,BTCUSDT,5m,103658.06989708,103736.87119311,103654.9938295,103711.55030002,67.87014
1739346600000000,BTCUSDT,5m,103711.55030002,103773.04690951,103641.80800365,103773.0370226,22.53625
1739346900000000,BTCUSDT,5m,103773.0370226,103773.0370226,103563.60865578,103626.95178907,46.05636
1739347200000000,BTCUSDT,5m,103626.95178907,103806.10355245,103604.86092707,103720.31452307,87.52291
1739347500000000,BTCUSDT,5m,103720.31452307,103880.37686818,103264.99959747,103406.34935019,264.14077
1739347800000000,BTCUSDT,5m,103406.34935019,103498.9501514,103406.34935019,103426.08641439,24.83472
1739348100000000,BTCUSDT,5m,103426.08641439,103782.2888632,103391.91177192,103640.87543851,159.16014
1739348400000000,BTCUSDT,5m,103640.87543851,103640.87543851,103557.24676813,103557.24676813,28.11838
1739348700000000,BTCUSDT,5m,103557.24676813,103690.54746141,103379.97751677,103419.21115601,218.61135
1739349000000000,BTCUSDT,5m,103419.21115601,103436.37987599,103383.12612887,103415.50415293,14.07539
1739349300000000,BTCUSDT,5m,103415.50415293,103416.49728542,102758.82063023,102925.0183119,219.34352
1739349600000000,BTCUSDT,5m,102925.0183119,102945.79973297,102869.03934038,102880.04250086,38.79208
1739349900000000,BTCUSDT,5m,102880.04250086,102914.80462172,102444.30410956,102658.45687147,205.90388
1739350200000000,BTCUSDT,5m,102658.45687147,102740.72410226,102655.428499,102740.72410226,25.04219
1739350500000000,BTCUSDT,5m,102740.72410226,102837.82317586,102185.7841956,102743.12702747,625.35332
1739350800000000,BTCUSDT,5m,102743.12702747,102875.39325907,102694.39845828,102835.58022868,113.44951
1739351100000000,BTCUSDT,5m,102835.58022868,102865.43758134,102815.98831919,102815.98831919,17.97072
1739351400000000,BTCUSDT,5m,102815.98831919,102815.98831919,102737.09976526,102737.10956386,17.95859
1739351700000000,BTCUSDT,5m,102737.10956386,103000.86423642,102731.11582863,102990.65568232,57.85406
1739352000000000,BTCUSDT,5m,102990.65568232,103195.52389774,102930.8661324,103112.66081168,234.1218
1739352300000000,BTCUSDT,5m,103112.66081168,103373.75585093,103096.36875136,103103.20635181,135.18158
1739352600000000,BTCUSDT,5m,103103.20635181,103117.98401639,103092.66143258,103099.69137873,15.17451
1739352900000000,BTCUSDT,5m,103099.69137873,103099.69137873,103016.25786411,103039.2581659,44.91042
1739353200000000,BTCUSDT,5m,103039.2581659,103139.7515348,103023.38494224,103110.27846451,34.48164
1739353500000000,BTCUSDT,5m,103110.27846451,103269.60450038,103088.80899869,103254.01088836,154.7309
1739353800000000,BTCUSDT,5m,103254.01088836,103270.26128453,103200.99052797,103247.13572075,69.05424
1739354100000000,BTCUSDT,5m,103247.13572075,103392.20558726,103247.12589616,103375.40554177,40.97684
1739354400000000,BTCUSDT,5m,103375.40554177,103544.60910239,103205.78524927,103313.71880558,38.2939
1739354700000000,BTCUSDT,5m,103313.71880558,103338.82139018,103288.41489169,103338.8107939,8.17702
1739355000000000,BTCUSDT,5m,103338.8107939,103338.8107939,103095.02649648,103139.99528223,63.65652
1739355300000000,BTCUSDT,5m,103139.99528223,103207.89651167,102668.91289376,102785.5356293,306.94196
1739355600000000,BTCUSDT,5m,102785.5356293,102804.46506611,102696.61652712,102736.75592677,16.33207
1739355900000000,BTCUSDT,5m,102736.75592677,102759.45683537,102636.9605796,102749.81079611,58.00449
1739356200000000,BTCUSDT,5m,102749.81079611,102789.99365032,102651.63654773,102684.29395538,71.06129
1739356500000000,BTCUSDT,5m,102684.29395538,102709.71812111,102684.29395538,102709.70834258,12.01679
1739356800000000,BTCUSDT,5m,102709.70834258,102746.90981097,102669.64214077,102669.64214077,20.3733
1739357100000000,BTCUSDT,5m,102669.64214077,102758.43245053,102664.07355809,102727.40295275,43.36226
1739357400000000,BTCUSDT,5m,102727.40295275,102727.41271292,102597.74877642,102597.74877642,23.27935
1739357700000000,BTCUSDT,5m,102597.74877642,102597.74877642,102122.31894653,102122.31894653,74.13333
1739358000000000,BTCUSDT,5m,102122.31894653,102156.51021111,102122.30919988,102144.93118536,9.79459
1739358300000000,BTCUSDT,5m,102144.93118536,102189.09176174,102142.5639237,102177.76499852,29.43839
1739358600000000,BTCUSDT,5m,102177.76499852,102362.28234588,102160.22267295,102318.10360314,63.05649
1739358900000000,BTCUSDT,5m,102318.10360314,102363.88684891,102280.13074273,102280.14101955,46.66475
1739359200000000,BTCUSDT,5m,102280.14101955,102426.77873842,102135.72458936,102156.09729092,148.71467
1739359500000000,BTCUSDT,5m,102156.09729092,102198.37955473,102137.72061559,102157.63862462,38.6898
1739359800000000,BTCUSDT,5m,102157.63862462,102219.34127162,101999.56643517,102013.93280139,48.45988
1739360100000000,BTCUSDT,5m,102013.93280139,102096.82815814,101929.39718586,102086.04189944,63.10915
1739360400000000,BTCUSDT,5m,102086.04189944,102580.49745634,102071.01142655,102547.82642842,165.48886
1739360700000000,BTCUSDT,5m,102547.82642842,102622.41019422,102473.82284749,102607.74552138,46.43963
1739361000000000,BTCUSDT,5m,102607.74552138,102694.91276992,102578.2792971,102694.91276992,12.19288
1739361300000000,BTCUSDT,5m,102694.91276992,102975.52795593,102683.07281852,102787.64168501,321.49901
1739361600000000,BTCUSDT,5m,102787.64168501,102822.40726971,102733.37296735,102760.88738723,17.62026
1739361900000000,BTCUSDT,5m,102760.88738723,102760.88738723,102449.27126559,102512.57648672,97.91534
1739362200000000,BTCUSDT,5m,102512.57648672,102515.43192215,102108.6851548,102110.97161048,144.42456
1739362500000000,BTCUSDT,5m,102110.97161048,102236.59602893,101906.13871537,102201.19977296,102.13703
1739362800000000,BTCUSDT,5m,102201.19977296,102248.98899028,102124.61162769,102124.61162769,13.09262
1739363100000000,BTCUSDT,5m,102124.61162769,102148.53644556,102031.39100564,102148.52580758,26.81091
1739363400000000,BTCUSDT,5m,102148.52580758,102366.00635372,102097.15152762,102325.42248338,32.26236
1739363700000000,BTCUSDT,5m,102325.42248338,102426.22123064,102290.44336816,102330.07840656,50.24652
1739364000000000,BTCUSDT,5m,102330.07840656,102418.74791098,102249.66162334,102405.21386821,39.36947
1739364300000000,BTCUSDT,5m,102405.21386821,102469.96912339,102333.78464399,102333.78464399,40.16819
1739364600000000,BTCUSDT,5m,102333.78464399,102481.37792258,102173.09987172,102227.42504921,72.74854
1739364900000000,BTCUSDT,5m,102227.42504921,102897.80787368,102227.42504921,102548.57998817,296.85906
1739365200000000,BTCUSDT,5m,102548.57998817,102570.77935463,102452.20045543,102519.72396659,28.0859
1739365500000000,BTCUSDT,5m,102519.72396659,102519.73449913,102431.70349103,102455.47544428,28.6072
1739365800000000,BTCUSDT,5m,102455.47544428,102546.81511681,102447.38750396,102447.38750396,25.1059
1739366100000000,BTCUSDT,5m,102447.38750396,102631.92156781,102373.12842382,102452.5711573,128.08389
1739366400000000,BTCUSDT,5m,102452.5711573,102513.67686702,102377.86887511,102476.76737793,70.83474
1739366700000000,BTCUSDT,5m,102476.76737793,102595.63664423,102468.17250835,102525.28134654,97.22575
1739367000000000,BTCUSDT,5m,102525.28134654,102606.48840469,102447.61324851,102447.62374987,51.37668
1739367300000000,BTCUSDT,5m,102447.62374987,102526.70354059,102447.62374987,102492.24734606,53.49595
1739367600000000,BTCUSDT,5m,102492.24734606,102739.52121298,102384.33015404,102739.51106466,137.02046
1739367900000000,BTCUSDT,5m,102739.51106466,103029.07697794,102661.70842528,102661.70842528,124.0584
1739368200000000,BTCUSDT,5m,102661.70842528,102758.61300097,102661.70842528,102754.17747001,21.24037
1739368500000000,BTCUSDT,5m,102754.17747001,102810.64331898,102754.16678382,102754.17747001,10.46859
1739368800000000,BTCUSDT,5m,102754.17747001,103388.83320775,102677.68829957,103174.59612958,306.07352
1739369100000000,BTCUSDT,5m,103174.59612958,103274.59576582,102865.96707259,103108.99246335,167.69198
1739369400000000,BTCUSDT,5m,103108.99246335,103147.92362935,103108.06301609,103147.92362935,9.85302
1739369700000000,BTCUSDT,5m,103147.92362935,103290.83294686,103078.11780789,103278.61037309,39.7252
1739370000000000,BTCUSDT,5m,103278.61037309,103522.88446205,103255.65496912,103459.5809992,106.75362
1739370300000000,BTCUSDT,5m,103459.5809992,103469.92028466,103401.23859376,103420.327265,16.00566
1739370600000000,BTCUSDT,5m,103420.327265,103420.33795997,103287.72037382,103411.22584841,55.46304
1739370900000000,BTCUSDT,5m,103411.22584841,103456.91171167,103381.51198383,103397.53708092,45.0958
1739371200000000,BTCUSDT,5m,103397.53708092,103537.6502344,103397.53708092,103535.5762738,59.0702
1739371500000000,BTCUSDT,5m,103535.5762738,103668.11682772,103442.61087426,103664.7765593,59.41342
1739371800000000,BTCUSDT,5m,103664.7765593,103796.3373813,103569.00960393,103639.46133487,80.67138
1739372100000000,BTCUSDT,5m,103639.46133487,103696.3307459,103580.52087134,103603.15451654,26.58633
1739372400000000,BTCUSDT,5m,103603.15451654,103709.2670482,103596.29627548,103642.96709499,45.35822
1739372700000000,BTCUSDT,5m,103642.96709499,103674.30403053,103516.44826952,103586.87011163,49.27918
1739373000000000,BTCUSDT,5m,103586.87011163,103621.47300278,103405.71913693,103506.21069172,97.67725
1739373300000000,BTCUSDT,5m,103506.21069172,103534.09515942,103266.70897086,103288.91783894,60.26154
1739373600000000,BTCUSDT,5m,103288.91783894,103445.92757676,103283.66621772,103413.87895069,99.2705
1739373900000000,BTCUSDT,5m,103413.87895069,103539.38764828,103356.30670806,103531.04793224,75.10999
1739374200000000,BTCUSDT,5m,103531.04793224,104016.24689264,103501.18590978,103934.14938048,221.0747
1739374500000000,BTCUSDT,5m,103934.14938048,104030.23144104,103934.14938048,103999.62231056,22.1884
1739374800000000,BTCUSDT,5m,103999.62231056,104019.22299283,103946.71268072,103979.26853875,19.43577
1739375100000000,BTCUSDT,5m,103979.26853875,103997.27866104,103932.95058853,103981.98417842,28.88238
1739375400000000,BTCUSDT,5m,103981.98417842,103997.812169,103891.1809749,103913.3896242,36.69401
1739375700000000,BTCUSDT,5m,103913.3896242,104037.06911339,103829.89399738,103954.27650039,57.48552
1739376000000000,BTCUSDT,5m,103954.27650039,104037.57945325,103920.19849483,103965.68113354,46.68342
1739376300000000,BTCUSDT,5m,103965.68113354,104057.86217534,103948.76590165,104011.9647262,34.51955
1739376600000000,BTCUSDT,5m,104011.9647262,104075.31891655,103799.47943651,103799.47943651,101.07405
1739376900000000,BTCUSDT,5m,103799.47943651,103851.12922312,103693.56811369,103751.0591162,65.3833
1739377200000000,BTCUSDT,5m,103751.0591162,103753.05912335,103616.73605531,103645.15551176,22.36451
1739377500000000,BTCUSDT,5m,103645.15551176,103825.16248661,103633.31035,103825.15261564,61.17816
1739377800000000,BTCUSDT,5m,103825.15261564,103862.49158146,103717.25165845,103794.40970794,93.47432
1739378100000000,BTCUSDT,5m,103794.40970794,103878.06059612,103712.52364947,103712.52364947,57.38478
1739378400000000,BTCUSDT,5m,103712.52364947,103787.34603269,103712.52364947,103767.81428335,18.70387
1739378700000000,BTCUSDT,5m,103767.81428335,103799.30704631,103767.81428335,103795.53386681,13.82244
1739379000000000,BTCUSDT,5m,103795.53386681,103795.53386681,103745.98019593,103745.99105582,14.04894
1739379300000000,BTCUSDT,5m,103745.99105582,103753.10882768,103675.50881421,103747.42547702,56.28862
1739379600000000,BTCUSDT,5m,103747.42547702,103877.89451829,103643.09140143,103823.26293461,140.22759
1739379900000000,BTCUSDT,5m,103823.26293461,103834.96089606,103717.71611423,103766.63949788,14.39928
1739380200000000,BTCUSDT,5m,103766.63949788,103771.00316499,103593.84694278,103727.26904229,68.57696
1739380500000000,BTCUSDT,5m,103727.26904229,103972.60866313,103727.25916708,103853.57292856,91.74627
1739380800000000,BTCUSDT,5m,103853.57292856,104118.23827941,103853.57292856,104041.78928275,109.51505
1739381100000000,BTCUSDT,5m,104041.78928275,104132.74467032,103570.80777247,103570.81847562,125.63687
1739381400000000,BTCUSDT,5m,103570.81847562,103710.90761602,103498.05764659,103694.11917286,99.69489
1739381700000000,BTCUSDT,5m,103694.11917286,103694.12933467,103522.15075773,103568.26507954,28.88566
1739382000000000,BTCUSDT,5m,103568.26507954,103602.73591422,103558.11598254,103590.97315326,9.7946
1739382300000000,BTCUSDT,5m,103590.97315326,103817.32768431,103561.65261815,103817.32768431,44.54712
1739382600000000,BTCUSDT,5m,103817.32768431,103817.32768431,103730.37512189,103797.55452793,46.32886
1739382900000000,BTCUSDT,5m,103797.55452793,103797.55452793,103709.05604029,103716.83027567,30.20083
1739383200000000,BTCUSDT,5m,103716.83027567,103775.48059718,103664.4004428,103671.87359439,21.70913
1739383500000000,BTCUSDT,5m,103671.87359439,103735.71334749,103653.26670778,103675.97488031,31.20579
1739383800000000,BTCUSDT,5m,103675.97488031,103692.87396215,103552.79911093,103552.8098884,26.51844
1739384100000000,BTCUSDT,5m,103552.8098884,103732.7663398,103552.79998,103670.05604463,21.69915
1739384400000000,BTCUSDT,5m,103670.05604463,103670.05604463,103655.73542528,103655.74620076,32.39464
1739384700000000,BTCUSDT,5m,103655.74620076,103663.59600075,103583.63155474,103641.65322194,24.96558
1739385000000000,BTCUSDT,5m,103641.65322194,103731.76191279,103617.72519983,103713.34642235,31.22478
1739385300000000,BTCUSDT,5m,103713.34642235,103734.38467861,103573.59609978,103573.59609978,69.79807
1739385600000000,BTCUSDT,5m,103573.59609978,103616.6753423,102603.7190161,102891.20599476,643.13818
1739385900000000,BTCUSDT,5m,102891.20599476,102970.5607595,102778.46368194,102946.30138289,44.39532
1739386200000000,BTCUSDT,5m,102946.30138289,102995.18282788,102878.64801657,102950.35356534,23.05228
1739386500000000,BTCUSDT,5m,102950.35356534,103055.54684277,102829.77286081,102844.52531843,177.34954
1739386800000000,BTCUSDT,5m,102844.52531843,102844.53590715,102704.33068823,102704.33068823,36.21908
1739387100000000,BTCUSDT,5m,102704.33068823,102704.33068823,102535.47111078,102663.85724789,85.55104
1739387400000000,BTCUSDT,5m,102663.85724789,102844.61006391,102641.97138788,102840.1109534,69.71582
1739387700000000,BTCUSDT,5m,102840.1109534,103003.91728741,102817.27375921,102999.01438697,34.52558
1739388000000000,BTCUSDT,5m,102999.01438697,103088.71871384,102555.15685938,102615.26204718,131.75626
1739388300000000,BTCUSDT,5m,102615.26204718,102721.14937314,102578.59934407,102713.6702242,17.37232
1739388600000000,BTCUSDT,5m,102713.6702242,102747.13061092,102551.67132782,102551.67132782,41.48329
1739388900000000,BTCUSDT,5m,102551.67132782,102633.14399451,102424.61631261,102605.0340231,43.9847
1739389200000000,BTCUSDT,5m,102605.0340231,102605.0340231,102367.94975114,102367.94975114,130.4585
1739389500000000,BTCUSDT,5m,102367.94975114,102431.34903021,102367.94975114,102431.33842655,13.85436
1739389800000000,BTCUSDT,5m,102431.33842655,102441.3527463,102332.94642429,102334.62421608,22.22643
1739390100000000,BTCUSDT,5m,102334.62421608,102355.37926628,102298.46789188,102311.87852502,14.6733
1739390400000000,BTCUSDT,5m,102311.87852502,102506.6459194,102028.78862004,102495.39161164,291.68188
1739390700000000,BTCUSDT,5m,102495.39161164,102574.92033339,102464.70389836,102497.40513045,25.23282
1739391000000000,BTCUSDT,5m,102497.40513045,102689.27326386,102497.3944971,102624.01640647,55.87874
1739391300000000,BTCUSDT,5m,102624.01640647,102652.14954222,102567.79271254,102591.64680154,26.39474
1739391600000000,BTCUSDT,5m,102591.64680154,102638.4495941,102491.66820604,102627.78889891,44.50406
1739391900000000,BTCUSDT,5m,102627.78889891,102702.38270006,102613.8145529,102619.80508109,45.37261
1739392200000000,BTCUSDT,5m,102619.80508109,102698.20093111,102596.12955571,102657.94187332,63.27735
1739392500000000,BTCUSDT,5m,102657.94187332,102929.84007744,102317.70016617,102397.7821683,371.13218
1739392800000000,BTCUSDT,5m,102397.7821683,102397.7821683,102352.73037495,102370.80364785,22.78149
1739393100000000,BTCUSDT,5m,102370.80364785,102454.5433919,102351.03761672,102423.72042356,53.03127
1739393400000000,BTCUSDT,5m,102423.72042356,102460.38425737,102235.700763,102340.56821214,121.19143
1739393700000000,BTCUSDT,5m,102340.56821214,102351.99934307,102285.71764348,102319.4557201,27.28106
1739394000000000,BTCUSDT,5m,102319.4557201,102556.57619466,102229.70831186,102502.99534521,56.09899
1739394300000000,BTCUSDT,5m,102502.99534521,102637.33313611,102181.09783558,102221.90701567,392.83095
1739394600000000,BTCUSDT,5m,102221.90701567,102283.87797923,101894.45379187,101894.46370088,214.3114
1739394900000000,BTCUSDT,5m,101894.46370088,102222.01000646,101891.97706927,102184.99015358,97.23129
1739395200000000,BTCUSDT,5m,102184.99015358,102200.7232107,102184.97967186,102200.71272899,7.33347
1739395500000000,BTCUSDT,5m,102200.71272899,102226.14415579,102077.52825153,102113.28216063,94.19392
1739395800000000,BTCUSDT,5m,102113.28216063,102147.71858418,102087.66226119,102103.53600302,37.56313
1739396100000000,BTCUSDT,5m,102103.53600302,102349.72840984,102041.31396914,102071.74318699,159.3177
1739396400000000,BTCUSDT,5m,102071.74318699,102441.8988506,102071.73255033,102431.00691383,139.735
1739396700000000,BTCUSDT,5m,102431.00691383,102473.14692998,102397.62984004,102440.82140928,29.46798
1739397000000000,BTCUSDT,5m,102440.82140928,102615.84678148,102440.81091552,102508.79996681,124.13386
1739397300000000,BTCUSDT,5m,102508.79996681,102630.05268845,102441.55736617,102550.36698685,81.06753
1739397600000000,BTCUSDT,5m,102550.36698685,102594.24780211,102548.81836751,102562.95196939,20.22183
1739397900000000,BTCUSDT,5m,102562.95196939,102562.95196939,102542.92434069,102559.99178817,9.94829
1739398200000000,BTCUSDT,5m,102559.99178817,102863.39931407,102486.34938934,102843.679879,214.37939
1739398500000000,BTCUSDT,5m,102843.679879,102851.62258325,102784.0751492,102784.08499146,47.4023
1739398800000000,BTCUSDT,5m,102784.08499146,102815.13489166,102474.92841085,102505.66063881,289.80767
1739399100000000,BTCUSDT,5m,102505.66063881,102645.68178636,102469.70372764,102627.72830779,44.55085
1739399400000000,BTCUSDT,5m,102627.72830779,102932.02522374,102609.33548055,102916.22878657,107.56257
1739399700000000,BTCUSDT,5m,102916.22878657,103008.13722723,102777.52871459,102922.51453819,84.95266
1739400000000000,BTCUSDT,5m,102922.51453819,102922.51453819,102827.77169816,102882.79633019,29.26074
1739400300000000,BTCUSDT,5m,102882.79633019,102928.64113702,102816.71751751,102816.71751751,24.50843
1739400600000000,BTCUSDT,5m,102816.71751751,102867.33257483,102801.69101099,102803.65323521,52.81713
1739400900000000,BTCUSDT,5m,102803.65323521,102853.31517839,102781.12627193,102842.03660499,26.89267
1739401200000000,BTCUSDT,5m,102842.03660499,102973.25147178,102709.87843262,102913.52644962,43.35711
1739401500000000,BTCUSDT,5m,102913.52644962,103217.23261621,102893.23560114,103100.00007665,97.07899
1739401800000000,BTCUSDT,5m,103100.00007665,103105.98154889,103025.94987904,103025.96059853,40.27969
1739402100000000,BTCUSDT,5m,103025.96059853,103025.97077175,102841.99825825,102878.45907933,83.49303
1739402400000000,BTCUSDT,5m,102878.45907933,102883.10812041,102828.36699761,102843.30805378,13.24422
1739402700000000,BTCUSDT,5m,102843.30805378,102905.75655835,102838.82615462,102872.44572119,80.7376
1739403000000000,BTCUSDT,5m,102872.44572119,102935.89451266,102849.59596097,102864.30434839,56.50804
1739403300000000,BTCUSDT,5m,102864.30434839,102914.00027367,102832.24498965,102913.99047557,44.80852
1739403600000000,BTCUSDT,5m,102913.99047557,103003.76093287,102742.64001971,102813.33547204,305.80372
1739403900000000,BTCUSDT,5m,102813.33547204,102826.22622605,102754.84291922,102754.84291922,22.65035
1739404200000000,BTCUSDT,5m,102754.84291922,102812.4248606,102669.29561125,102669.37974925,42.17175
1739404500000000,BTCUSDT,5m,102669.37974925,102669.39056537,102389.66407052,102390.26977324,89.63848
1739404800000000,BTCUSDT,5m,102390.26977324,102483.37979507,102282.81823474,102339.68219144,53.72319
1739405100000000,BTCUSDT,5m,102339.68219144,102388.23229263,102339.68219144,102388.22231521,25.93932
1739405400000000,BTCUSDT,5m,102388.22231521,102410.11741698,102157.06056765,102313.16843269,70.31672
1739405700000000,BTCUSDT,5m,102313.16843269,102330.0125001,102053.79458055,102115.72828516,61.40522
1739406000000000,BTCUSDT,5m,102115.72828516,102115.72828516,102009.33817786,102081.23494351,29.96395
1739406300000000,BTCUSDT,5m,102081.23494351,102106.16411324,101852.20743159,101968.72649756,162.38585
1739406600000000,BTCUSDT,5m,101968.72649756,101996.89183045,101907.29534606,101970.80561123,74.15501
1739406900000000,BTCUSDT,5m,101970.80561123,102121.86841073,101970.80561123,102117.84735676,16.21238
1739407200000000,BTCUSDT,5m,102117.84735676,102254.56593389,102080.50581355,102144.15177909,58.58659
1739407500000000,BTCUSDT,5m,102144.15177909,102215.95136383,102130.5409906,102209.72484157,16.60575
1739407800000000,BTCUSDT,5m,102209.72484157,102427.31228141,101098.96284867,101533.78752845,861.09661
1739408100000000,BTCUSDT,5m,101533.78752845,101642.74424457,101524.40767312,101616.6132341,27.00552
1739408400000000,BTCUSDT,5m,101616.6132341,101649.88478234,101572.42659712,101621.05505421,23.1873
1739408700000000,BTCUSDT,5m,101621.05505421,101827.59426742,101488.70306981,101670.43461496,223.8176
1739409000000000,BTCUSDT,5m,101670.43461496,101822.01577357,101491.96812875,101758.18619146,196.83118
1739409300000000,BTCUSDT,5m,101758.18619146,101758.19588268,101657.56224637,101657.56224637,19.05116
1739409600000000,BTCUSDT,5m,101657.56224637,101724.54944608,101432.8108006,101637.97735947,56.38682
1739409900000000,BTCUSDT,5m,101637.97735947,101726.3684767,101637.15335805,101669.86136743,14.98728
1739410200000000,BTCUSDT,5m,101669.86136743,101669.86136743,101568.64083991,101651.44413278,56.27221
1739410500000000,BTCUSDT,5m,101651.44413278,101738.35127004,101474.8700687,101618.11678819,164.5701
1739410800000000,BTCUSDT,5m,101618.11678819,101745.17402528,101589.78722091,101628.48001272,61.2019
1739411100000000,BTCUSDT,5m,101628.48001272,101705.76402794,101623.7072026,101705.75358416,16.63925
1739411400000000,BTCUSDT,5m,101705.75358416,101811.98307051,101576.88813291,101625.28123319,77.51998
1739411700000000,BTCUSDT,5m,101625.28123319,101625.28123319,101436.18497149,101483.92040376,29.9576
1739412000000000,BTCUSDT,5m,101483.92040376,101483.93095303,101417.87147512,101440.10931917,12.98207
1739412300000000,BTCUSDT,5m,101440.10931917,101440.10931917,101393.41009472,101393.42047463,4.87144
1739412600000000,BTCUSDT,5m,101393.42047463,101473.92285149,101336.64679046,101467.47310616,47.91018
1739412900000000,BTCUSDT,5m,101467.47310616,101527.58933114,101409.1097731,101484.48412543,56.88288
1739413200000000,BTCUSDT,5m,101484.48412543,101544.52384107,101478.32755511,101490.06187289,25.79437
1739413500000000,BTCUSDT,5m,101490.06187289,101491.49322409,101383.86824364,101437.16502645,22.33913
1739413800000000,BTCUSDT,5m,101437.16502645,101506.96350643,101437.15462894,101494.91279314,15.51075
1739414100000000,BTCUSDT,5m,101494.91279314,101691.803854,101446.92541873,101680.9616056,110.42497
1739414400000000,BTCUSDT,5m,101680.9616056,101826.56625638,101656.87748399,101751.86501059,78.00252
1739414700000000,BTCUSDT,5m,101751.86501059,101851.27775227,101607.96715551,101765.78836376,103.26615
1739415000000000,BTCUSDT,5m,101765.78836376,101830.98655912,101753.30227464,101796.77467493,63.28316
1739415300000000,BTCUSDT,5m,101796.77467493,101846.34976337,101750.1992893,101806.72368925,72.38364
1739415600000000,BTCUSDT,5m,101806.72368925,101806.73421428,101703.504717,101741.65795187,20.49621
1739415900000000,BTCUSDT,5m,101741.65795187,101849.04189352,101621.45434126,101681.19748277,146.22794
1739416200000000,BTCUSDT,5m,101681.19748277,101896.27489041,101590.65020997,101795.38958462,157.08053
1739416500000000,BTCUSDT,5m,101795.38958462,101920.91927937,101795.37898155,101896.00207499,21.74258
1739416800000000,BTCUSDT,5m,101896.00207499,101906.55607706,101701.27286067,101701.28336217,53.7496
1739417100000000,BTCUSDT,5m,101701.28336217,101701.28336217,101685.44956972,101697.173669,5.74469
1739417400000000,BTCUSDT,5m,101697.173669,101697.18411308,101646.03948375,101646.03948375,11.75508
1739417700000000,BTCUSDT,5m,101646.03948375,101695.02754587,101638.36061284,101651.55573386,24.31689
1739418000000000,BTCUSDT,5m,101651.55573386,101660.44723176,101488.82156347,101498.48365785,43.40429
1739418300000000,BTCUSDT,5m,101498.48365785,101541.66990104,101440.4892161,101540.65008132,26.47066
1739418600000000,BTCUSDT,5m,101540.65008132,101693.35168498,101423.21790451,101493.72692786,149.08846
1739418900000000,BTCUSDT,5m,101493.72692786,101655.88019636,101470.09167181,101619.48253541,49.88321
1739419200000000,BTCUSDT,5m,101619.48253541,101655.810715,101276.7906848,101398.76945747,71.04507
1739419500000000,BTCUSDT,5m,101398.76945747,101420.62205566,101112.86553943,101173.70404471,141.6584
1739419800000000,BTCUSDT,5m,101173.70404471,101200.23355742,101081.58503979,101190.69307555,51.60995
1739420100000000,BTCUSDT,5m,101190.69307555,101594.94069865,101190.69307555,101592.40436186,97.53761
1739420400000000,BTCUSDT,5m,101592.40436186,101696.83255118,101566.82612984,101614.69675114,102.39689
1739420700000000,BTCUSDT,5m,101614.69675114,101779.44349277,101614.69675114,101711.46276837,32.42525
1739421000000000,BTCUSDT,5m,101711.46276837,101796.33680747,101711.46276837,101781.60209538,15.04515
1739421300000000,BTCUSDT,5m,101781.60209538,101875.20804508,101778.23550972,101859.98937865,24.83932
1739421600000000,BTCUSDT,5m,101859.98937865,102045.12642763,101859.97884214,101995.4889205,174.92387
1739421900000000,BTCUSDT,5m,101995.4889205,101999.89909406,101970.43289019,101971.62324677,10.29527
1739422200000000,BTCUSDT,5m,101971.62324677,101971.62324677,101882.14363684,101906.74294323,42.01592
1739422500000000,BTCUSDT,5m,101906.74294323,101914.81926848,101838.87421795,101914.81926848,20.88571
1739422800000000,BTCUSDT,5m,101914.81926848,101922.65483704,101740.98014805,101775.42651292,93.52644
1739423100000000,BTCUSDT,5m,101775.42651292,101821.46601517,101554.15406554,101555.07590313,73.8915
1739423400000000,BTCUSDT,5m,101555.07590313,101686.90659026,101527.55162894,101686.90659026,42.04995
1739423700000000,BTCUSDT,5m,101686.90659026,101892.54989734,101453.37299325,101572.63973291,405.11783
1739424000000000,BTCUSDT,5m,101572.63973291,101761.35442093,101513.68201497,101553.42457841,89.81456
1739424300000000,BTCUSDT,5m,101553.42457841,101836.81460148,101553.42457841,101808.60958041,190.59565
1739424600000000,BTCUSDT,5m,101808.60958041,101845.60705324,101784.85165586,101788.11706223,51.01255
1739424900000000,BTCUSDT,5m,101788.11706223,101841.72283531,101605.81727961,101800.57541162,100.08366
1739425200000000,BTCUSDT,5m,101800.57541162,101974.61584089,101786.36824747,101943.07401516,79.19809
1739425500000000,BTCUSDT,5m,101943.07401516,102035.940202,101906.55360461,102035.940202,42.80999
1739425800000000,BTCUSDT,5m,102035.940202,102082.89625356,102015.14309266,102082.89625356,12.82642
1739426100000000,BTCUSDT,5m,102082.89625356,102273.86569776,102030.01767797,102269.80509068,82.01911
1739426400000000,BTCUSDT,5m,102269.80509068,102341.22548614,102269.80509068,102341.22548614,11.2913
1739426700000000,BTCUSDT,5m,102341.22548614,102468.88117064,102150.28896323,102350.93212321,198.76214
1739427000000000,BTCUSDT,5m,102350.93212321,102480.42729838,102181.4974961,102410.95814527,71.10741
1739427300000000,BTCUSDT,5m,102410.95814527,102510.52305463,102394.13791535,102438.19412816,73.82603
1739427600000000,BTCUSDT,5m,102438.19412816,102438.20416906,102393.98406777,102428.22351949,17.25105
1739427900000000,BTCUSDT,5m,102428.22351949,102475.49725896,102375.42580144,102404.75194255,23.13779
1739428200000000,BTCUSDT,5m,102404.75194255,102441.76458197,102394.41349019,102409.48509183,24.95419
1739428500000000,BTCUSDT,5m,102409.48509183,102521.40094958,102401.65601927,102477.41751374,60.52121
1739428800000000,BTCUSDT,5m,102477.41751374,102477.42727267,102369.07388707,102383.595173,40.5812
1739429100000000,BTCUSDT,5m,102383.595173,102411.83203953,101957.4137714,102024.67557085,319.52954
1739429400000000,BTCUSDT,5m,102024.67557085,102082.50597333,102024.66579725,102082.50597333,21.71344
1739429700000000,BTCUSDT,5m,102082.50597333,102160.30044047,101994.34564602,102108.67320318,54.32925
1739430000000000,BTCUSDT,5m,102108.67320318,102221.75164104,101997.70066284,102009.77860444,81.59324
1739430300000000,BTCUSDT,5m,102009.77860444,102009.77860444,101869.39321298,101884.51033956,43.27623
1739430600000000,BTCUSDT,5m,101884.51033956,101951.85413604,101884.51033956,101943.96941483,10.22512
1739430900000000,BTCUSDT,5m,101943.96941483,101943.96941483,101190.73078727,101359.08137919,445.21461
1739431200000000,BTCUSDT,5m,101359.08137919,101479.2040463,101359.08137919,101426.76555982,39.0152
1739431500000000,BTCUSDT,5m,101426.76555982,101552.26784758,101328.19397131,101368.60570797,97.20201
1739431800000000,BTCUSDT,5m,101368.60570797,101420.42880891,101368.59531007,101420.42880891,9.51681
1739432100000000,BTCUSDT,5m,101420.42880891,101499.49999853,101230.28043112,101239.80192889,123.51573
1739432400000000,BTCUSDT,5m,101239.80192889,101344.66947327,101235.45964894,101344.66947327,16.10838
1739432700000000,BTCUSDT,5m,101344.66947327,101663.65516414,101337.0536439,101663.65516414,124.73983
1739433000000000,BTCUSDT,5m,101663.65516414,101764.05600231,101526.86697784,101538.40273182,175.85359
1739433300000000,BTCUSDT,5m,101538.40273182,101775.72455688,101512.1723739,101609.19566092,482.22759
1739433600000000,BTCUSDT,5m,101609.19566092,101646.39083647,101590.4027536,101610.08251722,35.63048
1739433900000000,BTCUSDT,5m,101610.08251722,101691.8302583,101544.77231116,101629.39962042,84.29953
1739434200000000,BTCUSDT,5m,101629.39962042,101823.22171496,101587.93002388,101731.73046693,82.67348
1739434500000000,BTCUSDT,5m,101731.73046693,101821.82102665,101726.53068063,101726.53068063,31.03789
1739434800000000,BTCUSDT,5m,101726.53068063,101726.54111668,101592.22925521,101620.14566775,22.64888
1739435100000000,BTCUSDT,5m,101620.14566775,101862.29809198,101620.13524362,101794.5204311,44.99806
1739435400000000,BTCUSDT,5m,101794.5204311,101794.5204311,101722.75610898,101732.11751455,23.18599
1739435700000000,BTCUSDT,5m,101732.11751455,102274.36466053,101702.70697347,102211.8996113,145.43145
1739436000000000,BTCUSDT,5m,102211.8996113,102229.76702835,101966.38015476,101982.59219248,37.42901
1739436300000000,BTCUSDT,5m,101982.59219248,102098.33177137,101945.85065198,102073.03536447,52.21626
1739436600000000,BTCUSDT,5m,102073.03536447,102146.43400671,102045.64299118,102146.43400671,41.07847
1739436900000000,BTCUSDT,5m,102146.43400671,102146.44457956,102013.40645656,102041.59366438,81.45662
1739437200000000,BTCUSDT,5m,102041.59366438,102256.72832402,102041.59366438,102256.7182219,76.12331
1739437500000000,BTCUSDT,5m,102256.7182219,102302.33930683,102055.74911329,102087.59102687,30.40924
1739437800000000,BTCUSDT,5m,102087.59102687,102181.29232069,102038.238748,102057.38303603,56.69367
1739438100000000,BTCUSDT,5m,102057.38303603,102057.39364321,102010.20227108,102010.48866511,23.89284
1739438400000000,BTCUSDT,5m,102010.48866511,102261.96202786,101933.12813158,102222.85840526,109.4564
1739438700000000,BTCUSDT,5m,102222.85840526,102667.38327413,102126.96148482,102628.70069013,118.4559
1739439000000000,BTCUSDT,5m,102628.70069013,102661.66884461,102570.19412257,102577.0946801,28.94246
1739439300000000,BTCUSDT,5m,102577.0946801,102590.82512673,102438.74527872,102492.04741592,73.17491
1739439600000000,BTCUSDT,5m,102492.04741592,102492.04741592,102310.32354242,102378.28767112,69.05113
1739439900000000,BTCUSDT,5m,102378.28767112,102695.49845241,102359.65493101,102688.57983293,85.77404
1739440200000000,BTCUSDT,5m,102688.57983293,102731.08551004,102566.14860738,102583.89867259,18.46214
1739440500000000,BTCUSDT,5m,102583.89867259,102583.89867259,102504.28525401,102551.45065378,12.22573
1739440800000000,BTCUSDT,5m,102551.45065378,102575.63411181,102515.39840467,102539.10413855,20.41059
1739441100000000,BTCUSDT,5m,102539.10413855,102654.91474485,102539.10413855,102586.182926,71.50897
1739441400000000,BTCUSDT,5m,102586.182926,102619.91370433,102499.91242463,102499.92304516,20.34459
1739441700000000,BTCUSDT,5m,102499.92304516,102745.0528037,102479.84561201,102615.14734038,56.10105
1739442000000000,BTCUSDT,5m,102615.14734038,102829.30982779,102549.16365144,102677.83081032,217.49546
1739442300000000,BTCUSDT,5m,102677.83081032,102689.88285778,102526.90859328,102594.09020676,41.98089
1739442600000000,BTCUSDT,5m,102594.09020676,102666.78616872,102464.20135247,102625.21363195,27.72416
1739442900000000,BTCUSDT,5m,102625.21363195,102909.25705877,102625.20355341,102819.61854484,75.69055
1739443200000000,BTCUSDT,5m,102819.61854484,102981.15174565,102819.6078699,102911.7646319,53.8609
1739443500000000,BTCUSDT,5m,102911.7646319,102911.7646319,102564.71278954,102788.07562356,271.29623
1739443800000000,BTCUSDT,5m,102788.07562356,102837.15758116,102787.86157229,102807.1368897,23.30382
1739444100000000,BTCUSDT,5m,102807.1368897,102972.68606113,102807.1368897,102911.35155629,108.02208
1739444400000000,BTCUSDT,5m,102911.35155629,102917.6306998,102863.60655555,102917.6306998,17.67352
1739444700000000,BTCUSDT,5m,102917.6306998,102917.64140829,102780.08015494,102861.4646735,30.72298
1739445000000000,BTCUSDT,5m,102861.4646735,102935.77075794,102568.39273456,102609.21737154,219.78027
1739445300000000,BTCUSDT,5m,102609.21737154,102609.22789035,102523.28924496,102523.29976376,31.82381
1739445600000000,BTCUSDT,5m,102523.29976376,102632.59552198,102472.3514317,102480.79475279,32.19519
1739445900000000,BTCUSDT,5m,102480.79475279,102564.65430321,102158.35640642,102346.60269812,308.46147
1739446200000000,BTCUSDT,5m,102346.60269812,102366.47454485,102250.51284114,102256.75341038,38.30965
1739446500000000,BTCUSDT,5m,102256.75341038,102266.76853583,102236.62857801,102266.75802678,8.93097
1739446800000000,BTCUSDT,5m,102266.75802678,102320.27578556,102197.57550389,102314.97678854,96.27488
1739447100000000,BTCUSDT,5m,102314.97678854,102379.13246881,102311.40086358,102379.13246881,16.32015
1739447400000000,BTCUSDT,5m,102379.13246881,102515.34208126,102353.43652995,102469.72751216,74.76283
1739447700000000,BTCUSDT,5m,102469.72751216,102577.58357671,102338.6035062,102525.86439525,80.19703
1739448000000000,BTCUSDT,5m,102525.86439525,102871.57068946,102144.01631983,102647.30331935,482.17356
1739448300000000,BTCUSDT,5m,102647.30331935,102699.94176783,102138.91668696,102174.62129437,194.99549
1739448600000000,BTCUSDT,5m,102174.62129437,102214.18976511,101875.43266634,101932.14263802,226.2107
1739448900000000,BTCUSDT,5m,101932.14263802,101961.91572518,101877.88414736,101906.70150388,12.20188
1739449200000000,BTCUSDT,5m,101906.70150388,101953.30543607,101835.1315592,101877.85448859,61.68511
1739449500000000,BTCUSDT,5m,101877.85448859,101970.17088197,101877.85448859,101931.23263823,22.40331
1739449800000000,BTCUSDT,5m,101931.23263823,101955.70362649,101850.93689855,101857.20567053,30.78809
1739450100000000,BTCUSDT,5m,101857.20567053,101857.21615572,101832.19848423,101832.20896942,10.78577
1739450400000000,BTCUSDT,5m,101832.20896942,101832.20896942,101786.75615544,101806.74361771,22.68111
1739450700000000,BTCUSDT,5m,101806.74361771,101865.25604838,101767.76359235,101768.25110762,25.10366
1739451000000000,BTCUSDT,5m,101768.25110762,101768.25110762,101619.89829027,101644.50031598,71.49809
1739451300000000,BTCUSDT,5m,101644.50031598,101662.44824745,101613.85287925,101648.72645838,18.51991
1739451600000000,BTCUSDT,5m,101648.72645838,101648.72645838,101538.84514152,101567.77753286,27.91493
1739451900000000,BTCUSDT,5m,101567.77753286,101601.69207695,101410.27839011,101497.527468,69.31725
1739452200000000,BTCUSDT,5m,101497.527468,101497.527468,101394.51817633,101426.24991679,33.92354
1739452500000000,BTCUSDT,5m,101426.24991679,101448.71676041,101343.39480123,101386.80965883,48.44096
1739452800000000,BTCUSDT,5m,101386.80965883,101426.82657638,101370.1183919,101424.98369202,40.74777
1739453100000000,BTCUSDT,5m,101424.98369202,101517.45503721,101154.08285557,101202.97205372,107.46572
1739453400000000,BTCUSDT,5m,101202.97205372,101690.57187328,101036.96731275,101677.24101278,376.28338
1739453700000000,BTCUSDT,5m,101677.24101278,101751.54671309,101657.26141355,101696.86043897,39.51596
1739454000000000,BTCUSDT,5m,101696.86043897,101789.83050693,101670.30955603,101782.18007465,29.83314
1739454300000000,BTCUSDT,5m,101782.18007465,101782.18007465,101637.57990534,101657.01563925,110.84643
1739454600000000,BTCUSDT,5m,101657.01563925,101680.59079573,101581.35313031,101581.35313031,35.50119
1739454900000000,BTCUSDT,5m,101581.35313031,101739.36842687,101480.54860363,101622.04965028,126.58414
1739455200000000,BTCUSDT,5m,101622.04965028,101627.98999269,101521.17989277,101548.20159245,28.95486
1739455500000000,BTCUSDT,5m,101548.20159245,101622.60433727,101369.61515092,101513.49685651,169.5021
1739455800000000,BTCUSDT,5m,101513.49685651,101529.73336392,101332.15646243,101337.10699524,67.28931
1739456100000000,BTCUSDT,5m,101337.10699524,101354.56506455,101199.84134013,101251.85624154,40.64946
1739456400000000,BTCUSDT,5m,101251.85624154,101252.16453955,101235.42973859,101252.15490523,11.32387
1739456700000000,BTCUSDT,5m,101252.15490523,101252.15490523,101199.96916989,101199.97969333,17.65338
1739457000000000,BTCUSDT,5m,101199.97969333,101303.39147491,101178.39448972,101303.39147491,45.41784
1739457300000000,BTCUSDT,5m,101303.39147491,101315.08309343,101250.7634063,101292.8784894,14.17896
1739457600000000,BTCUSDT,5m,101292.8784894,101316.64402329,101159.82071099,101176.13734619,47.24392
1739457900000000,BTCUSDT,5m,101176.13734619,101213.70305817,101176.13734619,101178.50320429,23.84465
1739458200000000,BTCUSDT,5m,101178.50320429,101201.39257808,101002.85925793,101071.43808396,80.14668
1739458500000000,BTCUSDT,5m,101071.43808396,101156.09685628,100795.78714339,100847.81036075,129.35736
1739458800000000,BTCUSDT,5m,100847.81036075,100847.81036075,100606.05436161,100729.63870046,77.55698
1739459100000000,BTCUSDT,5m,100729.63870046,100882.25542253,100676.48828629,100862.1280734,34.45519
1739459400000000,BTCUSDT,5m,100862.1280734,100893.85629961,100489.16018398,100705.31599369,158.11495
1739459700000000,BTCUSDT,5m,100705.31599369,100776.20999666,100705.30545183,100755.90637588,28.59603
1739460000000000,BTCUSDT,5m,100755.90637588,100755.90637588,100250.78547877,100351.29974722,415.12308
1739460300000000,BTCUSDT,5m,100351.29974722,100500.8154456,100233.92643466,100274.0285617,127.20337
1739460600000000,BTCUSDT,5m,100274.0285617,100361.93298202,100205.9703822,100264.4661048,106.47406
1739460900000000,BTCUSDT,5m,100264.4661048,100331.35193811,100259.94582651,100267.97620803,47.39882
1739461200000000,BTCUSDT,5m,100267.97620803,100369.53464215,100254.91737198,100316.90825325,62.21179
1739461500000000,BTCUSDT,5m,100316.90825325,100457.84458689,100278.59880226,100446.28985123,73.71363
1739461800000000,BTCUSDT,5m,100446.28985123,100464.38205534,100406.49657479,100409.29177246,8.94288
1739462100000000,BTCUSDT,5m,100409.29177246,100427.93680126,100351.73020483,100384.32925253,23.44154
1739462400000000,BTCUSDT,5m,100384.32925253,100398.45863534,100306.10688551,100356.30311094,46.32698
1739462700000000,BTCUSDT,5m,100356.30311094,100374.94285,100076.81098346,100117.9785053,189.84472
1739463000000000,BTCUSDT,5m,100117.9785053,100137.32949638,100117.9785053,100137.31996856,19.53161
1739463300000000,BTCUSDT,5m,100137.31996856,100202.80704826,99981.4231945,100141.63426982,47.67876
1739463600000000,BTCUSDT,5m,100141.63426982,100230.20343446,99999.23598947,100026.63803693,49.3885
1739463900000000,BTCUSDT,5m,100026.63803693,100100.9378634,99993.52097524,100100.9378634,31.24202
1739464200000000,BTCUSDT,5m,100100.9378634,100138.05594046,100076.24799274,100138.04553157,21.49745
1739464500000000,BTCUSDT,5m,100138.04553157,100292.66523443,100103.41121203,100266.94158652,27.482
1739464800000000,BTCUSDT,5m,100266.94158652,100334.22602841,100255.54837432,100334.21579192,23.61046
1739465100000000,BTCUSDT,5m,100334.21579192,100492.4971662,100334.21579192,100391.29041492,79.08324
1739465400000000,BTCUSDT,5m,100391.29041492,100412.03223762,100257.65765491,100257.68867459,45.92234
1739465700000000,BTCUSDT,5m,100257.68867459,100318.99927335,100257.67912465,100318.98972341,13.13251
1739466000000000,BTCUSDT,5m,100318.98972341,100456.65745819,100292.80021859,100345.24022863,81.37739
1739466300000000,BTCUSDT,5m,100345.24022863,100364.32394649,100097.54903845,100145.02840879,110.672
1739466600000000,BTCUSDT,5m,100145.02840879,100495.05668318,100145.01851539,100480.0582981,114.66887
1739466900000000,BTCUSDT,5m,100480.0582981,100485.1315408,100445.77017505,100475.00563651,15.8558
1739467200000000,BTCUSDT,5m,100475.00563651,100519.97924552,100441.3757943,100484.00241707,21.57711
1739467500000000,BTCUSDT,5m,100484.00241707,100595.50255717,100484.00241707,100551.98528658,44.26799
1739467800000000,BTCUSDT,5m,100551.98528658,100734.67792606,100445.2008689,100538.25687912,107.76897
1739468100000000,BTCUSDT,5m,100538.25687912,100580.99723339,100251.25843863,100251.48125564,213.92215
1739468400000000,BTCUSDT,5m,100251.48125564,100408.84322155,100035.35133195,100069.11556304,242.65024
1739468700000000,BTCUSDT,5m,100069.11556304,100147.58532925,100054.55689968,100125.58398315,24.33716
1739469000000000,BTCUSDT,5m,100125.58398315,100127.86047896,100037.4233651,100037.4233651,19.4407
1739469300000000,BTCUSDT,5m,100037.4233651,100155.233419,100037.4233651,100129.76589698,21.22753
1739469600000000,BTCUSDT,5m,100129.76589698,100129.77630641,100037.3196998,100054.33912693,53.54594
1739469900000000,BTCUSDT,5m,100054.33912693,100273.07560862,99945.73527133,100232.61414965,185.32469
1739470200000000,BTCUSDT,5m,100232.61414965,100376.97532016,100175.11186284,100324.68519815,82.46573
1739470500000000,BTCUSDT,5m,100324.68519815,100706.20506442,100237.15860823,100678.32464334,152.43905
1739470800000000,BTCUSDT,5m,100678.32464334,100866.93113703,100629.91652504,100866.93113703,58.84177
1739471100000000,BTCUSDT,5m,100866.93113703,100902.4611851,100664.4799681,100898.417445,217.38925
1739471400000000,BTCUSDT,5m,100898.417445,100917.96918344,100746.81505958,100853.12209129,61.48363
1739471700000000,BTCUSDT,5m,100853.12209129,101029.41463941,100741.32632281,100985.91374925,209.95726
1739472000000000,BTCUSDT,5m,100985.91374925,101035.29311149,100949.11471625,100949.11471625,28.18312
1739472300000000,BTCUSDT,5m,100949.11471625,101050.56826127,100949.10420729,101033.18643369,26.82499
1739472600000000,BTCUSDT,5m,101033.18643369,101121.32577995,101033.17600177,101098.07301598,36.21472
1739472900000000,BTCUSDT,5m,101098.07301598,101266.27957676,101097.69248206,101236.37595327,40.64179
1739473200000000,BTCUSDT,5m,101236.37595327,101283.1482197,101228.10436388,101240.16494166,20.04044
1739473500000000,BTCUSDT,5m,101240.16494166,101245.07110263,101055.37280581,101160.07384199,37.69971
1739473800000000,BTCUSDT,5m,101160.07384199,101304.42042242,101079.14947622,101101.7094002,52.35274
1739474100000000,BTCUSDT,5m,101101.7094002,101126.98010163,100976.49842375,101062.0324255,20.92129
1739474400000000,BTCUSDT,5m,101062.0324255,101115.17278828,101062.0324255,101100.2512421,8.9608
1739474700000000,BTCUSDT,5m,101100.2512421,101137.28271749,100812.80031927,100850.21176266,172.89642
1739475000000000,BTCUSDT,5m,100850.21176266,100984.16158795,100710.54450429,100911.33091724,118.1822
1739475300000000,BTCUSDT,5m,100911.33091724,101015.63270206,100842.89719526,100953.54334554,35.97616
1739475600000000,BTCUSDT,5m,100953.54334554,101009.34922106,100731.20006232,100816.12564872,102.277
1739475900000000,BTCUSDT,5m,100816.12564872,100889.3715017,100780.3483111,100799.30840928,52.51766
1739476200000000,BTCUSDT,5m,100799.30840928,100899.27157021,100754.68767483,100831.30972186,48.11209
1739476500000000,BTCUSDT,5m,100831.30972186,101203.91200168,100819.72239255,101175.72900891,77.90167
1739476800000000,BTCUSDT,5m,101175.72900891,101656.35357205,101175.72900891,101640.22101702,116.80799
1739477100000000,BTCUSDT,5m,101640.22101702,101668.8110061,101506.25248271,101571.15948495,99.76298
1739477400000000,BTCUSDT,5m,101571.15948495,101571.15948495,101068.30608061,101110.61515345,186.236
1739477700000000,BTCUSDT,5m,101110.61515345,101170.69937052,100923.26433281,100955.04779082,75.78175
1739478000000000,BTCUSDT,5m,100955.04779082,101006.25664203,100885.94248773,101006.25664203,80.1233
1739478300000000,BTCUSDT,5m,101006.25664203,101010.16046732,100571.48772498,100944.52805888,170.06098
1739478600000000,BTCUSDT,5m,100944.52805888,100946.21187775,100837.52993982,100866.53800508,84.89513
1739478900000000,BTCUSDT,5m,100866.53800508,100982.04595863,100851.04583465,100964.8533008,64.35193
1739479200000000,BTCUSDT,5m,100964.8533008,101049.64042597,100933.35103271,101012.66361429,42.73959
1739479500000000,BTCUSDT,5m,101012.66361429,101079.35710786,100997.27931032,101064.09959761,37.17217
1739479800000000,BTCUSDT,5m,101064.09959761,101146.0361931,100923.5778197,100923.58815219,51.1816
1739480100000000,BTCUSDT,5m,100923.58815219,100950.01177866,100893.76529511,100921.11318368,34.94157
1739480400000000,BTCUSDT,5m,100921.11318368,100974.02865843,100833.47225178,100833.4825929,34.77332
1739480700000000,BTCUSDT,5m,100833.4825929,100938.62854947,100774.67612949,100808.54865241,74.64052
1739481000000000,BTCUSDT,5m,100808.54865241,100940.09975973,100780.20277314,100854.85028439,81.82749
1739481300000000,BTCUSDT,5m,100854.85028439,101364.5733667,100789.78946463,101242.29456341,201.5466
1739481600000000,BTCUSDT,5m,101242.29456341,101442.69122558,101242.28432184,101436.3004903,150.876
1739481900000000,BTCUSDT,5m,101436.3004903,101460.1039727,101427.89740991,101427.89740991,20.27196
1739482200000000,BTCUSDT,5m,101427.89740991,101475.94525339,101247.55402911,101337.94786938,166.08564
1739482500000000,BTCUSDT,5m,101337.94786938,101345.57942767,100977.36159487,100995.49868251,154.0902
1739482800000000,BTCUSDT,5m,100995.49868251,101010.21418497,100946.19138623,100958.81355665,21.28329
1739483100000000,BTCUSDT,5m,100958.81355665,100968.08113426,100817.24975366,100945.44087755,51.93388
1739483400000000,BTCUSDT,5m,100945.44087755,100957.06588775,100796.07961067,100884.57203529,32.78205
1739483700000000,BTCUSDT,5m,100884.57203529,100932.41850384,100866.77363413,100877.52746652,27.20969
1739484000000000,BTCUSDT,5m,100877.52746652,100973.83840902,100877.51758746,100931.90180517,30.94736
1739484300000000,BTCUSDT,5m,100931.90180517,101015.57523024,100829.93584092,101005.87538354,60.05997
1739484600000000,BTCUSDT,5m,101005.87538354,101389.53813963,100976.49509916,101284.56092495,121.81015
1739484900000000,BTCUSDT,5m,101284.56092495,101302.52347813,101263.54891507,101297.32269239,19.34794
1739485200000000,BTCUSDT,5m,101297.32269239,101308.78494582,101270.95743676,101294.37940127,26.57819
1739485500000000,BTCUSDT,5m,101294.37940127,101386.69335713,101065.61948985,101200.25966586,168.63709
1739485800000000,BTCUSDT,5m,101200.25966586,101493.00571416,100777.94350544,100932.75017509,297.08645
1739486100000000,BTCUSDT,5m,100932.75017509,100975.69265281,100641.38038713,100925.05556794,136.59753
1739486400000000,BTCUSDT,5m,100925.05556794,101163.29027289,100894.71469035,101087.36709424,47.724
1739486700000000,BTCUSDT,5m,101087.36709424,101274.70226931,101017.94989735,101220.10389141,66.1959
1739487000000000,BTCUSDT,5m,101220.10389141,101259.20356156,101220.10389141,101259.19315164,22.38684
1739487300000000,BTCUSDT,5m,101259.19315164,101333.60068006,101185.90875572,101289.91290551,165.93836
1739487600000000,BTCUSDT,5m,101289.91290551,101398.31963571,101289.53948265,101363.45646279,39.8979
1739487900000000,BTCUSDT,5m,101363.45646279,101674.41796617,101363.4468071,101611.40493183,271.54223
1739488200000000,BTCUSDT,5m,101611.40493183,101678.0816407,101611.39525591,101626.63481715,24.97125
1739488500000000,BTCUSDT,5m,101626.63481715,101764.79473249,101625.03374657,101625.04414313,43.43486
1739488800000000,BTCUSDT,5m,101625.04414313,101744.69631309,101541.21649417,101541.22610633,75.96168
1739489100000000,BTCUSDT,5m,101541.22610633,101655.73731166,101377.37496363,101616.70129695,155.02516
1739489400000000,BTCUSDT,5m,101616.70129695,101616.70129695,101536.07955629,101546.46265926,16.58301
1739489700000000,BTCUSDT,5m,101546.46265926,101568.81276475,101418.69455616,101539.8300585,47.22596
1739490000000000,BTCUSDT,5m,101539.8300585,101624.24966569,101346.42844166,101541.79584496,71.4261
1739490300000000,BTCUSDT,5m,101541.79584496,101711.22821223,101040.64670209,101140.63892538,265.55103
1739490600000000,BTCUSDT,5m,101140.63892538,101222.98161005,100737.26747699,100861.64737989,518.24473
1739490900000000,BTCUSDT,5m,100861.64737989,100861.64737989,100700.29136137,100716.98997384,53.7015
1739491200000000,BTCUSDT,5m,100716.98997384,100801.04069657,100660.09839279,100778.53209285,56.02407
1739491500000000,BTCUSDT,5m,100778.53209285,100938.39346995,100770.00774607,100938.39346995,45.42174
1739491800000000,BTCUSDT,5m,100938.39346995,100941.94453666,100515.36126617,100562.58741835,112.73684
1739492100000000,BTCUSDT,5m,100562.58741835,100566.85116838,100408.85146805,100466.18685858,54.56653
1739492400000000,BTCUSDT,5m,100466.18685858,100506.37333745,100466.18685858,100483.43915156,19.80569
1739492700000000,BTCUSDT,5m,100483.43915156,100574.48189443,100417.31148471,100525.51560551,43.94205
1739493000000000,BTCUSDT,5m,100525.51560551,100756.51709126,100425.11488102,100611.58924664,115.32903
1739493300000000,BTCUSDT,5m,100611.58924664,100717.13849188,100611.58924664,100687.81123385,19.61931
1739493600000000,BTCUSDT,5m,100687.81123385,100728.65795942,100687.81123385,100691.42522482,33.49725
1739493900000000,BTCUSDT,5m,100691.42522482,100691.42522482,100534.17831819,100550.5469057,51.65471
1739494200000000,BTCUSDT,5m,100550.5469057,100675.19001677,100522.99119022,100673.28201838,22.69834
1739494500000000,BTCUSDT,5m,100673.28201838,100784.30632001,100673.27238503,100764.7987963,15.36023
1739494800000000,BTCUSDT,5m,100764.7987963,100782.90536505,100640.21023533,100685.31903747,64.87806
1739495100000000,BTCUSDT,5m,100685.31903747,100817.77095595,100618.77930864,100618.77930864,104.3437
1739495400000000,BTCUSDT,5m,100618.77930864,100661.61842736,100598.49332007,100643.47143758,19.52199
1739495700000000,BTCUSDT,5m,100643.47143758,100873.8866703,100610.07525483,100849.45892902,104.9688
1739496000000000,BTCUSDT,5m,100849.45892902,100866.15457724,100657.21205959,100687.62987055,132.86134
1739496300000000,BTCUSDT,5m,100687.62987055,100738.01334962,100687.62987055,100738.0029677,25.35411
1739496600000000,BTCUSDT,5m,100738.0029677,100786.80457485,100679.36984175,100727.93063428,33.11194
1739496900000000,BTCUSDT,5m,100727.93063428,100976.98248276,100589.58186617,100971.85845431,97.78859
1739497200000000,BTCUSDT,5m,100971.85845431,100997.09811006,100951.20695244,100958.36331825,15.92815
1739497500000000,BTCUSDT,5m,100958.36331825,100975.34105296,100920.65226215,100935.933258,8.57168
1739497800000000,BTCUSDT,5m,100935.933258,100980.67068207,100870.42415108,100880.45967642,73.40019
1739498100000000,BTCUSDT,5m,100880.45967642,100880.45967642,100719.48909277,100724.29672088,48.93848
1739498400000000,BTCUSDT,5m,100724.29672088,100724.29672088,100685.21907751,100701.74197835,30.81172
1739498700000000,BTCUSDT,5m,100701.74197835,100950.47129773,100701.74197835,100911.35377692,48.55949
1739499000000000,BTCUSDT,5m,100911.35377692,100911.36430358,100668.78797235,100867.46813533,65.25097
1739499300000000,BTCUSDT,5m,100867.46813533,100907.48882728,100860.17079634,100907.47840251,45.80231
1739499600000000,BTCUSDT,5m,100907.47840251,101014.82390344,100895.09544599,100911.48992299,30.45844
1739499900000000,BTCUSDT,5m,100911.48992299,101039.14601175,100911.47938249,100978.81214568,36.84291
1739500200000000,BTCUSDT,5m,100978.81214568,101046.08422083,100978.80169646,101046.08422083,10.30308
1739500500000000,BTCUSDT,5m,101046.08422083,101113.72728174,101046.07459466,101113.72728174,30.70038
1739500800000000,BTCUSDT,5m,101113.72728174,101113.72728174,100910.57113737,100982.54501737,43.17557
1739501100000000,BTCUSDT,5m,100982.54501737,100982.54501737,100808.78316132,100851.5788735,70.40527
1739501400000000,BTCUSDT,5m,100851.5788735,100868.94537467,100727.81000298,100783.4949779,59.82461
1739501700000000,BTCUSDT,5m,100783.4949779,100783.50534573,100447.69134272,100541.49946557,122.88754
1739502000000000,BTCUSDT,5m,100541.49946557,100553.47523118,100374.800992,100395.08134965,27.88188
1739502300000000,BTCUSDT,5m,100395.08134965,100395.09178107,100282.23427476,100366.76005104,54.13155
1739502600000000,BTCUSDT,5m,100366.76005104,100369.34702863,100127.5536496,100127.56412319,84.27532
1739502900000000,BTCUSDT,5m,100127.56412319,100146.2377283,100059.58116806,100059.58116806,17.83561
1739503200000000,BTCUSDT,5m,100059.58116806,100108.82610382,99973.10860073,100108.82610382,34.98865
1739503500000000,BTCUSDT,5m,100108.82610382,100190.78116129,100108.81584276,100151.0298288,19.99119
1739503800000000,BTCUSDT,5m,100151.0298288,100194.46879984,100151.0298288,100182.05324219,16.68867
1739504100000000,BTCUSDT,5m,100182.05324219,100725.69503136,100063.17480564,100522.75726734,563.89746
1739504400000000,BTCUSDT,5m,100522.75726734,100673.31216509,100515.96592677,100605.05412419,65.28502
1739504700000000,BTCUSDT,5m,100605.05412419,100637.93553619,100549.25662532,100577.50905018,18.8554
1739505000000000,BTCUSDT,5m,100577.50905018,100706.92115952,100512.38686288,100706.91088464,63.68605
1739505300000000,BTCUSDT,5m,100706.91088464,100717.4837335,100314.93775234,100538.79628189,161.80834
1739505600000000,BTCUSDT,5m,100538.79628189,100546.58071148,100111.18058774,100359.11259991,172.01271
1739505900000000,BTCUSDT,5m,100359.11259991,100365.71235335,100305.03658542,100337.18654042,18.56659
1739506200000000,BTCUSDT,5m,100337.18654042,100352.11042069,100309.18868924,100322.60772096,19.27655
1739506500000000,BTCUSDT,5m,100322.60772096,100336.50988144,100189.00943244,100326.39028759,43.68041
1739506800000000,BTCUSDT,5m,100326.39028759,100734.118249,100122.61351813,100725.26374257,192.24653
1739507100000000,BTCUSDT,5m,100725.26374257,100757.23852537,100709.4920731,100757.22893773,8.86765
1739507400000000,BTCUSDT,5m,100757.22893773,100761.35157393,100645.30967125,100658.27536213,128.74431
1739507700000000,BTCUSDT,5m,100658.27536213,100826.80262977,100445.5161563,100590.19560128,125.12764
1739508000000000,BTCUSDT,5m,100590.19560128,100605.8318534,100542.77194146,100605.8318534,35.05333
1739508300000000,BTCUSDT,5m,100605.8318534,100605.8318534,100491.77206198,100492.04637098,99.79635
1739508600000000,BTCUSDT,5m,100492.04637098,100642.05639648,100269.59969366,100326.85294493,231.77356
1739508900000000,BTCUSDT,5m,100326.85294493,100326.8633066,100129.90869594,100215.37174459,30.26387
1739509200000000,BTCUSDT,5m,100215.37174459,100249.91449876,100215.37174459,100229.95733432,25.0416
1739509500000000,BTCUSDT,5m,100229.95733432,100229.9675174,100144.2769265,100149.02224027,27.32251
1739509800000000,BTCUSDT,5m,100149.02224027,100286.80794086,100145.8357353,100231.08495647,75.40148
1739510100000000,BTCUSDT,5m,100231.08495647,100233.37028096,99935.44049009,100016.94694983,179.11577
1739510400000000,BTCUSDT,5m,100016.94694983,100206.34548531,99952.60997262,100054.65511856,80.6111
1739510700000000,BTCUSDT,5m,100054.65511856,100104.95224715,100029.80253981,100104.94204075,33.78861
1739511000000000,BTCUSDT,5m,100104.94204075,100161.4438107,100104.93184923,100156.43977588,20.47699
1739511300000000,BTCUSDT,5m,100156.43977588,100242.34640224,100156.43977588,100221.71887093,25.06342
1739511600000000,BTCUSDT,5m,100221.71887093,100230.70465718,100144.68447426,100186.93014988,50.14606
1739511900000000,BTCUSDT,5m,100186.93014988,100224.80895508,99939.46821134,100129.39272425,99.16
1739512200000000,BTCUSDT,5m,100129.39272425,100338.42860804,100129.39272425,100298.00697459,82.19967
1739512500000000,BTCUSDT,5m,100298.00697459,100446.18602768,100272.005235,100432.35572554,92.64031
1739512800000000,BTCUSDT,5m,100432.35572554,100432.35572554,100275.93722695,100302.33916744,26.10351
1739513100000000,BTCUSDT,5m,100302.33916744,100315.74334365,100248.01344969,100283.51200071,18.59467
1739513400000000,BTCUSDT,5m,100283.51200071,100423.22990957,100259.34665202,100415.93235784,19.12274
1739513700000000,BTCUSDT,5m,100415.93235784,100470.39333335,100404.96553026,100448.6047969,32.78617
1739514000000000,BTCUSDT,5m,100448.6047969,100451.81461443,100314.94224586,100363.66440156,46.9862
1739514300000000,BTCUSDT,5m,100363.66440156,100479.67170858,100279.72681552,100420.35908687,154.6628
1739514600000000,BTCUSDT,5m,100420.35908687,100575.41922756,100420.34945939,100491.61204237,62.78146
1739514900000000,BTCUSDT,5m,100491.61204237,100576.06331354,100491.52911489,100570.09253507,28.78986
1739515200000000,BTCUSDT,5m,100570.09253507,100891.60043512,100570.09253507,100833.65243897,301.1773
1739515500000000,BTCUSDT,5m,100833.65243897,101059.16525168,100833.64282919,101042.07905485,61.87733
1739515800000000,BTCUSDT,5m,101042.07905485,101066.35628663,101006.78332499,101006.79293974,10.40008
1739516100000000,BTCUSDT,5m,101006.79293974,101031.31070537,100844.13694872,100859.58071148,43.37072
1739516400000000,BTCUSDT,5m,100859.58071148,100873.0336039,100685.89389762,100802.11589792,99.91655
1739516700000000,BTCUSDT,5m,100802.11589792,100818.7290507,100737.84481188,100817.38657371,27.47991
1739517000000000,BTCUSDT,5m,100817.38657371,100893.87596197,100724.1464254,100800.8793135,47.35542
1739517300000000,BTCUSDT,5m,100800.8793135,101016.81644652,100800.86934411,100988.63296198,64.33186
1739517600000000,BTCUSDT,5m,100988.63296198,101123.75651718,100988.63296198,101112.75051069,26.96578
1739517900000000,BTCUSDT,5m,101112.75051069,101142.26950174,101021.14467463,101142.25950546,48.48852
1739518200000000,BTCUSDT,5m,101142.25950546,101216.48148683,101009.55072824,101105.34193733,63.23292
1739518500000000,BTCUSDT,5m,101105.34193733,101305.95432095,101059.77078027,101305.95432095,98.59506
1739518800000000,BTCUSDT,5m,101305.95432095,101305.95432095,101109.5607515,101109.5712916,37.08842
1739519100000000,BTCUSDT,5m,101109.5712916,101185.00179497,101015.45691828,101015.45691828,45.8527
1739519400000000,BTCUSDT,5m,101015.45691828,101049.97143208,100980.26735113,101046.91440473,14.73555
1739519700000000,BTCUSDT,5m,101046.91440473,101114.26785056,100942.34188582,100993.14484713,29.54598
1739520000000000,BTCUSDT,5m,100993.14484713,101193.6834518,100937.33293144,101003.23997423,88.73725
1739520300000000,BTCUSDT,5m,101003.23997423,101116.94675415,101003.23997423,101103.18538726,18.27754
1739520600000000,BTCUSDT,5m,101103.18538726,101238.16948437,101075.03067762,101166.73403673,55.1766
1739520900000000,BTCUSDT,5m,101166.73403673,101175.50805399,101090.78064639,101090.78064639,33.17197
1739521200000000,BTCUSDT,5m,101090.78064639,101302.41796334,101041.79459382,101190.41989452,83.12446
1739521500000000,BTCUSDT,5m,101190.41989452,101211.25241352,101137.76911963,101209.39902341,12.4654
1739521800000000,BTCUSDT,5m,101209.39902341,101313.56896987,100911.71723995,100990.66185123,228.16988
1739522100000000,BTCUSDT,5m,100990.66185123,101041.10180196,100824.10626859,101034.47198669,38.49326
1739522400000000,BTCUSDT,5m,101034.47198669,101062.84593208,101034.47198669,101053.26287015,7.32853
1739522700000000,BTCUSDT,5m,101053.26287015,101208.36684769,100993.79963098,101055.2973509,93.67686
1739523000000000,BTCUSDT,5m,101055.2973509,101173.72873911,100889.7014274,100917.69411914,152.3378
1739523300000000,BTCUSDT,5m,100917.69411914,101040.39237662,100847.88285935,100847.89343041,50.52561
1739523600000000,BTCUSDT,5m,100847.89343041,100903.93407688,100847.88381465,100903.92446112,11.86261
1739523900000000,BTCUSDT,5m,100903.92446112,100916.56061226,100668.53672386,100744.53234499,131.70294
1739524200000000,BTCUSDT,5m,100744.53234499,100769.44494933,100714.21888782,100752.95101538,11.49858
1739524500000000,BTCUSDT,5m,100752.95101538,100752.96061282,100710.00246114,100710.00246114,9.74735
1739524800000000,BTCUSDT,5m,100710.00246114,100841.58507599,100707.92320755,100729.47089519,36.89043
1739525100000000,BTCUSDT,5m,100729.47089519,100869.80756671,100671.81709791,100835.3654233,28.5331
1739525400000000,BTCUSDT,5m,100835.3654233,100864.32706171,100819.05832402,100854.74987641,54.28552
1739525700000000,BTCUSDT,5m,100854.74987641,100901.36787354,100841.56079894,100865.97925606,23.01736
1739526000000000,BTCUSDT,5m,100865.97925606,100869.90630514,100544.29670834,100583.7546713,300.70207
1739526300000000,BTCUSDT,5m,100583.7546713,100767.91678515,100583.7546713,100740.10073934,32.22305
1739526600000000,BTCUSDT,5m,100740.10073934,101091.47372165,100335.00148886,100519.5460387,557.54966
1739526900000000,BTCUSDT,5m,100519.5460387,100686.24662994,100506.6337784,100685.94658543,19.15741
1739527200000000,BTCUSDT,5m,100685.94658543,100963.16548393,100584.32639724,100939.80919005,173.91572
1739527500000000,BTCUSDT,5m,100939.80919005,101036.9568793,100917.26529805,100980.6549003,37.17661
1739527800000000,BTCUSDT,5m,100980.6549003,101001.21813953,100730.36537929,100808.71121903,77.81272
1739528100000000,BTCUSDT,5m,100808.71121903,100827.73965958,100794.4657144,100794.4657144,12.11614
1739528400000000,BTCUSDT,5m,100794.4657144,100856.26234972,100749.38853722,100800.76977239,46.26826
1739528700000000,BTCUSDT,5m,100800.76977239,100826.1325705,100786.04298638,100805.09874324,16.23676
1739529000000000,BTCUSDT,5m,100805.09874324,100884.28425052,100777.6256328,100871.38733804,37.84861
1739529300000000,BTCUSDT,5m,100871.38733804,100871.38733804,100800.57032244,100853.21135579,15.63669
1739529600000000,BTCUSDT,5m,100853.21135579,100868.04951696,100640.02160857,100642.76869968,46.65835
1739529900000000,BTCUSDT,5m,100642.76869968,100698.00853286,100560.82996267,100563.20575693,107.14308
1739530200000000,BTCUSDT,5m,100563.20575693,100644.80254147,100513.01943661,100629.83778025,31.74918
1739530500000000,BTCUSDT,5m,100629.83778025,101560.48743645,100424.19017868,101442.20934601,400.02813
1739530800000000,BTCUSDT,5m,101442.20934601,101511.29520412,101390.77991881,101397.57405516,32.72086
1739531100000000,BTCUSDT,5m,101397.57405516,101504.67579418,101302.36398486,101362.20593074,37.55854
1739531400000000,BTCUSDT,5m,101362.20593074,101466.54492234,101352.70935585,101352.71963353,23.38428
1739531700000000,BTCUSDT,5m,101352.71963353,101448.87504994,101338.09302708,101423.18080193,44.32913
1739532000000000,BTCUSDT,5m,101423.18080193,101423.19045409,101323.5222768,101408.13308855,77.75307
1739532300000000,BTCUSDT,5m,101408.13308855,101512.5219942,101309.32403697,101393.60265071,294.00633
1739532600000000,BTCUSDT,5m,101393.60265071,101393.60265071,101314.65225599,101351.55117731,17.09088
1739532900000000,BTCUSDT,5m,101351.55117731,101538.1719832,101351.42385795,101430.62629601,21.69573
1739533200000000,BTCUSDT,5m,101430.62629601,101525.10275876,101393.67657559,101524.67749386,34.01326
1739533500000000,BTCUSDT,5m,101524.67749386,101524.68792007,101419.62299134,101457.44928502,23.21586
1739533800000000,BTCUSDT,5m,101457.44928502,101457.45924155,101333.5602061,101333.5602061,33.14191
1739534100000000,BTCUSDT,5m,101333.5602061,101406.53088155,101333.5602061,101346.00519163,14.29011
1739534400000000,BTCUSDT,5m,101346.00519163,101639.99504665,100924.93980512,101008.69320405,549.82415
1739534700000000,BTCUSDT,5m,101008.69320405,101036.27100311,100815.31395402,101010.83709818,191.94477
1739535000000000,BTCUSDT,5m,101010.83709818,101063.71103833,101009.82067118,101050.59616963,74.95884
1739535300000000,BTCUSDT,5m,101050.59616963,101065.52119063,101016.75981125,101034.96644363,33.20308
1739535600000000,BTCUSDT,5m,101034.96644363,101101.05081122,100842.3449332,101044.01909672,112.46104
1739535900000000,BTCUSDT,5m,101044.01909672,101081.65822105,100972.50894728,100997.48307149,23.31469
1739536200000000,BTCUSDT,5m,100997.48307149,101074.72234556,100978.29476482,101069.62941395,36.9873
1739536500000000,BTCUSDT,5m,101069.62941395,101069.62941395,100520.657615,100630.88330977,245.89264
1739536800000000,BTCUSDT,5m,100630.88330977,100992.79975632,100454.48869225,100800.99529518,252.46456
1739537100000000,BTCUSDT,5m,100800.99529518,100806.76414631,100603.43855824,100753.32303092,165.90443
1739537400000000,BTCUSDT,5m,100753.32303092,100804.34046274,100665.47058147,100717.53819898,49.81815
1739537700000000,BTCUSDT,5m,100717.53819898,100840.44819583,100641.25705971,100641.26737355,53.40419
1739538000000000,BTCUSDT,5m,100641.26737355,100663.8192705,100581.83710778,100582.79988017,21.9843
1739538300000000,BTCUSDT,5m,100582.79988017,100789.60902497,100563.13302181,100725.17377542,49.48664
1739538600000000,BTCUSDT,5m,100725.17377542,100734.71593286,100720.98680493,100733.72346578,10.61373
1739538900000000,BTCUSDT,5m,100733.72346578,100823.43861989,100703.22554459,100820.99041627,42.23864
1739539200000000,BTCUSDT,5m,100820.99041627,101107.21390616,100697.20293786,100740.43014941,318.22861
1739539500000000,BTCUSDT,5m,100740.43014941,100815.9809299,100740.43014941,100802.27250819,46.15208
1739539800000000,BTCUSDT,5m,100802.27250819,100905.97910291,100802.27250819,100812.19098625,35.94472
1739540100000000,BTCUSDT,5m,100812.19098625,100827.24730265,100778.18232767,100778.18232767,15.27804
1739540400000000,BTCUSDT,5m,100778.18232767,100878.49537228,100753.40996219,100878.49537228,15.95283
1739540700000000,BTCUSDT,5m,100878.49537228,100963.37480206,100875.04482819,100963.37480206,20.00733
1739541000000000,BTCUSDT,5m,100963.37480206,101097.71612996,100856.86514368,100891.75765836,52.32828
1739541300000000,BTCUSDT,5m,100891.75765836,100960.78461438,100877.82657315,100934.14796049,19.42329
1739541600000000,BTCUSDT,5m,100934.14796049,100947.82663891,100843.18106911,100876.2475131,46.4274
1739541900000000,BTCUSDT,5m,100876.2475131,101049.59120943,100851.05776832,101044.80967674,124.94382
1739542200000000,BTCUSDT,5m,101044.80967674,101359.71834843,101044.80967674,101323.70061666,112.09116
1739542500000000,BTCUSDT,5m,101323.70061666,101377.65781729,101323.69006784,101377.65781729,10.44634
1739542800000000,BTCUSDT,5m,101377.65781729,101470.14758024,101274.79883166,101378.16187673,83.9005
1739543100000000,BTCUSDT,5m,101378.16187673,101502.37814168,101325.71457755,101487.81646332,88.60043
1739543400000000,BTCUSDT,5m,101487.81646332,101946.41548289,101459.6735689,101759.01858816,220.2374
1739543700000000,BTCUSDT,5m,101759.01858816,101863.44035127,101752.09542527,101863.42990909,13.06028
1739544000000000,BTCUSDT,5m,101863.42990909,101907.96819762,101830.28197986,101830.28197986,35.63785
1739544300000000,BTCUSDT,5m,101830.28197986,102136.83223548,101830.28197986,102031.55388718,125.26135
1739544600000000,BTCUSDT,5m,102031.55388718,102046.95086959,101945.3797664,101945.39041439,43.3609
1739544900000000,BTCUSDT,5m,101945.39041439,101945.39041439,101850.49529761,101854.59845175,25.57355
1739545200000000,BTCUSDT,5m,101854.59845175,101971.60530518,101686.2188566,101962.05177777,117.68702
1739545500000000,BTCUSDT,5m,101962.05177777,102049.75443004,101962.05177777,102038.84461027,14.98471
1739545800000000,BTCUSDT,5m,102038.84461027,102038.85525973,101960.42199503,102000.51720774,19.06981
1739546100000000,BTCUSDT,5m,102000.51720774,102086.40006205,101956.9061287,102065.15954131,19.26662
1739546400000000,BTCUSDT,5m,102065.15954131,102196.37423668,101964.60734209,101968.91048561,50.28947
1739546700000000,BTCUSDT,5m,101968.91048561,101973.75507467,101779.9133773,101907.36482623,111.90757
1739547000000000,BTCUSDT,5m,101907.36482623,101912.56383436,101802.56684209,101802.57657806,21.0585
1739547300000000,BTCUSDT,5m,101802.57657806,101855.40433517,101716.2434805,101724.07212218,50.95912
1739547600000000,BTCUSDT,5m,101724.07212218,101724.08272462,101555.58871205,101630.67520821,120.99139
1739547900000000,BTCUSDT,5m,101630.67520821,101682.46585397,101616.35673189,101682.45616623,10.47395
1739548200000000,BTCUSDT,5m,101682.45616623,101795.21013257,101606.61787813,101674.69537153,47.33237
1739548500000000,BTCUSDT,5m,101674.69537153,101703.42241924,101578.74640332,101612.84994702,40.99876
1739548800000000,BTCUSDT,5m,101612.84994702,102045.61242569,101023.67583161,102044.174255,795.73671
1739549100000000,BTCUSDT,5m,102044.174255,102324.94209605,101995.50230674,102299.61611549,37.55274
1739549400000000,BTCUSDT,5m,102299.61611549,102299.61611549,102213.42726472,102240.26425699,9.42493
1739549700000000,BTCUSDT,5m,102240.26425699,102376.64544156,102218.22427142,102278.38801728,106.63287
1739550000000000,BTCUSDT,5m,102278.38801728,102281.60695865,102209.26045467,102209.27107824,48.83688
1739550300000000,BTCUSDT,5m,102209.27107824,102209.27107824,102119.10050758,102120.72045721,30.28752
1739550600000000,BTCUSDT,5m,102120.72045721,102138.1340715,101984.20023728,102007.50575478,93.53137
1739550900000000,BTCUSDT,5m,102007.50575478,102231.56704846,101961.92878173,102197.19568915,86.47017
1739551200000000,BTCUSDT,5m,102197.19568915,102203.92429682,102188.94738036,102203.92429682,6.46367
1739551500000000,BTCUSDT,5m,102203.92429682,102288.1833144,102203.92429682,102274.22672012,17.32351
1739551800000000,BTCUSDT,5m,102274.22672012,102330.85281612,102090.31017913,102188.4133992,90.44878
1739552100000000,BTCUSDT,5m,102188.4133992,102196.35656228,102156.3876559,102156.3876559,7.88646
1739552400000000,BTCUSDT,5m,102156.3876559,102175.46149108,102115.27337679,102115.27337679,13.50426
1739552700000000,BTCUSDT,5m,102115.27337679,102302.54221886,102115.27337679,102233.43085001,48.96992
1739553000000000,BTCUSDT,5m,102233.43085001,102233.44142389,102219.60021225,102222.48688205,16.67575
1739553300000000,BTCUSDT,5m,102222.48688205,102435.97456521,102207.12508546,102435.97456521,115.14645
1739553600000000,BTCUSDT,5m,102435.97456521,102635.26494652,102425.72753928,102557.43282931,144.57209
1739553900000000,BTCUSDT,5m,102557.43282931,102598.97874193,102485.85041613,102512.50490396,36.75278
1739554200000000,BTCUSDT,5m,102512.50490396,102512.51469277,102381.80461954,102456.53244842,73.11461
1739554500000000,BTCUSDT,5m,102456.53244842,102456.53244842,101968.52075941,102022.65219636,382.35307
1739554800000000,BTCUSDT,5m,102022.65219636,102055.7897934,101957.28803591,101972.18493754,36.46728
1739555100000000,BTCUSDT,5m,101972.18493754,101999.88051424,101912.1661941,101954.73402563,20.39433
1739555400000000,BTCUSDT,5m,101954.73402563,102403.44507824,101911.91466037,102356.61808961,250.00657
1739555700000000,BTCUSDT,5m,102356.61808961,102408.67809061,102346.33667796,102346.33667796,24.30828
1739556000000000,BTCUSDT,5m,102346.33667796,102346.33667796,102270.37778375,102286.93480942,19.12223
1739556300000000,BTCUSDT,5m,102286.93480942,102325.91982507,102283.49438179,102325.91982507,9.17368
1739556600000000,BTCUSDT,5m,102325.91982507,102439.16540586,102325.91982507,102439.15559255,14.15258
1739556900000000,BTCUSDT,5m,102439.15559255,102439.15559255,101858.33762267,102023.92453434,230.24387
1739557200000000,BTCUSDT,5m,102023.92453434,102170.15140422,102023.92453434,102170.15140422,22.91591
1739557500000000,BTCUSDT,5m,102170.15140422,102228.36025225,102054.24338068,102066.06141203,71.70211
1739557800000000,BTCUSDT,5m,102066.06141203,102075.40228537,101944.92828493,101970.83136812,25.40157
1739558100000000,BTCUSDT,5m,101970.83136812,102019.28435248,101937.56180743,102019.27371983,36.30886
1739558400000000,BTCUSDT,5m,102019.27371983,102050.60991491,101838.61653775,101838.62725098,56.8062
1739558700000000,BTCUSDT,5m,101838.62725098,102031.86500431,101685.24561504,101791.12301256,149.14787
1739559000000000,BTCUSDT,5m,101791.12301256,101799.36199086,101703.41181882,101750.17044393,16.7449
1739559300000000,BTCUSDT,5m,101750.17044393,101764.6504002,101726.61037025,101737.14791989,13.45517
1739559600000000,BTCUSDT,5m,101737.14791989,101783.68336663,101737.13821894,101760.7988307,12.46163
1739559900000000,BTCUSDT,5m,101760.7988307,101783.85493022,101611.67792899,101650.62404304,54.78886
1739560200000000,BTCUSDT,5m,101650.62404304,101789.65659585,101650.62404304,101719.96077269,44.80788
1739560500000000,BTCUSDT,5m,101719.96077269,101736.60493665,101700.7798019,101700.7798019,25.45142
1739560800000000,BTCUSDT,5m,101700.7798019,101915.43085523,101696.97716284,101915.42095252,47.21004
1739561100000000,BTCUSDT,5m,101915.42095252,101915.42095252,101713.98174801,101737.68486846,62.99793
1739561400000000,BTCUSDT,5m,101737.68486846,101786.02346473,101721.94868572,101778.68343318,46.83049
1739561700000000,BTCUSDT,5m,101778.68343318,101969.93766711,101448.42776099,101931.38033346,333.12931
1739562000000000,BTCUSDT,5m,101931.38033346,101947.20298006,101837.33371114,101863.90921577,38.96479
1739562300000000,BTCUSDT,5m,101863.90921577,101965.86880836,101792.98490354,101847.09232684,73.65788
1739562600000000,BTCUSDT,5m,101847.09232684,101952.22431497,101706.88477151,101952.22431497,108.62716
1739562900000000,BTCUSDT,5m,101952.22431497,101980.31106778,101854.00959537,101866.44726729,59.31608
1739563200000000,BTCUSDT,5m,101866.44726729,101876.60807753,101711.4423552,101788.31414026,220.47993
1739563500000000,BTCUSDT,5m,101788.31414026,101788.3246917,101721.53408545,101731.71622369,12.88955
1739563800000000,BTCUSDT,5m,101731.71622369,101738.77081364,101488.30156303,101488.31199881,96.64188
1739564100000000,BTCUSDT,5m,101488.31199881,101975.56921114,101366.85297965,101965.74948398,153.30469
1739564400000000,BTCUSDT,5m,101965.74948398,102044.14115389,101792.98268988,101899.37066309,125.44911
1739564700000000,BTCUSDT,5m,101899.37066309,101899.37066309,101816.49309907,101875.61047571,46.81993
1739565000000000,BTCUSDT,5m,101875.61047571,101875.62110477,101818.70248672,101829.77796758,31.49857
1739565300000000,BTCUSDT,5m,101829.77796758,101829.77796758,100956.40199514,101618.25510082,282.00252
1739565600000000,BTCUSDT,5m,101618.25510082,101618.25510082,101172.95244804,101426.37715529,260.62916
1739565900000000,BTCUSDT,5m,101426.37715529,101546.46556146,101416.7543808,101452.64616259,77.33056
1739566200000000,BTCUSDT,5m,101452.64616259,101452.64616259,101277.33025549,101284.89472432,124.38059
1739566500000000,BTCUSDT,5m,101284.89472432,101379.47683129,101284.5423088,101363.01695339,18.96723
1739566800000000,BTCUSDT,5m,101363.01695339,101367.32761886,101140.08195203,101143.98257859,45.83531
1739567100000000,BTCUSDT,5m,101143.98257859,101220.40005058,101135.63620275,101194.59674835,48.57837
1739567400000000,BTCUSDT,5m,101194.59674835,101300.29092285,101194.59674835,101271.45270892,28.70377
1739567700000000,BTCUSDT,5m,101271.45270892,101361.88679354,101254.75903327,101326.86810583,18.92936
1739568000000000,BTCUSDT,5m,101326.86810583,101510.00711688,101326.86810583,101452.43942864,74.6134
1739568300000000,BTCUSDT,5m,101452.43942864,101452.44992734,101402.61264227,101410.23469176,9.88251
1739568600000000,BTCUSDT,5m,101410.23469176,101410.23469176,101359.24927423,101395.93339656,13.93754
1739568900000000,BTCUSDT,5m,101395.93339656,101432.49123625,101357.58204061,101422.43758123,16.64146
1739569200000000,BTCUSDT,5m,101422.43758123,101638.73301833,101337.57437243,101507.32132311,142.10445
1739569500000000,BTCUSDT,5m,101507.32132311,101636.80784024,101507.32132311,101623.64842823,39.60571
1739569800000000,BTCUSDT,5m,101623.64842823,101667.58796519,101571.796981,101601.76845444,65.4151
1739570100000000,BTCUSDT,5m,101601.76845444,101743.36313383,101601.75798378,101649.1167603,112.09676
1739570400000000,BTCUSDT,5m,101649.1167603,101653.22953714,101614.29385793,101615.08718544,22.88762
1739570700000000,BTCUSDT,5m,101615.08718544,101773.94063456,101500.59945497,101707.85861768,91.02453
1739571000000000,BTCUSDT,5m,101707.85861768,101707.85861768,101536.7391584,101649.7365039,48.18858
1739571300000000,BTCUSDT,5m,101649.7365039,101957.19772379,101522.97019511,101791.10699166,179.56152
1739571600000000,BTCUSDT,5m,101791.10699166,101841.19398752,101791.09657639,101835.25728807,19.04828
1739571900000000,BTCUSDT,5m,101835.25728807,101928.92991681,101771.0972485,101881.41958759,85.43267
1739572200000000,BTCUSDT,5m,101881.41958759,101881.41958759,101782.02626541,101782.02626541,36.62933
1739572500000000,BTCUSDT,5m,101782.02626541,101812.57149014,101782.02626541,101801.91765397,14.87909
1739572800000000,BTCUSDT,5m,101801.91765397,101818.64247872,101774.01855568,101800.83054036,17.30124
1739573100000000,BTCUSDT,5m,101800.83054036,101800.83054036,101622.51346156,101765.04551532,23.37981
1739573400000000,BTCUSDT,5m,101765.04551532,101765.05589201,101602.13145583,101660.23055259,64.06253
1739573700000000,BTCUSDT,5m,101660.23055259,101716.96487285,101554.86530959,101637.95411257,24.4972
1739574000000000,BTCUSDT,5m,101637.95411257,101676.23006956,101604.22549587,101619.92536388,44.33895
1739574300000000,BTCUSDT,5m,101619.92536388,101619.9350455,101515.15091633,101518.64597968,27.76925
1739574600000000,BTCUSDT,5m,101518.64597968,101594.28510442,101518.6360337,101554.25256305,15.54545
1739574900000000,BTCUSDT,5m,101554.25256305,101566.94465402,101379.01438133,101498.84002516,60.40018
1739575200000000,BTCUSDT,5m,101498.84002516,101571.80509554,101478.79691169,101503.99369184,86.19016
1739575500000000,BTCUSDT,5m,101503.99369184,101535.40044748,101400.34000772,101400.35036273,40.0936
1739575800000000,BTCUSDT,5m,101400.35036273,101464.79290834,101384.63455925,101464.78321919,16.31175
1739576100000000,BTCUSDT,5m,101464.78321919,101513.96917956,101248.67304759,101362.90975096,197.90386
1739576400000000,BTCUSDT,5m,101362.90975096,101529.34723973,101240.42880421,101266.95207214,131.45371
1739576700000000,BTCUSDT,5m,101266.95207214,101266.95207214,101184.92001435,101185.03374672,36.41334
1739577000000000,BTCUSDT,5m,101185.03374672,101196.10323763,101185.03374672,101196.10323763,11.27069
1739577300000000,BTCUSDT,5m,101196.10323763,101271.678966,101176.19454193,101263.74448097,7.43392
1739577600000000,BTCUSDT,5m,101263.74448097,101263.74448097,101177.71949388,101187.6469353,38.60853
1739577900000000,BTCUSDT,5m,101187.6469353,101366.77447685,101059.21951163,101223.24272776,164.90739
1739578200000000,BTCUSDT,5m,101223.24272776,101280.47560636,100589.04932503,100895.73728435,201.92452
1739578500000000,BTCUSDT,5m,100895.73728435,100964.06821458,100877.29495385,100913.18414815,27.14976
1739578800000000,BTCUSDT,5m,100913.18414815,100958.97649843,100813.4454949,100870.30613838,33.7481
1739579100000000,BTCUSDT,5m,100870.30613838,100870.30613838,100716.92920136,100716.92920136,20.85117
1739579400000000,BTCUSDT,5m,100716.92920136,100738.03598019,100635.82225351,100642.43165518,22.72292
1739579700000000,BTCUSDT,5m,100642.43165518,100675.7826507,100628.34905274,100675.64770447,12.71554
1739580000000000,BTCUSDT,5m,100675.64770447,100692.2544082,100519.33645496,100561.57682925,130.59008
1739580300000000,BTCUSDT,5m,100561.57682925,100561.57682925,100498.35026324,100531.52987795,41.41153
1739580600000000,BTCUSDT,5m,100531.52987795,100595.41635573,100524.74128188,100559.44205902,76.1128
1739580900000000,BTCUSDT,5m,100559.44205902,100647.85855749,100559.43160666,100635.32617994,40.31422
1739581200000000,BTCUSDT,5m,100635.32617994,100671.95950985,100598.30898337,100671.94913508,23.83472
1739581500000000,BTCUSDT,5m,100671.94913508,100711.90559051,100619.62406655,100635.89553667,18.74789
1739581800000000,BTCUSDT,5m,100635.89553667,100698.46405168,100509.98401606,100519.07137259,47.1941
1739582100000000,BTCUSDT,5m,100519.07137259,100775.73685085,100519.07137259,100698.82245853,102.07778
1739582400000000,BTCUSDT,5m,100698.82245853,100743.77615244,100637.27983443,100743.77615244,15.5551
1739582700000000,BTCUSDT,5m,100743.77615244,100780.78722744,100687.391049,100774.85682192,28.84285
1739583000000000,BTCUSDT,5m,100774.85682192,100820.72727111,100455.18721012,100468.65305807,68.75446
1739583300000000,BTCUSDT,5m,100468.65305807,100708.81622628,100216.60989734,100608.25529378,247.28241
1739583600000000,BTCUSDT,5m,100608.25529378,100678.94818779,100544.26116378,100559.60552011,56.48366
1739583900000000,BTCUSDT,5m,100559.60552011,100594.70604611,100510.98557443,100521.22843255,27.50475
1739584200000000,BTCUSDT,5m,100521.22843255,100639.77244508,100521.22843255,100604.11235589,46.7683
1739584500000000,BTCUSDT,5m,100604.11235589,100741.94647597,100494.64502108,100536.43404182,187.15912
1739584800000000,BTCUSDT,5m,100536.43404182,100602.91516971,100431.51723102,100587.61672274,46.62231
1739585100000000,BTCUSDT,5m,100587.61672274,100702.98633104,100550.1850523,100626.91584973,91.31225
1739585400000000,BTCUSDT,5m,100626.91584973,100644.00905774,100460.08214118,100466.07975803,157.46187
1739585700000000,BTCUSDT,5m,100466.07975803,100558.42009389,100289.34775887,100319.71312767,92.88141
1739586000000000,BTCUSDT,5m,100319.71312767,100355.92644393,99861.12114931,99889.54024402,135.02879
1739586300000000,BTCUSDT,5m,99889.54024402,99993.43793787,99771.2377117,99833.98289266,110.70516
1739586600000000,BTCUSDT,5m,99833.98289266,99997.6216811,99819.43547985,99991.09299044,28.64725
1739586900000000,BTCUSDT,5m,99991.09299044,100090.09940584,99930.40306224,99937.44399988,101.92399
1739587200000000,BTCUSDT,5m,99937.44399988,100064.80596289,99868.61524526,100050.51332225,72.6402
1739587500000000,BTCUSDT,5m,100050.51332225,100070.54053908,100050.51332225,100051.63451723,37.67373
1739587800000000,BTCUSDT,5m,100051.63451723,100181.7472002,100004.06992457,100021.61077992,43.09134
1739588100000000,BTCUSDT,5m,100021.61077992,100182.91847335,100010.8751772,100051.59679184,76.46875
1739588400000000,BTCUSDT,5m,100051.59679184,100055.38358,100013.68763731,100055.38358,19.73811
1739588700000000,BTCUSDT,5m,100055.38358,100113.47570738,99973.55216222,100054.35143694,55.06611
1739589000000000,BTCUSDT,5m,100054.35143694,100054.36184787,99732.10204008,99817.86724963,158.00669
1739589300000000,BTCUSDT,5m,99817.86724963,99828.43379467,99724.22685388,99724.23705324,44.02057
1739589600000000,BTCUSDT,5m,99724.23705324,99724.23705324,99471.41038392,99529.30962117,286.22811
1739589900000000,BTCUSDT,5m,99529.30962117,99599.27815785,99523.54167956,99565.25865255,23.95876
1739590200000000,BTCUSDT,5m,99565.25865255,99640.85739811,99478.1938257,99638.10798253,153.45051
1739590500000000,BTCUSDT,5m,99638.10798253,99685.53211769,99633.94414346,99675.95244239,9.57462
1739590800000000,BTCUSDT,5m,99675.95244239,99715.50116046,99497.85635478,99497.86650328,58.61424
1739591100000000,BTCUSDT,5m,99497.86650328,99586.2992156,99176.58423897,99264.74179672,45.0514
1739591400000000,BTCUSDT,5m,99264.74179672,99264.75124262,99217.42726633,99231.63390512,19.03066
1739591700000000,BTCUSDT,5m,99231.63390512,99325.01212448,99231.63390512,99274.59212786,46.82815
1739592000000000,BTCUSDT,5m,99274.59212786,99397.02947445,99274.58190772,99390.91782727,54.25614
1739592300000000,BTCUSDT,5m,99390.91782727,99525.19856715,99296.84439948,99494.32752922,51.97137
1739592600000000,BTCUSDT,5m,99494.32752922,99500.67839567,99455.62376641,99455.63391156,15.9908
1739592900000000,BTCUSDT,5m,99455.63391156,99467.31315097,99406.10317789,99435.17196686,19.40292
1739593200000000,BTCUSDT,5m,99435.17196686,99442.25696289,99387.18815997,99399.25124358,14.9865
1739593500000000,BTCUSDT,5m,99399.25124358,99459.86280102,99399.25124358,99402.738793,21.07264
1739593800000000,BTCUSDT,5m,99402.738793,99536.76811016,99364.523265,99503.63691796,49.09891
1739594100000000,BTCUSDT,5m,99503.63691796,99515.74538041,99460.69757825,99477.46867171,14.16218
1739594400000000,BTCUSDT,5m,99477.46867171,99533.08474122,99477.4584538,99533.08474122,20.06617
1739594700000000,BTCUSDT,5m,99533.08474122,99690.07651293,99431.65611801,99690.06646352,91.06765
1739595000000000,BTCUSDT,5m,99690.06646352,99735.4571651,99662.84021556,99702.34636973,25.71628
1739595300000000,BTCUSDT,5m,99702.34636973,99888.90503471,99676.15824352,99841.02040721,51.358
1739595600000000,BTCUSDT,5m,99841.02040721,99892.07386423,99611.72665429,99644.47589052,89.46746
1739595900000000,BTCUSDT,5m,99644.47589052,99870.89139574,99491.37297219,99674.74610561,86.65858
1739596200000000,BTCUSDT,5m,99674.74610561,99710.20725342,99670.22915249,99698.13819995,18.16419
1739596500000000,BTCUSDT,5m,99698.13819995,99809.98854497,99649.09032593,99649.10051452,179.18401
1739596800000000,BTCUSDT,5m,99649.10051452,99682.07635172,99630.66314202,99682.07635172,22.78098
1739597100000000,BTCUSDT,5m,99682.07635172,99714.80607955,99549.0294372,99635.65473967,143.85653
1739597400000000,BTCUSDT,5m,99635.65473967,99706.91457404,99585.2987376,99639.12686723,20.1472
1739597700000000,BTCUSDT,5m,99639.12686723,99768.012673,99605.32761902,99747.47389681,80.07931
1739598000000000,BTCUSDT,5m,99747.47389681,99747.47389681,99470.95061936,99579.23979815,162.32607
1739598300000000,BTCUSDT,5m,99579.23979815,99655.00159498,99576.95463955,99654.39153001,31.30483
1739598600000000,BTCUSDT,5m,99654.39153001,99654.40109204,99477.05419792,99493.24270774,45.91395
1739598900000000,BTCUSDT,5m,99493.24270774,99513.15734593,99493.24270774,99498.12567357,15.3627
1739599200000000,BTCUSDT,5m,99498.12567357,99611.49387847,99498.12567357,99611.49387847,33.49333
1739599500000000,BTCUSDT,5m,99611.49387847,99611.50406981,99538.77868868,99557.63266221,24.15091
1739599800000000,BTCUSDT,5m,99557.63266221,99557.63266221,99386.61914361,99424.1463209,26.65326
1739600100000000,BTCUSDT,5m,99424.1463209,99424.15596504,99315.25432882,99369.35795787,83.12658
1739600400000000,BTCUSDT,5m,99369.35795787,99369.35795787,99268.16945271,99268.16945271,31.80874
1739600700000000,BTCUSDT,5m,99268.16945271,99349.31004595,99268.15973527,99342.32320924,13.67603
1739601000000000,BTCUSDT,5m,99342.32320924,99564.03356535,99299.3655553,99553.8540265,73.07913
1739601300000000,BTCUSDT,5m,99553.8540265,99553.8540265,99328.31929567,99487.97787872,74.19482
1739601600000000,BTCUSDT,5m,99487.97787872,99604.63819876,99321.91003709,99393.08777964,142.25535
1739601900000000,BTCUSDT,5m,99393.08777964,99509.69102466,99292.81518538,99292.82517965,180.77467
1739602200000000,BTCUSDT,5m,99292.82517965,99488.520103,99287.61727814,99370.68486028,67.48706
1739602500000000,BTCUSDT,5m,99370.68486028,99472.92110676,99093.22379604,99188.07236607,180.39961
1739602800000000,BTCUSDT,5m,99188.07236607,99204.45157784,98912.41261485,98963.68441689,138.32908
1739603100000000,BTCUSDT,5m,98963.68441689,99000.84030713,98889.38203583,98889.39143524,37.31777
1739603400000000,BTCUSDT,5m,98889.39143524,98962.92328374,98862.89457867,98954.66093318,32.39105
1739603700000000,BTCUSDT,5m,98954.66093318,99024.74719591,98842.9261571,98999.15823695,71.27009
1739604000000000,BTCUSDT,5m,98999.15823695,99036.1457252,98941.28993722,98977.91092624,45.79718
1739604300000000,BTCUSDT,5m,98977.91092624,98977.91092624,98842.71095801,98939.64542534,56.40846
1739604600000000,BTCUSDT,5m,98939.64542534,99476.13476015,98934.05783374,99455.80800803,182.87245
1739604900000000,BTCUSDT,5m,99455.80800803,99532.08185854,99381.44668968,99483.86537185,147.86481
1739605200000000,BTCUSDT,5m,99483.86537185,99515.2339994,99154.90684136,99269.24011637,307.21137
1739605500000000,BTCUSDT,5m,99269.24011637,99395.64737405,99172.53991229,99386.58048173,215.73459
1739605800000000,BTCUSDT,5m,99386.58048173,99515.90386122,98619.18309216,98649.77409278,723.77457
1739606100000000,BTCUSDT,5m,98649.77409278,98738.87848199,98489.28459767,98725.9799593,163.42393
1739606400000000,BTCUSDT,5m,98725.9799593,98824.15091789,98609.76921384,98635.59610688,70.77833
1739606700000000,BTCUSDT,5m,98635.59610688,98709.03642462,98600.92361645,98705.98279439,14.4768
1739607000000000,BTCUSDT,5m,98705.98279439,98821.41053296,98685.38097856,98821.40025261,21.89407
1739607300000000,BTCUSDT,5m,98821.40025261,98821.40025261,98397.33206313,98797.52270136,185.82839
1739607600000000,BTCUSDT,5m,98797.52270136,98797.52270136,98630.61046223,98749.40186153,36.25214
1739607900000000,BTCUSDT,5m,98749.40186153,98833.52983155,98680.23932262,98822.46232971,145.84265
1739608200000000,BTCUSDT,5m,98822.46232971,98851.01442101,98452.78427459,98479.90582185,302.75823
1739608500000000,BTCUSDT,5m,98479.90582185,98780.92599013,98333.06902578,98707.07079709,403.4357
1739608800000000,BTCUSDT,5m,98707.07079709,98786.86128859,98650.55989048,98760.91197889,127.16545
1739609100000000,BTCUSDT,5m,98760.91197889,98774.11450931,98682.11479157,98689.9955298,25.25879
1739609400000000,BTCUSDT,5m,98689.9955298,98743.9464166,98564.94083983,98587.15591087,51.00107
1739609700000000,BTCUSDT,5m,98587.15591087,98611.79818176,98546.23123152,98546.25157182,20.86006
1739610000000000,BTCUSDT,5m,98546.25157182,98616.79232685,98509.97551123,98612.99421411,21.94214
1739610300000000,BTCUSDT,5m,98612.99421411,98739.84323142,98612.99421411,98701.51768148,29.50751
1739610600000000,BTCUSDT,5m,98701.51768148,98808.31772323,98701.50766553,98780.91409252,26.39939
1739610900000000,BTCUSDT,5m,98780.91409252,98884.4574205,98655.87810292,98799.82101526,63.444
1739611200000000,BTCUSDT,5m,98799.82101526,99053.19954474,98777.45799322,98931.79288363,86.15028
1739611500000000,BTCUSDT,5m,98931.79288363,98937.32810184,98878.49287427,98878.5022879,15.09434
1739611800000000,BTCUSDT,5m,98878.5022879,99056.33927958,98853.07818465,99003.26177745,126.75959
1739612100000000,BTCUSDT,5m,99003.26177745,99396.32595539,98867.58171339,99333.57853954,94.23839
1739612400000000,BTCUSDT,5m,99333.57853954,99336.45210356,99221.32049239,99233.89233499,20.91826
1739612700000000,BTCUSDT,5m,99233.89233499,99233.90255416,99206.13706976,99217.92999174,6.4885
1739613000000000,BTCUSDT,5m,99217.92999174,99248.12866376,99217.91983068,99248.12866376,8.77506
1739613300000000,BTCUSDT,5m,99248.12866376,99386.85697447,99105.96941588,99345.3589725,90.30317
1739613600000000,BTCUSDT,5m,99345.3589725,99345.3692916,99220.29146926,99239.89776102,69.56607
1739613900000000,BTCUSDT,5m,99239.89776102,99239.90792968,99201.3992145,99217.24198668,14.9787
1739614200000000,BTCUSDT,5m,99217.24198668,99576.03822798,99193.78801847,99487.83596093,131.93518
1739614500000000,BTCUSDT,5m,99487.83596093,99641.28556554,99487.82648581,99613.92141252,42.43497
1739614800000000,BTCUSDT,5m,99613.92141252,99676.60629652,99613.91115649,99676.59604048,18.34716
1739615100000000,BTCUSDT,5m,99676.59604048,99676.59604048,99609.9380752,99630.95515591,20.72743
1739615400000000,BTCUSDT,5m,99630.95515591,99673.46032654,99618.5053036,99618.51485103,17.74819
1739615700000000,BTCUSDT,5m,99618.51485103,99618.51485103,99347.65776302,99396.06210872,155.93706
1739616000000000,BTCUSDT,5m,99396.06210872,99447.3033206,99327.1550144,99444.2574788,74.28814
1739616300000000,BTCUSDT,5m,99444.2574788,99580.24234742,99319.27219511,99484.92594418,55.59865
1739616600000000,BTCUSDT,5m,99484.92594418,99484.93612479,99426.55031752,99444.05078878,12.291
1739616900000000,BTCUSDT,5m,99444.05078878,99672.15433732,99386.27707974,99551.68609793,73.78604
1739617200000000,BTCUSDT,5m,99551.68609793,99559.17137699,99249.43499188,99420.38943458,95.52185
1739617500000000,BTCUSDT,5m,99420.38943458,99420.39895944,99321.77860075,99324.53128413,16.54354
1739617800000000,BTCUSDT,5m,99324.53128413,99324.53128413,99154.00979194,99233.16489618,117.41868
1739618100000000,BTCUSDT,5m,99233.16489618,99479.71483426,99159.93066201,99397.96684622,91.12605
1739618400000000,BTCUSDT,5m,99397.96684622,99424.80375681,99274.87653574,99354.41626305,233.05212
1739618700000000,BTCUSDT,5m,99354.41626305,99369.56597798,99280.32056898,99326.94599684,89.92391
1739619000000000,BTCUSDT,5m,99326.94599684,99422.37293875,99326.93573367,99375.14183672,19.00977
1739619300000000,BTCUSDT,5m,99375.14183672,99741.18853154,99342.6498413,99648.67934214,92.78491
1739619600000000,BTCUSDT,5m,99648.67934214,99673.15067402,99577.36875241,99673.15067402,65.57804
1739619900000000,BTCUSDT,5m,99673.15067402,99688.93596677,99513.75497675,99545.64228982,110.66101
1739620200000000,BTCUSDT,5m,99545.64228982,99650.26481579,99426.68734922,99426.6976013,42.92537
1739620500000000,BTCUSDT,5m,99426.6976013,99462.30600052,99276.08850577,99276.08850577,102.54906
1739620800000000,BTCUSDT,5m,99276.08850577,99379.31833891,99190.43428704,99235.12656365,70.57362
1739621100000000,BTCUSDT,5m,99235.12656365,99246.37147794,99073.91469375,99199.78946789,54.94881
1739621400000000,BTCUSDT,5m,99199.78946789,99305.14135471,99026.31180344,99205.21213138,128.04634
1739621700000000,BTCUSDT,5m,99205.21213138,99253.09323472,99097.02104581,99134.82759616,61.75112
1739622000000000,BTCUSDT,5m,99134.82759616,99184.89505458,98916.80251977,98925.13740445,43.372
1739622300000000,BTCUSDT,5m,98925.13740445,98949.9292236,98925.13740445,98946.81120292,8.1591
1739622600000000,BTCUSDT,5m,98946.81120292,98972.63241445,98928.79142378,98940.5292652,47.82059
1739622900000000,BTCUSDT,5m,98940.5292652,99000.92262939,98935.26822299,98965.0020845,13.92443
1739623200000000,BTCUSDT,5m,98965.0020845,99049.75403416,98965.0020845,99001.98955965,19.65189
1739623500000000,BTCUSDT,5m,99001.98955965,99023.02857668,98989.69641307,99001.2760271,26.15738
1739623800000000,BTCUSDT,5m,99001.2760271,99001.2760271,98907.22003245,98913.66208221,36.74976
1739624100000000,BTCUSDT,5m,98913.66208221,98930.37046934,98876.71855301,98908.51075794,20.43206
1739624400000000,BTCUSDT,5m,98908.51075794,98999.4577081,98837.54545594,98978.27735438,51.50883
1739624700000000,BTCUSDT,5m,98978.27735438,99024.83777845,98952.88629487,99022.68633776,14.85775
1739625000000000,BTCUSDT,5m,99022.68633776,99055.08276299,98949.05457043,99033.85383864,17.7948
1739625300000000,BTCUSDT,5m,99033.85383864,99033.86413039,98990.02125842,99014.30979782,18.87226
1739625600000000,BTCUSDT,5m,99014.30979782,99099.37817469,98950.59669765,98957.05669405,83.40309
1739625900000000,BTCUSDT,5m,98957.05669405,99011.45861697,98940.6179638,98969.73506475,32.8302
1739626200000000,BTCUSDT,5m,98969.73506475,99018.78100657,98969.7249313,99005.95204741,13.95828
1739626500000000,BTCUSDT,5m,99005.95204741,99053.90526103,98814.65307934,98814.65307934,66.49176
1739626800000000,BTCUSDT,5m,98814.65307934,98959.37488596,98784.57344803,98832.47581345,82.53734
1739627100000000,BTCUSDT,5m,98832.47581345,98874.0053125,98774.3968232,98785.06477818,27.49498
1739627400000000,BTCUSDT,5m,98785.06477818,98835.9579586,98785.05462188,98798.13592629,50.4901
1739627700000000,BTCUSDT,5m,98798.13592629,98857.40028838,98787.61736254,98812.83559383,9.46432
1739628000000000,BTCUSDT,5m,98812.83559383,98828.83651024,98654.29884348,98654.29884348,29.79951
1739628300000000,BTCUSDT,5m,98654.29884348,98771.94221785,98654.29884348,98688.55530948,43.97791
1739628600000000,BTCUSDT,5m,98688.55530948,98722.98930203,98679.2141732,98691.35358015,23.85274
1739628900000000,BTCUSDT,5m,98691.35358015,98966.41680605,98679.78292355,98850.03389772,156.82388
1739629200000000,BTCUSDT,5m,98850.03389772,98874.54111293,98754.23296553,98828.1483846,38.40145
1739629500000000,BTCUSDT,5m,98828.1483846,98828.1483846,98714.5483298,98757.43033449,19.88727
1739629800000000,BTCUSDT,5m,98757.43033449,98770.69226256,98627.14795742,98633.24338104,59.81653
1739630100000000,BTCUSDT,5m,98633.24338104,98726.72942584,98573.26150966,98703.02355132,64.04898
1739630400000000,BTCUSDT,5m,98703.02355132,98765.70217726,98649.88120528,98672.42798668,33.91337
1739630700000000,BTCUSDT,5m,98672.42798668,98681.18527176,98634.6846001,98634.69484254,23.36709
1739631000000000,BTCUSDT,5m,98634.69484254,98812.30307258,98620.98961014,98784.71887948,73.21573
1739631300000000,BTCUSDT,5m,98784.71887948,98784.71887948,98733.89272404,98745.34307422,36.76066
1739631600000000,BTCUSDT,5m,98745.34307422,98756.41560968,98603.19701605,98671.0677434,73.20247
1739631900000000,BTCUSDT,5m,98671.0677434,98892.57703818,98654.62926077,98892.56715334,70.77422
1739632200000000,BTCUSDT,5m,98892.56715334,98977.51136179,98836.68200437,98961.1700814,58.28291
1739632500000000,BTCUSDT,5m,98961.1700814,99005.52183111,98799.90651672,98966.08242695,133.27518
1739632800000000,BTCUSDT,5m,98966.08242695,99095.22168319,97804.74584097,98164.21843058,622.09936
1739633100000000,BTCUSDT,5m,98164.21843058,98252.04234434,98164.21843058,98205.42300346,28.65876
1739633400000000,BTCUSDT,5m,98205.42300346,98573.56573809,98204.43966094,98308.767126,290.81957
1739633700000000,BTCUSDT,5m,98308.767126,98346.4805176,98274.0662007,98340.71461875,20.83697
1739634000000000,BTCUSDT,5m,98340.71461875,98373.8273227,98159.4582075,98290.56363143,124.07339
1739634300000000,BTCUSDT,5m,98290.56363143,99031.93617767,98280.59159734,98687.74365193,388.43275
1739634600000000,BTCUSDT,5m,98687.74365193,98759.68814583,98676.98311601,98741.2196359,25.01662
1739634900000000,BTCUSDT,5m,98741.2196359,98761.42465826,98626.98173818,98739.32806185,53.82256
1739635200000000,BTCUSDT,5m,98739.32806185,98876.43022532,98665.22865999,98876.42060952,58.03736
1739635500000000,BTCUSDT,5m,98876.42060952,98904.83225103,98766.50324797,98780.09224323,44.48943
1739635800000000,BTCUSDT,5m,98780.09224323,98898.2954989,98741.88840061,98898.28538136,42.13766
1739636100000000,BTCUSDT,5m,98898.28538136,98932.4296527,98835.78611348,98901.14889363,23.79252
1739636400000000,BTCUSDT,5m,98901.14889363,98920.07522278,98819.43475779,98834.7035448,16.58501
1739636700000000,BTCUSDT,5m,98834.7035448,98992.63213599,98826.90134955,98965.49670887,26.67093
1739637000000000,BTCUSDT,5m,98965.49670887,98965.49670887,98839.83008915,98892.96272869,22.83546
1739637300000000,BTCUSDT,5m,98892.96272869,98908.37871335,98872.00186417,98889.41847398,9.48898
1739637600000000,BTCUSDT,5m,98889.41847398,99028.61498956,98889.4085498,99014.59212655,26.9897
1739637900000000,BTCUSDT,5m,99014.59212655,99092.65781888,98782.65246971,98812.19389035,208.29689
1739638200000000,BTCUSDT,5m,98812.19389035,98812.19389035,98556.83562579,98594.44723894,146.8675
1739638500000000,BTCUSDT,5m,98594.44723894,98605.35651347,98435.30076771,98450.37027344,196.2941
1739638800000000,BTCUSDT,5m,98450.37027344,98722.87604167,98408.03528984,98722.87604167,236.59012
1739639100000000,BTCUSDT,5m,98722.87604167,98792.08151149,98670.35547703,98775.11364002,22.14826
1739639400000000,BTCUSDT,5m,98775.11364002,98964.9943378,98775.11364002,98939.20233864,17.16282
1739639700000000,BTCUSDT,5m,98939.20233864,99098.59195001,98678.09843118,98731.86625881,190.08594
1739640000000000,BTCUSDT,5m,98731.86625881,98731.86625881,98589.54069582,98624.44060603,39.05358
1739640300000000,BTCUSDT,5m,98624.44060603,98650.62250421,98572.31942186,98572.31942186,18.15155
1739640600000000,BTCUSDT,5m,98572.31942186,98667.22707206,98417.55154921,98444.3968265,137.6483
1739640900000000,BTCUSDT,5m,98444.3968265,98480.41896855,98428.72841168,98445.57322529,33.7165
1739641200000000,BTCUSDT,5m,98445.57322529,98465.26286922,98370.78914756,98426.76894168,32.75024
1739641500000000,BTCUSDT,5m,98426.76894168,98426.76894168,98372.38708733,98391.94307371,17.95582
1739641800000000,BTCUSDT,5m,98391.94307371,98512.85504345,98193.72750374,98482.68133725,117.71482
1739642100000000,BTCUSDT,5m,98482.68133725,98504.64363984,98417.54998988,98474.01281336,28.17963
1739642400000000,BTCUSDT,5m,98474.01281336,98528.51835412,98454.78057686,98488.34939931,65.57284
1739642700000000,BTCUSDT,5m,98488.34939931,98535.1265567,98413.41557502,98503.94806097,25.18994
1739643000000000,BTCUSDT,5m,98503.94806097,98585.02294973,98493.49656677,98585.02294973,24.58503
1739643300000000,BTCUSDT,5m,98585.02294973,98644.72884835,98476.84602237,98496.68258952,121.74872
1739643600000000,BTCUSDT,5m,98496.68258952,98509.21082441,98440.08047443,98463.79597295,36.10367
1739643900000000,BTCUSDT,5m,98463.79597295,98670.55072961,98463.79597295,98618.93017473,40.99482
1739644200000000,BTCUSDT,5m,98618.93017473,98904.42223735,98607.44194145,98737.65852493,61.2685
1739644500000000,BTCUSDT,5m,98737.65852493,98864.70735767,98683.18560793,98864.69711262,46.36789
1739644800000000,BTCUSDT,5m,98864.69711262,98868.36493982,98797.65004427,98868.36493982,20.58621
1739645100000000,BTCUSDT,5m,98868.36493982,98998.61182933,98794.252333,98928.26502266,81.37995
1739645400000000,BTCUSDT,5m,98928.26502266,99263.02928468,98928.25488136,99246.21501184,240.7553
1739645700000000,BTCUSDT,5m,99246.21501184,99333.64965484,99134.43038402,99146.06137717,48.12198
1739646000000000,BTCUSDT,5m,99146.06137717,99405.42665009,99085.44123081,99403.13074441,177.99211
1739646300000000,BTCUSDT,5m,99403.13074441,99524.27197425,99296.95001929,99313.1248507,92.5143
1739646600000000,BTCUSDT,5m,99313.1248507,99347.321612,99307.23167001,99347.321612,12.91272
1739646900000000,BTCUSDT,5m,99347.321612,99474.50815374,99319.28818119,99474.50815374,39.85938
1739647200000000,BTCUSDT,5m,99474.50815374,99543.96127932,99474.35293966,99524.54917211,19.18745
1739647500000000,BTCUSDT,5m,99524.54917211,99547.76666283,99468.53171771,99472.38932996,30.46915
1739647800000000,BTCUSDT,5m,99472.38932996,99541.63611665,99346.4568016,99350.72189614,28.86662
1739648100000000,BTCUSDT,5m,99350.72189614,99455.76007725,99286.53923018,99335.39047043,41.34909
1739648400000000,BTCUSDT,5m,99335.39047043,99414.85882418,99335.38012568,99371.59708825,13.31403
1739648700000000,BTCUSDT,5m,99371.59708825,99463.55979434,99147.34122118,99361.53817354,241.51003
1739649000000000,BTCUSDT,5m,99361.53817354,99427.1454704,99354.68467296,99427.1454704,18.2009
1739649300000000,BTCUSDT,5m,99427.1454704,99544.11828907,98703.89282809,98833.20589974,422.74691
1739649600000000,BTCUSDT,5m,98833.20589974,99080.96415728,98802.86566722,99023.82744764,109.04036
1739649900000000,BTCUSDT,5m,99023.82744764,99064.29307565,98907.15377826,99043.74709198,38.83387
1739650200000000,BTCUSDT,5m,99043.74709198,99175.99484031,99043.73765313,99172.36088248,11.15791
1739650500000000,BTCUSDT,5m,99172.36088248,99182.27811857,99014.00992754,99031.22551854,79.82286
1739650800000000,BTCUSDT,5m,99031.22551854,99032.78024878,98420.52138199,98441.59661418,271.63576
1739651100000000,BTCUSDT,5m,98441.59661418,98494.617396,98344.31889833,98494.60744839,48.54783
1739651400000000,BTCUSDT,5m,98494.60744839,98586.78938255,98459.73052196,98498.98218425,73.06789
1739651700000000,BTCUSDT,5m,98498.98218425,98511.8978074,98343.1104613,98343.11986816,41.2573
1739652000000000,BTCUSDT,5m,98343.11986816,98492.45812902,98294.91594194,98490.2909647,89.2105
1739652300000000,BTCUSDT,5m,98490.2909647,98543.17696835,98490.28132453,98536.08179907,21.052
1739652600000000,BTCUSDT,5m,98536.08179907,98543.46653178,98458.85136465,98513.08416697,48.10364
1739652900000000,BTCUSDT,5m,98513.08416697,98549.20809373,98366.67433981,98441.76282906,87.15985
1739653200000000,BTCUSDT,5m,98441.76282906,98496.11014441,98441.75258644,98496.11014441,9.52684
1739653500000000,BTCUSDT,5m,98496.11014441,98617.96983596,98481.23665784,98617.96048156,78.88071
1739653800000000,BTCUSDT,5m,98617.96048156,98655.02693519,98579.78122502,98635.28985795,16.35956
1739654100000000,BTCUSDT,5m,98635.28985795,98680.83298561,98624.10436033,98680.83298561,10.72504
1739654400000000,BTCUSDT,5m,98680.83298561,98740.594462,98490.26949248,98490.27924945,80.82158
1739654700000000,BTCUSDT,5m,98490.27924945,98565.52221567,98452.88552993,98541.88541679,25.58004
1739655000000000,BTCUSDT,5m,98541.88541679,98804.57151767,98495.93689215,98600.01688717,73.30338
1739655300000000,BTCUSDT,5m,98600.01688717,98606.39378847,98527.36942324,98606.38353621,47.72949
1739655600000000,BTCUSDT,5m,98606.38353621,98647.43261675,98551.00323215,98606.84942758,19.19635
1739655900000000,BTCUSDT,5m,98606.84942758,98686.20263716,98566.00765301,98622.15105485,53.14342
1739656200000000,BTCUSDT,5m,98622.15105485,98832.27885463,98217.80254146,98228.19022932,280.37046
1739656500000000,BTCUSDT,5m,98228.19022932,98228.19022932,98099.6709286,98161.68308918,57.71331
1739656800000000,BTCUSDT,5m,98161.68308918,98164.43225412,98127.44433677,98160.76980727,12.36514
1739657100000000,BTCUSDT,5m,98160.76980727,98160.76980727,97975.45633682,97985.8679417,32.62194
1739657400000000,BTCUSDT,5m,97985.8679417,98058.52509973,97945.92235621,97974.99290496,47.18554
1739657700000000,BTCUSDT,5m,97974.99290496,97996.10261951,97882.2456141,97974.37287267,33.27145
1739658000000000,BTCUSDT,5m,97974.37287267,98023.35441217,97966.97113281,98014.49910066,33.62401
1739658300000000,BTCUSDT,5m,98014.49910066,98161.50818968,97757.81856911,98015.44152889,276.52006
1739658600000000,BTCUSDT,5m,98015.44152889,98123.69980668,97933.78893356,98078.68982646,106.89801
1739658900000000,BTCUSDT,5m,98078.68982646,98092.98281327,97944.78495869,97969.4914073,36.50784
1739659200000000,BTCUSDT,5m,97969.4914073,97980.95634732,97792.77041957,97858.41222966,87.57208
1739659500000000,BTCUSDT,5m,97858.41222966,97878.55405404,97765.61523998,97815.51156934,25.07373
1739659800000000,BTCUSDT,5m,97815.51156934,97921.66678734,97815.27076355,97921.65675377,19.17969
1739660100000000,BTCUSDT,5m,97921.65675377,97944.11694505,97911.50128406,97935.47919349,27.08395
1739660400000000,BTCUSDT,5m,97935.47919349,97968.85536105,97881.12400671,97882.63609831,111.91533
1739660700000000,BTCUSDT,5m,97882.63609831,98111.8143728,97882.63609831,98080.7633824,93.27989
1739661000000000,BTCUSDT,5m,98080.7633824,98104.46907482,97550.40178829,97641.568786,294.54331
1739661300000000,BTCUSDT,5m,97641.568786,97708.23614086,97624.87420705,97708.23614086,27.29754
1739661600000000,BTCUSDT,5m,97708.23614086,97727.26533776,97665.86644463,97665.87573623,25.59359
1739661900000000,BTCUSDT,5m,97665.87573623,97695.66783403,97568.41749347,97568.41749347,56.04
1739662200000000,BTCUSDT,5m,97568.41749347,97655.17329751,97505.16893168,97617.0731024,35.4236
1739662500000000,BTCUSDT,5m,97617.0731024,97663.17740801,97575.51969235,97624.55029445,77.1664
1739662800000000,BTCUSDT,5m,97624.55029445,97847.65353218,97545.19297643,97847.64347931,125.19805
1739663100000000,BTCUSDT,5m,97847.64347931,97865.2310222,97788.68333553,97823.28147546,23.0465
1739663400000000,BTCUSDT,5m,97823.28147546,97987.17898908,97823.28147546,97913.82589685,57.60964
1739663700000000,BTCUSDT,5m,97913.82589685,98133.02306911,97854.90401317,98055.65936125,55.65571
1739664000000000,BTCUSDT,5m,98055.65936125,98055.66941727,97972.32513921,97987.34883026,72.1681
1739664300000000,BTCUSDT,5m,97987.34883026,98167.33914821,97963.50983979,97986.57663705,168.97848
1739664600000000,BTCUSDT,5m,97986.57663705,97986.57663705,97945.358727,97966.94141248,17.93228
1739664900000000,BTCUSDT,5m,97966.94141248,97966.95160994,97920.68576556,97929.88386819,22.93684
1739665200000000,BTCUSDT,5m,97929.88386819,97929.88386819,97887.96131513,97894.05168603,39.57014
1739665500000000,BTCUSDT,5m,97894.05168603,97974.60012427,97765.9427623,97928.98010658,129.91486
1739665800000000,BTCUSDT,5m,97928.98010658,98183.82055087,97928.97044365,98118.33487647,129.77565
1739666100000000,BTCUSDT,5m,98118.33487647,98138.76471168,98109.15503305,98113.43583759,19.84513
1739666400000000,BTCUSDT,5m,98113.43583759,98215.91326666,98075.92586605,98165.30516808,45.18952
1739666700000000,BTCUSDT,5m,98165.30516808,98677.95826347,97638.43320192,98040.88251236,708.77657
1739667000000000,BTCUSDT,5m,98040.88251236,98100.99005535,98039.82481301,98087.47165034,33.3695
1739667300000000,BTCUSDT,5m,98087.47165034,98087.47165034,97583.27491198,97777.23774742,214.73752
1739667600000000,BTCUSDT,5m,97777.23774742,97777.23774742,97704.77507606,97704.78514591,11.74184
1739667900000000,BTCUSDT,5m,97704.78514591,97765.95857732,97508.219026,97759.18942571,146.32576
1739668200000000,BTCUSDT,5m,97759.18942571,97799.84352137,97751.08076689,97777.72350302,26.34465
1739668500000000,BTCUSDT,5m,97777.72350302,97901.92637399,97777.72350302,97901.92637399,121.24037
1739668800000000,BTCUSDT,5m,97901.92637399,97986.05702161,97890.16747944,97986.05702161,56.86098
1739669100000000,BTCUSDT,5m,97986.05702161,98063.9995679,97960.32939749,98028.31515067,48.48476
1739669400000000,BTCUSDT,5m,98028.31515067,98166.7011344,97842.69082411,97966.92836766,187.92406
1739669700000000,BTCUSDT,5m,97966.92836766,98061.06094536,97649.20762747,97998.29935589,130.96599
1739670000000000,BTCUSDT,5m,97998.29935589,97998.29935589,97647.05383749,97789.77941692,108.03415
1739670300000000,BTCUSDT,5m,97789.77941692,98055.00759648,97761.86497596,97996.60656892,137.41242
1739670600000000,BTCUSDT,5m,97996.60656892,98067.64290605,97699.0662657,98067.64290605,206.32229
1739670900000000,BTCUSDT,5m,98067.64290605,98120.66084214,97854.13162212,97933.11231798,116.60968
1739671200000000,BTCUSDT,5m,97933.11231798,97988.5352867,97520.73999993,97672.59812689,209.65688
1739671500000000,BTCUSDT,5m,97672.59812689,97672.59812689,97619.16937064,97619.57951462,13.47824
1739671800000000,BTCUSDT,5m,97619.57951462,97629.35392367,97534.07599181,97550.0659225,26.65457
1739672100000000,BTCUSDT,5m,97550.0659225,97642.1677548,97543.74658122,97615.8076074,14.32716
1739672400000000,BTCUSDT,5m,97615.8076074,97628.8294205,97530.39385827,97562.02406576,57.1069
1739672700000000,BTCUSDT,5m,97562.02406576,97562.02406576,97410.20095416,97454.66185076,52.02451
1739673000000000,BTCUSDT,5m,97454.66185076,97466.06023808,97413.65765214,97432.36500537,18.39514
1739673300000000,BTCUSDT,5m,97432.36500537,97446.3431708,97390.95418676,97446.3431708,18.30426
1739673600000000,BTCUSDT,5m,97446.3431708,97451.41112276,97148.34166818,97166.66730344,114.35576
1739673900000000,BTCUSDT,5m,97166.66730344,97166.66730344,97101.00900782,97151.60880407,32.77883
1739674200000000,BTCUSDT,5m,97151.60880407,97151.61821039,97053.02115101,97093.75052204,34.68461
1739674500000000,BTCUSDT,5m,97093.75052204,97221.04406945,97093.75052204,97219.44829692,36.01207
1739674800000000,BTCUSDT,5m,97219.44829692,97339.55092687,96745.64866388,96960.2161089,213.16181
1739675100000000,BTCUSDT,5m,96960.2161089,97109.23523069,96919.27624175,96947.10138897,44.64409
1739675400000000,BTCUSDT,5m,96947.10138897,96983.69256888,96919.24975533,96941.91007832,21.6096
1739675700000000,BTCUSDT,5m,96941.91007832,97002.60836694,96941.90011798,96985.79531949,13.55706
1739676000000000,BTCUSDT,5m,96985.79531949,97248.4723766,96890.82406591,97081.55320365,134.07267
1739676300000000,BTCUSDT,5m,97081.55320365,97144.20457758,96945.8001379,97144.19447089,86.26605
1739676600000000,BTCUSDT,5m,97144.19447089,97144.52853646,97036.06530637,97124.46495137,124.8807
1739676900000000,BTCUSDT,5m,97124.46495137,97470.2379336,97124.46495137,97448.61010074,76.56463
1739677200000000,BTCUSDT,5m,97448.61010074,97564.12015152,97424.66348434,97424.66348434,110.05534
1739677500000000,BTCUSDT,5m,97424.66348434,97424.66348434,97361.76738359,97361.77735918,20.44915
1739677800000000,BTCUSDT,5m,97361.77735918,97526.10426018,97288.01531796,97436.33035987,143.84376
1739678100000000,BTCUSDT,5m,97436.33035987,97638.68002735,97374.50799792,97607.35583105,145.05629
1739678400000000,BTCUSDT,5m,97607.35583105,97633.28743757,97558.36978266,97558.38834502,26.24869
1739678700000000,BTCUSDT,5m,97558.38834502,97706.01782466,97558.37822301,97667.25053587,52.38782
1739679000000000,BTCUSDT,5m,97667.25053587,97724.80615581,97602.03503701,97602.04518255,35.07687
1739679300000000,BTCUSDT,5m,97602.04518255,97802.4387458,97570.60114951,97802.4387458,56.26187
1739679600000000,BTCUSDT,5m,97802.4387458,97817.67495566,97626.57826536,97722.46373933,97.72074
1739679900000000,BTCUSDT,5m,97722.46373933,97813.61282004,97614.60252699,97736.27153913,200.80484
1739680200000000,BTCUSDT,5m,97736.27153913,97744.58967474,97642.17951187,97689.9362206,21.20913
1739680500000000,BTCUSDT,5m,97689.9362206,97814.06772884,97610.04328465,97734.81328775,75.00229
1739680800000000,BTCUSDT,5m,97734.81328775,98069.51169632,97720.87777671,97930.51633414,248.12238
1739681100000000,BTCUSDT,5m,97930.51633414,97985.79206687,97863.33582787,97980.97418203,35.62079
1739681400000000,BTCUSDT,5m,97980.97418203,98122.82595256,97923.73402344,98122.82595256,48.77515
1739681700000000,BTCUSDT,5m,98122.82595256,98264.03318232,98044.76473717,98218.62239127,67.59281
1739682000000000,BTCUSDT,5m,98218.62239127,98252.50152454,98089.56811946,98212.53198642,137.83167
1739682300000000,BTCUSDT,5m,98212.53198642,98483.08038393,98186.86462569,98444.60937484,140.48056
1739682600000000,BTCUSDT,5m,98444.60937484,98461.49742313,98265.32802952,98265.32802952,46.40062
1739682900000000,BTCUSDT,5m,98265.32802952,98929.30623402,98178.93912296,98835.55888368,441.0618
1739683200000000,BTCUSDT,5m,98835.55888368,98907.69046549,98783.9301819,98791.60119088,54.07894
1739683500000000,BTCUSDT,5m,98791.60119088,98853.70683171,98791.60119088,98853.69674799,20.30491
1739683800000000,BTCUSDT,5m,98853.69674799,98983.95775723,98853.68643356,98979.62569421,67.25827
1739684100000000,BTCUSDT,5m,98979.62569421,99109.2744544,98979.62569421,99024.83812693,157.7963
1739684400000000,BTCUSDT,5m,99024.83812693,99089.27108117,99008.83897351,99075.63024452,32.77826
1739684700000000,BTCUSDT,5m,99075.63024452,99517.4919078,99026.07915588,99430.66394601,338.71076
1739685000000000,BTCUSDT,5m,99430.66394601,99430.66394601,99345.59339324,99359.71404467,68.99398
1739685300000000,BTCUSDT,5m,99359.71404467,99606.25059119,99336.35515667,99381.41146295,106.99655
1739685600000000,BTCUSDT,5m,99381.41146295,99381.41146295,99297.51277616,99301.0212667,32.77173
1739685900000000,BTCUSDT,5m,99301.0212667,99424.89068772,99280.89831611,99420.63574027,29.06184
1739686200000000,BTCUSDT,5m,99420.63574027,99420.63574027,99343.25329849,99343.71384734,20.17584
1739686500000000,BTCUSDT,5m,99343.71384734,99435.38671098,99154.61658191,99243.79869679,141.55482
1739686800000000,BTCUSDT,5m,99243.79869679,99258.26014027,99179.8266325,99239.15442121,35.10596
1739687100000000,BTCUSDT,5m,99239.15442121,99239.15442121,98929.65712148,98962.72936831,105.4118
1739687400000000,BTCUSDT,5m,98962.72936831,99002.99257574,98939.08933126,98939.08933126,15.50133
1739687700000000,BTCUSDT,5m,98939.08933126,99050.55153546,98838.13147191,99050.54134696,57.77409
1739688000000000,BTCUSDT,5m,99050.54134696,99231.78048902,98986.90181417,98986.90181417,101.56316
1739688300000000,BTCUSDT,5m,98986.90181417,99251.59925823,98829.38034271,99200.38432268,140.08694
1739688600000000,BTCUSDT,5m,99200.38432268,99200.39469275,99119.22813434,99179.15678402,45.63059
1739688900000000,BTCUSDT,5m,99179.15678402,99207.44048712,99093.63079243,99093.64101792,48.77323
1739689200000000,BTCUSDT,5m,99093.64101792,99102.32952564,99045.23361775,99045.24387573,35.24655
1739689500000000,BTCUSDT,5m,99045.24387573,99234.68986785,99045.24387573,99093.70584945,80.86419
1739689800000000,BTCUSDT,5m,99093.70584945,99111.76580662,99016.48200319,99034.98730034,66.28472
1739690100000000,BTCUSDT,5m,99034.98730034,99215.82193438,99032.49366646,99199.79289691,36.97428
1739690400000000,BTCUSDT,5m,99199.79289691,99573.45364022,99140.56990676,99318.19873962,305.70191
1739690700000000,BTCUSDT,5m,99318.19873962,99318.20844662,99239.70800722,99295.43584481,20.75754
1739691000000000,BTCUSDT,5m,99295.43584481,99378.34741962,99258.97709891,99377.61286487,36.4904
1739691300000000,BTCUSDT,5m,99377.61286487,99399.51584023,99347.34841846,99399.51584023,26.0065
1739691600000000,BTCUSDT,5m,99399.51584023,99605.09528704,99377.34761001,99605.08507597,31.98673
1739691900000000,BTCUSDT,5m,99605.08507597,99605.08507597,99544.30148882,99545.70766096,14.27693
1739692200000000,BTCUSDT,5m,99545.70766096,99714.59002474,99428.49558474,99714.53732147,220.79485
1739692500000000,BTCUSDT,5m,99714.53732147,99714.53732147,99673.47182091,99683.53266301,15.64442
1739692800000000,BTCUSDT,5m,99683.53266301,99736.06574385,99677.15688847,99703.9083179,23.86095
1739693100000000,BTCUSDT,5m,99703.9083179,99895.76539327,99561.94745912,99839.97300589,146.01035
1739693400000000,BTCUSDT,5m,99839.97300589,99855.37514772,99800.14473712,99802.13665357,25.14442
1739693700000000,BTCUSDT,5m,99802.13665357,99855.1196551,99528.90200103,99852.55495255,68.59755
1739694000000000,BTCUSDT,5m,99852.55495255,100000.68814797,99749.80418828,99955.88274081,176.05909
1739694300000000,BTCUSDT,5m,99955.88274081,99965.92406368,99881.06925577,99944.62335737,160.80207
1739694600000000,BTCUSDT,5m,99944.62335737,99950.58589305,99849.30559959,99876.59248159,152.34952
1739694900000000,BTCUSDT,5m,99876.59248159,99954.23395527,99752.90642763,99787.98659895,76.04491
1739695200000000,BTCUSDT,5m,99787.98659895,99799.03447218,99725.692063,99772.56974651,55.2549
1739695500000000,BTCUSDT,5m,99772.56974651,99875.17716559,99772.55931787,99870.21313149,42.13678
1739695800000000,BTCUSDT,5m,99870.21313149,99892.69739182,99813.39228225,99873.93637607,19.4876
1739696100000000,BTCUSDT,5m,99873.93637607,100037.02489723,99787.85942869,100034.67280029,122.32631
1739696400000000,BTCUSDT,5m,100034.67280029,100180.22866832,99938.15874866,100070.41874534,150.56315
1739696700000000,BTCUSDT,5m,100070.41874534,100070.41874534,100005.09834759,100030.07409534,14.69616
1739697000000000,BTCUSDT,5m,100030.07409534,100118.64499822,99647.55586604,99846.17784303,199.83938
1739697300000000,BTCUSDT,5m,99846.17784303,100160.10679395,99834.38080733,99998.97894797,175.61077
1739697600000000,BTCUSDT,5m,99998.97894797,100354.22677206,99453.83185475,100256.59979623,509.49062
1739697900000000,BTCUSDT,5m,100256.59979623,100291.63975673,100256.59979623,100291.63975673,24.18001
1739698200000000,BTCUSDT,5m,100291.63975673,100302.15828041,100210.38207428,100218.79271921,45.66584
1739698500000000,BTCUSDT,5m,100218.79271921,100242.16188194,100166.04272674,100166.05226907,15.60949
1739698800000000,BTCUSDT,5m,100166.05226907,100510.33401522,100114.03892689,100433.00233771,192.08029
1739699100000000,BTCUSDT,5m,100433.00233771,100459.83538771,100418.54247998,100425.98736685,15.60558
1739699400000000,BTCUSDT,5m,100425.98736685,100428.19290166,100337.83811799,100390.83279093,26.41201
1739699700000000,BTCUSDT,5m,100390.83279093,100501.94686816,100356.59947068,100452.20810158,80.63502
1739700000000000,BTCUSDT,5m,100452.20810158,100452.21853822,100165.23167134,100212.55142021,221.39416
1739700300000000,BTCUSDT,5m,100212.55142021,100252.02665212,100176.51902319,100185.88901134,49.77592
1739700600000000,BTCUSDT,5m,100185.88901134,100343.82680604,100161.42124827,100251.47858603,55.92581
1739700900000000,BTCUSDT,5m,100251.47858603,100312.92192886,100092.04884763,100166.59544101,60.49467
1739701200000000,BTCUSDT,5m,100166.59544101,100185.65402514,99916.26031829,99983.43045836,74.66986
1739701500000000,BTCUSDT,5m,99983.43045836,100079.26416828,99970.32683264,99993.59370833,95.84078
1739701800000000,BTCUSDT,5m,99993.59370833,100181.97481342,99975.53117581,100181.96452724,48.79644
1739702100000000,BTCUSDT,5m,100181.96452724,100244.76831545,100181.96452724,100230.4349034,17.90372
1739702400000000,BTCUSDT,5m,100230.4349034,100255.56009295,100158.83338153,100255.56009295,30.31147
1739702700000000,BTCUSDT,5m,100255.56009295,100255.56965066,100207.67594794,100207.67594794,11.87151
1739703000000000,BTCUSDT,5m,100207.67594794,100504.96254586,100207.67594794,100502.33945955,36.62263
1739703300000000,BTCUSDT,5m,100502.33945955,100510.94082359,100299.47071373,100466.45066631,112.25696
1739703600000000,BTCUSDT,5m,100466.45066631,100590.51774064,100447.3107278,100455.91539647,38.89213
1739703900000000,BTCUSDT,5m,100455.91539647,100502.2707281,100448.09188833,100485.15941886,20.08793
1739704200000000,BTCUSDT,5m,100485.15941886,100495.68123389,100289.64965382,100352.61549595,79.21038
1739704500000000,BTCUSDT,5m,100352.61549595,100642.96367103,100321.97506163,100484.03974042,297.87368
1739704800000000,BTCUSDT,5m,100484.03974042,100676.05512099,100469.37898008,100656.68085857,145.89246
1739705100000000,BTCUSDT,5m,100656.68085857,100723.80185627,100536.3892996,100552.51691212,36.83948
1739705400000000,BTCUSDT,5m,100552.51691212,100597.66448641,100552.50735505,100582.43052506,15.39757
1739705700000000,BTCUSDT,5m,100582.43052506,100709.78842476,100554.27690068,100629.59176701,76.15983
1739706000000000,BTCUSDT,5m,100629.59176701,100721.40899519,100629.59176701,100683.68920276,30.69783
1739706300000000,BTCUSDT,5m,100683.68920276,100731.32876468,100600.23128428,100672.29577271,43.01546
1739706600000000,BTCUSDT,5m,100672.29577271,100906.61629242,100506.34665497,100546.07008421,116.48636
1739706900000000,BTCUSDT,5m,100546.07008421,100598.60297057,100464.06245021,100540.80390285,66.42121
1739707200000000,BTCUSDT,5m,100540.80390285,100540.80390285,100408.17446697,100411.44139516,93.14451
1739707500000000,BTCUSDT,5m,100411.44139516,100425.37291335,100399.10369641,100403.40508866,8.33016
1739707800000000,BTCUSDT,5m,100403.40508866,100585.85241175,100387.11028699,100579.6528471,109.05303
1739708100000000,BTCUSDT,5m,100579.6528471,100599.81077631,100485.06403478,100515.567126,43.15411
1739708400000000,BTCUSDT,5m,100515.567126,100549.32940027,100492.86313022,100515.83508056,15.0615
1739708700000000,BTCUSDT,5m,100515.83508056,100515.83508056,100375.88453295,100446.96869882,29.73548
1739709000000000,BTCUSDT,5m,100446.96869882,100469.88726695,100332.08793647,100469.87766956,54.2063
1739709300000000,BTCUSDT,5m,100469.87766956,101083.11786276,100461.38393221,101065.44248132,393.45823
1739709600000000,BTCUSDT,5m,101065.44248132,101177.09605176,100936.34964629,101177.08548251,46.33397
1739709900000000,BTCUSDT,5m,101177.08548251,101345.64799276,101143.56832908,101345.05345345,47.96032
1739710200000000,BTCUSDT,5m,101345.05345345,101636.30227173,101335.79239078,101636.29172382,81.93871
1739710500000000,BTCUSDT,5m,101636.29172382,101636.30170026,101587.58675698,101587.59673342,22.45377
1739710800000000,BTCUSDT,5m,101587.59673342,101670.2868225,101569.27785852,101660.11198408,42.35078
1739711100000000,BTCUSDT,5m,101660.11198408,101668.48495308,101612.05474104,101628.05970833,11.59772
1739711400000000,BTCUSDT,5m,101628.05970833,101702.7896194,101596.27117454,101648.4121828,37.19357
1739711700000000,BTCUSDT,5m,101648.4121828,101749.97955921,101577.39206284,101733.46022727,49.0886
1739712000000000,BTCUSDT,5m,101733.46022727,101963.6016236,101683.77002052,101765.20244294,149.70396
1739712300000000,BTCUSDT,5m,101765.20244294,101843.69131391,101596.89053057,101596.90090035,66.31962
1739712600000000,BTCUSDT,5m,101596.90090035,101613.19895031,101327.8179945,101390.06874149,45.54639
1739712900000000,BTCUSDT,5m,101390.06874149,101432.99405136,101376.23654721,101432.99405136,22.0596
1739713200000000,BTCUSDT,5m,101432.99405136,101435.29573474,101368.60644299,101397.69495882,21.37932
1739713500000000,BTCUSDT,5m,101397.69495882,101609.80048477,101346.73033742,101492.33757612,107.25684
1739713800000000,BTCUSDT,5m,101492.33757612,101492.33757612,101412.13563111,101416.12287465,15.85377
1739714100000000,BTCUSDT,5m,101416.12287465,101515.38674642,101049.86137426,101353.09688984,146.22879
1739714400000000,BTCUSDT,5m,101353.09688984,101707.24648426,101311.75762266,101496.13629548,382.16283
1739714700000000,BTCUSDT,5m,101496.13629548,101518.40131019,101426.76176791,101515.95758907,30.03367
1739715000000000,BTCUSDT,5m,101515.95758907,101719.79555145,101515.95758907,101694.90134811,64.37949
1739715300000000,BTCUSDT,5m,101694.90134811,101780.8809569,101651.81527394,101733.50552927,80.62635
1739715600000000,BTCUSDT,5m,101733.50552927,101925.18826033,101712.96666252,101744.48630876,102.07382
1739715900000000,BTCUSDT,5m,101744.48630876,101877.30659032,101542.28818325,101747.6719202,530.52062
1739716200000000,BTCUSDT,5m,101747.6719202,101830.320656,101693.28303931,101734.97133591,35.84787
1739716500000000,BTCUSDT,5m,101734.97133591,101734.98179426,101725.06727524,101725.06727524,13.63253
1739716800000000,BTCUSDT,5m,101725.06727524,101736.35408041,101616.68059591,101645.87204676,68.70426
1739717100000000,BTCUSDT,5m,101645.87204676,101764.90720522,101615.36384814,101655.91896224,24.42205
1739717400000000,BTCUSDT,5m,101655.91896224,101666.50743206,101585.05206905,101655.5448848,16.93718
1739717700000000,BTCUSDT,5m,101655.5448848,101655.5448848,101518.88823736,101535.06423901,32.92444
1739718000000000,BTCUSDT,5m,101535.06423901,101551.8533196,101415.77561508,101415.78612139,32.20975
1739718300000000,BTCUSDT,5m,101415.78612139,101575.37656365,101397.28961702,101529.14046645,79.01773
1739718600000000,BTCUSDT,5m,101529.14046645,101610.92117197,101498.67274505,101570.91253815,61.08114
1739718900000000,BTCUSDT,5m,101570.91253815,101685.53827388,101570.90212993,101653.22074828,19.44983
1739719200000000,BTCUSDT,5m,101653.22074828,101778.99114888,101598.8495456,101778.99114888,18.9634
1739719500000000,BTCUSDT,5m,101778.99114888,101808.99477962,101679.0774766,101691.07892889,63.38107
1739719800000000,BTCUSDT,5m,101691.07892889,101746.99487863,101673.73839701,101675.84057322,29.48286
1739720100000000,BTCUSDT,5m,101675.84057322,101738.13354488,101675.84057322,101696.58721029,22.82759
1739720400000000,BTCUSDT,5m,101696.58721029,101744.6177128,101696.58721029,101699.65813996,17.59173
1739720700000000,BTCUSDT,5m,101699.65813996,101699.65813996,101551.79696984,101551.79696984,38.54618
1739721000000000,BTCUSDT,5m,101551.79696984,101551.79696984,101401.41914807,101475.66281562,47.76645
1739721300000000,BTCUSDT,5m,101475.66281562,101484.47153086,101356.05582799,101388.39654713,20.71565
1739721600000000,BTCUSDT,5m,101388.39654713,101443.87269532,101332.93979281,101382.84990201,79.42097
1739721900000000,BTCUSDT,5m,101382.84990201,101382.84990201,101153.01989274,101178.62608639,79.90896
1739722200000000,BTCUSDT,5m,101178.62608639,101290.08784489,101148.10480282,101262.95343923,27.67788
1739722500000000,BTCUSDT,5m,101262.95343923,101561.1172361,101256.55030502,101561.1172361,158.97541
1739722800000000,BTCUSDT,5m,101561.1172361,101623.74108457,101438.24551175,101453.33992572,96.25539
1739723100000000,BTCUSDT,5m,101453.33992572,101510.16368541,101445.86311524,101507.08988554,49.44058
1739723400000000,BTCUSDT,5m,101507.08988554,101602.68484499,101455.29307849,101546.57864449,50.25387
1739723700000000,BTCUSDT,5m,101546.57864449,101583.12298627,101482.98213278,101545.92365344,39.56671
1739724000000000,BTCUSDT,5m,101545.92365344,101545.92365344,101393.95265462,101455.52879194,160.79539
1739724300000000,BTCUSDT,5m,101455.52879194,101582.67689324,100941.63548155,100941.64599922,275.12266
1739724600000000,BTCUSDT,5m,100941.64599922,101014.19551618,100820.8577533,100887.82727444,41.21931
1739724900000000,BTCUSDT,5m,100887.82727444,100920.42091699,100681.80391125,100769.98548548,149.18322
1739725200000000,BTCUSDT,5m,100769.98548548,100809.48094174,100759.05942383,100779.01181883,19.26599
1739725500000000,BTCUSDT,5m,100779.01181883,100783.25212878,100699.70121956,100769.13753061,18.76297
1739725800000000,BTCUSDT,5m,100769.13753061,100809.26252138,100513.57955369,100577.48337827,171.71163
1739726100000000,BTCUSDT,5m,100577.48337827,100577.49359704,100473.86511792,100528.2391577,43.56572
1739726400000000,BTCUSDT,5m,100528.2391577,100528.24944221,100366.28899092,100425.67174719,78.46315
1739726700000000,BTCUSDT,5m,100425.67174719,100456.82554,100258.39831051,100381.97668354,33.22273
1739727000000000,BTCUSDT,5m,100381.97668354,100381.97668354,100294.32878228,100303.78487395,30.78714
1739727300000000,BTCUSDT,5m,100303.78487395,100312.23219915,100105.52840139,100133.00777525,154.49392
1739727600000000,BTCUSDT,5m,100133.00777525,100218.77678241,100133.00777525,100208.74208992,41.33768
1739727900000000,BTCUSDT,5m,100208.74208992,100704.51607437,100008.89553623,100008.90597754,403.70223
1739728200000000,BTCUSDT,5m,100008.90597754,100031.2917489,99922.74678774,100006.39938815,57.87444
1739728500000000,BTCUSDT,5m,100006.39938815,100556.35976412,99948.43944511,100556.35976412,308.1665
1739728800000000,BTCUSDT,5m,100556.35976412,100570.71461626,100475.01904937,100534.88953859,130.48859
1739729100000000,BTCUSDT,5m,100534.88953859,100651.81626641,100506.60411406,100532.44461401,48.38927
1739729400000000,BTCUSDT,5m,100532.44461401,100532.60814398,100473.03513766,100473.03513766,24.07987
1739729700000000,BTCUSDT,5m,100473.03513766,100473.03513766,100380.21309856,100406.28238957,20.76068
1739730000000000,BTCUSDT,5m,100406.28238957,100406.29193389,100387.90956524,100387.91910956,9.51324
1739730300000000,BTCUSDT,5m,100387.91910956,100419.56271003,100297.75979718,100346.04643456,38.70281
1739730600000000,BTCUSDT,5m,100346.04643456,100349.27878395,100311.45211301,100349.20718127,19.48809
1739730900000000,BTCUSDT,5m,100349.20718127,100358.29627047,100145.99623415,100200.93104075,63.16586
1739731200000000,BTCUSDT,5m,100200.93104075,100237.61249845,100130.13457547,100166.07530976,31.97321
1739731500000000,BTCUSDT,5m,100166.07530976,100409.55384428,99975.2676419,100347.9388682,292.94089
1739731800000000,BTCUSDT,5m,100347.9388682,100548.8614188,100305.02167125,100520.4251264,74.11445
1739732100000000,BTCUSDT,5m,100520.4251264,100631.87028414,100459.67260302,100598.61223345,47.8719
1739732400000000,BTCUSDT,5m,100598.61223345,100598.61223345,100465.01794623,100571.88372324,14.25796
1739732700000000,BTCUSDT,5m,100571.88372324,100700.93595823,100450.60735186,100661.63970382,112.61629
1739733000000000,BTCUSDT,5m,100661.63970382,100690.23941087,100619.03197699,100672.05960377,39.75842
1739733300000000,BTCUSDT,5m,100672.05960377,100688.16008988,100589.13344417,100589.13344417,19.32268
1739733600000000,BTCUSDT,5m,100589.13344417,100746.08767073,100531.57974707,100640.6748447,34.60213
1739733900000000,BTCUSDT,5m,100640.6748447,100715.11559746,100520.67155623,100694.31424139,66.66749
1739734200000000,BTCUSDT,5m,100694.31424139,100713.35343312,100603.1936311,100710.96047214,25.45724
1739734500000000,BTCUSDT,5m,100710.96047214,100797.25626526,100614.76610452,100726.49330289,75.0937
1739734800000000,BTCUSDT,5m,100726.49330289,100837.46523076,100667.14279024,100773.98734114,62.54761
1739735100000000,BTCUSDT,5m,100773.98734114,100773.98734114,100621.47584607,100709.56720641,36.63285
1739735400000000,BTCUSDT,5m,100709.56720641,100818.42098138,100703.71862398,100743.72003963,149.12213
1739735700000000,BTCUSDT,5m,100743.72003963,100895.27925095,100743.72003963,100839.14620972,115.01231
1739736000000000,BTCUSDT,5m,100839.14620972,100925.92743493,100800.74050131,100875.42000942,31.82519
1739736300000000,BTCUSDT,5m,100875.42000942,101116.74587064,100851.59514376,100957.50313896,163.89519
1739736600000000,BTCUSDT,5m,100957.50313896,101128.61267655,100846.31967378,101107.33871688,100.37295
1739736900000000,BTCUSDT,5m,101107.33871688,101203.16407651,101082.55345569,101203.16407651,41.71614
1739737200000000,BTCUSDT,5m,101203.16407651,101257.79739512,100882.82060114,101152.56755311,823.78681
1739737500000000,BTCUSDT,5m,101152.56755311,101165.862286,101018.28238948,101018.29284131,42.68671
1739737800000000,BTCUSDT,5m,101018.29284131,101034.200104,100893.61455909,100893.61455909,66.96792
1739738100000000,BTCUSDT,5m,100893.61455909,101013.95557104,100893.60496099,101013.94597294,17.37136
1739738400000000,BTCUSDT,5m,101013.94597294,101162.36105179,100983.20813549,101102.9387353,50.91737
1739738700000000,BTCUSDT,5m,101102.9387353,101102.9387353,100897.33642347,101012.06303998,80.71642
1739739000000000,BTCUSDT,5m,101012.06303998,101012.0733675,100923.87636957,100923.88669709,16.88522
1739739300000000,BTCUSDT,5m,100923.88669709,100992.01133046,100923.87708853,100977.50241701,30.30434
1739739600000000,BTCUSDT,5m,100977.50241701,101120.96790349,100956.11167609,101052.19585188,49.78372
1739739900000000,BTCUSDT,5m,101052.19585188,101099.65277303,100461.09247734,100528.36274232,218.75029
1739740200000000,BTCUSDT,5m,100528.36274232,100550.79620582,100508.28918746,100541.72918841,23.22177
1739740500000000,BTCUSDT,5m,100541.72918841,100725.14991058,100518.60041017,100633.05285054,44.77249
1739740800000000,BTCUSDT,5m,100633.05285054,100739.49033442,100620.12781987,100717.51107544,15.56154
1739741100000000,BTCUSDT,5m,100717.51107544,100912.38545724,100717.51107544,100864.45477679,59.5523
1739741400000000,BTCUSDT,5m,100864.45477679,100972.32172993,100831.53306696,100938.57258159,29.39708
1739741700000000,BTCUSDT,5m,100938.57258159,101097.13332108,100739.90980505,100945.47229577,137.57162
1739742000000000,BTCUSDT,5m,100945.47229577,101014.11770428,100883.56738752,100897.87532531,29.89459
1739742300000000,BTCUSDT,5m,100897.87532531,100897.87532531,100780.14514945,100780.1555662,14.51614
1739742600000000,BTCUSDT,5m,100780.1555662,101272.38591959,100701.84165073,101127.56774717,485.08395
1739742900000000,BTCUSDT,5m,101127.56774717,101127.56774717,100934.67097345,101016.2952616,36.91674
1739743200000000,BTCUSDT,5m,101016.2952616,101016.30565543,100982.58805627,100982.58805627,8.7439
1739743500000000,BTCUSDT,5m,100982.58805627,101017.44649719,100848.19227137,100915.90191117,114.22654
1739743800000000,BTCUSDT,5m,100915.90191117,100996.67561058,100447.84787447,100580.98657217,124.4823
1739744100000000,BTCUSDT,5m,100580.98657217,100637.959186,100499.69079456,100522.91072541,36.49479
1739744400000000,BTCUSDT,5m,100522.91072541,100747.3762995,100273.60674763,100273.60674763,131.23402
1739744700000000,BTCUSDT,5m,100273.60674763,100273.61703767,100139.51717199,100139.51717199,32.64309
1739745000000000,BTCUSDT,5m,100139.51717199,100145.93149157,100038.67095254,100067.4841581,39.07713
1739745300000000,BTCUSDT,5m,100067.4841581,100074.70262395,100063.49446472,100066.30164589,14.51518
1739745600000000,BTCUSDT,5m,100066.30164589,100066.30164589,99926.46859703,99967.27929839,128.23605
1739745900000000,BTCUSDT,5m,99967.27929839,99993.86533065,99409.19100621,99511.52824039,164.1704
1739746200000000,BTCUSDT,5m,99511.52824039,99511.52824039,99466.57025728,99466.57025728,8.26931
1739746500000000,BTCUSDT,5m,99466.57025728,99511.16445164,99423.42291974,99466.98364494,24.99944
1739746800000000,BTCUSDT,5m,99466.98364494,99490.3963912,99191.66367776,99472.00212511,101.27073
1739747100000000,BTCUSDT,5m,99472.00212511,99528.08554487,99470.55933941,99528.08554487,15.59512
1739747400000000,BTCUSDT,5m,99528.08554487,99596.4131905,99452.06101184,99562.60984196,87.52962
1739747700000000,BTCUSDT,5m,99562.60984196,99665.42939783,99483.16683367,99624.89556125,46.33107
1739748000000000,BTCUSDT,5m,99624.89556125,99640.96867155,99605.91213554,99626.73365518,42.21483
1739748300000000,BTCUSDT,5m,99626.73365518,99749.54976511,99626.73365518,99740.1369261,91.24861
1739748600000000,BTCUSDT,5m,99740.1369261,99760.32731942,99468.14452587,99659.64608525,104.78689
1739748900000000,BTCUSDT,5m,99659.64608525,99952.04124978,99647.43716852,99833.94830013,94.82218
1739749200000000,BTCUSDT,5m,99833.94830013,99972.0017302,99833.93798146,99920.17107176,53.34349
1739749500000000,BTCUSDT,5m,99920.17107176,99960.71844761,99891.15390268,99900.03205831,16.64725
1739749800000000,BTCUSDT,5m,99900.03205831,99903.06481797,99778.99827508,99903.05493928,121.19047
1739750100000000,BTCUSDT,5m,99903.05493928,99962.54807058,99841.8086538,99867.59765544,133.82549
1739750400000000,BTCUSDT,5m,99867.59765544,99867.98181197,99792.05672094,99835.14135355,19.91778
1739750700000000,BTCUSDT,5m,99835.14135355,99895.01543425,99835.13096416,99860.53303379,23.14788
1739751000000000,BTCUSDT,5m,99860.53303379,100020.58674663,99854.81444304,99916.92654896,68.54308
1739751300000000,BTCUSDT,5m,99916.92654896,100050.3172551,99888.11563866,99910.76087005,77.65268
1739751600000000,BTCUSDT,5m,99910.76087005,99956.83154246,99900.94761023,99956.82121271,17.01343
1739751900000000,BTCUSDT,5m,99956.82121271,100002.21467374,99891.90169961,99903.69314029,32.58137
1739752200000000,BTCUSDT,5m,99903.69314029,100288.95160202,99650.98046504,100265.52121961,312.92989
1739752500000000,BTCUSDT,5m,100265.52121961,100407.13269183,100265.51167835,100407.13269183,65.17662
1739752800000000,BTCUSDT,5m,100407.13269183,100416.83194008,100376.5625559,100382.69923526,7.74325
1739753100000000,BTCUSDT,5m,100382.69923526,101054.28909137,100382.68898166,100833.82658112,1051.31094
1739753400000000,BTCUSDT,5m,100833.82658112,101029.69083786,100825.16257098,100826.43435228,25.97977
1739753700000000,BTCUSDT,5m,100826.43435228,100826.44415465,100627.20119842,100637.01336998,54.91757
1739754000000000,BTCUSDT,5m,100637.01336998,100654.11255347,100528.71526361,100575.91254984,70.81016
1739754300000000,BTCUSDT,5m,100575.91254984,100600.29866914,100464.23877605,100480.87994759,47.37368
1739754600000000,BTCUSDT,5m,100480.87994759,100522.73746964,100480.87038453,100522.73746964,24.063
1739754900000000,BTCUSDT,5m,100522.73746964,100522.74790923,100466.63514881,100495.47971756,25.04649
1739755200000000,BTCUSDT,5m,100495.47971756,100501.61860404,100426.79055532,100480.20508954,29.09464
1739755500000000,BTCUSDT,5m,100480.20508954,100644.24575372,100297.26388127,100466.76658083,205.19127
1739755800000000,BTCUSDT,5m,100466.76658083,100485.35052736,100466.75696678,100473.26567439,26.96907
1739756100000000,BTCUSDT,5m,100473.26567439,100487.0095014,100433.0747974,100447.74142422,22.38344
1739756400000000,BTCUSDT,5m,100447.74142422,100497.13234882,100428.63496203,100428.64524538,14.6638
1739756700000000,BTCUSDT,5m,100428.64524538,100471.95756197,100409.8379062,100471.95756197,41.73547
1739757000000000,BTCUSDT,5m,100471.95756197,100697.65585262,100371.3959886,100633.9569951,89.19781
1739757300000000,BTCUSDT,5m,100633.9569951,100677.98128334,100626.9445549,100674.30211068,35.7671
1739757600000000,BTCUSDT,5m,100674.30211068,100688.670436,100642.53640857,100659.31420665,49.14381
1739757900000000,BTCUSDT,5m,100659.31420665,100677.51929413,100382.66541868,100567.28141417,201.8965
1739758200000000,BTCUSDT,5m,100567.28141417,100649.97903509,100357.19305059,100462.66585455,265.46802
1739758500000000,BTCUSDT,5m,100462.66585455,100462.66585455,100345.23049261,100421.57177133,85.45083
1739758800000000,BTCUSDT,5m,100421.57177133,100547.21294826,100380.03536582,100452.61313973,21.30217
1739759100000000,BTCUSDT,5m,100452.61313973,100517.89426966,100413.21330506,100503.09611279,33.96487
1739759400000000,BTCUSDT,5m,100503.09611279,100503.10648707,100410.9932767,100442.17835502,54.19345
1739759700000000,BTCUSDT,5m,100442.17835502,100531.76566689,100421.55535375,100517.61648571,22.99726
1739760000000000,BTCUSDT,5m,100517.61648571,100584.09903825,100517.61648571,100577.70266628,13.95277
1739760300000000,BTCUSDT,5m,100577.70266628,100664.35643206,100555.97415382,100662.10757788,37.86061
1739760600000000,BTCUSDT,5m,100662.10757788,100799.89258762,100587.78128399,100799.88266289,91.0547
1739760900000000,BTCUSDT,5m,100799.88266289,101049.04169912,100782.05195449,101014.59410988,132.53336
1739761200000000,BTCUSDT,5m,101014.59410988,101014.59410988,100595.77755508,100809.98322434,245.09106
1739761500000000,BTCUSDT,5m,100809.98322434,100893.0154726,100601.29472959,100799.05025626,179.46507
1739761800000000,BTCUSDT,5m,100799.05025626,100822.74763247,100795.88932896,100822.10586844,30.86813
1739762100000000,BTCUSDT,5m,100822.10586844,100843.94750286,100701.9717351,100745.09944658,79.45788
1739762400000000,BTCUSDT,5m,100745.09944658,100745.09944658,100601.04771906,100601.05816744,23.45442
1739762700000000,BTCUSDT,5m,100601.05816744,100601.06855556,100443.84429356,100534.79232222,83.581
1739763000000000,BTCUSDT,5m,100534.79232222,100660.80291374,100113.05265794,100350.9525074,192.45298
1739763300000000,BTCUSDT,5m,100350.9525074,100596.43798098,100199.95494693,100580.60280474,291.8898
1739763600000000,BTCUSDT,5m,100580.60280474,100632.95346427,100503.30025612,100632.95346427,41.20258
1739763900000000,BTCUSDT,5m,100632.95346427,100654.07367571,100313.70262029,100531.60743257,167.19403
1739764200000000,BTCUSDT,5m,100531.60743257,100539.82602999,100417.47050656,100452.07890744,61.58735
1739764500000000,BTCUSDT,5m,100452.07890744,100452.08919786,100364.15754674,100364.16783716,11.16929
1739764800000000,BTCUSDT,5m,100364.16783716,100420.56873723,100290.36777178,100420.56873723,28.12828
1739765100000000,BTCUSDT,5m,100420.56873723,100452.55321545,100333.19471772,100333.19471772,20.95259
1739765400000000,BTCUSDT,5m,100333.19471772,100402.33992212,100333.18429173,100367.14176017,39.09212
1739765700000000,BTCUSDT,5m,100367.14176017,100424.2401693,100291.79572965,100312.16857603,34.09843
1739766000000000,BTCUSDT,5m,100312.16857603,100340.84720425,100138.43811813,100179.14959993,67.22852
1739766300000000,BTCUSDT,5m,100179.14959993,100718.2794767,100154.13640634,100678.58990527,209.31381
1739766600000000,BTCUSDT,5m,100678.58990527,100693.79864637,100656.16931102,100656.16931102,23.53996
1739766900000000,BTCUSDT,5m,100656.16931102,100659.13451056,100473.59332697,100487.40003732,29.99354
1739767200000000,BTCUSDT,5m,100487.40003732,100581.06270607,100379.52573273,100483.49454961,79.46303
1739767500000000,BTCUSDT,5m,100483.49454961,100671.9192221,100270.73428584,100286.62441594,136.52604
1739767800000000,BTCUSDT,5m,100286.62441594,100286.62441594,100097.98630517,100130.13460766,47.09233
1739768100000000,BTCUSDT,5m,100130.13460766,100185.81104432,100060.24224582,100088.60119401,55.59109
1739768400000000,BTCUSDT,5m,100088.60119401,100172.81033766,99673.30259614,99689.68342591,215.63372
1739768700000000,BTCUSDT,5m,99689.68342591,99689.68342591,99649.73778297,99672.82972583,14.45872
1739769000000000,BTCUSDT,5m,99672.82972583,99736.73719196,99661.11491349,99674.47955326,23.97279
1739769300000000,BTCUSDT,5m,99674.47955326,99972.18098336,99563.69348345,99671.16296946,185.50411
1739769600000000,BTCUSDT,5m,99671.16296946,100181.61144168,99646.07998576,100143.93049605,236.91777
1739769900000000,BTCUSDT,5m,100143.93049605,100335.00349655,100143.92073547,100315.7654048,61.98723
1739770200000000,BTCUSDT,5m,100315.7654048,100496.14370924,100286.81125802,100314.41632348,102.78292
1739770500000000,BTCUSDT,5m,100314.41632348,100458.2112768,100293.54402224,100458.2112768,33.1832
1739770800000000,BTCUSDT,5m,100458.2112768,100458.2112768,100346.19328735,100366.34277083,44.79102
1739771100000000,BTCUSDT,5m,100366.34277083,100366.34277083,100130.72337203,100187.98756114,83.13606
1739771400000000,BTCUSDT,5m,100187.98756114,100235.35455203,100156.60078345,100210.59546532,18.8031
1739771700000000,BTCUSDT,5m,100210.59546532,100259.26558977,100193.43850815,100230.90564448,16.52636
1739772000000000,BTCUSDT,5m,100230.90564448,100336.01964812,100230.90564448,100336.01008882,25.31438
1739772300000000,BTCUSDT,5m,100336.01008882,100336.01008882,100144.91944403,100236.39036125,28.45347
1739772600000000,BTCUSDT,5m,100236.39036125,100236.39036125,100159.96982473,100160.41401006,56.43473
1739772900000000,BTCUSDT,5m,100160.41401006,100195.99722306,100132.04115519,100161.93449672,21.19166
1739773200000000,BTCUSDT,5m,100161.93449672,100191.99772738,99837.55063244,99929.12507936,84.90549
1739773500000000,BTCUSDT,5m,99929.12507936,100009.6358896,99849.85225676,99971.59117671,41.66287
1739773800000000,BTCUSDT,5m,99971.59117671,100114.80632642,99854.9315481,99968.94164626,174.94216
1739774100000000,BTCUSDT,5m,99968.94164626,99972.92640148,99883.58345314,99915.28645394,48.9861
1739774400000000,BTCUSDT,5m,99915.28645394,100004.6913624,99913.26010643,99978.98335759,43.00961
1739774700000000,BTCUSDT,5m,99978.98335759,99980.93332935,99678.54326321,99851.37885596,194.19044
1739775000000000,BTCUSDT,5m,99851.37885596,99906.95558222,99700.55543618,99859.80668337,36.89581
1739775300000000,BTCUSDT,5m,99859.80668337,99892.35315172,99759.59727268,99786.45227102,38.18595
1739775600000000,BTCUSDT,5m,99786.45227102,99841.0149337,99360.05170602,99554.56095462,394.02124
1739775900000000,BTCUSDT,5m,99554.56095462,99927.84081626,99290.05654611,99601.59144559,393.27638
1739776200000000,BTCUSDT,5m,99601.59144559,99698.02258159,99592.13281914,99689.33509186,41.24001
1739776500000000,BTCUSDT,5m,99689.33509186,99689.34529567,99644.26484504,99644.27504886,29.02046
1739776800000000,BTCUSDT,5m,99644.27504886,99698.99439244,99644.26531578,99651.107667,24.61086
1739777100000000,BTCUSDT,5m,99651.107667,99651.107667,99592.43209563,99592.43209563,16.38455
1739777400000000,BTCUSDT,5m,99592.43209563,99639.14341809,99592.42236411,99606.93206865,13.89792
1739777700000000,BTCUSDT,5m,99606.93206865,99620.96183125,99362.90752825,99398.92029559,54.12856
1739778000000000,BTCUSDT,5m,99398.92029559,99405.12448817,99190.30432025,99217.27316985,59.91405
1739778300000000,BTCUSDT,5m,99217.27316985,99217.27316985,98904.20881974,99022.95068279,173.95101
1739778600000000,BTCUSDT,5m,99022.95068279,99062.55866184,99009.81227786,99062.55866184,9.41425
1739778900000000,BTCUSDT,5m,99062.55866184,99091.35372815,99040.87234537,99089.61511929,12.40278
1739779200000000,BTCUSDT,5m,99089.61511929,99104.68450955,99046.24040816,99074.25731965,28.289
1739779500000000,BTCUSDT,5m,99074.25731965,99500.52374731,99036.70575482,99486.77289385,129.94591
1739779800000000,BTCUSDT,5m,99486.77289385,99620.03159986,99460.50614984,99532.19635305,30.50211
1739780100000000,BTCUSDT,5m,99532.19635305,99730.96447647,99466.96916345,99698.14111582,63.9674
1739780400000000,BTCUSDT,5m,99698.14111582,99733.33371385,99631.88699739,99649.37348295,179.45133
1739780700000000,BTCUSDT,5m,99649.37348295,99731.20156694,99571.80054018,99571.80054018,53.45944
1739781000000000,BTCUSDT,5m,99571.80054018,99735.11330342,99521.58428396,99735.11330342,83.35763
1739781300000000,BTCUSDT,5m,99735.11330342,99735.11330342,99609.0032757,99649.82478067,23.70018
1739781600000000,BTCUSDT,5m,99649.82478067,99649.82478067,99513.00182275,99513.00182275,42.48094
1739781900000000,BTCUSDT,5m,99513.00182275,99526.54357653,99391.65098826,99526.53385524,74.04604
1739782200000000,BTCUSDT,5m,99526.53385524,99558.469258,99500.71658171,99509.70899985,12.42023
1739782500000000,BTCUSDT,5m,99509.70899985,99556.00753475,99338.09896088,99351.87071603,41.78404
1739782800000000,BTCUSDT,5m,99351.87071603,99393.06319473,99314.05994169,99393.06319473,11.51266
1739783100000000,BTCUSDT,5m,99393.06319473,99393.07360911,99170.14329441,99173.45506868,64.98358
1739783400000000,BTCUSDT,5m,99173.45506868,99508.02774261,99115.26154657,99461.301296,296.02137
1739783700000000,BTCUSDT,5m,99461.301296,99461.301296,99146.93421269,99250.80466517,109.04958
1739784000000000,BTCUSDT,5m,99250.80466517,99250.80466517,99057.92110227,99057.92110227,59.39909
1739784300000000,BTCUSDT,5m,99057.92110227,99124.68282581,99022.51629414,99053.65466135,35.40787
1739784600000000,BTCUSDT,5m,99053.65466135,99094.43981253,98943.36680211,99007.88281528,32.33244
1739784900000000,BTCUSDT,5m,99007.88281528,99070.84534853,98939.79877973,99070.8350437,158.04342
1739785200000000,BTCUSDT,5m,99070.8350437,99070.8350437,99002.29313795,99022.43598622,26.46029
1739785500000000,BTCUSDT,5m,99022.43598622,99036.50696682,98807.25344621,98807.26379251,122.89667
1739785800000000,BTCUSDT,5m,98807.26379251,98857.44546341,98760.95262684,98826.43991489,64.78285
1739786100000000,BTCUSDT,5m,98826.43991489,98847.68374909,98778.80813777,98799.77474456,48.51822
1739786400000000,BTCUSDT,5m,98799.77474456,98805.14370006,98757.44692207,98799.00775091,18.77331
1739786700000000,BTCUSDT,5m,98799.00775091,98809.59677334,98770.5680842,98770.57819787,18.70899
1739787000000000,BTCUSDT,5m,98770.57819787,99429.15848257,98743.63890767,99375.80074773,190.84876
1739787300000000,BTCUSDT,5m,99375.80074773,99443.17581796,99356.29025345,99414.78273482,38.29422
1739787600000000,BTCUSDT,5m,99414.78273482,99435.71114138,99414.78273482,99435.70162847,9.57799
1739787900000000,BTCUSDT,5m,99435.70162847,99435.70162847,99373.50947999,99406.04372861,16.92017
1739788200000000,BTCUSDT,5m,99406.04372861,99650.32615421,99243.3151719,99580.86616628,141.18851
1739788500000000,BTCUSDT,5m,99580.86616628,99635.62257172,99580.86616628,99635.62257172,19.87797
1739788800000000,BTCUSDT,5m,99635.62257172,99672.62226245,99620.96172961,99652.36892642,26.11273
1739789100000000,BTCUSDT,5m,99652.36892642,99652.36892642,99335.20002821,99632.17553054,100.20711
1739789400000000,BTCUSDT,5m,99632.17553054,99682.88907359,99466.84187606,99519.01567711,101.09653
1739789700000000,BTCUSDT,5m,99519.01567711,99689.37446524,99491.20595461,99670.08625404,29.30194
1739790000000000,BTCUSDT,5m,99670.08625404,99697.43949918,99635.05354412,99693.40584091,17.71412
1739790300000000,BTCUSDT,5m,99693.40584091,99763.72409321,99693.39635767,99751.48122555,15.56794
1739790600000000,BTCUSDT,5m,99751.48122555,100011.32181824,99623.28133038,99673.2329787,269.35164
1739790900000000,BTCUSDT,5m,99673.2329787,100378.15040297,99513.99779896,99665.13233714,501.52829
1739791200000000,BTCUSDT,5m,99665.13233714,99948.6925081,99647.1235712,99948.68212243,112.46491
1739791500000000,BTCUSDT,5m,99948.68212243,100016.9633477,99899.15217647,99971.3471565,28.89256
1739791800000000,BTCUSDT,5m,99971.3471565,100003.67787462,99898.42687975,99927.16184172,38.50741
1739792100000000,BTCUSDT,5m,99927.16184172,100087.27122275,99872.87488861,99960.17958171,149.48876
1739792400000000,BTCUSDT,5m,99960.17958171,99960.18983502,99915.5777088,99915.5777088,16.0136
1739792700000000,BTCUSDT,5m,99915.5777088,99944.74894256,99915.56819127,99936.36399739,9.097
1739793000000000,BTCUSDT,5m,99936.36399739,99987.00954767,99927.39132188,99980.55982359,18.29634
1739793300000000,BTCUSDT,5m,99980.55982359,99980.55982359,99912.00396558,99919.17614343,43.85276
1739793600000000,BTCUSDT,5m,99919.17614343,99923.79132629,99817.01277741,99855.76505662,36.2306
1739793900000000,BTCUSDT,5m,99855.76505662,100186.89331349,99855.76505662,100186.88306692,144.44807
1739794200000000,BTCUSDT,5m,100186.88306692,100398.93616791,99979.58714036,100156.40229192,183.92261
1739794500000000,BTCUSDT,5m,100156.40229192,100157.6014878,100007.48310167,100119.53177725,97.45879
1739794800000000,BTCUSDT,5m,100119.53177725,100119.53177725,100003.90490594,100003.90490594,29.7088
1739795100000000,BTCUSDT,5m,100003.90490594,100003.91511186,99871.91175118,99923.41082015,35.40547
1739795400000000,BTCUSDT,5m,99923.41082015,100026.74531849,99773.14042885,99988.96790443,111.66265
1739795700000000,BTCUSDT,5m,99988.96790443,100052.3074692,99955.74880144,100006.82943217,31.2084
1739796000000000,BTCUSDT,5m,100006.82943217,100012.51521585,99865.78192924,100012.51521585,68.40959
1739796300000000,BTCUSDT,5m,100012.51521585,100030.52004009,99776.02384769,99917.54156128,152.96429
1739796600000000,BTCUSDT,5m,99917.54156128,99940.4655019,99725.7865996,99777.9877765,55.07099
1739796900000000,BTCUSDT,5m,99777.9877765,100281.06254802,99777.68249531,100153.18789197,277.75801
1739797200000000,BTCUSDT,5m,100153.18789197,100168.12114142,100101.2948501,100148.24843253,51.17023
1739797500000000,BTCUSDT,5m,100148.24843253,100246.39470698,100085.26445199,100136.48187088,56.97462
1739797800000000,BTCUSDT,5m,100136.48187088,100471.67208808,100104.4351099,100469.33361966,75.08262
1739798100000000,BTCUSDT,5m,100469.33361966,100498.18269888,100437.70365812,100498.17239931,24.0952
1739798400000000,BTCUSDT,5m,100498.17239931,100507.62454251,100471.37073403,100497.47224056,24.44908
1739798700000000,BTCUSDT,5m,100497.47224056,100581.64392639,100490.49362741,100561.85725977,63.95558
1739799000000000,BTCUSDT,5m,100561.85725977,100618.31014758,100278.0218877,100317.03339098,109.98592
1739799300000000,BTCUSDT,5m,100317.03339098,100613.69484465,100291.01747545,100557.07258899,146.97566
1739799600000000,BTCUSDT,5m,100557.07258899,100573.8331719,100469.22437324,100526.03447248,25.36262
1739799900000000,BTCUSDT,5m,100526.03447248,100526.03447248,100275.10028528,100311.51916284,73.10271
1739800200000000,BTCUSDT,5m,100311.51916284,100356.10712409,100262.46291866,100356.09763729,38.85875
1739800500000000,BTCUSDT,5m,100356.09763729,100356.09763729,100245.77690555,100287.43917063,36.44464
1739800800000000,BTCUSDT,5m,100287.43917063,100492.58837688,100237.46026956,100323.37523899,125.06093
1739801100000000,BTCUSDT,5m,100323.37523899,100335.54365587,100197.51931684,100306.21613332,150.75058
1739801400000000,BTCUSDT,5m,100306.21613332,100306.22656896,100224.28591286,100224.29634851,23.72549
1739801700000000,BTCUSDT,5m,100224.29634851,100296.50601742,100178.04888885,100287.20037974,22.30522
1739802000000000,BTCUSDT,5m,100287.20037974,100287.21084503,99972.75003844,100103.07420059,79.99347
1739802300000000,BTCUSDT,5m,100103.07420059,100153.46854592,100096.96085114,100110.35839563,19.94753
1739802600000000,BTCUSDT,5m,100110.35839563,100110.35839563,99997.04349229,100054.27657846,49.75166
1739802900000000,BTCUSDT,5m,100054.27657846,100270.50186618,99616.72058031,99742.25016099,168.20986
1739803200000000,BTCUSDT,5m,99742.25016099,99778.88120583,99710.5705441,99760.50379056,7.51624
1739803500000000,BTCUSDT,5m,99760.50379056,99810.66944477,99760.50379056,99779.22817261,11.81757
1739803800000000,BTCUSDT,5m,99779.22817261,99837.43555529,99778.69910889,99807.65238015,26.98133
1739804100000000,BTCUSDT,5m,99807.65238015,99909.16144242,99744.68899559,99832.89694079,48.88136
1739804400000000,BTCUSDT,5m,99832.89694079,99832.90643729,99764.20875592,99795.51871659,18.25125
1739804700000000,BTCUSDT,5m,99795.51871659,99804.64482789,99718.2109202,99725.78321005,19.82266
1739805000000000,BTCUSDT,5m,99725.78321005,99725.78321005,99479.33750088,99493.24160237,33.99782
1739805300000000,BTCUSDT,5m,99493.24160237,99536.39263289,99451.44294263,99500.83568441,40.21766
1739805600000000,BTCUSDT,5m,99500.83568441,99528.80133734,99378.99075654,99525.50233828,30.53256
1739805900000000,BTCUSDT,5m,99525.50233828,99666.08117558,99286.76182455,99417.35777596,233.14744
1739806200000000,BTCUSDT,5m,99417.35777596,99440.96046045,99321.09765018,99374.46423939,82.37388
1739806500000000,BTCUSDT,5m,99374.46423939,99476.09196296,99325.69464056,99446.55637629,42.26639
1739806800000000,BTCUSDT,5m,99446.55637629,99497.52653068,99389.74772813,99465.93851639,90.17191
1739807100000000,BTCUSDT,5m,99465.93851639,99465.93851639,99332.27726193,99411.40778275,32.79947
1739807400000000,BTCUSDT,5m,99411.40778275,99420.89833317,99186.28740258,99229.63752238,118.42632
1739807700000000,BTCUSDT,5m,99229.63752238,99398.30646028,99229.63752238,99387.36405396,27.52637
1739808000000000,BTCUSDT,5m,99387.36405396,99423.24119411,99106.73683181,99299.63004159,270.86558
1739808300000000,BTCUSDT,5m,99299.63004159,99469.31651782,98983.21551212,99028.56054183,302.64897
1739808600000000,BTCUSDT,5m,99028.56054183,99062.43834739,98997.96090619,98997.97105532,19.66626
1739808900000000,BTCUSDT,5m,98997.97105532,99362.36433719,98960.6611289,99310.10847557,84.47454
1739809200000000,BTCUSDT,5m,99310.10847557,99390.48934308,99120.87953217,99166.97301205,78.59071
1739809500000000,BTCUSDT,5m,99166.97301205,99364.4241819,99166.97301205,99364.41454355,33.29144
1739809800000000,BTCUSDT,5m,99364.41454355,99364.42475842,99158.44204876,99213.39801097,27.75438
1739810100000000,BTCUSDT,5m,99213.39801097,99344.79348502,98886.42043539,98901.39889414,129.70189
1739810400000000,BTCUSDT,5m,98901.39889414,98901.39889414,98740.64981146,98746.70442636,48.2414
1739810700000000,BTCUSDT,5m,98746.70442636,98777.07012883,98722.98659678,98777.07012883,19.8406
1739811000000000,BTCUSDT,5m,98777.07012883,98806.27702085,98755.17256314,98786.44755858,11.78301
1739811300000000,BTCUSDT,5m,98786.44755858,98817.17293244,98733.02134181,98780.17934006,22.38225
1739811600000000,BTCUSDT,5m,98780.17934006,99062.36618492,98670.21541198,98937.5687059,188.41243
1739811900000000,BTCUSDT,5m,98937.5687059,99058.39622383,98850.4469928,98964.43963764,120.41755
1739812200000000,BTCUSDT,5m,98964.43963764,99078.82234363,98820.86556382,99027.82717749,103.69914
1739812500000000,BTCUSDT,5m,99027.82717749,99027.82717749,98919.44758134,98919.98544534,26.0821
1739812800000000,BTCUSDT,5m,98919.98544534,99128.61761686,98892.48961681,99103.75998084,125.92378
1739813100000000,BTCUSDT,5m,99103.75998084,99112.97343162,99070.323601,99072.27502735,15.82332
1739813400000000,BTCUSDT,5m,99072.27502735,99297.722177,98972.69837056,99291.14371915,132.50943
1739813700000000,BTCUSDT,5m,99291.14371915,99437.43967941,99263.35755205,99271.09044913,48.23194
1739814000000000,BTCUSDT,5m,99271.09044913,99286.02983427,99142.93547516,99231.64387388,48.78936
1739814300000000,BTCUSDT,5m,99231.64387388,99231.66275356,99207.21355668,99207.21355668,11.74776
1739814600000000,BTCUSDT,5m,99207.21355668,99207.22299758,99172.69763653,99181.47767092,19.43506
1739814900000000,BTCUSDT,5m,99181.47767092,99186.85760973,99156.88366493,99156.89391243,11.48483
1739815200000000,BTCUSDT,5m,99156.89391243,99309.66368231,99137.67142684,99145.02506295,80.74254
1739815500000000,BTCUSDT,5m,99145.02506295,99252.62330388,99145.02506295,99216.52296236,16.41398
1739815800000000,BTCUSDT,5m,99216.52296236,99610.90624495,99192.37293635,99597.36823651,134.65458
1739816100000000,BTCUSDT,5m,99597.36823651,99788.69978461,99597.35786568,99788.68941377,54.20355
1739816400000000,BTCUSDT,5m,99788.68941377,99827.29205042,99760.84613439,99827.28255408,9.45374
1739816700000000,BTCUSDT,5m,99827.28255408,99831.22794896,99602.67542916,99651.3119341,87.96721
1739817000000000,BTCUSDT,5m,99651.3119341,99677.0429786,99610.33665249,99670.5053494,19.24948
1739817300000000,BTCUSDT,5m,99670.5053494,99670.5053494,99501.5925382,99573.77461286,58.50239
1739817600000000,BTCUSDT,5m,99573.77461286,99824.61287645,99157.22364315,99190.81597311,378.13883
1739817900000000,BTCUSDT,5m,99190.81597311,99310.9429989,99187.13681737,99310.9429989,60.55204
1739818200000000,BTCUSDT,5m,99310.9429989,99343.42589394,99274.40862679,99288.67510617,45.3739
1739818500000000,BTCUSDT,5m,99288.67510617,99400.42660976,99201.2617626,99387.13535112,47.30332
1739818800000000,BTCUSDT,5m,99387.13535112,99441.81542439,99382.4045001,99434.40307808,11.07248
1739819100000000,BTCUSDT,5m,99434.40307808,99564.2535509,99427.37323874,99548.79773631,53.60233
1739819400000000,BTCUSDT,5m,99548.79773631,99606.73259809,99476.48230871,99483.88895423,29.70471
1739819700000000,BTCUSDT,5m,99483.88895423,99501.55091299,99483.8787568,99501.54071555,7.32071
1739820000000000,BTCUSDT,5m,99501.54071555,99623.96979336,99431.12818753,99618.46364651,62.48007
1739820300000000,BTCUSDT,5m,99618.46364651,99848.1287228,99562.74563913,99707.50299691,134.30017
1739820600000000,BTCUSDT,5m,99707.50299691,99707.51330345,99651.65187137,99655.61988823,17.11884
1739820900000000,BTCUSDT,5m,99655.61988823,99701.26702989,99655.60082888,99701.26702989,8.51701
1739821200000000,BTCUSDT,5m,99701.26702989,99726.13124329,99583.08169211,99674.21592653,69.22046
1739821500000000,BTCUSDT,5m,99674.21592653,99674.21592653,99150.77592867,99197.37022384,146.47405
1739821800000000,BTCUSDT,5m,99197.37022384,99287.13997907,99197.35999134,99287.12974657,27.74943
1739822100000000,BTCUSDT,5m,99287.12974657,99455.60672302,99172.03996652,99433.14111762,133.47199
1739822400000000,BTCUSDT,5m,99433.14111762,99547.9175833,99433.12039423,99544.34279945,41.13286
1739822700000000,BTCUSDT,5m,99544.34279945,99570.40210405,99499.2069321,99499.2069321,13.20759
1739823000000000,BTCUSDT,5m,99499.2069321,99527.70000671,99485.20064857,99503.85865401,10.13997
1739823300000000,BTCUSDT,5m,99503.85865401,99716.34710777,99366.21654415,99637.6813434,86.74295
1739823600000000,BTCUSDT,5m,99637.6813434,99637.6813434,99266.25740752,99468.70374612,272.48355
1739823900000000,BTCUSDT,5m,99468.70374612,99536.03036441,99349.95187332,99536.03036441,88.49021
1739824200000000,BTCUSDT,5m,99536.03036441,99571.8245935,99491.75666599,99571.81434021,15.77943
1739824500000000,BTCUSDT,5m,99571.81434021,99571.82454807,99552.36837302,99552.37858087,3.09315
1739824800000000,BTCUSDT,5m,99552.37858087,99665.25455812,99388.15459245,99388.15459245,30.59324
1739825100000000,BTCUSDT,5m,99388.15459245,99388.15459245,99341.79797722,99341.80817894,5.88607
1739825400000000,BTCUSDT,5m,99341.80817894,99392.26773488,99317.8728917,99341.22489062,29.50941
1739825700000000,BTCUSDT,5m,99341.22489062,99363.69129368,99167.40949189,99181.7722928,40.75947
1739826000000000,BTCUSDT,5m,99181.7722928,99203.05314846,99112.98308626,99203.05314846,20.31197
1739826300000000,BTCUSDT,5m,99203.05314846,99309.72420954,99203.04291426,99292.80707781,40.33867
1739826600000000,BTCUSDT,5m,99292.80707781,99321.892816,99281.70682247,99307.39598483,13.10523
1739826900000000,BTCUSDT,5m,99307.39598483,99307.4062842,99102.58274457,99177.08837567,79.36634
1739827200000000,BTCUSDT,5m,99177.08837567,99224.36693638,99149.39512138,99205.01467277,62.75991
1739827500000000,BTCUSDT,5m,99205.01467277,99207.75784715,99082.64258173,99149.44754577,35.8782
1739827800000000,BTCUSDT,5m,99149.44754577,99313.44252408,99149.44754577,99264.9307363,80.51101
1739828100000000,BTCUSDT,5m,99264.9307363,99264.9307363,99102.63721388,99136.34377385,150.35653
1739828400000000,BTCUSDT,5m,99136.34377385,99183.9945211,99094.85756274,99103.33760834,28.21296
1739828700000000,BTCUSDT,5m,99103.33760834,99145.2161698,98988.69162155,99029.44381512,57.71578
1739829000000000,BTCUSDT,5m,99029.44381512,99086.00227853,99019.57755051,99086.00227853,10.00875
1739829300000000,BTCUSDT,5m,99086.00227853,99097.08018246,99074.00637324,99082.40247548,31.90386
1739829600000000,BTCUSDT,5m,99082.40247548,99115.99063863,99076.69454837,99115.99063863,46.36804
1739829900000000,BTCUSDT,5m,99115.99063863,99184.58686495,99003.61001689,99003.62011943,127.05387
1739830200000000,BTCUSDT,5m,99003.62011943,99003.62011943,98937.08750527,98990.38931812,26.41722
1739830500000000,BTCUSDT,5m,98990.38931812,99342.95032519,98953.50809755,99334.01064902,84.07548
1739830800000000,BTCUSDT,5m,99334.01064902,99578.60028103,99160.9849028,99470.94220196,114.71272
1739831100000000,BTCUSDT,5m,99470.94220196,99472.03588288,99221.94416716,99235.96134377,102.30682
1739831400000000,BTCUSDT,5m,99235.96134377,99242.7771383,99190.62459389,99236.29754888,11.39813
1739831700000000,BTCUSDT,5m,99236.29754888,99275.85926935,99235.06548941,99245.24210657,15.32519
1739832000000000,BTCUSDT,5m,99245.24210657,99299.68098028,99201.14130929,99211.4793857,79.01604
1739832300000000,BTCUSDT,5m,99211.4793857,99322.71118608,99202.69685654,99264.09314672,35.87391
1739832600000000,BTCUSDT,5m,99264.09314672,99288.33090981,99146.73282812,99252.20416266,51.54183
1739832900000000,BTCUSDT,5m,99252.20416266,99320.88927965,99252.20416266,99317.34704103,68.77127
1739833200000000,BTCUSDT,5m,99317.34704103,99332.3395167,99145.44701172,99225.69783185,29.08433
1739833500000000,BTCUSDT,5m,99225.69783185,99225.70796489,99170.00663767,99181.81163061,53.20895
1739833800000000,BTCUSDT,5m,99181.81163061,99188.36015855,99060.24184748,99180.69595548,26.94017
1739834100000000,BTCUSDT,5m,99180.69595548,99268.6285388,99164.25957264,99209.05697537,37.18775
1739834400000000,BTCUSDT,5m,99209.05697537,99503.7531779,99203.08436914,99367.98355012,67.45521
1739834700000000,BTCUSDT,5m,99367.98355012,99367.98355012,99138.00527583,99141.94690736,62.75891
1739835000000000,BTCUSDT,5m,99141.94690736,99312.14840972,99068.29438698,99263.09488185,255.80685
1739835300000000,BTCUSDT,5m,99263.09488185,99310.45339495,99141.04802743,99149.79055779,47.45597
1739835600000000,BTCUSDT,5m,99149.79055779,99205.78740849,99061.62724781,99069.27287402,22.04003
1739835900000000,BTCUSDT,5m,99069.27287402,99094.85923772,99019.38436641,99073.34120388,43.13859
1739836200000000,BTCUSDT,5m,99073.34120388,99111.79879956,98922.65885303,99054.62847684,58.32497
1739836500000000,BTCUSDT,5m,99054.62847684,99059.45382021,98939.72877345,98976.07027162,69.01295
1739836800000000,BTCUSDT,5m,98976.07027162,99051.22675472,98968.12172032,99001.04702596,45.23311
1739837100000000,BTCUSDT,5m,99001.04702596,99179.9288636,98976.12881628,98979.92664637,61.54528
1739837400000000,BTCUSDT,5m,98979.92664637,99154.06534119,98979.91669559,99066.299439,86.57063
1739837700000000,BTCUSDT,5m,99066.299439,99181.5120079,99048.75096324,99161.76749966,28.17572
1739838000000000,BTCUSDT,5m,99161.76749966,99413.48165621,98908.17717324,99178.37743284,609.23029
1739838300000000,BTCUSDT,5m,99178.37743284,99226.34592369,99036.25878145,99143.02900471,52.62614
1739838600000000,BTCUSDT,5m,99143.02900471,99188.80675262,99084.01492494,99164.91482077,97.64647
1739838900000000,BTCUSDT,5m,99164.91482077,99198.51243552,99164.89449553,99198.5022729,6.74315
1739839200000000,BTCUSDT,5m,99198.5022729,99242.26779368,99174.16198093,99174.17219936,10.74356
1739839500000000,BTCUSDT,5m,99174.17219936,99242.87202988,99159.89440593,99242.8618822,35.00135
1739839800000000,BTCUSDT,5m,99242.8618822,99242.8618822,99174.24696958,99174.25732342,9.55884
1739840100000000,BTCUSDT,5m,99174.25732342,99216.5804843,99110.57225313,99216.57071216,27.52926
1739840400000000,BTCUSDT,5m,99216.57071216,99277.72157102,99055.49835162,99106.67641507,56.84692
1739840700000000,BTCUSDT,5m,99106.67641507,99123.33426243,99066.44537469,99099.50682876,14.62552
1739841000000000,BTCUSDT,5m,99099.50682876,99259.36345034,98946.31986433,99249.47631927,49.06026
1739841300000000,BTCUSDT,5m,99249.47631927,99290.26518695,99212.20125329,99278.27510922,17.72126
1739841600000000,BTCUSDT,5m,99278.27510922,99309.94438222,99187.7754444,99255.68334121,46.27209
1739841900000000,BTCUSDT,5m,99255.68334121,99255.69353593,99123.16221468,99225.068606,15.04853
1739842200000000,BTCUSDT,5m,99225.068606,99334.84539151,99202.4802793,99319.0314943,69.48889
1739842500000000,BTCUSDT,5m,99319.0314943,99382.46267176,99172.89212656,99332.94086484,55.26644
1739842800000000,BTCUSDT,5m,99332.94086484,99398.47366417,99332.94086484,99396.95249465,20.85361
1739843100000000,BTCUSDT,5m,99396.95249465,99581.7529888,99233.86642117,99532.03566783,163.32424
1739843400000000,BTCUSDT,5m,99532.03566783,99532.03566783,99056.15101554,99191.96628014,292.99756
1739843700000000,BTCUSDT,5m,99191.96628014,99234.14492994,99105.75713401,99163.01953936,47.00115
1739844000000000,BTCUSDT,5m,99163.01953936,99237.36508518,98896.14680991,99039.63157641,147.9687
1739844300000000,BTCUSDT,5m,99039.63157641,99045.2855625,99011.15294178,99026.32194137,26.02641
1739844600000000,BTCUSDT,5m,99026.32194137,99184.60619125,99026.32194137,99148.6913183,26.00581
1739844900000000,BTCUSDT,5m,99148.6913183,99235.22679991,99022.85756678,99022.85756678,218.8749
1739845200000000,BTCUSDT,5m,99022.85756678,99078.74219194,99022.84787972,99040.42988608,26.07073
1739845500000000,BTCUSDT,5m,99040.42988608,99198.60276937,99040.4195066,99082.86119698,49.59213
1739845800000000,BTCUSDT,5m,99082.86119698,99195.58153816,98907.55673456,99039.69037149,221.04243
1739846100000000,BTCUSDT,5m,99039.69037149,99332.07530643,99025.20445284,99101.25809961,174.75766
1739846400000000,BTCUSDT,5m,99101.25809961,99161.90662195,99014.76515407,99142.77678268,34.86168
1739846700000000,BTCUSDT,5m,99142.77678268,99197.27017869,98877.76136166,99045.89619396,270.21637
1739847000000000,BTCUSDT,5m,99045.89619396,99045.90634517,99008.13369191,99045.3480286,13.48598
1739847300000000,BTCUSDT,5m,99045.3480286,99109.26113637,99040.26890891,99097.85611107,31.39554
1739847600000000,BTCUSDT,5m,99097.85611107,99114.61247938,98918.2200871,98922.33264278,103.792
1739847900000000,BTCUSDT,5m,98922.33264278,98945.1823012,98903.66279993,98938.41203204,26.9399
1739848200000000,BTCUSDT,5m,98938.41203204,98999.89369771,98918.59321412,98918.60263371,24.4493
1739848500000000,BTCUSDT,5m,98918.60263371,99088.12789089,98885.86672198,99035.52677061,61.21369
1739848800000000,BTCUSDT,5m,99035.52677061,99283.55036255,98681.87649338,99213.11280873,179.69887
1739849100000000,BTCUSDT,5m,99213.11280873,99264.38092787,99104.43203911,99104.44209563,77.85695
1739849400000000,BTCUSDT,5m,99104.44209563,99111.69015811,99017.83307132,99017.83307132,14.59274
1739849700000000,BTCUSDT,5m,99017.83307132,99037.77002984,99003.51909442,99037.75976892,14.40278
1739850000000000,BTCUSDT,5m,99037.75976892,99044.10313832,98903.59903838,98914.14067642,16.16997
1739850300000000,BTCUSDT,5m,98914.14067642,98967.63215302,98862.54483228,98911.55222396,58.10854
1739850600000000,BTCUSDT,5m,98911.55222396,99039.58484543,98911.54191205,99026.48872516,33.47183
1739850900000000,BTCUSDT,5m,99026.48872516,99206.01237306,98956.40170064,99115.24393147,268.09745
1739851200000000,BTCUSDT,5m,99115.24393147,99230.1710904,98637.08679856,98746.11672878,258.80993
1739851500000000,BTCUSDT,5m,98746.11672878,98764.82583083,98687.12814908,98712.990435,46.05173
1739851800000000,BTCUSDT,5m,98712.990435,98743.27165018,98712.990435,98732.56037562,12.01719
1739852100000000,BTCUSDT,5m,98732.56037562,98732.56978235,98603.09552329,98603.10493002,73.35771
1739852400000000,BTCUSDT,5m,98603.10493002,98669.74488366,98494.50110044,98651.93350655,128.33403
1739852700000000,BTCUSDT,5m,98651.93350655,98750.77131853,98635.46053789,98747.35738382,29.87944
1739853000000000,BTCUSDT,5m,98747.35738382,98882.04500424,98738.48335324,98746.29928793,52.01297
1739853300000000,BTCUSDT,5m,98746.29928793,98746.30893188,98354.16673192,98475.42008592,84.71756
1739853600000000,BTCUSDT,5m,98475.42008592,98558.47016927,98422.99663616,98481.68331868,28.70587
1739853900000000,BTCUSDT,5m,98481.68331868,98910.02119028,98464.46837473,98662.08006304,134.77717
1739854200000000,BTCUSDT,5m,98662.08006304,98681.58882215,98588.94262304,98655.36627461,40.44541
1739854500000000,BTCUSDT,5m,98655.36627461,98675.17598312,98474.97024739,98492.84541405,53.16623
1739854800000000,BTCUSDT,5m,98492.84541405,98532.45669135,98477.68329925,98532.44659673,11.06517
1739855100000000,BTCUSDT,5m,98532.44659673,98622.75114493,98532.44659673,98622.75114493,17.20692
1739855400000000,BTCUSDT,5m,98622.75114493,98683.64769553,98610.72370121,98643.89994699,9.86672
1739855700000000,BTCUSDT,5m,98643.89994699,98665.24500552,98177.03181779,98200.17866544,103.66939
1739856000000000,BTCUSDT,5m,98200.17866544,98343.14451975,98127.39476014,98342.39531833,54.66471
1739856300000000,BTCUSDT,5m,98342.39531833,98342.39531833,98244.07431096,98300.26506387,51.14176
1739856600000000,BTCUSDT,5m,98300.26506387,98345.93382467,98260.01531351,98345.92375215,15.04483
1739856900000000,BTCUSDT,5m,98345.92375215,98365.64187888,98337.29326414,98359.10301502,9.89819
1739857200000000,BTCUSDT,5m,98359.10301502,98366.10280053,98191.82451508,98220.87771839,91.1199
1739857500000000,BTCUSDT,5m,98220.87771839,98220.87771839,98138.71606194,98143.52138818,13.97348
1739857800000000,BTCUSDT,5m,98143.52138818,98166.55487069,97996.29477316,98033.17156246,43.16383
1739858100000000,BTCUSDT,5m,98033.17156246,98033.18111047,97712.35864347,97815.48662972,177.09441
1739858400000000,BTCUSDT,5m,97815.48662972,97845.07568938,97812.38509127,97836.6900484,19.42219
1739858700000000,BTCUSDT,5m,97836.6900484,97939.99414686,97307.23375166,97650.38204891,398.70369
1739859000000000,BTCUSDT,5m,97650.38204891,98000.43396712,97469.38379599,97955.86923336,230.88345
1739859300000000,BTCUSDT,5m,97955.86923336,98018.61055854,97944.83922796,97963.71189901,14.93591
1739859600000000,BTCUSDT,5m,97963.71189901,98127.54000921,97877.29438145,98127.54000921,66.30962
1739859900000000,BTCUSDT,5m,98127.54000921,98170.30730259,98126.98458981,98143.60677751,82.5576
1739860200000000,BTCUSDT,5m,98143.60677751,98237.23647931,97885.81901977,97923.38128921,79.9885
1739860500000000,BTCUSDT,5m,97923.38128921,97923.38128921,97883.22891263,97892.92847499,5.49953
1739860800000000,BTCUSDT,5m,97892.92847499,97988.072685,97878.37283093,97925.56189266,42.62018
1739861100000000,BTCUSDT,5m,97925.56189266,98026.20389182,97799.64014965,97894.61567036,83.00124
1739861400000000,BTCUSDT,5m,97894.61567036,97913.40667819,97798.74692078,97808.52923851,17.5779
1739861700000000,BTCUSDT,5m,97808.52923851,97898.62816631,97594.28832211,97638.63132851,128.99219
1739862000000000,BTCUSDT,5m,97638.63132851,97669.74960436,97580.87215354,97622.9554336,52.65179
1739862300000000,BTCUSDT,5m,97622.9554336,97772.75209327,97611.89119129,97772.74210749,54.66536
1739862600000000,BTCUSDT,5m,97772.74210749,97772.74210749,97691.00667374,97743.21516957,127.26645
1739862900000000,BTCUSDT,5m,97743.21516957,97754.49920746,97682.01152931,97754.48898641,52.36104
1739863200000000,BTCUSDT,5m,97754.48898641,97810.90607538,97731.19046162,97731.19046162,25.24845
1739863500000000,BTCUSDT,5m,97731.19046162,97914.61395675,97704.40552455,97870.40650511,56.7434
1739863800000000,BTCUSDT,5m,97870.40650511,97870.40650511,97752.69045652,97755.35420478,78.34444
1739864100000000,BTCUSDT,5m,97755.35420478,97929.17665976,97748.33486084,97775.3790864,215.69879
1739864400000000,BTCUSDT,5m,97775.3790864,98144.09447735,97775.3790864,98037.26974713,77.29017
1739864700000000,BTCUSDT,5m,98037.26974713,98114.75660927,98037.25970477,98081.2452486,12.10468
1739865000000000,BTCUSDT,5m,98081.2452486,98128.75592631,98052.94101506,98084.44969218,69.25223
1739865300000000,BTCUSDT,5m,98084.44969218,98155.43551405,98025.56935282,98150.3629329,39.7751
1739865600000000,BTCUSDT,5m,98150.3629329,98316.39170648,98107.64109913,98271.80725989,69.05479
1739865900000000,BTCUSDT,5m,98271.80725989,98393.04390527,98260.96983629,98378.5408825,26.51226
1739866200000000,BTCUSDT,5m,98378.5408825,98396.42474643,98329.0889316,98391.03599376,26.72052
1739866500000000,BTCUSDT,5m,98391.03599376,98571.13147171,98190.61802738,98409.9499929,113.75775
1739866800000000,BTCUSDT,5m,98409.9499929,98409.95935235,98329.15920985,98339.38909005,36.58064
1739867100000000,BTCUSDT,5m,98339.38909005,98349.82028245,97934.54017619,98126.38512993,191.43555
1739867400000000,BTCUSDT,5m,98126.38512993,98209.04477387,98006.23611394,98137.74710363,88.40182
1739867700000000,BTCUSDT,5m,98137.74710363,98276.91682525,98060.15301384,98093.70883528,90.72533
1739868000000000,BTCUSDT,5m,98093.70883528,98171.66430589,98065.00270202,98115.25856576,90.5182
1739868300000000,BTCUSDT,5m,98115.25856576,98115.2686749,98089.5308258,98111.79113362,17.70821
1739868600000000,BTCUSDT,5m,98111.79113362,98131.14873565,98021.42850319,98041.04067653,18.14312
1739868900000000,BTCUSDT,5m,98041.04067653,98067.08799189,97869.22278403,97982.81076837,71.55322
1739869200000000,BTCUSDT,5m,97982.81076837,97982.81076837,97885.72942144,97885.73958702,32.04863
1739869500000000,BTCUSDT,5m,97885.73958702,98007.6700421,97782.363982,97812.7399872,199.15069
1739869800000000,BTCUSDT,5m,97812.7399872,97965.84870521,97812.73062962,97891.58695322,31.48706
1739870100000000,BTCUSDT,5m,97891.58695322,97891.58695322,97763.93910294,97789.79486817,29.70303
1739870400000000,BTCUSDT,5m,97789.79486817,97789.79486817,97683.78214109,97748.52289169,49.37655
1739870700000000,BTCUSDT,5m,97748.52289169,97835.79353939,97693.66677304,97708.06662798,49.86615
1739871000000000,BTCUSDT,5m,97708.06662798,97967.1477703,97670.10195974,97929.7852607,129.71476
1739871300000000,BTCUSDT,5m,97929.7852607,98006.03917397,97887.67608839,97887.68611915,22.93082
1739871600000000,BTCUSDT,5m,97887.68611915,97922.48439609,97648.12163538,97729.48141968,109.07797
1739871900000000,BTCUSDT,5m,97729.48141968,97729.48141968,97580.55925284,97683.18343958,57.77706
1739872200000000,BTCUSDT,5m,97683.18343958,97726.67169022,97649.99528353,97649.99528353,42.86634
1739872500000000,BTCUSDT,5m,97649.99528353,97684.64083396,97630.07292943,97630.07292943,15.90414
1739872800000000,BTCUSDT,5m,97630.07292943,97636.82359024,97521.61097485,97528.48200406,36.78401
1739873100000000,BTCUSDT,5m,97528.48200406,97550.4354458,97407.03850356,97448.54973406,36.98241
1739873400000000,BTCUSDT,5m,97448.54973406,97507.41039442,97342.7487886,97497.97766137,102.71314
1739873700000000,BTCUSDT,5m,97497.97766137,97497.97766137,97381.09002444,97381.10003794,88.00563
1739874000000000,BTCUSDT,5m,97381.10003794,97401.13331843,97275.27378617,97331.04667777,31.33315
1739874300000000,BTCUSDT,5m,97331.04667777,97525.83034088,97131.07127567,97459.31378105,550.64532
1739874600000000,BTCUSDT,5m,97459.31378105,97459.31378105,97404.05157234,97404.05157234,17.15766
1739874900000000,BTCUSDT,5m,97404.05157234,97404.05157234,97138.25058626,97150.71109084,45.20857
1739875200000000,BTCUSDT,5m,97150.71109084,97217.4363252,97071.25786426,97151.38568435,47.12937
1739875500000000,BTCUSDT,5m,97151.38568435,97186.10015529,96682.55508939,96890.3512865,180.33593
1739875800000000,BTCUSDT,5m,96890.3512865,97032.23344738,96843.14455944,97029.94616306,58.01273
1739876100000000,BTCUSDT,5m,97029.94616306,97040.56673196,96936.96141538,96966.29895101,8.76515
1739876400000000,BTCUSDT,5m,96966.29895101,97174.62628673,96938.63431661,97060.73786794,44.9361
1739876700000000,BTCUSDT,5m,97060.73786794,97070.79081768,96955.83110774,96970.62527252,30.14528
1739877000000000,BTCUSDT,5m,96970.62527252,96978.77455585,96778.94340829,96878.21378912,75.59897
1739877300000000,BTCUSDT,5m,96878.21378912,96980.26343942,96878.21378912,96910.87571175,34.78579
1739877600000000,BTCUSDT,5m,96910.87571175,96942.0741581,96864.08307261,96942.0741581,30.9803
1739877900000000,BTCUSDT,5m,96942.0741581,97092.71447707,96942.0741581,97015.28359655,40.96083
1739878200000000,BTCUSDT,5m,97015.28359655,97036.20668538,96963.86592122,97025.35836671,92.29774
1739878500000000,BTCUSDT,5m,97025.35836671,97084.47989636,96907.6087421,96913.46953758,35.51538
1739878800000000,BTCUSDT,5m,96913.46953758,97040.09892789,96913.46953758,96972.62472688,48.2652
1739879100000000,BTCUSDT,5m,96972.62472688,97035.45053053,96871.72521927,97035.45053053,29.17477
1739879400000000,BTCUSDT,5m,97035.45053053,97061.42085375,96939.24529555,96958.44562075,63.27213
1739879700000000,BTCUSDT,5m,96958.44562075,97039.57335836,96954.64756141,97035.0117205,14.69321
1739880000000000,BTCUSDT,5m,97035.0117205,97163.22875179,97035.0117205,97150.34297018,26.74175
1739880300000000,BTCUSDT,5m,97150.34297018,97307.73314079,97019.05102001,97241.98823744,157.2265
1739880600000000,BTCUSDT,5m,97241.98823744,97241.99810724,97095.24406461,97122.35640271,102.87368
1739880900000000,BTCUSDT,5m,97122.35640271,97125.46841099,96865.25374819,96888.22243776,31.84842
1739881200000000,BTCUSDT,5m,96888.22243776,96899.71666838,96779.21144921,96793.3581946,20.51665
1739881500000000,BTCUSDT,5m,96793.3581946,96890.93791324,96780.590068,96785.66057583,45.69882
1739881800000000,BTCUSDT,5m,96785.66057583,96840.25145389,96774.99003725,96786.91889406,15.39548
1739882100000000,BTCUSDT,5m,96786.91889406,96791.1937387,96465.57962876,96528.82514869,108.40878
1739882400000000,BTCUSDT,5m,96528.82514869,96908.10995976,96263.37254359,96586.19395383,271.8885
1739882700000000,BTCUSDT,5m,96586.19395383,96609.22251352,96495.48436165,96565.1624767,101.93954
1739883000000000,BTCUSDT,5m,96565.1624767,96565.17187911,96443.70215016,96443.71155257,23.37979
1739883300000000,BTCUSDT,5m,96443.71155257,96465.33317186,96398.90427751,96415.98545154,16.17753
1739883600000000,BTCUSDT,5m,96415.98545154,96442.88272978,96408.57881824,96442.87331856,18.612
1739883900000000,BTCUSDT,5m,96442.87331856,96505.93026486,96348.15184848,96372.80220658,74.1828
1739884200000000,BTCUSDT,5m,96372.80220658,96557.12599558,96372.80220658,96528.54713608,98.50139
1739884500000000,BTCUSDT,5m,96528.54713608,96758.01354949,96436.72591393,96696.27634068,141.40042
1739884800000000,BTCUSDT,5m,96696.27634068,97007.96592922,96694.3068986,96815.48849709,161.97512
1739885100000000,BTCUSDT,5m,96815.48849709,96880.92526534,96644.45449515,96761.10825204,88.49055
1739885400000000,BTCUSDT,5m,96761.10825204,96953.23447255,96695.85402572,96935.87038354,39.06589
1739885700000000,BTCUSDT,5m,96935.87038354,97033.0434747,96935.87038354,97031.02278658,34.31213
1739886000000000,BTCUSDT,5m,97031.02278658,97123.19754712,96855.04630708,96855.69822272,119.41645
1739886300000000,BTCUSDT,5m,96855.69822272,96972.27299878,96855.69822272,96972.2630868,29.05173
1739886600000000,BTCUSDT,5m,96972.2630868,97090.50875055,96897.13089391,96908.83461697,49.30892
1739886900000000,BTCUSDT,5m,96908.83461697,96926.96536245,96596.58288917,96676.71071158,141.94273
1739887200000000,BTCUSDT,5m,96676.71071158,96705.55945442,96494.81085019,96695.18429214,54.56109
1739887500000000,BTCUSDT,5m,96695.18429214,96870.27885903,96675.16716496,96838.39153857,74.87641
1739887800000000,BTCUSDT,5m,96838.39153857,96861.99991132,96825.5788116,96848.30648693,47.47664
1739888100000000,BTCUSDT,5m,96848.30648693,96912.95950621,96783.85519314,96912.94941994,37.2119
1739888400000000,BTCUSDT,5m,96912.94941994,96948.71840879,96727.54061955,96734.3158882,126.49571
1739888700000000,BTCUSDT,5m,96734.3158882,96768.30222377,95997.72990804,96007.34230538,227.18701
1739889000000000,BTCUSDT,5m,96007.34230538,96043.92062393,95939.31722959,95962.60058526,45.1883
1739889300000000,BTCUSDT,5m,95962.60058526,96079.48377402,95957.65198265,96074.91583315,24.61982
