timestamp_ms,symbol,timeframe,open,high,low,close,volume
1735689600000000,PAXGUSDT,15m,2633.0,2634.0,2632.0,2632.0,4.6174
1735690500000000,PAXGUSDT,15m,2634.0,2634.0,2632.0,2632.0,1.1084
1735691400000000,PAXGUSDT,15m,2634.0,2638.0,2632.0,2635.0,7.2313
1735692300000000,PAXGUSDT,15m,2635.0,2636.0,2632.0,2634.0,10.189
1735693200000000,PAXGUSDT,15m,2635.0,2660.0,2634.0,2635.0,86.1904
1735694100000000,PAXGUSDT,15m,2636.0,2636.0,2635.0,2635.0,0.7363
1735695000000000,PAXGUSDT,15m,2636.0,2641.0,2635.0,2638.0,6.0801
1735695900000000,PAXGUSDT,15m,2638.0,2640.0,2637.0,2639.0,2.9728000000000003
1735696800000000,PAXGUSDT,15m,2640.0,2640.0,2639.0,2640.0,0.5388999999999999
1735697700000000,PAXGUSDT,15m,2640.0,2642.0,2640.0,2640.0,5.3502
1735698600000000,PAXGUSDT,15m,2640.0,2642.0,2640.0,2641.0,0.8658999999999999
1735699500000000,PAXGUSDT,15m,2641.0,2642.0,2636.0,2637.0,3.8393
1735700400000000,PAXGUSDT,15m,2638.0,2638.0,2637.0,2637.0,0.8222
1735701300000000,PAXGUSDT,15m,2638.0,2638.0,2637.0,2637.0,0.1182
1735702200000000,PAXGUSDT,15m,2638.0,2639.0,2637.0,2638.0,0.32970000000000005
1735703100000000,PAXGUSDT,15m,2639.0,2640.0,2638.0,2638.0,0.7021000000000001
1735704000000000,PAXGUSDT,15m,2638.0,2639.0,2637.0,2637.0,0.7307
1735704900000000,PAXGUSDT,15m,2637.0,2638.0,2637.0,2637.0,0.3375
1735705800000000,PAXGUSDT,15m,2637.0,2638.0,2635.0,2636.0,3.5166999999999997
1735706700000000,PAXGUSDT,15m,2637.0,2637.0,2636.0,2636.0,0.2765
1735707600000000,PAXGUSDT,15m,2637.0,2637.0,2636.0,2636.0,0.5439999999999999
1735708500000000,PAXGUSDT,15m,2637.0,2638.0,2636.0,2636.0,0.3375
1735709400000000,PAXGUSDT,15m,2638.0,2638.0,2636.0,2636.0,0.54
1735710300000000,PAXGUSDT,15m,2638.0,2638.0,2636.0,2636.0,0.8381
1735711200000000,PAXGUSDT,15m,2638.0,2638.0,2636.0,2636.0,1.5169
1735712100000000,PAXGUSDT,15m,2637.0,2637.0,2636.0,2636.0,0.5707
1735713000000000,PAXGUSDT,15m,2637.0,2637.0,2635.0,2635.0,3.1826000000000003
1735713900000000,PAXGUSDT,15m,2637.0,2637.0,2635.0,2635.0,0.3013
1735714800000000,PAXGUSDT,15m,2636.0,2637.0,2635.0,2635.0,1.0756
1735715700000000,PAXGUSDT,15m,2637.0,2639.0,2634.0,2637.0,10.2739
1735716600000000,PAXGUSDT,15m,2637.0,2638.0,2636.0,2636.0,0.2763
1735717500000000,PAXGUSDT,15m,2637.0,2637.0,2636.0,2636.0,0.4728
1735718400000000,PAXGUSDT,15m,2636.0,2637.0,2634.0,2635.0,9.2226
1735719300000000,PAXGUSDT,15m,2635.0,2636.0,2633.0,2634.0,0.8856
1735720200000000,PAXGUSDT,15m,2635.0,2639.0,2634.0,2637.0,5.607600000000001
1735721100000000,PAXGUSDT,15m,2637.0,2637.0,2636.0,2636.0,1.4817
1735722000000000,PAXGUSDT,15m,2636.0,2637.0,2636.0,2636.0,14.1791
1735722900000000,PAXGUSDT,15m,2637.0,2637.0,2634.0,2634.0,2.8725
1735723800000000,PAXGUSDT,15m,2635.0,2635.0,2632.0,2632.0,7.2177999999999995
1735724700000000,PAXGUSDT,15m,2632.0,2634.0,2632.0,2633.0,1.1037
1735725600000000,PAXGUSDT,15m,2634.0,2636.0,2633.0,2634.0,3.1551
1735726500000000,PAXGUSDT,15m,2634.0,2635.0,2634.0,2634.0,0.3251
1735727400000000,PAXGUSDT,15m,2635.0,2636.0,2634.0,2634.0,1.8379
1735728300000000,PAXGUSDT,15m,2634.0,2635.0,2633.0,2633.0,1.9032
1735729200000000,PAXGUSDT,15m,2633.0,2635.0,2633.0,2633.0,0.8194
1735730100000000,PAXGUSDT,15m,2633.0,2635.0,2632.0,2633.0,2.6711
1735731000000000,PAXGUSDT,15m,2635.0,2635.0,2632.0,2633.0,1.2323
1735731900000000,PAXGUSDT,15m,2634.0,2634.0,2633.0,2634.0,0.5806
1735732800000000,PAXGUSDT,15m,2635.0,2635.0,2633.0,2633.0,0.8945
1735733700000000,PAXGUSDT,15m,2633.0,2635.0,2633.0,2634.0,3.4776
1735734600000000,PAXGUSDT,15m,2634.0,2636.0,2634.0,2635.0,1.5522
1735735500000000,PAXGUSDT,15m,2635.0,2636.0,2633.0,2635.0,3.002
1735736400000000,PAXGUSDT,15m,2636.0,2636.0,2634.0,2635.0,2.6078
1735737300000000,PAXGUSDT,15m,2636.0,2637.0,2635.0,2635.0,1.0198
1735738200000000,PAXGUSDT,15m,2635.0,2636.0,2634.0,2634.0,1.3773
1735739100000000,PAXGUSDT,15m,2635.0,2635.0,2634.0,2634.0,0.6137
1735740000000000,PAXGUSDT,15m,2635.0,2635.0,2634.0,2634.0,1.0222
1735740900000000,PAXGUSDT,15m,2635.0,2635.0,2634.0,2634.0,0.6605
1735741800000000,PAXGUSDT,15m,2634.0,2635.0,2634.0,2634.0,0.4199
1735742700000000,PAXGUSDT,15m,2634.0,2635.0,2634.0,2634.0,2.2558
1735743600000000,PAXGUSDT,15m,2634.0,2638.0,2634.0,2636.0,4.5201
1735744500000000,PAXGUSDT,15m,2636.0,2637.0,2636.0,2636.0,0.5992
1735745400000000,PAXGUSDT,15m,2637.0,2637.0,2635.0,2636.0,0.7567
1735746300000000,PAXGUSDT,15m,2636.0,2637.0,2631.0,2631.0,27.163200000000003
1735747200000000,PAXGUSDT,15m,2631.0,2633.0,2630.0,2630.0,10.855699999999999
1735748100000000,PAXGUSDT,15m,2630.0,2632.0,2629.0,2629.0,17.9789
1735749000000000,PAXGUSDT,15m,2631.0,2632.0,2627.0,2628.0,17.5694
1735749900000000,PAXGUSDT,15m,2628.0,2631.0,2628.0,2628.0,11.1074
1735750800000000,PAXGUSDT,15m,2628.0,2631.0,2628.0,2629.0,4.6478
1735751700000000,PAXGUSDT,15m,2629.0,2632.0,2629.0,2629.0,2.2466
1735752600000000,PAXGUSDT,15m,2629.0,2631.0,2628.0,2628.0,2.5736
1735753500000000,PAXGUSDT,15m,2628.0,2630.0,2628.0,2628.0,2.0968
1735754400000000,PAXGUSDT,15m,2628.0,2631.0,2628.0,2628.0,3.9012000000000002
1735755300000000,PAXGUSDT,15m,2628.0,2631.0,2628.0,2628.0,3.6383
1735756200000000,PAXGUSDT,15m,2628.0,2631.0,2628.0,2629.0,8.0388
1735757100000000,PAXGUSDT,15m,2628.0,2631.0,2628.0,2628.0,9.4878
1735758000000000,PAXGUSDT,15m,2628.0,2630.0,2628.0,2630.0,8.889
1735758900000000,PAXGUSDT,15m,2630.0,2632.0,2629.0,2629.0,4.7296
1735759800000000,PAXGUSDT,15m,2631.0,2631.0,2628.0,2629.0,3.1735
1735760700000000,PAXGUSDT,15m,2630.0,2631.0,2629.0,2631.0,6.5706
1735761600000000,PAXGUSDT,15m,2630.0,2631.0,2630.0,2630.0,1.0259
1735762500000000,PAXGUSDT,15m,2631.0,2632.0,2629.0,2631.0,4.5853
1735763400000000,PAXGUSDT,15m,2632.0,2632.0,2630.0,2632.0,0.8613999999999999
1735764300000000,PAXGUSDT,15m,2632.0,2634.0,2630.0,2632.0,7.9128
1735765200000000,PAXGUSDT,15m,2633.0,2633.0,2629.0,2630.0,3.4726
1735766100000000,PAXGUSDT,15m,2630.0,2634.0,2629.0,2632.0,3.1327
1735767000000000,PAXGUSDT,15m,2633.0,2633.0,2629.0,2632.0,4.6927
1735767900000000,PAXGUSDT,15m,2632.0,2634.0,2629.0,2629.0,7.489
1735768800000000,PAXGUSDT,15m,2631.0,2632.0,2630.0,2630.0,2.7993
1735769700000000,PAXGUSDT,15m,2631.0,2635.0,2630.0,2632.0,5.0057
1735770600000000,PAXGUSDT,15m,2632.0,2634.0,2631.0,2633.0,1.454
1735771500000000,PAXGUSDT,15m,2634.0,2634.0,2630.0,2631.0,4.019
1735772400000000,PAXGUSDT,15m,2631.0,2632.0,2631.0,2631.0,0.5749
1735773300000000,PAXGUSDT,15m,2631.0,2632.0,2630.0,2630.0,0.5784
1735774200000000,PAXGUSDT,15m,2632.0,2632.0,2627.0,2630.0,5.4221
1735775100000000,PAXGUSDT,15m,2630.0,2631.0,2629.0,2629.0,0.7817
1735776000000000,PAXGUSDT,15m,2631.0,2631.0,2630.0,2631.0,0.6960000000000001
1735776900000000,PAXGUSDT,15m,2630.0,2636.0,2630.0,2634.0,1.2395
1735777800000000,PAXGUSDT,15m,2635.0,2635.0,2634.0,2635.0,2.4594
1735778700000000,PAXGUSDT,15m,2634.0,2634.0,2631.0,2631.0,3.1859
1735779600000000,PAXGUSDT,15m,2633.0,2636.0,2631.0,2634.0,2.6641
1735780500000000,PAXGUSDT,15m,2636.0,2637.0,2634.0,2637.0,3.5084
1735781400000000,PAXGUSDT,15m,2636.0,2641.0,2636.0,2640.0,12.0884
1735782300000000,PAXGUSDT,15m,2640.0,2642.0,2640.0,2640.0,0.1526
1735783200000000,PAXGUSDT,15m,2641.0,2641.0,2640.0,2640.0,1.1435
1735784100000000,PAXGUSDT,15m,2640.0,2642.0,2640.0,2642.0,0.6769000000000001
1735785000000000,PAXGUSDT,15m,2641.0,2642.0,2641.0,2641.0,0.4911
1735785900000000,PAXGUSDT,15m,2641.0,2643.0,2639.0,2642.0,4.1251
1735786800000000,PAXGUSDT,15m,2642.0,2655.0,2640.0,2643.0,49.5436
1735787700000000,PAXGUSDT,15m,2642.0,2642.0,2640.0,2641.0,6.1227
1735788600000000,PAXGUSDT,15m,2642.0,2642.0,2640.0,2640.0,2.1949
1735789500000000,PAXGUSDT,15m,2642.0,2642.0,2641.0,2641.0,0.2884
1735790400000000,PAXGUSDT,15m,2641.0,2642.0,2641.0,2641.0,0.5932
1735791300000000,PAXGUSDT,15m,2641.0,2642.0,2641.0,2642.0,0.7259
1735792200000000,PAXGUSDT,15m,2641.0,2645.0,2641.0,2644.0,0.9140999999999999
1735793100000000,PAXGUSDT,15m,2645.0,2645.0,2644.0,2644.0,2.1936
1735794000000000,PAXGUSDT,15m,2644.0,2646.0,2642.0,2644.0,8.3479
1735794900000000,PAXGUSDT,15m,2644.0,2646.0,2644.0,2644.0,3.6532
1735795800000000,PAXGUSDT,15m,2644.0,2646.0,2643.0,2643.0,1.1371
1735796700000000,PAXGUSDT,15m,2644.0,2645.0,2642.0,2642.0,0.9431
1735797600000000,PAXGUSDT,15m,2642.0,2644.0,2640.0,2641.0,2.6475999999999997
1735798500000000,PAXGUSDT,15m,2641.0,2642.0,2640.0,2641.0,6.9981
1735799400000000,PAXGUSDT,15m,2641.0,2641.0,2640.0,2640.0,1.4237
1735800300000000,PAXGUSDT,15m,2640.0,2646.0,2640.0,2643.0,18.0383
1735801200000000,PAXGUSDT,15m,2644.0,2646.0,2642.0,2642.0,2.2617
1735802100000000,PAXGUSDT,15m,2643.0,2643.0,2636.0,2640.0,93.75450000000001
1735803000000000,PAXGUSDT,15m,2640.0,2642.0,2640.0,2640.0,6.5714999999999995
1735803900000000,PAXGUSDT,15m,2640.0,2642.0,2640.0,2642.0,3.6106
1735804800000000,PAXGUSDT,15m,2640.0,2643.0,2640.0,2641.0,8.510299999999999
1735805700000000,PAXGUSDT,15m,2641.0,2641.0,2639.0,2641.0,4.162599999999999
1735806600000000,PAXGUSDT,15m,2639.0,2641.0,2638.0,2638.0,6.3344
1735807500000000,PAXGUSDT,15m,2639.0,2645.0,2638.0,2644.0,8.8877
1735808400000000,PAXGUSDT,15m,2644.0,2646.0,2643.0,2645.0,9.2985
1735809300000000,PAXGUSDT,15m,2645.0,2648.0,2645.0,2646.0,14.2772
1735810200000000,PAXGUSDT,15m,2646.0,2650.0,2646.0,2647.0,25.6084
1735811100000000,PAXGUSDT,15m,2647.0,2648.0,2646.0,2646.0,4.4038
1735812000000000,PAXGUSDT,15m,2647.0,2648.0,2646.0,2648.0,6.372599999999999
1735812900000000,PAXGUSDT,15m,2647.0,2650.0,2647.0,2648.0,2.9483
1735813800000000,PAXGUSDT,15m,2649.0,2650.0,2647.0,2650.0,3.3829000000000002
1735814700000000,PAXGUSDT,15m,2648.0,2651.0,2647.0,2649.0,5.0216
1735815600000000,PAXGUSDT,15m,2651.0,2651.0,2648.0,2649.0,7.7904
1735816500000000,PAXGUSDT,15m,2649.0,2650.0,2647.0,2647.0,15.2065
1735817400000000,PAXGUSDT,15m,2647.0,2649.0,2647.0,2647.0,3.0843
1735818300000000,PAXGUSDT,15m,2649.0,2649.0,2647.0,2647.0,0.8952
1735819200000000,PAXGUSDT,15m,2649.0,2650.0,2647.0,2649.0,3.2455999999999996
1735820100000000,PAXGUSDT,15m,2649.0,2650.0,2648.0,2648.0,1.4391
1735821000000000,PAXGUSDT,15m,2648.0,2649.0,2647.0,2647.0,1.6057000000000001
1735821900000000,PAXGUSDT,15m,2647.0,2650.0,2647.0,2649.0,6.1539
1735822800000000,PAXGUSDT,15m,2650.0,2650.0,2642.0,2642.0,35.6424
1735823700000000,PAXGUSDT,15m,2642.0,2646.0,2640.0,2644.0,19.877
1735824600000000,PAXGUSDT,15m,2644.0,2646.0,2643.0,2643.0,5.5944
1735825500000000,PAXGUSDT,15m,2643.0,2648.0,2643.0,2644.0,13.0986
1735826400000000,PAXGUSDT,15m,2645.0,2648.0,2644.0,2645.0,17.8001
1735827300000000,PAXGUSDT,15m,2646.0,2648.0,2643.0,2645.0,45.0146
1735828200000000,PAXGUSDT,15m,2643.0,2649.0,2643.0,2648.0,66.535
1735829100000000,PAXGUSDT,15m,2648.0,2650.0,2648.0,2648.0,4.1495
1735830000000000,PAXGUSDT,15m,2648.0,2650.0,2647.0,2648.0,9.4491
1735830900000000,PAXGUSDT,15m,2648.0,2653.0,2647.0,2648.0,25.3223
1735831800000000,PAXGUSDT,15m,2648.0,2650.0,2646.0,2650.0,9.213600000000001
1735832700000000,PAXGUSDT,15m,2648.0,2654.0,2648.0,2652.0,72.1408
1735833600000000,PAXGUSDT,15m,2654.0,2655.0,2651.0,2652.0,6.2410000000000005
1735834500000000,PAXGUSDT,15m,2653.0,2654.0,2651.0,2654.0,4.8826
1735835400000000,PAXGUSDT,15m,2653.0,2655.0,2651.0,2652.0,5.0189
1735836300000000,PAXGUSDT,15m,2652.0,2655.0,2651.0,2653.0,10.516200000000001
1735837200000000,PAXGUSDT,15m,2653.0,2654.0,2653.0,2654.0,7.2175
1735838100000000,PAXGUSDT,15m,2653.0,2654.0,2653.0,2653.0,7.0594
1735839000000000,PAXGUSDT,15m,2654.0,2654.0,2651.0,2652.0,22.0951
1735839900000000,PAXGUSDT,15m,2652.0,2653.0,2648.0,2651.0,19.6078
1735840800000000,PAXGUSDT,15m,2653.0,2653.0,2650.0,2653.0,3.6531
1735841700000000,PAXGUSDT,15m,2653.0,2654.0,2652.0,2654.0,2.0915
1735842600000000,PAXGUSDT,15m,2652.0,2654.0,2652.0,2654.0,1.6994
1735843500000000,PAXGUSDT,15m,2654.0,2655.0,2653.0,2655.0,4.696
1735844400000000,PAXGUSDT,15m,2654.0,2655.0,2653.0,2654.0,9.1101
1735845300000000,PAXGUSDT,15m,2655.0,2655.0,2654.0,2655.0,5.569599999999999
1735846200000000,PAXGUSDT,15m,2655.0,2655.0,2651.0,2651.0,4.4176
1735847100000000,PAXGUSDT,15m,2651.0,2653.0,2651.0,2652.0,2.6561
1735848000000000,PAXGUSDT,15m,2653.0,2655.0,2651.0,2654.0,11.4292
1735848900000000,PAXGUSDT,15m,2654.0,2655.0,2652.0,2652.0,4.9621
1735849800000000,PAXGUSDT,15m,2654.0,2655.0,2652.0,2654.0,3.3057
1735850700000000,PAXGUSDT,15m,2652.0,2654.0,2652.0,2652.0,2.2209
1735851600000000,PAXGUSDT,15m,2654.0,2654.0,2652.0,2652.0,4.1482
1735852500000000,PAXGUSDT,15m,2654.0,2654.0,2652.0,2652.0,2.7066999999999997
1735853400000000,PAXGUSDT,15m,2652.0,2655.0,2652.0,2654.0,2.2001
1735854300000000,PAXGUSDT,15m,2654.0,2655.0,2652.0,2654.0,17.596999999999998
1735855200000000,PAXGUSDT,15m,2654.0,2654.0,2652.0,2653.0,3.4431
1735856100000000,PAXGUSDT,15m,2652.0,2655.0,2652.0,2655.0,7.5828999999999995
1735857000000000,PAXGUSDT,15m,2654.0,2655.0,2654.0,2654.0,1.5304
1735857900000000,PAXGUSDT,15m,2654.0,2655.0,2654.0,2655.0,0.7659999999999999
1735858800000000,PAXGUSDT,15m,2655.0,2656.0,2654.0,2654.0,18.2579
1735859700000000,PAXGUSDT,15m,2656.0,2656.0,2653.0,2655.0,45.900999999999996
1735860600000000,PAXGUSDT,15m,2655.0,2657.0,2654.0,2657.0,2.5474
1735861500000000,PAXGUSDT,15m,2656.0,2657.0,2656.0,2656.0,0.1123
1735862400000000,PAXGUSDT,15m,2657.0,2661.0,2656.0,2661.0,16.7832
1735863300000000,PAXGUSDT,15m,2661.0,2661.0,2659.0,2659.0,1.8195
1735864200000000,PAXGUSDT,15m,2660.0,2660.0,2657.0,2659.0,2.847
1735865100000000,PAXGUSDT,15m,2659.0,2659.0,2657.0,2657.0,1.8426
1735866000000000,PAXGUSDT,15m,2659.0,2659.0,2658.0,2658.0,1.1864
1735866900000000,PAXGUSDT,15m,2658.0,2659.0,2658.0,2658.0,0.6474
1735867800000000,PAXGUSDT,15m,2658.0,2659.0,2658.0,2658.0,0.3974
1735868700000000,PAXGUSDT,15m,2658.0,2660.0,2658.0,2659.0,0.2207
1735869600000000,PAXGUSDT,15m,2659.0,2660.0,2659.0,2659.0,1.5096
1735870500000000,PAXGUSDT,15m,2659.0,2660.0,2659.0,2660.0,0.6556
1735871400000000,PAXGUSDT,15m,2659.0,2660.0,2659.0,2659.0,3.0927
1735872300000000,PAXGUSDT,15m,2659.0,2661.0,2659.0,2660.0,7.5455
1735873200000000,PAXGUSDT,15m,2660.0,2661.0,2660.0,2660.0,0.5419
1735874100000000,PAXGUSDT,15m,2661.0,2664.0,2660.0,2661.0,11.344800000000001
1735875000000000,PAXGUSDT,15m,2661.0,2663.0,2660.0,2660.0,7.8644
1735875900000000,PAXGUSDT,15m,2660.0,2662.0,2660.0,2661.0,1.7627
1735876800000000,PAXGUSDT,15m,2661.0,2662.0,2661.0,2661.0,0.8439
1735877700000000,PAXGUSDT,15m,2662.0,2662.0,2660.0,2660.0,1.333
1735878600000000,PAXGUSDT,15m,2660.0,2662.0,2660.0,2660.0,24.0504
1735879500000000,PAXGUSDT,15m,2661.0,2662.0,2660.0,2662.0,0.45599999999999996
1735880400000000,PAXGUSDT,15m,2662.0,2662.0,2660.0,2660.0,10.5365
1735881300000000,PAXGUSDT,15m,2660.0,2662.0,2660.0,2661.0,8.6564
1735882200000000,PAXGUSDT,15m,2661.0,2661.0,2660.0,2660.0,0.915
1735883100000000,PAXGUSDT,15m,2660.0,2661.0,2660.0,2660.0,18.1671
1735884000000000,PAXGUSDT,15m,2660.0,2662.0,2660.0,2662.0,0.2764
1735884900000000,PAXGUSDT,15m,2661.0,2662.0,2661.0,2661.0,0.4665
1735885800000000,PAXGUSDT,15m,2661.0,2662.0,2660.0,2661.0,1.566
1735886700000000,PAXGUSDT,15m,2661.0,2662.0,2660.0,2661.0,5.0191
1735887600000000,PAXGUSDT,15m,2661.0,2662.0,2660.0,2660.0,19.2836
1735888500000000,PAXGUSDT,15m,2660.0,2662.0,2659.0,2660.0,31.177500000000002
1735889400000000,PAXGUSDT,15m,2660.0,2661.0,2659.0,2661.0,8.390600000000001
1735890300000000,PAXGUSDT,15m,2659.0,2661.0,2659.0,2660.0,3.6140999999999996
1735891200000000,PAXGUSDT,15m,2660.0,2662.0,2659.0,2662.0,17.9602
1735892100000000,PAXGUSDT,15m,2660.0,2662.0,2660.0,2661.0,10.2707
1735893000000000,PAXGUSDT,15m,2662.0,2664.0,2659.0,2662.0,36.261700000000005
1735893900000000,PAXGUSDT,15m,2662.0,2662.0,2658.0,2658.0,9.2355
1735894800000000,PAXGUSDT,15m,2660.0,2660.0,2656.0,2657.0,7.1813
1735895700000000,PAXGUSDT,15m,2655.0,2657.0,2647.0,2651.0,48.960499999999996
1735896600000000,PAXGUSDT,15m,2652.0,2653.0,2650.0,2653.0,5.184699999999999
1735897500000000,PAXGUSDT,15m,2653.0,2657.0,2653.0,2655.0,5.703
1735898400000000,PAXGUSDT,15m,2656.0,2662.0,2656.0,2658.0,34.6327
1735899300000000,PAXGUSDT,15m,2658.0,2658.0,2655.0,2658.0,7.7643
1735900200000000,PAXGUSDT,15m,2658.0,2658.0,2656.0,2657.0,1.3559
1735901100000000,PAXGUSDT,15m,2658.0,2658.0,2655.0,2655.0,7.1080000000000005
1735902000000000,PAXGUSDT,15m,2656.0,2659.0,2655.0,2659.0,18.4973
1735902900000000,PAXGUSDT,15m,2659.0,2659.0,2658.0,2658.0,0.6198
1735903800000000,PAXGUSDT,15m,2659.0,2660.0,2658.0,2658.0,6.8603
1735904700000000,PAXGUSDT,15m,2659.0,2660.0,2658.0,2660.0,2.8049
1735905600000000,PAXGUSDT,15m,2660.0,2661.0,2658.0,2660.0,9.560799999999999
1735906500000000,PAXGUSDT,15m,2660.0,2660.0,2658.0,2660.0,5.6204
1735907400000000,PAXGUSDT,15m,2659.0,2660.0,2658.0,2658.0,1.9902
1735908300000000,PAXGUSDT,15m,2658.0,2660.0,2658.0,2659.0,2.5988
1735909200000000,PAXGUSDT,15m,2660.0,2660.0,2657.0,2659.0,27.818700000000003
1735910100000000,PAXGUSDT,15m,2658.0,2660.0,2655.0,2656.0,21.642500000000002
1735911000000000,PAXGUSDT,15m,2656.0,2657.0,2655.0,2655.0,83.3939
1735911900000000,PAXGUSDT,15m,2655.0,2657.0,2654.0,2655.0,35.8605
1735912800000000,PAXGUSDT,15m,2656.0,2657.0,2655.0,2656.0,36.1451
1735913700000000,PAXGUSDT,15m,2657.0,2657.0,2655.0,2656.0,28.77
1735914600000000,PAXGUSDT,15m,2655.0,2658.0,2655.0,2657.0,8.2529
1735915500000000,PAXGUSDT,15m,2656.0,2657.0,2655.0,2657.0,83.0366
1735916400000000,PAXGUSDT,15m,2657.0,2657.0,2650.0,2652.0,16.9742
1735917300000000,PAXGUSDT,15m,2653.0,2655.0,2651.0,2654.0,18.8414
1735918200000000,PAXGUSDT,15m,2654.0,2658.0,2653.0,2655.0,20.3447
1735919100000000,PAXGUSDT,15m,2655.0,2658.0,2655.0,2656.0,9.278
1735920000000000,PAXGUSDT,15m,2655.0,2658.0,2654.0,2657.0,10.7517
1735920900000000,PAXGUSDT,15m,2657.0,2659.0,2653.0,2653.0,11.9885
1735921800000000,PAXGUSDT,15m,2653.0,2654.0,2651.0,2653.0,7.7715000000000005
1735922700000000,PAXGUSDT,15m,2653.0,2659.0,2651.0,2654.0,38.6808
1735923600000000,PAXGUSDT,15m,2655.0,2655.0,2649.0,2649.0,12.126299999999999
1735924500000000,PAXGUSDT,15m,2650.0,2650.0,2648.0,2650.0,4.3407
1735925400000000,PAXGUSDT,15m,2648.0,2650.0,2648.0,2650.0,4.9487
1735926300000000,PAXGUSDT,15m,2650.0,2653.0,2649.0,2653.0,4.146100000000001
1735927200000000,PAXGUSDT,15m,2651.0,2652.0,2649.0,2649.0,9.0302
1735928100000000,PAXGUSDT,15m,2650.0,2651.0,2649.0,2650.0,2.8914
1735929000000000,PAXGUSDT,15m,2650.0,2651.0,2649.0,2649.0,16.1586
1735929900000000,PAXGUSDT,15m,2649.0,2651.0,2648.0,2648.0,2.1078
1735930800000000,PAXGUSDT,15m,2650.0,2651.0,2648.0,2649.0,8.567
1735931700000000,PAXGUSDT,15m,2649.0,2651.0,2649.0,2649.0,2.0957
1735932600000000,PAXGUSDT,15m,2651.0,2651.0,2648.0,2649.0,9.1476
1735933500000000,PAXGUSDT,15m,2651.0,2651.0,2648.0,2649.0,7.3004999999999995
1735934400000000,PAXGUSDT,15m,2650.0,2650.0,2648.0,2650.0,2.9269
1735935300000000,PAXGUSDT,15m,2650.0,2653.0,2650.0,2650.0,10.279
1735936200000000,PAXGUSDT,15m,2649.0,2650.0,2648.0,2648.0,4.674300000000001
1735937100000000,PAXGUSDT,15m,2648.0,2650.0,2648.0,2649.0,9.9753
1735938000000000,PAXGUSDT,15m,2649.0,2650.0,2649.0,2650.0,7.8016000000000005
1735938900000000,PAXGUSDT,15m,2650.0,2650.0,2649.0,2650.0,1.9842000000000002
1735939800000000,PAXGUSDT,15m,2649.0,2650.0,2649.0,2649.0,1.3068
1735940700000000,PAXGUSDT,15m,2649.0,2650.0,2648.0,2649.0,2.1347
1735941600000000,PAXGUSDT,15m,2650.0,2650.0,2648.0,2650.0,1.5277
1735942500000000,PAXGUSDT,15m,2648.0,2651.0,2648.0,2650.0,8.8309
1735943400000000,PAXGUSDT,15m,2649.0,2651.0,2649.0,2650.0,2.3702
1735944300000000,PAXGUSDT,15m,2650.0,2651.0,2649.0,2651.0,2.7915
1735945200000000,PAXGUSDT,15m,2651.0,2651.0,2649.0,2649.0,2.5716
1735946100000000,PAXGUSDT,15m,2650.0,2650.0,2647.0,2648.0,3.8074
1735947000000000,PAXGUSDT,15m,2648.0,2649.0,2647.0,2647.0,3.3653999999999997
1735947900000000,PAXGUSDT,15m,2648.0,2648.0,2647.0,2648.0,1.393
1735948800000000,PAXGUSDT,15m,2649.0,2649.0,2647.0,2647.0,1.9457
1735949700000000,PAXGUSDT,15m,2647.0,2649.0,2647.0,2647.0,3.9505000000000003
1735950600000000,PAXGUSDT,15m,2647.0,2650.0,2647.0,2649.0,3.5578
1735951500000000,PAXGUSDT,15m,2649.0,2649.0,2647.0,2648.0,1.463
1735952400000000,PAXGUSDT,15m,2647.0,2648.0,2647.0,2647.0,0.8429
1735953300000000,PAXGUSDT,15m,2647.0,2649.0,2647.0,2649.0,1.4803000000000002
1735954200000000,PAXGUSDT,15m,2647.0,2650.0,2647.0,2649.0,1.9274
1735955100000000,PAXGUSDT,15m,2649.0,2650.0,2648.0,2649.0,1.6164999999999998
1735956000000000,PAXGUSDT,15m,2649.0,2650.0,2649.0,2649.0,0.7297
1735956900000000,PAXGUSDT,15m,2650.0,2650.0,2649.0,2649.0,0.6738999999999999
1735957800000000,PAXGUSDT,15m,2649.0,2651.0,2649.0,2650.0,4.5217
1735958700000000,PAXGUSDT,15m,2650.0,2651.0,2649.0,2650.0,2.1827
1735959600000000,PAXGUSDT,15m,2649.0,2650.0,2648.0,2648.0,0.7696
1735960500000000,PAXGUSDT,15m,2649.0,2650.0,2648.0,2648.0,0.6765
1735961400000000,PAXGUSDT,15m,2650.0,2650.0,2648.0,2648.0,0.5023
1735962300000000,PAXGUSDT,15m,2649.0,2649.0,2648.0,2648.0,0.12140000000000001
1735963200000000,PAXGUSDT,15m,2649.0,2650.0,2648.0,2649.0,0.7167
1735964100000000,PAXGUSDT,15m,2648.0,2651.0,2648.0,2649.0,2.0019
1735965000000000,PAXGUSDT,15m,2649.0,2651.0,2649.0,2649.0,1.2605
1735965900000000,PAXGUSDT,15m,2649.0,2651.0,2649.0,2650.0,1.2626
1735966800000000,PAXGUSDT,15m,2651.0,2651.0,2649.0,2649.0,0.9984999999999999
1735967700000000,PAXGUSDT,15m,2649.0,2650.0,2649.0,2649.0,0.6629
1735968600000000,PAXGUSDT,15m,2649.0,2651.0,2649.0,2650.0,1.453
1735969500000000,PAXGUSDT,15m,2651.0,2651.0,2648.0,2650.0,2.189
1735970400000000,PAXGUSDT,15m,2651.0,2651.0,2649.0,2650.0,0.6531
1735971300000000,PAXGUSDT,15m,2651.0,2651.0,2649.0,2650.0,5.1268
1735972200000000,PAXGUSDT,15m,2650.0,2651.0,2649.0,2649.0,2.6191999999999998
1735973100000000,PAXGUSDT,15m,2649.0,2650.0,2648.0,2649.0,1.6554
1735974000000000,PAXGUSDT,15m,2650.0,2650.0,2648.0,2648.0,1.2129
1735974900000000,PAXGUSDT,15m,2648.0,2649.0,2648.0,2649.0,1.1149
1735975800000000,PAXGUSDT,15m,2648.0,2650.0,2648.0,2649.0,0.6566000000000001
1735976700000000,PAXGUSDT,15m,2649.0,2651.0,2649.0,2649.0,1.446
1735977600000000,PAXGUSDT,15m,2649.0,2651.0,2648.0,2649.0,5.0943
1735978500000000,PAXGUSDT,15m,2648.0,2649.0,2648.0,2648.0,1.587
1735979400000000,PAXGUSDT,15m,2648.0,2649.0,2645.0,2645.0,13.482700000000001
1735980300000000,PAXGUSDT,15m,2645.0,2646.0,2644.0,2646.0,2.7134
1735981200000000,PAXGUSDT,15m,2645.0,2647.0,2645.0,2645.0,3.4647
1735982100000000,PAXGUSDT,15m,2645.0,2647.0,2645.0,2647.0,1.6339000000000001
1735983000000000,PAXGUSDT,15m,2646.0,2647.0,2645.0,2645.0,1.1774
1735983900000000,PAXGUSDT,15m,2645.0,2647.0,2645.0,2645.0,1.2631000000000001
1735984800000000,PAXGUSDT,15m,2647.0,2647.0,2645.0,2645.0,0.489
1735985700000000,PAXGUSDT,15m,2645.0,2646.0,2645.0,2645.0,2.2718
1735986600000000,PAXGUSDT,15m,2645.0,2647.0,2645.0,2646.0,1.4662
1735987500000000,PAXGUSDT,15m,2645.0,2648.0,2645.0,2647.0,0.5925
1735988400000000,PAXGUSDT,15m,2648.0,2648.0,2647.0,2647.0,2.9873
1735989300000000,PAXGUSDT,15m,2647.0,2648.0,2646.0,2646.0,0.8465
1735990200000000,PAXGUSDT,15m,2646.0,2648.0,2646.0,2647.0,1.1214
1735991100000000,PAXGUSDT,15m,2647.0,2648.0,2646.0,2647.0,4.0113
1735992000000000,PAXGUSDT,15m,2647.0,2648.0,2646.0,2647.0,2.8639
1735992900000000,PAXGUSDT,15m,2647.0,2653.0,2646.0,2649.0,28.6603
1735993800000000,PAXGUSDT,15m,2649.0,2651.0,2649.0,2650.0,3.8078
1735994700000000,PAXGUSDT,15m,2651.0,2651.0,2647.0,2648.0,3.1034
1735995600000000,PAXGUSDT,15m,2649.0,2649.0,2647.0,2649.0,0.7803
1735996500000000,PAXGUSDT,15m,2648.0,2649.0,2645.0,2646.0,2.7177
1735997400000000,PAXGUSDT,15m,2645.0,2647.0,2644.0,2647.0,7.2661999999999995
1735998300000000,PAXGUSDT,15m,2646.0,2648.0,2644.0,2645.0,8.2033
1735999200000000,PAXGUSDT,15m,2647.0,2647.0,2644.0,2644.0,4.1474
1736000100000000,PAXGUSDT,15m,2646.0,2646.0,2644.0,2645.0,2.0977
1736001000000000,PAXGUSDT,15m,2646.0,2647.0,2645.0,2646.0,3.6565
1736001900000000,PAXGUSDT,15m,2646.0,2647.0,2645.0,2645.0,1.0499
1736002800000000,PAXGUSDT,15m,2645.0,2647.0,2645.0,2645.0,1.6953999999999998
1736003700000000,PAXGUSDT,15m,2646.0,2649.0,2643.0,2644.0,12.1492
1736004600000000,PAXGUSDT,15m,2644.0,2646.0,2644.0,2644.0,3.5176999999999996
1736005500000000,PAXGUSDT,15m,2645.0,2646.0,2643.0,2644.0,4.5936
1736006400000000,PAXGUSDT,15m,2644.0,2646.0,2644.0,2645.0,4.6608
1736007300000000,PAXGUSDT,15m,2646.0,2648.0,2645.0,2648.0,3.2243999999999997
1736008200000000,PAXGUSDT,15m,2648.0,2648.0,2646.0,2646.0,1.3460999999999999
1736009100000000,PAXGUSDT,15m,2646.0,2646.0,2644.0,2646.0,1.9757
1736010000000000,PAXGUSDT,15m,2644.0,2646.0,2644.0,2644.0,2.7207
1736010900000000,PAXGUSDT,15m,2646.0,2646.0,2644.0,2645.0,3.0505
1736011800000000,PAXGUSDT,15m,2645.0,2646.0,2644.0,2645.0,2.8144
1736012700000000,PAXGUSDT,15m,2645.0,2646.0,2644.0,2646.0,1.3315000000000001
1736013600000000,PAXGUSDT,15m,2646.0,2649.0,2644.0,2646.0,7.2717
1736014500000000,PAXGUSDT,15m,2646.0,2648.0,2646.0,2646.0,0.4495
1736015400000000,PAXGUSDT,15m,2646.0,2648.0,2646.0,2646.0,1.0552000000000001
1736016300000000,PAXGUSDT,15m,2646.0,2648.0,2646.0,2646.0,0.3492
1736017200000000,PAXGUSDT,15m,2646.0,2647.0,2644.0,2646.0,3.4122999999999997
1736018100000000,PAXGUSDT,15m,2644.0,2646.0,2644.0,2645.0,0.42519999999999997
1736019000000000,PAXGUSDT,15m,2645.0,2647.0,2645.0,2646.0,1.9937
1736019900000000,PAXGUSDT,15m,2646.0,2647.0,2645.0,2645.0,0.2478
1736020800000000,PAXGUSDT,15m,2645.0,2647.0,2645.0,2647.0,1.9775
1736021700000000,PAXGUSDT,15m,2647.0,2647.0,2645.0,2645.0,1.9998
1736022600000000,PAXGUSDT,15m,2645.0,2648.0,2645.0,2648.0,2.8895
1736023500000000,PAXGUSDT,15m,2648.0,2650.0,2648.0,2648.0,1.8961000000000001
1736024400000000,PAXGUSDT,15m,2650.0,2650.0,2647.0,2648.0,12.0724
1736025300000000,PAXGUSDT,15m,2650.0,2650.0,2647.0,2648.0,1.0281
1736026200000000,PAXGUSDT,15m,2650.0,2650.0,2648.0,2648.0,1.6245999999999998
1736027100000000,PAXGUSDT,15m,2648.0,2650.0,2648.0,2650.0,0.31379999999999997
1736028000000000,PAXGUSDT,15m,2650.0,2650.0,2648.0,2649.0,10.6254
1736028900000000,PAXGUSDT,15m,2648.0,2651.0,2647.0,2649.0,12.203
1736029800000000,PAXGUSDT,15m,2649.0,2655.0,2647.0,2647.0,55.6718
1736030700000000,PAXGUSDT,15m,2647.0,2648.0,2646.0,2646.0,1.6257
1736031600000000,PAXGUSDT,15m,2646.0,2650.0,2646.0,2647.0,5.1758
1736032500000000,PAXGUSDT,15m,2647.0,2648.0,2647.0,2647.0,0.9402999999999999
1736033400000000,PAXGUSDT,15m,2647.0,2648.0,2646.0,2646.0,0.9068
1736034300000000,PAXGUSDT,15m,2646.0,2648.0,2646.0,2647.0,0.6842999999999999
1736035200000000,PAXGUSDT,15m,2648.0,2649.0,2646.0,2646.0,0.8296
1736036100000000,PAXGUSDT,15m,2646.0,2650.0,2646.0,2648.0,5.1325
1736037000000000,PAXGUSDT,15m,2648.0,2653.0,2648.0,2650.0,12.110899999999999
1736037900000000,PAXGUSDT,15m,2650.0,2650.0,2648.0,2649.0,4.8472
1736038800000000,PAXGUSDT,15m,2650.0,2650.0,2647.0,2647.0,2.6332
1736039700000000,PAXGUSDT,15m,2648.0,2648.0,2645.0,2646.0,2.2991
1736040600000000,PAXGUSDT,15m,2646.0,2647.0,2646.0,2646.0,0.6276
1736041500000000,PAXGUSDT,15m,2646.0,2647.0,2646.0,2647.0,2.4387
1736042400000000,PAXGUSDT,15m,2648.0,2648.0,2646.0,2646.0,0.4552
1736043300000000,PAXGUSDT,15m,2646.0,2648.0,2646.0,2646.0,0.26839999999999997
1736044200000000,PAXGUSDT,15m,2648.0,2648.0,2646.0,2646.0,1.3384
1736045100000000,PAXGUSDT,15m,2646.0,2647.0,2646.0,2646.0,0.8564
1736046000000000,PAXGUSDT,15m,2646.0,2647.0,2646.0,2646.0,0.3553
1736046900000000,PAXGUSDT,15m,2646.0,2655.0,2646.0,2652.0,23.1208
1736047800000000,PAXGUSDT,15m,2654.0,2654.0,2652.0,2653.0,1.4481
1736048700000000,PAXGUSDT,15m,2653.0,2654.0,2653.0,2653.0,0.5075000000000001
1736049600000000,PAXGUSDT,15m,2654.0,2654.0,2653.0,2653.0,0.9915999999999999
1736050500000000,PAXGUSDT,15m,2653.0,2654.0,2653.0,2654.0,2.5696999999999997
1736051400000000,PAXGUSDT,15m,2653.0,2654.0,2652.0,2652.0,2.5595
1736052300000000,PAXGUSDT,15m,2652.0,2653.0,2651.0,2651.0,3.2384999999999997
1736053200000000,PAXGUSDT,15m,2651.0,2652.0,2651.0,2651.0,0.3796
1736054100000000,PAXGUSDT,15m,2651.0,2652.0,2650.0,2650.0,0.8627
1736055000000000,PAXGUSDT,15m,2650.0,2651.0,2650.0,2650.0,0.34650000000000003
1736055900000000,PAXGUSDT,15m,2650.0,2651.0,2645.0,2647.0,12.9708
1736056800000000,PAXGUSDT,15m,2649.0,2649.0,2646.0,2647.0,0.6117
1736057700000000,PAXGUSDT,15m,2648.0,2648.0,2647.0,2647.0,1.5698
1736058600000000,PAXGUSDT,15m,2648.0,2648.0,2647.0,2647.0,0.4752
1736059500000000,PAXGUSDT,15m,2647.0,2648.0,2647.0,2647.0,0.6329
1736060400000000,PAXGUSDT,15m,2648.0,2648.0,2647.0,2648.0,0.4917
1736061300000000,PAXGUSDT,15m,2649.0,2656.0,2649.0,2651.0,26.9905
1736062200000000,PAXGUSDT,15m,2652.0,2652.0,2650.0,2650.0,1.8617000000000001
1736063100000000,PAXGUSDT,15m,2651.0,2651.0,2650.0,2650.0,1.058
1736064000000000,PAXGUSDT,15m,2650.0,2652.0,2649.0,2650.0,6.5368
1736064900000000,PAXGUSDT,15m,2649.0,2649.0,2648.0,2648.0,0.5473
1736065800000000,PAXGUSDT,15m,2648.0,2651.0,2648.0,2650.0,0.9515
1736066700000000,PAXGUSDT,15m,2650.0,2653.0,2650.0,2652.0,1.9118
1736067600000000,PAXGUSDT,15m,2653.0,2653.0,2651.0,2651.0,2.3643
1736068500000000,PAXGUSDT,15m,2651.0,2652.0,2650.0,2651.0,1.9001
1736069400000000,PAXGUSDT,15m,2650.0,2651.0,2649.0,2649.0,0.3687
1736070300000000,PAXGUSDT,15m,2649.0,2650.0,2649.0,2649.0,0.46590000000000004
1736071200000000,PAXGUSDT,15m,2650.0,2651.0,2648.0,2648.0,4.385
1736072100000000,PAXGUSDT,15m,2648.0,2650.0,2648.0,2649.0,0.4182
1736073000000000,PAXGUSDT,15m,2649.0,2650.0,2648.0,2648.0,1.3486
1736073900000000,PAXGUSDT,15m,2649.0,2650.0,2648.0,2649.0,0.9370999999999999
1736074800000000,PAXGUSDT,15m,2650.0,2650.0,2648.0,2648.0,1.1239000000000001
1736075700000000,PAXGUSDT,15m,2649.0,2650.0,2649.0,2649.0,0.3107
1736076600000000,PAXGUSDT,15m,2650.0,2650.0,2644.0,2645.0,25.054299999999998
1736077500000000,PAXGUSDT,15m,2646.0,2646.0,2644.0,2646.0,0.747
1736078400000000,PAXGUSDT,15m,2644.0,2646.0,2644.0,2644.0,5.5618
1736079300000000,PAXGUSDT,15m,2644.0,2648.0,2644.0,2647.0,3.6149
1736080200000000,PAXGUSDT,15m,2648.0,2648.0,2647.0,2647.0,2.6055
1736081100000000,PAXGUSDT,15m,2648.0,2648.0,2647.0,2647.0,0.7017
1736082000000000,PAXGUSDT,15m,2648.0,2648.0,2646.0,2647.0,0.6385000000000001
1736082900000000,PAXGUSDT,15m,2647.0,2648.0,2646.0,2647.0,1.5946
1736083800000000,PAXGUSDT,15m,2647.0,2649.0,2647.0,2649.0,3.9846
1736084700000000,PAXGUSDT,15m,2649.0,2649.0,2647.0,2649.0,0.2741
1736085600000000,PAXGUSDT,15m,2649.0,2649.0,2648.0,2649.0,0.3397
1736086500000000,PAXGUSDT,15m,2649.0,2649.0,2646.0,2649.0,2.9424
1736087400000000,PAXGUSDT,15m,2649.0,2653.0,2648.0,2652.0,9.4557
1736088300000000,PAXGUSDT,15m,2652.0,2653.0,2651.0,2653.0,2.0145
1736089200000000,PAXGUSDT,15m,2653.0,2655.0,2651.0,2653.0,5.1865000000000006
1736090100000000,PAXGUSDT,15m,2653.0,2653.0,2651.0,2652.0,1.5208
1736091000000000,PAXGUSDT,15m,2652.0,2652.0,2651.0,2652.0,1.046
1736091900000000,PAXGUSDT,15m,2652.0,2653.0,2652.0,2653.0,2.059
1736092800000000,PAXGUSDT,15m,2653.0,2653.0,2651.0,2653.0,1.1896
1736093700000000,PAXGUSDT,15m,2653.0,2653.0,2651.0,2651.0,0.9576
1736094600000000,PAXGUSDT,15m,2652.0,2652.0,2650.0,2652.0,3.235
1736095500000000,PAXGUSDT,15m,2651.0,2652.0,2650.0,2650.0,1.2871000000000001
1736096400000000,PAXGUSDT,15m,2651.0,2651.0,2649.0,2649.0,1.1589
1736097300000000,PAXGUSDT,15m,2650.0,2650.0,2649.0,2649.0,1.5945
1736098200000000,PAXGUSDT,15m,2649.0,2650.0,2648.0,2648.0,4.6501
1736099100000000,PAXGUSDT,15m,2648.0,2650.0,2648.0,2650.0,1.0513000000000001
1736100000000000,PAXGUSDT,15m,2649.0,2650.0,2648.0,2649.0,0.7352
1736100900000000,PAXGUSDT,15m,2649.0,2649.0,2648.0,2648.0,0.8589
1736101800000000,PAXGUSDT,15m,2649.0,2650.0,2649.0,2650.0,2.4779
1736102700000000,PAXGUSDT,15m,2649.0,2650.0,2648.0,2649.0,4.4988
1736103600000000,PAXGUSDT,15m,2649.0,2649.0,2648.0,2649.0,1.0223
1736104500000000,PAXGUSDT,15m,2648.0,2649.0,2647.0,2649.0,0.7718
1736105400000000,PAXGUSDT,15m,2649.0,2649.0,2647.0,2649.0,0.9801
1736106300000000,PAXGUSDT,15m,2649.0,2649.0,2647.0,2649.0,0.1197
1736107200000000,PAXGUSDT,15m,2649.0,2649.0,2648.0,2649.0,0.2656
1736108100000000,PAXGUSDT,15m,2648.0,2649.0,2647.0,2648.0,3.3118
1736109000000000,PAXGUSDT,15m,2647.0,2648.0,2645.0,2647.0,3.5599999999999996
1736109900000000,PAXGUSDT,15m,2645.0,2646.0,2644.0,2646.0,0.5992
1736110800000000,PAXGUSDT,15m,2646.0,2646.0,2645.0,2646.0,0.5515
1736111700000000,PAXGUSDT,15m,2645.0,2646.0,2645.0,2646.0,1.399
1736112600000000,PAXGUSDT,15m,2646.0,2646.0,2645.0,2645.0,1.0365
1736113500000000,PAXGUSDT,15m,2646.0,2646.0,2645.0,2646.0,1.2827
1736114400000000,PAXGUSDT,15m,2646.0,2646.0,2644.0,2644.0,3.5833
1736115300000000,PAXGUSDT,15m,2645.0,2646.0,2644.0,2645.0,1.4893
1736116200000000,PAXGUSDT,15m,2645.0,2646.0,2645.0,2645.0,0.6184999999999999
1736117100000000,PAXGUSDT,15m,2646.0,2646.0,2645.0,2646.0,0.3511
1736118000000000,PAXGUSDT,15m,2646.0,2646.0,2645.0,2646.0,0.49479999999999996
1736118900000000,PAXGUSDT,15m,2645.0,2646.0,2645.0,2646.0,1.5109000000000001
1736119800000000,PAXGUSDT,15m,2646.0,2646.0,2645.0,2646.0,0.2347
1736120700000000,PAXGUSDT,15m,2646.0,2646.0,2645.0,2645.0,0.1111
1736121600000000,PAXGUSDT,15m,2646.0,2646.0,2644.0,2646.0,0.7337
1736122500000000,PAXGUSDT,15m,2645.0,2648.0,2645.0,2647.0,1.359
1736123400000000,PAXGUSDT,15m,2648.0,2648.0,2647.0,2648.0,0.3044
1736124300000000,PAXGUSDT,15m,2647.0,2648.0,2646.0,2648.0,6.9454
1736125200000000,PAXGUSDT,15m,2648.0,2648.0,2646.0,2646.0,0.1553
1736126100000000,PAXGUSDT,15m,2646.0,2650.0,2646.0,2649.0,11.8608
1736127000000000,PAXGUSDT,15m,2648.0,2649.0,2648.0,2649.0,1.2409000000000001
1736127900000000,PAXGUSDT,15m,2649.0,2650.0,2648.0,2649.0,0.865
1736128800000000,PAXGUSDT,15m,2650.0,2652.0,2649.0,2651.0,5.5819
1736129700000000,PAXGUSDT,15m,2651.0,2652.0,2651.0,2651.0,1.8936
1736130600000000,PAXGUSDT,15m,2651.0,2654.0,2651.0,2653.0,5.4355
1736131500000000,PAXGUSDT,15m,2653.0,2655.0,2653.0,2654.0,1.641
1736132400000000,PAXGUSDT,15m,2654.0,2655.0,2654.0,2654.0,0.48869999999999997
1736133300000000,PAXGUSDT,15m,2654.0,2655.0,2653.0,2654.0,10.760100000000001
1736134200000000,PAXGUSDT,15m,2655.0,2656.0,2652.0,2653.0,6.2123
1736135100000000,PAXGUSDT,15m,2654.0,2655.0,2653.0,2654.0,9.7332
1736136000000000,PAXGUSDT,15m,2654.0,2654.0,2652.0,2653.0,1.5044
1736136900000000,PAXGUSDT,15m,2653.0,2653.0,2651.0,2653.0,4.3210999999999995
1736137800000000,PAXGUSDT,15m,2651.0,2654.0,2651.0,2654.0,2.9895
1736138700000000,PAXGUSDT,15m,2654.0,2654.0,2652.0,2653.0,7.5383000000000004
1736139600000000,PAXGUSDT,15m,2653.0,2653.0,2651.0,2651.0,3.3115
1736140500000000,PAXGUSDT,15m,2651.0,2652.0,2650.0,2651.0,1.3165
1736141400000000,PAXGUSDT,15m,2652.0,2652.0,2650.0,2650.0,2.8331
1736142300000000,PAXGUSDT,15m,2652.0,2652.0,2649.0,2651.0,1.3370000000000002
1736143200000000,PAXGUSDT,15m,2651.0,2651.0,2648.0,2648.0,2.6192
1736144100000000,PAXGUSDT,15m,2647.0,2648.0,2646.0,2648.0,1.2309
1736145000000000,PAXGUSDT,15m,2648.0,2648.0,2646.0,2648.0,0.9762000000000001
1736145900000000,PAXGUSDT,15m,2647.0,2648.0,2644.0,2644.0,11.1721
1736146800000000,PAXGUSDT,15m,2646.0,2646.0,2644.0,2645.0,1.6911
1736147700000000,PAXGUSDT,15m,2644.0,2646.0,2644.0,2644.0,0.44939999999999997
1736148600000000,PAXGUSDT,15m,2646.0,2646.0,2644.0,2646.0,2.3204000000000002
1736149500000000,PAXGUSDT,15m,2645.0,2647.0,2644.0,2646.0,15.826500000000001
1736150400000000,PAXGUSDT,15m,2646.0,2647.0,2645.0,2646.0,8.9893
1736151300000000,PAXGUSDT,15m,2645.0,2646.0,2644.0,2644.0,0.7931
1736152200000000,PAXGUSDT,15m,2644.0,2645.0,2643.0,2644.0,7.6952
1736153100000000,PAXGUSDT,15m,2644.0,2645.0,2642.0,2643.0,5.4637
1736154000000000,PAXGUSDT,15m,2642.0,2644.0,2642.0,2644.0,9.844999999999999
1736154900000000,PAXGUSDT,15m,2643.0,2646.0,2643.0,2644.0,9.6887
1736155800000000,PAXGUSDT,15m,2644.0,2646.0,2643.0,2644.0,3.9365
1736156700000000,PAXGUSDT,15m,2643.0,2645.0,2641.0,2644.0,13.9639
1736157600000000,PAXGUSDT,15m,2645.0,2645.0,2641.0,2642.0,10.7287
1736158500000000,PAXGUSDT,15m,2642.0,2643.0,2642.0,2642.0,0.7399
1736159400000000,PAXGUSDT,15m,2643.0,2644.0,2642.0,2644.0,1.456
1736160300000000,PAXGUSDT,15m,2644.0,2645.0,2643.0,2645.0,3.4029
1736161200000000,PAXGUSDT,15m,2643.0,2647.0,2643.0,2647.0,5.8144
1736162100000000,PAXGUSDT,15m,2648.0,2650.0,2646.0,2650.0,10.222900000000001
1736163000000000,PAXGUSDT,15m,2651.0,2654.0,2650.0,2653.0,7.8165
1736163900000000,PAXGUSDT,15m,2653.0,2654.0,2653.0,2654.0,4.9593
1736164800000000,PAXGUSDT,15m,2654.0,2656.0,2653.0,2655.0,11.6496
1736165700000000,PAXGUSDT,15m,2654.0,2655.0,2652.0,2653.0,18.674300000000002
1736166600000000,PAXGUSDT,15m,2654.0,2655.0,2653.0,2653.0,0.5567
1736167500000000,PAXGUSDT,15m,2655.0,2655.0,2653.0,2655.0,1.1145
1736168400000000,PAXGUSDT,15m,2655.0,2656.0,2648.0,2655.0,27.2805
1736169300000000,PAXGUSDT,15m,2655.0,2655.0,2652.0,2654.0,5.107200000000001
1736170200000000,PAXGUSDT,15m,2654.0,2654.0,2642.0,2643.0,65.4351
1736171100000000,PAXGUSDT,15m,2643.0,2644.0,2641.0,2644.0,7.482100000000001
1736172000000000,PAXGUSDT,15m,2643.0,2647.0,2642.0,2646.0,12.9103
1736172900000000,PAXGUSDT,15m,2645.0,2646.0,2639.0,2642.0,15.1949
1736173800000000,PAXGUSDT,15m,2641.0,2644.0,2641.0,2641.0,9.408800000000001
1736174700000000,PAXGUSDT,15m,2641.0,2649.0,2640.0,2646.0,39.8313
1736175600000000,PAXGUSDT,15m,2646.0,2648.0,2642.0,2648.0,13.5884
1736176500000000,PAXGUSDT,15m,2647.0,2649.0,2645.0,2647.0,17.1027
1736177400000000,PAXGUSDT,15m,2648.0,2649.0,2646.0,2646.0,4.597
1736178300000000,PAXGUSDT,15m,2648.0,2652.0,2643.0,2648.0,16.7482
1736179200000000,PAXGUSDT,15m,2648.0,2652.0,2646.0,2650.0,27.740499999999997
1736180100000000,PAXGUSDT,15m,2651.0,2653.0,2649.0,2651.0,11.9787
1736181000000000,PAXGUSDT,15m,2652.0,2652.0,2648.0,2649.0,4.8382
1736181900000000,PAXGUSDT,15m,2648.0,2650.0,2647.0,2649.0,12.1441
1736182800000000,PAXGUSDT,15m,2650.0,2650.0,2649.0,2650.0,4.4569
1736183700000000,PAXGUSDT,15m,2650.0,2650.0,2645.0,2645.0,13.7571
1736184600000000,PAXGUSDT,15m,2645.0,2646.0,2641.0,2643.0,29.076
1736185500000000,PAXGUSDT,15m,2643.0,2647.0,2642.0,2644.0,13.1994
1736186400000000,PAXGUSDT,15m,2644.0,2646.0,2643.0,2643.0,2.1112
1736187300000000,PAXGUSDT,15m,2644.0,2647.0,2644.0,2646.0,0.22899999999999998
1736188200000000,PAXGUSDT,15m,2647.0,2647.0,2645.0,2647.0,2.6622000000000003
1736189100000000,PAXGUSDT,15m,2647.0,2648.0,2645.0,2646.0,4.186
1736190000000000,PAXGUSDT,15m,2646.0,2646.0,2643.0,2644.0,1.6173
1736190900000000,PAXGUSDT,15m,2644.0,2648.0,2644.0,2647.0,4.4969
1736191800000000,PAXGUSDT,15m,2648.0,2653.0,2647.0,2651.0,18.8042
1736192700000000,PAXGUSDT,15m,2651.0,2653.0,2646.0,2647.0,6.0234
1736193600000000,PAXGUSDT,15m,2647.0,2649.0,2643.0,2647.0,15.238599999999998
1736194500000000,PAXGUSDT,15m,2649.0,2649.0,2646.0,2648.0,3.1717999999999997
1736195400000000,PAXGUSDT,15m,2647.0,2649.0,2647.0,2647.0,2.4091
1736196300000000,PAXGUSDT,15m,2648.0,2648.0,2646.0,2647.0,0.7127
1736197200000000,PAXGUSDT,15m,2647.0,2647.0,2646.0,2646.0,1.8833
1736198100000000,PAXGUSDT,15m,2646.0,2649.0,2646.0,2649.0,4.6559
1736199000000000,PAXGUSDT,15m,2648.0,2651.0,2648.0,2651.0,4.5922
1736199900000000,PAXGUSDT,15m,2651.0,2652.0,2649.0,2650.0,3.5221
1736200800000000,PAXGUSDT,15m,2652.0,2660.0,2650.0,2657.0,51.5928
1736201700000000,PAXGUSDT,15m,2657.0,2657.0,2649.0,2654.0,12.282
1736202600000000,PAXGUSDT,15m,2654.0,2654.0,2652.0,2653.0,0.2525
1736203500000000,PAXGUSDT,15m,2653.0,2653.0,2651.0,2652.0,1.6462999999999999
1736204400000000,PAXGUSDT,15m,2650.0,2652.0,2649.0,2651.0,3.8409
1736205300000000,PAXGUSDT,15m,2652.0,2652.0,2651.0,2652.0,2.3946
1736206200000000,PAXGUSDT,15m,2652.0,2653.0,2651.0,2653.0,0.7813
1736207100000000,PAXGUSDT,15m,2652.0,2658.0,2652.0,2655.0,11.845
1736208000000000,PAXGUSDT,15m,2655.0,2655.0,2652.0,2652.0,1.625
1736208900000000,PAXGUSDT,15m,2653.0,2655.0,2652.0,2655.0,9.267900000000001
1736209800000000,PAXGUSDT,15m,2655.0,2655.0,2652.0,2653.0,1.2319
1736210700000000,PAXGUSDT,15m,2653.0,2653.0,2651.0,2653.0,0.183
1736211600000000,PAXGUSDT,15m,2653.0,2653.0,2649.0,2649.0,1.2282
1736212500000000,PAXGUSDT,15m,2649.0,2650.0,2648.0,2649.0,0.6367
1736213400000000,PAXGUSDT,15m,2650.0,2650.0,2649.0,2649.0,0.2094
1736214300000000,PAXGUSDT,15m,2649.0,2650.0,2649.0,2649.0,0.5622
1736215200000000,PAXGUSDT,15m,2650.0,2650.0,2648.0,2650.0,1.0921
1736216100000000,PAXGUSDT,15m,2650.0,2650.0,2649.0,2649.0,0.3739
1736217000000000,PAXGUSDT,15m,2649.0,2650.0,2648.0,2649.0,2.5843000000000003
1736217900000000,PAXGUSDT,15m,2649.0,2650.0,2648.0,2649.0,1.2817
1736218800000000,PAXGUSDT,15m,2648.0,2651.0,2648.0,2649.0,1.4933999999999998
1736219700000000,PAXGUSDT,15m,2649.0,2651.0,2649.0,2649.0,2.8826
1736220600000000,PAXGUSDT,15m,2651.0,2652.0,2649.0,2650.0,0.8686
1736221500000000,PAXGUSDT,15m,2652.0,2652.0,2650.0,2651.0,0.1514
1736222400000000,PAXGUSDT,15m,2651.0,2652.0,2650.0,2652.0,0.4795
1736223300000000,PAXGUSDT,15m,2651.0,2653.0,2650.0,2652.0,1.466
1736224200000000,PAXGUSDT,15m,2653.0,2654.0,2652.0,2652.0,7.256200000000001
1736225100000000,PAXGUSDT,15m,2650.0,2652.0,2650.0,2652.0,0.5347999999999999
1736226000000000,PAXGUSDT,15m,2652.0,2653.0,2650.0,2651.0,1.3684
1736226900000000,PAXGUSDT,15m,2652.0,2655.0,2650.0,2653.0,17.265
1736227800000000,PAXGUSDT,15m,2653.0,2655.0,2651.0,2652.0,3.9234999999999998
1736228700000000,PAXGUSDT,15m,2652.0,2654.0,2652.0,2653.0,1.0259
1736229600000000,PAXGUSDT,15m,2653.0,2655.0,2652.0,2654.0,5.6433
1736230500000000,PAXGUSDT,15m,2654.0,2654.0,2653.0,2654.0,1.5443
1736231400000000,PAXGUSDT,15m,2654.0,2654.0,2653.0,2654.0,4.6147
1736232300000000,PAXGUSDT,15m,2654.0,2654.0,2653.0,2654.0,1.5835000000000001
1736233200000000,PAXGUSDT,15m,2654.0,2654.0,2651.0,2651.0,7.1563
1736234100000000,PAXGUSDT,15m,2651.0,2652.0,2651.0,2652.0,0.8240999999999999
1736235000000000,PAXGUSDT,15m,2651.0,2652.0,2650.0,2650.0,0.8955
1736235900000000,PAXGUSDT,15m,2651.0,2651.0,2649.0,2650.0,3.2827
1736236800000000,PAXGUSDT,15m,2651.0,2651.0,2650.0,2650.0,1.9903
1736237700000000,PAXGUSDT,15m,2650.0,2652.0,2650.0,2652.0,3.2251999999999996
1736238600000000,PAXGUSDT,15m,2651.0,2653.0,2651.0,2652.0,1.4038
1736239500000000,PAXGUSDT,15m,2652.0,2653.0,2651.0,2652.0,1.1358000000000001
1736240400000000,PAXGUSDT,15m,2653.0,2654.0,2651.0,2651.0,2.7153
1736241300000000,PAXGUSDT,15m,2652.0,2653.0,2651.0,2652.0,1.2882
1736242200000000,PAXGUSDT,15m,2653.0,2653.0,2651.0,2652.0,0.9623
1736243100000000,PAXGUSDT,15m,2652.0,2652.0,2651.0,2652.0,0.8084
1736244000000000,PAXGUSDT,15m,2652.0,2652.0,2650.0,2650.0,5.7074
1736244900000000,PAXGUSDT,15m,2651.0,2652.0,2650.0,2652.0,0.8763
1736245800000000,PAXGUSDT,15m,2652.0,2652.0,2651.0,2651.0,0.5359
1736246700000000,PAXGUSDT,15m,2652.0,2653.0,2651.0,2652.0,2.0828
1736247600000000,PAXGUSDT,15m,2653.0,2657.0,2652.0,2653.0,10.3567
1736248500000000,PAXGUSDT,15m,2655.0,2655.0,2652.0,2654.0,9.541500000000001
1736249400000000,PAXGUSDT,15m,2653.0,2654.0,2651.0,2654.0,10.7823
1736250300000000,PAXGUSDT,15m,2654.0,2659.0,2654.0,2657.0,23.7559
1736251200000000,PAXGUSDT,15m,2657.0,2660.0,2657.0,2659.0,11.8727
1736252100000000,PAXGUSDT,15m,2658.0,2659.0,2656.0,2656.0,13.2398
1736253000000000,PAXGUSDT,15m,2657.0,2659.0,2654.0,2659.0,15.5068
1736253900000000,PAXGUSDT,15m,2659.0,2661.0,2658.0,2661.0,12.5199
1736254800000000,PAXGUSDT,15m,2661.0,2664.0,2660.0,2663.0,7.9932
1736255700000000,PAXGUSDT,15m,2664.0,2668.0,2663.0,2668.0,71.8318
1736256600000000,PAXGUSDT,15m,2667.0,2669.0,2666.0,2666.0,15.600800000000001
1736257500000000,PAXGUSDT,15m,2666.0,2669.0,2666.0,2666.0,36.3614
1736258400000000,PAXGUSDT,15m,2666.0,2668.0,2665.0,2665.0,5.4397
1736259300000000,PAXGUSDT,15m,2665.0,2666.0,2663.0,2663.0,3.6354
1736260200000000,PAXGUSDT,15m,2665.0,2666.0,2663.0,2665.0,9.094899999999999
1736261100000000,PAXGUSDT,15m,2665.0,2667.0,2659.0,2661.0,17.0474
1736262000000000,PAXGUSDT,15m,2660.0,2661.0,2647.0,2652.0,70.7517
1736262900000000,PAXGUSDT,15m,2650.0,2658.0,2649.0,2657.0,12.5401
1736263800000000,PAXGUSDT,15m,2658.0,2659.0,2648.0,2651.0,61.436299999999996
1736264700000000,PAXGUSDT,15m,2652.0,2657.0,2647.0,2655.0,55.2159
1736265600000000,PAXGUSDT,15m,2654.0,2655.0,2651.0,2654.0,9.218399999999999
1736266500000000,PAXGUSDT,15m,2654.0,2657.0,2653.0,2655.0,11.7576
1736267400000000,PAXGUSDT,15m,2657.0,2660.0,2655.0,2660.0,6.239
1736268300000000,PAXGUSDT,15m,2660.0,2660.0,2655.0,2655.0,18.0745
1736269200000000,PAXGUSDT,15m,2657.0,2658.0,2655.0,2657.0,5.8124
1736270100000000,PAXGUSDT,15m,2657.0,2664.0,2655.0,2664.0,34.4018
1736271000000000,PAXGUSDT,15m,2664.0,2667.0,2657.0,2658.0,20.0184
1736271900000000,PAXGUSDT,15m,2658.0,2659.0,2652.0,2659.0,11.3331
1736272800000000,PAXGUSDT,15m,2657.0,2662.0,2656.0,2659.0,5.6505
1736273700000000,PAXGUSDT,15m,2659.0,2662.0,2655.0,2659.0,10.9648
1736274600000000,PAXGUSDT,15m,2659.0,2660.0,2652.0,2652.0,25.87
1736275500000000,PAXGUSDT,15m,2652.0,2657.0,2651.0,2652.0,6.2695
1736276400000000,PAXGUSDT,15m,2653.0,2656.0,2652.0,2655.0,2.619
1736277300000000,PAXGUSDT,15m,2655.0,2658.0,2653.0,2653.0,4.4190000000000005
1736278200000000,PAXGUSDT,15m,2654.0,2655.0,2648.0,2651.0,22.752299999999998
1736279100000000,PAXGUSDT,15m,2653.0,2657.0,2649.0,2653.0,26.9467
1736280000000000,PAXGUSDT,15m,2652.0,2654.0,2647.0,2648.0,12.8648
1736280900000000,PAXGUSDT,15m,2648.0,2652.0,2648.0,2650.0,2.5619
1736281800000000,PAXGUSDT,15m,2650.0,2653.0,2649.0,2651.0,5.0115
1736282700000000,PAXGUSDT,15m,2651.0,2652.0,2648.0,2648.0,17.5975
1736283600000000,PAXGUSDT,15m,2650.0,2653.0,2648.0,2650.0,7.1152
1736284500000000,PAXGUSDT,15m,2650.0,2651.0,2648.0,2649.0,8.2324
1736285400000000,PAXGUSDT,15m,2650.0,2655.0,2649.0,2652.0,13.7894
1736286300000000,PAXGUSDT,15m,2651.0,2654.0,2649.0,2649.0,17.4927
1736287200000000,PAXGUSDT,15m,2649.0,2650.0,2641.0,2646.0,69.3715
1736288100000000,PAXGUSDT,15m,2646.0,2649.0,2644.0,2649.0,2.995
1736289000000000,PAXGUSDT,15m,2647.0,2656.0,2647.0,2656.0,37.7888
1736289900000000,PAXGUSDT,15m,2654.0,2666.0,2653.0,2658.0,47.2137
1736290800000000,PAXGUSDT,15m,2659.0,2660.0,2644.0,2651.0,43.6861
1736291700000000,PAXGUSDT,15m,2651.0,2654.0,2651.0,2651.0,3.7073
1736292600000000,PAXGUSDT,15m,2651.0,2652.0,2648.0,2652.0,2.8351
1736293500000000,PAXGUSDT,15m,2652.0,2653.0,2650.0,2652.0,4.5752
1736294400000000,PAXGUSDT,15m,2653.0,2666.0,2651.0,2659.0,92.1697
1736295300000000,PAXGUSDT,15m,2659.0,2662.0,2658.0,2660.0,11.8529
1736296200000000,PAXGUSDT,15m,2660.0,2661.0,2651.0,2652.0,16.1258
1736297100000000,PAXGUSDT,15m,2654.0,2656.0,2651.0,2656.0,1.2757
1736298000000000,PAXGUSDT,15m,2656.0,2656.0,2651.0,2652.0,1.5319
1736298900000000,PAXGUSDT,15m,2651.0,2654.0,2650.0,2651.0,1.8082
1736299800000000,PAXGUSDT,15m,2650.0,2654.0,2650.0,2653.0,1.7597
1736300700000000,PAXGUSDT,15m,2654.0,2655.0,2650.0,2654.0,5.2014
1736301600000000,PAXGUSDT,15m,2655.0,2655.0,2654.0,2655.0,0.379
1736302500000000,PAXGUSDT,15m,2655.0,2655.0,2654.0,2655.0,1.7571
1736303400000000,PAXGUSDT,15m,2655.0,2655.0,2654.0,2654.0,0.4503
1736304300000000,PAXGUSDT,15m,2654.0,2655.0,2653.0,2653.0,1.6074000000000002
1736305200000000,PAXGUSDT,15m,2654.0,2654.0,2645.0,2646.0,19.8644
1736306100000000,PAXGUSDT,15m,2646.0,2650.0,2646.0,2650.0,5.7447
1736307000000000,PAXGUSDT,15m,2651.0,2652.0,2649.0,2650.0,2.8096
1736307900000000,PAXGUSDT,15m,2649.0,2650.0,2647.0,2650.0,1.9575
1736308800000000,PAXGUSDT,15m,2649.0,2652.0,2649.0,2652.0,3.9299999999999997
1736309700000000,PAXGUSDT,15m,2652.0,2653.0,2651.0,2652.0,1.9275
1736310600000000,PAXGUSDT,15m,2653.0,2653.0,2651.0,2651.0,1.6995
1736311500000000,PAXGUSDT,15m,2651.0,2652.0,2648.0,2650.0,7.6692
1736312400000000,PAXGUSDT,15m,2651.0,2651.0,2649.0,2650.0,3.0290999999999997
1736313300000000,PAXGUSDT,15m,2650.0,2660.0,2650.0,2658.0,32.7915
1736314200000000,PAXGUSDT,15m,2660.0,2661.0,2655.0,2659.0,10.5876
1736315100000000,PAXGUSDT,15m,2659.0,2660.0,2648.0,2653.0,25.368000000000002
1736316000000000,PAXGUSDT,15m,2653.0,2656.0,2652.0,2656.0,4.9599
1736316900000000,PAXGUSDT,15m,2654.0,2657.0,2654.0,2654.0,6.7410000000000005
1736317800000000,PAXGUSDT,15m,2655.0,2656.0,2650.0,2651.0,11.9568
1736318700000000,PAXGUSDT,15m,2650.0,2651.0,2648.0,2651.0,20.1916
1736319600000000,PAXGUSDT,15m,2651.0,2654.0,2649.0,2654.0,7.4902999999999995
1736320500000000,PAXGUSDT,15m,2654.0,2656.0,2648.0,2656.0,28.761499999999998
1736321400000000,PAXGUSDT,15m,2655.0,2655.0,2649.0,2653.0,10.6762
1736322300000000,PAXGUSDT,15m,2653.0,2658.0,2652.0,2658.0,4.7938
1736323200000000,PAXGUSDT,15m,2658.0,2658.0,2653.0,2655.0,19.0243
1736324100000000,PAXGUSDT,15m,2655.0,2658.0,2654.0,2654.0,4.1368
1736325000000000,PAXGUSDT,15m,2654.0,2656.0,2654.0,2655.0,3.0301
1736325900000000,PAXGUSDT,15m,2655.0,2658.0,2653.0,2655.0,11.0575
1736326800000000,PAXGUSDT,15m,2657.0,2658.0,2655.0,2657.0,6.5774
1736327700000000,PAXGUSDT,15m,2656.0,2658.0,2655.0,2655.0,3.4975
1736328600000000,PAXGUSDT,15m,2657.0,2659.0,2654.0,2655.0,18.0185
1736329500000000,PAXGUSDT,15m,2654.0,2655.0,2653.0,2654.0,10.9495
1736330400000000,PAXGUSDT,15m,2653.0,2657.0,2653.0,2657.0,10.21
1736331300000000,PAXGUSDT,15m,2654.0,2658.0,2654.0,2655.0,11.2964
1736332200000000,PAXGUSDT,15m,2656.0,2658.0,2653.0,2655.0,6.9063
1736333100000000,PAXGUSDT,15m,2655.0,2659.0,2655.0,2655.0,5.4195
1736334000000000,PAXGUSDT,15m,2656.0,2658.0,2653.0,2653.0,6.0018
1736334900000000,PAXGUSDT,15m,2653.0,2655.0,2652.0,2652.0,4.498
1736335800000000,PAXGUSDT,15m,2652.0,2653.0,2649.0,2650.0,5.5289
1736336700000000,PAXGUSDT,15m,2650.0,2656.0,2649.0,2655.0,17.8673
1736337600000000,PAXGUSDT,15m,2657.0,2659.0,2655.0,2655.0,23.4133
1736338500000000,PAXGUSDT,15m,2657.0,2658.0,2651.0,2655.0,12.5395
1736339400000000,PAXGUSDT,15m,2655.0,2658.0,2653.0,2655.0,6.383900000000001
1736340300000000,PAXGUSDT,15m,2655.0,2657.0,2655.0,2657.0,2.3044
1736341200000000,PAXGUSDT,15m,2656.0,2661.0,2656.0,2657.0,14.6425
1736342100000000,PAXGUSDT,15m,2657.0,2660.0,2653.0,2657.0,13.7249
1736343000000000,PAXGUSDT,15m,2656.0,2658.0,2656.0,2657.0,2.4544
1736343900000000,PAXGUSDT,15m,2656.0,2660.0,2655.0,2660.0,10.6953
1736344800000000,PAXGUSDT,15m,2660.0,2664.0,2658.0,2662.0,37.154599999999995
1736345700000000,PAXGUSDT,15m,2663.0,2663.0,2659.0,2663.0,5.3746
1736346600000000,PAXGUSDT,15m,2663.0,2670.0,2661.0,2668.0,66.6106
1736347500000000,PAXGUSDT,15m,2667.0,2669.0,2662.0,2665.0,7.3354
1736348400000000,PAXGUSDT,15m,2666.0,2667.0,2663.0,2663.0,3.3949
1736349300000000,PAXGUSDT,15m,2664.0,2666.0,2661.0,2663.0,9.4712
1736350200000000,PAXGUSDT,15m,2663.0,2667.0,2662.0,2663.0,4.7559000000000005
1736351100000000,PAXGUSDT,15m,2663.0,2672.0,2663.0,2671.0,45.567
1736352000000000,PAXGUSDT,15m,2671.0,2673.0,2670.0,2670.0,25.797
1736352900000000,PAXGUSDT,15m,2671.0,2673.0,2669.0,2672.0,29.7751
1736353800000000,PAXGUSDT,15m,2673.0,2675.0,2668.0,2670.0,29.8457
1736354700000000,PAXGUSDT,15m,2670.0,2672.0,2666.0,2670.0,21.8612
1736355600000000,PAXGUSDT,15m,2670.0,2679.0,2664.0,2677.0,117.3148
1736356500000000,PAXGUSDT,15m,2677.0,2680.0,2663.0,2665.0,111.6345
1736357400000000,PAXGUSDT,15m,2665.0,2668.0,2654.0,2659.0,57.1311
1736358300000000,PAXGUSDT,15m,2661.0,2667.0,2656.0,2662.0,85.74329999999999
1736359200000000,PAXGUSDT,15m,2662.0,2668.0,2661.0,2666.0,33.8191
1736360100000000,PAXGUSDT,15m,2665.0,2668.0,2663.0,2665.0,14.2777
1736361000000000,PAXGUSDT,15m,2665.0,2669.0,2664.0,2666.0,13.1196
1736361900000000,PAXGUSDT,15m,2667.0,2667.0,2660.0,2664.0,12.5426
1736362800000000,PAXGUSDT,15m,2664.0,2667.0,2661.0,2666.0,12.6279
1736363700000000,PAXGUSDT,15m,2666.0,2669.0,2665.0,2667.0,4.3903
1736364600000000,PAXGUSDT,15m,2666.0,2666.0,2662.0,2664.0,3.1269
1736365500000000,PAXGUSDT,15m,2664.0,2665.0,2663.0,2663.0,5.3997
1736366400000000,PAXGUSDT,15m,2663.0,2664.0,2660.0,2662.0,7.3607000000000005
1736367300000000,PAXGUSDT,15m,2662.0,2663.0,2660.0,2662.0,7.4289000000000005
1736368200000000,PAXGUSDT,15m,2663.0,2668.0,2662.0,2667.0,9.35
1736369100000000,PAXGUSDT,15m,2669.0,2670.0,2664.0,2669.0,5.3682
1736370000000000,PAXGUSDT,15m,2669.0,2670.0,2664.0,2665.0,16.3127
1736370900000000,PAXGUSDT,15m,2665.0,2670.0,2664.0,2670.0,5.3621
1736371800000000,PAXGUSDT,15m,2669.0,2670.0,2666.0,2668.0,12.0487
1736372700000000,PAXGUSDT,15m,2668.0,2668.0,2665.0,2666.0,1.7682
1736373600000000,PAXGUSDT,15m,2667.0,2670.0,2665.0,2670.0,6.0592
1736374500000000,PAXGUSDT,15m,2668.0,2669.0,2666.0,2666.0,2.1098
1736375400000000,PAXGUSDT,15m,2668.0,2669.0,2665.0,2668.0,5.4378
1736376300000000,PAXGUSDT,15m,2668.0,2670.0,2664.0,2664.0,11.740400000000001
1736377200000000,PAXGUSDT,15m,2665.0,2666.0,2662.0,2664.0,4.8492
1736378100000000,PAXGUSDT,15m,2662.0,2665.0,2662.0,2664.0,12.5374
1736379000000000,PAXGUSDT,15m,2663.0,2668.0,2663.0,2666.0,11.0551
1736379900000000,PAXGUSDT,15m,2666.0,2667.0,2665.0,2665.0,0.9362999999999999
1736380800000000,PAXGUSDT,15m,2666.0,2668.0,2664.0,2667.0,6.9475999999999996
1736381700000000,PAXGUSDT,15m,2668.0,2670.0,2667.0,2670.0,2.6716
1736382600000000,PAXGUSDT,15m,2668.0,2671.0,2668.0,2671.0,3.3622
1736383500000000,PAXGUSDT,15m,2671.0,2672.0,2670.0,2671.0,4.9516
1736384400000000,PAXGUSDT,15m,2671.0,2672.0,2668.0,2670.0,12.2439
1736385300000000,PAXGUSDT,15m,2669.0,2674.0,2669.0,2672.0,37.1134
1736386200000000,PAXGUSDT,15m,2672.0,2672.0,2668.0,2668.0,2.2594
1736387100000000,PAXGUSDT,15m,2667.0,2669.0,2666.0,2668.0,2.7983
1736388000000000,PAXGUSDT,15m,2668.0,2668.0,2663.0,2665.0,5.4778
1736388900000000,PAXGUSDT,15m,2665.0,2666.0,2664.0,2666.0,1.5121
1736389800000000,PAXGUSDT,15m,2665.0,2666.0,2665.0,2665.0,0.6276
1736390700000000,PAXGUSDT,15m,2665.0,2667.0,2664.0,2666.0,3.0488
1736391600000000,PAXGUSDT,15m,2666.0,2667.0,2663.0,2667.0,8.5214
1736392500000000,PAXGUSDT,15m,2665.0,2669.0,2665.0,2665.0,2.7733
1736393400000000,PAXGUSDT,15m,2665.0,2668.0,2665.0,2668.0,3.9547
1736394300000000,PAXGUSDT,15m,2668.0,2669.0,2667.0,2669.0,2.7645999999999997
1736395200000000,PAXGUSDT,15m,2668.0,2670.0,2667.0,2668.0,3.5633999999999997
1736396100000000,PAXGUSDT,15m,2667.0,2668.0,2664.0,2664.0,2.9546
1736397000000000,PAXGUSDT,15m,2664.0,2665.0,2663.0,2663.0,2.3583
1736397900000000,PAXGUSDT,15m,2663.0,2670.0,2662.0,2667.0,16.1962
1736398800000000,PAXGUSDT,15m,2669.0,2670.0,2667.0,2669.0,8.4307
1736399700000000,PAXGUSDT,15m,2668.0,2676.0,2668.0,2675.0,20.5166
1736400600000000,PAXGUSDT,15m,2675.0,2675.0,2670.0,2671.0,6.9867
1736401500000000,PAXGUSDT,15m,2670.0,2675.0,2669.0,2672.0,21.2362
1736402400000000,PAXGUSDT,15m,2674.0,2674.0,2666.0,2667.0,27.293200000000002
1736403300000000,PAXGUSDT,15m,2668.0,2668.0,2666.0,2667.0,0.8029000000000001
1736404200000000,PAXGUSDT,15m,2667.0,2674.0,2667.0,2673.0,21.700000000000003
1736405100000000,PAXGUSDT,15m,2672.0,2677.0,2672.0,2675.0,28.226300000000002
1736406000000000,PAXGUSDT,15m,2675.0,2680.0,2674.0,2676.0,16.7607
1736406900000000,PAXGUSDT,15m,2677.0,2681.0,2672.0,2673.0,35.8703
1736407800000000,PAXGUSDT,15m,2673.0,2677.0,2670.0,2677.0,17.7764
1736408700000000,PAXGUSDT,15m,2677.0,2680.0,2673.0,2677.0,7.1771
1736409600000000,PAXGUSDT,15m,2677.0,2680.0,2668.0,2670.0,19.4995
1736410500000000,PAXGUSDT,15m,2670.0,2673.0,2659.0,2669.0,86.13149999999999
1736411400000000,PAXGUSDT,15m,2669.0,2671.0,2667.0,2671.0,3.7718
1736412300000000,PAXGUSDT,15m,2671.0,2671.0,2668.0,2668.0,3.8419
1736413200000000,PAXGUSDT,15m,2669.0,2670.0,2667.0,2669.0,2.0829
1736414100000000,PAXGUSDT,15m,2668.0,2671.0,2666.0,2666.0,9.209900000000001
1736415000000000,PAXGUSDT,15m,2666.0,2670.0,2665.0,2667.0,14.5542
1736415900000000,PAXGUSDT,15m,2669.0,2671.0,2667.0,2670.0,8.3958
1736416800000000,PAXGUSDT,15m,2669.0,2671.0,2668.0,2670.0,2.4796
1736417700000000,PAXGUSDT,15m,2670.0,2670.0,2667.0,2668.0,1.8235999999999999
1736418600000000,PAXGUSDT,15m,2668.0,2673.0,2668.0,2672.0,5.141
1736419500000000,PAXGUSDT,15m,2673.0,2674.0,2670.0,2673.0,8.063
1736420400000000,PAXGUSDT,15m,2674.0,2675.0,2673.0,2675.0,4.089
1736421300000000,PAXGUSDT,15m,2675.0,2678.0,2674.0,2678.0,5.2223
1736422200000000,PAXGUSDT,15m,2678.0,2678.0,2674.0,2676.0,1.7971
1736423100000000,PAXGUSDT,15m,2674.0,2678.0,2674.0,2678.0,1.8723
1736424000000000,PAXGUSDT,15m,2678.0,2679.0,2676.0,2678.0,2.5985
1736424900000000,PAXGUSDT,15m,2679.0,2680.0,2677.0,2680.0,2.5737
1736425800000000,PAXGUSDT,15m,2680.0,2682.0,2677.0,2682.0,63.5717
1736426700000000,PAXGUSDT,15m,2681.0,2683.0,2678.0,2681.0,9.3427
1736427600000000,PAXGUSDT,15m,2681.0,2681.0,2677.0,2678.0,6.2406
1736428500000000,PAXGUSDT,15m,2679.0,2682.0,2678.0,2680.0,2.7478
1736429400000000,PAXGUSDT,15m,2680.0,2681.0,2674.0,2679.0,44.1093
1736430300000000,PAXGUSDT,15m,2678.0,2680.0,2675.0,2678.0,13.8123
1736431200000000,PAXGUSDT,15m,2677.0,2683.0,2675.0,2682.0,22.3636
1736432100000000,PAXGUSDT,15m,2681.0,2682.0,2673.0,2674.0,8.4417
1736433000000000,PAXGUSDT,15m,2673.0,2682.0,2673.0,2677.0,9.2834
1736433900000000,PAXGUSDT,15m,2676.0,2681.0,2675.0,2678.0,8.6527
1736434800000000,PAXGUSDT,15m,2679.0,2680.0,2675.0,2677.0,9.1533
1736435700000000,PAXGUSDT,15m,2677.0,2682.0,2675.0,2680.0,35.1739
1736436600000000,PAXGUSDT,15m,2680.0,2683.0,2677.0,2679.0,16.1433
1736437500000000,PAXGUSDT,15m,2679.0,2681.0,2673.0,2673.0,42.566
1736438400000000,PAXGUSDT,15m,2673.0,2675.0,2671.0,2673.0,11.8041
1736439300000000,PAXGUSDT,15m,2673.0,2678.0,2672.0,2676.0,9.4913
1736440200000000,PAXGUSDT,15m,2675.0,2676.0,2672.0,2675.0,5.4481
1736441100000000,PAXGUSDT,15m,2675.0,2676.0,2675.0,2675.0,1.1745
1736442000000000,PAXGUSDT,15m,2676.0,2676.0,2670.0,2671.0,24.5859
1736442900000000,PAXGUSDT,15m,2671.0,2672.0,2670.0,2671.0,2.4208
1736443800000000,PAXGUSDT,15m,2671.0,2673.0,2670.0,2672.0,3.5321000000000002
1736444700000000,PAXGUSDT,15m,2671.0,2672.0,2670.0,2671.0,10.730799999999999
1736445600000000,PAXGUSDT,15m,2672.0,2674.0,2670.0,2671.0,11.0094
1736446500000000,PAXGUSDT,15m,2672.0,2676.0,2671.0,2673.0,6.840599999999999
1736447400000000,PAXGUSDT,15m,2674.0,2676.0,2673.0,2674.0,6.008
1736448300000000,PAXGUSDT,15m,2675.0,2676.0,2674.0,2675.0,3.9025999999999996
1736449200000000,PAXGUSDT,15m,2675.0,2675.0,2673.0,2675.0,1.2986
1736450100000000,PAXGUSDT,15m,2675.0,2677.0,2672.0,2675.0,15.3515
1736451000000000,PAXGUSDT,15m,2677.0,2680.0,2676.0,2680.0,9.0544
1736451900000000,PAXGUSDT,15m,2677.0,2681.0,2677.0,2677.0,10.7447
1736452800000000,PAXGUSDT,15m,2679.0,2680.0,2673.0,2675.0,9.1072
1736453700000000,PAXGUSDT,15m,2675.0,2678.0,2670.0,2671.0,17.4896
1736454600000000,PAXGUSDT,15m,2672.0,2676.0,2670.0,2674.0,9.6608
1736455500000000,PAXGUSDT,15m,2674.0,2674.0,2670.0,2673.0,14.4379
1736456400000000,PAXGUSDT,15m,2673.0,2675.0,2673.0,2675.0,4.988
1736457300000000,PAXGUSDT,15m,2675.0,2676.0,2674.0,2674.0,8.1085
1736458200000000,PAXGUSDT,15m,2674.0,2680.0,2673.0,2675.0,15.4563
1736459100000000,PAXGUSDT,15m,2676.0,2678.0,2674.0,2675.0,5.9199
1736460000000000,PAXGUSDT,15m,2674.0,2676.0,2669.0,2672.0,41.765299999999996
1736460900000000,PAXGUSDT,15m,2670.0,2675.0,2670.0,2671.0,6.7481
1736461800000000,PAXGUSDT,15m,2672.0,2678.0,2672.0,2673.0,15.6387
1736462700000000,PAXGUSDT,15m,2674.0,2677.0,2672.0,2673.0,1.8214000000000001
1736463600000000,PAXGUSDT,15m,2673.0,2675.0,2672.0,2673.0,3.5228
1736464500000000,PAXGUSDT,15m,2673.0,2675.0,2672.0,2674.0,2.4546
1736465400000000,PAXGUSDT,15m,2674.0,2675.0,2671.0,2671.0,1.9305
1736466300000000,PAXGUSDT,15m,2671.0,2673.0,2670.0,2670.0,3.016
1736467200000000,PAXGUSDT,15m,2672.0,2673.0,2670.0,2671.0,11.8201
1736468100000000,PAXGUSDT,15m,2672.0,2673.0,2669.0,2673.0,5.7653
1736469000000000,PAXGUSDT,15m,2672.0,2673.0,2670.0,2673.0,2.4471
1736469900000000,PAXGUSDT,15m,2671.0,2673.0,2670.0,2671.0,2.3805
1736470800000000,PAXGUSDT,15m,2671.0,2676.0,2671.0,2676.0,6.6148
1736471700000000,PAXGUSDT,15m,2675.0,2677.0,2674.0,2677.0,5.1356
1736472600000000,PAXGUSDT,15m,2675.0,2678.0,2674.0,2678.0,4.5332
1736473500000000,PAXGUSDT,15m,2677.0,2680.0,2676.0,2677.0,7.4943
1736474400000000,PAXGUSDT,15m,2678.0,2682.0,2677.0,2677.0,15.348700000000001
1736475300000000,PAXGUSDT,15m,2677.0,2678.0,2675.0,2676.0,3.1113
1736476200000000,PAXGUSDT,15m,2676.0,2681.0,2676.0,2679.0,8.1977
1736477100000000,PAXGUSDT,15m,2679.0,2682.0,2678.0,2679.0,5.8327
1736478000000000,PAXGUSDT,15m,2680.0,2680.0,2678.0,2678.0,4.4782
1736478900000000,PAXGUSDT,15m,2678.0,2678.0,2675.0,2676.0,4.0493
1736479800000000,PAXGUSDT,15m,2677.0,2678.0,2674.0,2674.0,4.8215
1736480700000000,PAXGUSDT,15m,2674.0,2677.0,2674.0,2675.0,2.9192
1736481600000000,PAXGUSDT,15m,2676.0,2678.0,2674.0,2674.0,2.2849
1736482500000000,PAXGUSDT,15m,2674.0,2675.0,2673.0,2673.0,2.5263
1736483400000000,PAXGUSDT,15m,2674.0,2679.0,2671.0,2675.0,25.318900000000003
1736484300000000,PAXGUSDT,15m,2675.0,2677.0,2673.0,2673.0,5.1203
1736485200000000,PAXGUSDT,15m,2675.0,2675.0,2670.0,2671.0,7.318700000000001
1736486100000000,PAXGUSDT,15m,2672.0,2673.0,2671.0,2672.0,1.9207
1736487000000000,PAXGUSDT,15m,2673.0,2679.0,2672.0,2676.0,17.83
1736487900000000,PAXGUSDT,15m,2676.0,2681.0,2674.0,2676.0,7.235200000000001
1736488800000000,PAXGUSDT,15m,2677.0,2678.0,2675.0,2675.0,3.7193
1736489700000000,PAXGUSDT,15m,2675.0,2677.0,2674.0,2674.0,7.022
1736490600000000,PAXGUSDT,15m,2674.0,2677.0,2673.0,2675.0,4.6046
1736491500000000,PAXGUSDT,15m,2675.0,2677.0,2673.0,2675.0,12.377099999999999
1736492400000000,PAXGUSDT,15m,2675.0,2678.0,2675.0,2676.0,6.5943000000000005
1736493300000000,PAXGUSDT,15m,2676.0,2683.0,2675.0,2678.0,15.1108
1736494200000000,PAXGUSDT,15m,2678.0,2681.0,2677.0,2679.0,15.4047
1736495100000000,PAXGUSDT,15m,2679.0,2680.0,2674.0,2676.0,14.3019
1736496000000000,PAXGUSDT,15m,2676.0,2678.0,2675.0,2676.0,5.0408
1736496900000000,PAXGUSDT,15m,2676.0,2679.0,2672.0,2676.0,19.499299999999998
1736497800000000,PAXGUSDT,15m,2678.0,2678.0,2675.0,2675.0,17.8659
1736498700000000,PAXGUSDT,15m,2675.0,2692.0,2675.0,2678.0,90.418
1736499600000000,PAXGUSDT,15m,2678.0,2687.0,2677.0,2679.0,18.5959
1736500500000000,PAXGUSDT,15m,2679.0,2681.0,2678.0,2678.0,6.2375
1736501400000000,PAXGUSDT,15m,2678.0,2681.0,2677.0,2677.0,5.1607
1736502300000000,PAXGUSDT,15m,2677.0,2680.0,2676.0,2677.0,3.488
1736503200000000,PAXGUSDT,15m,2678.0,2680.0,2676.0,2678.0,3.7127
1736504100000000,PAXGUSDT,15m,2680.0,2682.0,2678.0,2679.0,8.9476
1736505000000000,PAXGUSDT,15m,2679.0,2681.0,2677.0,2678.0,4.1546
1736505900000000,PAXGUSDT,15m,2678.0,2679.0,2675.0,2678.0,14.698599999999999
1736506800000000,PAXGUSDT,15m,2679.0,2683.0,2677.0,2679.0,6.3868
1736507700000000,PAXGUSDT,15m,2679.0,2682.0,2677.0,2679.0,9.6956
1736508600000000,PAXGUSDT,15m,2679.0,2681.0,2678.0,2680.0,5.8654
1736509500000000,PAXGUSDT,15m,2680.0,2682.0,2679.0,2681.0,5.2117
1736510400000000,PAXGUSDT,15m,2681.0,2683.0,2681.0,2682.0,1.6862000000000001
1736511300000000,PAXGUSDT,15m,2681.0,2682.0,2679.0,2680.0,26.309
1736512200000000,PAXGUSDT,15m,2680.0,2680.0,2675.0,2678.0,20.2077
1736513100000000,PAXGUSDT,15m,2678.0,2680.0,2676.0,2678.0,5.3141
1736514000000000,PAXGUSDT,15m,2679.0,2679.0,2676.0,2679.0,3.0425
1736514900000000,PAXGUSDT,15m,2679.0,2680.0,2678.0,2680.0,3.1662999999999997
1736515800000000,PAXGUSDT,15m,2679.0,2679.0,2666.0,2675.0,55.7566
1736516700000000,PAXGUSDT,15m,2674.0,2682.0,2674.0,2682.0,20.0364
1736517600000000,PAXGUSDT,15m,2682.0,2685.0,2681.0,2684.0,9.2783
1736518500000000,PAXGUSDT,15m,2685.0,2688.0,2684.0,2687.0,21.7181
1736519400000000,PAXGUSDT,15m,2687.0,2690.0,2685.0,2688.0,18.156100000000002
1736520300000000,PAXGUSDT,15m,2688.0,2688.0,2684.0,2685.0,8.4674
1736521200000000,PAXGUSDT,15m,2686.0,2691.0,2684.0,2689.0,44.8066
1736522100000000,PAXGUSDT,15m,2689.0,2691.0,2687.0,2690.0,14.560599999999999
1736523000000000,PAXGUSDT,15m,2690.0,2694.0,2690.0,2693.0,35.9925
1736523900000000,PAXGUSDT,15m,2692.0,2693.0,2690.0,2690.0,8.9506
1736524800000000,PAXGUSDT,15m,2690.0,2692.0,2689.0,2689.0,6.388
1736525700000000,PAXGUSDT,15m,2689.0,2694.0,2688.0,2688.0,10.2998
1736526600000000,PAXGUSDT,15m,2688.0,2689.0,2687.0,2687.0,3.1076
1736527500000000,PAXGUSDT,15m,2689.0,2693.0,2688.0,2691.0,11.3698
1736528400000000,PAXGUSDT,15m,2693.0,2694.0,2689.0,2690.0,10.597199999999999
1736529300000000,PAXGUSDT,15m,2692.0,2693.0,2691.0,2691.0,6.7194
1736530200000000,PAXGUSDT,15m,2692.0,2692.0,2690.0,2691.0,8.7743
1736531100000000,PAXGUSDT,15m,2691.0,2694.0,2690.0,2690.0,21.2293
1736532000000000,PAXGUSDT,15m,2690.0,2690.0,2688.0,2689.0,3.5326999999999997
1736532900000000,PAXGUSDT,15m,2689.0,2691.0,2686.0,2686.0,6.1089
1736533800000000,PAXGUSDT,15m,2687.0,2688.0,2686.0,2687.0,1.8504
1736534700000000,PAXGUSDT,15m,2686.0,2687.0,2685.0,2685.0,2.5624
1736535600000000,PAXGUSDT,15m,2685.0,2688.0,2685.0,2688.0,6.181
1736536500000000,PAXGUSDT,15m,2688.0,2688.0,2687.0,2687.0,4.2749
1736537400000000,PAXGUSDT,15m,2688.0,2689.0,2687.0,2688.0,3.4415
1736538300000000,PAXGUSDT,15m,2688.0,2689.0,2687.0,2688.0,6.841100000000001
1736539200000000,PAXGUSDT,15m,2687.0,2690.0,2687.0,2690.0,13.160599999999999
1736540100000000,PAXGUSDT,15m,2690.0,2694.0,2689.0,2690.0,39.8348
1736541000000000,PAXGUSDT,15m,2690.0,2690.0,2686.0,2688.0,7.1814
1736541900000000,PAXGUSDT,15m,2688.0,2689.0,2685.0,2687.0,4.9023
1736542800000000,PAXGUSDT,15m,2686.0,2689.0,2686.0,2689.0,4.6974
1736543700000000,PAXGUSDT,15m,2689.0,2692.0,2688.0,2689.0,9.7636
1736544600000000,PAXGUSDT,15m,2691.0,2692.0,2690.0,2692.0,2.3162000000000003
1736545500000000,PAXGUSDT,15m,2692.0,2692.0,2688.0,2688.0,3.1486
1736546400000000,PAXGUSDT,15m,2689.0,2689.0,2687.0,2688.0,0.3538
1736547300000000,PAXGUSDT,15m,2687.0,2689.0,2685.0,2689.0,5.5511
1736548200000000,PAXGUSDT,15m,2689.0,2692.0,2689.0,2691.0,2.7361
1736549100000000,PAXGUSDT,15m,2690.0,2692.0,2690.0,2691.0,2.1065
1736550000000000,PAXGUSDT,15m,2690.0,2691.0,2689.0,2691.0,4.6205
1736550900000000,PAXGUSDT,15m,2690.0,2691.0,2689.0,2690.0,1.0803
1736551800000000,PAXGUSDT,15m,2690.0,2690.0,2689.0,2689.0,0.7092
1736552700000000,PAXGUSDT,15m,2690.0,2690.0,2685.0,2686.0,6.6378
1736553600000000,PAXGUSDT,15m,2688.0,2688.0,2685.0,2686.0,3.7317
1736554500000000,PAXGUSDT,15m,2685.0,2686.0,2682.0,2685.0,22.6857
1736555400000000,PAXGUSDT,15m,2684.0,2685.0,2684.0,2685.0,0.5068
1736556300000000,PAXGUSDT,15m,2684.0,2685.0,2684.0,2684.0,0.4276
1736557200000000,PAXGUSDT,15m,2685.0,2685.0,2684.0,2684.0,0.2923
1736558100000000,PAXGUSDT,15m,2685.0,2685.0,2683.0,2684.0,4.3295
1736559000000000,PAXGUSDT,15m,2683.0,2685.0,2682.0,2683.0,7.5906
1736559900000000,PAXGUSDT,15m,2684.0,2685.0,2682.0,2685.0,6.906700000000001
1736560800000000,PAXGUSDT,15m,2684.0,2685.0,2684.0,2684.0,0.325
1736561700000000,PAXGUSDT,15m,2684.0,2685.0,2684.0,2684.0,0.315
1736562600000000,PAXGUSDT,15m,2685.0,2685.0,2684.0,2684.0,0.5042
1736563500000000,PAXGUSDT,15m,2684.0,2684.0,2683.0,2683.0,0.5851999999999999
1736564400000000,PAXGUSDT,15m,2684.0,2684.0,2682.0,2683.0,2.7123
1736565300000000,PAXGUSDT,15m,2682.0,2683.0,2682.0,2683.0,1.9873
1736566200000000,PAXGUSDT,15m,2683.0,2683.0,2681.0,2682.0,4.2453
1736567100000000,PAXGUSDT,15m,2682.0,2685.0,2682.0,2685.0,2.3985000000000003
1736568000000000,PAXGUSDT,15m,2684.0,2685.0,2684.0,2684.0,0.2119
1736568900000000,PAXGUSDT,15m,2684.0,2685.0,2684.0,2684.0,0.3879
1736569800000000,PAXGUSDT,15m,2684.0,2684.0,2682.0,2683.0,5.147
1736570700000000,PAXGUSDT,15m,2682.0,2684.0,2682.0,2683.0,0.8202
1736571600000000,PAXGUSDT,15m,2684.0,2684.0,2683.0,2684.0,0.2318
1736572500000000,PAXGUSDT,15m,2685.0,2686.0,2684.0,2684.0,3.7484
1736573400000000,PAXGUSDT,15m,2684.0,2686.0,2684.0,2685.0,0.5598
1736574300000000,PAXGUSDT,15m,2685.0,2686.0,2683.0,2683.0,3.8981
1736575200000000,PAXGUSDT,15m,2684.0,2684.0,2683.0,2683.0,0.318
1736576100000000,PAXGUSDT,15m,2683.0,2683.0,2682.0,2683.0,0.5422
1736577000000000,PAXGUSDT,15m,2683.0,2683.0,2682.0,2682.0,0.3658
1736577900000000,PAXGUSDT,15m,2683.0,2683.0,2682.0,2683.0,0.8892000000000001
1736578800000000,PAXGUSDT,15m,2683.0,2685.0,2682.0,2684.0,6.0802
1736579700000000,PAXGUSDT,15m,2684.0,2684.0,2682.0,2682.0,4.4211
1736580600000000,PAXGUSDT,15m,2683.0,2683.0,2682.0,2683.0,1.2072
1736581500000000,PAXGUSDT,15m,2682.0,2683.0,2682.0,2683.0,3.1055
1736582400000000,PAXGUSDT,15m,2683.0,2683.0,2682.0,2683.0,0.5362
1736583300000000,PAXGUSDT,15m,2682.0,2683.0,2681.0,2681.0,2.5768
1736584200000000,PAXGUSDT,15m,2681.0,2684.0,2681.0,2683.0,3.8442
1736585100000000,PAXGUSDT,15m,2683.0,2685.0,2682.0,2683.0,6.512300000000001
1736586000000000,PAXGUSDT,15m,2683.0,2684.0,2683.0,2684.0,0.16870000000000002
1736586900000000,PAXGUSDT,15m,2683.0,2684.0,2681.0,2682.0,9.0916
1736587800000000,PAXGUSDT,15m,2682.0,2685.0,2682.0,2683.0,5.0127999999999995
1736588700000000,PAXGUSDT,15m,2683.0,2685.0,2683.0,2683.0,0.9845999999999999
1736589600000000,PAXGUSDT,15m,2684.0,2686.0,2683.0,2685.0,7.8307
1736590500000000,PAXGUSDT,15m,2687.0,2689.0,2685.0,2687.0,15.5313
1736591400000000,PAXGUSDT,15m,2689.0,2689.0,2685.0,2685.0,2.2596
1736592300000000,PAXGUSDT,15m,2687.0,2687.0,2685.0,2685.0,3.6523
1736593200000000,PAXGUSDT,15m,2686.0,2687.0,2684.0,2687.0,4.8132
1736594100000000,PAXGUSDT,15m,2687.0,2688.0,2686.0,2688.0,1.5567
1736595000000000,PAXGUSDT,15m,2687.0,2688.0,2686.0,2686.0,2.2729
1736595900000000,PAXGUSDT,15m,2687.0,2694.0,2687.0,2692.0,62.7686
1736596800000000,PAXGUSDT,15m,2692.0,2692.0,2690.0,2690.0,3.9169
1736597700000000,PAXGUSDT,15m,2691.0,2691.0,2690.0,2690.0,5.1610000000000005
1736598600000000,PAXGUSDT,15m,2691.0,2693.0,2690.0,2691.0,5.0777
1736599500000000,PAXGUSDT,15m,2691.0,2694.0,2690.0,2694.0,15.105799999999999
1736600400000000,PAXGUSDT,15m,2694.0,2694.0,2692.0,2694.0,17.9322
1736601300000000,PAXGUSDT,15m,2692.0,2694.0,2692.0,2693.0,2.0133
1736602200000000,PAXGUSDT,15m,2692.0,2693.0,2692.0,2692.0,4.7272
1736603100000000,PAXGUSDT,15m,2693.0,2694.0,2692.0,2694.0,3.2319
1736604000000000,PAXGUSDT,15m,2694.0,2694.0,2693.0,2694.0,7.0503
1736604900000000,PAXGUSDT,15m,2694.0,2695.0,2693.0,2694.0,14.9361
1736605800000000,PAXGUSDT,15m,2694.0,2699.0,2693.0,2696.0,94.8419
1736606700000000,PAXGUSDT,15m,2695.0,2696.0,2694.0,2694.0,3.9625
1736607600000000,PAXGUSDT,15m,2695.0,2695.0,2693.0,2693.0,1.154
1736608500000000,PAXGUSDT,15m,2693.0,2694.0,2693.0,2693.0,2.3411999999999997
1736609400000000,PAXGUSDT,15m,2693.0,2694.0,2693.0,2693.0,5.3922
1736610300000000,PAXGUSDT,15m,2694.0,2695.0,2692.0,2694.0,6.3195
1736611200000000,PAXGUSDT,15m,2694.0,2695.0,2693.0,2694.0,10.9722
1736612100000000,PAXGUSDT,15m,2694.0,2695.0,2693.0,2694.0,23.709
1736613000000000,PAXGUSDT,15m,2694.0,2695.0,2693.0,2693.0,8.6255
1736613900000000,PAXGUSDT,15m,2693.0,2696.0,2692.0,2695.0,17.663
1736614800000000,PAXGUSDT,15m,2696.0,2698.0,2692.0,2695.0,21.168899999999997
1736615700000000,PAXGUSDT,15m,2694.0,2697.0,2694.0,2695.0,5.5447
1736616600000000,PAXGUSDT,15m,2695.0,2696.0,2694.0,2695.0,2.2793
1736617500000000,PAXGUSDT,15m,2695.0,2697.0,2695.0,2697.0,2.33
1736618400000000,PAXGUSDT,15m,2697.0,2699.0,2696.0,2697.0,4.2304
1736619300000000,PAXGUSDT,15m,2697.0,2697.0,2695.0,2697.0,1.7426000000000001
1736620200000000,PAXGUSDT,15m,2697.0,2698.0,2696.0,2698.0,1.8800999999999999
1736621100000000,PAXGUSDT,15m,2698.0,2698.0,2696.0,2698.0,2.5427
1736622000000000,PAXGUSDT,15m,2698.0,2699.0,2697.0,2699.0,9.9756
1736622900000000,PAXGUSDT,15m,2698.0,2699.0,2698.0,2698.0,7.7578
1736623800000000,PAXGUSDT,15m,2698.0,2699.0,2696.0,2698.0,3.2464
1736624700000000,PAXGUSDT,15m,2698.0,2699.0,2696.0,2698.0,5.445
1736625600000000,PAXGUSDT,15m,2699.0,2699.0,2696.0,2696.0,5.785299999999999
1736626500000000,PAXGUSDT,15m,2696.0,2698.0,2696.0,2698.0,13.302399999999999
1736627400000000,PAXGUSDT,15m,2697.0,2699.0,2692.0,2698.0,19.6656
1736628300000000,PAXGUSDT,15m,2698.0,2699.0,2697.0,2698.0,9.7751
1736629200000000,PAXGUSDT,15m,2697.0,2699.0,2696.0,2697.0,20.8769
1736630100000000,PAXGUSDT,15m,2697.0,2699.0,2697.0,2699.0,7.991
1736631000000000,PAXGUSDT,15m,2698.0,2699.0,2697.0,2698.0,2.4224
1736631900000000,PAXGUSDT,15m,2699.0,2699.0,2698.0,2698.0,1.8047
1736632800000000,PAXGUSDT,15m,2699.0,2699.0,2697.0,2698.0,2.8274
1736633700000000,PAXGUSDT,15m,2698.0,2698.0,2696.0,2697.0,8.6901
1736634600000000,PAXGUSDT,15m,2697.0,2698.0,2696.0,2697.0,10.7569
1736635500000000,PAXGUSDT,15m,2698.0,2700.0,2697.0,2698.0,17.9237
1736636400000000,PAXGUSDT,15m,2699.0,2699.0,2697.0,2697.0,2.1971
1736637300000000,PAXGUSDT,15m,2697.0,2698.0,2697.0,2697.0,1.4458
1736638200000000,PAXGUSDT,15m,2698.0,2699.0,2698.0,2699.0,2.3395
1736639100000000,PAXGUSDT,15m,2699.0,2699.0,2697.0,2697.0,2.0284
1736640000000000,PAXGUSDT,15m,2698.0,2699.0,2697.0,2699.0,0.74
1736640900000000,PAXGUSDT,15m,2699.0,2700.0,2698.0,2698.0,2.4951000000000003
1736641800000000,PAXGUSDT,15m,2698.0,2701.0,2698.0,2701.0,11.986999999999998
1736642700000000,PAXGUSDT,15m,2701.0,2702.0,2699.0,2700.0,16.9145
1736643600000000,PAXGUSDT,15m,2700.0,2700.0,2699.0,2699.0,1.1942
1736644500000000,PAXGUSDT,15m,2699.0,2701.0,2699.0,2701.0,4.2593000000000005
1736645400000000,PAXGUSDT,15m,2700.0,2702.0,2700.0,2701.0,3.4023
1736646300000000,PAXGUSDT,15m,2702.0,2702.0,2699.0,2699.0,5.7170000000000005
1736647200000000,PAXGUSDT,15m,2700.0,2700.0,2698.0,2698.0,1.7652
1736648100000000,PAXGUSDT,15m,2699.0,2699.0,2696.0,2696.0,7.838699999999999
1736649000000000,PAXGUSDT,15m,2698.0,2698.0,2696.0,2697.0,1.2328
1736649900000000,PAXGUSDT,15m,2697.0,2698.0,2696.0,2696.0,2.2736
1736650800000000,PAXGUSDT,15m,2698.0,2698.0,2697.0,2697.0,0.14450000000000002
1736651700000000,PAXGUSDT,15m,2698.0,2698.0,2697.0,2698.0,0.1565
1736652600000000,PAXGUSDT,15m,2698.0,2698.0,2697.0,2697.0,1.0158
1736653500000000,PAXGUSDT,15m,2698.0,2698.0,2697.0,2698.0,0.3532
1736654400000000,PAXGUSDT,15m,2698.0,2699.0,2698.0,2698.0,0.20220000000000002
1736655300000000,PAXGUSDT,15m,2698.0,2700.0,2698.0,2698.0,3.1695
1736656200000000,PAXGUSDT,15m,2698.0,2699.0,2698.0,2698.0,3.0062
1736657100000000,PAXGUSDT,15m,2698.0,2699.0,2698.0,2699.0,0.2215
1736658000000000,PAXGUSDT,15m,2699.0,2699.0,2697.0,2698.0,3.6567
1736658900000000,PAXGUSDT,15m,2698.0,2699.0,2698.0,2698.0,0.7984
1736659800000000,PAXGUSDT,15m,2698.0,2699.0,2698.0,2699.0,0.4434
1736660700000000,PAXGUSDT,15m,2698.0,2699.0,2698.0,2698.0,2.0179
1736661600000000,PAXGUSDT,15m,2698.0,2699.0,2698.0,2699.0,1.1089
1736662500000000,PAXGUSDT,15m,2699.0,2699.0,2698.0,2698.0,0.2084
1736663400000000,PAXGUSDT,15m,2699.0,2699.0,2698.0,2699.0,2.6261
1736664300000000,PAXGUSDT,15m,2698.0,2699.0,2698.0,2698.0,0.6920000000000001
1736665200000000,PAXGUSDT,15m,2699.0,2699.0,2697.0,2697.0,4.5521
1736666100000000,PAXGUSDT,15m,2698.0,2699.0,2697.0,2698.0,2.287
1736667000000000,PAXGUSDT,15m,2698.0,2699.0,2697.0,2699.0,1.2429999999999999
1736667900000000,PAXGUSDT,15m,2698.0,2699.0,2698.0,2698.0,1.0073
1736668800000000,PAXGUSDT,15m,2699.0,2699.0,2697.0,2699.0,1.2425
1736669700000000,PAXGUSDT,15m,2699.0,2701.0,2697.0,2701.0,24.2252
1736670600000000,PAXGUSDT,15m,2701.0,2702.0,2697.0,2699.0,26.4569
1736671500000000,PAXGUSDT,15m,2700.0,2701.0,2697.0,2700.0,12.3636
1736672400000000,PAXGUSDT,15m,2701.0,2701.0,2699.0,2699.0,4.4567
1736673300000000,PAXGUSDT,15m,2699.0,2700.0,2698.0,2700.0,2.0066
1736674200000000,PAXGUSDT,15m,2698.0,2699.0,2697.0,2697.0,3.8299
1736675100000000,PAXGUSDT,15m,2697.0,2698.0,2697.0,2697.0,2.8278000000000003
1736676000000000,PAXGUSDT,15m,2698.0,2699.0,2697.0,2697.0,2.2085
1736676900000000,PAXGUSDT,15m,2697.0,2699.0,2697.0,2697.0,0.6868
1736677800000000,PAXGUSDT,15m,2697.0,2699.0,2697.0,2699.0,0.9462
1736678700000000,PAXGUSDT,15m,2699.0,2699.0,2697.0,2697.0,2.4124
1736679600000000,PAXGUSDT,15m,2698.0,2698.0,2696.0,2697.0,0.7372
1736680500000000,PAXGUSDT,15m,2697.0,2698.0,2696.0,2698.0,0.5412
1736681400000000,PAXGUSDT,15m,2696.0,2698.0,2696.0,2698.0,0.30639999999999995
1736682300000000,PAXGUSDT,15m,2698.0,2698.0,2697.0,2698.0,0.7358
1736683200000000,PAXGUSDT,15m,2697.0,2698.0,2696.0,2698.0,1.2039
1736684100000000,PAXGUSDT,15m,2698.0,2699.0,2696.0,2699.0,9.0619
1736685000000000,PAXGUSDT,15m,2698.0,2701.0,2698.0,2699.0,5.1547
1736685900000000,PAXGUSDT,15m,2699.0,2700.0,2698.0,2700.0,6.375500000000001
1736686800000000,PAXGUSDT,15m,2700.0,2702.0,2698.0,2701.0,5.7406
1736687700000000,PAXGUSDT,15m,2701.0,2701.0,2699.0,2699.0,1.2593
1736688600000000,PAXGUSDT,15m,2700.0,2702.0,2699.0,2699.0,6.924899999999999
1736689500000000,PAXGUSDT,15m,2700.0,2700.0,2698.0,2700.0,1.8843
1736690400000000,PAXGUSDT,15m,2699.0,2701.0,2699.0,2700.0,5.016299999999999
1736691300000000,PAXGUSDT,15m,2701.0,2701.0,2696.0,2698.0,26.8126
1736692200000000,PAXGUSDT,15m,2698.0,2699.0,2697.0,2697.0,2.683
1736693100000000,PAXGUSDT,15m,2698.0,2698.0,2697.0,2698.0,0.3084
1736694000000000,PAXGUSDT,15m,2698.0,2698.0,2697.0,2697.0,2.3832
1736694900000000,PAXGUSDT,15m,2698.0,2700.0,2696.0,2698.0,18.1416
1736695800000000,PAXGUSDT,15m,2698.0,2699.0,2698.0,2699.0,0.7976
1736696700000000,PAXGUSDT,15m,2698.0,2699.0,2698.0,2698.0,0.8296
1736697600000000,PAXGUSDT,15m,2698.0,2699.0,2697.0,2697.0,1.7349999999999999
1736698500000000,PAXGUSDT,15m,2698.0,2698.0,2697.0,2698.0,1.4502
1736699400000000,PAXGUSDT,15m,2697.0,2698.0,2696.0,2697.0,4.2563
1736700300000000,PAXGUSDT,15m,2696.0,2697.0,2696.0,2696.0,1.2953999999999999
1736701200000000,PAXGUSDT,15m,2697.0,2697.0,2696.0,2696.0,1.8155999999999999
1736702100000000,PAXGUSDT,15m,2696.0,2698.0,2696.0,2697.0,3.3606000000000003
1736703000000000,PAXGUSDT,15m,2696.0,2702.0,2696.0,2700.0,17.099
1736703900000000,PAXGUSDT,15m,2701.0,2701.0,2699.0,2701.0,2.1511
1736704800000000,PAXGUSDT,15m,2701.0,2701.0,2699.0,2699.0,4.3382
1736705700000000,PAXGUSDT,15m,2698.0,2699.0,2697.0,2698.0,3.3398999999999996
1736706600000000,PAXGUSDT,15m,2697.0,2698.0,2697.0,2697.0,0.5409
1736707500000000,PAXGUSDT,15m,2697.0,2698.0,2696.0,2697.0,3.8240000000000003
1736708400000000,PAXGUSDT,15m,2698.0,2699.0,2696.0,2696.0,2.9694
1736709300000000,PAXGUSDT,15m,2696.0,2699.0,2696.0,2697.0,2.3890000000000002
1736710200000000,PAXGUSDT,15m,2698.0,2698.0,2697.0,2697.0,0.33290000000000003
1736711100000000,PAXGUSDT,15m,2698.0,2699.0,2697.0,2699.0,1.6107
1736712000000000,PAXGUSDT,15m,2698.0,2701.0,2698.0,2700.0,5.9125000000000005
1736712900000000,PAXGUSDT,15m,2700.0,2701.0,2700.0,2700.0,3.6069
1736713800000000,PAXGUSDT,15m,2700.0,2701.0,2699.0,2699.0,2.0508
1736714700000000,PAXGUSDT,15m,2699.0,2700.0,2699.0,2699.0,1.249
1736715600000000,PAXGUSDT,15m,2699.0,2701.0,2699.0,2700.0,2.4069000000000003
1736716500000000,PAXGUSDT,15m,2701.0,2712.0,2701.0,2704.0,72.45349999999999
1736717400000000,PAXGUSDT,15m,2703.0,2707.0,2702.0,2707.0,5.2729
1736718300000000,PAXGUSDT,15m,2707.0,2707.0,2703.0,2703.0,8.850999999999999
1736719200000000,PAXGUSDT,15m,2705.0,2705.0,2699.0,2699.0,9.9259
1736720100000000,PAXGUSDT,15m,2699.0,2702.0,2698.0,2700.0,11.8868
1736721000000000,PAXGUSDT,15m,2700.0,2707.0,2700.0,2705.0,7.3654
1736721900000000,PAXGUSDT,15m,2704.0,2709.0,2703.0,2704.0,24.6034
1736722800000000,PAXGUSDT,15m,2706.0,2709.0,2702.0,2702.0,25.3725
1736723700000000,PAXGUSDT,15m,2702.0,2704.0,2701.0,2701.0,1.2851
1736724600000000,PAXGUSDT,15m,2702.0,2704.0,2692.0,2697.0,68.3049
1736725500000000,PAXGUSDT,15m,2697.0,2699.0,2696.0,2697.0,2.0077
1736726400000000,PAXGUSDT,15m,2698.0,2701.0,2696.0,2698.0,13.7351
1736727300000000,PAXGUSDT,15m,2698.0,2706.0,2696.0,2703.0,19.5409
1736728200000000,PAXGUSDT,15m,2703.0,2710.0,2702.0,2707.0,40.363699999999994
1736729100000000,PAXGUSDT,15m,2707.0,2707.0,2705.0,2706.0,2.9856
1736730000000000,PAXGUSDT,15m,2706.0,2707.0,2701.0,2702.0,4.9576
1736730900000000,PAXGUSDT,15m,2700.0,2701.0,2694.0,2694.0,10.7312
1736731800000000,PAXGUSDT,15m,2696.0,2697.0,2694.0,2694.0,6.9094
1736732700000000,PAXGUSDT,15m,2694.0,2695.0,2691.0,2691.0,6.0395
1736733600000000,PAXGUSDT,15m,2692.0,2697.0,2691.0,2696.0,17.191499999999998
1736734500000000,PAXGUSDT,15m,2696.0,2697.0,2695.0,2695.0,1.7385000000000002
1736735400000000,PAXGUSDT,15m,2695.0,2696.0,2694.0,2695.0,12.5516
1736736300000000,PAXGUSDT,15m,2695.0,2696.0,2694.0,2695.0,12.0391
1736737200000000,PAXGUSDT,15m,2695.0,2698.0,2695.0,2695.0,5.0455000000000005
1736738100000000,PAXGUSDT,15m,2694.0,2695.0,2692.0,2692.0,13.0913
1736739000000000,PAXGUSDT,15m,2693.0,2694.0,2691.0,2691.0,11.4801
1736739900000000,PAXGUSDT,15m,2692.0,2693.0,2690.0,2692.0,3.7937
1736740800000000,PAXGUSDT,15m,2692.0,2694.0,2691.0,2692.0,27.7728
1736741700000000,PAXGUSDT,15m,2693.0,2693.0,2689.0,2689.0,23.6784
1736742600000000,PAXGUSDT,15m,2689.0,2691.0,2688.0,2690.0,6.2431
1736743500000000,PAXGUSDT,15m,2691.0,2696.0,2690.0,2693.0,8.7354
1736744400000000,PAXGUSDT,15m,2694.0,2694.0,2685.0,2688.0,39.806
1736745300000000,PAXGUSDT,15m,2688.0,2689.0,2687.0,2687.0,3.7094
1736746200000000,PAXGUSDT,15m,2688.0,2688.0,2687.0,2687.0,0.9507
1736747100000000,PAXGUSDT,15m,2687.0,2688.0,2683.0,2687.0,11.463
1736748000000000,PAXGUSDT,15m,2686.0,2691.0,2686.0,2690.0,6.6638
1736748900000000,PAXGUSDT,15m,2690.0,2693.0,2690.0,2691.0,4.0625
1736749800000000,PAXGUSDT,15m,2692.0,2693.0,2686.0,2686.0,21.7668
1736750700000000,PAXGUSDT,15m,2687.0,2688.0,2685.0,2686.0,12.5982
1736751600000000,PAXGUSDT,15m,2688.0,2690.0,2680.0,2688.0,58.1597
1736752500000000,PAXGUSDT,15m,2688.0,2688.0,2686.0,2686.0,12.0114
1736753400000000,PAXGUSDT,15m,2685.0,2686.0,2684.0,2685.0,9.4803
1736754300000000,PAXGUSDT,15m,2685.0,2686.0,2683.0,2683.0,5.815300000000001
1736755200000000,PAXGUSDT,15m,2683.0,2685.0,2681.0,2684.0,7.9635
1736756100000000,PAXGUSDT,15m,2683.0,2686.0,2679.0,2681.0,21.5975
1736757000000000,PAXGUSDT,15m,2681.0,2687.0,2681.0,2686.0,9.293899999999999
1736757900000000,PAXGUSDT,15m,2686.0,2694.0,2684.0,2691.0,35.5125
1736758800000000,PAXGUSDT,15m,2689.0,2694.0,2687.0,2691.0,50.2606
1736759700000000,PAXGUSDT,15m,2690.0,2693.0,2689.0,2690.0,22.697300000000002
1736760600000000,PAXGUSDT,15m,2690.0,2690.0,2683.0,2685.0,16.6565
1736761500000000,PAXGUSDT,15m,2684.0,2693.0,2684.0,2691.0,19.627200000000002
1736762400000000,PAXGUSDT,15m,2691.0,2692.0,2685.0,2685.0,18.5916
1736763300000000,PAXGUSDT,15m,2685.0,2687.0,2680.0,2685.0,57.004599999999996
1736764200000000,PAXGUSDT,15m,2685.0,2685.0,2679.0,2684.0,27.0338
1736765100000000,PAXGUSDT,15m,2683.0,2690.0,2680.0,2688.0,99.58070000000001
1736766000000000,PAXGUSDT,15m,2686.0,2700.0,2677.0,2684.0,310.292
1736766900000000,PAXGUSDT,15m,2684.0,2684.0,2676.0,2677.0,34.533
1736767800000000,PAXGUSDT,15m,2678.0,2681.0,2674.0,2679.0,34.6059
1736768700000000,PAXGUSDT,15m,2681.0,2686.0,2675.0,2677.0,31.123800000000003
1736769600000000,PAXGUSDT,15m,2675.0,2676.0,2671.0,2675.0,30.9408
1736770500000000,PAXGUSDT,15m,2675.0,2675.0,2673.0,2675.0,5.3712
1736771400000000,PAXGUSDT,15m,2675.0,2676.0,2670.0,2673.0,23.0838
1736772300000000,PAXGUSDT,15m,2672.0,2678.0,2672.0,2676.0,12.897499999999999
1736773200000000,PAXGUSDT,15m,2677.0,2678.0,2673.0,2677.0,18.1874
1736774100000000,PAXGUSDT,15m,2677.0,2679.0,2673.0,2676.0,24.0355
1736775000000000,PAXGUSDT,15m,2675.0,2676.0,2672.0,2672.0,30.920199999999998
1736775900000000,PAXGUSDT,15m,2673.0,2673.0,2672.0,2672.0,5.1849
1736776800000000,PAXGUSDT,15m,2673.0,2673.0,2668.0,2670.0,44.724
1736777700000000,PAXGUSDT,15m,2669.0,2670.0,2665.0,2666.0,50.5243
1736778600000000,PAXGUSDT,15m,2666.0,2669.0,2664.0,2666.0,58.6757
1736779500000000,PAXGUSDT,15m,2668.0,2673.0,2667.0,2669.0,44.4236
1736780400000000,PAXGUSDT,15m,2669.0,2675.0,2669.0,2673.0,9.4906
1736781300000000,PAXGUSDT,15m,2673.0,2673.0,2668.0,2669.0,21.6066
1736782200000000,PAXGUSDT,15m,2668.0,2671.0,2668.0,2670.0,8.471
1736783100000000,PAXGUSDT,15m,2671.0,2671.0,2667.0,2668.0,10.547699999999999
1736784000000000,PAXGUSDT,15m,2668.0,2669.0,2665.0,2665.0,18.0013
1736784900000000,PAXGUSDT,15m,2666.0,2667.0,2663.0,2664.0,13.868099999999998
1736785800000000,PAXGUSDT,15m,2664.0,2668.0,2663.0,2665.0,22.3434
1736786700000000,PAXGUSDT,15m,2667.0,2667.0,2663.0,2665.0,18.2811
1736787600000000,PAXGUSDT,15m,2664.0,2670.0,2662.0,2665.0,66.0585
1736788500000000,PAXGUSDT,15m,2666.0,2667.0,2663.0,2663.0,4.7407
1736789400000000,PAXGUSDT,15m,2663.0,2664.0,2662.0,2663.0,5.0801
1736790300000000,PAXGUSDT,15m,2662.0,2663.0,2661.0,2661.0,3.7409999999999997
1736791200000000,PAXGUSDT,15m,2661.0,2665.0,2661.0,2665.0,5.5534
1736792100000000,PAXGUSDT,15m,2665.0,2665.0,2660.0,2663.0,13.2324
1736793000000000,PAXGUSDT,15m,2663.0,2671.0,2663.0,2663.0,40.14
1736793900000000,PAXGUSDT,15m,2664.0,2666.0,2663.0,2665.0,5.147
1736794800000000,PAXGUSDT,15m,2664.0,2666.0,2664.0,2664.0,5.3491
1736795700000000,PAXGUSDT,15m,2664.0,2665.0,2663.0,2664.0,1.2816999999999998
1736796600000000,PAXGUSDT,15m,2663.0,2667.0,2662.0,2667.0,5.0966000000000005
1736797500000000,PAXGUSDT,15m,2666.0,2667.0,2666.0,2666.0,5.311999999999999
1736798400000000,PAXGUSDT,15m,2667.0,2667.0,2666.0,2667.0,1.6176
1736799300000000,PAXGUSDT,15m,2666.0,2669.0,2666.0,2668.0,1.8956
1736800200000000,PAXGUSDT,15m,2669.0,2671.0,2659.0,2666.0,75.9678
1736801100000000,PAXGUSDT,15m,2668.0,2674.0,2667.0,2669.0,43.3328
1736802000000000,PAXGUSDT,15m,2669.0,2672.0,2665.0,2665.0,18.1261
1736802900000000,PAXGUSDT,15m,2665.0,2667.0,2665.0,2666.0,4.332
1736803800000000,PAXGUSDT,15m,2667.0,2667.0,2664.0,2664.0,19.5609
1736804700000000,PAXGUSDT,15m,2664.0,2670.0,2663.0,2670.0,20.4931
1736805600000000,PAXGUSDT,15m,2671.0,2674.0,2669.0,2670.0,7.748600000000001
1736806500000000,PAXGUSDT,15m,2670.0,2673.0,2669.0,2672.0,2.3981
1736807400000000,PAXGUSDT,15m,2673.0,2673.0,2671.0,2671.0,4.1953000000000005
1736808300000000,PAXGUSDT,15m,2672.0,2672.0,2671.0,2671.0,0.8749
1736809200000000,PAXGUSDT,15m,2672.0,2672.0,2671.0,2672.0,0.8096
1736810100000000,PAXGUSDT,15m,2672.0,2672.0,2668.0,2670.0,5.3113
1736811000000000,PAXGUSDT,15m,2670.0,2676.0,2670.0,2673.0,12.8283
1736811900000000,PAXGUSDT,15m,2673.0,2674.0,2670.0,2670.0,6.7163
1736812800000000,PAXGUSDT,15m,2670.0,2671.0,2667.0,2667.0,10.6616
1736813700000000,PAXGUSDT,15m,2667.0,2671.0,2666.0,2670.0,29.7216
1736814600000000,PAXGUSDT,15m,2669.0,2669.0,2661.0,2669.0,64.3877
1736815500000000,PAXGUSDT,15m,2670.0,2675.0,2670.0,2671.0,13.6166
1736816400000000,PAXGUSDT,15m,2673.0,2675.0,2671.0,2675.0,10.9237
1736817300000000,PAXGUSDT,15m,2674.0,2674.0,2672.0,2673.0,2.9818000000000002
1736818200000000,PAXGUSDT,15m,2672.0,2673.0,2671.0,2672.0,0.3967
1736819100000000,PAXGUSDT,15m,2672.0,2672.0,2671.0,2671.0,0.5616
1736820000000000,PAXGUSDT,15m,2672.0,2672.0,2670.0,2671.0,0.2011
1736820900000000,PAXGUSDT,15m,2670.0,2675.0,2669.0,2674.0,11.425600000000001
1736821800000000,PAXGUSDT,15m,2674.0,2674.0,2672.0,2672.0,2.5271
1736822700000000,PAXGUSDT,15m,2672.0,2673.0,2672.0,2673.0,0.6362
1736823600000000,PAXGUSDT,15m,2673.0,2674.0,2672.0,2673.0,4.1718
1736824500000000,PAXGUSDT,15m,2673.0,2673.0,2670.0,2671.0,8.4672
1736825400000000,PAXGUSDT,15m,2671.0,2672.0,2670.0,2670.0,0.49620000000000003
1736826300000000,PAXGUSDT,15m,2671.0,2671.0,2669.0,2670.0,1.7738999999999998
1736827200000000,PAXGUSDT,15m,2671.0,2671.0,2669.0,2670.0,1.2462
1736828100000000,PAXGUSDT,15m,2670.0,2671.0,2669.0,2671.0,2.4641
1736829000000000,PAXGUSDT,15m,2671.0,2675.0,2670.0,2675.0,3.022
1736829900000000,PAXGUSDT,15m,2675.0,2676.0,2673.0,2674.0,5.6071
1736830800000000,PAXGUSDT,15m,2674.0,2675.0,2673.0,2675.0,1.3557000000000001
1736831700000000,PAXGUSDT,15m,2675.0,2676.0,2674.0,2676.0,2.4183
1736832600000000,PAXGUSDT,15m,2676.0,2676.0,2674.0,2675.0,1.5479
1736833500000000,PAXGUSDT,15m,2675.0,2675.0,2674.0,2675.0,0.3261
1736834400000000,PAXGUSDT,15m,2675.0,2675.0,2674.0,2675.0,0.1901
1736835300000000,PAXGUSDT,15m,2675.0,2675.0,2674.0,2675.0,2.4403
1736836200000000,PAXGUSDT,15m,2675.0,2675.0,2671.0,2673.0,6.987299999999999
1736837100000000,PAXGUSDT,15m,2672.0,2676.0,2672.0,2675.0,2.7523
1736838000000000,PAXGUSDT,15m,2676.0,2677.0,2676.0,2676.0,3.4267
1736838900000000,PAXGUSDT,15m,2676.0,2676.0,2674.0,2674.0,1.3674
1736839800000000,PAXGUSDT,15m,2674.0,2675.0,2673.0,2675.0,4.2262
1736840700000000,PAXGUSDT,15m,2675.0,2676.0,2666.0,2670.0,19.1872
1736841600000000,PAXGUSDT,15m,2670.0,2681.0,2666.0,2677.0,48.6361
1736842500000000,PAXGUSDT,15m,2677.0,2678.0,2674.0,2674.0,8.4627
1736843400000000,PAXGUSDT,15m,2674.0,2675.0,2673.0,2674.0,4.5681
1736844300000000,PAXGUSDT,15m,2675.0,2675.0,2668.0,2668.0,42.8828
1736845200000000,PAXGUSDT,15m,2669.0,2671.0,2668.0,2671.0,12.6643
1736846100000000,PAXGUSDT,15m,2671.0,2679.0,2671.0,2674.0,30.9964
1736847000000000,PAXGUSDT,15m,2674.0,2679.0,2672.0,2672.0,39.9803
1736847900000000,PAXGUSDT,15m,2671.0,2675.0,2667.0,2673.0,17.8388
1736848800000000,PAXGUSDT,15m,2674.0,2674.0,2665.0,2668.0,38.4248
1736849700000000,PAXGUSDT,15m,2669.0,2669.0,2665.0,2666.0,11.7567
1736850600000000,PAXGUSDT,15m,2666.0,2668.0,2665.0,2668.0,13.5212
1736851500000000,PAXGUSDT,15m,2668.0,2669.0,2667.0,2669.0,4.5684000000000005
1736852400000000,PAXGUSDT,15m,2669.0,2670.0,2668.0,2669.0,1.7806
1736853300000000,PAXGUSDT,15m,2668.0,2668.0,2663.0,2666.0,12.8573
1736854200000000,PAXGUSDT,15m,2666.0,2669.0,2665.0,2667.0,2.7376
1736855100000000,PAXGUSDT,15m,2668.0,2671.0,2667.0,2669.0,4.2631
1736856000000000,PAXGUSDT,15m,2670.0,2671.0,2669.0,2670.0,3.5603
1736856900000000,PAXGUSDT,15m,2669.0,2670.0,2668.0,2668.0,13.940999999999999
1736857800000000,PAXGUSDT,15m,2669.0,2669.0,2666.0,2668.0,7.5886
1736858700000000,PAXGUSDT,15m,2667.0,2668.0,2665.0,2666.0,11.3057
1736859600000000,PAXGUSDT,15m,2667.0,2668.0,2666.0,2668.0,3.2904
1736860500000000,PAXGUSDT,15m,2667.0,2669.0,2666.0,2667.0,9.9621
1736861400000000,PAXGUSDT,15m,2668.0,2672.0,2666.0,2667.0,22.722099999999998
1736862300000000,PAXGUSDT,15m,2667.0,2668.0,2660.0,2664.0,46.8675
1736863200000000,PAXGUSDT,15m,2664.0,2665.0,2662.0,2664.0,9.6182
1736864100000000,PAXGUSDT,15m,2664.0,2668.0,2662.0,2664.0,14.9567
1736865000000000,PAXGUSDT,15m,2664.0,2672.0,2663.0,2666.0,26.978
1736865900000000,PAXGUSDT,15m,2667.0,2667.0,2663.0,2665.0,4.6706
1736866800000000,PAXGUSDT,15m,2664.0,2668.0,2664.0,2668.0,5.8082
1736867700000000,PAXGUSDT,15m,2668.0,2670.0,2667.0,2669.0,4.5497
1736868600000000,PAXGUSDT,15m,2669.0,2673.0,2669.0,2671.0,7.3712
1736869500000000,PAXGUSDT,15m,2670.0,2672.0,2670.0,2671.0,4.6943
1736870400000000,PAXGUSDT,15m,2670.0,2671.0,2666.0,2670.0,15.2073
1736871300000000,PAXGUSDT,15m,2669.0,2671.0,2667.0,2671.0,7.1357
1736872200000000,PAXGUSDT,15m,2670.0,2673.0,2669.0,2670.0,10.5443
1736873100000000,PAXGUSDT,15m,2670.0,2671.0,2670.0,2671.0,1.7638
1736874000000000,PAXGUSDT,15m,2670.0,2672.0,2670.0,2671.0,3.4497
1736874900000000,PAXGUSDT,15m,2670.0,2672.0,2670.0,2672.0,5.1439
1736875800000000,PAXGUSDT,15m,2671.0,2672.0,2670.0,2671.0,3.2782
1736876700000000,PAXGUSDT,15m,2671.0,2673.0,2671.0,2672.0,2.5675999999999997
1736877600000000,PAXGUSDT,15m,2672.0,2673.0,2671.0,2672.0,2.4854
1736878500000000,PAXGUSDT,15m,2673.0,2673.0,2671.0,2671.0,3.1353999999999997
1736879400000000,PAXGUSDT,15m,2671.0,2672.0,2660.0,2670.0,89.02770000000001
1736880300000000,PAXGUSDT,15m,2669.0,2671.0,2667.0,2667.0,8.091899999999999
1736881200000000,PAXGUSDT,15m,2667.0,2670.0,2667.0,2669.0,4.3266
1736882100000000,PAXGUSDT,15m,2670.0,2672.0,2670.0,2671.0,2.5646999999999998
1736883000000000,PAXGUSDT,15m,2671.0,2672.0,2670.0,2670.0,9.0016
1736883900000000,PAXGUSDT,15m,2671.0,2671.0,2668.0,2668.0,2.9048
1736884800000000,PAXGUSDT,15m,2669.0,2674.0,2667.0,2673.0,16.216900000000003
1736885700000000,PAXGUSDT,15m,2674.0,2674.0,2672.0,2672.0,3.8981
1736886600000000,PAXGUSDT,15m,2672.0,2674.0,2672.0,2672.0,4.512099999999999
1736887500000000,PAXGUSDT,15m,2673.0,2674.0,2672.0,2672.0,4.2106
1736888400000000,PAXGUSDT,15m,2673.0,2674.0,2672.0,2674.0,1.0589
1736889300000000,PAXGUSDT,15m,2673.0,2675.0,2673.0,2673.0,12.9908
1736890200000000,PAXGUSDT,15m,2673.0,2675.0,2671.0,2673.0,10.5726
1736891100000000,PAXGUSDT,15m,2673.0,2674.0,2672.0,2673.0,1.76
1736892000000000,PAXGUSDT,15m,2674.0,2674.0,2671.0,2671.0,6.9751
1736892900000000,PAXGUSDT,15m,2671.0,2673.0,2671.0,2671.0,1.4749
1736893800000000,PAXGUSDT,15m,2672.0,2673.0,2671.0,2672.0,1.9304000000000001
1736894700000000,PAXGUSDT,15m,2672.0,2676.0,2672.0,2675.0,9.4028
1736895600000000,PAXGUSDT,15m,2676.0,2676.0,2674.0,2674.0,2.4178
1736896500000000,PAXGUSDT,15m,2674.0,2675.0,2674.0,2674.0,1.0352000000000001
1736897400000000,PAXGUSDT,15m,2675.0,2675.0,2673.0,2673.0,0.7351000000000001
1736898300000000,PAXGUSDT,15m,2673.0,2676.0,2673.0,2674.0,5.8113
1736899200000000,PAXGUSDT,15m,2676.0,2676.0,2673.0,2675.0,3.6689000000000003
1736900100000000,PAXGUSDT,15m,2675.0,2677.0,2675.0,2677.0,2.1892
1736901000000000,PAXGUSDT,15m,2677.0,2678.0,2676.0,2677.0,20.885199999999998
1736901900000000,PAXGUSDT,15m,2677.0,2680.0,2677.0,2678.0,16.514
1736902800000000,PAXGUSDT,15m,2679.0,2679.0,2678.0,2678.0,7.3493
1736903700000000,PAXGUSDT,15m,2678.0,2680.0,2678.0,2679.0,26.515800000000002
1736904600000000,PAXGUSDT,15m,2679.0,2680.0,2677.0,2677.0,32.8645
1736905500000000,PAXGUSDT,15m,2677.0,2677.0,2671.0,2672.0,8.4039
1736906400000000,PAXGUSDT,15m,2672.0,2672.0,2668.0,2671.0,10.3834
1736907300000000,PAXGUSDT,15m,2671.0,2674.0,2670.0,2672.0,10.0004
1736908200000000,PAXGUSDT,15m,2672.0,2673.0,2672.0,2673.0,1.015
1736909100000000,PAXGUSDT,15m,2672.0,2673.0,2672.0,2672.0,3.6165
1736910000000000,PAXGUSDT,15m,2673.0,2674.0,2672.0,2673.0,1.7752
1736910900000000,PAXGUSDT,15m,2674.0,2676.0,2673.0,2675.0,5.0426
1736911800000000,PAXGUSDT,15m,2676.0,2677.0,2676.0,2676.0,0.8201999999999999
1736912700000000,PAXGUSDT,15m,2676.0,2680.0,2676.0,2680.0,6.3912
1736913600000000,PAXGUSDT,15m,2680.0,2680.0,2679.0,2679.0,7.4929
1736914500000000,PAXGUSDT,15m,2679.0,2680.0,2679.0,2679.0,1.4997
1736915400000000,PAXGUSDT,15m,2679.0,2680.0,2679.0,2679.0,0.8303
1736916300000000,PAXGUSDT,15m,2680.0,2681.0,2679.0,2681.0,2.0946
1736917200000000,PAXGUSDT,15m,2681.0,2681.0,2680.0,2680.0,0.6668000000000001
1736918100000000,PAXGUSDT,15m,2680.0,2681.0,2680.0,2681.0,8.6044
1736919000000000,PAXGUSDT,15m,2680.0,2681.0,2680.0,2680.0,15.9096
1736919900000000,PAXGUSDT,15m,2680.0,2681.0,2680.0,2680.0,0.2721
1736920800000000,PAXGUSDT,15m,2680.0,2685.0,2680.0,2684.0,5.9513
1736921700000000,PAXGUSDT,15m,2684.0,2685.0,2684.0,2685.0,7.2955000000000005
1736922600000000,PAXGUSDT,15m,2685.0,2685.0,2684.0,2685.0,1.4658
1736923500000000,PAXGUSDT,15m,2684.0,2685.0,2684.0,2685.0,2.0712
1736924400000000,PAXGUSDT,15m,2685.0,2685.0,2684.0,2685.0,15.0127
1736925300000000,PAXGUSDT,15m,2684.0,2690.0,2684.0,2689.0,28.604
1736926200000000,PAXGUSDT,15m,2689.0,2695.0,2688.0,2691.0,136.6937
1736927100000000,PAXGUSDT,15m,2692.0,2692.0,2688.0,2691.0,9.7329
1736928000000000,PAXGUSDT,15m,2691.0,2692.0,2690.0,2692.0,11.2728
1736928900000000,PAXGUSDT,15m,2692.0,2692.0,2689.0,2689.0,7.4263
1736929800000000,PAXGUSDT,15m,2690.0,2691.0,2689.0,2690.0,2.1766
1736930700000000,PAXGUSDT,15m,2690.0,2690.0,2687.0,2688.0,10.0972
1736931600000000,PAXGUSDT,15m,2687.0,2689.0,2687.0,2688.0,3.5548
1736932500000000,PAXGUSDT,15m,2687.0,2695.0,2687.0,2693.0,31.232
1736933400000000,PAXGUSDT,15m,2693.0,2694.0,2691.0,2694.0,13.393
1736934300000000,PAXGUSDT,15m,2693.0,2697.0,2691.0,2697.0,28.5741
1736935200000000,PAXGUSDT,15m,2697.0,2697.0,2691.0,2694.0,23.569
1736936100000000,PAXGUSDT,15m,2693.0,2695.0,2693.0,2693.0,6.5784
1736937000000000,PAXGUSDT,15m,2693.0,2693.0,2690.0,2690.0,11.0242
1736937900000000,PAXGUSDT,15m,2690.0,2691.0,2688.0,2690.0,8.5343
1736938800000000,PAXGUSDT,15m,2691.0,2696.0,2690.0,2692.0,12.449
1736939700000000,PAXGUSDT,15m,2692.0,2696.0,2691.0,2695.0,30.765300000000003
1736940600000000,PAXGUSDT,15m,2696.0,2697.0,2695.0,2697.0,12.2164
1736941500000000,PAXGUSDT,15m,2697.0,2697.0,2690.0,2693.0,19.6479
1736942400000000,PAXGUSDT,15m,2693.0,2694.0,2691.0,2691.0,5.9474
1736943300000000,PAXGUSDT,15m,2691.0,2693.0,2690.0,2692.0,5.0251
1736944200000000,PAXGUSDT,15m,2693.0,2693.0,2691.0,2691.0,8.4557
1736945100000000,PAXGUSDT,15m,2691.0,2692.0,2690.0,2690.0,6.9226
1736946000000000,PAXGUSDT,15m,2692.0,2692.0,2688.0,2689.0,10.1171
1736946900000000,PAXGUSDT,15m,2689.0,2690.0,2688.0,2690.0,6.0782
1736947800000000,PAXGUSDT,15m,2690.0,2698.0,2689.0,2689.0,52.2142
1736948700000000,PAXGUSDT,15m,2690.0,2705.0,2689.0,2702.0,110.3441
1736949600000000,PAXGUSDT,15m,2702.0,2705.0,2694.0,2694.0,53.9046
1736950500000000,PAXGUSDT,15m,2694.0,2696.0,2691.0,2694.0,8.6323
1736951400000000,PAXGUSDT,15m,2695.0,2695.0,2687.0,2689.0,12.3323
1736952300000000,PAXGUSDT,15m,2689.0,2698.0,2687.0,2694.0,25.686500000000002
1736953200000000,PAXGUSDT,15m,2694.0,2696.0,2687.0,2690.0,27.9613
1736954100000000,PAXGUSDT,15m,2690.0,2694.0,2686.0,2693.0,35.7345
1736955000000000,PAXGUSDT,15m,2693.0,2695.0,2691.0,2692.0,6.877700000000001
1736955900000000,PAXGUSDT,15m,2692.0,2694.0,2687.0,2688.0,9.7607
1736956800000000,PAXGUSDT,15m,2687.0,2695.0,2687.0,2694.0,26.7168
1736957700000000,PAXGUSDT,15m,2694.0,2695.0,2690.0,2690.0,20.733800000000002
1736958600000000,PAXGUSDT,15m,2692.0,2692.0,2686.0,2690.0,14.647
1736959500000000,PAXGUSDT,15m,2690.0,2695.0,2690.0,2693.0,22.090600000000002
1736960400000000,PAXGUSDT,15m,2692.0,2697.0,2692.0,2695.0,35.852399999999996
1736961300000000,PAXGUSDT,15m,2697.0,2698.0,2695.0,2697.0,5.1097
1736962200000000,PAXGUSDT,15m,2698.0,2698.0,2697.0,2698.0,13.0624
1736963100000000,PAXGUSDT,15m,2698.0,2698.0,2697.0,2697.0,4.7145
1736964000000000,PAXGUSDT,15m,2697.0,2698.0,2697.0,2698.0,2.5167
1736964900000000,PAXGUSDT,15m,2698.0,2700.0,2692.0,2693.0,179.2493
1736965800000000,PAXGUSDT,15m,2692.0,2694.0,2688.0,2690.0,31.1437
1736966700000000,PAXGUSDT,15m,2689.0,2693.0,2688.0,2692.0,9.1278
1736967600000000,PAXGUSDT,15m,2691.0,2695.0,2689.0,2691.0,50.774800000000006
1736968500000000,PAXGUSDT,15m,2691.0,2695.0,2690.0,2695.0,11.7847
1736969400000000,PAXGUSDT,15m,2696.0,2705.0,2694.0,2697.0,92.2857
1736970300000000,PAXGUSDT,15m,2699.0,2703.0,2698.0,2699.0,19.076900000000002
1736971200000000,PAXGUSDT,15m,2700.0,2703.0,2696.0,2701.0,31.051000000000002
1736972100000000,PAXGUSDT,15m,2703.0,2704.0,2701.0,2702.0,13.5052
1736973000000000,PAXGUSDT,15m,2701.0,2702.0,2700.0,2700.0,1.0591
1736973900000000,PAXGUSDT,15m,2700.0,2701.0,2695.0,2696.0,12.717099999999999
1736974800000000,PAXGUSDT,15m,2695.0,2697.0,2695.0,2697.0,4.0808
1736975700000000,PAXGUSDT,15m,2696.0,2699.0,2694.0,2694.0,10.0353
1736976600000000,PAXGUSDT,15m,2696.0,2696.0,2693.0,2693.0,2.8979
1736977500000000,PAXGUSDT,15m,2694.0,2697.0,2694.0,2696.0,7.8555
1736978400000000,PAXGUSDT,15m,2696.0,2696.0,2694.0,2695.0,4.4854
1736979300000000,PAXGUSDT,15m,2696.0,2698.0,2694.0,2695.0,4.965
1736980200000000,PAXGUSDT,15m,2695.0,2700.0,2694.0,2700.0,4.6448
1736981100000000,PAXGUSDT,15m,2700.0,2700.0,2698.0,2700.0,3.8001
1736982000000000,PAXGUSDT,15m,2700.0,2703.0,2699.0,2701.0,9.7987
1736982900000000,PAXGUSDT,15m,2701.0,2702.0,2699.0,2701.0,5.1905
1736983800000000,PAXGUSDT,15m,2702.0,2702.0,2699.0,2700.0,1.9321
1736984700000000,PAXGUSDT,15m,2699.0,2706.0,2690.0,2693.0,108.5047
1736985600000000,PAXGUSDT,15m,2693.0,2693.0,2690.0,2690.0,15.0877
1736986500000000,PAXGUSDT,15m,2690.0,2693.0,2687.0,2690.0,24.1852
1736987400000000,PAXGUSDT,15m,2689.0,2691.0,2689.0,2690.0,4.3208
1736988300000000,PAXGUSDT,15m,2690.0,2691.0,2687.0,2688.0,13.34
1736989200000000,PAXGUSDT,15m,2689.0,2693.0,2688.0,2693.0,11.2063
1736990100000000,PAXGUSDT,15m,2693.0,2696.0,2690.0,2695.0,9.7275
1736991000000000,PAXGUSDT,15m,2694.0,2698.0,2694.0,2698.0,2.3091999999999997
1736991900000000,PAXGUSDT,15m,2698.0,2700.0,2697.0,2698.0,2.0528
1736992800000000,PAXGUSDT,15m,2699.0,2700.0,2697.0,2698.0,1.8372
1736993700000000,PAXGUSDT,15m,2698.0,2700.0,2692.0,2695.0,7.3905
1736994600000000,PAXGUSDT,15m,2695.0,2696.0,2694.0,2696.0,0.6809000000000001
1736995500000000,PAXGUSDT,15m,2696.0,2697.0,2695.0,2696.0,3.7929999999999997
1736996400000000,PAXGUSDT,15m,2696.0,2697.0,2693.0,2695.0,5.4403
1736997300000000,PAXGUSDT,15m,2696.0,2702.0,2695.0,2698.0,55.0421
1736998200000000,PAXGUSDT,15m,2697.0,2698.0,2694.0,2696.0,13.4013
1736999100000000,PAXGUSDT,15m,2697.0,2708.0,2696.0,2701.0,54.3759
1737000000000000,PAXGUSDT,15m,2700.0,2701.0,2700.0,2701.0,1.3695
1737000900000000,PAXGUSDT,15m,2701.0,2703.0,2700.0,2701.0,5.1989
1737001800000000,PAXGUSDT,15m,2701.0,2703.0,2701.0,2702.0,3.3586
1737002700000000,PAXGUSDT,15m,2702.0,2704.0,2700.0,2701.0,3.0939
1737003600000000,PAXGUSDT,15m,2701.0,2701.0,2699.0,2699.0,0.5943
1737004500000000,PAXGUSDT,15m,2699.0,2699.0,2697.0,2697.0,1.4839
1737005400000000,PAXGUSDT,15m,2697.0,2699.0,2697.0,2698.0,0.46799999999999997
1737006300000000,PAXGUSDT,15m,2699.0,2699.0,2696.0,2696.0,4.4043
1737007200000000,PAXGUSDT,15m,2696.0,2697.0,2694.0,2695.0,4.2411
1737008100000000,PAXGUSDT,15m,2695.0,2695.0,2693.0,2695.0,4.2481
1737009000000000,PAXGUSDT,15m,2695.0,2696.0,2694.0,2696.0,1.6456
1737009900000000,PAXGUSDT,15m,2696.0,2696.0,2695.0,2696.0,1.0873
1737010800000000,PAXGUSDT,15m,2696.0,2702.0,2695.0,2701.0,31.8768
1737011700000000,PAXGUSDT,15m,2701.0,2702.0,2699.0,2700.0,3.4438000000000004
1737012600000000,PAXGUSDT,15m,2700.0,2701.0,2698.0,2699.0,4.6937999999999995
1737013500000000,PAXGUSDT,15m,2700.0,2700.0,2695.0,2697.0,10.5584
1737014400000000,PAXGUSDT,15m,2697.0,2697.0,2691.0,2696.0,25.7105
1737015300000000,PAXGUSDT,15m,2695.0,2699.0,2695.0,2697.0,8.0396
1737016200000000,PAXGUSDT,15m,2697.0,2697.0,2694.0,2694.0,11.4262
1737017100000000,PAXGUSDT,15m,2695.0,2697.0,2692.0,2695.0,27.8049
1737018000000000,PAXGUSDT,15m,2696.0,2697.0,2694.0,2695.0,13.5869
1737018900000000,PAXGUSDT,15m,2696.0,2698.0,2694.0,2698.0,15.967
1737019800000000,PAXGUSDT,15m,2697.0,2701.0,2696.0,2701.0,32.3745
1737020700000000,PAXGUSDT,15m,2700.0,2702.0,2698.0,2700.0,9.8805
1737021600000000,PAXGUSDT,15m,2701.0,2703.0,2700.0,2702.0,5.0484
1737022500000000,PAXGUSDT,15m,2703.0,2703.0,2701.0,2701.0,6.725300000000001
1737023400000000,PAXGUSDT,15m,2701.0,2704.0,2701.0,2703.0,15.834999999999999
1737024300000000,PAXGUSDT,15m,2703.0,2705.0,2703.0,2704.0,3.3018
1737025200000000,PAXGUSDT,15m,2705.0,2705.0,2704.0,2704.0,4.4924
1737026100000000,PAXGUSDT,15m,2704.0,2705.0,2704.0,2704.0,3.38
1737027000000000,PAXGUSDT,15m,2705.0,2708.0,2704.0,2706.0,25.5442
1737027900000000,PAXGUSDT,15m,2706.0,2710.0,2705.0,2706.0,24.6983
1737028800000000,PAXGUSDT,15m,2706.0,2708.0,2704.0,2708.0,11.8996
1737029700000000,PAXGUSDT,15m,2709.0,2711.0,2705.0,2705.0,42.384499999999996
1737030600000000,PAXGUSDT,15m,2705.0,2705.0,2698.0,2698.0,40.8521
1737031500000000,PAXGUSDT,15m,2698.0,2702.0,2697.0,2701.0,29.948800000000002
1737032400000000,PAXGUSDT,15m,2701.0,2707.0,2698.0,2707.0,23.8603
1737033300000000,PAXGUSDT,15m,2706.0,2712.0,2705.0,2710.0,4.72
1737034200000000,PAXGUSDT,15m,2709.0,2714.0,2705.0,2712.0,13.556799999999999
1737035100000000,PAXGUSDT,15m,2712.0,2714.0,2711.0,2713.0,5.0988
1737036000000000,PAXGUSDT,15m,2712.0,2714.0,2707.0,2712.0,16.4209
1737036900000000,PAXGUSDT,15m,2710.0,2714.0,2710.0,2712.0,6.6715
1737037800000000,PAXGUSDT,15m,2711.0,2713.0,2707.0,2708.0,17.728199999999998
1737038700000000,PAXGUSDT,15m,2708.0,2716.0,2705.0,2716.0,65.0581
1737039600000000,PAXGUSDT,15m,2715.0,2716.0,2712.0,2716.0,6.0995
1737040500000000,PAXGUSDT,15m,2716.0,2716.0,2714.0,2715.0,8.8203
1737041400000000,PAXGUSDT,15m,2715.0,2718.0,2715.0,2716.0,19.5644
1737042300000000,PAXGUSDT,15m,2716.0,2719.0,2714.0,2717.0,16.9135
1737043200000000,PAXGUSDT,15m,2717.0,2723.0,2717.0,2721.0,30.794999999999998
1737044100000000,PAXGUSDT,15m,2722.0,2724.0,2719.0,2722.0,29.4981
1737045000000000,PAXGUSDT,15m,2722.0,2724.0,2718.0,2718.0,10.9871
1737045900000000,PAXGUSDT,15m,2719.0,2719.0,2715.0,2718.0,11.447099999999999
1737046800000000,PAXGUSDT,15m,2718.0,2719.0,2715.0,2718.0,10.2665
1737047700000000,PAXGUSDT,15m,2716.0,2718.0,2716.0,2717.0,8.0937
1737048600000000,PAXGUSDT,15m,2718.0,2720.0,2717.0,2719.0,6.4311
1737049500000000,PAXGUSDT,15m,2719.0,2723.0,2718.0,2723.0,10.0411
1737050400000000,PAXGUSDT,15m,2722.0,2723.0,2717.0,2718.0,6.5127
1737051300000000,PAXGUSDT,15m,2718.0,2720.0,2717.0,2717.0,5.5739
1737052200000000,PAXGUSDT,15m,2717.0,2718.0,2710.0,2715.0,31.0931
1737053100000000,PAXGUSDT,15m,2715.0,2718.0,2713.0,2715.0,9.918199999999999
1737054000000000,PAXGUSDT,15m,2717.0,2717.0,2714.0,2716.0,5.6321
1737054900000000,PAXGUSDT,15m,2716.0,2717.0,2714.0,2714.0,5.7311
1737055800000000,PAXGUSDT,15m,2714.0,2714.0,2713.0,2713.0,1.4044
1737056700000000,PAXGUSDT,15m,2713.0,2716.0,2713.0,2715.0,6.0794999999999995
1737057600000000,PAXGUSDT,15m,2715.0,2716.0,2713.0,2713.0,6.823
1737058500000000,PAXGUSDT,15m,2714.0,2715.0,2713.0,2713.0,5.5667
1737059400000000,PAXGUSDT,15m,2713.0,2714.0,2713.0,2713.0,0.9646
1737060300000000,PAXGUSDT,15m,2713.0,2714.0,2713.0,2713.0,2.0555
1737061200000000,PAXGUSDT,15m,2713.0,2714.0,2713.0,2714.0,1.1353
1737062100000000,PAXGUSDT,15m,2713.0,2714.0,2713.0,2713.0,1.3353
1737063000000000,PAXGUSDT,15m,2713.0,2714.0,2713.0,2714.0,2.5140000000000002
1737063900000000,PAXGUSDT,15m,2713.0,2715.0,2713.0,2715.0,0.8481
1737064800000000,PAXGUSDT,15m,2715.0,2715.0,2713.0,2714.0,6.9052
1737065700000000,PAXGUSDT,15m,2714.0,2714.0,2713.0,2714.0,12.4527
1737066600000000,PAXGUSDT,15m,2713.0,2713.0,2709.0,2711.0,19.1553
1737067500000000,PAXGUSDT,15m,2712.0,2712.0,2711.0,2711.0,2.0572999999999997
1737068400000000,PAXGUSDT,15m,2712.0,2713.0,2711.0,2712.0,1.3806
1737069300000000,PAXGUSDT,15m,2713.0,2713.0,2712.0,2713.0,1.4121
1737070200000000,PAXGUSDT,15m,2713.0,2718.0,2712.0,2717.0,16.368100000000002
1737071100000000,PAXGUSDT,15m,2718.0,2718.0,2716.0,2716.0,1.7715
1737072000000000,PAXGUSDT,15m,2717.0,2718.0,2715.0,2716.0,8.7632
1737072900000000,PAXGUSDT,15m,2716.0,2717.0,2709.0,2712.0,32.4856
1737073800000000,PAXGUSDT,15m,2714.0,2714.0,2711.0,2713.0,1.397
1737074700000000,PAXGUSDT,15m,2712.0,2716.0,2711.0,2715.0,6.459
1737075600000000,PAXGUSDT,15m,2716.0,2716.0,2712.0,2714.0,8.2707
1737076500000000,PAXGUSDT,15m,2714.0,2716.0,2714.0,2714.0,4.128
1737077400000000,PAXGUSDT,15m,2714.0,2717.0,2711.0,2714.0,41.2405
1737078300000000,PAXGUSDT,15m,2713.0,2716.0,2713.0,2716.0,9.0858
1737079200000000,PAXGUSDT,15m,2716.0,2718.0,2715.0,2716.0,1.2970000000000002
1737080100000000,PAXGUSDT,15m,2718.0,2718.0,2712.0,2712.0,10.1889
1737081000000000,PAXGUSDT,15m,2714.0,2714.0,2712.0,2713.0,4.958100000000001
1737081900000000,PAXGUSDT,15m,2714.0,2715.0,2712.0,2715.0,3.8183
1737082800000000,PAXGUSDT,15m,2715.0,2716.0,2714.0,2716.0,2.9683
1737083700000000,PAXGUSDT,15m,2715.0,2717.0,2715.0,2716.0,1.6341
1737084600000000,PAXGUSDT,15m,2715.0,2718.0,2715.0,2718.0,5.46
1737085500000000,PAXGUSDT,15m,2717.0,2720.0,2716.0,2719.0,6.9658999999999995
1737086400000000,PAXGUSDT,15m,2718.0,2719.0,2715.0,2716.0,3.0133
1737087300000000,PAXGUSDT,15m,2716.0,2719.0,2716.0,2717.0,2.5921000000000003
1737088200000000,PAXGUSDT,15m,2717.0,2720.0,2717.0,2719.0,3.6195
1737089100000000,PAXGUSDT,15m,2718.0,2719.0,2718.0,2718.0,1.0726
1737090000000000,PAXGUSDT,15m,2719.0,2719.0,2718.0,2719.0,1.7968
1737090900000000,PAXGUSDT,15m,2719.0,2719.0,2706.0,2711.0,41.9713
1737091800000000,PAXGUSDT,15m,2711.0,2711.0,2710.0,2711.0,0.1654
1737092700000000,PAXGUSDT,15m,2711.0,2711.0,2710.0,2711.0,3.264
1737093600000000,PAXGUSDT,15m,2710.0,2711.0,2710.0,2711.0,1.5781
1737094500000000,PAXGUSDT,15m,2711.0,2711.0,2710.0,2711.0,0.4541
1737095400000000,PAXGUSDT,15m,2710.0,2713.0,2710.0,2713.0,4.6711
1737096300000000,PAXGUSDT,15m,2713.0,2714.0,2713.0,2714.0,1.16
1737097200000000,PAXGUSDT,15m,2714.0,2715.0,2714.0,2714.0,4.0451
1737098100000000,PAXGUSDT,15m,2714.0,2715.0,2709.0,2714.0,19.8588
1737099000000000,PAXGUSDT,15m,2713.0,2714.0,2712.0,2713.0,1.6421000000000001
1737099900000000,PAXGUSDT,15m,2712.0,2715.0,2712.0,2714.0,3.3009
1737100800000000,PAXGUSDT,15m,2714.0,2715.0,2712.0,2714.0,5.2222
1737101700000000,PAXGUSDT,15m,2715.0,2717.0,2713.0,2714.0,25.0507
1737102600000000,PAXGUSDT,15m,2713.0,2716.0,2713.0,2715.0,9.5138
1737103500000000,PAXGUSDT,15m,2715.0,2715.0,2714.0,2714.0,6.8842
1737104400000000,PAXGUSDT,15m,2713.0,2715.0,2707.0,2715.0,19.5623
1737105300000000,PAXGUSDT,15m,2715.0,2716.0,2711.0,2711.0,13.3108
1737106200000000,PAXGUSDT,15m,2712.0,2712.0,2709.0,2709.0,5.3872
1737107100000000,PAXGUSDT,15m,2709.0,2709.0,2707.0,2709.0,19.4325
1737108000000000,PAXGUSDT,15m,2709.0,2710.0,2700.0,2709.0,59.6624
1737108900000000,PAXGUSDT,15m,2710.0,2713.0,2709.0,2711.0,28.1798
1737109800000000,PAXGUSDT,15m,2711.0,2711.0,2708.0,2709.0,8.2662
1737110700000000,PAXGUSDT,15m,2709.0,2712.0,2708.0,2711.0,12.6046
1737111600000000,PAXGUSDT,15m,2711.0,2711.0,2706.0,2707.0,11.0382
1737112500000000,PAXGUSDT,15m,2708.0,2708.0,2702.0,2703.0,26.5452
1737113400000000,PAXGUSDT,15m,2703.0,2704.0,2701.0,2703.0,23.843600000000002
1737114300000000,PAXGUSDT,15m,2703.0,2704.0,2701.0,2704.0,10.2029
1737115200000000,PAXGUSDT,15m,2704.0,2710.0,2703.0,2708.0,7.230700000000001
1737116100000000,PAXGUSDT,15m,2708.0,2710.0,2706.0,2707.0,2.88
1737117000000000,PAXGUSDT,15m,2707.0,2710.0,2706.0,2708.0,4.9993
1737117900000000,PAXGUSDT,15m,2709.0,2710.0,2707.0,2708.0,3.2711
1737118800000000,PAXGUSDT,15m,2708.0,2710.0,2706.0,2708.0,6.7884
1737119700000000,PAXGUSDT,15m,2708.0,2709.0,2705.0,2706.0,4.5866
1737120600000000,PAXGUSDT,15m,2706.0,2707.0,2704.0,2704.0,2.2425
1737121500000000,PAXGUSDT,15m,2704.0,2707.0,2703.0,2705.0,8.8239
1737122400000000,PAXGUSDT,15m,2704.0,2706.0,2700.0,2705.0,18.447599999999998
1737123300000000,PAXGUSDT,15m,2706.0,2706.0,2700.0,2702.0,22.6687
1737124200000000,PAXGUSDT,15m,2704.0,2705.0,2703.0,2704.0,6.7829999999999995
1737125100000000,PAXGUSDT,15m,2704.0,2708.0,2704.0,2707.0,11.2952
1737126000000000,PAXGUSDT,15m,2708.0,2713.0,2708.0,2712.0,37.481
1737126900000000,PAXGUSDT,15m,2711.0,2712.0,2705.0,2706.0,12.5398
1737127800000000,PAXGUSDT,15m,2706.0,2710.0,2705.0,2709.0,7.5867
1737128700000000,PAXGUSDT,15m,2711.0,2714.0,2710.0,2713.0,17.376099999999997
1737129600000000,PAXGUSDT,15m,2713.0,2714.0,2711.0,2712.0,7.996700000000001
1737130500000000,PAXGUSDT,15m,2712.0,2713.0,2711.0,2712.0,40.4602
1737131400000000,PAXGUSDT,15m,2713.0,2716.0,2709.0,2712.0,11.220899999999999
1737132300000000,PAXGUSDT,15m,2712.0,2712.0,2709.0,2711.0,5.6318
1737133200000000,PAXGUSDT,15m,2712.0,2712.0,2707.0,2707.0,6.0024
1737134100000000,PAXGUSDT,15m,2708.0,2710.0,2705.0,2707.0,22.8155
1737135000000000,PAXGUSDT,15m,2706.0,2709.0,2706.0,2707.0,10.514
1737135900000000,PAXGUSDT,15m,2707.0,2708.0,2707.0,2707.0,3.1605
1737136800000000,PAXGUSDT,15m,2707.0,2708.0,2705.0,2706.0,8.1785
1737137700000000,PAXGUSDT,15m,2706.0,2709.0,2706.0,2708.0,13.4108
1737138600000000,PAXGUSDT,15m,2709.0,2711.0,2709.0,2711.0,3.1290999999999998
1737139500000000,PAXGUSDT,15m,2711.0,2711.0,2706.0,2708.0,2.9142
1737140400000000,PAXGUSDT,15m,2708.0,2709.0,2706.0,2708.0,2.316
1737141300000000,PAXGUSDT,15m,2708.0,2708.0,2707.0,2707.0,2.6761
1737142200000000,PAXGUSDT,15m,2708.0,2708.0,2707.0,2708.0,5.3678
1737143100000000,PAXGUSDT,15m,2708.0,2708.0,2706.0,2707.0,7.9722
1737144000000000,PAXGUSDT,15m,2707.0,2708.0,2704.0,2707.0,15.8132
1737144900000000,PAXGUSDT,15m,2707.0,2709.0,2705.0,2708.0,24.5253
1737145800000000,PAXGUSDT,15m,2707.0,2711.0,2707.0,2709.0,30.4038
1737146700000000,PAXGUSDT,15m,2709.0,2711.0,2703.0,2703.0,25.9528
1737147600000000,PAXGUSDT,15m,2705.0,2705.0,2702.0,2702.0,3.7065
1737148500000000,PAXGUSDT,15m,2702.0,2703.0,2701.0,2702.0,6.8196
1737149400000000,PAXGUSDT,15m,2702.0,2709.0,2702.0,2707.0,20.9796
1737150300000000,PAXGUSDT,15m,2707.0,2708.0,2707.0,2708.0,4.3592
1737151200000000,PAXGUSDT,15m,2708.0,2709.0,2706.0,2708.0,5.6203
1737152100000000,PAXGUSDT,15m,2708.0,2710.0,2708.0,2710.0,10.447
1737153000000000,PAXGUSDT,15m,2709.0,2710.0,2708.0,2709.0,3.1574999999999998
1737153900000000,PAXGUSDT,15m,2708.0,2709.0,2700.0,2700.0,11.1725
1737154800000000,PAXGUSDT,15m,2702.0,2703.0,2699.0,2700.0,18.9671
1737155700000000,PAXGUSDT,15m,2700.0,2701.0,2699.0,2699.0,4.3522
1737156600000000,PAXGUSDT,15m,2699.0,2701.0,2699.0,2701.0,2.1302
1737157500000000,PAXGUSDT,15m,2700.0,2702.0,2700.0,2701.0,7.3372
1737158400000000,PAXGUSDT,15m,2702.0,2707.0,2700.0,2705.0,2.5021
1737159300000000,PAXGUSDT,15m,2704.0,2707.0,2704.0,2707.0,1.9964
1737160200000000,PAXGUSDT,15m,2705.0,2708.0,2705.0,2708.0,1.6359
1737161100000000,PAXGUSDT,15m,2706.0,2708.0,2706.0,2707.0,2.0595000000000003
1737162000000000,PAXGUSDT,15m,2707.0,2707.0,2706.0,2706.0,1.0477
1737162900000000,PAXGUSDT,15m,2706.0,2706.0,2705.0,2706.0,0.9255
1737163800000000,PAXGUSDT,15m,2705.0,2705.0,2704.0,2704.0,2.32
1737164700000000,PAXGUSDT,15m,2705.0,2705.0,2699.0,2701.0,15.2081
1737165600000000,PAXGUSDT,15m,2702.0,2702.0,2701.0,2701.0,2.7079999999999997
1737166500000000,PAXGUSDT,15m,2700.0,2701.0,2700.0,2701.0,1.0027
1737167400000000,PAXGUSDT,15m,2701.0,2704.0,2701.0,2704.0,2.4539
1737168300000000,PAXGUSDT,15m,2704.0,2705.0,2703.0,2705.0,1.1784000000000001
1737169200000000,PAXGUSDT,15m,2705.0,2707.0,2704.0,2707.0,3.3671
1737170100000000,PAXGUSDT,15m,2706.0,2707.0,2702.0,2702.0,7.0797
1737171000000000,PAXGUSDT,15m,2701.0,2702.0,2696.0,2697.0,16.4508
1737171900000000,PAXGUSDT,15m,2697.0,2699.0,2695.0,2698.0,6.2938
1737172800000000,PAXGUSDT,15m,2698.0,2699.0,2697.0,2697.0,1.5616
1737173700000000,PAXGUSDT,15m,2697.0,2703.0,2695.0,2700.0,26.3513
1737174600000000,PAXGUSDT,15m,2701.0,2702.0,2699.0,2700.0,2.2653
1737175500000000,PAXGUSDT,15m,2701.0,2706.0,2699.0,2703.0,19.9425
1737176400000000,PAXGUSDT,15m,2703.0,2703.0,2694.0,2695.0,14.3231
1737177300000000,PAXGUSDT,15m,2695.0,2697.0,2694.0,2694.0,17.1365
1737178200000000,PAXGUSDT,15m,2696.0,2697.0,2693.0,2694.0,13.5069
1737179100000000,PAXGUSDT,15m,2694.0,2696.0,2692.0,2694.0,6.3533
1737180000000000,PAXGUSDT,15m,2694.0,2695.0,2690.0,2693.0,20.515600000000003
1737180900000000,PAXGUSDT,15m,2694.0,2696.0,2693.0,2694.0,3.2293000000000003
1737181800000000,PAXGUSDT,15m,2694.0,2701.0,2694.0,2700.0,3.3617000000000004
1737182700000000,PAXGUSDT,15m,2701.0,2701.0,2699.0,2700.0,4.3973
1737183600000000,PAXGUSDT,15m,2700.0,2700.0,2694.0,2694.0,2.5205
1737184500000000,PAXGUSDT,15m,2694.0,2694.0,2691.0,2692.0,7.920299999999999
1737185400000000,PAXGUSDT,15m,2692.0,2696.0,2690.0,2694.0,7.0855
1737186300000000,PAXGUSDT,15m,2694.0,2695.0,2690.0,2692.0,5.9205
1737187200000000,PAXGUSDT,15m,2690.0,2692.0,2690.0,2690.0,16.5463
1737188100000000,PAXGUSDT,15m,2690.0,2691.0,2684.0,2689.0,31.313
1737189000000000,PAXGUSDT,15m,2689.0,2694.0,2688.0,2692.0,5.8069
1737189900000000,PAXGUSDT,15m,2691.0,2697.0,2689.0,2690.0,29.265
1737190800000000,PAXGUSDT,15m,2692.0,2695.0,2689.0,2691.0,10.5542
1737191700000000,PAXGUSDT,15m,2691.0,2693.0,2690.0,2692.0,3.7525000000000004
1737192600000000,PAXGUSDT,15m,2693.0,2693.0,2688.0,2690.0,7.3962
1737193500000000,PAXGUSDT,15m,2690.0,2694.0,2690.0,2694.0,5.1597
1737194400000000,PAXGUSDT,15m,2694.0,2698.0,2692.0,2693.0,19.7634
1737195300000000,PAXGUSDT,15m,2694.0,2699.0,2689.0,2699.0,35.7494
1737196200000000,PAXGUSDT,15m,2698.0,2698.0,2692.0,2693.0,9.6559
1737197100000000,PAXGUSDT,15m,2692.0,2700.0,2691.0,2698.0,14.8317
1737198000000000,PAXGUSDT,15m,2698.0,2699.0,2695.0,2697.0,6.714499999999999
1737198900000000,PAXGUSDT,15m,2697.0,2700.0,2696.0,2697.0,5.5882000000000005
1737199800000000,PAXGUSDT,15m,2696.0,2700.0,2695.0,2698.0,8.5085
1737200700000000,PAXGUSDT,15m,2698.0,2700.0,2697.0,2699.0,5.4672
1737201600000000,PAXGUSDT,15m,2698.0,2700.0,2698.0,2699.0,2.8805
1737202500000000,PAXGUSDT,15m,2698.0,2700.0,2698.0,2699.0,3.77
1737203400000000,PAXGUSDT,15m,2699.0,2700.0,2698.0,2699.0,3.8614
1737204300000000,PAXGUSDT,15m,2699.0,2700.0,2699.0,2700.0,3.0758
1737205200000000,PAXGUSDT,15m,2700.0,2700.0,2694.0,2696.0,22.118299999999998
1737206100000000,PAXGUSDT,15m,2695.0,2701.0,2694.0,2698.0,5.0546999999999995
1737207000000000,PAXGUSDT,15m,2700.0,2701.0,2699.0,2699.0,3.6204
1737207900000000,PAXGUSDT,15m,2701.0,2701.0,2699.0,2700.0,1.0399
1737208800000000,PAXGUSDT,15m,2700.0,2700.0,2698.0,2700.0,1.2714
1737209700000000,PAXGUSDT,15m,2700.0,2700.0,2694.0,2696.0,5.1203
1737210600000000,PAXGUSDT,15m,2696.0,2697.0,2691.0,2691.0,11.1615
1737211500000000,PAXGUSDT,15m,2692.0,2693.0,2692.0,2693.0,1.9428
1737212400000000,PAXGUSDT,15m,2693.0,2695.0,2692.0,2694.0,5.7507
1737213300000000,PAXGUSDT,15m,2695.0,2701.0,2694.0,2701.0,8.3132
1737214200000000,PAXGUSDT,15m,2701.0,2701.0,2696.0,2697.0,8.4321
1737215100000000,PAXGUSDT,15m,2697.0,2700.0,2697.0,2700.0,4.3145999999999995
1737216000000000,PAXGUSDT,15m,2699.0,2700.0,2696.0,2698.0,4.8933
1737216900000000,PAXGUSDT,15m,2697.0,2698.0,2693.0,2696.0,23.912699999999997
1737217800000000,PAXGUSDT,15m,2695.0,2698.0,2695.0,2697.0,2.5785
1737218700000000,PAXGUSDT,15m,2696.0,2698.0,2696.0,2697.0,2.1721
1737219600000000,PAXGUSDT,15m,2697.0,2697.0,2693.0,2695.0,5.8788
1737220500000000,PAXGUSDT,15m,2695.0,2697.0,2692.0,2694.0,5.012300000000001
1737221400000000,PAXGUSDT,15m,2692.0,2696.0,2689.0,2690.0,24.0232
1737222300000000,PAXGUSDT,15m,2690.0,2694.0,2690.0,2692.0,3.6929
1737223200000000,PAXGUSDT,15m,2692.0,2693.0,2691.0,2691.0,1.6312
1737224100000000,PAXGUSDT,15m,2691.0,2693.0,2691.0,2693.0,3.8416
1737225000000000,PAXGUSDT,15m,2692.0,2694.0,2690.0,2693.0,7.1319
1737225900000000,PAXGUSDT,15m,2693.0,2695.0,2690.0,2694.0,9.4014
1737226800000000,PAXGUSDT,15m,2693.0,2697.0,2693.0,2696.0,3.3310999999999997
1737227700000000,PAXGUSDT,15m,2697.0,2697.0,2696.0,2696.0,1.4687000000000001
1737228600000000,PAXGUSDT,15m,2696.0,2698.0,2696.0,2697.0,2.7633
1737229500000000,PAXGUSDT,15m,2697.0,2697.0,2695.0,2696.0,2.3181
1737230400000000,PAXGUSDT,15m,2696.0,2708.0,2695.0,2701.0,168.1191
1737231300000000,PAXGUSDT,15m,2701.0,2702.0,2696.0,2699.0,10.960299999999998
1737232200000000,PAXGUSDT,15m,2699.0,2705.0,2699.0,2705.0,9.7004
1737233100000000,PAXGUSDT,15m,2705.0,2705.0,2701.0,2704.0,7.2012
1737234000000000,PAXGUSDT,15m,2704.0,2704.0,2702.0,2703.0,2.3363
1737234900000000,PAXGUSDT,15m,2703.0,2704.0,2702.0,2704.0,2.647
1737235800000000,PAXGUSDT,15m,2704.0,2704.0,2702.0,2703.0,2.2962
1737236700000000,PAXGUSDT,15m,2703.0,2703.0,2701.0,2702.0,2.5686999999999998
1737237600000000,PAXGUSDT,15m,2702.0,2703.0,2701.0,2702.0,2.0982000000000003
1737238500000000,PAXGUSDT,15m,2702.0,2703.0,2700.0,2700.0,2.0976999999999997
1737239400000000,PAXGUSDT,15m,2701.0,2702.0,2699.0,2700.0,8.4816
1737240300000000,PAXGUSDT,15m,2701.0,2701.0,2700.0,2701.0,1.2183
1737241200000000,PAXGUSDT,15m,2701.0,2701.0,2700.0,2701.0,0.6127
1737242100000000,PAXGUSDT,15m,2701.0,2704.0,2698.0,2701.0,26.282600000000002
1737243000000000,PAXGUSDT,15m,2701.0,2703.0,2693.0,2697.0,30.3151
1737243900000000,PAXGUSDT,15m,2697.0,2697.0,2695.0,2696.0,8.5863
1737244800000000,PAXGUSDT,15m,2696.0,2696.0,2692.0,2696.0,23.4848
1737245700000000,PAXGUSDT,15m,2695.0,2698.0,2694.0,2696.0,1.8144
1737246600000000,PAXGUSDT,15m,2698.0,2700.0,2698.0,2700.0,1.0282
1737247500000000,PAXGUSDT,15m,2699.0,2700.0,2694.0,2698.0,9.4305
1737248400000000,PAXGUSDT,15m,2698.0,2701.0,2697.0,2701.0,9.1777
1737249300000000,PAXGUSDT,15m,2701.0,2705.0,2700.0,2703.0,6.9857000000000005
1737250200000000,PAXGUSDT,15m,2702.0,2702.0,2698.0,2698.0,4.4592
1737251100000000,PAXGUSDT,15m,2698.0,2702.0,2697.0,2702.0,4.4618
1737252000000000,PAXGUSDT,15m,2702.0,2702.0,2700.0,2701.0,0.9702
1737252900000000,PAXGUSDT,15m,2701.0,2702.0,2700.0,2701.0,1.1256
1737253800000000,PAXGUSDT,15m,2700.0,2701.0,2700.0,2701.0,7.2854
1737254700000000,PAXGUSDT,15m,2701.0,2701.0,2700.0,2700.0,0.3881
1737255600000000,PAXGUSDT,15m,2701.0,2701.0,2700.0,2701.0,0.5398999999999999
1737256500000000,PAXGUSDT,15m,2700.0,2701.0,2699.0,2699.0,2.0305
1737257400000000,PAXGUSDT,15m,2699.0,2700.0,2699.0,2699.0,1.6225999999999998
1737258300000000,PAXGUSDT,15m,2699.0,2701.0,2699.0,2700.0,2.2592
1737259200000000,PAXGUSDT,15m,2700.0,2700.0,2698.0,2698.0,2.0407
1737260100000000,PAXGUSDT,15m,2698.0,2699.0,2698.0,2699.0,0.2644
1737261000000000,PAXGUSDT,15m,2698.0,2699.0,2696.0,2698.0,6.6289
1737261900000000,PAXGUSDT,15m,2697.0,2698.0,2697.0,2698.0,1.5521
1737262800000000,PAXGUSDT,15m,2698.0,2698.0,2694.0,2694.0,5.7511
1737263700000000,PAXGUSDT,15m,2694.0,2696.0,2693.0,2695.0,16.087
1737264600000000,PAXGUSDT,15m,2696.0,2696.0,2693.0,2693.0,5.3915
1737265500000000,PAXGUSDT,15m,2694.0,2695.0,2693.0,2694.0,1.6063
1737266400000000,PAXGUSDT,15m,2694.0,2695.0,2694.0,2695.0,0.5409
1737267300000000,PAXGUSDT,15m,2695.0,2696.0,2694.0,2696.0,1.512
1737268200000000,PAXGUSDT,15m,2697.0,2697.0,2694.0,2694.0,3.8886000000000003
1737269100000000,PAXGUSDT,15m,2696.0,2696.0,2693.0,2695.0,3.0741
1737270000000000,PAXGUSDT,15m,2695.0,2695.0,2692.0,2693.0,2.6721
1737270900000000,PAXGUSDT,15m,2692.0,2694.0,2692.0,2692.0,12.8947
1737271800000000,PAXGUSDT,15m,2693.0,2698.0,2692.0,2694.0,14.634400000000001
1737272700000000,PAXGUSDT,15m,2694.0,2696.0,2691.0,2691.0,20.072400000000002
1737273600000000,PAXGUSDT,15m,2692.0,2698.0,2692.0,2695.0,16.3535
1737274500000000,PAXGUSDT,15m,2694.0,2697.0,2690.0,2692.0,32.405699999999996
1737275400000000,PAXGUSDT,15m,2693.0,2695.0,2690.0,2694.0,14.049399999999999
1737276300000000,PAXGUSDT,15m,2692.0,2694.0,2688.0,2689.0,12.496
1737277200000000,PAXGUSDT,15m,2688.0,2691.0,2684.0,2687.0,41.5779
1737278100000000,PAXGUSDT,15m,2685.0,2688.0,2685.0,2688.0,9.6882
1737279000000000,PAXGUSDT,15m,2688.0,2688.0,2686.0,2687.0,15.7736
1737279900000000,PAXGUSDT,15m,2688.0,2695.0,2688.0,2693.0,13.4238
1737280800000000,PAXGUSDT,15m,2694.0,2696.0,2690.0,2690.0,12.9963
1737281700000000,PAXGUSDT,15m,2690.0,2692.0,2688.0,2690.0,7.9563
1737282600000000,PAXGUSDT,15m,2689.0,2693.0,2687.0,2692.0,28.8859
1737283500000000,PAXGUSDT,15m,2692.0,2695.0,2691.0,2693.0,7.7663
1737284400000000,PAXGUSDT,15m,2694.0,2694.0,2690.0,2690.0,5.0794
1737285300000000,PAXGUSDT,15m,2691.0,2691.0,2687.0,2688.0,7.2655
1737286200000000,PAXGUSDT,15m,2689.0,2690.0,2687.0,2688.0,39.5951
1737287100000000,PAXGUSDT,15m,2688.0,2689.0,2687.0,2688.0,18.4264
1737288000000000,PAXGUSDT,15m,2689.0,2689.0,2687.0,2688.0,8.609
1737288900000000,PAXGUSDT,15m,2688.0,2692.0,2687.0,2692.0,8.592
1737289800000000,PAXGUSDT,15m,2692.0,2696.0,2691.0,2693.0,14.754999999999999
1737290700000000,PAXGUSDT,15m,2694.0,2695.0,2691.0,2693.0,8.2984
1737291600000000,PAXGUSDT,15m,2695.0,2695.0,2690.0,2690.0,7.5868
1737292500000000,PAXGUSDT,15m,2690.0,2692.0,2689.0,2690.0,7.849600000000001
1737293400000000,PAXGUSDT,15m,2692.0,2692.0,2690.0,2691.0,1.4529
1737294300000000,PAXGUSDT,15m,2692.0,2692.0,2686.0,2692.0,33.129999999999995
1737295200000000,PAXGUSDT,15m,2693.0,2699.0,2693.0,2698.0,30.8447
1737296100000000,PAXGUSDT,15m,2698.0,2700.0,2676.0,2686.0,186.1892
1737297000000000,PAXGUSDT,15m,2686.0,2688.0,2684.0,2685.0,12.038599999999999
1737297900000000,PAXGUSDT,15m,2685.0,2693.0,2684.0,2688.0,38.8885
1737298800000000,PAXGUSDT,15m,2690.0,2694.0,2687.0,2688.0,22.8045
1737299700000000,PAXGUSDT,15m,2688.0,2689.0,2687.0,2688.0,6.8186
1737300600000000,PAXGUSDT,15m,2688.0,2689.0,2686.0,2686.0,9.9174
1737301500000000,PAXGUSDT,15m,2686.0,2686.0,2677.0,2679.0,67.0449
1737302400000000,PAXGUSDT,15m,2679.0,2685.0,2678.0,2683.0,12.495199999999999
1737303300000000,PAXGUSDT,15m,2683.0,2689.0,2680.0,2684.0,59.328199999999995
1737304200000000,PAXGUSDT,15m,2684.0,2686.0,2679.0,2683.0,11.0272
1737305100000000,PAXGUSDT,15m,2683.0,2684.0,2682.0,2683.0,4.5543
1737306000000000,PAXGUSDT,15m,2684.0,2685.0,2683.0,2684.0,3.1587
1737306900000000,PAXGUSDT,15m,2685.0,2691.0,2683.0,2688.0,23.1318
1737307800000000,PAXGUSDT,15m,2688.0,2689.0,2685.0,2685.0,4.1016
1737308700000000,PAXGUSDT,15m,2685.0,2688.0,2685.0,2688.0,2.1831
1737309600000000,PAXGUSDT,15m,2688.0,2691.0,2684.0,2684.0,16.973
1737310500000000,PAXGUSDT,15m,2685.0,2688.0,2683.0,2686.0,9.9989
1737311400000000,PAXGUSDT,15m,2686.0,2686.0,2683.0,2683.0,1.9674
1737312300000000,PAXGUSDT,15m,2683.0,2686.0,2683.0,2686.0,2.9304
1737313200000000,PAXGUSDT,15m,2685.0,2687.0,2684.0,2685.0,9.101700000000001
1737314100000000,PAXGUSDT,15m,2685.0,2687.0,2683.0,2684.0,7.879199999999999
1737315000000000,PAXGUSDT,15m,2684.0,2689.0,2683.0,2684.0,10.7912
1737315900000000,PAXGUSDT,15m,2684.0,2686.0,2684.0,2686.0,2.7183
1737316800000000,PAXGUSDT,15m,2686.0,2688.0,2684.0,2686.0,8.6917
1737317700000000,PAXGUSDT,15m,2686.0,2687.0,2681.0,2685.0,10.7989
1737318600000000,PAXGUSDT,15m,2685.0,2687.0,2685.0,2685.0,5.2436
1737319500000000,PAXGUSDT,15m,2685.0,2686.0,2684.0,2684.0,22.9948
1737320400000000,PAXGUSDT,15m,2684.0,2686.0,2680.0,2681.0,13.921800000000001
1737321300000000,PAXGUSDT,15m,2681.0,2682.0,2678.0,2679.0,7.2458
1737322200000000,PAXGUSDT,15m,2679.0,2679.0,2671.0,2674.0,26.3719
1737323100000000,PAXGUSDT,15m,2672.0,2677.0,2664.0,2676.0,72.2685
1737324000000000,PAXGUSDT,15m,2677.0,2679.0,2668.0,2673.0,37.867
1737324900000000,PAXGUSDT,15m,2672.0,2683.0,2672.0,2681.0,19.9965
1737325800000000,PAXGUSDT,15m,2683.0,2687.0,2673.0,2674.0,10.2272
1737326700000000,PAXGUSDT,15m,2675.0,2676.0,2669.0,2675.0,18.891
1737327600000000,PAXGUSDT,15m,2676.0,2691.0,2675.0,2680.0,79.4925
1737328500000000,PAXGUSDT,15m,2681.0,2681.0,2669.0,2669.0,46.0212
1737329400000000,PAXGUSDT,15m,2670.0,2687.0,2670.0,2682.0,40.493700000000004
1737330300000000,PAXGUSDT,15m,2682.0,2689.0,2679.0,2682.0,34.1063
1737331200000000,PAXGUSDT,15m,2683.0,2694.0,2679.0,2693.0,113.75569999999999
1737332100000000,PAXGUSDT,15m,2691.0,2694.0,2688.0,2689.0,12.4956
1737333000000000,PAXGUSDT,15m,2688.0,2691.0,2682.0,2689.0,60.4392
1737333900000000,PAXGUSDT,15m,2690.0,2691.0,2685.0,2685.0,10.4715
1737334800000000,PAXGUSDT,15m,2686.0,2690.0,2685.0,2687.0,15.5586
1737335700000000,PAXGUSDT,15m,2687.0,2691.0,2687.0,2689.0,7.5405
1737336600000000,PAXGUSDT,15m,2689.0,2693.0,2685.0,2686.0,49.7336
1737337500000000,PAXGUSDT,15m,2686.0,2693.0,2686.0,2692.0,25.5683
1737338400000000,PAXGUSDT,15m,2693.0,2698.0,2692.0,2694.0,26.945500000000003
1737339300000000,PAXGUSDT,15m,2694.0,2696.0,2690.0,2694.0,35.3937
1737340200000000,PAXGUSDT,15m,2694.0,2699.0,2692.0,2696.0,19.9607
1737341100000000,PAXGUSDT,15m,2695.0,2697.0,2692.0,2693.0,11.586
1737342000000000,PAXGUSDT,15m,2694.0,2695.0,2691.0,2695.0,8.1996
1737342900000000,PAXGUSDT,15m,2694.0,2699.0,2694.0,2695.0,7.3984000000000005
1737343800000000,PAXGUSDT,15m,2697.0,2699.0,2695.0,2695.0,4.5299
1737344700000000,PAXGUSDT,15m,2695.0,2698.0,2695.0,2698.0,3.3129
1737345600000000,PAXGUSDT,15m,2698.0,2699.0,2692.0,2697.0,24.7765
1737346500000000,PAXGUSDT,15m,2696.0,2698.0,2695.0,2697.0,2.6548
1737347400000000,PAXGUSDT,15m,2697.0,2699.0,2697.0,2697.0,3.9845
1737348300000000,PAXGUSDT,15m,2697.0,2704.0,2697.0,2701.0,53.69070000000001
1737349200000000,PAXGUSDT,15m,2702.0,2703.0,2701.0,2701.0,3.8055
1737350100000000,PAXGUSDT,15m,2702.0,2704.0,2700.0,2703.0,7.005
1737351000000000,PAXGUSDT,15m,2703.0,2703.0,2698.0,2701.0,8.8248
1737351900000000,PAXGUSDT,15m,2701.0,2702.0,2698.0,2701.0,5.2974
1737352800000000,PAXGUSDT,15m,2701.0,2704.0,2699.0,2703.0,6.953
1737353700000000,PAXGUSDT,15m,2702.0,2704.0,2701.0,2702.0,9.5751
1737354600000000,PAXGUSDT,15m,2702.0,2708.0,2701.0,2708.0,32.8017
1737355500000000,PAXGUSDT,15m,2708.0,2718.0,2707.0,2709.0,136.0198
1737356400000000,PAXGUSDT,15m,2710.0,2715.0,2704.0,2710.0,49.5822
1737357300000000,PAXGUSDT,15m,2711.0,2711.0,2695.0,2702.0,111.96289999999999
1737358200000000,PAXGUSDT,15m,2702.0,2704.0,2697.0,2698.0,26.2148
1737359100000000,PAXGUSDT,15m,2699.0,2701.0,2697.0,2699.0,14.7472
1737360000000000,PAXGUSDT,15m,2701.0,2705.0,2699.0,2705.0,9.9867
1737360900000000,PAXGUSDT,15m,2704.0,2708.0,2704.0,2705.0,9.3456
1737361800000000,PAXGUSDT,15m,2705.0,2707.0,2704.0,2706.0,5.975
1737362700000000,PAXGUSDT,15m,2707.0,2708.0,2703.0,2705.0,13.4589
1737363600000000,PAXGUSDT,15m,2704.0,2708.0,2703.0,2705.0,3.4476
1737364500000000,PAXGUSDT,15m,2707.0,2708.0,2697.0,2699.0,18.8202
1737365400000000,PAXGUSDT,15m,2699.0,2702.0,2698.0,2699.0,21.826
1737366300000000,PAXGUSDT,15m,2700.0,2704.0,2697.0,2702.0,19.319
1737367200000000,PAXGUSDT,15m,2702.0,2706.0,2697.0,2697.0,14.079699999999999
1737368100000000,PAXGUSDT,15m,2702.0,2704.0,2695.0,2701.0,92.92699999999999
1737369000000000,PAXGUSDT,15m,2701.0,2705.0,2692.0,2703.0,116.182
1737369900000000,PAXGUSDT,15m,2703.0,2705.0,2700.0,2700.0,13.9301
1737370800000000,PAXGUSDT,15m,2701.0,2704.0,2700.0,2703.0,13.2853
1737371700000000,PAXGUSDT,15m,2703.0,2705.0,2702.0,2702.0,11.9639
1737372600000000,PAXGUSDT,15m,2704.0,2704.0,2701.0,2701.0,2.7112
1737373500000000,PAXGUSDT,15m,2701.0,2704.0,2699.0,2703.0,4.8235
1737374400000000,PAXGUSDT,15m,2703.0,2705.0,2699.0,2701.0,31.607799999999997
1737375300000000,PAXGUSDT,15m,2700.0,2704.0,2697.0,2703.0,63.4664
1737376200000000,PAXGUSDT,15m,2703.0,2704.0,2699.0,2699.0,9.1248
1737377100000000,PAXGUSDT,15m,2699.0,2705.0,2699.0,2703.0,19.666700000000002
1737378000000000,PAXGUSDT,15m,2704.0,2705.0,2699.0,2702.0,6.471
1737378900000000,PAXGUSDT,15m,2702.0,2705.0,2701.0,2705.0,12.6741
1737379800000000,PAXGUSDT,15m,2705.0,2705.0,2700.0,2700.0,12.0358
1737380700000000,PAXGUSDT,15m,2700.0,2702.0,2700.0,2702.0,2.1939
1737381600000000,PAXGUSDT,15m,2702.0,2703.0,2701.0,2701.0,4.9016
1737382500000000,PAXGUSDT,15m,2702.0,2706.0,2700.0,2705.0,7.7484
1737383400000000,PAXGUSDT,15m,2704.0,2707.0,2704.0,2706.0,13.540099999999999
1737384300000000,PAXGUSDT,15m,2706.0,2711.0,2705.0,2708.0,65.7251
1737385200000000,PAXGUSDT,15m,2710.0,2710.0,2705.0,2705.0,11.0729
1737386100000000,PAXGUSDT,15m,2705.0,2706.0,2703.0,2705.0,4.5082
1737387000000000,PAXGUSDT,15m,2705.0,2706.0,2699.0,2704.0,32.1399
1737387900000000,PAXGUSDT,15m,2703.0,2704.0,2699.0,2702.0,16.9158
1737388800000000,PAXGUSDT,15m,2702.0,2703.0,2699.0,2700.0,11.7608
1737389700000000,PAXGUSDT,15m,2699.0,2702.0,2697.0,2700.0,32.506699999999995
1737390600000000,PAXGUSDT,15m,2700.0,2707.0,2697.0,2706.0,11.4214
1737391500000000,PAXGUSDT,15m,2706.0,2708.0,2704.0,2705.0,5.3727
1737392400000000,PAXGUSDT,15m,2705.0,2706.0,2697.0,2697.0,38.6164
1737393300000000,PAXGUSDT,15m,2697.0,2702.0,2697.0,2700.0,10.5779
1737394200000000,PAXGUSDT,15m,2700.0,2705.0,2697.0,2698.0,82.9718
1737395100000000,PAXGUSDT,15m,2699.0,2708.0,2698.0,2708.0,40.8052
1737396000000000,PAXGUSDT,15m,2708.0,2708.0,2705.0,2708.0,30.1535
1737396900000000,PAXGUSDT,15m,2707.0,2709.0,2706.0,2709.0,19.9285
1737397800000000,PAXGUSDT,15m,2707.0,2709.0,2707.0,2709.0,4.2334
1737398700000000,PAXGUSDT,15m,2708.0,2713.0,2707.0,2707.0,15.548399999999999
1737399600000000,PAXGUSDT,15m,2709.0,2712.0,2705.0,2705.0,11.1258
1737400500000000,PAXGUSDT,15m,2705.0,2710.0,2705.0,2706.0,14.522300000000001
1737401400000000,PAXGUSDT,15m,2706.0,2710.0,2701.0,2709.0,25.5772
1737402300000000,PAXGUSDT,15m,2709.0,2710.0,2708.0,2709.0,9.4987
1737403200000000,PAXGUSDT,15m,2709.0,2709.0,2708.0,2709.0,6.8763
1737404100000000,PAXGUSDT,15m,2708.0,2711.0,2708.0,2710.0,24.9803
1737405000000000,PAXGUSDT,15m,2709.0,2711.0,2709.0,2709.0,7.4168
1737405900000000,PAXGUSDT,15m,2710.0,2710.0,2708.0,2709.0,2.6587
1737406800000000,PAXGUSDT,15m,2708.0,2709.0,2708.0,2709.0,35.7196
1737407700000000,PAXGUSDT,15m,2709.0,2710.0,2708.0,2708.0,8.1317
1737408600000000,PAXGUSDT,15m,2709.0,2710.0,2706.0,2706.0,9.0965
1737409500000000,PAXGUSDT,15m,2706.0,2708.0,2702.0,2703.0,8.4118
1737410400000000,PAXGUSDT,15m,2704.0,2704.0,2699.0,2701.0,18.4417
1737411300000000,PAXGUSDT,15m,2699.0,2705.0,2699.0,2705.0,4.5678
1737412200000000,PAXGUSDT,15m,2705.0,2706.0,2702.0,2703.0,2.758
1737413100000000,PAXGUSDT,15m,2704.0,2704.0,2701.0,2702.0,2.3282
1737414000000000,PAXGUSDT,15m,2702.0,2702.0,2700.0,2700.0,1.8889
1737414900000000,PAXGUSDT,15m,2701.0,2701.0,2700.0,2700.0,3.0928999999999998
1737415800000000,PAXGUSDT,15m,2701.0,2701.0,2700.0,2701.0,3.1023
1737416700000000,PAXGUSDT,15m,2701.0,2701.0,2699.0,2701.0,11.571
1737417600000000,PAXGUSDT,15m,2701.0,2702.0,2699.0,2701.0,12.3171
1737418500000000,PAXGUSDT,15m,2701.0,2703.0,2698.0,2702.0,15.0563
1737419400000000,PAXGUSDT,15m,2700.0,2708.0,2698.0,2704.0,28.007199999999997
1737420300000000,PAXGUSDT,15m,2704.0,2706.0,2696.0,2696.0,2.6352
1737421200000000,PAXGUSDT,15m,2697.0,2704.0,2696.0,2702.0,4.9401
1737422100000000,PAXGUSDT,15m,2704.0,2705.0,2700.0,2702.0,4.5398000000000005
1737423000000000,PAXGUSDT,15m,2703.0,2703.0,2698.0,2702.0,29.859099999999998
1737423900000000,PAXGUSDT,15m,2703.0,2713.0,2703.0,2712.0,41.768499999999996
1737424800000000,PAXGUSDT,15m,2713.0,2716.0,2711.0,2715.0,12.3941
1737425700000000,PAXGUSDT,15m,2715.0,2717.0,2714.0,2714.0,5.1985
1737426600000000,PAXGUSDT,15m,2714.0,2717.0,2713.0,2715.0,3.0054
1737427500000000,PAXGUSDT,15m,2715.0,2717.0,2713.0,2716.0,12.5606
1737428400000000,PAXGUSDT,15m,2716.0,2719.0,2715.0,2718.0,20.7072
1737429300000000,PAXGUSDT,15m,2718.0,2720.0,2716.0,2717.0,8.9872
1737430200000000,PAXGUSDT,15m,2717.0,2717.0,2713.0,2715.0,6.6675
1737431100000000,PAXGUSDT,15m,2715.0,2717.0,2714.0,2717.0,4.1225000000000005
1737432000000000,PAXGUSDT,15m,2717.0,2717.0,2715.0,2716.0,5.4766
1737432900000000,PAXGUSDT,15m,2715.0,2717.0,2715.0,2715.0,4.263
1737433800000000,PAXGUSDT,15m,2715.0,2716.0,2715.0,2715.0,20.6298
1737434700000000,PAXGUSDT,15m,2715.0,2720.0,2715.0,2719.0,14.118599999999999
1737435600000000,PAXGUSDT,15m,2719.0,2720.0,2717.0,2718.0,9.3716
1737436500000000,PAXGUSDT,15m,2718.0,2721.0,2717.0,2721.0,12.6463
1737437400000000,PAXGUSDT,15m,2719.0,2721.0,2719.0,2720.0,0.7939
1737438300000000,PAXGUSDT,15m,2721.0,2723.0,2717.0,2719.0,30.939799999999998
1737439200000000,PAXGUSDT,15m,2720.0,2724.0,2719.0,2721.0,12.7812
1737440100000000,PAXGUSDT,15m,2721.0,2726.0,2720.0,2722.0,41.4192
1737441000000000,PAXGUSDT,15m,2722.0,2726.0,2721.0,2723.0,39.056000000000004
1737441900000000,PAXGUSDT,15m,2723.0,2725.0,2721.0,2724.0,12.045
1737442800000000,PAXGUSDT,15m,2724.0,2726.0,2721.0,2723.0,33.1386
1737443700000000,PAXGUSDT,15m,2721.0,2725.0,2718.0,2724.0,16.3718
1737444600000000,PAXGUSDT,15m,2724.0,2728.0,2724.0,2726.0,21.4959
1737445500000000,PAXGUSDT,15m,2728.0,2729.0,2721.0,2728.0,25.1684
1737446400000000,PAXGUSDT,15m,2728.0,2728.0,2723.0,2727.0,12.7911
1737447300000000,PAXGUSDT,15m,2727.0,2727.0,2724.0,2724.0,18.779899999999998
1737448200000000,PAXGUSDT,15m,2726.0,2726.0,2724.0,2724.0,29.1937
1737449100000000,PAXGUSDT,15m,2723.0,2726.0,2723.0,2725.0,21.792
1737450000000000,PAXGUSDT,15m,2725.0,2725.0,2718.0,2719.0,32.9961
1737450900000000,PAXGUSDT,15m,2719.0,2719.0,2717.0,2718.0,9.8121
1737451800000000,PAXGUSDT,15m,2717.0,2720.0,2717.0,2719.0,6.9688
1737452700000000,PAXGUSDT,15m,2720.0,2723.0,2719.0,2720.0,8.6585
1737453600000000,PAXGUSDT,15m,2720.0,2725.0,2716.0,2724.0,81.1369
1737454500000000,PAXGUSDT,15m,2724.0,2725.0,2722.0,2724.0,19.6509
1737455400000000,PAXGUSDT,15m,2724.0,2724.0,2718.0,2721.0,29.680600000000002
1737456300000000,PAXGUSDT,15m,2719.0,2721.0,2718.0,2720.0,4.9162
1737457200000000,PAXGUSDT,15m,2721.0,2722.0,2720.0,2721.0,3.7803
1737458100000000,PAXGUSDT,15m,2722.0,2722.0,2719.0,2719.0,8.7465
1737459000000000,PAXGUSDT,15m,2719.0,2722.0,2718.0,2722.0,8.3149
1737459900000000,PAXGUSDT,15m,2722.0,2723.0,2719.0,2720.0,14.964599999999999
1737460800000000,PAXGUSDT,15m,2721.0,2721.0,2717.0,2720.0,11.926400000000001
1737461700000000,PAXGUSDT,15m,2719.0,2723.0,2719.0,2719.0,14.8778
1737462600000000,PAXGUSDT,15m,2721.0,2723.0,2719.0,2723.0,5.7166999999999994
1737463500000000,PAXGUSDT,15m,2721.0,2723.0,2721.0,2721.0,5.2108
1737464400000000,PAXGUSDT,15m,2723.0,2724.0,2721.0,2723.0,3.5554
1737465300000000,PAXGUSDT,15m,2723.0,2725.0,2722.0,2725.0,15.8468
1737466200000000,PAXGUSDT,15m,2725.0,2725.0,2724.0,2725.0,2.5942
1737467100000000,PAXGUSDT,15m,2724.0,2725.0,2722.0,2725.0,11.437100000000001
1737468000000000,PAXGUSDT,15m,2725.0,2733.0,2722.0,2728.0,41.9544
1737468900000000,PAXGUSDT,15m,2729.0,2730.0,2725.0,2727.0,15.7553
1737469800000000,PAXGUSDT,15m,2727.0,2729.0,2725.0,2727.0,21.8811
1737470700000000,PAXGUSDT,15m,2728.0,2733.0,2728.0,2731.0,16.3703
1737471600000000,PAXGUSDT,15m,2732.0,2738.0,2731.0,2733.0,68.908
1737472500000000,PAXGUSDT,15m,2735.0,2738.0,2733.0,2737.0,19.7908
1737473400000000,PAXGUSDT,15m,2737.0,2739.0,2736.0,2738.0,5.0684000000000005
1737474300000000,PAXGUSDT,15m,2738.0,2739.0,2737.0,2738.0,13.0719
1737475200000000,PAXGUSDT,15m,2739.0,2739.0,2736.0,2737.0,10.527
1737476100000000,PAXGUSDT,15m,2738.0,2739.0,2735.0,2735.0,15.3635
1737477000000000,PAXGUSDT,15m,2736.0,2737.0,2730.0,2733.0,161.6852
1737477900000000,PAXGUSDT,15m,2733.0,2738.0,2733.0,2737.0,33.7862
1737478800000000,PAXGUSDT,15m,2737.0,2738.0,2736.0,2738.0,5.6394
1737479700000000,PAXGUSDT,15m,2738.0,2739.0,2737.0,2737.0,1.7170999999999998
1737480600000000,PAXGUSDT,15m,2738.0,2738.0,2736.0,2737.0,3.5514
1737481500000000,PAXGUSDT,15m,2736.0,2738.0,2735.0,2736.0,10.408
1737482400000000,PAXGUSDT,15m,2736.0,2737.0,2733.0,2734.0,18.0712
1737483300000000,PAXGUSDT,15m,2736.0,2736.0,2734.0,2736.0,3.5758
1737484200000000,PAXGUSDT,15m,2735.0,2739.0,2734.0,2738.0,9.957
1737485100000000,PAXGUSDT,15m,2738.0,2739.0,2736.0,2736.0,14.9296
1737486000000000,PAXGUSDT,15m,2736.0,2737.0,2736.0,2737.0,5.3283000000000005
1737486900000000,PAXGUSDT,15m,2736.0,2738.0,2736.0,2738.0,5.5215
1737487800000000,PAXGUSDT,15m,2738.0,2747.0,2737.0,2742.0,111.7683
1737488700000000,PAXGUSDT,15m,2744.0,2744.0,2740.0,2741.0,14.6712
1737489600000000,PAXGUSDT,15m,2741.0,2741.0,2735.0,2738.0,15.7322
1737490500000000,PAXGUSDT,15m,2738.0,2739.0,2737.0,2737.0,6.3286
1737491400000000,PAXGUSDT,15m,2738.0,2742.0,2736.0,2741.0,31.5212
1737492300000000,PAXGUSDT,15m,2740.0,2742.0,2738.0,2739.0,12.4307
1737493200000000,PAXGUSDT,15m,2741.0,2741.0,2739.0,2740.0,0.6732
1737494100000000,PAXGUSDT,15m,2740.0,2740.0,2734.0,2734.0,13.4019
1737495000000000,PAXGUSDT,15m,2734.0,2736.0,2734.0,2736.0,5.7184
1737495900000000,PAXGUSDT,15m,2737.0,2740.0,2736.0,2738.0,2.951
1737496800000000,PAXGUSDT,15m,2740.0,2740.0,2737.0,2738.0,8.9708
1737497700000000,PAXGUSDT,15m,2738.0,2742.0,2733.0,2740.0,18.3572
1737498600000000,PAXGUSDT,15m,2740.0,2741.0,2738.0,2738.0,2.1673
1737499500000000,PAXGUSDT,15m,2738.0,2740.0,2736.0,2737.0,18.963
1737500400000000,PAXGUSDT,15m,2738.0,2740.0,2736.0,2738.0,13.668
1737501300000000,PAXGUSDT,15m,2738.0,2740.0,2734.0,2734.0,11.513399999999999
1737502200000000,PAXGUSDT,15m,2734.0,2739.0,2734.0,2738.0,5.9519
1737503100000000,PAXGUSDT,15m,2736.0,2740.0,2735.0,2739.0,16.2174
1737504000000000,PAXGUSDT,15m,2739.0,2740.0,2738.0,2740.0,4.6996
1737504900000000,PAXGUSDT,15m,2739.0,2741.0,2739.0,2741.0,1.8842999999999999
1737505800000000,PAXGUSDT,15m,2741.0,2744.0,2740.0,2741.0,14.1426
1737506700000000,PAXGUSDT,15m,2741.0,2743.0,2740.0,2743.0,8.3278
1737507600000000,PAXGUSDT,15m,2744.0,2744.0,2741.0,2741.0,5.0838
1737508500000000,PAXGUSDT,15m,2742.0,2744.0,2741.0,2743.0,8.7257
1737509400000000,PAXGUSDT,15m,2743.0,2745.0,2742.0,2742.0,9.4968
1737510300000000,PAXGUSDT,15m,2742.0,2743.0,2741.0,2742.0,7.5238000000000005
1737511200000000,PAXGUSDT,15m,2743.0,2743.0,2742.0,2742.0,4.4620999999999995
1737512100000000,PAXGUSDT,15m,2742.0,2744.0,2741.0,2743.0,7.5137
1737513000000000,PAXGUSDT,15m,2743.0,2745.0,2743.0,2743.0,9.9322
1737513900000000,PAXGUSDT,15m,2743.0,2744.0,2740.0,2743.0,18.4045
1737514800000000,PAXGUSDT,15m,2743.0,2743.0,2741.0,2743.0,1.9094
1737515700000000,PAXGUSDT,15m,2741.0,2744.0,2741.0,2742.0,6.3275
1737516600000000,PAXGUSDT,15m,2742.0,2743.0,2741.0,2741.0,3.7967999999999997
1737517500000000,PAXGUSDT,15m,2741.0,2742.0,2740.0,2740.0,2.9799
1737518400000000,PAXGUSDT,15m,2740.0,2743.0,2740.0,2742.0,4.3852
1737519300000000,PAXGUSDT,15m,2742.0,2744.0,2742.0,2743.0,4.2788
1737520200000000,PAXGUSDT,15m,2742.0,2745.0,2742.0,2744.0,23.555500000000002
1737521100000000,PAXGUSDT,15m,2744.0,2746.0,2744.0,2745.0,2.9924
1737522000000000,PAXGUSDT,15m,2745.0,2746.0,2743.0,2743.0,17.802699999999998
1737522900000000,PAXGUSDT,15m,2743.0,2746.0,2743.0,2746.0,3.7348
1737523800000000,PAXGUSDT,15m,2745.0,2747.0,2745.0,2747.0,7.0409
1737524700000000,PAXGUSDT,15m,2746.0,2748.0,2746.0,2747.0,18.9583
1737525600000000,PAXGUSDT,15m,2747.0,2748.0,2744.0,2746.0,8.6785
1737526500000000,PAXGUSDT,15m,2747.0,2747.0,2744.0,2745.0,4.8412
1737527400000000,PAXGUSDT,15m,2745.0,2745.0,2742.0,2745.0,13.4807
1737528300000000,PAXGUSDT,15m,2746.0,2746.0,2742.0,2743.0,8.4682
1737529200000000,PAXGUSDT,15m,2743.0,2743.0,2741.0,2743.0,1.0078
1737530100000000,PAXGUSDT,15m,2743.0,2743.0,2740.0,2742.0,12.1882
1737531000000000,PAXGUSDT,15m,2741.0,2746.0,2740.0,2743.0,65.0564
1737531900000000,PAXGUSDT,15m,2744.0,2744.0,2742.0,2742.0,1.1952
1737532800000000,PAXGUSDT,15m,2743.0,2744.0,2742.0,2744.0,3.7611
1737533700000000,PAXGUSDT,15m,2744.0,2744.0,2741.0,2743.0,12.3489
1737534600000000,PAXGUSDT,15m,2743.0,2745.0,2743.0,2744.0,1.8940000000000001
1737535500000000,PAXGUSDT,15m,2745.0,2745.0,2741.0,2745.0,8.296
1737536400000000,PAXGUSDT,15m,2743.0,2749.0,2743.0,2746.0,29.8039
1737537300000000,PAXGUSDT,15m,2745.0,2750.0,2745.0,2750.0,69.9618
1737538200000000,PAXGUSDT,15m,2750.0,2752.0,2749.0,2750.0,10.3712
1737539100000000,PAXGUSDT,15m,2750.0,2752.0,2750.0,2751.0,5.9615
1737540000000000,PAXGUSDT,15m,2752.0,2752.0,2751.0,2752.0,2.8447999999999998
1737540900000000,PAXGUSDT,15m,2752.0,2754.0,2750.0,2754.0,27.7209
1737541800000000,PAXGUSDT,15m,2754.0,2754.0,2751.0,2753.0,6.361
1737542700000000,PAXGUSDT,15m,2753.0,2754.0,2751.0,2754.0,9.911
1737543600000000,PAXGUSDT,15m,2753.0,2754.0,2753.0,2754.0,9.7328
1737544500000000,PAXGUSDT,15m,2754.0,2754.0,2753.0,2754.0,9.3342
1737545400000000,PAXGUSDT,15m,2754.0,2755.0,2753.0,2755.0,12.9415
1737546300000000,PAXGUSDT,15m,2755.0,2758.0,2754.0,2758.0,64.4356
1737547200000000,PAXGUSDT,15m,2758.0,2758.0,2749.0,2756.0,16.5655
1737548100000000,PAXGUSDT,15m,2755.0,2756.0,2754.0,2755.0,2.6281999999999996
1737549000000000,PAXGUSDT,15m,2755.0,2755.0,2746.0,2747.0,8.414
1737549900000000,PAXGUSDT,15m,2746.0,2749.0,2746.0,2749.0,4.4671
1737550800000000,PAXGUSDT,15m,2749.0,2752.0,2747.0,2751.0,18.3372
1737551700000000,PAXGUSDT,15m,2752.0,2768.0,2750.0,2768.0,214.162
1737552600000000,PAXGUSDT,15m,2768.0,2775.0,2751.0,2756.0,190.3091
1737553500000000,PAXGUSDT,15m,2757.0,2760.0,2755.0,2757.0,27.8572
1737554400000000,PAXGUSDT,15m,2758.0,2761.0,2757.0,2758.0,7.791
1737555300000000,PAXGUSDT,15m,2760.0,2777.0,2756.0,2766.0,155.7166
1737556200000000,PAXGUSDT,15m,2766.0,2767.0,2761.0,2767.0,85.5378
1737557100000000,PAXGUSDT,15m,2767.0,2769.0,2758.0,2759.0,81.0591
1737558000000000,PAXGUSDT,15m,2759.0,2760.0,2756.0,2759.0,17.4972
1737558900000000,PAXGUSDT,15m,2759.0,2761.0,2756.0,2757.0,16.1629
1737559800000000,PAXGUSDT,15m,2757.0,2761.0,2757.0,2761.0,14.400999999999998
1737560700000000,PAXGUSDT,15m,2761.0,2768.0,2760.0,2768.0,67.6103
1737561600000000,PAXGUSDT,15m,2767.0,2767.0,2764.0,2766.0,14.2355
1737562500000000,PAXGUSDT,15m,2766.0,2767.0,2763.0,2764.0,28.5821
1737563400000000,PAXGUSDT,15m,2765.0,2767.0,2764.0,2766.0,32.864999999999995
1737564300000000,PAXGUSDT,15m,2766.0,2767.0,2760.0,2762.0,8.3558
1737565200000000,PAXGUSDT,15m,2760.0,2762.0,2758.0,2759.0,9.4758
1737566100000000,PAXGUSDT,15m,2759.0,2761.0,2758.0,2759.0,4.2712
1737567000000000,PAXGUSDT,15m,2759.0,2760.0,2758.0,2758.0,2.0081
1737567900000000,PAXGUSDT,15m,2758.0,2759.0,2757.0,2757.0,3.3497
1737568800000000,PAXGUSDT,15m,2757.0,2759.0,2757.0,2758.0,7.919700000000001
1737569700000000,PAXGUSDT,15m,2759.0,2760.0,2758.0,2760.0,50.7772
1737570600000000,PAXGUSDT,15m,2760.0,2763.0,2759.0,2763.0,6.3456
1737571500000000,PAXGUSDT,15m,2762.0,2763.0,2759.0,2761.0,17.6216
1737572400000000,PAXGUSDT,15m,2761.0,2762.0,2759.0,2762.0,9.4757
1737573300000000,PAXGUSDT,15m,2762.0,2762.0,2755.0,2757.0,7.6364
1737574200000000,PAXGUSDT,15m,2757.0,2761.0,2756.0,2761.0,7.132
1737575100000000,PAXGUSDT,15m,2761.0,2761.0,2758.0,2758.0,3.8299
1737576000000000,PAXGUSDT,15m,2759.0,2759.0,2756.0,2757.0,3.7454
1737576900000000,PAXGUSDT,15m,2757.0,2758.0,2756.0,2756.0,2.2962
1737577800000000,PAXGUSDT,15m,2756.0,2761.0,2756.0,2758.0,7.6948
1737578700000000,PAXGUSDT,15m,2758.0,2760.0,2756.0,2756.0,9.2437
1737579600000000,PAXGUSDT,15m,2758.0,2760.0,2753.0,2759.0,13.1632
1737580500000000,PAXGUSDT,15m,2759.0,2760.0,2757.0,2758.0,2.5898
1737581400000000,PAXGUSDT,15m,2756.0,2758.0,2756.0,2757.0,7.3324
1737582300000000,PAXGUSDT,15m,2757.0,2759.0,2757.0,2758.0,8.886199999999999
1737583200000000,PAXGUSDT,15m,2758.0,2759.0,2757.0,2757.0,2.4275
1737584100000000,PAXGUSDT,15m,2757.0,2759.0,2756.0,2757.0,1.5105
1737585000000000,PAXGUSDT,15m,2756.0,2758.0,2756.0,2756.0,2.1927
1737585900000000,PAXGUSDT,15m,2756.0,2758.0,2756.0,2757.0,1.641
1737586800000000,PAXGUSDT,15m,2757.0,2758.0,2755.0,2755.0,7.9362
1737587700000000,PAXGUSDT,15m,2756.0,2756.0,2755.0,2755.0,2.8249
1737588600000000,PAXGUSDT,15m,2755.0,2756.0,2753.0,2753.0,3.4746
1737589500000000,PAXGUSDT,15m,2753.0,2754.0,2753.0,2754.0,1.9905
1737590400000000,PAXGUSDT,15m,2755.0,2755.0,2751.0,2752.0,5.2355
1737591300000000,PAXGUSDT,15m,2752.0,2753.0,2751.0,2752.0,3.0199
1737592200000000,PAXGUSDT,15m,2753.0,2760.0,2751.0,2758.0,20.4557
1737593100000000,PAXGUSDT,15m,2758.0,2758.0,2756.0,2757.0,1.5755
1737594000000000,PAXGUSDT,15m,2758.0,2758.0,2757.0,2757.0,0.4087
1737594900000000,PAXGUSDT,15m,2758.0,2763.0,2757.0,2761.0,23.8061
1737595800000000,PAXGUSDT,15m,2759.0,2761.0,2757.0,2757.0,3.5162
1737596700000000,PAXGUSDT,15m,2757.0,2758.0,2752.0,2754.0,9.9178
1737597600000000,PAXGUSDT,15m,2754.0,2754.0,2752.0,2752.0,3.3845
1737598500000000,PAXGUSDT,15m,2752.0,2753.0,2750.0,2750.0,3.2632000000000003
1737599400000000,PAXGUSDT,15m,2751.0,2753.0,2749.0,2749.0,10.8567
1737600300000000,PAXGUSDT,15m,2749.0,2752.0,2749.0,2749.0,7.581
1737601200000000,PAXGUSDT,15m,2750.0,2750.0,2749.0,2749.0,2.6504
1737602100000000,PAXGUSDT,15m,2749.0,2750.0,2748.0,2750.0,1.754
1737603000000000,PAXGUSDT,15m,2748.0,2750.0,2748.0,2750.0,5.4011000000000005
1737603900000000,PAXGUSDT,15m,2749.0,2750.0,2749.0,2749.0,1.3502
1737604800000000,PAXGUSDT,15m,2749.0,2750.0,2747.0,2749.0,1.5331
1737605700000000,PAXGUSDT,15m,2749.0,2751.0,2749.0,2750.0,6.5057
1737606600000000,PAXGUSDT,15m,2750.0,2751.0,2749.0,2750.0,5.7804
1737607500000000,PAXGUSDT,15m,2749.0,2750.0,2747.0,2748.0,10.91
1737608400000000,PAXGUSDT,15m,2748.0,2751.0,2748.0,2750.0,3.9285
1737609300000000,PAXGUSDT,15m,2750.0,2752.0,2750.0,2750.0,0.6746000000000001
1737610200000000,PAXGUSDT,15m,2752.0,2754.0,2750.0,2753.0,1.3697
1737611100000000,PAXGUSDT,15m,2753.0,2757.0,2753.0,2757.0,1.6082999999999998
1737612000000000,PAXGUSDT,15m,2757.0,2758.0,2754.0,2757.0,8.4162
1737612900000000,PAXGUSDT,15m,2757.0,2758.0,2755.0,2758.0,5.0496
1737613800000000,PAXGUSDT,15m,2757.0,2759.0,2754.0,2757.0,3.8959
1737614700000000,PAXGUSDT,15m,2757.0,2760.0,2751.0,2754.0,12.2271
1737615600000000,PAXGUSDT,15m,2754.0,2758.0,2752.0,2755.0,8.677399999999999
1737616500000000,PAXGUSDT,15m,2757.0,2762.0,2755.0,2757.0,42.422
1737617400000000,PAXGUSDT,15m,2757.0,2757.0,2751.0,2752.0,6.0146
1737618300000000,PAXGUSDT,15m,2752.0,2753.0,2746.0,2751.0,44.7211
1737619200000000,PAXGUSDT,15m,2751.0,2751.0,2749.0,2750.0,0.5956
1737620100000000,PAXGUSDT,15m,2750.0,2751.0,2749.0,2750.0,3.0888
1737621000000000,PAXGUSDT,15m,2750.0,2750.0,2749.0,2750.0,5.441800000000001
1737621900000000,PAXGUSDT,15m,2750.0,2751.0,2749.0,2750.0,6.571000000000001
1737622800000000,PAXGUSDT,15m,2750.0,2753.0,2750.0,2753.0,2.8692
1737623700000000,PAXGUSDT,15m,2753.0,2753.0,2744.0,2745.0,8.363999999999999
1737624600000000,PAXGUSDT,15m,2746.0,2748.0,2745.0,2745.0,11.378200000000001
1737625500000000,PAXGUSDT,15m,2746.0,2748.0,2745.0,2745.0,9.8786
1737626400000000,PAXGUSDT,15m,2746.0,2746.0,2741.0,2745.0,23.8186
1737627300000000,PAXGUSDT,15m,2745.0,2746.0,2742.0,2745.0,13.726600000000001
1737628200000000,PAXGUSDT,15m,2745.0,2749.0,2743.0,2747.0,11.9354
1737629100000000,PAXGUSDT,15m,2748.0,2749.0,2746.0,2748.0,11.5804
1737630000000000,PAXGUSDT,15m,2747.0,2752.0,2747.0,2752.0,6.7236
1737630900000000,PAXGUSDT,15m,2752.0,2752.0,2748.0,2750.0,8.3674
1737631800000000,PAXGUSDT,15m,2749.0,2750.0,2748.0,2748.0,3.599
1737632700000000,PAXGUSDT,15m,2749.0,2753.0,2748.0,2751.0,3.0827999999999998
1737633600000000,PAXGUSDT,15m,2751.0,2751.0,2749.0,2750.0,2.1411000000000002
1737634500000000,PAXGUSDT,15m,2750.0,2752.0,2749.0,2751.0,10.690299999999999
1737635400000000,PAXGUSDT,15m,2750.0,2751.0,2747.0,2748.0,14.336699999999999
1737636300000000,PAXGUSDT,15m,2748.0,2749.0,2746.0,2748.0,8.16
1737637200000000,PAXGUSDT,15m,2748.0,2748.0,2747.0,2748.0,1.5579
1737638100000000,PAXGUSDT,15m,2748.0,2748.0,2742.0,2745.0,14.8679
1737639000000000,PAXGUSDT,15m,2745.0,2746.0,2738.0,2741.0,25.8406
1737639900000000,PAXGUSDT,15m,2739.0,2741.0,2736.0,2737.0,8.1496
1737640800000000,PAXGUSDT,15m,2737.0,2744.0,2736.0,2742.0,6.3913
1737641700000000,PAXGUSDT,15m,2742.0,2743.0,2739.0,2742.0,15.7486
1737642600000000,PAXGUSDT,15m,2742.0,2748.0,2737.0,2740.0,28.9505
1737643500000000,PAXGUSDT,15m,2739.0,2743.0,2738.0,2740.0,33.8615
1737644400000000,PAXGUSDT,15m,2743.0,2743.0,2737.0,2738.0,16.9008
1737645300000000,PAXGUSDT,15m,2738.0,2741.0,2738.0,2738.0,7.2001
1737646200000000,PAXGUSDT,15m,2739.0,2745.0,2739.0,2743.0,8.053
1737647100000000,PAXGUSDT,15m,2743.0,2745.0,2739.0,2739.0,23.1179
1737648000000000,PAXGUSDT,15m,2739.0,2746.0,2739.0,2745.0,12.1267
1737648900000000,PAXGUSDT,15m,2745.0,2746.0,2743.0,2744.0,6.8865
1737649800000000,PAXGUSDT,15m,2744.0,2747.0,2744.0,2746.0,7.5735
1737650700000000,PAXGUSDT,15m,2747.0,2751.0,2747.0,2749.0,16.0642
1737651600000000,PAXGUSDT,15m,2749.0,2751.0,2744.0,2749.0,29.0807
1737652500000000,PAXGUSDT,15m,2749.0,2751.0,2749.0,2749.0,2.7796
1737653400000000,PAXGUSDT,15m,2749.0,2751.0,2749.0,2750.0,2.564
1737654300000000,PAXGUSDT,15m,2750.0,2754.0,2750.0,2753.0,7.785399999999999
1737655200000000,PAXGUSDT,15m,2753.0,2755.0,2749.0,2751.0,4.7271
1737656100000000,PAXGUSDT,15m,2751.0,2752.0,2749.0,2751.0,2.2159
1737657000000000,PAXGUSDT,15m,2752.0,2752.0,2751.0,2751.0,1.3933
1737657900000000,PAXGUSDT,15m,2752.0,2753.0,2749.0,2751.0,7.691599999999999
1737658800000000,PAXGUSDT,15m,2749.0,2751.0,2749.0,2749.0,3.3773999999999997
1737659700000000,PAXGUSDT,15m,2751.0,2755.0,2747.0,2753.0,18.497700000000002
1737660600000000,PAXGUSDT,15m,2753.0,2757.0,2753.0,2755.0,7.7553
1737661500000000,PAXGUSDT,15m,2754.0,2755.0,2750.0,2750.0,10.2435
1737662400000000,PAXGUSDT,15m,2751.0,2755.0,2750.0,2752.0,8.9214
1737663300000000,PAXGUSDT,15m,2752.0,2758.0,2750.0,2755.0,35.5664
1737664200000000,PAXGUSDT,15m,2755.0,2755.0,2750.0,2751.0,8.0534
1737665100000000,PAXGUSDT,15m,2750.0,2752.0,2749.0,2750.0,9.3724
1737666000000000,PAXGUSDT,15m,2750.0,2752.0,2750.0,2751.0,2.3302
1737666900000000,PAXGUSDT,15m,2750.0,2752.0,2748.0,2750.0,7.974
1737667800000000,PAXGUSDT,15m,2751.0,2751.0,2748.0,2750.0,13.0637
1737668700000000,PAXGUSDT,15m,2748.0,2750.0,2746.0,2746.0,4.3559
1737669600000000,PAXGUSDT,15m,2747.0,2748.0,2746.0,2746.0,4.8175
1737670500000000,PAXGUSDT,15m,2746.0,2755.0,2745.0,2753.0,13.213799999999999
1737671400000000,PAXGUSDT,15m,2754.0,2757.0,2742.0,2746.0,77.2389
1737672300000000,PAXGUSDT,15m,2747.0,2748.0,2742.0,2747.0,18.755
1737673200000000,PAXGUSDT,15m,2747.0,2751.0,2747.0,2750.0,5.1979999999999995
1737674100000000,PAXGUSDT,15m,2750.0,2754.0,2747.0,2748.0,13.9687
1737675000000000,PAXGUSDT,15m,2747.0,2751.0,2747.0,2749.0,17.2138
1737675900000000,PAXGUSDT,15m,2748.0,2749.0,2748.0,2749.0,14.206299999999999
1737676800000000,PAXGUSDT,15m,2749.0,2750.0,2748.0,2750.0,21.0301
1737677700000000,PAXGUSDT,15m,2749.0,2751.0,2749.0,2750.0,2.8137
1737678600000000,PAXGUSDT,15m,2749.0,2753.0,2749.0,2753.0,13.2452
1737679500000000,PAXGUSDT,15m,2753.0,2754.0,2748.0,2751.0,59.426500000000004
1737680400000000,PAXGUSDT,15m,2752.0,2752.0,2739.0,2742.0,158.0713
1737681300000000,PAXGUSDT,15m,2740.0,2743.0,2737.0,2738.0,52.6044
1737682200000000,PAXGUSDT,15m,2738.0,2741.0,2736.0,2737.0,78.3985
1737683100000000,PAXGUSDT,15m,2737.0,2742.0,2737.0,2742.0,17.8415
1737684000000000,PAXGUSDT,15m,2740.0,2752.0,2740.0,2752.0,12.1799
1737684900000000,PAXGUSDT,15m,2752.0,2756.0,2751.0,2754.0,23.4406
1737685800000000,PAXGUSDT,15m,2754.0,2760.0,2754.0,2760.0,15.1981
1737686700000000,PAXGUSDT,15m,2759.0,2762.0,2758.0,2762.0,14.369900000000001
1737687600000000,PAXGUSDT,15m,2762.0,2762.0,2758.0,2760.0,4.4894
1737688500000000,PAXGUSDT,15m,2758.0,2761.0,2757.0,2759.0,10.0054
1737689400000000,PAXGUSDT,15m,2759.0,2761.0,2758.0,2758.0,7.9124
1737690300000000,PAXGUSDT,15m,2758.0,2766.0,2754.0,2765.0,16.0137
1737691200000000,PAXGUSDT,15m,2765.0,2766.0,2761.0,2762.0,1.3749
1737692100000000,PAXGUSDT,15m,2762.0,2763.0,2760.0,2762.0,2.5797
1737693000000000,PAXGUSDT,15m,2761.0,2762.0,2760.0,2761.0,1.2371999999999999
1737693900000000,PAXGUSDT,15m,2761.0,2762.0,2760.0,2761.0,3.8643
1737694800000000,PAXGUSDT,15m,2761.0,2765.0,2759.0,2761.0,16.1134
1737695700000000,PAXGUSDT,15m,2761.0,2766.0,2754.0,2760.0,29.3959
1737696600000000,PAXGUSDT,15m,2760.0,2762.0,2757.0,2760.0,11.1845
1737697500000000,PAXGUSDT,15m,2761.0,2766.0,2759.0,2766.0,12.5513
1737698400000000,PAXGUSDT,15m,2765.0,2766.0,2764.0,2766.0,5.6644000000000005
1737699300000000,PAXGUSDT,15m,2764.0,2766.0,2761.0,2765.0,3.5559000000000003
1737700200000000,PAXGUSDT,15m,2763.0,2766.0,2763.0,2765.0,5.3692
1737701100000000,PAXGUSDT,15m,2765.0,2766.0,2763.0,2766.0,1.4543
1737702000000000,PAXGUSDT,15m,2765.0,2765.0,2760.0,2763.0,10.629
1737702900000000,PAXGUSDT,15m,2761.0,2764.0,2760.0,2764.0,3.8781999999999996
1737703800000000,PAXGUSDT,15m,2764.0,2764.0,2760.0,2760.0,4.1252
1737704700000000,PAXGUSDT,15m,2762.0,2765.0,2762.0,2765.0,1.9728999999999999
1737705600000000,PAXGUSDT,15m,2765.0,2766.0,2764.0,2766.0,3.1024
1737706500000000,PAXGUSDT,15m,2766.0,2766.0,2765.0,2766.0,7.6737
1737707400000000,PAXGUSDT,15m,2766.0,2768.0,2765.0,2767.0,9.9773
1737708300000000,PAXGUSDT,15m,2768.0,2768.0,2766.0,2768.0,3.8449999999999998
1737709200000000,PAXGUSDT,15m,2768.0,2768.0,2767.0,2768.0,3.2374
1737710100000000,PAXGUSDT,15m,2768.0,2768.0,2767.0,2768.0,6.3909
1737711000000000,PAXGUSDT,15m,2767.0,2768.0,2761.0,2763.0,11.257100000000001
1737711900000000,PAXGUSDT,15m,2763.0,2764.0,2762.0,2764.0,3.1186999999999996
1737712800000000,PAXGUSDT,15m,2765.0,2768.0,2763.0,2767.0,11.9565
1737713700000000,PAXGUSDT,15m,2765.0,2768.0,2765.0,2766.0,2.1954000000000002
1737714600000000,PAXGUSDT,15m,2766.0,2767.0,2762.0,2767.0,9.2845
1737715500000000,PAXGUSDT,15m,2767.0,2769.0,2764.0,2768.0,6.7931
1737716400000000,PAXGUSDT,15m,2768.0,2770.0,2764.0,2765.0,3.8868
1737717300000000,PAXGUSDT,15m,2766.0,2768.0,2764.0,2768.0,3.5777
1737718200000000,PAXGUSDT,15m,2768.0,2768.0,2764.0,2764.0,2.531
1737719100000000,PAXGUSDT,15m,2764.0,2766.0,2762.0,2763.0,5.4256
1737720000000000,PAXGUSDT,15m,2764.0,2766.0,2763.0,2764.0,4.9081
1737720900000000,PAXGUSDT,15m,2764.0,2768.0,2764.0,2768.0,9.257
1737721800000000,PAXGUSDT,15m,2768.0,2768.0,2765.0,2765.0,4.2867
1737722700000000,PAXGUSDT,15m,2765.0,2768.0,2764.0,2765.0,5.7001
1737723600000000,PAXGUSDT,15m,2766.0,2770.0,2762.0,2763.0,33.5939
1737724500000000,PAXGUSDT,15m,2764.0,2765.0,2762.0,2765.0,24.1824
1737725400000000,PAXGUSDT,15m,2765.0,2766.0,2758.0,2760.0,65.3151
1737726300000000,PAXGUSDT,15m,2760.0,2765.0,2760.0,2763.0,6.3344000000000005
1737727200000000,PAXGUSDT,15m,2764.0,2764.0,2760.0,2763.0,3.9951
1737728100000000,PAXGUSDT,15m,2763.0,2763.0,2756.0,2758.0,20.3747
1737729000000000,PAXGUSDT,15m,2760.0,2765.0,2757.0,2765.0,9.072099999999999
1737729900000000,PAXGUSDT,15m,2765.0,2766.0,2762.0,2763.0,3.8392
1737730800000000,PAXGUSDT,15m,2763.0,2765.0,2762.0,2764.0,5.1452
1737731700000000,PAXGUSDT,15m,2763.0,2768.0,2761.0,2767.0,16.5013
1737732600000000,PAXGUSDT,15m,2766.0,2768.0,2764.0,2764.0,4.5918
1737733500000000,PAXGUSDT,15m,2764.0,2771.0,2763.0,2770.0,46.0082
1737734400000000,PAXGUSDT,15m,2769.0,2769.0,2766.0,2766.0,4.1068
1737735300000000,PAXGUSDT,15m,2766.0,2768.0,2762.0,2763.0,15.8477
1737736200000000,PAXGUSDT,15m,2762.0,2767.0,2762.0,2764.0,6.2463999999999995
1737737100000000,PAXGUSDT,15m,2763.0,2764.0,2763.0,2764.0,2.3602
1737738000000000,PAXGUSDT,15m,2764.0,2766.0,2762.0,2765.0,20.733
1737738900000000,PAXGUSDT,15m,2765.0,2768.0,2764.0,2764.0,12.2
1737739800000000,PAXGUSDT,15m,2764.0,2765.0,2763.0,2763.0,1.7178
1737740700000000,PAXGUSDT,15m,2763.0,2767.0,2763.0,2764.0,2.6449
1737741600000000,PAXGUSDT,15m,2766.0,2771.0,2764.0,2766.0,60.3077
1737742500000000,PAXGUSDT,15m,2764.0,2767.0,2763.0,2767.0,6.5684000000000005
1737743400000000,PAXGUSDT,15m,2766.0,2767.0,2760.0,2766.0,19.2056
1737744300000000,PAXGUSDT,15m,2766.0,2768.0,2764.0,2765.0,12.4455
1737745200000000,PAXGUSDT,15m,2765.0,2767.0,2758.0,2759.0,20.6232
1737746100000000,PAXGUSDT,15m,2761.0,2771.0,2761.0,2768.0,57.4582
1737747000000000,PAXGUSDT,15m,2767.0,2768.0,2765.0,2766.0,2.2464
1737747900000000,PAXGUSDT,15m,2765.0,2766.0,2763.0,2763.0,1.1843
1737748800000000,PAXGUSDT,15m,2763.0,2765.0,2763.0,2764.0,0.8906000000000001
1737749700000000,PAXGUSDT,15m,2764.0,2764.0,2760.0,2762.0,8.4099
1737750600000000,PAXGUSDT,15m,2764.0,2764.0,2759.0,2762.0,10.0804
1737751500000000,PAXGUSDT,15m,2762.0,2762.0,2759.0,2761.0,4.6270999999999995
1737752400000000,PAXGUSDT,15m,2759.0,2766.0,2758.0,2762.0,12.517900000000001
1737753300000000,PAXGUSDT,15m,2762.0,2763.0,2761.0,2761.0,1.9722
1737754200000000,PAXGUSDT,15m,2761.0,2762.0,2761.0,2761.0,0.8005
1737755100000000,PAXGUSDT,15m,2762.0,2770.0,2759.0,2764.0,19.8063
1737756000000000,PAXGUSDT,15m,2765.0,2765.0,2763.0,2763.0,2.7534
1737756900000000,PAXGUSDT,15m,2763.0,2764.0,2762.0,2763.0,0.8794
1737757800000000,PAXGUSDT,15m,2763.0,2764.0,2762.0,2764.0,1.0877999999999999
1737758700000000,PAXGUSDT,15m,2762.0,2764.0,2762.0,2762.0,0.8202
1737759600000000,PAXGUSDT,15m,2763.0,2763.0,2758.0,2758.0,7.444699999999999
1737760500000000,PAXGUSDT,15m,2758.0,2760.0,2758.0,2758.0,2.7647999999999997
1737761400000000,PAXGUSDT,15m,2758.0,2760.0,2758.0,2758.0,0.9061999999999999
1737762300000000,PAXGUSDT,15m,2758.0,2762.0,2758.0,2760.0,4.8674
1737763200000000,PAXGUSDT,15m,2761.0,2762.0,2758.0,2758.0,1.8148
1737764100000000,PAXGUSDT,15m,2759.0,2759.0,2758.0,2758.0,5.9487
1737765000000000,PAXGUSDT,15m,2758.0,2759.0,2757.0,2758.0,10.1756
1737765900000000,PAXGUSDT,15m,2758.0,2759.0,2757.0,2757.0,8.6462
1737766800000000,PAXGUSDT,15m,2759.0,2762.0,2757.0,2762.0,3.4281
1737767700000000,PAXGUSDT,15m,2761.0,2764.0,2761.0,2764.0,5.7547
1737768600000000,PAXGUSDT,15m,2764.0,2766.0,2764.0,2765.0,4.7376
1737769500000000,PAXGUSDT,15m,2765.0,2766.0,2764.0,2766.0,2.0686
1737770400000000,PAXGUSDT,15m,2766.0,2766.0,2762.0,2763.0,9.242700000000001
1737771300000000,PAXGUSDT,15m,2762.0,2764.0,2762.0,2764.0,1.6879
1737772200000000,PAXGUSDT,15m,2764.0,2765.0,2762.0,2763.0,0.891
1737773100000000,PAXGUSDT,15m,2765.0,2766.0,2764.0,2765.0,3.0065999999999997
1737774000000000,PAXGUSDT,15m,2765.0,2765.0,2763.0,2764.0,2.0129
1737774900000000,PAXGUSDT,15m,2764.0,2764.0,2761.0,2761.0,2.3021000000000003
1737775800000000,PAXGUSDT,15m,2762.0,2763.0,2760.0,2762.0,4.6836
1737776700000000,PAXGUSDT,15m,2764.0,2767.0,2764.0,2765.0,5.3665
1737777600000000,PAXGUSDT,15m,2766.0,2766.0,2763.0,2765.0,2.6153
1737778500000000,PAXGUSDT,15m,2766.0,2766.0,2765.0,2765.0,1.1442
1737779400000000,PAXGUSDT,15m,2766.0,2766.0,2765.0,2766.0,1.128
1737780300000000,PAXGUSDT,15m,2765.0,2767.0,2765.0,2767.0,3.4652
1737781200000000,PAXGUSDT,15m,2765.0,2767.0,2764.0,2764.0,5.3867
1737782100000000,PAXGUSDT,15m,2765.0,2770.0,2764.0,2767.0,25.573999999999998
1737783000000000,PAXGUSDT,15m,2767.0,2770.0,2767.0,2768.0,0.9877
1737783900000000,PAXGUSDT,15m,2769.0,2770.0,2768.0,2768.0,1.1362
1737784800000000,PAXGUSDT,15m,2768.0,2770.0,2768.0,2768.0,1.2353
1737785700000000,PAXGUSDT,15m,2768.0,2769.0,2767.0,2767.0,4.4064000000000005
1737786600000000,PAXGUSDT,15m,2768.0,2768.0,2767.0,2768.0,1.4992
1737787500000000,PAXGUSDT,15m,2767.0,2768.0,2767.0,2767.0,0.7505
1737788400000000,PAXGUSDT,15m,2768.0,2768.0,2766.0,2766.0,1.8936
1737789300000000,PAXGUSDT,15m,2766.0,2767.0,2766.0,2766.0,4.6371
1737790200000000,PAXGUSDT,15m,2766.0,2768.0,2766.0,2766.0,2.9076999999999997
1737791100000000,PAXGUSDT,15m,2767.0,2768.0,2766.0,2767.0,3.0348
1737792000000000,PAXGUSDT,15m,2768.0,2769.0,2766.0,2766.0,8.532
1737792900000000,PAXGUSDT,15m,2766.0,2768.0,2766.0,2766.0,7.2407
1737793800000000,PAXGUSDT,15m,2766.0,2768.0,2765.0,2765.0,3.9495
1737794700000000,PAXGUSDT,15m,2765.0,2767.0,2764.0,2765.0,18.272000000000002
1737795600000000,PAXGUSDT,15m,2764.0,2766.0,2764.0,2765.0,3.7688
1737796500000000,PAXGUSDT,15m,2765.0,2768.0,2765.0,2766.0,0.7555999999999999
1737797400000000,PAXGUSDT,15m,2766.0,2767.0,2765.0,2767.0,0.31220000000000003
1737798300000000,PAXGUSDT,15m,2765.0,2767.0,2765.0,2765.0,2.0577
1737799200000000,PAXGUSDT,15m,2766.0,2766.0,2763.0,2764.0,2.4812000000000003
1737800100000000,PAXGUSDT,15m,2764.0,2765.0,2763.0,2763.0,4.2327
1737801000000000,PAXGUSDT,15m,2763.0,2767.0,2763.0,2767.0,2.692
1737801900000000,PAXGUSDT,15m,2767.0,2767.0,2765.0,2766.0,3.1038
1737802800000000,PAXGUSDT,15m,2768.0,2768.0,2765.0,2765.0,2.6008
1737803700000000,PAXGUSDT,15m,2767.0,2767.0,2764.0,2766.0,1.2696
1737804600000000,PAXGUSDT,15m,2764.0,2766.0,2764.0,2766.0,0.7152
1737805500000000,PAXGUSDT,15m,2765.0,2766.0,2764.0,2765.0,1.9443
1737806400000000,PAXGUSDT,15m,2764.0,2765.0,2762.0,2763.0,1.6308999999999998
1737807300000000,PAXGUSDT,15m,2763.0,2763.0,2762.0,2762.0,0.5016
1737808200000000,PAXGUSDT,15m,2763.0,2765.0,2762.0,2765.0,4.6568000000000005
1737809100000000,PAXGUSDT,15m,2765.0,2768.0,2763.0,2766.0,1.5818999999999999
1737810000000000,PAXGUSDT,15m,2767.0,2768.0,2765.0,2765.0,2.0254
1737810900000000,PAXGUSDT,15m,2767.0,2767.0,2764.0,2765.0,0.7976
1737811800000000,PAXGUSDT,15m,2765.0,2765.0,2763.0,2765.0,0.29910000000000003
1737812700000000,PAXGUSDT,15m,2763.0,2765.0,2762.0,2763.0,2.9489
1737813600000000,PAXGUSDT,15m,2763.0,2763.0,2761.0,2761.0,1.9156
1737814500000000,PAXGUSDT,15m,2761.0,2762.0,2761.0,2762.0,1.2917
1737815400000000,PAXGUSDT,15m,2760.0,2762.0,2760.0,2761.0,0.7618
1737816300000000,PAXGUSDT,15m,2762.0,2763.0,2761.0,2762.0,1.3503
1737817200000000,PAXGUSDT,15m,2763.0,2763.0,2760.0,2761.0,6.7483
1737818100000000,PAXGUSDT,15m,2762.0,2766.0,2762.0,2765.0,2.7146
1737819000000000,PAXGUSDT,15m,2765.0,2767.0,2765.0,2767.0,1.2785
1737819900000000,PAXGUSDT,15m,2767.0,2768.0,2764.0,2764.0,8.307500000000001
1737820800000000,PAXGUSDT,15m,2765.0,2766.0,2764.0,2764.0,1.6917
1737821700000000,PAXGUSDT,15m,2766.0,2767.0,2764.0,2766.0,4.2558
1737822600000000,PAXGUSDT,15m,2766.0,2767.0,2766.0,2767.0,1.8200999999999998
1737823500000000,PAXGUSDT,15m,2767.0,2767.0,2765.0,2767.0,1.1317
1737824400000000,PAXGUSDT,15m,2767.0,2767.0,2764.0,2765.0,0.4881
1737825300000000,PAXGUSDT,15m,2766.0,2767.0,2764.0,2767.0,4.5664
1737826200000000,PAXGUSDT,15m,2767.0,2767.0,2766.0,2767.0,0.575
1737827100000000,PAXGUSDT,15m,2767.0,2767.0,2766.0,2767.0,1.1003
1737828000000000,PAXGUSDT,15m,2766.0,2769.0,2766.0,2768.0,1.855
1737828900000000,PAXGUSDT,15m,2768.0,2769.0,2768.0,2769.0,0.7557
1737829800000000,PAXGUSDT,15m,2768.0,2769.0,2768.0,2769.0,1.046
1737830700000000,PAXGUSDT,15m,2769.0,2769.0,2768.0,2769.0,1.3528
1737831600000000,PAXGUSDT,15m,2768.0,2770.0,2768.0,2769.0,19.7594
1737832500000000,PAXGUSDT,15m,2769.0,2770.0,2768.0,2769.0,5.984500000000001
1737833400000000,PAXGUSDT,15m,2769.0,2770.0,2769.0,2769.0,1.3883
1737834300000000,PAXGUSDT,15m,2769.0,2770.0,2769.0,2770.0,3.2887
1737835200000000,PAXGUSDT,15m,2770.0,2770.0,2768.0,2768.0,2.6548
1737836100000000,PAXGUSDT,15m,2768.0,2770.0,2768.0,2769.0,1.6778
1737837000000000,PAXGUSDT,15m,2769.0,2770.0,2769.0,2769.0,0.5982000000000001
1737837900000000,PAXGUSDT,15m,2769.0,2770.0,2769.0,2769.0,2.1023
1737838800000000,PAXGUSDT,15m,2769.0,2769.0,2767.0,2767.0,2.558
1737839700000000,PAXGUSDT,15m,2767.0,2768.0,2767.0,2767.0,11.3255
1737840600000000,PAXGUSDT,15m,2767.0,2769.0,2766.0,2766.0,8.3273
1737841500000000,PAXGUSDT,15m,2766.0,2770.0,2766.0,2767.0,17.4443
1737842400000000,PAXGUSDT,15m,2769.0,2769.0,2766.0,2768.0,3.6397
1737843300000000,PAXGUSDT,15m,2768.0,2769.0,2766.0,2769.0,1.5071
1737844200000000,PAXGUSDT,15m,2767.0,2769.0,2767.0,2768.0,0.3368
1737845100000000,PAXGUSDT,15m,2768.0,2768.0,2767.0,2768.0,0.1957
1737846000000000,PAXGUSDT,15m,2768.0,2768.0,2767.0,2768.0,0.0721
1737846900000000,PAXGUSDT,15m,2768.0,2769.0,2767.0,2768.0,2.8578
1737847800000000,PAXGUSDT,15m,2767.0,2768.0,2767.0,2768.0,1.7049
1737848700000000,PAXGUSDT,15m,2768.0,2769.0,2766.0,2769.0,5.5205
1737849600000000,PAXGUSDT,15m,2769.0,2769.0,2767.0,2768.0,0.7259
1737850500000000,PAXGUSDT,15m,2769.0,2769.0,2768.0,2768.0,0.3254
1737851400000000,PAXGUSDT,15m,2768.0,2769.0,2768.0,2769.0,1.2055
1737852300000000,PAXGUSDT,15m,2768.0,2769.0,2767.0,2769.0,1.8154
1737853200000000,PAXGUSDT,15m,2769.0,2769.0,2767.0,2769.0,0.5051
1737854100000000,PAXGUSDT,15m,2767.0,2769.0,2766.0,2768.0,9.3311
1737855000000000,PAXGUSDT,15m,2766.0,2768.0,2766.0,2767.0,0.5429999999999999
1737855900000000,PAXGUSDT,15m,2767.0,2769.0,2767.0,2767.0,6.1677
1737856800000000,PAXGUSDT,15m,2768.0,2768.0,2766.0,2766.0,0.2901
1737857700000000,PAXGUSDT,15m,2767.0,2768.0,2766.0,2766.0,0.15389999999999998
1737858600000000,PAXGUSDT,15m,2768.0,2768.0,2766.0,2768.0,2.4088
1737859500000000,PAXGUSDT,15m,2767.0,2768.0,2767.0,2768.0,0.215
1737860400000000,PAXGUSDT,15m,2768.0,2768.0,2767.0,2768.0,0.2789
1737861300000000,PAXGUSDT,15m,2768.0,2768.0,2767.0,2768.0,0.5607
1737862200000000,PAXGUSDT,15m,2768.0,2768.0,2767.0,2768.0,0.19740000000000002
1737863100000000,PAXGUSDT,15m,2768.0,2769.0,2767.0,2769.0,9.0074
1737864000000000,PAXGUSDT,15m,2767.0,2769.0,2767.0,2769.0,0.691
1737864900000000,PAXGUSDT,15m,2769.0,2769.0,2767.0,2769.0,1.1471
1737865800000000,PAXGUSDT,15m,2767.0,2769.0,2767.0,2768.0,1.2449
1737866700000000,PAXGUSDT,15m,2768.0,2769.0,2766.0,2768.0,7.866599999999999
1737867600000000,PAXGUSDT,15m,2767.0,2770.0,2767.0,2769.0,5.0923
1737868500000000,PAXGUSDT,15m,2769.0,2769.0,2768.0,2769.0,1.0528
1737869400000000,PAXGUSDT,15m,2769.0,2769.0,2767.0,2768.0,3.3657
1737870300000000,PAXGUSDT,15m,2768.0,2768.0,2767.0,2768.0,0.38580000000000003
1737871200000000,PAXGUSDT,15m,2768.0,2768.0,2766.0,2768.0,7.7511
1737872100000000,PAXGUSDT,15m,2768.0,2768.0,2767.0,2768.0,1.4965000000000002
1737873000000000,PAXGUSDT,15m,2768.0,2768.0,2767.0,2767.0,2.4911
1737873900000000,PAXGUSDT,15m,2767.0,2767.0,2766.0,2767.0,0.2601
1737874800000000,PAXGUSDT,15m,2767.0,2767.0,2766.0,2767.0,0.8139
1737875700000000,PAXGUSDT,15m,2767.0,2767.0,2766.0,2767.0,0.7767999999999999
1737876600000000,PAXGUSDT,15m,2767.0,2767.0,2766.0,2767.0,6.8978
1737877500000000,PAXGUSDT,15m,2767.0,2767.0,2766.0,2766.0,1.5823
1737878400000000,PAXGUSDT,15m,2767.0,2767.0,2765.0,2766.0,0.7982
1737879300000000,PAXGUSDT,15m,2766.0,2766.0,2765.0,2766.0,0.4743
1737880200000000,PAXGUSDT,15m,2766.0,2766.0,2765.0,2766.0,0.8452
1737881100000000,PAXGUSDT,15m,2766.0,2766.0,2765.0,2766.0,0.126
1737882000000000,PAXGUSDT,15m,2765.0,2766.0,2765.0,2766.0,0.6454
1737882900000000,PAXGUSDT,15m,2764.0,2766.0,2764.0,2765.0,0.7336
1737883800000000,PAXGUSDT,15m,2765.0,2767.0,2764.0,2765.0,7.2991
1737884700000000,PAXGUSDT,15m,2765.0,2765.0,2764.0,2765.0,1.3585
1737885600000000,PAXGUSDT,15m,2765.0,2765.0,2764.0,2765.0,0.42200000000000004
1737886500000000,PAXGUSDT,15m,2765.0,2765.0,2764.0,2764.0,2.0074
1737887400000000,PAXGUSDT,15m,2764.0,2765.0,2763.0,2763.0,0.6395000000000001
1737888300000000,PAXGUSDT,15m,2763.0,2764.0,2763.0,2764.0,1.2257
1737889200000000,PAXGUSDT,15m,2764.0,2765.0,2763.0,2763.0,3.1854999999999998
1737890100000000,PAXGUSDT,15m,2765.0,2765.0,2763.0,2763.0,0.6242
1737891000000000,PAXGUSDT,15m,2763.0,2765.0,2763.0,2765.0,1.2465
1737891900000000,PAXGUSDT,15m,2763.0,2768.0,2763.0,2766.0,2.8646000000000003
1737892800000000,PAXGUSDT,15m,2768.0,2768.0,2766.0,2768.0,0.132
1737893700000000,PAXGUSDT,15m,2768.0,2768.0,2766.0,2766.0,1.2608
1737894600000000,PAXGUSDT,15m,2766.0,2768.0,2766.0,2768.0,0.8230000000000001
1737895500000000,PAXGUSDT,15m,2768.0,2768.0,2766.0,2766.0,1.1443
1737896400000000,PAXGUSDT,15m,2767.0,2767.0,2766.0,2767.0,2.2683
1737897300000000,PAXGUSDT,15m,2767.0,2767.0,2765.0,2766.0,2.5793999999999997
1737898200000000,PAXGUSDT,15m,2765.0,2766.0,2765.0,2766.0,0.4962
1737899100000000,PAXGUSDT,15m,2766.0,2766.0,2765.0,2765.0,1.2818
1737900000000000,PAXGUSDT,15m,2765.0,2767.0,2765.0,2765.0,1.321
1737900900000000,PAXGUSDT,15m,2765.0,2769.0,2765.0,2768.0,13.7283
1737901800000000,PAXGUSDT,15m,2768.0,2769.0,2767.0,2767.0,4.7772
1737902700000000,PAXGUSDT,15m,2767.0,2767.0,2764.0,2766.0,4.3938
1737903600000000,PAXGUSDT,15m,2766.0,2766.0,2765.0,2765.0,0.995
1737904500000000,PAXGUSDT,15m,2766.0,2766.0,2764.0,2764.0,0.9701
1737905400000000,PAXGUSDT,15m,2766.0,2766.0,2764.0,2765.0,0.866
1737906300000000,PAXGUSDT,15m,2765.0,2766.0,2763.0,2766.0,6.1464
1737907200000000,PAXGUSDT,15m,2766.0,2773.0,2765.0,2770.0,24.937
1737908100000000,PAXGUSDT,15m,2772.0,2772.0,2769.0,2770.0,1.7004000000000001
1737909000000000,PAXGUSDT,15m,2769.0,2772.0,2769.0,2771.0,1.9826
1737909900000000,PAXGUSDT,15m,2772.0,2774.0,2772.0,2774.0,19.0541
1737910800000000,PAXGUSDT,15m,2773.0,2774.0,2773.0,2774.0,2.2353
1737911700000000,PAXGUSDT,15m,2774.0,2775.0,2773.0,2773.0,1.5807
1737912600000000,PAXGUSDT,15m,2773.0,2774.0,2773.0,2774.0,1.0825
1737913500000000,PAXGUSDT,15m,2774.0,2774.0,2773.0,2773.0,1.4907
1737914400000000,PAXGUSDT,15m,2774.0,2774.0,2773.0,2773.0,1.701
1737915300000000,PAXGUSDT,15m,2774.0,2774.0,2772.0,2773.0,3.9103000000000003
1737916200000000,PAXGUSDT,15m,2772.0,2773.0,2772.0,2773.0,0.9309000000000001
1737917100000000,PAXGUSDT,15m,2772.0,2774.0,2772.0,2774.0,1.7089
1737918000000000,PAXGUSDT,15m,2773.0,2774.0,2771.0,2772.0,12.6856
1737918900000000,PAXGUSDT,15m,2772.0,2772.0,2770.0,2772.0,2.1033
1737919800000000,PAXGUSDT,15m,2771.0,2772.0,2770.0,2770.0,0.1965
1737920700000000,PAXGUSDT,15m,2770.0,2773.0,2770.0,2772.0,5.7963000000000005
1737921600000000,PAXGUSDT,15m,2771.0,2772.0,2771.0,2772.0,0.8221
1737922500000000,PAXGUSDT,15m,2771.0,2772.0,2768.0,2768.0,8.2518
1737923400000000,PAXGUSDT,15m,2768.0,2769.0,2767.0,2768.0,4.5705
1737924300000000,PAXGUSDT,15m,2768.0,2769.0,2765.0,2765.0,8.6356
1737925200000000,PAXGUSDT,15m,2766.0,2767.0,2765.0,2767.0,8.4685
1737926100000000,PAXGUSDT,15m,2767.0,2768.0,2767.0,2767.0,1.4052
1737927000000000,PAXGUSDT,15m,2767.0,2768.0,2765.0,2765.0,1.8841
1737927900000000,PAXGUSDT,15m,2765.0,2767.0,2764.0,2764.0,0.8907
1737928800000000,PAXGUSDT,15m,2765.0,2765.0,2763.0,2763.0,2.6656
1737929700000000,PAXGUSDT,15m,2765.0,2766.0,2762.0,2763.0,9.4563
1737930600000000,PAXGUSDT,15m,2763.0,2765.0,2762.0,2765.0,6.4779
1737931500000000,PAXGUSDT,15m,2764.0,2765.0,2764.0,2764.0,0.2917
1737932400000000,PAXGUSDT,15m,2764.0,2764.0,2760.0,2760.0,10.2484
1737933300000000,PAXGUSDT,15m,2760.0,2760.0,2758.0,2759.0,6.1811
1737934200000000,PAXGUSDT,15m,2759.0,2760.0,2759.0,2759.0,2.3878
1737935100000000,PAXGUSDT,15m,2760.0,2762.0,2759.0,2762.0,4.7575
1737936000000000,PAXGUSDT,15m,2761.0,2762.0,2757.0,2758.0,15.9514
1737936900000000,PAXGUSDT,15m,2758.0,2759.0,2757.0,2758.0,10.9658
1737937800000000,PAXGUSDT,15m,2758.0,2760.0,2756.0,2759.0,31.8793
1737938700000000,PAXGUSDT,15m,2759.0,2759.0,2756.0,2758.0,10.453299999999999
1737939600000000,PAXGUSDT,15m,2756.0,2761.0,2756.0,2758.0,12.4566
1737940500000000,PAXGUSDT,15m,2756.0,2762.0,2753.0,2762.0,27.594700000000003
1737941400000000,PAXGUSDT,15m,2761.0,2764.0,2759.0,2760.0,6.7869
1737942300000000,PAXGUSDT,15m,2760.0,2762.0,2753.0,2756.0,16.6632
1737943200000000,PAXGUSDT,15m,2757.0,2759.0,2755.0,2756.0,4.6885
1737944100000000,PAXGUSDT,15m,2757.0,2757.0,2752.0,2756.0,14.3253
1737945000000000,PAXGUSDT,15m,2755.0,2758.0,2752.0,2752.0,23.123
1737945900000000,PAXGUSDT,15m,2753.0,2754.0,2750.0,2752.0,7.6499
1737946800000000,PAXGUSDT,15m,2753.0,2758.0,2752.0,2755.0,15.3239
1737947700000000,PAXGUSDT,15m,2757.0,2759.0,2756.0,2758.0,3.6321
1737948600000000,PAXGUSDT,15m,2757.0,2758.0,2755.0,2757.0,4.639
1737949500000000,PAXGUSDT,15m,2757.0,2757.0,2753.0,2754.0,14.3276
1737950400000000,PAXGUSDT,15m,2754.0,2754.0,2751.0,2752.0,1.9481
1737951300000000,PAXGUSDT,15m,2753.0,2753.0,2752.0,2752.0,4.0017
1737952200000000,PAXGUSDT,15m,2752.0,2753.0,2750.0,2750.0,9.189400000000001
1737953100000000,PAXGUSDT,15m,2752.0,2753.0,2750.0,2751.0,4.7019
1737954000000000,PAXGUSDT,15m,2751.0,2752.0,2750.0,2751.0,1.477
1737954900000000,PAXGUSDT,15m,2750.0,2752.0,2749.0,2751.0,6.3612
1737955800000000,PAXGUSDT,15m,2751.0,2753.0,2748.0,2749.0,14.9824
1737956700000000,PAXGUSDT,15m,2749.0,2751.0,2747.0,2749.0,9.138
1737957600000000,PAXGUSDT,15m,2749.0,2750.0,2748.0,2749.0,5.525
1737958500000000,PAXGUSDT,15m,2750.0,2750.0,2744.0,2745.0,13.5608
1737959400000000,PAXGUSDT,15m,2745.0,2747.0,2743.0,2743.0,9.5214
1737960300000000,PAXGUSDT,15m,2744.0,2745.0,2742.0,2743.0,15.479500000000002
1737961200000000,PAXGUSDT,15m,2744.0,2744.0,2741.0,2744.0,16.4528
1737962100000000,PAXGUSDT,15m,2743.0,2744.0,2730.0,2730.0,48.3167
1737963000000000,PAXGUSDT,15m,2731.0,2737.0,2731.0,2736.0,31.5294
1737963900000000,PAXGUSDT,15m,2736.0,2737.0,2731.0,2735.0,19.183
1737964800000000,PAXGUSDT,15m,2734.0,2738.0,2732.0,2736.0,9.9411
1737965700000000,PAXGUSDT,15m,2737.0,2742.0,2736.0,2740.0,11.1917
1737966600000000,PAXGUSDT,15m,2739.0,2740.0,2730.0,2735.0,73.0636
1737967500000000,PAXGUSDT,15m,2736.0,2739.0,2731.0,2735.0,44.5625
1737968400000000,PAXGUSDT,15m,2736.0,2748.0,2735.0,2746.0,20.1346
1737969300000000,PAXGUSDT,15m,2747.0,2748.0,2743.0,2745.0,30.5714
1737970200000000,PAXGUSDT,15m,2744.0,2752.0,2744.0,2751.0,19.7982
1737971100000000,PAXGUSDT,15m,2750.0,2753.0,2750.0,2752.0,8.3546
1737972000000000,PAXGUSDT,15m,2753.0,2754.0,2748.0,2748.0,9.5936
1737972900000000,PAXGUSDT,15m,2749.0,2750.0,2748.0,2750.0,5.5991
1737973800000000,PAXGUSDT,15m,2750.0,2754.0,2749.0,2752.0,35.5559
1737974700000000,PAXGUSDT,15m,2751.0,2758.0,2750.0,2757.0,27.0043
1737975600000000,PAXGUSDT,15m,2756.0,2757.0,2754.0,2755.0,12.4538
1737976500000000,PAXGUSDT,15m,2755.0,2760.0,2754.0,2760.0,18.9143
1737977400000000,PAXGUSDT,15m,2760.0,2760.0,2759.0,2760.0,8.6486
1737978300000000,PAXGUSDT,15m,2759.0,2760.0,2757.0,2759.0,35.3727
1737979200000000,PAXGUSDT,15m,2759.0,2760.0,2755.0,2755.0,13.6497
1737980100000000,PAXGUSDT,15m,2755.0,2756.0,2751.0,2752.0,7.100999999999999
1737981000000000,PAXGUSDT,15m,2751.0,2753.0,2750.0,2753.0,4.9975
1737981900000000,PAXGUSDT,15m,2753.0,2754.0,2752.0,2752.0,23.2346
1737982800000000,PAXGUSDT,15m,2753.0,2753.0,2748.0,2752.0,15.538400000000001
1737983700000000,PAXGUSDT,15m,2751.0,2752.0,2750.0,2751.0,6.4801
1737984600000000,PAXGUSDT,15m,2750.0,2752.0,2748.0,2751.0,16.8755
1737985500000000,PAXGUSDT,15m,2750.0,2752.0,2748.0,2751.0,10.963000000000001
1737986400000000,PAXGUSDT,15m,2751.0,2752.0,2750.0,2751.0,6.9653
1737987300000000,PAXGUSDT,15m,2750.0,2752.0,2748.0,2750.0,31.844499999999996
1737988200000000,PAXGUSDT,15m,2750.0,2750.0,2742.0,2750.0,32.568
1737989100000000,PAXGUSDT,15m,2749.0,2752.0,2747.0,2748.0,16.6211
1737990000000000,PAXGUSDT,15m,2748.0,2748.0,2738.0,2738.0,21.2014
1737990900000000,PAXGUSDT,15m,2739.0,2746.0,2738.0,2743.0,51.226800000000004
1737991800000000,PAXGUSDT,15m,2743.0,2743.0,2740.0,2741.0,17.8767
1737992700000000,PAXGUSDT,15m,2740.0,2743.0,2740.0,2743.0,7.213
1737993600000000,PAXGUSDT,15m,2742.0,2743.0,2736.0,2737.0,8.2887
1737994500000000,PAXGUSDT,15m,2736.0,2737.0,2735.0,2736.0,3.6524
1737995400000000,PAXGUSDT,15m,2735.0,2748.0,2734.0,2740.0,46.49
1737996300000000,PAXGUSDT,15m,2739.0,2739.0,2732.0,2732.0,15.0631
1737997200000000,PAXGUSDT,15m,2732.0,2736.0,2732.0,2732.0,18.162
1737998100000000,PAXGUSDT,15m,2732.0,2735.0,2732.0,2734.0,11.5721
1737999000000000,PAXGUSDT,15m,2734.0,2737.0,2732.0,2733.0,20.8293
1737999900000000,PAXGUSDT,15m,2733.0,2735.0,2731.0,2732.0,30.1464
1738000800000000,PAXGUSDT,15m,2732.0,2736.0,2732.0,2736.0,3.9833
1738001700000000,PAXGUSDT,15m,2734.0,2739.0,2734.0,2736.0,9.246400000000001
1738002600000000,PAXGUSDT,15m,2735.0,2739.0,2735.0,2737.0,5.9883999999999995
1738003500000000,PAXGUSDT,15m,2737.0,2738.0,2734.0,2736.0,8.2456
1738004400000000,PAXGUSDT,15m,2736.0,2736.0,2734.0,2735.0,3.6224
1738005300000000,PAXGUSDT,15m,2735.0,2740.0,2734.0,2739.0,4.7351
1738006200000000,PAXGUSDT,15m,2739.0,2740.0,2739.0,2740.0,2.8836
1738007100000000,PAXGUSDT,15m,2739.0,2742.0,2739.0,2741.0,7.1124
1738008000000000,PAXGUSDT,15m,2740.0,2741.0,2739.0,2740.0,6.7863
1738008900000000,PAXGUSDT,15m,2740.0,2741.0,2740.0,2741.0,3.0068
1738009800000000,PAXGUSDT,15m,2741.0,2745.0,2740.0,2743.0,23.587899999999998
1738010700000000,PAXGUSDT,15m,2743.0,2747.0,2743.0,2745.0,50.4251
1738011600000000,PAXGUSDT,15m,2743.0,2749.0,2740.0,2749.0,26.534000000000002
1738012500000000,PAXGUSDT,15m,2748.0,2761.0,2747.0,2749.0,104.3299
1738013400000000,PAXGUSDT,15m,2752.0,2752.0,2745.0,2746.0,3.9507
1738014300000000,PAXGUSDT,15m,2745.0,2746.0,2741.0,2741.0,10.9939
1738015200000000,PAXGUSDT,15m,2742.0,2743.0,2734.0,2734.0,46.2923
1738016100000000,PAXGUSDT,15m,2734.0,2737.0,2734.0,2736.0,9.4923
1738017000000000,PAXGUSDT,15m,2735.0,2737.0,2734.0,2735.0,1.2986
1738017900000000,PAXGUSDT,15m,2737.0,2737.0,2734.0,2736.0,6.0533
1738018800000000,PAXGUSDT,15m,2736.0,2739.0,2736.0,2738.0,6.4288
1738019700000000,PAXGUSDT,15m,2738.0,2741.0,2738.0,2741.0,6.5735
1738020600000000,PAXGUSDT,15m,2740.0,2743.0,2739.0,2741.0,9.9482
1738021500000000,PAXGUSDT,15m,2743.0,2743.0,2738.0,2742.0,10.4413
1738022400000000,PAXGUSDT,15m,2743.0,2744.0,2739.0,2741.0,10.8405
1738023300000000,PAXGUSDT,15m,2740.0,2742.0,2740.0,2740.0,5.19
1738024200000000,PAXGUSDT,15m,2740.0,2740.0,2739.0,2739.0,1.3942999999999999
1738025100000000,PAXGUSDT,15m,2739.0,2740.0,2738.0,2740.0,7.7495
1738026000000000,PAXGUSDT,15m,2739.0,2750.0,2739.0,2739.0,44.4671
1738026900000000,PAXGUSDT,15m,2739.0,2740.0,2738.0,2738.0,2.0572
1738027800000000,PAXGUSDT,15m,2739.0,2741.0,2737.0,2741.0,7.0741
1738028700000000,PAXGUSDT,15m,2741.0,2743.0,2738.0,2738.0,3.5178000000000003
1738029600000000,PAXGUSDT,15m,2740.0,2740.0,2737.0,2739.0,1.829
1738030500000000,PAXGUSDT,15m,2737.0,2741.0,2737.0,2741.0,0.9217
1738031400000000,PAXGUSDT,15m,2740.0,2741.0,2738.0,2740.0,1.3807
1738032300000000,PAXGUSDT,15m,2739.0,2742.0,2739.0,2740.0,3.3416
1738033200000000,PAXGUSDT,15m,2739.0,2741.0,2739.0,2740.0,1.8850000000000002
1738034100000000,PAXGUSDT,15m,2740.0,2743.0,2740.0,2740.0,4.502800000000001
1738035000000000,PAXGUSDT,15m,2740.0,2740.0,2738.0,2738.0,2.6344000000000003
1738035900000000,PAXGUSDT,15m,2738.0,2740.0,2738.0,2739.0,2.0644
1738036800000000,PAXGUSDT,15m,2738.0,2739.0,2736.0,2737.0,2.6862
1738037700000000,PAXGUSDT,15m,2737.0,2739.0,2736.0,2739.0,2.3799
1738038600000000,PAXGUSDT,15m,2738.0,2741.0,2737.0,2740.0,3.279
1738039500000000,PAXGUSDT,15m,2740.0,2741.0,2737.0,2737.0,7.514200000000001
1738040400000000,PAXGUSDT,15m,2739.0,2740.0,2737.0,2740.0,0.6105
1738041300000000,PAXGUSDT,15m,2739.0,2740.0,2739.0,2740.0,0.8972
1738042200000000,PAXGUSDT,15m,2739.0,2743.0,2739.0,2743.0,1.7971
1738043100000000,PAXGUSDT,15m,2741.0,2743.0,2736.0,2738.0,17.5147
1738044000000000,PAXGUSDT,15m,2738.0,2740.0,2737.0,2738.0,4.5497
1738044900000000,PAXGUSDT,15m,2738.0,2742.0,2738.0,2741.0,3.7035
1738045800000000,PAXGUSDT,15m,2741.0,2742.0,2740.0,2741.0,8.900400000000001
1738046700000000,PAXGUSDT,15m,2740.0,2741.0,2739.0,2740.0,5.992699999999999
1738047600000000,PAXGUSDT,15m,2739.0,2740.0,2737.0,2737.0,4.1181
1738048500000000,PAXGUSDT,15m,2737.0,2739.0,2737.0,2739.0,2.7375
1738049400000000,PAXGUSDT,15m,2738.0,2739.0,2738.0,2739.0,1.84
1738050300000000,PAXGUSDT,15m,2738.0,2739.0,2738.0,2739.0,2.5577
1738051200000000,PAXGUSDT,15m,2738.0,2739.0,2737.0,2738.0,5.7992
1738052100000000,PAXGUSDT,15m,2737.0,2741.0,2736.0,2737.0,10.8476
1738053000000000,PAXGUSDT,15m,2738.0,2740.0,2737.0,2740.0,4.507
1738053900000000,PAXGUSDT,15m,2740.0,2742.0,2739.0,2740.0,6.1864
1738054800000000,PAXGUSDT,15m,2739.0,2741.0,2739.0,2741.0,1.5328
1738055700000000,PAXGUSDT,15m,2741.0,2742.0,2740.0,2742.0,3.9377
1738056600000000,PAXGUSDT,15m,2741.0,2742.0,2741.0,2742.0,2.481
1738057500000000,PAXGUSDT,15m,2741.0,2742.0,2741.0,2742.0,8.0335
1738058400000000,PAXGUSDT,15m,2741.0,2744.0,2741.0,2743.0,4.045
1738059300000000,PAXGUSDT,15m,2743.0,2744.0,2742.0,2744.0,2.0548
1738060200000000,PAXGUSDT,15m,2743.0,2745.0,2743.0,2745.0,3.8409
1738061100000000,PAXGUSDT,15m,2744.0,2745.0,2744.0,2744.0,2.9253
1738062000000000,PAXGUSDT,15m,2744.0,2745.0,2744.0,2745.0,3.7984999999999998
1738062900000000,PAXGUSDT,15m,2744.0,2745.0,2743.0,2745.0,5.055400000000001
1738063800000000,PAXGUSDT,15m,2744.0,2748.0,2742.0,2744.0,24.6921
1738064700000000,PAXGUSDT,15m,2744.0,2746.0,2743.0,2746.0,7.298500000000001
1738065600000000,PAXGUSDT,15m,2746.0,2748.0,2744.0,2747.0,14.6721
1738066500000000,PAXGUSDT,15m,2747.0,2748.0,2745.0,2748.0,21.7969
1738067400000000,PAXGUSDT,15m,2748.0,2748.0,2747.0,2748.0,7.8911999999999995
1738068300000000,PAXGUSDT,15m,2748.0,2748.0,2747.0,2747.0,2.5787999999999998
1738069200000000,PAXGUSDT,15m,2748.0,2749.0,2747.0,2749.0,2.9398
1738070100000000,PAXGUSDT,15m,2749.0,2749.0,2747.0,2749.0,8.8007
1738071000000000,PAXGUSDT,15m,2749.0,2750.0,2748.0,2750.0,4.1404
1738071900000000,PAXGUSDT,15m,2749.0,2750.0,2748.0,2750.0,3.4878
1738072800000000,PAXGUSDT,15m,2750.0,2752.0,2748.0,2750.0,13.2902
1738073700000000,PAXGUSDT,15m,2749.0,2754.0,2748.0,2754.0,9.0664
1738074600000000,PAXGUSDT,15m,2754.0,2758.0,2753.0,2755.0,14.645199999999999
1738075500000000,PAXGUSDT,15m,2757.0,2758.0,2754.0,2758.0,8.7464
1738076400000000,PAXGUSDT,15m,2758.0,2758.0,2753.0,2753.0,15.5859
1738077300000000,PAXGUSDT,15m,2753.0,2755.0,2753.0,2755.0,5.6805
1738078200000000,PAXGUSDT,15m,2754.0,2758.0,2754.0,2757.0,9.6966
1738079100000000,PAXGUSDT,15m,2757.0,2757.0,2756.0,2756.0,2.818
1738080000000000,PAXGUSDT,15m,2756.0,2758.0,2755.0,2755.0,13.3194
1738080900000000,PAXGUSDT,15m,2755.0,2755.0,2754.0,2754.0,5.003299999999999
1738081800000000,PAXGUSDT,15m,2754.0,2755.0,2754.0,2754.0,3.8139000000000003
1738082700000000,PAXGUSDT,15m,2754.0,2756.0,2752.0,2752.0,61.5593
1738083600000000,PAXGUSDT,15m,2753.0,2754.0,2752.0,2754.0,17.492
1738084500000000,PAXGUSDT,15m,2753.0,2754.0,2735.0,2752.0,137.3542
1738085400000000,PAXGUSDT,15m,2752.0,2755.0,2752.0,2754.0,9.256
1738086300000000,PAXGUSDT,15m,2754.0,2755.0,2752.0,2752.0,19.2661
1738087200000000,PAXGUSDT,15m,2753.0,2757.0,2752.0,2756.0,11.671899999999999
1738088100000000,PAXGUSDT,15m,2757.0,2757.0,2754.0,2756.0,1.526
1738089000000000,PAXGUSDT,15m,2756.0,2756.0,2754.0,2755.0,2.3626
1738089900000000,PAXGUSDT,15m,2755.0,2756.0,2754.0,2756.0,3.1724
1738090800000000,PAXGUSDT,15m,2756.0,2757.0,2754.0,2754.0,5.8526
1738091700000000,PAXGUSDT,15m,2756.0,2758.0,2754.0,2757.0,8.9104
1738092600000000,PAXGUSDT,15m,2755.0,2757.0,2755.0,2756.0,5.8617
1738093500000000,PAXGUSDT,15m,2756.0,2763.0,2756.0,2761.0,22.403
1738094400000000,PAXGUSDT,15m,2760.0,2763.0,2760.0,2761.0,4.0829
1738095300000000,PAXGUSDT,15m,2761.0,2763.0,2759.0,2759.0,8.584
1738096200000000,PAXGUSDT,15m,2759.0,2761.0,2758.0,2760.0,8.4824
1738097100000000,PAXGUSDT,15m,2761.0,2761.0,2754.0,2755.0,35.8844
1738098000000000,PAXGUSDT,15m,2755.0,2757.0,2754.0,2756.0,4.7583
1738098900000000,PAXGUSDT,15m,2755.0,2760.0,2754.0,2759.0,20.096400000000003
1738099800000000,PAXGUSDT,15m,2757.0,2763.0,2757.0,2760.0,32.6118
1738100700000000,PAXGUSDT,15m,2760.0,2762.0,2757.0,2759.0,7.7496
1738101600000000,PAXGUSDT,15m,2759.0,2765.0,2757.0,2764.0,51.031099999999995
1738102500000000,PAXGUSDT,15m,2764.0,2769.0,2761.0,2763.0,50.5539
1738103400000000,PAXGUSDT,15m,2763.0,2772.0,2763.0,2767.0,71.60679999999999
1738104300000000,PAXGUSDT,15m,2767.0,2771.0,2766.0,2768.0,7.7393
1738105200000000,PAXGUSDT,15m,2768.0,2769.0,2762.0,2763.0,20.4986
1738106100000000,PAXGUSDT,15m,2763.0,2764.0,2762.0,2762.0,2.6292999999999997
1738107000000000,PAXGUSDT,15m,2762.0,2764.0,2761.0,2762.0,4.5390999999999995
1738107900000000,PAXGUSDT,15m,2762.0,2765.0,2762.0,2763.0,3.2389
1738108800000000,PAXGUSDT,15m,2763.0,2767.0,2762.0,2767.0,15.1923
1738109700000000,PAXGUSDT,15m,2765.0,2765.0,2763.0,2764.0,4.9998000000000005
1738110600000000,PAXGUSDT,15m,2764.0,2764.0,2762.0,2764.0,5.2354
1738111500000000,PAXGUSDT,15m,2763.0,2766.0,2763.0,2765.0,6.3699
1738112400000000,PAXGUSDT,15m,2765.0,2765.0,2764.0,2765.0,5.2785
1738113300000000,PAXGUSDT,15m,2764.0,2765.0,2763.0,2763.0,0.4592
1738114200000000,PAXGUSDT,15m,2763.0,2767.0,2763.0,2766.0,5.0506
1738115100000000,PAXGUSDT,15m,2767.0,2768.0,2765.0,2766.0,11.3588
1738116000000000,PAXGUSDT,15m,2766.0,2769.0,2765.0,2766.0,5.9531
1738116900000000,PAXGUSDT,15m,2766.0,2768.0,2765.0,2765.0,1.2437
1738117800000000,PAXGUSDT,15m,2765.0,2766.0,2764.0,2764.0,2.8967
1738118700000000,PAXGUSDT,15m,2766.0,2768.0,2764.0,2768.0,3.2848
1738119600000000,PAXGUSDT,15m,2768.0,2768.0,2765.0,2765.0,3.0799
1738120500000000,PAXGUSDT,15m,2766.0,2766.0,2764.0,2764.0,1.6040999999999999
1738121400000000,PAXGUSDT,15m,2765.0,2766.0,2764.0,2764.0,2.3378
1738122300000000,PAXGUSDT,15m,2764.0,2768.0,2764.0,2766.0,4.3835
1738123200000000,PAXGUSDT,15m,2766.0,2768.0,2765.0,2765.0,0.9704999999999999
1738124100000000,PAXGUSDT,15m,2767.0,2767.0,2765.0,2767.0,2.3007
1738125000000000,PAXGUSDT,15m,2766.0,2768.0,2765.0,2767.0,2.0459
1738125900000000,PAXGUSDT,15m,2767.0,2767.0,2762.0,2762.0,4.247
1738126800000000,PAXGUSDT,15m,2763.0,2764.0,2759.0,2761.0,26.1748
1738127700000000,PAXGUSDT,15m,2762.0,2766.0,2761.0,2765.0,3.9846
1738128600000000,PAXGUSDT,15m,2765.0,2768.0,2765.0,2767.0,3.2303
1738129500000000,PAXGUSDT,15m,2766.0,2769.0,2766.0,2767.0,1.9478
1738130400000000,PAXGUSDT,15m,2768.0,2768.0,2763.0,2763.0,19.3805
1738131300000000,PAXGUSDT,15m,2763.0,2767.0,2763.0,2765.0,13.9282
1738132200000000,PAXGUSDT,15m,2764.0,2767.0,2764.0,2765.0,4.5961
1738133100000000,PAXGUSDT,15m,2764.0,2797.0,2762.0,2764.0,133.547
1738134000000000,PAXGUSDT,15m,2764.0,2764.0,2762.0,2764.0,4.4794
1738134900000000,PAXGUSDT,15m,2763.0,2766.0,2762.0,2764.0,9.237400000000001
1738135800000000,PAXGUSDT,15m,2763.0,2764.0,2763.0,2763.0,3.4748
1738136700000000,PAXGUSDT,15m,2764.0,2764.0,2757.0,2761.0,22.4391
1738137600000000,PAXGUSDT,15m,2760.0,2764.0,2760.0,2764.0,1.2623
1738138500000000,PAXGUSDT,15m,2763.0,2764.0,2762.0,2763.0,5.8562
1738139400000000,PAXGUSDT,15m,2763.0,2767.0,2763.0,2765.0,3.6794000000000002
1738140300000000,PAXGUSDT,15m,2765.0,2770.0,2765.0,2768.0,3.7555
1738141200000000,PAXGUSDT,15m,2768.0,2769.0,2765.0,2767.0,3.399
1738142100000000,PAXGUSDT,15m,2766.0,2767.0,2763.0,2764.0,4.5825
1738143000000000,PAXGUSDT,15m,2763.0,2766.0,2761.0,2766.0,16.4248
1738143900000000,PAXGUSDT,15m,2766.0,2766.0,2764.0,2766.0,1.8972
1738144800000000,PAXGUSDT,15m,2765.0,2770.0,2763.0,2769.0,30.308200000000003
1738145700000000,PAXGUSDT,15m,2769.0,2770.0,2766.0,2766.0,6.7587
1738146600000000,PAXGUSDT,15m,2766.0,2767.0,2765.0,2765.0,2.8904
1738147500000000,PAXGUSDT,15m,2766.0,2766.0,2762.0,2765.0,13.1034
1738148400000000,PAXGUSDT,15m,2765.0,2769.0,2764.0,2766.0,16.6756
1738149300000000,PAXGUSDT,15m,2766.0,2766.0,2763.0,2765.0,13.7891
1738150200000000,PAXGUSDT,15m,2765.0,2766.0,2764.0,2766.0,13.2833
1738151100000000,PAXGUSDT,15m,2766.0,2766.0,2764.0,2766.0,9.529300000000001
1738152000000000,PAXGUSDT,15m,2766.0,2766.0,2764.0,2766.0,7.9597
1738152900000000,PAXGUSDT,15m,2766.0,2766.0,2763.0,2765.0,1.826
1738153800000000,PAXGUSDT,15m,2764.0,2765.0,2762.0,2762.0,5.1597
1738154700000000,PAXGUSDT,15m,2762.0,2766.0,2761.0,2763.0,18.9348
1738155600000000,PAXGUSDT,15m,2763.0,2766.0,2761.0,2765.0,7.0031
1738156500000000,PAXGUSDT,15m,2764.0,2765.0,2758.0,2758.0,38.2947
1738157400000000,PAXGUSDT,15m,2758.0,2763.0,2757.0,2759.0,12.1068
1738158300000000,PAXGUSDT,15m,2759.0,2767.0,2758.0,2764.0,16.9008
1738159200000000,PAXGUSDT,15m,2762.0,2765.0,2762.0,2764.0,2.5465999999999998
1738160100000000,PAXGUSDT,15m,2763.0,2764.0,2762.0,2764.0,6.0725
1738161000000000,PAXGUSDT,15m,2763.0,2764.0,2763.0,2764.0,6.3768
1738161900000000,PAXGUSDT,15m,2763.0,2764.0,2762.0,2763.0,5.8665
1738162800000000,PAXGUSDT,15m,2762.0,2763.0,2762.0,2762.0,2.2723
1738163700000000,PAXGUSDT,15m,2762.0,2769.0,2760.0,2763.0,59.2875
1738164600000000,PAXGUSDT,15m,2761.0,2762.0,2760.0,2761.0,2.4036
1738165500000000,PAXGUSDT,15m,2760.0,2761.0,2759.0,2760.0,3.0563000000000002
1738166400000000,PAXGUSDT,15m,2760.0,2765.0,2759.0,2759.0,5.2236
1738167300000000,PAXGUSDT,15m,2760.0,2760.0,2756.0,2758.0,7.0969999999999995
1738168200000000,PAXGUSDT,15m,2757.0,2759.0,2757.0,2759.0,4.5589
1738169100000000,PAXGUSDT,15m,2757.0,2760.0,2757.0,2757.0,6.7766
1738170000000000,PAXGUSDT,15m,2757.0,2758.0,2757.0,2757.0,1.9309
1738170900000000,PAXGUSDT,15m,2757.0,2758.0,2757.0,2757.0,2.537
1738171800000000,PAXGUSDT,15m,2757.0,2758.0,2755.0,2757.0,11.1625
1738172700000000,PAXGUSDT,15m,2756.0,2757.0,2756.0,2757.0,3.3396
1738173600000000,PAXGUSDT,15m,2757.0,2757.0,2756.0,2757.0,2.6717
1738174500000000,PAXGUSDT,15m,2756.0,2757.0,2756.0,2756.0,3.4103
1738175400000000,PAXGUSDT,15m,2756.0,2758.0,2756.0,2756.0,1.6051
1738176300000000,PAXGUSDT,15m,2756.0,2757.0,2756.0,2757.0,4.451099999999999
1738177200000000,PAXGUSDT,15m,2756.0,2756.0,2750.0,2751.0,7.5194
1738178100000000,PAXGUSDT,15m,2751.0,2752.0,2746.0,2749.0,32.992
1738179000000000,PAXGUSDT,15m,2748.0,2763.0,2746.0,2761.0,48.3434
1738179900000000,PAXGUSDT,15m,2760.0,2762.0,2755.0,2759.0,13.4711
1738180800000000,PAXGUSDT,15m,2760.0,2761.0,2754.0,2759.0,10.4514
1738181700000000,PAXGUSDT,15m,2759.0,2767.0,2758.0,2766.0,17.8616
1738182600000000,PAXGUSDT,15m,2765.0,2767.0,2762.0,2763.0,9.4049
1738183500000000,PAXGUSDT,15m,2763.0,2763.0,2758.0,2759.0,7.3404
1738184400000000,PAXGUSDT,15m,2758.0,2767.0,2758.0,2766.0,37.4694
1738185300000000,PAXGUSDT,15m,2765.0,2765.0,2760.0,2763.0,15.1034
1738186200000000,PAXGUSDT,15m,2762.0,2763.0,2762.0,2762.0,2.9598
1738187100000000,PAXGUSDT,15m,2762.0,2763.0,2762.0,2763.0,2.0052
1738188000000000,PAXGUSDT,15m,2763.0,2765.0,2762.0,2763.0,12.4452
1738188900000000,PAXGUSDT,15m,2762.0,2764.0,2761.0,2764.0,4.8307
1738189800000000,PAXGUSDT,15m,2762.0,2764.0,2762.0,2763.0,1.5135
1738190700000000,PAXGUSDT,15m,2763.0,2764.0,2762.0,2762.0,0.8777
1738191600000000,PAXGUSDT,15m,2763.0,2763.0,2762.0,2762.0,0.9552
1738192500000000,PAXGUSDT,15m,2762.0,2764.0,2762.0,2764.0,3.8052
1738193400000000,PAXGUSDT,15m,2763.0,2764.0,2763.0,2764.0,1.8157
1738194300000000,PAXGUSDT,15m,2763.0,2764.0,2761.0,2762.0,20.0398
1738195200000000,PAXGUSDT,15m,2762.0,2764.0,2762.0,2763.0,2.512
1738196100000000,PAXGUSDT,15m,2762.0,2765.0,2762.0,2763.0,3.481
1738197000000000,PAXGUSDT,15m,2763.0,2766.0,2763.0,2766.0,2.6569000000000003
1738197900000000,PAXGUSDT,15m,2764.0,2766.0,2764.0,2766.0,1.1974
1738198800000000,PAXGUSDT,15m,2765.0,2767.0,2765.0,2766.0,4.6856
1738199700000000,PAXGUSDT,15m,2765.0,2766.0,2765.0,2765.0,1.3391
1738200600000000,PAXGUSDT,15m,2764.0,2765.0,2764.0,2765.0,1.1539
1738201500000000,PAXGUSDT,15m,2764.0,2765.0,2763.0,2764.0,3.7558
1738202400000000,PAXGUSDT,15m,2764.0,2764.0,2761.0,2764.0,3.7224000000000004
1738203300000000,PAXGUSDT,15m,2763.0,2764.0,2763.0,2764.0,2.1746
1738204200000000,PAXGUSDT,15m,2763.0,2764.0,2762.0,2762.0,2.8899999999999997
1738205100000000,PAXGUSDT,15m,2762.0,2763.0,2762.0,2763.0,2.1304
1738206000000000,PAXGUSDT,15m,2762.0,2765.0,2762.0,2765.0,5.9284
1738206900000000,PAXGUSDT,15m,2765.0,2765.0,2762.0,2765.0,7.419499999999999
1738207800000000,PAXGUSDT,15m,2764.0,2765.0,2763.0,2764.0,1.7812999999999999
1738208700000000,PAXGUSDT,15m,2764.0,2767.0,2764.0,2766.0,20.288800000000002
1738209600000000,PAXGUSDT,15m,2766.0,2767.0,2765.0,2766.0,15.766
1738210500000000,PAXGUSDT,15m,2766.0,2767.0,2766.0,2767.0,1.5506
1738211400000000,PAXGUSDT,15m,2766.0,2767.0,2765.0,2767.0,2.3554
1738212300000000,PAXGUSDT,15m,2765.0,2767.0,2765.0,2765.0,4.9773
1738213200000000,PAXGUSDT,15m,2765.0,2767.0,2765.0,2767.0,4.1863
1738214100000000,PAXGUSDT,15m,2766.0,2767.0,2765.0,2766.0,2.017
1738215000000000,PAXGUSDT,15m,2765.0,2767.0,2765.0,2767.0,1.7454
1738215900000000,PAXGUSDT,15m,2765.0,2767.0,2765.0,2766.0,2.5893
1738216800000000,PAXGUSDT,15m,2766.0,2767.0,2765.0,2766.0,3.6467
1738217700000000,PAXGUSDT,15m,2765.0,2766.0,2761.0,2763.0,16.1217
1738218600000000,PAXGUSDT,15m,2762.0,2763.0,2761.0,2762.0,1.377
1738219500000000,PAXGUSDT,15m,2761.0,2766.0,2761.0,2764.0,27.4408
1738220400000000,PAXGUSDT,15m,2763.0,2766.0,2763.0,2765.0,4.1274
1738221300000000,PAXGUSDT,15m,2764.0,2766.0,2764.0,2766.0,2.8624
1738222200000000,PAXGUSDT,15m,2765.0,2768.0,2765.0,2766.0,7.8376
1738223100000000,PAXGUSDT,15m,2765.0,2768.0,2765.0,2767.0,3.8159
1738224000000000,PAXGUSDT,15m,2766.0,2770.0,2766.0,2770.0,24.4669
1738224900000000,PAXGUSDT,15m,2769.0,2772.0,2769.0,2772.0,4.9958
1738225800000000,PAXGUSDT,15m,2771.0,2772.0,2771.0,2772.0,4.0011
1738226700000000,PAXGUSDT,15m,2771.0,2775.0,2771.0,2774.0,22.9982
1738227600000000,PAXGUSDT,15m,2773.0,2775.0,2773.0,2775.0,6.3881
1738228500000000,PAXGUSDT,15m,2774.0,2775.0,2774.0,2775.0,5.382000000000001
1738229400000000,PAXGUSDT,15m,2774.0,2775.0,2768.0,2772.0,34.1722
1738230300000000,PAXGUSDT,15m,2772.0,2773.0,2769.0,2772.0,9.7363
1738231200000000,PAXGUSDT,15m,2770.0,2773.0,2770.0,2772.0,6.460000000000001
1738232100000000,PAXGUSDT,15m,2771.0,2775.0,2771.0,2775.0,10.2179
1738233000000000,PAXGUSDT,15m,2774.0,2775.0,2774.0,2775.0,1.891
1738233900000000,PAXGUSDT,15m,2774.0,2775.0,2774.0,2775.0,3.6792
1738234800000000,PAXGUSDT,15m,2774.0,2775.0,2774.0,2775.0,3.2808
1738235700000000,PAXGUSDT,15m,2774.0,2775.0,2774.0,2775.0,1.6644
1738236600000000,PAXGUSDT,15m,2774.0,2775.0,2774.0,2775.0,2.4412000000000003
1738237500000000,PAXGUSDT,15m,2774.0,2775.0,2774.0,2775.0,0.4387
1738238400000000,PAXGUSDT,15m,2774.0,2775.0,2774.0,2775.0,4.5472
1738239300000000,PAXGUSDT,15m,2774.0,2776.0,2774.0,2776.0,13.825
1738240200000000,PAXGUSDT,15m,2775.0,2777.0,2774.0,2776.0,7.291600000000001
1738241100000000,PAXGUSDT,15m,2776.0,2779.0,2776.0,2779.0,11.8414
1738242000000000,PAXGUSDT,15m,2779.0,2779.0,2778.0,2779.0,3.3589
1738242900000000,PAXGUSDT,15m,2778.0,2780.0,2769.0,2777.0,154.8894
1738243800000000,PAXGUSDT,15m,2779.0,2779.0,2775.0,2779.0,8.1408
1738244700000000,PAXGUSDT,15m,2778.0,2780.0,2778.0,2780.0,10.7243
1738245600000000,PAXGUSDT,15m,2780.0,2781.0,2777.0,2778.0,14.547
1738246500000000,PAXGUSDT,15m,2778.0,2781.0,2776.0,2780.0,11.7225
1738247400000000,PAXGUSDT,15m,2781.0,2782.0,2778.0,2778.0,1.6012
1738248300000000,PAXGUSDT,15m,2778.0,2782.0,2776.0,2776.0,47.787
1738249200000000,PAXGUSDT,15m,2777.0,2782.0,2776.0,2781.0,61.4553
1738250100000000,PAXGUSDT,15m,2782.0,2782.0,2781.0,2782.0,21.3289
1738251000000000,PAXGUSDT,15m,2781.0,2784.0,2781.0,2783.0,9.676400000000001
1738251900000000,PAXGUSDT,15m,2783.0,2789.0,2783.0,2789.0,44.901900000000005
1738252800000000,PAXGUSDT,15m,2789.0,2800.0,2789.0,2793.0,124.37719999999999
1738253700000000,PAXGUSDT,15m,2793.0,2793.0,2789.0,2791.0,7.0762
1738254600000000,PAXGUSDT,15m,2789.0,2790.0,2788.0,2788.0,7.635999999999999
1738255500000000,PAXGUSDT,15m,2788.0,2791.0,2788.0,2791.0,5.7232
1738256400000000,PAXGUSDT,15m,2790.0,2791.0,2788.0,2790.0,11.156099999999999
1738257300000000,PAXGUSDT,15m,2789.0,2790.0,2788.0,2788.0,8.669599999999999
1738258200000000,PAXGUSDT,15m,2790.0,2790.0,2788.0,2788.0,5.0953
1738259100000000,PAXGUSDT,15m,2788.0,2791.0,2788.0,2789.0,2.8693
1738260000000000,PAXGUSDT,15m,2789.0,2789.0,2786.0,2787.0,10.9449
1738260900000000,PAXGUSDT,15m,2787.0,2788.0,2786.0,2787.0,10.2194
1738261800000000,PAXGUSDT,15m,2787.0,2787.0,2786.0,2787.0,2.7067
1738262700000000,PAXGUSDT,15m,2786.0,2796.0,2786.0,2795.0,42.1401
1738263600000000,PAXGUSDT,15m,2794.0,2795.0,2793.0,2795.0,28.8807
1738264500000000,PAXGUSDT,15m,2795.0,2795.0,2791.0,2792.0,9.709900000000001
1738265400000000,PAXGUSDT,15m,2792.0,2793.0,2790.0,2791.0,5.6116
1738266300000000,PAXGUSDT,15m,2790.0,2793.0,2788.0,2790.0,16.3182
1738267200000000,PAXGUSDT,15m,2790.0,2791.0,2788.0,2789.0,5.0062999999999995
1738268100000000,PAXGUSDT,15m,2789.0,2790.0,2786.0,2789.0,17.9526
1738269000000000,PAXGUSDT,15m,2790.0,2790.0,2788.0,2788.0,4.1642
1738269900000000,PAXGUSDT,15m,2788.0,2792.0,2788.0,2789.0,9.6563
1738270800000000,PAXGUSDT,15m,2789.0,2792.0,2789.0,2789.0,4.2375
1738271700000000,PAXGUSDT,15m,2790.0,2792.0,2789.0,2792.0,7.6351
1738272600000000,PAXGUSDT,15m,2790.0,2793.0,2790.0,2793.0,2.946
1738273500000000,PAXGUSDT,15m,2792.0,2794.0,2791.0,2794.0,5.9475999999999996
1738274400000000,PAXGUSDT,15m,2794.0,2795.0,2792.0,2795.0,3.0738000000000003
1738275300000000,PAXGUSDT,15m,2793.0,2795.0,2793.0,2795.0,17.583399999999997
1738276200000000,PAXGUSDT,15m,2794.0,2795.0,2793.0,2795.0,1.3046
1738277100000000,PAXGUSDT,15m,2794.0,2795.0,2792.0,2793.0,3.7845
1738278000000000,PAXGUSDT,15m,2793.0,2794.0,2790.0,2792.0,8.4585
1738278900000000,PAXGUSDT,15m,2794.0,2795.0,2792.0,2795.0,8.8571
1738279800000000,PAXGUSDT,15m,2795.0,2795.0,2792.0,2794.0,3.6512
1738280700000000,PAXGUSDT,15m,2792.0,2796.0,2792.0,2794.0,5.6724
1738281600000000,PAXGUSDT,15m,2794.0,2804.0,2794.0,2801.0,58.113800000000005
1738282500000000,PAXGUSDT,15m,2800.0,2802.0,2798.0,2801.0,28.4343
1738283400000000,PAXGUSDT,15m,2800.0,2804.0,2800.0,2802.0,29.1249
1738284300000000,PAXGUSDT,15m,2802.0,2804.0,2800.0,2801.0,24.0709
1738285200000000,PAXGUSDT,15m,2803.0,2804.0,2801.0,2802.0,36.8105
1738286100000000,PAXGUSDT,15m,2802.0,2805.0,2802.0,2802.0,11.5711
1738287000000000,PAXGUSDT,15m,2804.0,2804.0,2801.0,2803.0,14.0195
1738287900000000,PAXGUSDT,15m,2803.0,2803.0,2802.0,2803.0,2.1002
1738288800000000,PAXGUSDT,15m,2803.0,2805.0,2802.0,2805.0,2.1629
1738289700000000,PAXGUSDT,15m,2805.0,2806.0,2803.0,2804.0,4.0847999999999995
1738290600000000,PAXGUSDT,15m,2804.0,2805.0,2802.0,2804.0,4.0817
1738291500000000,PAXGUSDT,15m,2802.0,2803.0,2800.0,2801.0,11.1134
1738292400000000,PAXGUSDT,15m,2802.0,2803.0,2798.0,2799.0,15.3254
1738293300000000,PAXGUSDT,15m,2800.0,2801.0,2798.0,2798.0,5.5749
1738294200000000,PAXGUSDT,15m,2798.0,2803.0,2798.0,2802.0,12.8962
1738295100000000,PAXGUSDT,15m,2803.0,2803.0,2800.0,2802.0,7.2988
1738296000000000,PAXGUSDT,15m,2802.0,2803.0,2798.0,2798.0,8.743
1738296900000000,PAXGUSDT,15m,2799.0,2799.0,2796.0,2798.0,5.4369000000000005
1738297800000000,PAXGUSDT,15m,2799.0,2799.0,2797.0,2798.0,3.8240000000000003
1738298700000000,PAXGUSDT,15m,2797.0,2798.0,2797.0,2798.0,1.792
1738299600000000,PAXGUSDT,15m,2798.0,2799.0,2797.0,2799.0,2.2513
1738300500000000,PAXGUSDT,15m,2798.0,2799.0,2797.0,2797.0,1.6207
1738301400000000,PAXGUSDT,15m,2799.0,2799.0,2797.0,2799.0,9.4345
1738302300000000,PAXGUSDT,15m,2798.0,2799.0,2797.0,2799.0,2.908
1738303200000000,PAXGUSDT,15m,2798.0,2800.0,2797.0,2799.0,4.1402
1738304100000000,PAXGUSDT,15m,2799.0,2801.0,2798.0,2799.0,12.1021
1738305000000000,PAXGUSDT,15m,2799.0,2799.0,2798.0,2799.0,3.6553
1738305900000000,PAXGUSDT,15m,2798.0,2799.0,2793.0,2795.0,14.0278
1738306800000000,PAXGUSDT,15m,2795.0,2797.0,2795.0,2796.0,3.5069
1738307700000000,PAXGUSDT,15m,2797.0,2800.0,2796.0,2799.0,3.0845000000000002
1738308600000000,PAXGUSDT,15m,2798.0,2799.0,2798.0,2799.0,5.2274
1738309500000000,PAXGUSDT,15m,2798.0,2799.0,2796.0,2796.0,2.9516
1738310400000000,PAXGUSDT,15m,2797.0,2799.0,2796.0,2798.0,4.3048
1738311300000000,PAXGUSDT,15m,2797.0,2798.0,2796.0,2796.0,5.6279
1738312200000000,PAXGUSDT,15m,2796.0,2798.0,2793.0,2793.0,14.3979
1738313100000000,PAXGUSDT,15m,2793.0,2794.0,2791.0,2792.0,4.3288
1738314000000000,PAXGUSDT,15m,2792.0,2793.0,2791.0,2792.0,17.0758
1738314900000000,PAXGUSDT,15m,2793.0,2793.0,2790.0,2790.0,14.4271
1738315800000000,PAXGUSDT,15m,2791.0,2801.0,2790.0,2801.0,77.72149999999999
1738316700000000,PAXGUSDT,15m,2800.0,2806.0,2799.0,2801.0,105.9315
1738317600000000,PAXGUSDT,15m,2800.0,2801.0,2794.0,2798.0,69.5604
1738318500000000,PAXGUSDT,15m,2800.0,2801.0,2798.0,2798.0,6.5911
1738319400000000,PAXGUSDT,15m,2798.0,2800.0,2795.0,2797.0,2.6076
1738320300000000,PAXGUSDT,15m,2796.0,2797.0,2792.0,2794.0,19.6814
1738321200000000,PAXGUSDT,15m,2794.0,2799.0,2794.0,2797.0,22.6498
1738322100000000,PAXGUSDT,15m,2797.0,2801.0,2795.0,2800.0,20.5531
1738323000000000,PAXGUSDT,15m,2800.0,2803.0,2800.0,2801.0,4.8923
1738323900000000,PAXGUSDT,15m,2802.0,2805.0,2800.0,2805.0,12.000300000000001
1738324800000000,PAXGUSDT,15m,2804.0,2806.0,2803.0,2804.0,7.5093
1738325700000000,PAXGUSDT,15m,2804.0,2809.0,2804.0,2807.0,38.443
1738326600000000,PAXGUSDT,15m,2807.0,2815.0,2806.0,2813.0,55.758399999999995
1738327500000000,PAXGUSDT,15m,2814.0,2819.0,2813.0,2815.0,61.9443
1738328400000000,PAXGUSDT,15m,2815.0,2815.0,2808.0,2810.0,47.493900000000004
1738329300000000,PAXGUSDT,15m,2810.0,2811.0,2806.0,2810.0,9.5974
1738330200000000,PAXGUSDT,15m,2810.0,2812.0,2808.0,2809.0,10.621400000000001
1738331100000000,PAXGUSDT,15m,2810.0,2811.0,2808.0,2809.0,5.5973
1738332000000000,PAXGUSDT,15m,2808.0,2813.0,2807.0,2809.0,16.9057
1738332900000000,PAXGUSDT,15m,2811.0,2811.0,2809.0,2809.0,1.8635
1738333800000000,PAXGUSDT,15m,2809.0,2812.0,2808.0,2810.0,10.2623
1738334700000000,PAXGUSDT,15m,2809.0,2812.0,2809.0,2812.0,4.6366000000000005
1738335600000000,PAXGUSDT,15m,2812.0,2815.0,2812.0,2814.0,57.7831
1738336500000000,PAXGUSDT,15m,2815.0,2818.0,2814.0,2817.0,22.2899
1738337400000000,PAXGUSDT,15m,2817.0,2818.0,2813.0,2815.0,42.6434
1738338300000000,PAXGUSDT,15m,2813.0,2817.0,2810.0,2816.0,21.3419
1738339200000000,PAXGUSDT,15m,2814.0,2815.0,2812.0,2812.0,5.2552
1738340100000000,PAXGUSDT,15m,2813.0,2814.0,2811.0,2811.0,18.240000000000002
1738341000000000,PAXGUSDT,15m,2812.0,2813.0,2811.0,2813.0,1.5261
1738341900000000,PAXGUSDT,15m,2811.0,2813.0,2811.0,2813.0,13.1721
1738342800000000,PAXGUSDT,15m,2814.0,2814.0,2810.0,2810.0,3.7226999999999997
1738343700000000,PAXGUSDT,15m,2812.0,2814.0,2810.0,2813.0,14.868300000000001
1738344600000000,PAXGUSDT,15m,2813.0,2817.0,2812.0,2816.0,9.8238
1738345500000000,PAXGUSDT,15m,2815.0,2816.0,2810.0,2815.0,19.119
1738346400000000,PAXGUSDT,15m,2816.0,2816.0,2811.0,2812.0,29.6377
1738347300000000,PAXGUSDT,15m,2812.0,2813.0,2810.0,2810.0,105.29310000000001
1738348200000000,PAXGUSDT,15m,2810.0,2811.0,2801.0,2805.0,196.4003
1738349100000000,PAXGUSDT,15m,2805.0,2810.0,2799.0,2803.0,25.0008
1738350000000000,PAXGUSDT,15m,2803.0,2805.0,2801.0,2803.0,5.226100000000001
1738350900000000,PAXGUSDT,15m,2803.0,2806.0,2803.0,2805.0,6.6116
1738351800000000,PAXGUSDT,15m,2805.0,2807.0,2804.0,2804.0,23.040499999999998
1738352700000000,PAXGUSDT,15m,2803.0,2804.0,2800.0,2804.0,9.092600000000001
1738353600000000,PAXGUSDT,15m,2804.0,2804.0,2801.0,2802.0,4.8535
1738354500000000,PAXGUSDT,15m,2801.0,2802.0,2798.0,2799.0,7.0266
1738355400000000,PAXGUSDT,15m,2799.0,2804.0,2799.0,2804.0,8.057
1738356300000000,PAXGUSDT,15m,2804.0,2804.0,2802.0,2802.0,5.5838
1738357200000000,PAXGUSDT,15m,2804.0,2804.0,2801.0,2802.0,5.9832
1738358100000000,PAXGUSDT,15m,2802.0,2803.0,2800.0,2801.0,6.9781
1738359000000000,PAXGUSDT,15m,2800.0,2802.0,2799.0,2802.0,7.864
1738359900000000,PAXGUSDT,15m,2802.0,2803.0,2800.0,2803.0,1.9534
1738360800000000,PAXGUSDT,15m,2803.0,2804.0,2802.0,2803.0,5.1055
1738361700000000,PAXGUSDT,15m,2804.0,2808.0,2803.0,2806.0,7.4808
1738362600000000,PAXGUSDT,15m,2807.0,2808.0,2806.0,2808.0,11.623099999999999
1738363500000000,PAXGUSDT,15m,2808.0,2810.0,2803.0,2803.0,12.001999999999999
1738364400000000,PAXGUSDT,15m,2805.0,2806.0,2803.0,2804.0,3.4261
1738365300000000,PAXGUSDT,15m,2805.0,2806.0,2803.0,2804.0,2.6708
1738366200000000,PAXGUSDT,15m,2803.0,2804.0,2803.0,2804.0,3.343
1738367100000000,PAXGUSDT,15m,2803.0,2805.0,2803.0,2805.0,4.6103000000000005
1738368000000000,PAXGUSDT,15m,2805.0,2805.0,2804.0,2805.0,0.7437
1738368900000000,PAXGUSDT,15m,2805.0,2805.0,2804.0,2805.0,0.3685
1738369800000000,PAXGUSDT,15m,2805.0,2812.0,2804.0,2806.0,23.2153
1738370700000000,PAXGUSDT,15m,2806.0,2806.0,2805.0,2806.0,2.0153
1738371600000000,PAXGUSDT,15m,2806.0,2806.0,2805.0,2805.0,0.8916000000000001
1738372500000000,PAXGUSDT,15m,2806.0,2806.0,2805.0,2806.0,0.6702
1738373400000000,PAXGUSDT,15m,2805.0,2806.0,2804.0,2806.0,6.5039
1738374300000000,PAXGUSDT,15m,2805.0,2806.0,2805.0,2806.0,0.41509999999999997
1738375200000000,PAXGUSDT,15m,2806.0,2806.0,2805.0,2806.0,2.1649
1738376100000000,PAXGUSDT,15m,2805.0,2806.0,2805.0,2805.0,1.459
1738377000000000,PAXGUSDT,15m,2805.0,2810.0,2805.0,2809.0,8.457699999999999
1738377900000000,PAXGUSDT,15m,2809.0,2810.0,2808.0,2809.0,16.090799999999998
1738378800000000,PAXGUSDT,15m,2810.0,2811.0,2809.0,2809.0,14.616699999999998
1738379700000000,PAXGUSDT,15m,2810.0,2810.0,2809.0,2809.0,3.6264
1738380600000000,PAXGUSDT,15m,2809.0,2810.0,2809.0,2810.0,13.6227
1738381500000000,PAXGUSDT,15m,2809.0,2811.0,2809.0,2810.0,20.5196
1738382400000000,PAXGUSDT,15m,2811.0,2811.0,2809.0,2810.0,27.2027
1738383300000000,PAXGUSDT,15m,2809.0,2810.0,2809.0,2810.0,1.1488
1738384200000000,PAXGUSDT,15m,2809.0,2811.0,2809.0,2811.0,3.677
1738385100000000,PAXGUSDT,15m,2811.0,2811.0,2810.0,2811.0,0.5152
1738386000000000,PAXGUSDT,15m,2811.0,2811.0,2810.0,2810.0,1.0191999999999999
1738386900000000,PAXGUSDT,15m,2810.0,2811.0,2809.0,2809.0,2.5164
1738387800000000,PAXGUSDT,15m,2810.0,2815.0,2810.0,2813.0,28.736500000000003
1738388700000000,PAXGUSDT,15m,2813.0,2813.0,2812.0,2813.0,0.2813
1738389600000000,PAXGUSDT,15m,2813.0,2814.0,2812.0,2812.0,1.8485
1738390500000000,PAXGUSDT,15m,2813.0,2813.0,2809.0,2810.0,4.815
1738391400000000,PAXGUSDT,15m,2810.0,2811.0,2810.0,2811.0,2.2161999999999997
1738392300000000,PAXGUSDT,15m,2811.0,2811.0,2810.0,2810.0,0.4746
1738393200000000,PAXGUSDT,15m,2811.0,2812.0,2810.0,2811.0,1.8119
1738394100000000,PAXGUSDT,15m,2811.0,2812.0,2811.0,2811.0,1.3569
1738395000000000,PAXGUSDT,15m,2811.0,2812.0,2810.0,2811.0,1.5358
1738395900000000,PAXGUSDT,15m,2812.0,2813.0,2810.0,2812.0,2.3998999999999997
1738396800000000,PAXGUSDT,15m,2812.0,2814.0,2812.0,2814.0,2.4032
1738397700000000,PAXGUSDT,15m,2813.0,2814.0,2811.0,2811.0,18.8551
1738398600000000,PAXGUSDT,15m,2812.0,2814.0,2810.0,2812.0,5.1345
1738399500000000,PAXGUSDT,15m,2811.0,2823.0,2811.0,2819.0,68.6961
1738400400000000,PAXGUSDT,15m,2819.0,2819.0,2813.0,2814.0,8.572
1738401300000000,PAXGUSDT,15m,2814.0,2814.0,2811.0,2813.0,3.8123
1738402200000000,PAXGUSDT,15m,2812.0,2816.0,2810.0,2812.0,18.3759
1738403100000000,PAXGUSDT,15m,2812.0,2812.0,2810.0,2811.0,15.5742
1738404000000000,PAXGUSDT,15m,2811.0,2812.0,2809.0,2810.0,15.3569
1738404900000000,PAXGUSDT,15m,2811.0,2811.0,2809.0,2809.0,2.2471
1738405800000000,PAXGUSDT,15m,2810.0,2812.0,2809.0,2811.0,10.9043
1738406700000000,PAXGUSDT,15m,2810.0,2811.0,2808.0,2808.0,4.2476
1738407600000000,PAXGUSDT,15m,2809.0,2810.0,2807.0,2810.0,8.4247
1738408500000000,PAXGUSDT,15m,2809.0,2813.0,2809.0,2812.0,9.3282
1738409400000000,PAXGUSDT,15m,2813.0,2813.0,2811.0,2811.0,1.8949
1738410300000000,PAXGUSDT,15m,2812.0,2813.0,2811.0,2811.0,8.2903
1738411200000000,PAXGUSDT,15m,2811.0,2811.0,2810.0,2810.0,1.2877
1738412100000000,PAXGUSDT,15m,2810.0,2813.0,2810.0,2811.0,3.9959
1738413000000000,PAXGUSDT,15m,2811.0,2815.0,2811.0,2814.0,5.1766
1738413900000000,PAXGUSDT,15m,2814.0,2816.0,2813.0,2815.0,6.641
1738414800000000,PAXGUSDT,15m,2816.0,2817.0,2815.0,2817.0,1.1773
1738415700000000,PAXGUSDT,15m,2817.0,2830.0,2815.0,2819.0,34.1357
1738416600000000,PAXGUSDT,15m,2819.0,2822.0,2812.0,2817.0,31.615299999999998
1738417500000000,PAXGUSDT,15m,2816.0,2816.0,2812.0,2814.0,12.8028
1738418400000000,PAXGUSDT,15m,2815.0,2817.0,2814.0,2815.0,1.9803000000000002
1738419300000000,PAXGUSDT,15m,2817.0,2817.0,2813.0,2814.0,6.431699999999999
1738420200000000,PAXGUSDT,15m,2814.0,2817.0,2814.0,2816.0,3.9523
1738421100000000,PAXGUSDT,15m,2816.0,2817.0,2811.0,2813.0,23.0762
1738422000000000,PAXGUSDT,15m,2811.0,2813.0,2802.0,2808.0,30.405
1738422900000000,PAXGUSDT,15m,2808.0,2809.0,2804.0,2806.0,2.7675
1738423800000000,PAXGUSDT,15m,2806.0,2809.0,2804.0,2806.0,12.3737
1738424700000000,PAXGUSDT,15m,2806.0,2807.0,2805.0,2807.0,2.2746
1738425600000000,PAXGUSDT,15m,2807.0,2810.0,2806.0,2809.0,8.0127
1738426500000000,PAXGUSDT,15m,2810.0,2810.0,2802.0,2806.0,28.468
1738427400000000,PAXGUSDT,15m,2805.0,2807.0,2805.0,2807.0,1.0236
1738428300000000,PAXGUSDT,15m,2807.0,2807.0,2805.0,2806.0,1.3014
1738429200000000,PAXGUSDT,15m,2807.0,2811.0,2806.0,2809.0,8.7281
1738430100000000,PAXGUSDT,15m,2809.0,2809.0,2805.0,2807.0,7.2592
1738431000000000,PAXGUSDT,15m,2807.0,2813.0,2807.0,2810.0,5.6617
1738431900000000,PAXGUSDT,15m,2813.0,2814.0,2810.0,2812.0,12.9074
1738432800000000,PAXGUSDT,15m,2812.0,2813.0,2810.0,2813.0,2.5996
1738433700000000,PAXGUSDT,15m,2813.0,2813.0,2809.0,2809.0,2.9129
1738434600000000,PAXGUSDT,15m,2809.0,2811.0,2808.0,2808.0,2.5038
1738435500000000,PAXGUSDT,15m,2808.0,2811.0,2807.0,2808.0,7.342899999999999
1738436400000000,PAXGUSDT,15m,2808.0,2811.0,2808.0,2808.0,11.392900000000001
1738437300000000,PAXGUSDT,15m,2809.0,2809.0,2803.0,2804.0,19.6308
1738438200000000,PAXGUSDT,15m,2804.0,2806.0,2800.0,2801.0,12.321299999999999
1738439100000000,PAXGUSDT,15m,2802.0,2812.0,2800.0,2805.0,28.7765
1738440000000000,PAXGUSDT,15m,2805.0,2816.0,2801.0,2811.0,42.452600000000004
1738440900000000,PAXGUSDT,15m,2809.0,2817.0,2808.0,2814.0,36.5902
1738441800000000,PAXGUSDT,15m,2812.0,2829.0,2809.0,2822.0,88.7662
1738442700000000,PAXGUSDT,15m,2823.0,2825.0,2818.0,2822.0,35.3153
1738443600000000,PAXGUSDT,15m,2822.0,2829.0,2817.0,2823.0,32.2573
1738444500000000,PAXGUSDT,15m,2824.0,2830.0,2822.0,2825.0,33.4402
1738445400000000,PAXGUSDT,15m,2827.0,2828.0,2824.0,2824.0,3.36
1738446300000000,PAXGUSDT,15m,2825.0,2828.0,2821.0,2821.0,6.7120999999999995
1738447200000000,PAXGUSDT,15m,2823.0,2823.0,2817.0,2817.0,3.4232
1738448100000000,PAXGUSDT,15m,2818.0,2819.0,2814.0,2815.0,8.7314
1738449000000000,PAXGUSDT,15m,2816.0,2820.0,2814.0,2819.0,14.9584
1738449900000000,PAXGUSDT,15m,2818.0,2825.0,2814.0,2814.0,20.6278
1738450800000000,PAXGUSDT,15m,2816.0,2819.0,2809.0,2812.0,21.8372
1738451700000000,PAXGUSDT,15m,2811.0,2813.0,2808.0,2813.0,10.6433
1738452600000000,PAXGUSDT,15m,2813.0,2819.0,2811.0,2819.0,8.5061
1738453500000000,PAXGUSDT,15m,2818.0,2820.0,2815.0,2819.0,13.1359
1738454400000000,PAXGUSDT,15m,2819.0,2830.0,2817.0,2821.0,55.5443
1738455300000000,PAXGUSDT,15m,2823.0,2833.0,2821.0,2833.0,42.6579
1738456200000000,PAXGUSDT,15m,2832.0,2835.0,2830.0,2831.0,67.9361
1738457100000000,PAXGUSDT,15m,2831.0,2835.0,2829.0,2834.0,12.9296
1738458000000000,PAXGUSDT,15m,2833.0,2840.0,2832.0,2838.0,68.0887
1738458900000000,PAXGUSDT,15m,2840.0,2840.0,2835.0,2835.0,55.192499999999995
1738459800000000,PAXGUSDT,15m,2835.0,2836.0,2832.0,2832.0,3.7968
1738460700000000,PAXGUSDT,15m,2832.0,2838.0,2832.0,2838.0,6.5042
1738461600000000,PAXGUSDT,15m,2837.0,2839.0,2832.0,2833.0,9.3897
1738462500000000,PAXGUSDT,15m,2833.0,2836.0,2828.0,2836.0,9.5999
1738463400000000,PAXGUSDT,15m,2836.0,2838.0,2831.0,2837.0,38.6194
1738464300000000,PAXGUSDT,15m,2838.0,2840.0,2836.0,2836.0,44.2739
1738465200000000,PAXGUSDT,15m,2838.0,2838.0,2820.0,2820.0,39.9292
1738466100000000,PAXGUSDT,15m,2821.0,2836.0,2821.0,2824.0,98.0401
1738467000000000,PAXGUSDT,15m,2823.0,2835.0,2823.0,2831.0,24.970299999999998
1738467900000000,PAXGUSDT,15m,2832.0,2833.0,2825.0,2826.0,7.8787
1738468800000000,PAXGUSDT,15m,2825.0,2839.0,2825.0,2833.0,41.234
1738469700000000,PAXGUSDT,15m,2833.0,2837.0,2820.0,2834.0,38.37779999999999
1738470600000000,PAXGUSDT,15m,2834.0,2836.0,2831.0,2833.0,2.9966
1738471500000000,PAXGUSDT,15m,2834.0,2834.0,2830.0,2833.0,4.1852
1738472400000000,PAXGUSDT,15m,2833.0,2834.0,2831.0,2833.0,3.5609
1738473300000000,PAXGUSDT,15m,2834.0,2835.0,2831.0,2834.0,15.330499999999999
1738474200000000,PAXGUSDT,15m,2834.0,2834.0,2827.0,2831.0,25.6299
1738475100000000,PAXGUSDT,15m,2831.0,2834.0,2829.0,2832.0,14.813
1738476000000000,PAXGUSDT,15m,2830.0,2838.0,2829.0,2834.0,36.3318
1738476900000000,PAXGUSDT,15m,2835.0,2836.0,2832.0,2832.0,8.4543
1738477800000000,PAXGUSDT,15m,2834.0,2834.0,2828.0,2830.0,21.1662
1738478700000000,PAXGUSDT,15m,2830.0,2831.0,2829.0,2830.0,1.8691
1738479600000000,PAXGUSDT,15m,2830.0,2831.0,2829.0,2830.0,1.1129
1738480500000000,PAXGUSDT,15m,2830.0,2831.0,2829.0,2830.0,4.1018
1738481400000000,PAXGUSDT,15m,2830.0,2831.0,2828.0,2831.0,5.4593
1738482300000000,PAXGUSDT,15m,2831.0,2840.0,2830.0,2837.0,76.7457
1738483200000000,PAXGUSDT,15m,2838.0,2843.0,2835.0,2843.0,80.8331
1738484100000000,PAXGUSDT,15m,2842.0,2848.0,2842.0,2847.0,110.8807
1738485000000000,PAXGUSDT,15m,2847.0,2854.0,2846.0,2850.0,187.907
1738485900000000,PAXGUSDT,15m,2850.0,2851.0,2834.0,2843.0,95.0302
1738486800000000,PAXGUSDT,15m,2842.0,2845.0,2839.0,2843.0,16.125799999999998
1738487700000000,PAXGUSDT,15m,2845.0,2860.0,2843.0,2850.0,95.9655
1738488600000000,PAXGUSDT,15m,2849.0,2870.0,2847.0,2849.0,56.397999999999996
1738489500000000,PAXGUSDT,15m,2849.0,2849.0,2836.0,2838.0,30.7367
1738490400000000,PAXGUSDT,15m,2839.0,2850.0,2836.0,2845.0,48.341
1738491300000000,PAXGUSDT,15m,2844.0,2850.0,2840.0,2850.0,20.008999999999997
1738492200000000,PAXGUSDT,15m,2849.0,2850.0,2832.0,2844.0,74.21900000000001
1738493100000000,PAXGUSDT,15m,2844.0,2850.0,2844.0,2850.0,37.9324
1738494000000000,PAXGUSDT,15m,2850.0,2851.0,2848.0,2851.0,8.75
1738494900000000,PAXGUSDT,15m,2851.0,2856.0,2849.0,2854.0,26.5777
1738495800000000,PAXGUSDT,15m,2854.0,2860.0,2850.0,2855.0,91.9013
1738496700000000,PAXGUSDT,15m,2856.0,2868.0,2852.0,2861.0,141.81889999999999
1738497600000000,PAXGUSDT,15m,2861.0,2877.0,2859.0,2874.0,144.2096
1738498500000000,PAXGUSDT,15m,2873.0,2876.0,2850.0,2865.0,137.6474
1738499400000000,PAXGUSDT,15m,2865.0,2868.0,2852.0,2862.0,69.5364
1738500300000000,PAXGUSDT,15m,2861.0,2866.0,2853.0,2861.0,44.3484
1738501200000000,PAXGUSDT,15m,2862.0,2865.0,2858.0,2862.0,38.7043
1738502100000000,PAXGUSDT,15m,2862.0,2865.0,2860.0,2865.0,21.7102
1738503000000000,PAXGUSDT,15m,2864.0,2865.0,2860.0,2861.0,37.0621
1738503900000000,PAXGUSDT,15m,2862.0,2865.0,2861.0,2864.0,18.7309
1738504800000000,PAXGUSDT,15m,2864.0,2885.0,2863.0,2871.0,316.912
1738505700000000,PAXGUSDT,15m,2872.0,2876.0,2860.0,2864.0,24.7678
1738506600000000,PAXGUSDT,15m,2864.0,2870.0,2861.0,2863.0,14.341099999999999
1738507500000000,PAXGUSDT,15m,2863.0,2876.0,2863.0,2876.0,49.9844
1738508400000000,PAXGUSDT,15m,2876.0,2890.0,2874.0,2883.0,100.96679999999999
1738509300000000,PAXGUSDT,15m,2883.0,2885.0,2876.0,2877.0,67.9674
1738510200000000,PAXGUSDT,15m,2877.0,2885.0,2875.0,2875.0,32.4672
1738511100000000,PAXGUSDT,15m,2875.0,2885.0,2874.0,2883.0,32.9716
1738512000000000,PAXGUSDT,15m,2882.0,2895.0,2875.0,2883.0,88.21199999999999
1738512900000000,PAXGUSDT,15m,2883.0,2896.0,2882.0,2889.0,130.1282
1738513800000000,PAXGUSDT,15m,2890.0,2910.0,2885.0,2896.0,195.4706
1738514700000000,PAXGUSDT,15m,2896.0,2896.0,2880.0,2894.0,60.0095
1738515600000000,PAXGUSDT,15m,2894.0,2919.0,2889.0,2905.0,209.0433
1738516500000000,PAXGUSDT,15m,2904.0,2905.0,2881.0,2896.0,169.4013
1738517400000000,PAXGUSDT,15m,2896.0,2908.0,2891.0,2908.0,208.5818
1738518300000000,PAXGUSDT,15m,2908.0,2908.0,2871.0,2872.0,221.8628
1738519200000000,PAXGUSDT,15m,2872.0,2894.0,2851.0,2894.0,234.8188
1738520100000000,PAXGUSDT,15m,2892.0,2899.0,2884.0,2899.0,67.5116
1738521000000000,PAXGUSDT,15m,2898.0,2923.0,2893.0,2898.0,184.4608
1738521900000000,PAXGUSDT,15m,2900.0,2936.0,2900.0,2935.0,206.5424
1738522800000000,PAXGUSDT,15m,2936.0,2946.0,2892.0,2909.0,408.798
1738523700000000,PAXGUSDT,15m,2908.0,2908.0,2866.0,2889.0,175.8192
1738524600000000,PAXGUSDT,15m,2888.0,2899.0,2867.0,2891.0,149.0474
1738525500000000,PAXGUSDT,15m,2891.0,2896.0,2869.0,2892.0,63.061499999999995
1738526400000000,PAXGUSDT,15m,2894.0,2897.0,2882.0,2884.0,49.4646
1738527300000000,PAXGUSDT,15m,2884.0,2895.0,2883.0,2894.0,60.579800000000006
1738528200000000,PAXGUSDT,15m,2893.0,2898.0,2886.0,2894.0,28.748800000000003
1738529100000000,PAXGUSDT,15m,2892.0,2899.0,2888.0,2889.0,37.509299999999996
1738530000000000,PAXGUSDT,15m,2889.0,2900.0,2887.0,2887.0,37.5753
1738530900000000,PAXGUSDT,15m,2887.0,2907.0,2883.0,2904.0,75.0345
1738531800000000,PAXGUSDT,15m,2904.0,2932.0,2892.0,2902.0,188.5462
1738532700000000,PAXGUSDT,15m,2903.0,2930.0,2903.0,2915.0,120.299
1738533600000000,PAXGUSDT,15m,2918.0,2931.0,2908.0,2919.0,55.0621
1738534500000000,PAXGUSDT,15m,2921.0,2938.0,2913.0,2918.0,65.328
1738535400000000,PAXGUSDT,15m,2916.0,2939.0,2903.0,2908.0,116.6656
1738536300000000,PAXGUSDT,15m,2907.0,2924.0,2900.0,2913.0,96.7656
1738537200000000,PAXGUSDT,15m,2913.0,2913.0,2837.0,2843.0,378.9108
1738538100000000,PAXGUSDT,15m,2843.0,2844.0,2834.0,2839.0,199.5539
1738539000000000,PAXGUSDT,15m,2838.0,2840.0,2817.0,2825.0,416.1793
1738539900000000,PAXGUSDT,15m,2826.0,2828.0,2808.0,2818.0,321.5211
1738540800000000,PAXGUSDT,15m,2816.0,2818.0,2800.0,2815.0,162.4624
1738541700000000,PAXGUSDT,15m,2814.0,2819.0,2806.0,2814.0,55.0741
1738542600000000,PAXGUSDT,15m,2813.0,2819.0,2808.0,2811.0,42.549
1738543500000000,PAXGUSDT,15m,2810.0,2816.0,2806.0,2808.0,76.84309999999999
1738544400000000,PAXGUSDT,15m,2809.0,2811.0,2799.0,2800.0,90.56400000000001
1738545300000000,PAXGUSDT,15m,2801.0,2812.0,2798.0,2803.0,48.2904
1738546200000000,PAXGUSDT,15m,2803.0,2810.0,2800.0,2800.0,33.872299999999996
1738547100000000,PAXGUSDT,15m,2802.0,2802.0,2773.0,2786.0,472.0871
1738548000000000,PAXGUSDT,15m,2787.0,2802.0,2780.0,2797.0,156.2754
1738548900000000,PAXGUSDT,15m,2797.0,2807.0,2785.0,2789.0,113.4585
1738549800000000,PAXGUSDT,15m,2787.0,2792.0,2778.0,2782.0,63.9523
1738550700000000,PAXGUSDT,15m,2782.0,2784.0,2772.0,2777.0,68.9482
1738551600000000,PAXGUSDT,15m,2776.0,2780.0,2773.0,2777.0,26.1224
1738552500000000,PAXGUSDT,15m,2777.0,2784.0,2774.0,2775.0,107.1798
1738553400000000,PAXGUSDT,15m,2777.0,2779.0,2774.0,2778.0,14.9295
1738554300000000,PAXGUSDT,15m,2776.0,2783.0,2775.0,2780.0,16.3828
1738555200000000,PAXGUSDT,15m,2780.0,2790.0,2774.0,2778.0,63.0696
1738556100000000,PAXGUSDT,15m,2781.0,2792.0,2779.0,2783.0,58.6201
1738557000000000,PAXGUSDT,15m,2783.0,2785.0,2778.0,2785.0,36.2987
1738557900000000,PAXGUSDT,15m,2783.0,2791.0,2780.0,2783.0,62.0731
1738558800000000,PAXGUSDT,15m,2783.0,2792.0,2780.0,2786.0,62.3149
1738559700000000,PAXGUSDT,15m,2786.0,2798.0,2785.0,2788.0,55.740700000000004
1738560600000000,PAXGUSDT,15m,2789.0,2800.0,2779.0,2794.0,93.71549999999999
1738561500000000,PAXGUSDT,15m,2794.0,2797.0,2787.0,2795.0,63.2441
1738562400000000,PAXGUSDT,15m,2795.0,2801.0,2792.0,2799.0,35.4099
1738563300000000,PAXGUSDT,15m,2797.0,2809.0,2797.0,2808.0,68.9291
1738564200000000,PAXGUSDT,15m,2806.0,2810.0,2805.0,2809.0,55.7375
1738565100000000,PAXGUSDT,15m,2810.0,2821.0,2805.0,2807.0,130.5537
1738566000000000,PAXGUSDT,15m,2807.0,2819.0,2804.0,2809.0,65.6494
1738566900000000,PAXGUSDT,15m,2811.0,2813.0,2806.0,2807.0,37.2308
1738567800000000,PAXGUSDT,15m,2808.0,2809.0,2801.0,2803.0,35.1168
1738568700000000,PAXGUSDT,15m,2803.0,2805.0,2799.0,2803.0,53.808
1738569600000000,PAXGUSDT,15m,2803.0,2807.0,2800.0,2807.0,34.9741
1738570500000000,PAXGUSDT,15m,2806.0,2821.0,2804.0,2812.0,67.4988
1738571400000000,PAXGUSDT,15m,2811.0,2814.0,2806.0,2808.0,54.7924
1738572300000000,PAXGUSDT,15m,2810.0,2819.0,2808.0,2818.0,36.109700000000004
1738573200000000,PAXGUSDT,15m,2817.0,2819.0,2811.0,2813.0,20.4585
1738574100000000,PAXGUSDT,15m,2812.0,2813.0,2807.0,2811.0,20.9397
1738575000000000,PAXGUSDT,15m,2811.0,2814.0,2810.0,2810.0,14.860899999999999
1738575900000000,PAXGUSDT,15m,2810.0,2814.0,2804.0,2808.0,36.795
1738576800000000,PAXGUSDT,15m,2807.0,2808.0,2803.0,2805.0,21.8022
1738577700000000,PAXGUSDT,15m,2807.0,2814.0,2805.0,2810.0,15.3051
1738578600000000,PAXGUSDT,15m,2810.0,2817.0,2808.0,2816.0,79.4598
1738579500000000,PAXGUSDT,15m,2816.0,2817.0,2810.0,2812.0,49.3854
1738580400000000,PAXGUSDT,15m,2814.0,2829.0,2812.0,2824.0,84.0713
1738581300000000,PAXGUSDT,15m,2824.0,2829.0,2815.0,2816.0,37.3933
1738582200000000,PAXGUSDT,15m,2816.0,2827.0,2811.0,2818.0,61.6834
1738583100000000,PAXGUSDT,15m,2818.0,2826.0,2817.0,2823.0,63.2185
1738584000000000,PAXGUSDT,15m,2823.0,2824.0,2811.0,2819.0,67.7947
1738584900000000,PAXGUSDT,15m,2820.0,2825.0,2816.0,2822.0,25.1665
1738585800000000,PAXGUSDT,15m,2822.0,2825.0,2820.0,2825.0,9.6417
1738586700000000,PAXGUSDT,15m,2825.0,2830.0,2821.0,2823.0,43.495200000000004
1738587600000000,PAXGUSDT,15m,2823.0,2831.0,2823.0,2826.0,54.71360000000001
1738588500000000,PAXGUSDT,15m,2826.0,2828.0,2819.0,2824.0,78.4802
1738589400000000,PAXGUSDT,15m,2823.0,2832.0,2823.0,2832.0,56.3177
1738590300000000,PAXGUSDT,15m,2832.0,2833.0,2828.0,2832.0,45.2384
1738591200000000,PAXGUSDT,15m,2832.0,2832.0,2823.0,2827.0,52.2041
1738592100000000,PAXGUSDT,15m,2826.0,2830.0,2826.0,2828.0,47.9696
1738593000000000,PAXGUSDT,15m,2828.0,2833.0,2824.0,2827.0,117.5253
1738593900000000,PAXGUSDT,15m,2828.0,2839.0,2826.0,2836.0,126.789
1738594800000000,PAXGUSDT,15m,2836.0,2850.0,2835.0,2845.0,300.3781
1738595700000000,PAXGUSDT,15m,2846.0,2847.0,2833.0,2836.0,151.6988
1738596600000000,PAXGUSDT,15m,2837.0,2842.0,2831.0,2837.0,205.3317
1738597500000000,PAXGUSDT,15m,2836.0,2843.0,2835.0,2840.0,92.3432
1738598400000000,PAXGUSDT,15m,2839.0,2844.0,2834.0,2835.0,60.1151
1738599300000000,PAXGUSDT,15m,2835.0,2840.0,2829.0,2835.0,83.4487
1738600200000000,PAXGUSDT,15m,2834.0,2840.0,2834.0,2838.0,27.4327
1738601100000000,PAXGUSDT,15m,2838.0,2839.0,2833.0,2837.0,37.6418
1738602000000000,PAXGUSDT,15m,2837.0,2839.0,2829.0,2830.0,35.2471
1738602900000000,PAXGUSDT,15m,2829.0,2832.0,2828.0,2831.0,29.8613
1738603800000000,PAXGUSDT,15m,2830.0,2832.0,2828.0,2832.0,28.3007
1738604700000000,PAXGUSDT,15m,2831.0,2837.0,2830.0,2836.0,15.459700000000002
1738605600000000,PAXGUSDT,15m,2837.0,2838.0,2835.0,2836.0,27.3875
1738606500000000,PAXGUSDT,15m,2836.0,2836.0,2833.0,2834.0,12.6838
1738607400000000,PAXGUSDT,15m,2833.0,2837.0,2833.0,2836.0,7.454599999999999
1738608300000000,PAXGUSDT,15m,2836.0,2836.0,2833.0,2834.0,376.639
1738609200000000,PAXGUSDT,15m,2835.0,2840.0,2831.0,2835.0,45.3799
1738610100000000,PAXGUSDT,15m,2833.0,2835.0,2830.0,2831.0,39.4718
1738611000000000,PAXGUSDT,15m,2831.0,2835.0,2830.0,2830.0,24.926399999999997
1738611900000000,PAXGUSDT,15m,2830.0,2833.0,2828.0,2833.0,53.6462
1738612800000000,PAXGUSDT,15m,2830.0,2832.0,2827.0,2829.0,20.664
1738613700000000,PAXGUSDT,15m,2829.0,2830.0,2825.0,2826.0,20.227899999999998
1738614600000000,PAXGUSDT,15m,2826.0,2827.0,2824.0,2826.0,34.0053
1738615500000000,PAXGUSDT,15m,2826.0,2831.0,2826.0,2828.0,15.937899999999999
1738616400000000,PAXGUSDT,15m,2830.0,2834.0,2826.0,2827.0,16.4671
1738617300000000,PAXGUSDT,15m,2827.0,2830.0,2825.0,2827.0,7.3473999999999995
1738618200000000,PAXGUSDT,15m,2826.0,2831.0,2826.0,2826.0,8.2714
1738619100000000,PAXGUSDT,15m,2826.0,2835.0,2826.0,2832.0,25.7704
1738620000000000,PAXGUSDT,15m,2832.0,2836.0,2821.0,2826.0,55.5785
1738620900000000,PAXGUSDT,15m,2826.0,2836.0,2823.0,2833.0,24.7528
1738621800000000,PAXGUSDT,15m,2834.0,2836.0,2830.0,2832.0,29.162499999999998
1738622700000000,PAXGUSDT,15m,2832.0,2834.0,2830.0,2832.0,14.0799
1738623600000000,PAXGUSDT,15m,2832.0,2832.0,2831.0,2831.0,11.8917
1738624500000000,PAXGUSDT,15m,2831.0,2832.0,2831.0,2832.0,6.8274
1738625400000000,PAXGUSDT,15m,2832.0,2834.0,2831.0,2832.0,20.728
1738626300000000,PAXGUSDT,15m,2833.0,2834.0,2831.0,2832.0,13.294599999999999
1738627200000000,PAXGUSDT,15m,2832.0,2834.0,2828.0,2829.0,34.8785
1738628100000000,PAXGUSDT,15m,2829.0,2830.0,2825.0,2827.0,15.9871
1738629000000000,PAXGUSDT,15m,2827.0,2828.0,2824.0,2825.0,10.2663
1738629900000000,PAXGUSDT,15m,2825.0,2830.0,2825.0,2827.0,7.3853
1738630800000000,PAXGUSDT,15m,2826.0,2827.0,2825.0,2827.0,7.6876
1738631700000000,PAXGUSDT,15m,2826.0,2837.0,2826.0,2836.0,21.131700000000002
1738632600000000,PAXGUSDT,15m,2837.0,2838.0,2834.0,2837.0,10.2973
1738633500000000,PAXGUSDT,15m,2837.0,2837.0,2831.0,2831.0,13.1789
1738634400000000,PAXGUSDT,15m,2832.0,2835.0,2831.0,2831.0,6.0329
1738635300000000,PAXGUSDT,15m,2832.0,2832.0,2827.0,2827.0,12.1157
1738636200000000,PAXGUSDT,15m,2827.0,2830.0,2825.0,2828.0,20.6016
1738637100000000,PAXGUSDT,15m,2826.0,2830.0,2826.0,2828.0,23.8389
1738638000000000,PAXGUSDT,15m,2829.0,2833.0,2828.0,2831.0,16.7868
1738638900000000,PAXGUSDT,15m,2832.0,2832.0,2830.0,2831.0,7.821
1738639800000000,PAXGUSDT,15m,2830.0,2832.0,2821.0,2830.0,38.1391
1738640700000000,PAXGUSDT,15m,2830.0,2833.0,2830.0,2831.0,5.1290000000000004
1738641600000000,PAXGUSDT,15m,2831.0,2832.0,2827.0,2827.0,8.6051
1738642500000000,PAXGUSDT,15m,2827.0,2829.0,2825.0,2828.0,5.0341000000000005
1738643400000000,PAXGUSDT,15m,2828.0,2829.0,2826.0,2827.0,4.6739
1738644300000000,PAXGUSDT,15m,2826.0,2827.0,2822.0,2824.0,16.9607
1738645200000000,PAXGUSDT,15m,2824.0,2825.0,2817.0,2819.0,30.6965
1738646100000000,PAXGUSDT,15m,2819.0,2820.0,2815.0,2817.0,78.566
1738647000000000,PAXGUSDT,15m,2816.0,2820.0,2815.0,2816.0,19.022000000000002
1738647900000000,PAXGUSDT,15m,2816.0,2822.0,2815.0,2819.0,21.2733
1738648800000000,PAXGUSDT,15m,2819.0,2822.0,2817.0,2818.0,24.349700000000002
1738649700000000,PAXGUSDT,15m,2817.0,2818.0,2815.0,2816.0,10.0508
1738650600000000,PAXGUSDT,15m,2815.0,2815.0,2813.0,2815.0,7.8368
1738651500000000,PAXGUSDT,15m,2814.0,2819.0,2814.0,2819.0,5.2752
1738652400000000,PAXGUSDT,15m,2819.0,2826.0,2818.0,2826.0,16.6
1738653300000000,PAXGUSDT,15m,2825.0,2829.0,2822.0,2822.0,14.6474
1738654200000000,PAXGUSDT,15m,2822.0,2825.0,2820.0,2820.0,10.386
1738655100000000,PAXGUSDT,15m,2820.0,2821.0,2812.0,2815.0,23.9166
1738656000000000,PAXGUSDT,15m,2816.0,2831.0,2814.0,2828.0,41.5814
1738656900000000,PAXGUSDT,15m,2828.0,2831.0,2826.0,2829.0,12.517900000000001
1738657800000000,PAXGUSDT,15m,2829.0,2831.0,2825.0,2825.0,14.179
1738658700000000,PAXGUSDT,15m,2826.0,2829.0,2824.0,2825.0,8.6015
1738659600000000,PAXGUSDT,15m,2826.0,2826.0,2825.0,2825.0,1.0282
1738660500000000,PAXGUSDT,15m,2826.0,2830.0,2826.0,2829.0,6.2578000000000005
1738661400000000,PAXGUSDT,15m,2829.0,2834.0,2829.0,2833.0,17.4813
1738662300000000,PAXGUSDT,15m,2834.0,2838.0,2832.0,2833.0,24.4667
1738663200000000,PAXGUSDT,15m,2834.0,2840.0,2827.0,2828.0,23.7166
1738664100000000,PAXGUSDT,15m,2828.0,2833.0,2827.0,2830.0,11.0137
1738665000000000,PAXGUSDT,15m,2831.0,2831.0,2827.0,2831.0,7.244700000000001
1738665900000000,PAXGUSDT,15m,2831.0,2832.0,2827.0,2832.0,8.405899999999999
1738666800000000,PAXGUSDT,15m,2832.0,2833.0,2826.0,2829.0,32.9131
1738667700000000,PAXGUSDT,15m,2828.0,2830.0,2828.0,2830.0,3.1162
1738668600000000,PAXGUSDT,15m,2829.0,2835.0,2828.0,2831.0,20.1993
1738669500000000,PAXGUSDT,15m,2833.0,2833.0,2827.0,2829.0,11.3263
1738670400000000,PAXGUSDT,15m,2828.0,2831.0,2828.0,2829.0,1.3981
1738671300000000,PAXGUSDT,15m,2829.0,2833.0,2829.0,2833.0,11.7018
1738672200000000,PAXGUSDT,15m,2833.0,2839.0,2832.0,2838.0,25.8536
1738673100000000,PAXGUSDT,15m,2838.0,2839.0,2836.0,2839.0,17.634900000000002
1738674000000000,PAXGUSDT,15m,2839.0,2839.0,2834.0,2838.0,25.2162
1738674900000000,PAXGUSDT,15m,2837.0,2842.0,2837.0,2842.0,62.0002
1738675800000000,PAXGUSDT,15m,2842.0,2843.0,2839.0,2840.0,21.708199999999998
1738676700000000,PAXGUSDT,15m,2839.0,2841.0,2833.0,2835.0,65.3242
1738677600000000,PAXGUSDT,15m,2835.0,2841.0,2835.0,2840.0,39.4574
1738678500000000,PAXGUSDT,15m,2839.0,2841.0,2837.0,2840.0,12.5348
1738679400000000,PAXGUSDT,15m,2840.0,2843.0,2840.0,2843.0,63.8046
1738680300000000,PAXGUSDT,15m,2843.0,2851.0,2842.0,2850.0,50.2154
1738681200000000,PAXGUSDT,15m,2850.0,2850.0,2844.0,2846.0,15.156
1738682100000000,PAXGUSDT,15m,2845.0,2846.0,2842.0,2844.0,20.0675
1738683000000000,PAXGUSDT,15m,2845.0,2849.0,2843.0,2843.0,13.387500000000001
1738683900000000,PAXGUSDT,15m,2843.0,2848.0,2841.0,2841.0,10.6795
1738684800000000,PAXGUSDT,15m,2842.0,2845.0,2838.0,2844.0,9.6759
1738685700000000,PAXGUSDT,15m,2844.0,2846.0,2841.0,2845.0,9.3131
1738686600000000,PAXGUSDT,15m,2846.0,2846.0,2845.0,2846.0,8.1974
1738687500000000,PAXGUSDT,15m,2845.0,2846.0,2844.0,2845.0,7.575699999999999
1738688400000000,PAXGUSDT,15m,2845.0,2847.0,2843.0,2847.0,16.730800000000002
