timestamp_ms,symbol,timeframe,open,high,low,close,volume
1704667200000,SYN_RAND_KIPP,5m,578.86889985,599.35455409,558.95848811,585.07175067,836844.8949
1704667500000,SYN_RAND_KIPP,5m,585.07175067,613.89747526,556.30298371,593.9154346,798343.6758
1704667800000,SYN_RAND_KIPP,5m,593.9154346,607.0218631,577.61406195,596.04024547,787776.3148
1704668100000,SYN_RAND_KIPP,5m,596.04024547,606.87271454,576.02314513,592.57127483,825694.0108
1704668400000,SYN_RAND_KIPP,5m,592.57127483,604.06999161,575.94643213,593.47359137,863004.532
1704668700000,SYN_RAND_KIPP,5m,593.47359137,618.15928088,566.53067878,601.40120781,899272.4851
1704669000000,SYN_RAND_KIPP,5m,601.40120781,620.34081939,580.36096682,607.54014871,934074.509
1704669300000,SYN_RAND_KIPP,5m,607.54014871,617.96865138,587.96913482,605.44950773,967004.1695
1704669600000,SYN_RAND_KIPP,5m,605.44950773,615.73195674,584.09815072,601.62853846,997676.6571
1704669900000,SYN_RAND_KIPP,5m,601.62853846,615.12964011,584.11745758,605.00341001,1025733.2356
1704670200000,SYN_RAND_KIPP,5m,605.00341001,628.01039827,578.15346162,612.6589857,1050845.3893
1704670500000,SYN_RAND_KIPP,5m,612.6589857,624.66573442,594.69806238,614.48263558,1072718.6203
1704670800000,SYN_RAND_KIPP,5m,614.48263558,624.82662766,590.93482097,609.27851939,1091095.8532
1704671100000,SYN_RAND_KIPP,5m,609.27851939,619.35520526,589.01295825,606.92500437,1105760.4066
1704671400000,SYN_RAND_KIPP,5m,606.92500437,623.16345716,587.74156689,612.36406621,1116538.4984
1704671700000,SYN_RAND_KIPP,5m,612.36406621,628.96938502,592.80491127,617.91715239,1123301.2542
1704672000000,SYN_RAND_KIPP,5m,617.91715239,628.21014901,597.32080896,615.41338153,1125966.1977
1704672300000,SYN_RAND_KIPP,5m,615.41338153,627.36907217,588.65795888,609.46925665,1124498.2037
1704672600000,SYN_RAND_KIPP,5m,609.46925665,620.39837316,591.76944159,610.10069423,1118909.9044
1704672900000,SYN_RAND_KIPP,5m,610.10069423,630.18429807,587.2642792,616.6911002,1109261.5436
1704673200000,SYN_RAND_KIPP,5m,616.6911002,629.78839406,599.00406549,619.14618136,1095660.28
1704673500000,SYN_RAND_KIPP,5m,619.14618136,630.11075154,596.0706323,613.91929165,1078258.9487
1704673800000,SYN_RAND_KIPP,5m,613.91929165,624.80577166,592.65796023,609.97339768,1057254.2946
1704674100000,SYN_RAND_KIPP,5m,609.97339768,625.24862708,592.93889135,614.26248046,1032884.6981
1704674400000,SYN_RAND_KIPP,5m,614.26248046,635.27326594,592.48193321,620.83312656,1005427.4193
1704674700000,SYN_RAND_KIPP,5m,620.83312656,632.40576418,603.31786333,620.26474746,975195.3931
1704675000000,SYN_RAND_KIPP,5m,620.26474746,632.6484415,597.25538856,614.83011361,942533.6119
1704675300000,SYN_RAND_KIPP,5m,614.83011361,626.87289047,598.48778111,614.97146463,907815.1375
1704675600000,SYN_RAND_KIPP,5m,614.97146463,640.29343861,591.34822029,622.48704518,871436.7887
1704675900000,SYN_RAND_KIPP,5m,622.48704518,640.80214996,605.90137482,627.84608935,833814.554
1704676200000,SYN_RAND_KIPP,5m,627.84608935,640.75698941,609.27904896,625.20982862,795378.7831
1704676500000,SYN_RAND_KIPP,5m,625.20982862,638.33485368,606.45309147,622.04864291,768988.3443
1704676800000,SYN_RAND_KIPP,5m,622.04864291,640.39034851,606.80511834,627.05851354,806928.9443
1704677100000,SYN_RAND_KIPP,5m,627.05851354,660.6527178,600.30705263,636.32464255,844353.0217
1704677400000,SYN_RAND_KIPP,5m,636.32464255,653.69488257,621.30351127,639.48485058,880823.3309
1704677700000,SYN_RAND_KIPP,5m,639.48485058,654.05680069,621.42973211,636.23411733,915913.6343
1704678000000,SYN_RAND_KIPP,5m,636.23411733,651.82737112,621.79543597,637.03904771,949213.6293
1704678300000,SYN_RAND_KIPP,5m,637.03904771,672.16213845,612.65413597,646.17655289,980333.6911
1704678600000,SYN_RAND_KIPP,5m,646.17655289,680.5584638,623.11579852,654.99692376,1008909.3776
1704678900000,SYN_RAND_KIPP,5m,654.99692376,671.54374612,641.01804178,655.43370691,1034605.6415
1704679200000,SYN_RAND_KIPP,5m,655.43370691,671.8411091,639.42607598,653.12765971,1057120.7039
1704679500000,SYN_RAND_KIPP,5m,653.12765971,674.99375589,639.75310143,658.36526231,1076189.5429
1704679800000,SYN_RAND_KIPP,5m,658.36526231,704.17639781,631.49611644,669.52538229,1091586.9571
1704680100000,SYN_RAND_KIPP,5m,669.52538229,694.66096142,655.24344651,675.57797575,1103130.169
1704680400000,SYN_RAND_KIPP,5m,675.57797575,693.5867854,660.48174305,673.50729665,1110680.938
1704680700000,SYN_RAND_KIPP,5m,673.50729665,691.70637979,660.71355112,673.45370942,1114147.1585
1704681000000,SYN_RAND_KIPP,5m,673.45370942,711.08256576,653.87748256,682.23759935,1113483.9249
1704681300000,SYN_RAND_KIPP,5m,682.23759935,726.60872217,659.75654185,692.50280938,1108694.0501
1704681600000,SYN_RAND_KIPP,5m,692.50280938,713.55191711,680.07094024,694.17193845,1099828.0338
1704681900000,SYN_RAND_KIPP,5m,694.17193845,713.78802472,678.42415951,690.69659666,1086983.4784
1704682200000,SYN_RAND_KIPP,5m,690.69659666,713.31687024,678.65563981,693.62895218,1070303.961
1704682500000,SYN_RAND_KIPP,5m,693.62895218,739.53315748,672.30368547,703.95209568,1049977.3736
1704682800000,SYN_RAND_KIPP,5m,703.95209568,733.42782561,690.47824849,710.54704034,1026233.751
1704683100000,SYN_RAND_KIPP,5m,710.54704034,731.20362029,695.72040956,707.70458428,999342.6121
1704683400000,SYN_RAND_KIPP,5m,707.70458428,728.36954051,692.7684725,704.61369561,969609.8442
1704683700000,SYN_RAND_KIPP,5m,704.61369561,731.10449051,692.88869549,710.46129899,937374.1668
1704684000000,SYN_RAND_KIPP,5m,710.46129899,752.77054314,691.85774693,719.81451146,903003.2166
1704684300000,SYN_RAND_KIPP,5m,719.81451146,742.33921292,707.90740057,721.17984469,866889.2973
1704684600000,SYN_RAND_KIPP,5m,721.17984469,742.37986076,703.49042933,715.41961237,829444.8451
1704684900000,SYN_RAND_KIPP,5m,715.41961237,736.42763717,702.73489002,714.59145366,791097.6606
1704685200000,SYN_RAND_KIPP,5m,714.59145366,750.05567417,698.91387929,722.44432044,752285.964
1704685500000,SYN_RAND_KIPP,5m,722.44432044,750.37940394,709.99231271,728.64579318,786850.776
1704685800000,SYN_RAND_KIPP,5m,728.64579318,749.83311626,712.79213074,725.07697378,824374.5363
1704686100000,SYN_RAND_KIPP,5m,725.07697378,746.04595038,706.79460903,719.13385592,861033.8113
1704686400000,SYN_RAND_KIPP,5m,719.13385592,742.45359244,706.76054978,721.79168707,896399.6948
1704686700000,SYN_RAND_KIPP,5m,721.79168707,758.55516106,704.40874298,730.10591633,930058.2162
1704687000000,SYN_RAND_KIPP,5m,730.10591633,752.63105885,717.20649919,731.99123547,961615.1262
1704687300000,SYN_RAND_KIPP,5m,731.99123547,753.91869782,711.41478726,725.46472329,990700.454
1704687600000,SYN_RAND_KIPP,5m,725.46472329,745.56074631,708.88016421,722.11017692,1016972.7849
1704687900000,SYN_RAND_KIPP,5m,722.11017692,748.65911061,708.31473385,728.30509082,1040123.2061
1704688200000,SYN_RAND_KIPP,5m,728.30509082,757.95850063,712.45936487,735.29152241,1059878.8788
1704688500000,SYN_RAND_KIPP,5m,735.29152241,754.90417087,718.82989669,732.99470254,1076006.1914
1704688800000,SYN_RAND_KIPP,5m,732.99470254,754.01565187,710.62348183,726.33179735,1088313.4604
1704689100000,SYN_RAND_KIPP,5m,726.33179735,746.15439224,711.77211671,727.34820595,1096653.1464
1704689400000,SYN_RAND_KIPP,5m,727.34820595,761.9648532,706.40182952,735.87995622,1100923.5596
1704689700000,SYN_RAND_KIPP,5m,735.87995622,758.40876566,720.5106381,739.9735983,1101070.0354
1704690000000,SYN_RAND_KIPP,5m,739.9735983,758.18803376,719.00779614,734.78589785,1097085.5663
1704690300000,SYN_RAND_KIPP,5m,734.78589785,752.54552416,714.65264633,730.64724721,1089010.8833
1704690600000,SYN_RAND_KIPP,5m,730.64724721,753.61911014,714.41304186,736.28920757,1076933.9847
1704690900000,SYN_RAND_KIPP,5m,736.28920757,769.51277271,712.44794902,745.05156053,1060989.1192
1704691200000,SYN_RAND_KIPP,5m,745.05156053,762.37000008,727.81818375,745.3775708,1041355.2338
1704691500000,SYN_RAND_KIPP,5m,745.3775708,762.03777908,721.75978432,739.3403582,1018253.9059
1704691800000,SYN_RAND_KIPP,5m,739.3403582,755.64862701,721.56757357,739.45796393,991946.7811
1704692100000,SYN_RAND_KIPP,5m,739.45796393,771.63656974,713.00427672,748.46100317,962732.5495
1704692400000,SYN_RAND_KIPP,5m,748.46100317,771.85553525,728.59014123,755.10444179,930943.4924
1704692700000,SYN_RAND_KIPP,5m,755.10444179,770.6463035,732.7047254,751.85047398,896941.6414
1704693000000,SYN_RAND_KIPP,5m,751.85047398,767.01134889,727.85430158,747.23155783,861114.5938
1704693300000,SYN_RAND_KIPP,5m,747.23155783,766.79270351,727.67181819,752.02649346,823871.0314
1704693600000,SYN_RAND_KIPP,5m,752.02649346,785.4036514,720.02691017,762.06514854,785635.9971
1704693900000,SYN_RAND_KIPP,5m,762.06514854,779.30927124,741.54053592,764.8265161,746845.9809
1704694200000,SYN_RAND_KIPP,5m,764.8265161,779.09461731,738.50472161,759.37083849,765603.8444
1704694500000,SYN_RAND_KIPP,5m,759.37083849,773.28843974,737.14645751,758.11245415,803213.8289
1704694800000,SYN_RAND_KIPP,5m,758.11245415,785.24523885,729.37698477,766.69107282,840049.0484
1704695100000,SYN_RAND_KIPP,5m,766.69107282,793.17742222,738.05625076,775.1549763,875678.1376
1704695400000,SYN_RAND_KIPP,5m,775.1549763,788.71360669,751.53746394,773.58751527,909683.66
1704695700000,SYN_RAND_KIPP,5m,773.58751527,786.94443095,746.04291914,768.22267995,941666.9341
1704696000000,SYN_RAND_KIPP,5m,768.22267995,784.55547579,746.04572174,771.44220464,971252.6417
1704696300000,SYN_RAND_KIPP,5m,771.44220464,803.14766118,734.96433557,781.91181318,998093.1669
1704696600000,SYN_RAND_KIPP,5m,781.91181318,799.88926847,759.1026528,786.77935493,1021872.6143
1704696900000,SYN_RAND_KIPP,5m,786.77935493,799.88824237,758.99484116,782.02863034,1042310.461
1704697200000,SYN_RAND_KIPP,5m,782.02863034,795.00107933,756.32018178,779.272173,1059164.7994
1704697500000,SYN_RAND_KIPP,5m,779.272173,802.10168036,752.30446497,786.91857843,1072235.1337
1704697800000,SYN_RAND_KIPP,5m,786.91857843,816.75077971,751.65595742,796.91394462,1081364.6976
1704698100000,SYN_RAND_KIPP,5m,796.91394462,810.5999789,773.50421426,797.40147492,1086442.2667
1704698400000,SYN_RAND_KIPP,5m,797.40147492,810.65266193,768.44274222,791.82218546,1087403.4443
1704698700000,SYN_RAND_KIPP,5m,791.82218546,806.76803292,768.67595985,793.53992689,1084231.4057
1704699000000,SYN_RAND_KIPP,5m,793.53992689,826.00163872,755.97729673,804.29222509,1076957.093
1704699300000,SYN_RAND_KIPP,5m,804.29222509,826.37274307,779.02520487,811.56248047,1065658.8574
1704699600000,SYN_RAND_KIPP,5m,811.56248047,825.48606553,784.93605044,808.29361683,1050461.5537
1704699900000,SYN_RAND_KIPP,5m,808.29361683,822.33081373,781.46088971,804.55468084,1031535.0967
1704700200000,SYN_RAND_KIPP,5m,804.55468084,825.39140267,781.75933621,811.22751665,1009092.4974
1704700500000,SYN_RAND_KIPP,5m,811.22751665,847.23863511,772.65399281,822.68005289,983387.4007
1704700800000,SYN_RAND_KIPP,5m,822.68005289,840.5570654,799.82865045,825.61660292,954711.1533
1704701100000,SYN_RAND_KIPP,5m,825.61660292,840.8705633,797.62482963,820.29763194,923389.4358
1704701400000,SYN_RAND_KIPP,5m,820.29763194,835.8102857,798.04796023,820.37753494,889778.4981
1704701700000,SYN_RAND_KIPP,5m,820.37753494,854.67260515,787.0056536,830.76785379,854261.0412
1704702000000,SYN_RAND_KIPP,5m,830.76785379,861.46730437,801.71557057,839.94278413,817241.7933
1704702300000,SYN_RAND_KIPP,5m,839.94278413,856.69558878,816.16984242,838.00190941,779142.8313
1704702600000,SYN_RAND_KIPP,5m,838.00190941,855.0598248,811.36536375,832.80316108,740398.702
1704702900000,SYN_RAND_KIPP,5m,832.80316108,854.57373855,811.85101357,837.26899084,743345.721
1704703200000,SYN_RAND_KIPP,5m,837.26899084,877.59873694,803.52190449,848.64355245,781028.8361
1704703500000,SYN_RAND_KIPP,5m,848.64355245,871.23881131,828.03784365,852.85995691,818027.298
1704703800000,SYN_RAND_KIPP,5m,852.85995691,871.71386584,826.50830088,846.83264623,853907.4929
1704704100000,SYN_RAND_KIPP,5m,846.83264623,865.93801876,823.93096813,843.72697029,888248.7225
1704704400000,SYN_RAND_KIPP,5m,843.72697029,873.15926052,822.20929211,851.55038194,920648.0677
1704704700000,SYN_RAND_KIPP,5m,851.55038194,885.84951705,827.32601744,860.53671585,950725.0461
1704705000000,SYN_RAND_KIPP,5m,860.53671585,881.12675982,839.5478658,858.48872722,978126.0104
1704705300000,SYN_RAND_KIPP,5m,858.48872722,881.93537615,829.73302765,850.47301152,1002528.2367
1704705600000,SYN_RAND_KIPP,5m,850.47301152,871.83285273,832.5108909,850.72636938,1023643.6554
1704705900000,SYN_RAND_KIPP,5m,850.72636938,887.00018793,828.38094199,859.72740523,1041222.1808
1704706200000,SYN_RAND_KIPP,5m,859.72740523,885.70372515,842.30331101,863.63409168,1055054.6026
1704706500000,SYN_RAND_KIPP,5m,863.63409168,886.94179574,838.43569145,856.18593748,1064975.0041
1704706800000,SYN_RAND_KIPP,5m,856.18593748,878.84855382,832.42557045,849.09399561,1070862.6808
1704707100000,SYN_RAND_KIPP,5m,849.09399561,875.81266612,832.88112491,853.0202814,1072643.535
1704707400000,SYN_RAND_KIPP,5m,853.0202814,886.07904188,835.58422694,860.77380385,1070290.933
1704707700000,SYN_RAND_KIPP,5m,860.77380385,884.47146877,842.93660613,858.78073782,1063826.013
1704708000000,SYN_RAND_KIPP,5m,858.78073782,891.88512807,827.35371213,848.87188317,1053317.4408
1704708300000,SYN_RAND_KIPP,5m,848.87188317,872.7475018,830.40514513,845.52457863,1038880.6158
1704708600000,SYN_RAND_KIPP,5m,845.52457863,876.50976009,830.68422618,852.50882721,1020676.3377
1704708900000,SYN_RAND_KIPP,5m,852.50882721,881.65377802,837.7438938,857.25658717,998908.9472
1704709200000,SYN_RAND_KIPP,5m,857.25658717,881.96435372,836.08141321,850.75387113,973823.9642
1704709500000,SYN_RAND_KIPP,5m,850.75387113,880.15993621,825.12198534,842.30274624,945705.2498
1704709800000,SYN_RAND_KIPP,5m,842.30274624,869.01708394,828.15427802,844.47226975,914871.7246
1704710100000,SYN_RAND_KIPP,5m,844.47226975,883.64376259,827.0840684,853.15705965,881673.6826
1704710400000,SYN_RAND_KIPP,5m,853.15705965,879.28677151,838.99177912,854.26014961,846488.7416
1704710700000,SYN_RAND_KIPP,5m,854.26014961,882.85836227,830.03744622,846.14945233,809717.4782
1704711000000,SYN_RAND_KIPP,5m,846.14945233,871.02624202,828.56588762,842.5590884,771778.7974
1704711300000,SYN_RAND_KIPP,5m,842.5590884,877.81883894,827.08466324,850.3493649,733105.0899
1704711600000,SYN_RAND_KIPP,5m,850.3493649,888.84410479,833.38467766,858.86520783,720245.4415
1704711900000,SYN_RAND_KIPP,5m,858.86520783,883.9924664,842.38233778,856.7091997,757988.9045
1704712200000,SYN_RAND_KIPP,5m,856.7091997,881.67765993,835.8011639,850.18778253,795138.1714
1704712500000,SYN_RAND_KIPP,5m,850.18778253,877.84709664,835.78922715,853.19015076,831257.5916
1704712800000,SYN_RAND_KIPP,5m,853.19015076,905.35121175,829.17565919,864.88697265,865923.4106
1704713100000,SYN_RAND_KIPP,5m,864.88697265,895.89003763,849.91425402,871.13201096,898728.6684
1704713400000,SYN_RAND_KIPP,5m,871.13201096,895.86732914,851.49375615,866.77606472,929287.9041
1704713700000,SYN_RAND_KIPP,5m,866.77606472,891.16353111,848.83087564,864.26093472,957241.612
1704714000000,SYN_RAND_KIPP,5m,864.26093472,903.92711218,844.43434527,873.39610046,982260.3973
1704714300000,SYN_RAND_KIPP,5m,873.39610046,926.70825259,846.05947458,885.77978999,1004048.7839
1704714600000,SYN_RAND_KIPP,5m,885.77978999,912.00182742,869.19100457,887.90010373,1022348.6304
1704714900000,SYN_RAND_KIPP,5m,887.90010373,911.74549421,865.84273724,882.78525778,1036942.1142
1704715200000,SYN_RAND_KIPP,5m,882.78525778,908.66493629,865.61082816,885.28641813,1047654.2493
1704715500000,SYN_RAND_KIPP,5m,885.28641813,937.88654591,854.96282822,898.0194266,1054354.9095
1704715800000,SYN_RAND_KIPP,5m,898.0194266,935.67193022,875.60337448,907.24300522,1056960.3326
1704716100000,SYN_RAND_KIPP,5m,907.24300522,930.16415554,885.64583929,904.40116452,1055434.0889
1704716400000,SYN_RAND_KIPP,5m,904.40116452,926.85985355,881.09690016,900.18413962,1049787.5021
1704716700000,SYN_RAND_KIPP,5m,900.18413962,929.12658258,880.78860353,907.16990976,1040079.5188
1704717000000,SYN_RAND_KIPP,5m,907.16990976,955.70025998,874.09869501,919.69990054,1026416.0271
1704717300000,SYN_RAND_KIPP,5m,919.69990054,944.3523972,899.05435611,922.74922745,1008948.6326
1704717600000,SYN_RAND_KIPP,5m,922.74922745,944.0032046,894.73805856,915.87287404,987872.9057
1704717900000,SYN_RAND_KIPP,5m,915.87287404,936.55048457,892.82195448,914.2172541,963426.1214
1704718200000,SYN_RAND_KIPP,5m,914.2172541,949.76451274,886.42109393,923.94369077,935884.5164
1704718500000,SYN_RAND_KIPP,5m,923.94369077,955.16691555,898.69403966,932.61514964,905560.0955
1704718800000,SYN_RAND_KIPP,5m,932.61514964,952.41345204,905.7237575,928.76746354,872797.0254
1704719100000,SYN_RAND_KIPP,5m,928.76746354,949.16896489,895.92243463,920.59141283,837967.6564
1704719400000,SYN_RAND_KIPP,5m,920.59141283,941.49195565,897.05427122,922.73942924,801468.2175
1704719700000,SYN_RAND_KIPP,5m,922.73942924,957.15829388,891.13614874,932.87718665,763714.237
1704720000000,SYN_RAND_KIPP,5m,932.87718665,953.81939628,908.27365331,935.56888386,725135.7384
1704720300000,SYN_RAND_KIPP,5m,935.56888386,955.7303759,898.69787872,926.81149466,696481.6065
1704720600000,SYN_RAND_KIPP,5m,926.81149466,944.25948278,895.70997648,920.8373914,734272.8869
1704720900000,SYN_RAND_KIPP,5m,920.8373914,944.05094837,895.56022088,927.02715121,771560.7272
1704721200000,SYN_RAND_KIPP,5m,927.02715121,953.20853882,899.59970356,935.25883417,807907.6528
1704721500000,SYN_RAND_KIPP,5m,935.25883417,951.98088135,905.69786335,931.93926887,842887.0597
1704721800000,SYN_RAND_KIPP,5m,931.93926887,953.08078231,887.93929838,921.93673774,876088.146
1704722100000,SYN_RAND_KIPP,5m,921.93673774,937.95477191,894.50682972,920.84026445,907120.6605
1704722400000,SYN_RAND_KIPP,5m,920.84026445,948.51487157,889.60830421,929.88541874,935619.4144
1704722700000,SYN_RAND_KIPP,5m,929.88541874,950.0711057,902.95982936,934.28008366,961248.503
1704723000000,SYN_RAND_KIPP,5m,934.28008366,950.0041647,899.38662055,926.58103086,983705.1882
1704723300000,SYN_RAND_KIPP,5m,926.58103086,942.06379309,891.87977913,918.961833,1002723.3987
1704723600000,SYN_RAND_KIPP,5m,918.961833,938.69250081,892.02063233,923.41889227,1018076.806
1704723900000,SYN_RAND_KIPP,5m,923.41889227,951.40369119,890.40146113,932.78583739,1029581.44
1704724200000,SYN_RAND_KIPP,5m,932.78583739,948.21284739,904.68053699,932.1033764,1037097.8167
1704724500000,SYN_RAND_KIPP,5m,932.1033764,951.15635086,888.66358458,922.50755816,1040532.5501
1704724800000,SYN_RAND_KIPP,5m,922.50755816,937.80846879,892.48979743,919.56657775,1039839.4319
1704725100000,SYN_RAND_KIPP,5m,919.56657775,945.02056182,889.74581037,928.05406358,1035019.9661
1704725400000,SYN_RAND_KIPP,5m,928.05406358,950.17014072,900.97787708,934.61384367,1026123.3512
1704725700000,SYN_RAND_KIPP,5m,934.61384367,950.4064584,901.6329227,928.77413141,1013245.9118
1704726000000,SYN_RAND_KIPP,5m,928.77413141,946.76731175,889.53883611,919.98664955,996529.9854
1704726300000,SYN_RAND_KIPP,5m,919.98664955,938.15366298,893.60264672,922.27577909,976162.2768
1704726600000,SYN_RAND_KIPP,5m,922.27577909,951.89210807,889.63330538,931.83567202,952371.6998
1704726900000,SYN_RAND_KIPP,5m,931.83567202,949.70871794,905.55567503,933.18251374,925426.7316
1704727200000,SYN_RAND_KIPP,5m,933.18251374,953.56696655,892.15275723,923.75230886,895632.3088
1704727500000,SYN_RAND_KIPP,5m,923.75230886,940.67244492,892.786007,918.30074263,863326.3027
1704727800000,SYN_RAND_KIPP,5m,918.30074263,942.06342163,893.23663396,924.94308993,828875.6137
1704728100000,SYN_RAND_KIPP,5m,924.94308993,950.09535615,900.02006456,932.52880833,792671.93
1704728400000,SYN_RAND_KIPP,5m,932.52880833,950.58313408,903.47338192,928.2570983,755127.1998
1704728700000,SYN_RAND_KIPP,5m,928.2570983,951.65788624,887.3465185,918.38203224,716668.8693
1704729000000,SYN_RAND_KIPP,5m,918.38203224,936.8877604,894.50337686,918.18582329,677734.9419
1704729300000,SYN_RAND_KIPP,5m,918.18582329,950.4002653,889.90715001,927.4745934,710067.1289
1704729600000,SYN_RAND_KIPP,5m,927.4745934,950.64525701,904.34276917,931.1712171,747481.4549
1704729900000,SYN_RAND_KIPP,5m,931.1712171,951.66528723,899.77937208,923.20409001,784044.264
1704730200000,SYN_RAND_KIPP,5m,923.20409001,943.40658761,894.41063183,916.61782212,819326.311
1704730500000,SYN_RAND_KIPP,5m,916.61782212,942.88934636,894.98375932,922.41627796,852913.1525
1704730800000,SYN_RAND_KIPP,5m,922.41627796,959.19757879,895.06293592,932.26420776,884409.938
1704731100000,SYN_RAND_KIPP,5m,932.26420776,953.93708395,910.55062794,931.7036388,913445.9738
1704731400000,SYN_RAND_KIPP,5m,931.7036388,955.47071202,901.05242343,923.34766358,939679.009
1704731700000,SYN_RAND_KIPP,5m,923.34766358,945.65027515,902.75019677,922.8638685,962799.1917
1704732000000,SYN_RAND_KIPP,5m,922.8638685,965.63092996,895.15405156,933.68565405,982532.6505
1704732300000,SYN_RAND_KIPP,5m,933.68565405,966.13386366,913.36226616,941.78877843,998644.6614
1704732600000,SYN_RAND_KIPP,5m,941.78877843,965.77003778,918.4604472,937.74260985,1010942.3602
1704732900000,SYN_RAND_KIPP,5m,937.74260985,962.0092755,913.33582941,932.14671489,1019276.9729
1704733200000,SYN_RAND_KIPP,5m,932.14671489,962.93190728,913.82053623,938.43759624,1023545.5353
1704733500000,SYN_RAND_KIPP,5m,938.43759624,992.96751757,908.39807545,951.42330712,1023692.0833
1704733800000,SYN_RAND_KIPP,5m,951.42330712,981.14894432,933.42904021,955.43720306,1019708.2999
1704734100000,SYN_RAND_KIPP,5m,955.43720306,981.5859523,931.46298997,949.20463724,1011633.6116
1704734400000,SYN_RAND_KIPP,5m,949.20463724,975.48815967,930.83927999,948.15984558,999554.7326
1704734700000,SYN_RAND_KIPP,5m,948.15984558,996.89310319,924.07643821,959.34090738,983604.6624
1704735000000,SYN_RAND_KIPP,5m,959.34090738,1007.3514483,936.14906374,970.27409503,963961.1487
1704735300000,SYN_RAND_KIPP,5m,970.27409503,997.93321056,951.54160211,968.45445282,940844.6327
1704735600000,SYN_RAND_KIPP,5m,968.45445282,996.27285711,944.91150853,961.58148067,914515.7005
1704735900000,SYN_RAND_KIPP,5m,961.58148067,992.91567594,945.21158608,965.11292126,885272.0714
1704736200000,SYN_RAND_KIPP,5m,965.11292126,1020.05207135,940.34307703,977.35230619,853445.1563
1704736500000,SYN_RAND_KIPP,5m,977.35230619,1010.70119617,960.99482538,982.1615554,819396.2264
1704736800000,SYN_RAND_KIPP,5m,982.1615554,1010.93682227,958.12413616,974.46691574,783512.2374
1704737100000,SYN_RAND_KIPP,5m,974.46691574,1003.0801139,952.60463886,968.75601464,746201.3563
1704737400000,SYN_RAND_KIPP,5m,968.75601464,1003.96579354,952.73107846,975.48850029,707888.2431
1704737700000,SYN_RAND_KIPP,5m,975.48850029,1016.72882578,957.40793916,984.59727367,669009.1419
1704738000000,SYN_RAND_KIPP,5m,984.59727367,1013.50917939,965.06335614,981.38138767,685563.3699
1704738300000,SYN_RAND_KIPP,5m,981.38138767,1020.74853669,947.83087213,970.1848173,723092.1732
1704738600000,SYN_RAND_KIPP,5m,970.1848173,998.51801171,951.28739997,967.5220706,759859.277
1704738900000,SYN_RAND_KIPP,5m,967.5220706,1003.60171877,951.20858906,975.46965519,795433.0046
1704739200000,SYN_RAND_KIPP,5m,975.46965519,1006.94258246,958.86776625,978.7338341,829395.4737
1704739500000,SYN_RAND_KIPP,5m,978.7338341,1012.65654876,948.57638189,968.89426913,861347.4266
1704739800000,SYN_RAND_KIPP,5m,968.89426913,1005.17325016,936.11981225,958.2910541,890912.8463
1704740100000,SYN_RAND_KIPP,5m,958.2910541,987.08473127,941.35789396,959.99639611,917743.303
1704740400000,SYN_RAND_KIPP,5m,959.99639611,994.09044357,942.77205384,967.21495139,941521.9816
1704740700000,SYN_RAND_KIPP,5m,967.21495139,994.00502025,946.62969392,964.27106189,961967.345
1704741000000,SYN_RAND_KIPP,5m,964.27106189,1005.55558974,923.71535295,951.70442284,978836.3878
1704741300000,SYN_RAND_KIPP,5m,951.70442284,977.43258024,927.62332184,945.61408637,991927.4462
1704741600000,SYN_RAND_KIPP,5m,945.61408637,976.85872218,927.39445424,951.63920721,1001082.5287
1704741900000,SYN_RAND_KIPP,5m,951.63920721,981.45441105,932.93954832,956.43814386,1006189.143
1704742200000,SYN_RAND_KIPP,5m,956.43814386,981.19879584,929.62375023,948.79947549,1007758.5101
1704742500000,SYN_RAND_KIPP,5m,948.79947549,982.25197277,910.98491493,937.8563572,1005772.4884
1704742800000,SYN_RAND_KIPP,5m,937.8563572,961.7595393,918.26504232,938.26807777,999683.7833
1704743100000,SYN_RAND_KIPP,5m,938.26807777,972.18340085,916.31312156,946.84700741,989569.4403
1704743400000,SYN_RAND_KIPP,5m,946.84700741,970.70760615,926.23255798,947.82627117,975553.0404
1704743700000,SYN_RAND_KIPP,5m,947.82627117,976.19145628,911.27760705,937.85869356,957803.2713
1704744000000,SYN_RAND_KIPP,5m,937.85869356,959.67282373,910.36220208,931.63095564,936531.9778
1704744300000,SYN_RAND_KIPP,5m,931.63095564,959.21543512,910.07814398,937.97144976,911991.7122
1704744600000,SYN_RAND_KIPP,5m,937.97144976,967.70484428,915.10964414,946.04748817,884472.815
1704744900000,SYN_RAND_KIPP,5m,946.04748817,966.76101256,919.66964963,942.41518173,854300.0587
1704745200000,SYN_RAND_KIPP,5m,942.41518173,967.58486559,903.89594099,932.63569234,821828.8932
1704745500000,SYN_RAND_KIPP,5m,932.63569234,952.22870982,909.06051796,932.3104526,787441.3366
1704745800000,SYN_RAND_KIPP,5m,932.3104526,965.72207862,903.0049249,941.94072573,751541.5595
1704746100000,SYN_RAND_KIPP,5m,941.94072573,965.31768289,917.66088972,946.32711681,714551.2124
1704746400000,SYN_RAND_KIPP,5m,946.32711681,965.02437929,913.7656157,938.54025515,676904.5514
1704746700000,SYN_RAND_KIPP,5m,938.54025515,956.72025567,906.40307151,931.33726396,678831.1239
1704747000000,SYN_RAND_KIPP,5m,931.33726396,954.08627977,906.25069723,936.38954094,717614.2175
1704747300000,SYN_RAND_KIPP,5m,936.38954094,966.92348251,905.51673815,945.81859958,755725.5419
1704747600000,SYN_RAND_KIPP,5m,945.81859958,963.15072969,918.55287599,944.66928779,792731.1841
1704747900000,SYN_RAND_KIPP,5m,944.66928779,965.92002697,901.92296438,934.84248355,828210.011
1704748200000,SYN_RAND_KIPP,5m,934.84248355,951.4285144,905.85011425,932.20840999,861758.5374
1704748500000,SYN_RAND_KIPP,5m,932.20840999,959.28479589,902.37917553,940.94631715,892995.5906
1704748800000,SYN_RAND_KIPP,5m,940.94631715,963.44863109,913.96640177,947.20382503,921566.7162
1704749100000,SYN_RAND_KIPP,5m,947.20382503,963.37071081,913.60465667,940.9499466,947148.2753
1704749400000,SYN_RAND_KIPP,5m,940.9499466,958.3379912,902.50462161,932.37668447,969451.1862
1704749700000,SYN_RAND_KIPP,5m,932.37668447,951.01761307,905.17731428,935.38592931,988224.2657
1704750000000,SYN_RAND_KIPP,5m,935.38592931,965.62302927,899.96755947,945.46738341,1003257.1325
1704750300000,SYN_RAND_KIPP,5m,945.46738341,962.66494138,917.71810113,946.98181573,1014382.6393
1704750600000,SYN_RAND_KIPP,5m,946.98181573,964.71373091,906.55619929,938.05167652,1021478.805
1704750900000,SYN_RAND_KIPP,5m,938.05167652,953.56557562,906.29662643,933.87447622,1024470.2245
1704751200000,SYN_RAND_KIPP,5m,933.87447622,958.37513783,904.96547438,942.07557617,1023328.9404
1704751500000,SYN_RAND_KIPP,5m,942.07557617,968.33629849,911.21883165,950.84601254,1018074.7657
1704751800000,SYN_RAND_KIPP,5m,950.84601254,966.73163165,919.73340967,947.52727926,1008775.0555
1704752100000,SYN_RAND_KIPP,5m,947.52727926,964.57619212,909.58834794,939.08384829,995543.9275
1704752400000,SYN_RAND_KIPP,5m,939.08384829,956.82833208,911.88782265,940.88519344,978540.9431
1704752700000,SYN_RAND_KIPP,5m,940.88519344,974.90030153,902.48313481,952.00491194,957969.2627
1704753000000,SYN_RAND_KIPP,5m,952.00491194,973.35327765,924.8070328,956.81843115,934073.2972
1704753300000,SYN_RAND_KIPP,5m,956.81843115,973.66500144,922.55941414,949.66669053,907135.8825
1704753600000,SYN_RAND_KIPP,5m,949.66669053,966.63941449,917.59819264,944.25078227,877475.0097
1704753900000,SYN_RAND_KIPP,5m,944.25078227,968.46139897,918.02507579,951.31058514,845440.1496
1704754200000,SYN_RAND_KIPP,5m,951.31058514,984.4713901,917.34996001,961.61713871,811408.212
1704754500000,SYN_RAND_KIPP,5m,961.61713871,979.7115897,934.37555752,960.45539384,775779.1893
1704754800000,SYN_RAND_KIPP,5m,960.45539384,981.77261557,921.44044324,951.19133666,738971.5323
1704755100000,SYN_RAND_KIPP,5m,951.19133666,969.79050459,924.84105507,949.93723917,701417.3128
1704755400000,SYN_RAND_KIPP,5m,949.93723917,982.24562189,920.24866653,959.45692522,687556.6697
1704755700000,SYN_RAND_KIPP,5m,959.45692522,984.49266878,934.91561002,964.95893148,726416.2751
1704756000000,SYN_RAND_KIPP,5m,964.95893148,985.01340588,933.10567196,957.37899847,764694.1741
1704756300000,SYN_RAND_KIPP,5m,957.37899847,980.72138907,921.01488023,948.21101247,801954.4451
1704756600000,SYN_RAND_KIPP,5m,948.21101247,971.31397764,925.1914879,950.77505882,837772.926
1704756900000,SYN_RAND_KIPP,5m,950.77505882,980.91364971,927.18730992,959.0247847,871742.117
1704757200000,SYN_RAND_KIPP,5m,959.0247847,980.66519572,934.80883058,957.22362061,903475.8917
1704757500000,SYN_RAND_KIPP,5m,957.22362061,990.84751031,911.58217922,945.05236056,932613.9601
1704757800000,SYN_RAND_KIPP,5m,945.05236056,967.23978705,917.098055,938.32397132,958826.0337
1704758100000,SYN_RAND_KIPP,5m,938.32397132,965.79373821,917.6747274,943.3387247,981815.6433
1704758400000,SYN_RAND_KIPP,5m,943.3387247,970.26150226,923.00237647,947.26322783,1001323.5661
1704758700000,SYN_RAND_KIPP,5m,947.26322783,973.44465459,916.19977789,938.47322757,1017130.8224
1704759000000,SYN_RAND_KIPP,5m,938.47322757,977.97911963,893.07914404,925.43676298,1029061.2065
1704759300000,SYN_RAND_KIPP,5m,925.43676298,949.19658745,904.23377975,922.98620659,1036983.3238
1704759600000,SYN_RAND_KIPP,5m,922.98620659,952.76086893,904.65917188,928.68822477,1040812.1096
1704759900000,SYN_RAND_KIPP,5m,928.68822477,953.27307652,909.01060622,927.08736979,1040509.8123
1704760200000,SYN_RAND_KIPP,5m,927.08736979,968.25860993,885.02970375,914.30749936,1036086.4294
1704760500000,SYN_RAND_KIPP,5m,914.30749936,946.18341558,882.5844058,904.54181648,1027599.5925
1704760800000,SYN_RAND_KIPP,5m,904.54181648,931.91498913,887.89463364,907.00978228,1015153.9006
1704761100000,SYN_RAND_KIPP,5m,907.00978228,936.95944455,890.59824626,911.70521869,998899.7105
1704761400000,SYN_RAND_KIPP,5m,911.70521869,937.35030973,889.1196745,905.35604194,979031.3996
1704761700000,SYN_RAND_KIPP,5m,905.35604194,948.17122714,866.31926974,892.78760319,955785.1177
1704762000000,SYN_RAND_KIPP,5m,892.78760319,918.33922241,873.70621583,889.16702713,929436.058
1704762300000,SYN_RAND_KIPP,5m,889.16702713,921.27880419,873.9498933,895.64982771,900295.2753
1704762600000,SYN_RAND_KIPP,5m,895.64982771,923.90424084,880.47762226,897.93253234,868706.0901
1704762900000,SYN_RAND_KIPP,5m,897.93253234,929.62253319,870.60510879,888.87035585,835040.1202
1704763200000,SYN_RAND_KIPP,5m,888.87035585,919.35744152,862.79869876,880.18571204,799692.9845
1704763500000,SYN_RAND_KIPP,5m,880.18571204,909.20313578,865.57217235,883.38314433,763079.7296
1704763800000,SYN_RAND_KIPP,5m,883.38314433,920.52440635,867.08178559,891.58930491,725630.0319
1704764100000,SYN_RAND_KIPP,5m,891.58930491,917.80202939,875.7393555,890.48401472,695982.6815
1704764400000,SYN_RAND_KIPP,5m,890.48401472,923.47247498,862.54453446,881.12847682,734893.5536
1704764700000,SYN_RAND_KIPP,5m,881.12847682,906.97710934,863.7499157,878.37812259,773313.0702
1704765000000,SYN_RAND_KIPP,5m,878.37812259,916.39026672,861.50824915,886.80530379,810803.5143
1704765300000,SYN_RAND_KIPP,5m,886.80530379,919.50231813,871.91228217,893.6577211,846937.9018
1704765600000,SYN_RAND_KIPP,5m,893.6577211,919.57411772,873.73850146,888.87450641,881304.9179
1704765900000,SYN_RAND_KIPP,5m,888.87450641,914.68083271,866.09657559,881.41435177,913513.6709
1704766200000,SYN_RAND_KIPP,5m,881.41435177,909.91326912,866.15381691,884.68383219,943198.2115
1704766500000,SYN_RAND_KIPP,5m,884.68383219,930.4413322,862.82373721,895.0665723,970021.7629
1704766800000,SYN_RAND_KIPP,5m,895.0665723,922.85918151,879.13073699,897.67789615,993680.6134
1704767100000,SYN_RAND_KIPP,5m,897.67789615,923.54054783,873.13978352,889.93881526,1013907.6275
1704767400000,SYN_RAND_KIPP,5m,889.93881526,914.44690073,869.58504825,885.95852711,1030475.3338
1704767700000,SYN_RAND_KIPP,5m,885.95852711,918.39701272,868.86216281,893.5646461,1043198.5547
1704768000000,SYN_RAND_KIPP,5m,893.5646461,929.2046808,874.23361731,902.00550038,1051936.5463
1704768300000,SYN_RAND_KIPP,5m,902.00550038,925.88996351,881.27602227,898.82743681,1056594.6259
1704768600000,SYN_RAND_KIPP,5m,898.82743681,926.57818591,868.84872109,889.96302762,1057125.2661
1704768900000,SYN_RAND_KIPP,5m,889.96302762,913.02671551,871.93579449,890.17127206,1053528.6444
1704769200000,SYN_RAND_KIPP,5m,890.17127206,926.85827796,867.59102304,899.27181024,1045852.6407
1704769500000,SYN_RAND_KIPP,5m,899.27181024,924.93761692,880.28934084,902.60978753,1034192.284
1704769800000,SYN_RAND_KIPP,5m,902.60978753,927.14749818,872.54209046,894.22508001,1018688.6537
1704770100000,SYN_RAND_KIPP,5m,894.22508001,915.7631688,866.93489202,886.72745594,999527.2487
1704770400000,SYN_RAND_KIPP,5m,886.72745594,911.59561351,866.81850374,890.7705232,976935.8429
1704770700000,SYN_RAND_KIPP,5m,890.7705232,918.96239137,870.1782997,898.26136261,951181.8522
1704771000000,SYN_RAND_KIPP,5m,898.26136261,918.53772994,874.22760869,895.21512271,922569.2431
1704771300000,SYN_RAND_KIPP,5m,895.21512271,924.48558549,852.66651162,884.18724189,891435.0185
1704771600000,SYN_RAND_KIPP,5m,884.18724189,903.34620205,858.8183589,880.27675016,858145.3224
1704771900000,SYN_RAND_KIPP,5m,880.27675016,905.42302947,858.52282788,886.73923854,823091.2071
1704772200000,SYN_RAND_KIPP,5m,886.73923854,908.59592899,864.44010189,890.16048187,786684.1124
1704772500000,SYN_RAND_KIPP,5m,890.16048187,910.91627383,855.60777529,881.66781415,749351.1095
1704772800000,SYN_RAND_KIPP,5m,881.66781415,906.18515247,839.5087292,871.42959177,711529.9639
1704773100000,SYN_RAND_KIPP,5m,871.42959177,889.15863912,848.44367436,872.11325966,742862.4361
1704773400000,SYN_RAND_KIPP,5m,872.11325966,895.5215958,848.77938716,878.79276544,781398.6951
1704773700000,SYN_RAND_KIPP,5m,878.79276544,895.33404151,853.1127699,876.94103649,819094.8974
1704774000000,SYN_RAND_KIPP,5m,876.94103649,902.15184142,828.13204307,865.57523252,855521.446
1704774300000,SYN_RAND_KIPP,5m,865.57523252,881.30157883,834.9755197,859.01153563,890263.4114
1704774600000,SYN_RAND_KIPP,5m,859.01153563,878.9874957,834.90734471,863.6308442,922925.3282
1704774900000,SYN_RAND_KIPP,5m,863.6308442,883.28644071,839.1674032,868.0768398,953135.7668
1704775200000,SYN_RAND_KIPP,5m,868.0768398,883.15736203,836.41069402,861.20745162,980551.6261
1704775500000,SYN_RAND_KIPP,5m,861.20745162,884.07792893,811.75385333,850.10202735,1004862.1009
1704775800000,SYN_RAND_KIPP,5m,850.10202735,864.5369373,823.93998547,848.5566374,1025792.2733
1704776100000,SYN_RAND_KIPP,5m,848.5566374,869.27455148,823.85638549,854.99423286,1043106.2918
1704776400000,SYN_RAND_KIPP,5m,854.99423286,869.50403364,830.00371945,855.21824948,1056610.097
1704776700000,SYN_RAND_KIPP,5m,855.21824948,875.80162759,808.58822733,844.89757382,1066153.6647
1704777000000,SYN_RAND_KIPP,5m,844.89757382,861.14066957,807.9182776,836.72522956,1071632.7406
1704777300000,SYN_RAND_KIPP,5m,836.72522956,853.57029508,812.1263997,839.7320597,1072990.045
1704777600000,SYN_RAND_KIPP,5m,839.7320597,859.05293528,815.05146132,845.15834217,1070215.9349
1704777900000,SYN_RAND_KIPP,5m,845.15834217,859.17674326,815.53731974,840.34337999,1063348.5156
1704778200000,SYN_RAND_KIPP,5m,840.34337999,862.95647352,789.28927274,829.03171769,1052473.1997
1704778500000,SYN_RAND_KIPP,5m,829.03171769,842.92905542,801.15606628,825.34237308,1037721.7201
1704778800000,SYN_RAND_KIPP,5m,825.34237308,844.94485172,801.37551353,830.99754601,1019270.607
1704779100000,SYN_RAND_KIPP,5m,830.99754601,847.08325815,807.00446415,832.90239024,997339.147
1704779400000,SYN_RAND_KIPP,5m,832.90239024,851.68038698,792.63883592,823.83650908,972186.8481
1704779700000,SYN_RAND_KIPP,5m,823.83650908,843.94399125,781.53427817,814.25344373,944110.4401
1704780000000,SYN_RAND_KIPP,5m,814.25344373,829.67680353,791.29146341,815.23401628,913440.4439
1704780300000,SYN_RAND_KIPP,5m,815.23401628,835.66267723,792.47147782,820.97540307,880537.3508
1704780600000,SYN_RAND_KIPP,5m,820.97540307,836.015296,795.44616323,818.11982788,845787.4554
1704780900000,SYN_RAND_KIPP,5m,818.11982788,842.8453927,770.88132936,807.06968379,809598.3898
1704781200000,SYN_RAND_KIPP,5m,807.06968379,822.40014428,779.71120136,801.45550447,772394.4114
1704781500000,SYN_RAND_KIPP,5m,801.45550447,821.57633824,780.15799499,806.05698549,734611.4986
1704781800000,SYN_RAND_KIPP,5m,806.05698549,825.47621497,784.94907126,809.55588643,750144.9195
1704782100000,SYN_RAND_KIPP,5m,809.55588643,826.78635723,780.38802042,802.43138173,788773.2099
1704782400000,SYN_RAND_KIPP,5m,802.43138173,827.18299705,761.88375619,792.4046269,826650.8786
1704782700000,SYN_RAND_KIPP,5m,792.4046269,809.04567697,772.12944277,791.88948024,863345.9255
1704783000000,SYN_RAND_KIPP,5m,791.88948024,815.18600182,772.49017119,798.20788788,898440.0097
1704783300000,SYN_RAND_KIPP,5m,798.20788788,815.67827527,778.8621499,798.05943735,931533.2852
1704783600000,SYN_RAND_KIPP,5m,798.05943735,823.31817324,761.9553767,788.63712694,962249.0231
1704783900000,SYN_RAND_KIPP,5m,788.63712694,806.61419398,764.08666081,782.33761179,990237.9668
1704784200000,SYN_RAND_KIPP,5m,782.33761179,804.80363136,764.58958877,786.61302033,1015182.3685
1704784500000,SYN_RAND_KIPP,5m,786.61302033,811.031895,769.12597856,792.38390114,1036799.6629
1704784800000,SYN_RAND_KIPP,5m,792.38390114,811.52635599,771.13521566,788.39289627,1054845.7334
1704785100000,SYN_RAND_KIPP,5m,788.39289627,815.17813892,756.09460182,779.32056812,1069117.7338
1704785400000,SYN_RAND_KIPP,5m,779.32056812,798.83519082,761.95781755,778.24323345,1079456.433
1704785700000,SYN_RAND_KIPP,5m,778.24323345,808.07274968,760.1779375,785.59752323,1085748.0562
1704786000000,SYN_RAND_KIPP,5m,785.59752323,809.03393481,769.8414662,788.70160561,1087925.5992
1704786300000,SYN_RAND_KIPP,5m,788.70160561,810.57415129,765.40649924,781.76607362,1085969.6035
1704786600000,SYN_RAND_KIPP,5m,781.76607362,802.61071042,760.34284621,775.41058842,1079908.3811
1704786900000,SYN_RAND_KIPP,5m,775.41058842,800.31570711,760.7476849,779.35818673,1069817.6867
1704787200000,SYN_RAND_KIPP,5m,779.35818673,812.30627912,762.22538786,787.04815083,1055819.8425
1704787500000,SYN_RAND_KIPP,5m,787.04815083,808.84371476,771.640034,785.99949451,1038082.3236
1704787800000,SYN_RAND_KIPP,5m,785.99949451,813.76011741,759.93494856,777.73459334,1016815.8223
1704788100000,SYN_RAND_KIPP,5m,777.73459334,799.7155923,761.6728833,775.41906722,992271.8122
1704788400000,SYN_RAND_KIPP,5m,775.41906722,806.79134483,760.57765251,782.51521959,964739.6414
1704788700000,SYN_RAND_KIPP,5m,782.51521959,809.9444215,769.04722505,787.46562315,934543.187
1704789000000,SYN_RAND_KIPP,5m,787.46562315,810.23528169,768.45446625,781.85900977,902037.1121
1704789300000,SYN_RAND_KIPP,5m,781.85900977,808.90137567,758.42275246,774.10797358,867602.7648
1704789600000,SYN_RAND_KIPP,5m,774.10797358,798.33890601,761.15286905,775.7334255,831643.7703
1704789900000,SYN_RAND_KIPP,5m,775.7334255,808.33778119,761.31747717,782.9534338,794581.3653
1704790200000,SYN_RAND_KIPP,5m,782.9534338,805.94357493,769.76905214,782.74583438,756849.5276
1704790500000,SYN_RAND_KIPP,5m,782.74583438,815.26046573,755.23177518,773.5283771,756570.7022
1704790800000,SYN_RAND_KIPP,5m,773.5283771,796.26702967,755.0681799,767.86348715,795266.5565
1704791100000,SYN_RAND_KIPP,5m,767.86348715,794.55607144,755.13712241,772.00870724,833301.6021
1704791400000,SYN_RAND_KIPP,5m,772.00870724,798.81848547,759.16386686,776.19917586,870241.6469
1704791700000,SYN_RAND_KIPP,5m,776.19917586,798.86645933,757.08295208,770.07231825,905665.1428
1704792000000,SYN_RAND_KIPP,5m,770.07231825,807.30381011,737.80855173,759.4012613,939168.0587
1704792300000,SYN_RAND_KIPP,5m,759.4012613,781.36054964,743.79206821,756.71777532,970368.5509
1704792600000,SYN_RAND_KIPP,5m,756.71777532,782.95246984,743.69508331,761.21343905,998911.3773
1704792900000,SYN_RAND_KIPP,5m,761.21343905,782.91602291,747.04343194,760.30909044,1024472.0036
1704793200000,SYN_RAND_KIPP,5m,760.30909044,796.56475882,726.95136782,749.61989412,1046760.3548
1704793500000,SYN_RAND_KIPP,5m,749.61989412,781.28335253,719.89624065,740.19385007,1065524.1685
1704793800000,SYN_RAND_KIPP,5m,740.19385007,761.01213722,726.69116745,740.51216485,1080551.9109
1704794100000,SYN_RAND_KIPP,5m,740.51216485,763.54825887,726.76575609,743.27739006,1091675.2222
1704794400000,SYN_RAND_KIPP,5m,743.27739006,763.36864725,723.06738382,737.12043174,1098770.8623
1704794700000,SYN_RAND_KIPP,5m,737.12043174,776.36845055,696.49262653,724.85542997,1101762.1356
1704795000000,SYN_RAND_KIPP,5m,724.85542997,743.90759268,704.7142512,718.96013481,1100619.7777
1704795300000,SYN_RAND_KIPP,5m,718.96013481,740.10049602,704.54303681,721.49036283,1095362.2934
1704795600000,SYN_RAND_KIPP,5m,721.49036283,739.86730178,706.47114503,721.23766962,1086055.7426
1704795900000,SYN_RAND_KIPP,5m,721.23766962,750.44000773,687.1584984,711.5207392,1072812.977
1704796200000,SYN_RAND_KIPP,5m,711.5207392,742.36326661,674.34037683,701.07576572,1055792.3351
1704796500000,SYN_RAND_KIPP,5m,701.07576572,718.01504861,684.54769391,699.81407902,1035195.8119
1704796800000,SYN_RAND_KIPP,5m,699.81407902,719.80971656,684.25932679,703.21675952,1011266.7238
1704797100000,SYN_RAND_KIPP,5m,703.21675952,719.5703906,683.77010701,699.72049583,984286.8958
1704797400000,SYN_RAND_KIPP,5m,699.72049583,728.63309017,659.80930696,689.15254447,954573.4035
1704797700000,SYN_RAND_KIPP,5m,689.15254447,705.41362477,665.91623749,683.08768654,922474.9079
1704798000000,SYN_RAND_KIPP,5m,683.08768654,701.0479837,666.66169101,686.09463863,888367.6248
1704798300000,SYN_RAND_KIPP,5m,686.09463863,703.52377764,669.28960676,688.81133704,852650.9756
1704798600000,SYN_RAND_KIPP,5m,688.81133704,704.08896161,664.61481738,682.7500481,815742.9698
1704798900000,SYN_RAND_KIPP,5m,682.7500481,704.34910887,647.37678265,674.0018982,778075.3735
1704799200000,SYN_RAND_KIPP,5m,674.0018982,687.58806729,655.93964504,673.31543815,761979.1829
1704799500000,SYN_RAND_KIPP,5m,673.31543815,692.22280905,655.6858245,678.92199476,800718.4537
1704799800000,SYN_RAND_KIPP,5m,678.92199476,692.65869845,660.88280161,679.50991247,838887.065
1704800100000,SYN_RAND_KIPP,5m,679.50991247,696.36699183,648.21265988,672.11577321,876048.8447
1704800400000,SYN_RAND_KIPP,5m,672.11577321,684.65029014,648.68334803,667.02414943,911779.2438
1704800700000,SYN_RAND_KIPP,5m,667.02414943,683.22765845,648.60408084,671.00630518,945670.2434
1704801000000,SYN_RAND_KIPP,5m,671.00630518,689.01247581,651.92926584,676.7004641,977335.0717
1704801300000,SYN_RAND_KIPP,5m,676.7004641,688.70492859,655.11191219,674.19337527,1006412.6746
1704801600000,SYN_RAND_KIPP,5m,674.19337527,689.48156596,642.03546293,666.90798517,1032571.8899
1704801900000,SYN_RAND_KIPP,5m,666.90798517,678.42045767,646.95224613,666.0758592,1055515.2747
1704802200000,SYN_RAND_KIPP,5m,666.0758592,685.94388871,643.49248249,672.59430929,1074982.5444
1704802500000,SYN_RAND_KIPP,5m,672.59430929,687.10126984,653.06391041,675.73436764,1090753.581
1704802800000,SYN_RAND_KIPP,5m,675.73436764,687.21859641,650.04097457,670.0257117,1102650.9778
1704803100000,SYN_RAND_KIPP,5m,670.0257117,681.65446069,643.77291347,664.2089674,1110542.0901
1704803400000,SYN_RAND_KIPP,5m,664.2089674,677.982542,644.71423006,666.9651799,1114340.5684
1704803700000,SYN_RAND_KIPP,5m,666.9651799,685.36526256,645.22909305,673.1281234,1114007.3567
1704804000000,SYN_RAND_KIPP,5m,673.1281234,684.2606508,652.07165136,671.86094713,1109551.1437
1704804300000,SYN_RAND_KIPP,5m,671.86094713,687.59954232,636.02913966,663.94226726,1101028.2623
1704804600000,SYN_RAND_KIPP,5m,663.94226726,674.9764852,641.13373228,660.59936224,1088542.0386
1704804900000,SYN_RAND_KIPP,5m,660.59936224,676.33039758,641.29020816,665.29326846,1072241.5971
1704805200000,SYN_RAND_KIPP,5m,665.29326846,679.62588541,645.92678482,668.43045953,1052320.1371
1704805500000,SYN_RAND_KIPP,5m,668.43045953,680.51733907,641.88299266,662.49812227,1029012.6987
1704805800000,SYN_RAND_KIPP,5m,662.49812227,679.42510547,625.89117713,654.27794133,1002593.4464
1704806100000,SYN_RAND_KIPP,5m,654.27794133,665.64303561,635.11396833,653.80476698,973372.4994
1704806400000,SYN_RAND_KIPP,5m,653.80476698,669.88668761,635.28352296,658.37377515,941692.3466
1704806700000,SYN_RAND_KIPP,5m,658.37377515,670.14205207,638.52888727,657.00465564,907923.8873
1704807000000,SYN_RAND_KIPP,5m,657.00465564,676.82241576,617.6172861,647.91365685,872462.144
1704807300000,SYN_RAND_KIPP,5m,647.91365685,662.06881685,620.50256554,641.53112306,835721.6954
1704807600000,SYN_RAND_KIPP,5m,641.53112306,655.62368073,624.13426254,643.55020528,798131.8844
1704807900000,SYN_RAND_KIPP,5m,643.55020528,658.49456979,626.32965948,646.15202804,766221.3487
1704808200000,SYN_RAND_KIPP,5m,646.15202804,659.57626133,622.32386931,640.43189107,804980.2809
1704808500000,SYN_RAND_KIPP,5m,640.43189107,663.58178703,600.61346644,630.76305105,843258.9966
1704808800000,SYN_RAND_KIPP,5m,630.76305105,643.60719095,611.5729771,627.70451485,880619.5573
1704809100000,SYN_RAND_KIPP,5m,627.70451485,644.12619793,611.91713768,631.07839895,916634.6203
1704809400000,SYN_RAND_KIPP,5m,631.07839895,644.47063762,614.93766354,630.53558883,950892.3784
1704809700000,SYN_RAND_KIPP,5m,630.53558883,652.82350163,596.99141635,621.96252391,983001.3207
1704810000000,SYN_RAND_KIPP,5m,621.96252391,642.48328021,592.12410784,614.2298295,1012594.7578
1704810300000,SYN_RAND_KIPP,5m,614.2298295,628.5871764,599.87623492,614.72458818,1039335.0612
1704810600000,SYN_RAND_KIPP,5m,614.72458818,631.94150664,600.63996775,617.7872163,1062917.5656
1704810900000,SYN_RAND_KIPP,5m,617.7872163,632.29378207,599.88917784,613.76221233,1083074.0914
1704811200000,SYN_RAND_KIPP,5m,613.76221233,640.54826264,579.8128425,604.43623611,1099576.0439
1704811500000,SYN_RAND_KIPP,5m,604.43623611,619.17457098,587.13218497,600.16013969,1112237.0564
1704811800000,SYN_RAND_KIPP,5m,600.16013969,618.01513563,587.48931803,603.11610088,1120915.1445
1704812100000,SYN_RAND_KIPP,5m,603.11610088,619.35232303,590.64350184,604.11927618,1125514.347
1704812400000,SYN_RAND_KIPP,5m,604.11927618,625.6755238,580.11580125,597.12354143,1125985.8352
1704812700000,SYN_RAND_KIPP,5m,597.12354143,622.46955057,569.73581654,589.02623102,1122328.4778
1704813000000,SYN_RAND_KIPP,5m,589.02623102,604.62132366,576.92309742,588.38639726,1114588.8532
1704813300000,SYN_RAND_KIPP,5m,588.38639726,607.63868013,577.1553604,591.84071687,1102860.7114
1704813600000,SYN_RAND_KIPP,5m,591.84071687,607.94095508,578.47624487,589.56368959,1087283.8903
1704813900000,SYN_RAND_KIPP,5m,589.56368959,618.23638734,561.72596094,580.88646481,1068042.6987
1704814200000,SYN_RAND_KIPP,5m,580.88646481,599.10882684,563.59414686,575.43315502,1045363.7862
1704814500000,SYN_RAND_KIPP,5m,575.43315502,593.66166053,565.18677606,577.47407893,1019513.5228
1704814800000,SYN_RAND_KIPP,5m,577.47407893,595.77952668,567.34097263,579.38491748,990794.9195
1704815100000,SYN_RAND_KIPP,5m,579.38491748,598.86044426,561.93241534,573.71458674,959544.1259
1704815400000,SYN_RAND_KIPP,5m,573.71458674,603.14732118,547.73275077,565.20563159,926126.544
1704815700000,SYN_RAND_KIPP,5m,565.20563159,581.59604252,553.48900248,563.06272525,890932.6042
1704816000000,SYN_RAND_KIPP,5m,563.06272525,582.64483405,553.60603401,566.23583136,854373.2521
1704816300000,SYN_RAND_KIPP,5m,566.23583136,582.80088028,555.86257151,565.30898109,816875.1975
1704816600000,SYN_RAND_KIPP,5m,565.30898109,593.01428691,541.75894199,557.4386786,778875.9825
1704816900000,SYN_RAND_KIPP,5m,557.4386786,579.97839723,538.348344,551.04634797,807916.8274
1704817200000,SYN_RAND_KIPP,5m,551.04634797,568.30797749,541.93341899,552.10721486,846282.6031
1704817500000,SYN_RAND_KIPP,5m,552.10721486,571.0844632,542.96779212,554.86146076,883819.366
1704817800000,SYN_RAND_KIPP,5m,554.86146076,571.13846337,541.7895592,551.00150495,920097.1887
1704818100000,SYN_RAND_KIPP,5m,551.00150495,579.069749,526.99982211,543.0061227,954700.677
1704818400000,SYN_RAND_KIPP,5m,543.0061227,558.83059824,531.03142924,540.15129746,987233.7721
1704818700000,SYN_RAND_KIPP,5m,540.15129746,559.24611011,531.00192056,543.58228678,1017324.3286
1704819000000,SYN_RAND_KIPP,5m,543.58228678,560.40956186,534.28032901,544.74070833,1044628.4167
1704819300000,SYN_RAND_KIPP,5m,544.74070833,564.81797473,526.74884946,538.89516127,1068834.2976
1704819600000,SYN_RAND_KIPP,5m,538.89516127,559.43735812,520.16866949,532.86542021,1089666.0276
1704819900000,SYN_RAND_KIPP,5m,532.86542021,548.89551653,523.37695672,533.90547477,1106886.6473
1704820200000,SYN_RAND_KIPP,5m,533.90547477,553.10367558,524.24627136,538.23659625,1120300.9212
1704820500000,SYN_RAND_KIPP,5m,538.23659625,553.05759714,527.18863878,537.09288152,1129757.5943
1704820800000,SYN_RAND_KIPP,5m,537.09288152,558.04281202,516.24784909,530.67522886,1135151.1406
1704821100000,SYN_RAND_KIPP,5m,530.67522886,544.92358596,517.75973946,527.88927569,1136422.9831
1704821400000,SYN_RAND_KIPP,5m,527.88927569,545.86464548,517.61570338,531.8883042,1133562.1707
1704821700000,SYN_RAND_KIPP,5m,531.8883042,549.09124294,521.32879639,535.21713177,1126605.5046
1704822000000,SYN_RAND_KIPP,5m,535.21713177,548.96026055,520.68092857,531.52433679,1115637.1132
1704822300000,SYN_RAND_KIPP,5m,531.52433679,548.79568805,511.68405483,525.82581345,1100787.4792
1704822600000,SYN_RAND_KIPP,5m,525.82581345,539.37041146,514.72427031,526.3168313,1082231.9314
1704822900000,SYN_RAND_KIPP,5m,526.3168313,545.59919105,513.61344266,531.2282706,1060188.6178
1704823200000,SYN_RAND_KIPP,5m,531.2282706,544.39884178,519.53980993,531.68400377,1034915.9838
1704823500000,SYN_RAND_KIPP,5m,531.68400377,548.4408902,509.71176416,525.73711301,1006709.7845
1704823800000,SYN_RAND_KIPP,5m,525.73711301,537.84232766,509.55218753,521.59802151,975899.6659
1704824100000,SYN_RAND_KIPP,5m,521.59802151,536.00171844,509.40898711,524.22984373,942845.3542
1704824400000,SYN_RAND_KIPP,5m,524.22984373,539.15794086,511.74112606,527.56485008,907932.497
1704824700000,SYN_RAND_KIPP,5m,527.56485008,538.99426734,511.26339506,524.06898809,871568.2059
1704825000000,SYN_RAND_KIPP,5m,524.06898809,542.45231777,495.43859751,516.84999074,834176.3497
1704825300000,SYN_RAND_KIPP,5m,516.84999074,527.59341453,501.61126643,514.61063909,796192.6547
1704825600000,SYN_RAND_KIPP,5m,514.61063909,528.10532765,501.44956621,517.6264743,809407.8889
1704825900000,SYN_RAND_KIPP,5m,517.6264743,527.95423525,504.0470212,517.49772641,847838.1579
1704826200000,SYN_RAND_KIPP,5m,517.49772641,534.02191101,488.1667354,510.45662459,885528.9803
1704826500000,SYN_RAND_KIPP,5m,510.45662459,526.35145928,481.3730719,503.55015436,922048.0539
1704826800000,SYN_RAND_KIPP,5m,503.55015436,513.02678356,489.48779866,503.14300467,956976.6004
1704827100000,SYN_RAND_KIPP,5m,503.14300467,514.24180469,489.32870892,504.94296866,989914.2068
1704827400000,SYN_RAND_KIPP,5m,504.94296866,514.11574845,486.91091856,500.93395639,1020483.4534
1704827700000,SYN_RAND_KIPP,5m,500.93395639,519.614532,462.89674676,492.22489148,1048334.2774
1704828000000,SYN_RAND_KIPP,5m,492.22489148,502.64070439,470.53921491,487.29568004,1073148.0188
1704828300000,SYN_RAND_KIPP,5m,487.29568004,496.77891147,473.37502754,488.31441867,1094641.1045
1704828600000,SYN_RAND_KIPP,5m,488.31441867,496.69384684,473.95209739,488.00461283,1112568.3264
1704828900000,SYN_RAND_KIPP,5m,488.00461283,501.83224784,457.63358931,481.21787064,1126725.6754
1704829200000,SYN_RAND_KIPP,5m,481.21787064,497.21049196,445.6330094,473.29810364,1136952.7001
1704829500000,SYN_RAND_KIPP,5m,473.29810364,481.20582915,457.52877526,471.36318139,1143134.3615
1704829800000,SYN_RAND_KIPP,5m,471.36318139,480.8936847,457.54362002,473.05999993,1145202.3624
1704830100000,SYN_RAND_KIPP,5m,473.05999993,480.89515706,456.59987476,470.49591137,1143135.9377
1704830400000,SYN_RAND_KIPP,5m,470.49591137,485.76729985,435.65445383,462.80104058,1136962.0934
1704830700000,SYN_RAND_KIPP,5m,462.80104058,473.17502164,439.14978124,457.57643553,1126755.295
1704831000000,SYN_RAND_KIPP,5m,457.57643553,466.13456144,444.14643752,458.54464195,1112636.6067
1704831300000,SYN_RAND_KIPP,5m,458.54464195,467.50231084,445.11956182,459.86299648,1094772.2914
1704831600000,SYN_RAND_KIPP,5m,459.86299648,468.87017854,439.71153012,455.38566083,1073371.889
1704831900000,SYN_RAND_KIPP,5m,455.38566083,469.27187783,424.67957981,448.53847495,1048685.7942
1704832200000,SYN_RAND_KIPP,5m,448.53847495,456.19344778,433.76629622,446.71605957,1021002.3618
1704832500000,SYN_RAND_KIPP,5m,446.71605957,457.13609738,433.9064987,449.42463927,990644.573
1704832800000,SYN_RAND_KIPP,5m,449.42463927,457.28389518,436.43275587,449.21894432,957966.3025
1704833100000,SYN_RAND_KIPP,5m,449.21894432,461.47652156,423.97731759,443.46090916,923348.227
1704833400000,SYN_RAND_KIPP,5m,443.46090916,453.9236367,422.41060161,438.62205541,887193.425
1704833700000,SYN_RAND_KIPP,5m,438.62205541,447.74175127,426.50943679,439.70516922,849922.7172
1704834000000,SYN_RAND_KIPP,5m,439.70516922,450.58939036,427.70648826,442.38911511,811969.8015
1704834300000,SYN_RAND_KIPP,5m,442.38911511,450.7937989,427.95877665,439.87634284,809349.6903
1704834600000,SYN_RAND_KIPP,5m,439.87634284,454.10810365,414.22804881,433.75272597,847822.4191
1704834900000,SYN_RAND_KIPP,5m,433.75272597,442.32124106,420.06272314,431.4197239,885645.6487
1704835200000,SYN_RAND_KIPP,5m,431.4197239,442.82331856,420.29778317,434.12691573,922384.9136
1704835500000,SYN_RAND_KIPP,5m,434.12691573,444.08064918,423.11639976,435.14845995,957618.2561
1704835800000,SYN_RAND_KIPP,5m,435.14845995,447.1222512,416.184784,430.39798514,990941.1045
1704836100000,SYN_RAND_KIPP,5m,430.39798514,444.08061534,409.45228365,425.0807749,1021970.9495
1704836400000,SYN_RAND_KIPP,5m,425.0807749,434.50202318,414.85907196,425.19657802,1050351.766
1704836700000,SYN_RAND_KIPP,5m,425.19657802,437.53791732,415.16449132,428.03753621,1075758.1288
1704837000000,SYN_RAND_KIPP,5m,428.03753621,437.79642926,416.66115682,426.56523809,1097898.9742
1704837300000,SYN_RAND_KIPP,5m,426.56523809,443.13100673,404.47210771,420.62913076,1116520.9648
1704837600000,SYN_RAND_KIPP,5m,420.62913076,430.60254797,407.92456698,417.27380046,1131411.4178
1704837900000,SYN_RAND_KIPP,5m,417.27380046,429.39920526,408.18746898,419.31702154,1142400.7638
1704838200000,SYN_RAND_KIPP,5m,419.31702154,431.37701729,410.37292263,421.05874053,1149364.5068
1704838500000,SYN_RAND_KIPP,5m,421.05874053,432.34922336,407.88290984,417.30191696,1152224.6634
1704838800000,SYN_RAND_KIPP,5m,417.30191696,434.22905554,398.16252583,411.76387017,1150950.6641
1704839100000,SYN_RAND_KIPP,5m,411.76387017,422.42236325,402.77433739,411.03124709,1145559.7069
1704839400000,SYN_RAND_KIPP,5m,411.03124709,424.8452842,402.95314825,414.04163512,1136116.5582
1704839700000,SYN_RAND_KIPP,5m,414.04163512,425.08281476,405.9160542,413.89491218,1122732.8041
1704840000000,SYN_RAND_KIPP,5m,413.89491218,430.45627941,397.20532835,408.78919992,1105565.5607
1704840300000,SYN_RAND_KIPP,5m,408.78919992,421.22379182,396.57159535,405.00383386,1084815.6575
1704840600000,SYN_RAND_KIPP,5m,405.00383386,417.88376304,397.61577083,406.66696246,1060725.3162
1704840900000,SYN_RAND_KIPP,5m,406.66696246,420.69034536,399.36952901,409.30651522,1033575.3501
1704841200000,SYN_RAND_KIPP,5m,409.30651522,420.87562558,399.68401628,406.91742396,1003681.9184
1704841500000,SYN_RAND_KIPP,5m,406.91742396,425.15682283,390.43755831,401.58625091,971392.8711
1704841800000,SYN_RAND_KIPP,5m,401.58625091,413.12307795,393.19203698,400.10307834,937083.728
1704842100000,SYN_RAND_KIPP,5m,400.10307834,414.56794679,393.29298588,402.99830409,901153.338
1704842400000,SYN_RAND_KIPP,5m,402.99830409,415.53322282,396.20282451,403.8159678,864019.2677
1704842700000,SYN_RAND_KIPP,5m,403.8159678,419.6801718,390.19811562,399.28897261,826112.9751
1704843000000,SYN_RAND_KIPP,5m,399.28897261,415.56207652,385.41957894,394.66056607,807656.121
1704843300000,SYN_RAND_KIPP,5m,394.66056607,406.68999427,388.11957517,395.10126542,846149.8569
1704843600000,SYN_RAND_KIPP,5m,395.10126542,409.13387648,388.56570687,397.51947065,884084.3798
1704843900000,SYN_RAND_KIPP,5m,397.51947065,409.20490225,388.91706284,395.49268192,921023.273
1704844200000,SYN_RAND_KIPP,5m,395.49268192,416.58451196,377.60150325,389.50680726,956541.6057
1704844500000,SYN_RAND_KIPP,5m,389.50680726,401.16976784,379.56603757,386.18953582,990230.8452
1704844800000,SYN_RAND_KIPP,5m,386.18953582,398.83310685,379.72643216,387.55562871,1021703.5794
1704845100000,SYN_RAND_KIPP,5m,387.55562871,399.24682675,381.02003189,387.97908688,1050597.995
1704845400000,SYN_RAND_KIPP,5m,387.97908688,404.89704809,373.14361329,383.10331954,1076582.0605
1704845700000,SYN_RAND_KIPP,5m,383.10331954,404.47375956,364.09983546,376.90386863,1099357.3637
1704846000000,SYN_RAND_KIPP,5m,376.90386863,387.64881583,368.62356077,375.19263503,1118662.562
1704846300000,SYN_RAND_KIPP,5m,375.19263503,386.99476312,368.56119658,376.39078989,1134276.4028
1704846600000,SYN_RAND_KIPP,5m,376.39078989,386.92610197,367.44330989,374.19844972,1146020.2816
1704846900000,SYN_RAND_KIPP,5m,374.19844972,396.00946378,353.26522337,367.63503469,1153760.3062
1704847200000,SYN_RAND_KIPP,5m,367.63503469,383.92684949,351.62386927,362.67488417,1157408.845
1704847500000,SYN_RAND_KIPP,5m,362.67488417,372.47707685,355.68490994,362.54309476,1156925.5394
1704847800000,SYN_RAND_KIPP,5m,362.54309476,372.47288354,355.55538955,362.80626534,1152317.7707
1704848100000,SYN_RAND_KIPP,5m,362.80626534,376.49458473,348.22749749,358.46582968,1143640.5745
1704848400000,SYN_RAND_KIPP,5m,358.46582968,378.51070908,336.47815202,352.01169424,1130996.0047
1704848700000,SYN_RAND_KIPP,5m,352.01169424,360.97640201,342.16115763,349.36698706,1114531.9537
1704849000000,SYN_RAND_KIPP,5m,349.36698706,359.17143837,342.06622164,350.42315782,1094440.4425
1704849300000,SYN_RAND_KIPP,5m,350.42315782,359.04470239,341.94272794,349.41874719,1070955.4013
1704849600000,SYN_RAND_KIPP,5m,349.41874719,364.88885144,330.13514185,344.08228506,1044349.9652
1704849900000,SYN_RAND_KIPP,5m,344.08228506,357.57503439,326.68634484,339.3393001,1014933.3164
1704850200000,SYN_RAND_KIPP,5m,339.3393001,347.2294203,331.57894679,339.27722568,983047.1108
1704850500000,SYN_RAND_KIPP,5m,339.27722568,348.50263143,331.42547276,340.7688368,949061.5278
1704850800000,SYN_RAND_KIPP,5m,340.7688368,348.38136788,330.43994534,338.48148269,913370.9913
1704851100000,SYN_RAND_KIPP,5m,338.48148269,351.85933246,318.68745314,333.38791197,876389.6104
1704851400000,SYN_RAND_KIPP,5m,333.38791197,340.53568749,323.02131969,331.18855137,838546.3922
1704851700000,SYN_RAND_KIPP,5m,331.18855137,340.0500011,322.92970684,333.09487155,804259.7666
1704852000000,SYN_RAND_KIPP,5m,333.09487155,340.89373684,324.64546313,334.0415996,842753.6792
1704852300000,SYN_RAND_KIPP,5m,334.0415996,342.21047325,320.21308076,330.66388098,880778.9603
1704852600000,SYN_RAND_KIPP,5m,330.66388098,339.96107242,314.41432143,326.7411553,917897.4555
1704852900000,SYN_RAND_KIPP,5m,326.7411553,333.33788666,318.05843386,327.01093629,953681.4684
1704853200000,SYN_RAND_KIPP,5m,327.01093629,335.83770468,318.20046392,329.62611216,987718.705
1704853500000,SYN_RAND_KIPP,5m,329.62611216,335.77243403,320.11858052,329.11445819,1019617.0395
1704853800000,SYN_RAND_KIPP,5m,329.11445819,338.03984677,311.59858353,325.05437938,1049009.0476
1704854100000,SYN_RAND_KIPP,5m,325.05437938,330.9105261,313.71137533,322.78741415,1075556.2534
1704854400000,SYN_RAND_KIPP,5m,322.78741415,330.4442942,313.68475951,324.71890201,1098953.0424
1704854700000,SYN_RAND_KIPP,5m,324.71890201,332.26361245,315.4798877,326.5858522,1118930.194
1704855000000,SYN_RAND_KIPP,5m,326.5858522,332.22291809,314.7995126,324.16498429,1135257.9942
1704855300000,SYN_RAND_KIPP,5m,324.16498429,332.53017426,305.92652679,320.07997125,1147748.8906
1704855600000,SYN_RAND_KIPP,5m,320.07997125,325.48892204,310.22959327,319.52431615,1156259.6604
1704855900000,SYN_RAND_KIPP,5m,319.52431615,327.28239854,310.20244527,321.92612115,1160693.0664
1704856200000,SYN_RAND_KIPP,5m,321.92612115,327.30128455,312.50063679,321.93828772,1160998.9808
1704856500000,SYN_RAND_KIPP,5m,321.93828772,329.96486987,303.70229081,317.90564602,1157174.9646
1704856800000,SYN_RAND_KIPP,5m,317.90564602,324.47027534,302.93889523,314.59948401,1149266.2957
1704857100000,SYN_RAND_KIPP,5m,314.59948401,320.64182049,305.35059563,315.43879507,1137365.4461
1704857400000,SYN_RAND_KIPP,5m,315.43879507,322.37167062,306.17296654,317.14702951,1121611.012
1704857700000,SYN_RAND_KIPP,5m,317.14702951,322.41797751,305.66659341,314.96458708,1102186.1123
1704858000000,SYN_RAND_KIPP,5m,314.96458708,324.33567611,293.8977891,310.29082324,1079316.2715
1704858300000,SYN_RAND_KIPP,5m,310.29082324,315.5127104,299.39848073,308.43057826,1053266.8128
1704858600000,SYN_RAND_KIPP,5m,308.43057826,315.28439973,299.499286,310.0471623,1024339.7908
1704858900000,SYN_RAND_KIPP,5m,310.0471623,315.57376572,301.12531488,310.25282162,992870.4998
1704859200000,SYN_RAND_KIPP,5m,310.25282162,318.39080412,292.96804736,306.34913536,959223.5983
1704859500000,SYN_RAND_KIPP,5m,306.34913536,315.04917447,288.23926321,302.23245033,923788.8927
1704859800000,SYN_RAND_KIPP,5m,302.23245033,307.63553163,293.55455182,302.03527372,886976.8322
1704860100000,SYN_RAND_KIPP,5m,302.03527372,309.09729842,293.64814497,303.60968179,849213.7631
1704860400000,SYN_RAND_KIPP,5m,303.60968179,309.22176609,293.66561188,302.00059734,810937.0012
1704860700000,SYN_RAND_KIPP,5m,302.00059734,312.50948767,282.20985289,297.34806225,837586.6402
1704861000000,SYN_RAND_KIPP,5m,297.34806225,303.47938747,286.1323783,294.684414,875682.7565
1704861300000,SYN_RAND_KIPP,5m,294.684414,301.53721252,286.91149758,295.77306368,912961.3965
1704861600000,SYN_RAND_KIPP,5m,295.77306368,302.34695739,288.08840521,296.44454075,948992.3074
1704861900000,SYN_RAND_KIPP,5m,296.44454075,304.39737696,283.20543198,293.19049929,983359.6353
1704862200000,SYN_RAND_KIPP,5m,293.19049929,304.06926235,275.67147851,288.82999506,1015666.7324
1704862500000,SYN_RAND_KIPP,5m,288.82999506,294.96043834,280.75990832,287.89759294,1045540.7427
1704862800000,SYN_RAND_KIPP,5m,287.89759294,295.64642467,280.91064428,289.40807765,1072636.9115
1704863100000,SYN_RAND_KIPP,5m,289.40807765,295.80941478,281.61672238,288.51006882,1096642.5709
1704863400000,SYN_RAND_KIPP,5m,288.51006882,300.24493294,272.03166445,284.17789707,1117280.7546
1704863700000,SYN_RAND_KIPP,5m,284.17789707,293.24664789,271.8753889,280.8963218,1134313.3989
1704864000000,SYN_RAND_KIPP,5m,280.8963218,287.94208508,274.58964518,281.34508691,1147544.0952
1704864300000,SYN_RAND_KIPP,5m,281.34508691,288.98125919,275.15591279,282.24614338,1156820.3602
1704864600000,SYN_RAND_KIPP,5m,282.24614338,290.08428208,272.64168334,279.56781728,1162035.3986
1704864900000,SYN_RAND_KIPP,5m,279.56781728,293.19233166,263.41205346,274.99502984,1163129.3379
1704865200000,SYN_RAND_KIPP,5m,274.99502984,281.94168486,267.49119046,273.17711962,1160089.9199
1704865500000,SYN_RAND_KIPP,5m,273.17711962,281.26798488,267.6436483,274.25238226,1152952.643
1704865800000,SYN_RAND_KIPP,5m,274.25238226,281.40717242,268.31349861,273.75717726,1141800.3517
1704866100000,SYN_RAND_KIPP,5m,273.75717726,286.66072294,260.21432116,269.69630943,1126762.2786
1704866400000,SYN_RAND_KIPP,5m,269.69630943,282.26346664,256.86468583,265.79630469,1108012.551
1704866700000,SYN_RAND_KIPP,5m,265.79630469,273.02774852,260.43786001,265.41643393,1085768.1775
1704867000000,SYN_RAND_KIPP,5m,265.41643393,273.59733344,260.5332239,266.28797604,1060286.5398
1704867300000,SYN_RAND_KIPP,5m,266.28797604,273.70374079,259.3566227,264.17346185,1031862.4171
1704867600000,SYN_RAND_KIPP,5m,264.17346185,279.47641455,249.95634432,259.64062957,1000824.579
1704867900000,SYN_RAND_KIPP,5m,259.64062957,268.12298534,251.90932356,257.1510078,967531.9841
1704868200000,SYN_RAND_KIPP,5m,257.1510078,265.21238794,252.69879871,257.85172261,932369.6314
1704868500000,SYN_RAND_KIPP,5m,257.85172261,265.33624081,253.43973129,257.90316862,895744.1094
1704868800000,SYN_RAND_KIPP,5m,257.90316862,269.50931344,247.78980148,254.5681188,858078.8956
1704869100000,SYN_RAND_KIPP,5m,254.5681188,268.27524064,242.74996313,250.64869039,819809.462
1704869400000,SYN_RAND_KIPP,5m,250.64869039,257.98155215,245.72913836,249.91045082,830621.6262
1704869700000,SYN_RAND_KIPP,5m,249.91045082,258.45203461,245.76152605,251.12069805,868769.2916
1704870000000,SYN_RAND_KIPP,5m,251.12069805,258.49965113,245.93499681,250.0919008,906189.2133
1704870300000,SYN_RAND_KIPP,5m,250.0919008,263.32950965,238.89358802,246.33974393,942448.7919
1704870600000,SYN_RAND_KIPP,5m,246.33974393,254.9652665,239.03407131,243.89349515,977128.8168
1704870900000,SYN_RAND_KIPP,5m,243.89349515,251.90436572,239.84417563,244.74982781,1009828.3123
1704871200000,SYN_RAND_KIPP,5m,244.74982781,252.96968911,240.6664911,245.80983062,1040169.1726
1704871500000,SYN_RAND_KIPP,5m,245.80983062,252.97302811,239.65489362,243.78358522,1067800.5327
1704871800000,SYN_RAND_KIPP,5m,243.78358522,255.26870692,233.77353963,240.48298372,1092402.8243
1704872100000,SYN_RAND_KIPP,5m,240.48298372,247.41454482,235.75443984,239.8700658,1113691.4703
1704872400000,SYN_RAND_KIPP,5m,239.8700658,248.56742882,235.71610396,241.70235952,1131420.174
1704872700000,SYN_RAND_KIPP,5m,241.70235952,248.85089272,237.46058586,241.98946424,1145383.7664
1704873000000,SYN_RAND_KIPP,5m,241.98946424,251.08758918,233.53382059,239.29406791,1155420.5781
1704873300000,SYN_RAND_KIPP,5m,239.29406791,246.66649974,232.29648747,237.08754012,1161414.3082
1704873600000,SYN_RAND_KIPP,5m,237.08754012,244.60989501,232.7241499,238.08207636,1163295.3683
1704873900000,SYN_RAND_KIPP,5m,238.08207636,246.43579243,233.62112645,239.95984695,1161041.6875
1704874200000,SYN_RAND_KIPP,5m,239.95984695,246.40187077,234.45003496,239.03116661,1154678.967
1704874500000,SYN_RAND_KIPP,5m,239.03116661,248.25238988,229.34811429,236.12839877,1144280.3834
1704874800000,SYN_RAND_KIPP,5m,236.12839877,242.28688511,230.57570783,235.26436981,1129965.7427
1704875100000,SYN_RAND_KIPP,5m,235.26436981,243.17365524,230.4970898,237.13347826,1111900.0954
1704875400000,SYN_RAND_KIPP,5m,237.13347826,244.05897598,232.22855567,238.07057941,1090291.8281
1704875700000,SYN_RAND_KIPP,5m,238.07057941,244.78073702,230.10907602,235.81773319,1065390.2555
1704876000000,SYN_RAND_KIPP,5m,235.81773319,243.48751214,226.41391154,233.19606707,1037482.7374
1704876300000,SYN_RAND_KIPP,5m,233.19606707,239.07223577,228.06418879,233.49166972,1006891.3575
1704876600000,SYN_RAND_KIPP,5m,233.49166972,240.70706327,228.24739174,235.22531767,973969.1999
1704876900000,SYN_RAND_KIPP,5m,235.22531767,240.64048114,229.12871109,234.51921065,939096.2677
1704877200000,SYN_RAND_KIPP,5m,234.51921065,243.32585123,222.14493162,231.26686215,902675.09
1704877500000,SYN_RAND_KIPP,5m,231.26686215,236.4017808,223.79798517,229.33153845,865126.0689
1704877800000,SYN_RAND_KIPP,5m,229.33153845,235.23172592,223.76406013,230.2642867,826882.6197
1704878100000,SYN_RAND_KIPP,5m,230.2642867,235.81346966,224.57206484,230.92792585,821852.009
1704878400000,SYN_RAND_KIPP,5m,230.92792585,237.0799881,221.01469819,228.46108671,860032.5918
1704878700000,SYN_RAND_KIPP,5m,228.46108671,237.14728894,213.99252567,224.90565281,897575.5424
1704879000000,SYN_RAND_KIPP,5m,224.90565281,229.39220022,218.02902532,223.87408134,934046.1263
1704879300000,SYN_RAND_KIPP,5m,223.87408134,229.15916115,217.96736213,224.78166475,969021.9812
1704879600000,SYN_RAND_KIPP,5m,224.78166475,229.0919446,217.85380338,223.86943126,1002097.999
1704879900000,SYN_RAND_KIPP,5m,223.86943126,232.19672879,208.17906432,220.18149814,1032891.0091
1704880200000,SYN_RAND_KIPP,5m,220.18149814,226.91851626,207.13218944,217.14329057,1061044.2075
1704880500000,SYN_RAND_KIPP,5m,217.14329057,221.08732514,210.95172997,216.98271531,1086231.2817
1704880800000,SYN_RAND_KIPP,5m,216.98271531,221.17319924,210.89302543,217.29524563,1108160.1828
1704881100000,SYN_RAND_KIPP,5m,217.29524563,222.35897361,206.7506043,214.89856704,1126576.5012
1704881400000,SYN_RAND_KIPP,5m,214.89856704,223.13334776,197.40215407,210.94752003,1141266.4082
1704881700000,SYN_RAND_KIPP,5m,210.94752003,214.84391381,202.51972235,209.05512978,1152059.1271
1704882000000,SYN_RAND_KIPP,5m,209.05512978,213.04375574,203.00084346,209.49457204,1158828.9079
1704882300000,SYN_RAND_KIPP,5m,209.49457204,213.01964232,202.79842942,208.89701605,1161496.4808
1704882600000,SYN_RAND_KIPP,5m,208.89701605,215.50488799,194.03967011,205.6010133,1160029.9725
1704882900000,SYN_RAND_KIPP,5m,205.6010133,212.07077599,190.94264009,202.35676978,1154445.2748
1704883200000,SYN_RAND_KIPP,5m,202.35676978,205.70827474,195.89019767,201.83445683,1144805.8605
1704883500000,SYN_RAND_KIPP,5m,201.83445683,205.78289182,195.90071022,202.44486807,1131222.0505
1704883800000,SYN_RAND_KIPP,5m,202.44486807,205.79470153,194.9687492,200.91872686,1113849.7377
1704884100000,SYN_RAND_KIPP,5m,200.91872686,207.68014867,185.55848339,197.52192605,1092888.5853
1704884400000,SYN_RAND_KIPP,5m,197.52192605,201.30737888,188.9765847,195.62852195,1068579.7186
1704884700000,SYN_RAND_KIPP,5m,195.62852195,199.54034489,189.92164045,196.26054117,1041202.9379
1704885000000,SYN_RAND_KIPP,5m,196.26054117,199.88686908,190.56191856,196.56977307,1011073.4839
1704885300000,SYN_RAND_KIPP,5m,196.56977307,201.13277286,186.62395429,194.34193145,978538.3933
1704885600000,SYN_RAND_KIPP,5m,194.34193145,200.0816692,182.03875833,191.5714269,943972.4877
1704885900000,SYN_RAND_KIPP,5m,191.5714269,194.92191353,185.74895156,191.19877736,907774.0404
1704886200000,SYN_RAND_KIPP,5m,191.19877736,195.82243536,185.80786518,192.43015371,870360.1722
1704886500000,SYN_RAND_KIPP,5m,192.43015371,195.89797415,186.67411154,192.04605128,832162.0303
1704886800000,SYN_RAND_KIPP,5m,192.04605128,197.64130111,181.0706832,189.50161859,811291.7645
1704887100000,SYN_RAND_KIPP,5m,189.50161859,193.25231736,182.3393724,187.82592647,849487.2963
1704887400000,SYN_RAND_KIPP,5m,187.82592647,192.25549528,182.76666262,188.68650563,887135.6422
1704887700000,SYN_RAND_KIPP,5m,188.68650563,193.45349979,183.67370286,189.7985162,923800.1451
1704888000000,SYN_RAND_KIPP,5m,189.7985162,193.54853327,183.55811427,188.52696653,959055.4972
1704888300000,SYN_RAND_KIPP,5m,188.52696653,194.35788253,178.66202017,186.11685331,992492.6561
1704888600000,SYN_RAND_KIPP,5m,186.11685331,189.94691886,180.94542606,185.66510346,1023723.5734
1704888900000,SYN_RAND_KIPP,5m,185.66510346,191.03593302,181.03664072,187.13540507,1052385.6806
1704889200000,SYN_RAND_KIPP,5m,187.13540507,191.47851916,182.55252806,187.4648635,1078146.0803
1704889500000,SYN_RAND_KIPP,5m,187.4648635,192.8973696,179.431889,185.39722732,1100705.3944
1704889800000,SYN_RAND_KIPP,5m,185.39722732,190.37649327,178.28437885,183.54047271,1119801.225
1704890100000,SYN_RAND_KIPP,5m,183.54047271,188.29218557,179.29439213,184.10687568,1135211.1877
1704890400000,SYN_RAND_KIPP,5m,184.10687568,189.70678884,179.93173676,185.42451815,1146755.4821
1704890700000,SYN_RAND_KIPP,5m,185.42451815,189.82181146,180.46903198,184.58967747,1154298.9707
1704891000000,SYN_RAND_KIPP,5m,184.58967747,191.78516157,175.62589905,182.10840875,1157752.7409
1704891300000,SYN_RAND_KIPP,5m,182.10840875,186.59032513,177.20559335,181.089282,1157075.1325
1704891600000,SYN_RAND_KIPP,5m,181.089282,186.74852086,177.30645752,182.21255645,1152272.22
1704891900000,SYN_RAND_KIPP,5m,182.21255645,187.36040083,178.48397917,182.7185888,1143397.7418
1704892200000,SYN_RAND_KIPP,5m,182.7185888,188.78367911,176.06928478,180.76628257,1130552.4794
1704892500000,SYN_RAND_KIPP,5m,180.76628257,188.13857144,172.91852734,178.42923165,1113883.0921
1704892800000,SYN_RAND_KIPP,5m,178.42923165,183.18796515,174.87386409,178.31172342,1093580.422
1704893100000,SYN_RAND_KIPP,5m,178.31172342,184.23613626,174.94099333,179.41567155,1069877.2874
1704893400000,SYN_RAND_KIPP,5m,179.41567155,184.32757192,175.43581917,178.76582621,1043045.7923
1704893700000,SYN_RAND_KIPP,5m,178.76582621,187.46712916,170.41816918,176.14794368,1013394.1801
1704894000000,SYN_RAND_KIPP,5m,176.14794368,181.74900011,170.89105258,174.48069646,981263.2709
1704894300000,SYN_RAND_KIPP,5m,174.48069646,180.00768513,171.3976131,175.0755615,947022.5215
1704894600000,SYN_RAND_KIPP,5m,175.0755615,180.62368002,172.02489816,175.63180975,911065.7547
1704894900000,SYN_RAND_KIPP,5m,175.63180975,181.65801455,170.2745196,173.88386427,873806.6065
1704895200000,SYN_RAND_KIPP,5m,173.88386427,182.99171439,165.89899326,171.25926218,835673.745
1704895500000,SYN_RAND_KIPP,5m,171.25926218,176.23887625,167.66491856,170.55252685,798975.3544
1704895800000,SYN_RAND_KIPP,5m,170.55252685,176.43765445,167.69857966,171.45684494,837168.531
1704896100000,SYN_RAND_KIPP,5m,171.45684494,176.4805373,168.26648898,171.11909543,874905.2583
1704896400000,SYN_RAND_KIPP,5m,171.11909543,179.77005901,163.78138008,168.66401997,911747.1699
1704896700000,SYN_RAND_KIPP,5m,168.66401997,175.83004821,162.60021573,166.63256777,947266.2203
1704897000000,SYN_RAND_KIPP,5m,166.63256777,171.73601794,163.8761695,166.83773263,981049.6324
1704897300000,SYN_RAND_KIPP,5m,166.83773263,172.43926805,164.07246451,167.54042783,1012704.6698
1704897600000,SYN_RAND_KIPP,5m,167.54042783,172.44900405,163.43193105,166.21974322,1041863.1765
1704897900000,SYN_RAND_KIPP,5m,166.21974322,175.36153791,158.37122782,163.61086644,1068185.8328
1704898200000,SYN_RAND_KIPP,5m,163.61086644,168.3674582,159.750902,162.51018441,1091366.0779
1704898500000,SYN_RAND_KIPP,5m,162.51018441,167.96397918,159.7436106,163.2652414,1111133.6535
1704898800000,SYN_RAND_KIPP,5m,163.2652414,167.98606135,160.45494847,163.29635725,1127257.7282
1704899100000,SYN_RAND_KIPP,5m,163.29635725,170.55559797,156.73536582,161.17424867,1139549.5659
1704899400000,SYN_RAND_KIPP,5m,161.17424867,168.74240422,154.20865854,158.94257947,1147864.7074
1704899700000,SYN_RAND_KIPP,5m,158.94257947,163.39103669,155.92140403,158.77437155,1152104.6406
1704900000000,SYN_RAND_KIPP,5m,158.77437155,163.93667105,155.877123,159.5402219,1152217.9391
1704900300000,SYN_RAND_KIPP,5m,159.5402219,163.90655355,155.66848395,158.63103124,1148200.8569
1704900600000,SYN_RAND_KIPP,5m,158.63103124,166.79337699,150.40159412,156.11405882,1140097.3717
1704900900000,SYN_RAND_KIPP,5m,156.11405882,160.85615856,151.20284916,154.63178483,1127998.6763
1704901200000,SYN_RAND_KIPP,5m,154.63178483,159.17734137,151.59166932,155.11405925,1112042.1248
1704901500000,SYN_RAND_KIPP,5m,155.11405925,159.38934918,152.00248266,155.37537367,1092409.6448
1704901800000,SYN_RAND_KIPP,5m,155.37537367,160.87683341,149.15139737,153.57492284,1069325.6342
1704902100000,SYN_RAND_KIPP,5m,153.57492284,160.73687959,145.21215801,151.19108844,1043054.3673
1704902400000,SYN_RAND_KIPP,5m,151.19108844,154.91028692,147.37890912,150.60505125,1013896.94
1704902700000,SYN_RAND_KIPP,5m,150.60505125,154.94611996,147.32432918,151.30842249,982187.7888
1704903000000,SYN_RAND_KIPP,5m,151.30842249,154.89480732,147.40358496,150.76793079,948290.8255
1704903300000,SYN_RAND_KIPP,5m,150.76793079,157.23609979,142.13620476,148.44932886,912595.2298
1704903600000,SYN_RAND_KIPP,5m,148.44932886,153.23202952,141.8432061,146.70056519,875510.9509
1704903900000,SYN_RAND_KIPP,5m,146.70056519,150.20730714,143.23810231,146.93071281,837463.9684
1704904200000,SYN_RAND_KIPP,5m,146.93071281,150.65243656,143.39634348,147.43717627,798891.368
1704904500000,SYN_RAND_KIPP,5m,147.43717627,150.83333619,142.235024,146.11689801,823131.5472
1704904800000,SYN_RAND_KIPP,5m,146.11689801,151.8361225,137.05343429,143.84700346,860940.254
1704905100000,SYN_RAND_KIPP,5m,143.84700346,146.80555838,139.41137185,143.06078866,897943.6319
1704905400000,SYN_RAND_KIPP,5m,143.06078866,146.72575006,139.37163509,143.84304866,933711.1065
1704905700000,SYN_RAND_KIPP,5m,143.84304866,146.7036037,140.07575613,143.86310618,967826.368
1704906000000,SYN_RAND_KIPP,5m,143.86310618,148.04201738,136.32777472,142.0643741,999892.1837
1704906300000,SYN_RAND_KIPP,5m,142.0643741,145.87481915,134.98616341,140.39241161,1029534.99
1704906600000,SYN_RAND_KIPP,5m,140.39241161,143.23999752,136.56051973,140.62261299,1056409.2105
1704906900000,SYN_RAND_KIPP,5m,140.62261299,144.1467917,136.73849151,141.57106189,1080201.2514
1704907200000,SYN_RAND_KIPP,5m,141.57106189,144.12122638,137.03315473,140.9864109,1100633.1262
1704907500000,SYN_RAND_KIPP,5m,140.9864109,144.90996302,132.9035054,139.14280896,1117465.6692
1704907800000,SYN_RAND_KIPP,5m,139.14280896,141.57544839,134.44789158,138.40712494,1130501.3007
1704908100000,SYN_RAND_KIPP,5m,138.40712494,141.79615614,134.43777893,139.40742485,1139586.3104
1704908400000,SYN_RAND_KIPP,5m,139.40742485,142.46326988,135.382132,140.08453415,1144612.6348
1704908700000,SYN_RAND_KIPP,5m,140.08453415,142.45160021,134.86497072,138.93303795,1145519.1064
1704909000000,SYN_RAND_KIPP,5m,138.93303795,141.93370503,132.21848435,137.44125742,1142292.1605
1704909300000,SYN_RAND_KIPP,5m,137.44125742,139.95086653,133.4170887,137.66132749,1134965.9924
1704909600000,SYN_RAND_KIPP,5m,137.66132749,141.46296094,133.1835976,138.93263088,1123622.162
1704909900000,SYN_RAND_KIPP,5m,138.93263088,141.23953045,134.8492255,138.94071811,1108388.6509
1704910200000,SYN_RAND_KIPP,5m,138.94071811,142.02979455,131.89312632,137.38422394,1089438.3833
1704910500000,SYN_RAND_KIPP,5m,137.38422394,139.65978093,132.44601035,136.48154116,1066987.2267
1704910800000,SYN_RAND_KIPP,5m,136.48154116,139.6230463,132.48031656,137.3546501,1041291.4969
1704911100000,SYN_RAND_KIPP,5m,137.3546501,140.57141338,133.34006288,138.27627136,1012644.9949
1704911400000,SYN_RAND_KIPP,5m,138.27627136,140.60349079,133.3600302,137.38487698,981375.6106
1704911700000,SYN_RAND_KIPP,5m,137.38487698,140.85658705,129.76158652,135.68123006,947841.5326
1704912000000,SYN_RAND_KIPP,5m,135.68123006,138.00999019,131.49401759,135.39811397,912427.1076
1704912300000,SYN_RAND_KIPP,5m,135.39811397,138.75917061,131.53072773,136.406706,875538.3973
1704912600000,SYN_RAND_KIPP,5m,136.406706,138.85723278,132.54313296,136.45462276,837598.4849
1704912900000,SYN_RAND_KIPP,5m,136.45462276,140.15727141,128.91850903,134.72890109,799042.5838
1704913200000,SYN_RAND_KIPP,5m,134.72890109,138.0767865,128.07801683,133.19358137,807451.1286
1704913500000,SYN_RAND_KIPP,5m,133.19358137,135.84556646,129.53740945,133.38315824,845316.0099
1704913800000,SYN_RAND_KIPP,5m,133.38315824,136.50845414,129.76693676,133.99738679,882465.4636
1704914100000,SYN_RAND_KIPP,5m,133.99738679,136.56817706,129.39255707,132.97727175,918466.5971
1704914400000,SYN_RAND_KIPP,5m,132.97727175,138.06890234,123.9445307,130.80846229,952899.7711
1704914700000,SYN_RAND_KIPP,5m,130.80846229,133.41933028,126.3427637,129.74090944,985363.4506
1704915000000,SYN_RAND_KIPP,5m,129.74090944,132.80405238,126.42379292,130.16119587,1015478.8469
1704915300000,SYN_RAND_KIPP,5m,130.16119587,132.86778695,126.77891149,130.05160035,1042894.2958
1704915600000,SYN_RAND_KIPP,5m,130.05160035,134.78107965,122.69040558,128.1950669,1067289.3237
1704915900000,SYN_RAND_KIPP,5m,128.1950669,133.48700372,120.23534645,126.16026348,1088378.3514
1704916200000,SYN_RAND_KIPP,5m,126.16026348,128.95127362,122.73870432,125.74318129,1105913.996
1704916500000,SYN_RAND_KIPP,5m,125.74318129,128.98066756,122.80577498,126.14174648,1119689.9305
1704916800000,SYN_RAND_KIPP,5m,126.14174648,129.04723399,122.38828577,125.27743473,1129543.2686
1704917100000,SYN_RAND_KIPP,5m,125.27743473,131.37492847,117.2871361,123.11424204,1135356.4484
1704917400000,SYN_RAND_KIPP,5m,123.11424204,127.09348217,118.07386048,121.72927134,1137058.5908
1704917700000,SYN_RAND_KIPP,5m,121.72927134,124.91811276,119.10649267,121.94895303,1134626.3192
1704918000000,SYN_RAND_KIPP,5m,121.94895303,125.1373771,119.37526284,122.10903726,1128084.0297
1704918300000,SYN_RAND_KIPP,5m,122.10903726,126.3843305,117.20065554,120.69887604,1117503.6092
1704918600000,SYN_RAND_KIPP,5m,120.69887604,126.55354985,114.18307175,118.79937844,1103003.6044
1704918900000,SYN_RAND_KIPP,5m,118.79937844,121.89907778,115.96053687,118.31818398,1084747.8516
1704919200000,SYN_RAND_KIPP,5m,118.31818398,122.08248567,116.01634404,118.94908404,1062943.5825
1704919500000,SYN_RAND_KIPP,5m,118.94908404,122.14359168,116.43442773,118.70414364,1037839.0291
1704919800000,SYN_RAND_KIPP,5m,118.70414364,124.06449885,113.37307868,117.06246684,1009720.5538
1704920100000,SYN_RAND_KIPP,5m,117.06246684,121.15555232,113.09024304,115.82403163,978909.3396
1704920400000,SYN_RAND_KIPP,5m,115.82403163,119.40020282,113.72921514,116.17435286,945757.677
1704920700000,SYN_RAND_KIPP,5m,116.17435286,120.1060494,114.10626909,116.83737383,910644.8918
1704921000000,SYN_RAND_KIPP,5m,116.83737383,120.15491948,114.04464802,116.09431923,873972.96
1704921300000,SYN_RAND_KIPP,5m,116.09431923,121.45283642,111.29378757,114.5343885,836161.8613
1704921600000,SYN_RAND_KIPP,5m,114.5343885,117.83625386,112.13635879,114.0959169,797644.7242
1704921900000,SYN_RAND_KIPP,5m,114.0959169,118.24779709,112.1636263,114.93880652,790220.7745
1704922200000,SYN_RAND_KIPP,5m,114.93880652,118.57582558,113.00865863,115.22597204,828126.5988
1704922500000,SYN_RAND_KIPP,5m,115.22597204,119.46667192,111.60013973,114.01805923,865407.2666
1704922800000,SYN_RAND_KIPP,5m,114.01805923,118.29116588,110.3861443,112.80423634,901627.7784
1704923100000,SYN_RAND_KIPP,5m,112.80423634,116.38315683,110.93697347,113.06847509,936365.3703
1704923400000,SYN_RAND_KIPP,5m,113.06847509,117.26441855,111.19860459,113.94020598,969214.4013
1704923700000,SYN_RAND_KIPP,5m,113.94020598,117.28813503,111.69447389,113.58067305,999791.0423
1704924000000,SYN_RAND_KIPP,5m,113.58067305,118.74134906,109.19361638,112.11461045,1027737.7135
1704924300000,SYN_RAND_KIPP,5m,112.11461045,115.39429065,109.57053036,111.44111509,1052727.2176
1704924600000,SYN_RAND_KIPP,5m,111.44111509,115.40270822,109.56919172,112.15530536,1074466.5225
1704924900000,SYN_RAND_KIPP,5m,112.15530536,115.89715618,110.25524156,112.64508564,1092700.1488
1704925200000,SYN_RAND_KIPP,5m,112.64508564,116.13326427,109.56510373,111.63653892,1107213.1228
1704925500000,SYN_RAND_KIPP,5m,111.63653892,116.35326501,107.40852722,110.2630667,1117833.4621
1704925800000,SYN_RAND_KIPP,5m,110.2630667,113.39296593,108.28606178,110.22137219,1124434.1634
1704926100000,SYN_RAND_KIPP,5m,110.22137219,114.16947083,108.25818366,111.06936507,1126934.6708
1704926400000,SYN_RAND_KIPP,5m,111.06936507,114.16160514,108.94621333,110.95622222,1125301.807
1704926700000,SYN_RAND_KIPP,5m,110.95622222,115.55404472,106.49036951,109.56448706,1119550.1572
1704927000000,SYN_RAND_KIPP,5m,109.56448706,112.55963718,106.5829946,108.64676843,1109741.9
1704927300000,SYN_RAND_KIPP,5m,108.64676843,112.09442504,106.57221568,109.17801686,1095986.0893
1704927600000,SYN_RAND_KIPP,5m,109.17801686,112.73564355,107.05249631,109.84579895,1078437.3932
1704927900000,SYN_RAND_KIPP,5m,109.84579895,112.7103081,106.94580171,109.12733394,1057294.3064
1704928200000,SYN_RAND_KIPP,5m,109.12733394,113.39230726,104.37552805,107.74279971,1032796.8557
1704928500000,SYN_RAND_KIPP,5m,107.74279971,110.46325037,105.26041255,107.48939675,1005223.8253
1704928800000,SYN_RAND_KIPP,5m,107.48939675,111.02112781,105.21918422,108.35354618,974889.534
1704929100000,SYN_RAND_KIPP,5m,108.35354618,111.20630506,106.017229,108.56513122,942140.2021
1704929400000,SYN_RAND_KIPP,5m,108.56513122,111.92885615,104.299242,107.39359737,907349.949
1704929700000,SYN_RAND_KIPP,5m,107.39359737,110.3430486,103.52382588,106.34649983,870916.4687
1704930000000,SYN_RAND_KIPP,5m,106.34649983,109.15591281,103.90899855,106.70812176,833256.4323
1704930300000,SYN_RAND_KIPP,5m,106.70812176,109.92042822,104.21363634,107.5130093,794800.6715
1704930600000,SYN_RAND_KIPP,5m,107.5130093,109.88974519,104.51254121,107.07468418,771551.6673
1704930900000,SYN_RAND_KIPP,5m,107.07468418,110.70314384,101.61030541,105.67847099,809483.7471
1704931200000,SYN_RAND_KIPP,5m,105.67847099,107.92025169,102.5113749,105.12419896,846881.2654
1704931500000,SYN_RAND_KIPP,5m,105.12419896,107.99323475,102.47940391,105.80888691,883307.3286
1704931800000,SYN_RAND_KIPP,5m,105.80888691,108.28367374,103.10206112,106.12990379,918336.2545
1704932100000,SYN_RAND_KIPP,5m,106.12990379,108.80762542,101.52148021,105.0111099,951558.4942
1704932400000,SYN_RAND_KIPP,5m,105.0111099,108.20255437,99.34307967,103.6507299,982585.366
1704932700000,SYN_RAND_KIPP,5m,103.6507299,105.63793609,100.78786527,103.56211449,1011053.5488
1704933000000,SYN_RAND_KIPP,5m,103.56211449,106.11594359,100.75309063,104.16758281,1036629.2816
1704933300000,SYN_RAND_KIPP,5m,104.16758281,106.09215197,100.87683465,103.73746383,1059012.2224
1704933600000,SYN_RAND_KIPP,5m,103.73746383,107.20878045,96.83515119,102.1445841,1077938.9201
1704933900000,SYN_RAND_KIPP,5m,102.1445841,104.41890428,97.5117271,101.08398108,1093185.8594
1704934200000,SYN_RAND_KIPP,5m,101.08398108,103.09947869,98.21997079,101.31994359,1104572.0456
1704934500000,SYN_RAND_KIPP,5m,101.31994359,103.28157229,98.42511755,101.52201342,1111961.0959
1704934800000,SYN_RAND_KIPP,5m,101.52201342,103.87052535,96.44149298,100.38127908,1115262.8171
1704935100000,SYN_RAND_KIPP,5m,100.38127908,103.75012416,92.98008001,98.7275295,1114434.2475
1704935400000,SYN_RAND_KIPP,5m,98.7275295,100.38865458,95.30577922,98.17995002,1109480.1538
1704935700000,SYN_RAND_KIPP,5m,98.17995002,100.20646195,95.30998914,98.56628138,1100452.9762
1704936000000,SYN_RAND_KIPP,5m,98.56628138,100.20424904,95.35847636,98.24839725,1087452.2222
1704936300000,SYN_RAND_KIPP,5m,98.24839725,101.26919922,91.3705506,96.72845121,1070623.3164
1704936600000,SYN_RAND_KIPP,5m,96.72845121,99.22342576,91.03613401,95.47128549,1050155.9193
1704936900000,SYN_RAND_KIPP,5m,95.47128549,97.10232316,92.6653474,95.52254907,1026281.7352
1704937200000,SYN_RAND_KIPP,5m,95.52254907,97.47596763,92.71903164,95.89141796,999271.8335
1704937500000,SYN_RAND_KIPP,5m,95.89141796,97.48911197,92.33068082,95.13799883,969433.5157
1704937800000,SYN_RAND_KIPP,5m,95.13799883,98.06450508,88.59183163,93.68346164,937106.7624
1704938100000,SYN_RAND_KIPP,5m,93.68346164,95.26697781,90.41048467,93.13055252,902660.304
1704938400000,SYN_RAND_KIPP,5m,93.13055252,95.27506331,90.44207833,93.68535274,866487.3579
1704938700000,SYN_RAND_KIPP,5m,93.68535274,95.49200602,90.99928015,93.87440772,829001.083
1704939000000,SYN_RAND_KIPP,5m,93.87440772,95.97855808,89.45005736,92.87195079,790629.8038
1704939300000,SYN_RAND_KIPP,5m,92.87195079,95.06129854,88.36527937,91.84377127,751812.0593
1704939600000,SYN_RAND_KIPP,5m,91.84377127,93.69979803,89.28006972,92.04442634,789515.5923
1704939900000,SYN_RAND_KIPP,5m,92.04442634,94.56107384,89.43826687,92.83103778,827016.0586
1704940200000,SYN_RAND_KIPP,5m,92.83103778,94.562846,90.15545434,92.68807191,863634.262
1704940500000,SYN_RAND_KIPP,5m,92.68807191,95.08833701,88.23403678,91.63558819,898941.8105
1704940800000,SYN_RAND_KIPP,5m,91.63558819,93.41093822,88.77178674,91.20594655,932525.4471
1704941100000,SYN_RAND_KIPP,5m,91.20594655,93.75607479,88.81852983,91.95371835,963991.8272
1704941400000,SYN_RAND_KIPP,5m,91.95371835,94.45135803,89.58383396,92.59711849,992972.0658
1704941700000,SYN_RAND_KIPP,5m,92.59711849,94.50300609,89.68096651,92.02875904,1019126.0015
1704942000000,SYN_RAND_KIPP,5m,92.02875904,94.35786305,88.34221295,91.10505077,1042146.129
1704942300000,SYN_RAND_KIPP,5m,91.10505077,93.20427896,88.87428003,91.24991142,1061761.1538
1704942600000,SYN_RAND_KIPP,5m,91.24991142,94.58964599,88.5944005,92.17048655,1077739.1287
1704942900000,SYN_RAND_KIPP,5m,92.17048655,94.39037332,89.99655906,92.33021909,1089890.1345
1704943200000,SYN_RAND_KIPP,5m,92.33021909,94.92979009,88.74399767,91.38038532,1098068.476
1704943500000,SYN_RAND_KIPP,5m,91.38038532,93.50623516,88.67100473,90.74294134,1102174.3664
1704943800000,SYN_RAND_KIPP,5m,90.74294134,93.44591831,88.72674709,91.29360869,1102155.0804
1704944100000,SYN_RAND_KIPP,5m,91.29360869,94.19647944,89.30637396,91.98991402,1098005.5641
1704944400000,SYN_RAND_KIPP,5m,91.98991402,94.25426117,89.55460799,91.51604752,1089768.4936
1704944700000,SYN_RAND_KIPP,5m,91.51604752,94.86524162,87.60980559,90.40196905,1077533.7812
1704945000000,SYN_RAND_KIPP,5m,90.40196905,92.70526995,88.32090366,90.17044321,1061437.5368
1704945300000,SYN_RAND_KIPP,5m,90.17044321,93.22143402,88.36294759,90.88672491,1041660.4941
1704945600000,SYN_RAND_KIPP,5m,90.88672491,93.47544547,89.10113583,91.08592563,1018425.9216
1704945900000,SYN_RAND_KIPP,5m,91.08592563,94.26579303,87.79591288,90.09246994,991997.0417
1704946200000,SYN_RAND_KIPP,5m,90.09246994,93.20338873,86.95891587,89.13362574,962673.9878
1704946500000,SYN_RAND_KIPP,5m,89.13362574,91.78255439,87.47954234,89.34206186,930790.3351
1704946800000,SYN_RAND_KIPP,5m,89.34206186,92.44883811,87.71277781,89.9739712,896709.2447
1704947100000,SYN_RAND_KIPP,5m,89.9739712,92.49306732,87.98584731,89.59993049,860819.265
1704947400000,SYN_RAND_KIPP,5m,89.59993049,93.69364325,85.83473784,88.39318877,823529.841
1704947700000,SYN_RAND_KIPP,5m,88.39318877,90.91369512,86.32171402,87.86176978,785266.5806
1704948000000,SYN_RAND_KIPP,5m,87.86176978,90.9348735,86.35004129,88.41045194,746466.3351
1704948300000,SYN_RAND_KIPP,5m,88.41045194,91.29214019,86.90590315,88.73533384,768365.2532
1704948600000,SYN_RAND_KIPP,5m,88.73533384,91.70557343,86.16190253,87.88409838,805955.1823
1704948900000,SYN_RAND_KIPP,5m,87.88409838,91.66978623,84.63493712,86.80389123,842752.4871
1704949200000,SYN_RAND_KIPP,5m,86.80389123,89.34731029,85.35329752,86.79743222,878326.2747
1704949500000,SYN_RAND_KIPP,5m,86.79743222,89.99860229,85.35895052,87.44982695,912259.782
1704949800000,SYN_RAND_KIPP,5m,87.44982695,90.02052851,85.85749215,87.30401702,944155.1936
1704950100000,SYN_RAND_KIPP,5m,87.30401702,91.28794137,83.93272284,86.17461686,973638.2408
1704950400000,SYN_RAND_KIPP,5m,86.17461686,88.70491629,84.0320079,85.46035494,1000362.5278
1704950700000,SYN_RAND_KIPP,5m,85.46035494,88.37128086,84.038264,85.86753674,1024013.5362
1704951000000,SYN_RAND_KIPP,5m,85.86753674,88.82326261,84.43032259,86.31593679,1044312.2609
1704951300000,SYN_RAND_KIPP,5m,86.31593679,88.82525454,84.18837761,85.64419822,1061018.4354
1704951600000,SYN_RAND_KIPP,5m,85.64419822,89.68276801,82.1019395,84.48015545,1073933.3092
1704951900000,SYN_RAND_KIPP,5m,84.48015545,86.90664871,82.76422959,84.21854348,1082901.9458
1704952200000,SYN_RAND_KIPP,5m,84.21854348,87.18205142,82.75034804,84.78145751,1087815.0133
1704952500000,SYN_RAND_KIPP,5m,84.78145751,87.17722404,83.27062442,84.7695061,1088610.0486
1704952800000,SYN_RAND_KIPP,5m,84.7695061,88.43744469,81.32434864,83.67728406,1085272.1797
1704953100000,SYN_RAND_KIPP,5m,83.67728406,86.84214773,80.63855938,82.72471771,1077834.2972
1704953400000,SYN_RAND_KIPP,5m,82.72471771,85.13137066,81.18833483,82.86758682,1066376.6748
1704953700000,SYN_RAND_KIPP,5m,82.86758682,85.54131296,81.30003948,83.30213053,1051026.0409
1704954000000,SYN_RAND_KIPP,5m,83.30213053,85.52269327,81.14225915,82.74838804,1031954.114
1704954300000,SYN_RAND_KIPP,5m,82.74838804,86.67535099,78.56382679,81.5028565,1009375.6177
1704954600000,SYN_RAND_KIPP,5m,81.5028565,83.6116584,79.32888593,80.9641215,983545.7985
1704954900000,SYN_RAND_KIPP,5m,80.9641215,83.44009049,79.30614729,81.37877536,954757.4754
1704955200000,SYN_RAND_KIPP,5m,81.37877536,83.52830363,79.67756914,81.49117235,923337.655
1704955500000,SYN_RAND_KIPP,5m,81.49117235,84.3177842,78.08074261,80.53346923,889643.7512
1704955800000,SYN_RAND_KIPP,5m,80.53346923,83.58829362,76.72334575,79.47935055,854059.4542
1704956100000,SYN_RAND_KIPP,5m,79.47935055,81.36288864,77.69159495,79.45913953,816990.2945
1704956400000,SYN_RAND_KIPP,5m,79.45913953,81.82332601,77.65588039,79.97643093,778858.9556
1704956700000,SYN_RAND_KIPP,5m,79.97643093,81.79883946,77.86512695,79.71663571,740100.3877
1704957000000,SYN_RAND_KIPP,5m,79.71663571,82.5923073,75.60365852,78.64352265,746189.2271
1704957300000,SYN_RAND_KIPP,5m,78.64352265,80.36415201,76.17944054,78.071498,783855.5025
1704957600000,SYN_RAND_KIPP,5m,78.071498,80.21023777,76.15831331,78.53701302,820819.1926
1704957900000,SYN_RAND_KIPP,5m,78.53701302,80.62953238,76.5779314,78.98081996,856647.1139
1704958200000,SYN_RAND_KIPP,5m,78.98081996,80.60495138,76.41733696,78.42138696,890919.201
1704958500000,SYN_RAND_KIPP,5m,78.42138696,80.54599408,74.82272074,77.5425734,923233.3619
1704958800000,SYN_RAND_KIPP,5m,77.5425734,79.11487496,75.51143857,77.58389782,953210.127
1704959100000,SYN_RAND_KIPP,5m,77.58389782,80.15686483,75.11407375,78.35822275,980497.0352
1704959400000,SYN_RAND_KIPP,5m,78.35822275,80.05221383,76.24656254,78.56429318,1004772.7086
1704959700000,SYN_RAND_KIPP,5m,78.56429318,80.17486664,75.4857299,77.84427218,1025750.5677
1704960000000,SYN_RAND_KIPP,5m,77.84427218,79.269898,75.22832698,77.37867241,1043182.1442
1704960300000,SYN_RAND_KIPP,5m,77.37867241,79.35747313,75.21773667,77.9638261,1056859.9534
1704960600000,SYN_RAND_KIPP,5m,77.9638261,80.44898023,75.27474888,78.75833379,1066619.8926
1704960900000,SYN_RAND_KIPP,5m,78.75833379,80.13510266,76.36178682,78.60297891,1072343.1386
1704961200000,SYN_RAND_KIPP,5m,78.60297891,80.1015509,75.38871746,77.87931926,1073957.5208
1704961500000,SYN_RAND_KIPP,5m,77.87931926,79.22576658,75.63048311,77.8970215,1071438.3562
1704961800000,SYN_RAND_KIPP,5m,77.8970215,80.55892606,74.8329193,78.77625478,1064808.7341
1704962100000,SYN_RAND_KIPP,5m,78.77625478,80.58766697,76.47785233,79.26728521,1054139.2498
1704962400000,SYN_RAND_KIPP,5m,79.26728521,80.5876824,76.39401202,78.71495574,1039547.1886
1704962700000,SYN_RAND_KIPP,5m,78.71495574,80.02049818,75.82237137,78.13279722,1021195.1698
1704963000000,SYN_RAND_KIPP,5m,78.13279722,79.84230624,75.83635931,78.54951878,999289.2669
1704963300000,SYN_RAND_KIPP,5m,78.54951878,81.00161693,75.65113797,79.37108945,974076.626
1704963600000,SYN_RAND_KIPP,5m,79.37108945,80.6857776,76.9860763,79.31749756,945842.6083
1704963900000,SYN_RAND_KIPP,5m,79.31749756,81.01857287,75.4642891,78.46463249,914907.4919
1704964200000,SYN_RAND_KIPP,5m,78.46463249,79.77581863,75.84202834,78.13531125,881622.7694
1704964500000,SYN_RAND_KIPP,5m,78.13531125,80.0676254,75.86109894,78.75249685,846367.0846
1704964800000,SYN_RAND_KIPP,5m,78.75249685,80.52685646,76.47227628,79.18938421,809541.8556
1704965100000,SYN_RAND_KIPP,5m,79.18938421,80.54868651,76.26798042,78.54644045,771566.6348
1704965400000,SYN_RAND_KIPP,5m,78.54644045,80.48743282,74.42523786,77.61558518,732874.2587
1704965700000,SYN_RAND_KIPP,5m,77.61558518,78.98284732,75.39478893,77.59299273,723155.6339
1704966000000,SYN_RAND_KIPP,5m,77.59299273,79.55934199,75.41609706,78.17180956,760885.4536
1704966300000,SYN_RAND_KIPP,5m,78.17180956,79.59251854,75.87922058,78.0495291,798003.0813
1704966600000,SYN_RAND_KIPP,5m,78.0495291,80.3742067,73.55106724,77.00183014,834073.2546
1704966900000,SYN_RAND_KIPP,5m,77.00183014,78.66920716,73.86334291,76.26388553,868672.8106
1704967200000,SYN_RAND_KIPP,5m,76.26388553,77.9879189,74.22391432,76.52451788,901395.5774
1704967500000,SYN_RAND_KIPP,5m,76.52451788,78.36185491,74.50654957,76.86447818,931857.0696
1704967800000,SYN_RAND_KIPP,5m,76.86447818,78.41070866,74.20718203,76.21902303,959698.933
1704968100000,SYN_RAND_KIPP,5m,76.21902303,78.96126269,71.65666491,75.09739573,984593.0871
1704968400000,SYN_RAND_KIPP,5m,75.09739573,76.65926815,72.87219836,74.76011257,1006245.518
1704968700000,SYN_RAND_KIPP,5m,74.76011257,76.78762495,72.91319283,75.20025202,1024399.6768
1704969000000,SYN_RAND_KIPP,5m,75.20025202,76.8303349,73.36518156,75.18961026,1038839.4458
1704969300000,SYN_RAND_KIPP,5m,75.18961026,77.74482814,71.47758081,74.22726902,1049391.6367
1704969600000,SYN_RAND_KIPP,5m,74.22726902,76.56592016,70.94528566,73.36421573,1055927.9924
1704969900000,SYN_RAND_KIPP,5m,73.36421573,75.18266078,71.68417961,73.49252824,1058366.6705
1704970200000,SYN_RAND_KIPP,5m,73.49252824,75.67604008,71.84306899,73.94943631,1056673.1885
1704970500000,SYN_RAND_KIPP,5m,73.94943631,75.72030251,71.95144435,73.57763039,1050860.8232
1704970800000,SYN_RAND_KIPP,5m,73.57763039,76.5061344,69.99129822,72.57727167,1040990.4572
1704971100000,SYN_RAND_KIPP,5m,72.57727167,74.37985317,70.65716313,72.18860004,1027169.875
1704971400000,SYN_RAND_KIPP,5m,72.18860004,74.51318568,70.6965398,72.6890821,1009552.5171
1704971700000,SYN_RAND_KIPP,5m,72.6890821,74.84988087,71.21722661,72.98258165,988335.7065
1704972000000,SYN_RAND_KIPP,5m,72.98258165,75.03016627,70.77178968,72.32870424,963758.3677
1704972300000,SYN_RAND_KIPP,5m,72.32870424,74.81332064,69.72229028,71.54697213,936098.265
1704972600000,SYN_RAND_KIPP,5m,71.54697213,73.60314943,70.18198588,71.68144665,905668.7912
1704972900000,SYN_RAND_KIPP,5m,71.68144665,74.49382933,70.19996269,72.34077358,872815.3456
1704973200000,SYN_RAND_KIPP,5m,72.34077358,74.33339267,70.99676252,72.32729771,837911.3408
1704973500000,SYN_RAND_KIPP,5m,72.32729771,74.96086599,69.82960006,71.5393874,801353.8864
1704973800000,SYN_RAND_KIPP,5m,71.5393874,73.55238822,69.8755009,71.14884068,763559.1984
1704974100000,SYN_RAND_KIPP,5m,71.14884068,73.71720007,69.90083527,71.69680562,724957.7883
1704974400000,SYN_RAND_KIPP,5m,71.69680562,74.30607641,70.45575206,72.25355796,699442.3268
1704974700000,SYN_RAND_KIPP,5m,72.25355796,74.33664687,70.64469883,71.88075775,737223.1455
1704975000000,SYN_RAND_KIPP,5m,71.88075775,74.43404728,69.65633328,71.14713564,774482.4732
1704975300000,SYN_RAND_KIPP,5m,71.14713564,73.2807257,69.95245411,71.20708568,810783.1813
1704975600000,SYN_RAND_KIPP,5m,71.20708568,74.54733216,69.72490043,71.94757424,845699.2162
1704975900000,SYN_RAND_KIPP,5m,71.94757424,74.29095691,70.7532078,72.18023166,878820.5241
1704976200000,SYN_RAND_KIPP,5m,72.18023166,74.50597713,70.21053276,71.52066247,909757.7918
1704976500000,SYN_RAND_KIPP,5m,71.52066247,73.62336911,69.84521643,71.02799022,938146.9471
1704976800000,SYN_RAND_KIPP,5m,71.02799022,73.56807474,69.85215145,71.48106521,963653.367
1704977100000,SYN_RAND_KIPP,5m,71.48106521,74.51957894,70.14165419,72.15329934,985975.7466
1704977400000,SYN_RAND_KIPP,5m,72.15329934,74.26393213,70.75561842,71.95952781,1004849.582
1704977700000,SYN_RAND_KIPP,5m,71.95952781,74.61941444,69.66541568,71.19883702,1020050.2278
1704978000000,SYN_RAND_KIPP,5m,71.19883702,73.26322761,69.87376311,71.08006909,1031395.4944
1704978300000,SYN_RAND_KIPP,5m,71.08006909,74.16252996,69.65991729,71.77144915,1038747.754
1704978600000,SYN_RAND_KIPP,5m,71.77144915,74.20777532,70.52826582,72.15395771,1042015.5315
1704978900000,SYN_RAND_KIPP,5m,72.15395771,74.201944,70.32065261,71.58723875,1041154.5624
1704979200000,SYN_RAND_KIPP,5m,71.58723875,73.69983786,69.62312387,70.96125579,1036168.3042
1704979500000,SYN_RAND_KIPP,5m,70.96125579,73.22506337,69.67689094,71.24964553,1027107.8967
1704979800000,SYN_RAND_KIPP,5m,71.24964553,74.33146629,69.66754165,71.96579518,1014071.5711
1704980100000,SYN_RAND_KIPP,5m,71.96579518,73.92286002,70.59011319,71.93897707,997203.514
1704980400000,SYN_RAND_KIPP,5m,71.93897707,74.37515263,69.44913608,71.18258297,976692.2014
1704980700000,SYN_RAND_KIPP,5m,71.18258297,73.06648061,69.50280609,70.88885836,952768.2196
1704981000000,SYN_RAND_KIPP,5m,70.88885836,73.3993647,69.43953288,71.49689396,925701.5997
1704981300000,SYN_RAND_KIPP,5m,71.49689396,73.85192051,70.04759125,72.01683465,895798.6966
1704981600000,SYN_RAND_KIPP,5m,72.01683465,73.83495035,70.09906376,71.5892214,863398.6472
1704981900000,SYN_RAND_KIPP,5m,71.5892214,73.6977923,69.08599232,70.88107553,828869.4503
1704982200000,SYN_RAND_KIPP,5m,70.88107553,72.73214998,69.3524591,71.00466701,792603.7129
1704982500000,SYN_RAND_KIPP,5m,71.00466701,73.84412252,69.06674611,71.73823728,755014.1113
1704982800000,SYN_RAND_KIPP,5m,71.73823728,73.57250918,70.12640059,71.8888706,716528.6214
1704983100000,SYN_RAND_KIPP,5m,71.8888706,73.83641849,69.24359377,71.1836384,677585.5707
1704983400000,SYN_RAND_KIPP,5m,71.1836384,72.78930957,69.06462585,70.72895307,713054.358
1704983700000,SYN_RAND_KIPP,5m,70.72895307,72.77372454,69.0431274,71.21043893,750443.2965
1704984000000,SYN_RAND_KIPP,5m,71.21043893,73.39990987,69.43723671,71.81891081,786962.9248
1704984300000,SYN_RAND_KIPP,5m,71.81891081,73.34214156,69.74952213,71.5254726,822184.5065
1704984600000,SYN_RAND_KIPP,5m,71.5254726,73.48960215,68.35866062,70.7376121,855694.3065
1704984900000,SYN_RAND_KIPP,5m,70.7376121,72.17723471,68.83382492,70.64371137,887098.3739
1704985200000,SYN_RAND_KIPP,5m,70.64371137,72.86411025,68.6022569,71.29812263,916027.0958
1704985500000,SYN_RAND_KIPP,5m,71.29812263,72.94670513,69.41649598,71.55307427,942139.4706
1704985800000,SYN_RAND_KIPP,5m,71.55307427,73.12132704,68.6812962,70.8713037,965127.0495
1704986100000,SYN_RAND_KIPP,5m,70.8713037,72.36352575,68.05823211,70.21022214,984717.5024
1704986400000,SYN_RAND_KIPP,5m,70.21022214,71.75882792,68.28191989,70.46184809,1000677.7663
1704986700000,SYN_RAND_KIPP,5m,70.46184809,72.32294769,68.50444645,71.04350818,1012816.7389
1704987000000,SYN_RAND_KIPP,5m,71.04350818,72.31285988,68.83088094,70.8250904,1020987.4888
1704987300000,SYN_RAND_KIPP,5m,70.8250904,72.70132227,66.91658232,69.93683858,1025088.9533
1704987600000,SYN_RAND_KIPP,5m,69.93683858,71.15124813,67.57101764,69.56933161,1025067.1068
1704987900000,SYN_RAND_KIPP,5m,69.56933161,71.24066623,67.5669316,70.04722508,1020915.5861
1704988200000,SYN_RAND_KIPP,5m,70.04722508,71.52991867,68.01843501,70.34091433,1012675.7631
1704988500000,SYN_RAND_KIPP,5m,70.34091433,71.64679744,67.43431984,69.69408476,1000436.2675
1704988800000,SYN_RAND_KIPP,5m,69.69408476,71.37341652,65.91762178,68.85634277,984331.9618
1704989100000,SYN_RAND_KIPP,5m,68.85634277,70.00898365,66.83746061,68.86477755,964542.3825
1704989400000,SYN_RAND_KIPP,5m,68.86477755,70.53686391,66.84181621,69.39634954,941289.6649
1704989700000,SYN_RAND_KIPP,5m,69.39634954,70.5440466,67.25805376,69.29825151,914835.9752
1704990000000,SYN_RAND_KIPP,5m,69.29825151,71.03452347,65.34001577,68.42385493,885480.4803
1704990300000,SYN_RAND_KIPP,5m,68.42385493,69.55892014,65.87782138,67.88597701,853555.8892
1704990600000,SYN_RAND_KIPP,5m,67.88597701,69.38333132,65.89860033,68.25219593,819424.6069
1704990900000,SYN_RAND_KIPP,5m,68.25219593,69.81569097,66.26128683,68.67126482,783474.546
1704991200000,SYN_RAND_KIPP,5m,68.67126482,69.83209637,66.22817912,68.2219338,746114.6413
1704991500000,SYN_RAND_KIPP,5m,68.2219338,69.90099943,64.56313877,67.40230068,707770.124
1704991800000,SYN_RAND_KIPP,5m,67.40230068,68.56621446,65.39416787,67.32654728,668877.605
1704992100000,SYN_RAND_KIPP,5m,67.32654728,69.23211099,65.22791913,67.9413944,688570.4489
1704992400000,SYN_RAND_KIPP,5m,67.9413944,69.33877375,66.02608531,68.13302504,726076.9929
1704992700000,SYN_RAND_KIPP,5m,68.13302504,69.52230008,65.3396982,67.49078291,762803.9646
1704993000000,SYN_RAND_KIPP,5m,67.49078291,68.72793912,65.12543294,66.98863457,798320.1543
1704993300000,SYN_RAND_KIPP,5m,66.98863457,68.65268689,65.16125096,67.4027801,832208.3475
1704993600000,SYN_RAND_KIPP,5m,67.4027801,69.66481811,65.17480725,68.09222514,864070.1478
1704993900000,SYN_RAND_KIPP,5m,68.09222514,69.41167409,66.20360345,68.0121411,893530.5827
1704994200000,SYN_RAND_KIPP,5m,68.0121411,69.49186974,65.42880326,67.38825373,920242.438
1704994500000,SYN_RAND_KIPP,5m,67.38825373,68.74737812,65.62647121,67.36299472,943890.2717
1704994800000,SYN_RAND_KIPP,5m,67.36299472,70.09579036,64.96740948,68.15046204,964194.0606
1704995100000,SYN_RAND_KIPP,5m,68.15046204,70.14336536,66.45205835,68.71110719,980912.4375
1704995400000,SYN_RAND_KIPP,5m,68.71110719,70.18535457,66.70307033,68.38523944,993845.4813
1704995700000,SYN_RAND_KIPP,5m,68.38523944,69.88307982,66.32927769,67.97288424,1002837.0284
1704996000000,SYN_RAND_KIPP,5m,67.97288424,69.95371817,66.3699538,68.43414424,1007776.4774
1704996300000,SYN_RAND_KIPP,5m,68.43414424,71.88077154,65.87487692,69.35635454,1008600.0687
1704996600000,SYN_RAND_KIPP,5m,69.35635454,71.21587283,67.78406588,69.60210395,1005291.6208
1704996900000,SYN_RAND_KIPP,5m,69.60210395,71.25325902,67.57046628,69.11665786,997882.7177
1704997200000,SYN_RAND_KIPP,5m,69.11665786,70.15909781,67.64457586,68.5830723,883387.0287
1704997500000,SYN_RAND_KIPP,5m,68.5830723,69.59482288,67.19845275,68.07455874,870353.0716
1704997800000,SYN_RAND_KIPP,5m,68.07455874,69.0458509,66.78541355,67.59489034,853266.1994
1704998100000,SYN_RAND_KIPP,5m,67.59489034,68.5163772,66.40772427,67.14743083,832375.7076
1704998400000,SYN_RAND_KIPP,5m,67.14743083,68.02181655,66.05840555,66.73512548,807984.1175
1704998700000,SYN_RAND_KIPP,5m,66.73512548,67.61752757,65.7013179,66.36049721,780442.9427
1704999000000,SYN_RAND_KIPP,5m,66.36049721,67.25069677,65.38291883,66.02564676,750147.7701
1704999300000,SYN_RAND_KIPP,5m,66.02564676,66.92342073,65.10483737,65.73225584,717532.7235
1704999600000,SYN_RAND_KIPP,5m,65.73225584,66.63737502,64.86829631,65.48159223,683064.3888
1704999900000,SYN_RAND_KIPP,5m,65.48159223,66.39381874,64.67411769,65.27451596,647235.2839
1705000200000,SYN_RAND_KIPP,5m,65.27451596,66.19360005,64.52272855,65.11148578,610556.967
1705000500000,SYN_RAND_KIPP,5m,65.11148578,66.03716223,64.36503161,64.94343048,602486.2993
1705000800000,SYN_RAND_KIPP,5m,64.94343048,65.87470997,64.12329073,64.69220448,640744.4318
1705001100000,SYN_RAND_KIPP,5m,64.69220448,65.62693333,63.80093546,64.36059653,678274.6998
1705001400000,SYN_RAND_KIPP,5m,64.36059653,65.31343557,63.39231535,63.95293177,714562.0832
1705001700000,SYN_RAND_KIPP,5m,63.95293177,65.07621875,62.82372511,63.47494903,749108.9508
1705002000000,SYN_RAND_KIPP,5m,63.47494903,64.75261088,62.20169001,62.93363956,781442.0238
1705002300000,SYN_RAND_KIPP,5m,62.93363956,64.34637443,61.53496748,62.33705453,811118.9983
1705002600000,SYN_RAND_KIPP,5m,62.33705453,63.86292205,60.83295326,61.69409033,837734.7345
1705002900000,SYN_RAND_KIPP,5m,61.69409033,63.3091691,60.10547346,61.01426102,860926.9255
1705003200000,SYN_RAND_KIPP,5m,61.01426102,62.69334134,59.36257648,60.30746741,880381.1677
1705003500000,SYN_RAND_KIPP,5m,60.30746741,62.02474772,58.61433164,59.58377169,895835.3596
1705003800000,SYN_RAND_KIPP,5m,59.58377169,61.31352939,57.87064067,58.85318523,907083.3693
1705004100000,SYN_RAND_KIPP,5m,58.85318523,60.57039703,57.14106708,58.12547596,913977.9193
1705004400000,SYN_RAND_KIPP,5m,58.12547596,59.80636789,56.43468685,57.40999987,916432.6465
1705004700000,SYN_RAND_KIPP,5m,57.40999987,59.0325132,55.75996259,56.71555942,914423.3109
1705005000000,SYN_RAND_KIPP,5m,56.71555942,58.25972455,55.12464207,56.05028993,907988.1343
1705005300000,SYN_RAND_KIPP,5m,56.05028993,57.49850622,54.53568038,55.42157357,897227.2653
1705005600000,SYN_RAND_KIPP,5m,55.42157357,56.75879765,53.99918432,54.83597923,882301.3776
1705005900000,SYN_RAND_KIPP,5m,54.83597923,56.04982834,53.52037652,54.29922553,863429.4211
1705006200000,SYN_RAND_KIPP,5m,54.29922553,55.3800052,53.10357647,53.81616373,840885.5579
1705006500000,SYN_RAND_KIPP,5m,53.81616373,54.75683083,52.75219517,53.39077685,814995.3254
1705006800000,SYN_RAND_KIPP,5m,53.39077685,54.18684972,52.46874027,53.02619129,786131.0807
1705007100000,SYN_RAND_KIPP,5m,53.02619129,53.73689397,52.21049513,52.72469747,754706.7896
1705007400000,SYN_RAND_KIPP,5m,52.72469747,53.42119909,51.96633747,52.48777636,721172.2332
1705007700000,SYN_RAND_KIPP,5m,52.48777636,53.17059461,51.78647987,52.31612925,686006.7141
1705008000000,SYN_RAND_KIPP,5m,52.31612925,52.98581081,51.67088775,52.20970878,649712.3481
1705008300000,SYN_RAND_KIPP,5m,52.20970878,52.86681751,51.61881421,52.16774975,612807.0385
1705008600000,SYN_RAND_KIPP,5m,52.16774975,52.81285651,51.5425152,52.10248346,639255.8629
1705008900000,SYN_RAND_KIPP,5m,52.10248346,52.73510938,51.42587406,51.99681551,677231.8821
1705009200000,SYN_RAND_KIPP,5m,51.99681551,52.61635324,51.26904566,51.85063438,714241.8333
1705009500000,SYN_RAND_KIPP,5m,51.85063438,52.45656304,51.07270441,51.66452541,749777.7819
1705009800000,SYN_RAND_KIPP,5m,51.66452541,52.25641904,50.83822194,51.43977885,783352.4091
1705010100000,SYN_RAND_KIPP,5m,51.43977885,52.01731336,50.56765654,51.17838092,814505.8306
1705010400000,SYN_RAND_KIPP,5m,51.17838092,51.74133938,50.26372556,50.8829877,842812.0321
1705010700000,SYN_RAND_KIPP,5m,50.8829877,51.44771558,49.91094385,50.5568823,867884.8304
1705011000000,SYN_RAND_KIPP,5m,50.5568823,51.1556006,49.49224941,50.20391653,889383.2772
1705011300000,SYN_RAND_KIPP,5m,50.20391653,50.82779976,49.05836187,49.82843899,907016.43
1705011600000,SYN_RAND_KIPP,5m,49.82843899,50.46856404,48.61548114,49.43521185,920547.4232
1705011900000,SYN_RAND_KIPP,5m,49.43521185,50.08274466,48.16997548,49.02931919,929796.7824
1705012200000,SYN_RAND_KIPP,5m,49.02931919,49.67568199,47.72824471,48.6160699,934644.9356
1705012500000,SYN_RAND_KIPP,5m,48.6160699,49.25308434,47.29658796,48.20089825,935033.8864
1705012800000,SYN_RAND_KIPP,5m,48.20089825,48.82090146,46.88107982,47.78926501,930968.025
1705013100000,SYN_RAND_KIPP,5m,47.78926501,48.3851972,46.48745843,47.38656182,922514.0666
1705013400000,SYN_RAND_KIPP,5m,47.38656182,47.95202584,46.12102788,46.99802114,909800.1177
1705013700000,SYN_RAND_KIPP,5m,46.99802114,47.52731572,45.78657617,46.62863344,893013.8829
1705014000000,SYN_RAND_KIPP,5m,46.62863344,47.11676318,45.48830947,46.28307297,872400.0382
1705014300000,SYN_RAND_KIPP,5m,46.28307297,46.72573905,45.22980214,45.96563278,848256.8067
1705014600000,SYN_RAND_KIPP,5m,45.96563278,46.35995993,45.01269015,45.68016912,820931.7851
1705014900000,SYN_RAND_KIPP,5m,45.68016912,46.06825157,44.76292569,45.43005514,790817.079
1705015200000,SYN_RAND_KIPP,5m,45.43005514,45.81293691,44.55159064,45.21814315,758343.8165
1705015500000,SYN_RAND_KIPP,5m,45.21814315,45.59688883,44.38094135,45.04673477,723976.1137
1705015800000,SYN_RAND_KIPP,5m,45.04673477,45.42242402,44.25266781,44.91755815,688204.5807
1705016100000,SYN_RAND_KIPP,5m,44.91755815,45.29128051,44.16787791,44.83175114,651539.4556
1705016400000,SYN_RAND_KIPP,5m,44.83175114,45.20460134,44.10063416,44.7633974,637126.488
1705016700000,SYN_RAND_KIPP,5m,44.7633974,45.13625045,43.99001652,44.65119795,675381.8145
1705017000000,SYN_RAND_KIPP,5m,44.65119795,45.02441094,43.83816087,44.49639056,712951.8726
1705017300000,SYN_RAND_KIPP,5m,44.49639056,44.8703152,43.64685587,44.30079786,749320.5131
1705017600000,SYN_RAND_KIPP,5m,44.30079786,44.675778,43.41842003,44.06678832,783988.3809
1705017900000,SYN_RAND_KIPP,5m,44.06678832,44.44315777,43.15565646,43.79722982,816479.9025
1705018200000,SYN_RAND_KIPP,5m,43.79722982,44.21592786,42.79373027,43.49543723,846349.941
1705018500000,SYN_RAND_KIPP,5m,43.49543723,43.95936116,42.4027196,43.16511542,873190.0247
1705018800000,SYN_RAND_KIPP,5m,43.16511542,43.67031233,41.99824116,42.81029925,896634.0628
1705019100000,SYN_RAND_KIPP,5m,42.81029925,43.35232473,41.5851026,42.43529191,916363.4683
1705019400000,SYN_RAND_KIPP,5m,42.43529191,43.00921011,41.16808707,42.04460267,932111.616
1705019700000,SYN_RAND_KIPP,5m,42.04460267,42.64499171,40.7518994,41.64288547,943667.5727
1705020000000,SYN_RAND_KIPP,5m,41.64288547,42.26384939,40.34111912,41.23487904,950879.0497
1705020300000,SYN_RAND_KIPP,5m,41.23487904,41.87006785,39.94016013,40.82534955,953654.5326
1705020600000,SYN_RAND_KIPP,5m,40.82534955,41.46798817,39.553237,40.41903631,951964.5622
1705020900000,SYN_RAND_KIPP,5m,40.41903631,41.06196324,39.18433718,40.02060107,945842.1465
1705021200000,SYN_RAND_KIPP,5m,40.02060107,40.65631722,38.83719885,39.63458126,935382.2983
1705021500000,SYN_RAND_KIPP,5m,39.63458126,40.25530893,38.5152934,39.26534719,920740.7055
1705021800000,SYN_RAND_KIPP,5m,39.26534719,39.86309932,38.22181188,38.91706338,902131.5523
1705022100000,SYN_RAND_KIPP,5m,38.91706338,39.48372259,37.95965448,38.5936537,879824.5214
1705022400000,SYN_RAND_KIPP,5m,38.5936537,39.12106093,37.73142197,38.29877011,854141.0203
1705022700000,SYN_RAND_KIPP,5m,38.29877011,38.77882224,37.53940831,38.0357645,825449.6831
1705023000000,SYN_RAND_KIPP,5m,38.0357645,38.47647109,37.36974365,37.80766321,794161.2119
1705023300000,SYN_RAND_KIPP,5m,37.80766321,38.25439671,37.19051994,37.61714346,760722.629
1705023600000,SYN_RAND_KIPP,5m,37.61714346,38.07020152,37.05061314,37.4665111,725611.0216
1705023900000,SYN_RAND_KIPP,5m,37.4665111,37.92620309,36.9518946,37.35767901,689326.865
1705024200000,SYN_RAND_KIPP,5m,37.35767901,37.82432388,36.89582808,37.2921456,652387.019
1705024500000,SYN_RAND_KIPP,5m,37.2921456,37.76606864,36.82785976,37.21538528,672468.8425
1705024800000,SYN_RAND_KIPP,5m,37.21538528,37.6961957,36.73235656,37.11122154,710434.633
1705025100000,SYN_RAND_KIPP,5m,37.11122154,37.59827094,36.61151724,36.98173706,747476.549
1705025400000,SYN_RAND_KIPP,5m,36.98173706,37.47435206,36.46770185,36.82936498,783085.2526
1705025700000,SYN_RAND_KIPP,5m,36.82936498,37.32685676,36.3035483,36.65681484,816771.4367
1705026000000,SYN_RAND_KIPP,5m,36.65681484,37.15848825,36.1218983,36.46699732,848072.6722
1705026300000,SYN_RAND_KIPP,5m,36.46699732,36.97215922,35.92572472,36.26295046,876559.8784
1705026600000,SYN_RAND_KIPP,5m,36.26295046,36.77091727,35.71806299,36.04777033,901843.3276
1705026900000,SYN_RAND_KIPP,5m,36.04777033,36.55787454,35.50194868,35.82454796,923578.0985
1705027200000,SYN_RAND_KIPP,5m,35.82454796,36.34836586,35.27281471,35.59631429,941468.9025
1705027500000,SYN_RAND_KIPP,5m,35.59631429,36.12921648,35.04383267,35.36599412,955274.2155
1705027800000,SYN_RAND_KIPP,5m,35.36599412,35.90104025,34.81893416,35.13636949,964809.658
1705028100000,SYN_RAND_KIPP,5m,35.13636949,35.66686726,34.60034855,34.91005252,969950.5745
1705028400000,SYN_RAND_KIPP,5m,34.91005252,35.42965152,34.39014349,34.68946726,970633.7777
1705028700000,SYN_RAND_KIPP,5m,34.68946726,35.19984078,34.18588646,34.47683963,966858.4329
1705029000000,SYN_RAND_KIPP,5m,34.47683963,34.9854626,33.98640252,34.27419455,958686.0688
1705029300000,SYN_RAND_KIPP,5m,34.27419455,34.78064454,33.79807489,34.0833588,946239.7169
1705029600000,SYN_RAND_KIPP,5m,34.0833588,34.58724682,33.62253096,33.90596852,929702.189
1705029900000,SYN_RAND_KIPP,5m,33.90596852,34.40693805,33.46122141,33.74347976,909313.5192
1705030200000,SYN_RAND_KIPP,5m,33.74347976,34.24120554,33.31543219,33.5971808,885367.6046
1705030500000,SYN_RAND_KIPP,5m,33.5971808,34.09136757,33.18629695,33.46820506,858208.0921
1705030800000,SYN_RAND_KIPP,5m,33.46820506,33.95858618,33.07480899,33.35754342,828223.5698
1705031100000,SYN_RAND_KIPP,5m,33.35754342,33.84387946,32.98183162,33.26605483,795842.1284
1705031400000,SYN_RAND_KIPP,5m,33.26605483,33.74813221,32.90810616,33.19447465,761525.371
1705031700000,SYN_RAND_KIPP,5m,33.19447465,33.67210418,32.85425696,33.14341979,725761.9528
1705032000000,SYN_RAND_KIPP,5m,33.14341979,33.61643531,32.8207929,33.11339037,689060.7432
1705032300000,SYN_RAND_KIPP,5m,33.11339037,33.58164731,32.79401877,33.09068115,668254.1139
1705032600000,SYN_RAND_KIPP,5m,33.09068115,33.55385788,32.72351811,33.02473611,706450.2079
1705032900000,SYN_RAND_KIPP,5m,33.02473611,33.48183298,32.61119541,32.91696994,744003.7947
1705033200000,SYN_RAND_KIPP,5m,32.91696994,33.36705522,32.4593499,32.76964662,780397.6477
1705033500000,SYN_RAND_KIPP,5m,32.76964662,33.2118716,32.2710489,32.58580276,815130.7383
1705033800000,SYN_RAND_KIPP,5m,32.58580276,33.04913753,32.02815255,32.36914812,847725.2465
1705034100000,SYN_RAND_KIPP,5m,32.36914812,32.88576333,31.73026116,32.12394872,877733.2473
1705034400000,SYN_RAND_KIPP,5m,32.12394872,32.68195548,31.41405638,31.85489851,904742.9787
1705034700000,SYN_RAND_KIPP,5m,31.85489851,32.4422283,31.08544049,31.56698598,928384.6032
1705035000000,SYN_RAND_KIPP,5m,31.56698598,32.17174434,30.75033952,31.26536161,948335.3833
1705035300000,SYN_RAND_KIPP,5m,31.26536161,31.87614021,30.41455885,30.95521172,964324.1972
1705035600000,SYN_RAND_KIPP,5m,30.95521172,31.56134892,30.08365616,30.64164297,976135.333
1705035900000,SYN_RAND_KIPP,5m,30.64164297,31.23342718,29.76283534,30.32958104,983611.5067
1705036200000,SYN_RAND_KIPP,5m,30.32958104,30.89839529,29.45686306,30.0236856,986656.0631
1705036500000,SYN_RAND_KIPP,5m,30.0236856,30.56209511,29.17000828,29.72828256,985234.3284
1705036800000,SYN_RAND_KIPP,5m,29.72828256,30.23007006,28.90600355,29.44731354,979374.0946
1705037100000,SYN_RAND_KIPP,5m,29.44731354,29.90746907,28.66802618,29.18430179,969165.2308
1705037400000,SYN_RAND_KIPP,5m,29.18430179,29.59897486,28.45869637,28.94233288,954758.4256
1705037700000,SYN_RAND_KIPP,5m,28.94233288,29.30875547,28.28008924,28.72404827,936363.0775
1705038000000,SYN_RAND_KIPP,5m,28.72404827,29.04043692,28.13375743,28.53164944,914244.3651
1705038300000,SYN_RAND_KIPP,5m,28.53164944,28.81770477,27.99388456,28.36691033,888719.5357
1705038600000,SYN_RAND_KIPP,5m,28.36691033,28.64568299,27.85469291,28.23119588,860153.4657
1705038900000,SYN_RAND_KIPP,5m,28.23119588,28.5032758,27.74542385,28.12548456,828953.5546
1705039200000,SYN_RAND_KIPP,5m,28.12548456,28.39147775,27.66668765,28.05039314,795564.0237
1705039500000,SYN_RAND_KIPP,5m,28.05039314,28.31091755,27.61876257,28.00620225,760459.6992
1705039800000,SYN_RAND_KIPP,5m,28.00620225,28.26188435,27.60162011,27.99288127,724139.3682
1705040100000,SYN_RAND_KIPP,5m,27.99288127,28.26158419,27.59771787,28.01011204,687118.7981
1705040400000,SYN_RAND_KIPP,5m,28.01011204,28.2680541,27.61097679,28.02015576,700781.9781
1705040700000,SYN_RAND_KIPP,5m,28.02015576,28.26479421,27.60197005,28.0045972,738684.2792
1705041000000,SYN_RAND_KIPP,5m,28.0045972,28.24615071,27.55812282,27.9634755,775705.1257
1705041300000,SYN_RAND_KIPP,5m,27.9634755,28.20214163,27.49006856,27.89735872,811333.8273
1705041600000,SYN_RAND_KIPP,5m,27.89735872,28.13335768,27.39890771,27.80733774,845079.1381
1705041900000,SYN_RAND_KIPP,5m,27.80733774,28.04091211,27.28622863,27.69500377,876476.1307
1705042200000,SYN_RAND_KIPP,5m,27.69500377,27.92641785,27.15406971,27.56241021,905092.7016
1705042500000,SYN_RAND_KIPP,5m,27.56241021,27.7919491,27.00486806,27.41202085,930535.6183
1705042800000,SYN_RAND_KIPP,5m,27.41202085,27.63998926,26.84139722,27.24664648,952456.0212
1705043100000,SYN_RAND_KIPP,5m,27.24664648,27.48371631,26.64831609,27.06937322,970554.3059
1705043400000,SYN_RAND_KIPP,5m,27.06937322,27.31858965,26.44259334,26.88348541,984584.3152
1705043700000,SYN_RAND_KIPP,5m,26.88348541,27.14082858,26.24027475,26.69238645,994356.7835
1705044000000,SYN_RAND_KIPP,5m,26.69238645,26.95375498,26.04487492,26.49952066,999741.9854
1705044300000,SYN_RAND_KIPP,5m,26.49952066,26.76077625,25.85964293,26.30829873,1000671.5505
1705044600000,SYN_RAND_KIPP,5m,26.30829873,26.56530808,25.68751301,26.12202922,997139.4202
1705044900000,SYN_RAND_KIPP,5m,26.12202922,26.37070363,25.53106946,25.94385752,989201.9324
1705045200000,SYN_RAND_KIPP,5m,25.94385752,26.18019091,25.39252492,25.77671354,976977.0323
1705045500000,SYN_RAND_KIPP,5m,25.77671354,26.0067795,25.25789249,25.62326862,960642.6228
1705045800000,SYN_RAND_KIPP,5m,25.62326862,25.85556891,25.12630432,25.48590153,940434.0736
1705046100000,SYN_RAND_KIPP,5m,25.48590153,25.72086002,25.01290749,25.36667332,916640.9284
1705046400000,SYN_RAND_KIPP,5m,25.36667332,25.60471587,24.91938262,25.26731023,889602.852
1705046700000,SYN_RAND_KIPP,5m,25.26731023,25.50886296,24.84707156,25.1891937,859704.8778
1705047000000,SYN_RAND_KIPP,5m,25.1891937,25.43468111,24.7969736,25.13335657,827372.0191
1705047300000,SYN_RAND_KIPP,5m,25.13335657,25.3831994,24.76974674,25.10048446,793063.3213
1705047600000,SYN_RAND_KIPP,5m,25.10048446,25.35509724,24.7657129,25.09092131,757265.4386
1705047900000,SYN_RAND_KIPP,5m,25.09092131,25.36446682,24.77110938,25.10467847,720485.823
1705048200000,SYN_RAND_KIPP,5m,25.10467847,25.4002589,24.79011797,25.13490132,693241.8201
1705048500000,SYN_RAND_KIPP,5m,25.13490132,25.40939264,24.82551956,25.13815819,731329.3564
1705048800000,SYN_RAND_KIPP,5m,25.13815819,25.41508206,24.81038269,25.11415028,768817.3791
1705049100000,SYN_RAND_KIPP,5m,25.11415028,25.39652611,24.76526913,25.06303018,805187.6364
1705049400000,SYN_RAND_KIPP,5m,25.06303018,25.35057471,24.69400297,24.98541444,839937.4765
1705049700000,SYN_RAND_KIPP,5m,24.98541444,25.2778039,24.5976108,24.88238441,872586.8809
1705050000000,SYN_RAND_KIPP,5m,24.88238441,25.17926082,24.47756796,24.75547463,902685.1817
1705050300000,SYN_RAND_KIPP,5m,24.75547463,25.05645292,24.33577585,24.60664902,929817.3681
1705050600000,SYN_RAND_KIPP,5m,24.60664902,24.9417222,24.14821457,24.43826543,953609.8934
1705050900000,SYN_RAND_KIPP,5m,24.43826543,24.81341062,23.94048826,24.25302992,973735.9022
1705051200000,SYN_RAND_KIPP,5m,24.25302992,24.66308573,23.7248857,24.05394238,989919.8044
1705051500000,SYN_RAND_KIPP,5m,24.05394238,24.49287775,23.5046356,23.84423582,1001941.1312
1705051800000,SYN_RAND_KIPP,5m,23.84423582,24.30526873,23.28301299,23.62731153,1009637.6203
1705052100000,SYN_RAND_KIPP,5m,23.62731153,24.10305,23.06328886,23.40667256,1012907.4863
1705052400000,SYN_RAND_KIPP,5m,23.40667256,23.88927204,22.84868341,23.18585799,1011710.8451
1705052700000,SYN_RAND_KIPP,5m,23.18585799,23.66718893,22.64232372,22.96837997,1006070.2715
1705053000000,SYN_RAND_KIPP,5m,22.96837997,23.44019921,22.44720629,22.75766529,996070.4833
1705053300000,SYN_RAND_KIPP,5m,22.75766529,23.21178558,22.26616456,22.557003,981857.1559
1705053600000,SYN_RAND_KIPP,5m,22.557003,22.98545526,22.10184134,22.36949873,963634.8831
1705053900000,SYN_RAND_KIPP,5m,22.36949873,22.76468314,21.95666574,22.19803615,941664.3142
1705054200000,SYN_RAND_KIPP,5m,22.19803615,22.55285893,21.83283393,22.0452457,916258.5067
1705054500000,SYN_RAND_KIPP,5m,22.0452457,22.36587249,21.72486148,21.91347986,887778.5447
1705054800000,SYN_RAND_KIPP,5m,21.91347986,22.2339254,21.61903864,21.80479449,856628.4862
1705055100000,SYN_RAND_KIPP,5m,21.80479449,22.12503957,21.5374894,21.72093507,823249.7089
1705055400000,SYN_RAND_KIPP,5m,21.72093507,22.04098872,21.48162708,21.66332703,788114.7331
1705055700000,SYN_RAND_KIPP,5m,21.66332703,21.98322164,21.45254063,21.63306888,751720.6097
1705056000000,SYN_RAND_KIPP,5m,21.63306888,21.95285487,21.45098941,21.6309273,714581.9641
1705056300000,SYN_RAND_KIPP,5m,21.6309273,21.9519339,21.45099308,21.6321937,721784.3822
1705056600000,SYN_RAND_KIPP,5m,21.6321937,21.95158623,21.43949605,21.61980719,759578.9008
1705056900000,SYN_RAND_KIPP,5m,21.61980719,21.93830045,21.4133716,21.59429589,796534.6724
1705057200000,SYN_RAND_KIPP,5m,21.59429589,21.91135159,21.37456648,21.55633901,832139.7058
1705057500000,SYN_RAND_KIPP,5m,21.55633901,21.87143731,21.32390101,21.50675415,865900.8656
1705057800000,SYN_RAND_KIPP,5m,21.50675415,21.81939834,21.262322,21.44648383,897350.7724
1705058100000,SYN_RAND_KIPP,5m,21.44648383,21.75620462,21.19088857,21.37658156,926054.3436
1705058400000,SYN_RAND_KIPP,5m,21.37658156,21.6829408,21.11075781,21.2981976,951614.8811
1705058700000,SYN_RAND_KIPP,5m,21.2981976,21.60079156,21.02317032,21.21256473,973679.6228
1705059000000,SYN_RAND_KIPP,5m,21.21256473,21.5110267,20.92943569,21.12098397,991944.6788
1705059300000,SYN_RAND_KIPP,5m,21.12098397,21.41498641,20.83091819,21.02481048,1006159.2838
1705059600000,SYN_RAND_KIPP,5m,21.02481048,21.31406659,20.72902269,20.9254397,1016129.306
1705059900000,SYN_RAND_KIPP,5m,20.9254397,21.20970438,20.62518076,20.82429374,1021719.9636
1705060200000,SYN_RAND_KIPP,5m,20.82429374,21.10336411,20.52083718,20.722808,1022857.7108
1705060500000,SYN_RAND_KIPP,5m,20.722808,20.99652337,20.41743669,20.62241818,1019531.2672
1705060800000,SYN_RAND_KIPP,5m,20.62241818,20.89065962,20.31641117,20.52454758,1011791.7747
1705061100000,SYN_RAND_KIPP,5m,20.52454758,20.78723703,20.21916713,20.43059473,999752.0825
1705061400000,SYN_RAND_KIPP,5m,20.43059473,20.68769376,20.12707364,20.34192135,983585.1675
1705061700000,SYN_RAND_KIPP,5m,20.34192135,20.59342962,20.04145057,20.25984068,963521.7133
1705062000000,SYN_RAND_KIPP,5m,20.25984068,20.50579417,19.96355731,20.18560613,939846.8827
1705062300000,SYN_RAND_KIPP,5m,20.18560613,20.42607512,19.89458179,20.1204003,912896.3264
1705062600000,SYN_RAND_KIPP,5m,20.1204003,20.35548721,19.83562992,20.06532425,883051.4861
1705062900000,SYN_RAND_KIPP,5m,20.06532425,20.29516143,19.78771535,20.02138717,850734.257
1705063200000,SYN_RAND_KIPP,5m,20.02138717,20.24613457,19.75174961,19.98949626,816401.0832
1705063500000,SYN_RAND_KIPP,5m,19.98949626,20.20933917,19.72853245,19.9704469,780536.5706
1705063800000,SYN_RAND_KIPP,5m,19.9704469,20.1855937,19.71874254,19.96491307,743646.7057
1705064100000,SYN_RAND_KIPP,5m,19.96491307,20.18220117,19.71440353,19.97152122,709932.7779
1705064400000,SYN_RAND_KIPP,5m,19.97152122,20.1779626,19.69845824,19.953359,747873.0309
1705064700000,SYN_RAND_KIPP,5m,19.953359,20.15543023,19.65240181,19.91125317,785257.0512
1705065000000,SYN_RAND_KIPP,5m,19.91125317,20.10886716,19.5841288,19.84646476,821565.6136
1705065300000,SYN_RAND_KIPP,5m,19.84646476,20.03958056,19.49531278,19.76065032,856294.493
1705065600000,SYN_RAND_KIPP,5m,19.76065032,19.94927376,19.38796606,19.65581365,888961.5206
1705065900000,SYN_RAND_KIPP,5m,19.65581365,19.83999698,19.26438422,19.53425017,919113.3307
1705066200000,SYN_RAND_KIPP,5m,19.53425017,19.73512654,19.09534073,19.39848661,946331.7053
1705066500000,SYN_RAND_KIPP,5m,19.39848661,19.61278334,18.91878162,19.25121834,970239.4258
1705066800000,SYN_RAND_KIPP,5m,19.25121834,19.47467955,18.73966488,19.09524706,990505.5522
1705067100000,SYN_RAND_KIPP,5m,19.09524706,19.32381112,18.56120468,18.93342076,1006850.0537
1705067400000,SYN_RAND_KIPP,5m,18.93342076,19.16326709,18.38644539,18.76857796,1019047.7273
1705067700000,SYN_RAND_KIPP,5m,18.76857796,18.99615729,18.21821581,18.60349753,1026931.3492
1705068000000,SYN_RAND_KIPP,5m,18.60349753,18.82554731,18.0590951,18.44085516,1030394.0146
1705068300000,SYN_RAND_KIPP,5m,18.44085516,18.654402,17.91138981,18.28318679,1029390.6339
1705068600000,SYN_RAND_KIPP,5m,18.28318679,18.48553868,17.77712101,18.13285943,1023938.5634
1705068900000,SYN_RAND_KIPP,5m,18.13285943,18.3215901,17.65802004,17.99204881,1014117.3621
1705069200000,SYN_RAND_KIPP,5m,17.99204881,18.16497692,17.55553137,17.86272349,1000067.6788
1705069500000,SYN_RAND_KIPP,5m,17.86272349,18.01788912,17.47082081,17.74663473,981989.2834
1705069800000,SYN_RAND_KIPP,5m,17.74663473,17.89445716,17.38318624,17.64531106,960138.2714
1705070100000,SYN_RAND_KIPP,5m,17.64531106,17.7928036,17.29994277,17.56005692,934823.4804
1705070400000,SYN_RAND_KIPP,5m,17.56005692,17.70763082,17.23389065,17.49195407,906402.1676
1705070700000,SYN_RAND_KIPP,5m,17.49195407,17.64002383,17.18587086,17.44186524,875275.0111
1705071000000,SYN_RAND_KIPP,5m,17.44186524,17.59084725,17.15651388,17.41043896,841880.5024
1705071300000,SYN_RAND_KIPP,5m,17.41043896,17.56075031,17.14624524,17.39811502,806688.8104
1705071600000,SYN_RAND_KIPP,5m,17.39811502,17.55718735,17.14827586,17.40513005,770195.2018
1705071900000,SYN_RAND_KIPP,5m,17.40513005,17.5857408,17.15728969,17.43152266,732913.1106
1705072200000,SYN_RAND_KIPP,5m,17.43152266,17.6165352,17.18564543,17.45974425,733625.3022
1705072500000,SYN_RAND_KIPP,5m,17.45974425,17.63223995,17.2160365,17.47262761,771279.827
1705072800000,SYN_RAND_KIPP,5m,17.47262761,17.6351392,17.22902537,17.47013147,808138.6466
1705073100000,SYN_RAND_KIPP,5m,17.47013147,17.63559891,17.21440131,17.45249391,843688.5199
1705073400000,SYN_RAND_KIPP,5m,17.45249391,17.62095314,17.18553626,17.42022964,877434.4708
1705073700000,SYN_RAND_KIPP,5m,17.42022964,17.59169702,17.14318036,17.37412029,908906.7149
1705074000000,SYN_RAND_KIPP,5m,17.37412029,17.54859404,17.08832941,17.31519785,937667.2335
1705074300000,SYN_RAND_KIPP,5m,17.31519785,17.49265993,17.022203,17.24472198,963315.9029
1705074600000,SYN_RAND_KIPP,5m,17.24472198,17.4251403,16.94621747,17.16415223,985496.0935
1705074900000,SYN_RAND_KIPP,5m,17.16415223,17.34748303,16.86195489,17.075116,1003899.6606
1705075200000,SYN_RAND_KIPP,5m,17.075116,17.26130652,16.77112917,16.97937383,1018271.2559
1705075500000,SYN_RAND_KIPP,5m,16.97937383,17.16836495,16.67555049,16.87878291,1028411.9011
1705075800000,SYN_RAND_KIPP,5m,16.87878291,17.07051188,16.57708938,16.7752603,1034181.7721
1705076100000,SYN_RAND_KIPP,5m,16.7752603,16.96991293,16.47739337,16.67074686,1035502.1559
1705076400000,SYN_RAND_KIPP,5m,16.67074686,16.86776141,16.37909326,16.56717296,1032356.5514
1705076700000,SYN_RAND_KIPP,5m,16.56717296,16.76674008,16.28329206,16.46642664,1024790.9008
1705077000000,SYN_RAND_KIPP,5m,16.46642664,16.66849266,16.19201644,16.37032488,1012912.9466
1705077300000,SYN_RAND_KIPP,5m,16.37032488,16.57484291,16.10695194,16.28058842,996890.7234
1705077600000,SYN_RAND_KIPP,5m,16.28058842,16.48751938,16.02966941,16.19882004,976950.2071
1705077900000,SYN_RAND_KIPP,5m,16.19882004,16.40813328,15.96160708,16.12648658,953372.1521
1705078200000,SYN_RAND_KIPP,5m,16.12648658,16.33816001,15.9040558,16.06490422,926488.1625
1705078500000,SYN_RAND_KIPP,5m,16.06490422,16.27892403,15.85814742,16.01522689,896676.052
1705078800000,SYN_RAND_KIPP,5m,16.01522689,16.23158683,15.82484564,15.97843744,864354.5568
1705079100000,SYN_RAND_KIPP,5m,15.97843744,16.19713763,15.80493926,15.95534098,829977.4756
1705079400000,SYN_RAND_KIPP,5m,15.95534098,16.17638637,15.79903714,15.94656012,794027.3195
1705079700000,SYN_RAND_KIPP,5m,15.94656012,16.17593018,15.80159306,15.9525317,757008.5598
1705080000000,SYN_RAND_KIPP,5m,15.9525317,16.19926474,15.80978835,15.97350462,719440.5686
1705080300000,SYN_RAND_KIPP,5m,15.97350462,16.20736957,15.83264514,15.97924109,754573.5489
1705080600000,SYN_RAND_KIPP,5m,15.97924109,16.20930384,15.82976123,15.96881895,791828.4511
1705080900000,SYN_RAND_KIPP,5m,15.96881895,16.20035365,15.80532022,15.94266523,828050.5787
1705081200000,SYN_RAND_KIPP,5m,15.94266523,16.17520316,15.76571521,15.90145285,862734.1835
1705081500000,SYN_RAND_KIPP,5m,15.90145285,16.13452526,15.71183537,15.84608652,895394.9938
1705081800000,SYN_RAND_KIPP,5m,15.84608652,16.07923096,15.64478366,15.77768382,925576.9915
1705082100000,SYN_RAND_KIPP,5m,15.77768382,16.01045011,15.5658539,15.69755211,952858.7926
1705082400000,SYN_RAND_KIPP,5m,15.69755211,15.92950795,15.47650448,15.60716209,976859.5445
1705082700000,SYN_RAND_KIPP,5m,15.60716209,15.84248819,15.37574767,15.50811901,997244.2553
1705083000000,SYN_RAND_KIPP,5m,15.50811901,15.75979167,15.26032998,15.40213244,1013728.4816
1705083300000,SYN_RAND_KIPP,5m,15.40213244,15.66560978,15.14183024,15.29098559,1026082.3086
1705083600000,SYN_RAND_KIPP,5m,15.29098559,15.56160677,15.02211695,15.17650499,1034133.5681
1705083900000,SYN_RAND_KIPP,5m,15.17650499,15.44958983,14.90306459,15.06053147,1037770.2468
1705084200000,SYN_RAND_KIPP,5m,15.06053147,15.33147466,14.78652803,14.94489292,1036942.0546
1705084500000,SYN_RAND_KIPP,5m,14.94489292,15.20925037,14.67431866,14.83137956,1031661.1279
1705084800000,SYN_RAND_KIPP,5m,14.83137956,15.08494481,14.56818268,14.72172182,1022001.8599
1705085100000,SYN_RAND_KIPP,5m,14.72172182,14.9605914,14.46978172,14.61757122,1008099.8593
1705085400000,SYN_RAND_KIPP,5m,14.61757122,14.83819817,14.38067584,14.52048426,990150.0531
1705085700000,SYN_RAND_KIPP,5m,14.52048426,14.72371099,14.29971259,14.43190904,968403.9583
1705086000000,SYN_RAND_KIPP,5m,14.43190904,14.63164101,14.21952957,14.3531747,943166.1628
1705086300000,SYN_RAND_KIPP,5m,14.3531747,14.54940866,14.15015867,14.28548305,914790.0625
1705086600000,SYN_RAND_KIPP,5m,14.28548305,14.4782418,14.09266635,14.22990227,883672.9166
1705086900000,SYN_RAND_KIPP,5m,14.22990227,14.41923188,14.04798097,14.18736209,850250.2879
1705087200000,SYN_RAND_KIPP,5m,14.18736209,14.37332909,14.01688916,14.15865022,814989.9482
1705087500000,SYN_RAND_KIPP,5m,14.15865022,14.34133876,14.00003309,14.14440938,778385.3321
1705087800000,SYN_RAND_KIPP,5m,14.14440938,14.3246439,13.99718269,14.14513474,740948.6321
1705088100000,SYN_RAND_KIPP,5m,14.14513474,14.32582464,13.99482339,14.14938338,735155.9932
1705088400000,SYN_RAND_KIPP,5m,14.14938338,14.32273376,13.98791972,14.1414201,772652.5829
1705088700000,SYN_RAND_KIPP,5m,14.1414201,14.31148081,13.96515111,14.1217572,809396.8706
1705089000000,SYN_RAND_KIPP,5m,14.1217572,14.28835994,13.93149623,14.09110607,844874.4154
1705089300000,SYN_RAND_KIPP,5m,14.09110607,14.25411511,13.88786323,14.05035874,878588.4497
1705089600000,SYN_RAND_KIPP,5m,14.05035874,14.20967236,13.83531586,14.00056553,910066.8304
1705089900000,SYN_RAND_KIPP,5m,14.00056553,14.15611684,13.77504807,13.94290982,938868.6461
1705090200000,SYN_RAND_KIPP,5m,13.94290982,14.09466689,13.70835662,13.87868076,964590.3869
1705090500000,SYN_RAND_KIPP,5m,13.87868076,14.02664619,13.6366129,13.809245,986871.5911
1705090800000,SYN_RAND_KIPP,5m,13.809245,13.95345488,13.56123462,13.73601829,1005399.8896
1705091100000,SYN_RAND_KIPP,5m,13.73601829,13.87654082,13.48365839,13.66043788,1019915.3766
1705091400000,SYN_RAND_KIPP,5m,13.66043788,13.79737148,13.40531388,13.5839364,1030214.2471
1705091700000,SYN_RAND_KIPP,5m,13.5839364,13.71740763,13.32760007,13.50791777,1036151.6489
1705092000000,SYN_RAND_KIPP,5m,13.50791777,13.63807901,13.25186409,13.43373576,1037643.7092
1705092300000,SYN_RAND_KIPP,5m,13.43373576,13.56076276,13.17938288,13.36267517,1034668.7088
1705092600000,SYN_RAND_KIPP,5m,13.36267517,13.48676463,13.11134774,13.29593608,1027267.3857
1705092900000,SYN_RAND_KIPP,5m,13.29593608,13.41730314,13.04885181,13.23462087,1015542.3652
1705093200000,SYN_RAND_KIPP,5m,13.23462087,13.35349681,12.99288031,13.17972411,999656.724
1705093500000,SYN_RAND_KIPP,5m,13.17972411,13.29635407,12.94430336,13.13212503,979831.7078
1705093800000,SYN_RAND_KIPP,5m,13.13212503,13.24676593,12.90387103,13.09258222,956343.6356
1705094100000,SYN_RAND_KIPP,5m,13.09258222,13.20550085,12.87221043,13.06173044,929520.0328
1705094400000,SYN_RAND_KIPP,5m,13.06173044,13.17320171,12.8498244,13.04007911,899735.0482
1705094700000,SYN_RAND_KIPP,5m,13.04007911,13.15038443,12.83709166,13.02801217,867404.2181
1705095000000,SYN_RAND_KIPP,5m,13.02801217,13.13743808,12.83426796,13.02578913,832978.6517
1705095300000,SYN_RAND_KIPP,5m,13.02578913,13.14238385,12.83373023,13.03354703,796938.7179
1705095600000,SYN_RAND_KIPP,5m,13.03354703,13.15984374,12.84101279,13.05130304,759787.3242
1705095900000,SYN_RAND_KIPP,5m,13.05130304,13.18749679,12.85835697,13.07895776,722042.8782
1705096200000,SYN_RAND_KIPP,5m,13.07895776,13.20246544,12.88566611,13.09363316,750677.3529
1705096500000,SYN_RAND_KIPP,5m,13.09363316,13.20286391,12.89890569,13.09213787,787792.9908
1705096800000,SYN_RAND_KIPP,5m,13.09213787,13.20184408,12.88189366,13.07461584,823918.929
1705097100000,SYN_RAND_KIPP,5m,13.07461584,13.18487138,12.84973896,13.04150705,858547.9463
1705097400000,SYN_RAND_KIPP,5m,13.04150705,13.15238263,12.80315598,12.99353921,891193.716
1705097700000,SYN_RAND_KIPP,5m,12.99353921,13.10510249,12.74312409,12.93171156,921397.6117
1705098000000,SYN_RAND_KIPP,5m,12.93171156,13.04402742,12.67086471,12.85727139,948735.1254
1705098300000,SYN_RAND_KIPP,5m,12.85727139,12.97830203,12.57497295,12.77168432,972821.8077
1705098600000,SYN_RAND_KIPP,5m,12.77168432,12.90809476,12.46000831,12.67659966,993318.6479
1705098900000,SYN_RAND_KIPP,5m,12.67659966,12.82638584,12.34200057,12.57381233,1009936.8179
1705099200000,SYN_RAND_KIPP,5m,12.57381233,12.73472857,12.22300065,12.46522286,1022441.7139
1705099500000,SYN_RAND_KIPP,5m,12.46522286,12.63480568,12.10499866,12.35279696,1030656.24
1705099800000,SYN_RAND_KIPP,5m,12.35279696,12.52839317,11.98989258,12.23852628,1034463.2857
1705100100000,SYN_RAND_KIPP,5m,12.23852628,12.41732471,11.87946336,12.12439125,1033807.3654
1705100400000,SYN_RAND_KIPP,5m,12.12439125,12.3034576,11.77535618,12.01232729,1028695.3945
1705100700000,SYN_RAND_KIPP,5m,12.01232729,12.18864125,11.67906754,11.90419493,1019196.593
1705101000000,SYN_RAND_KIPP,5m,11.90419493,12.07468893,11.5919375,11.80175431,1005441.5165
1705101300000,SYN_RAND_KIPP,5m,11.80175431,11.96335317,11.51514617,11.70664407,987620.2299
1705101600000,SYN_RAND_KIPP,5m,11.70664407,11.85630507,11.44971366,11.62036473,965979.6473
1705101900000,SYN_RAND_KIPP,5m,11.62036473,11.7551176,11.39650228,11.54426599,940820.0769
1705102200000,SYN_RAND_KIPP,5m,11.54426599,11.67408958,11.34268869,11.47953764,912491.0188
1705102500000,SYN_RAND_KIPP,5m,11.47953764,11.61126408,11.29375252,11.4272034,881386.2742
1705102800000,SYN_RAND_KIPP,5m,11.4272034,11.56095241,11.25789763,11.38811702,847938.4349
1705103100000,SYN_RAND_KIPP,5m,11.38811702,11.52401381,11.23579139,11.36296011,812612.8295
1705103400000,SYN_RAND_KIPP,5m,11.36296011,11.50113426,11.22793072,11.35224095,775901.0122
1705103700000,SYN_RAND_KIPP,5m,11.35224095,11.49687795,11.23058823,11.35629391,738313.8839
1705104000000,SYN_RAND_KIPP,5m,11.35629391,11.51081137,11.23709118,11.3676837,726017.7867
1705104300000,SYN_RAND_KIPP,5m,11.3676837,11.5174011,11.25079702,11.37169429,763353.8643
1705104600000,SYN_RAND_KIPP,5m,11.37169429,11.51981633,11.25386353,11.36842764,799981.4091
1705104900000,SYN_RAND_KIPP,5m,11.36842764,11.51878574,11.24582436,11.35807694,835384.8312
1705105200000,SYN_RAND_KIPP,5m,11.35807694,11.51047877,11.23095402,11.34092377,869065.62
1705105500000,SYN_RAND_KIPP,5m,11.34092377,11.49516603,11.20960106,11.31733414,900549.3199
1705105800000,SYN_RAND_KIPP,5m,11.31733414,11.47320491,11.18219393,11.28775358,929392.1697
1705106100000,SYN_RAND_KIPP,5m,11.28775358,11.44503477,11.1492354,11.25270132,955187.3131
1705106400000,SYN_RAND_KIPP,5m,11.25270132,11.41117112,11.11129615,11.21276376,977570.4915
1705106700000,SYN_RAND_KIPP,5m,11.21276376,11.37219908,11.06900771,11.16858722,996225.1417
1705107000000,SYN_RAND_KIPP,5m,11.16858722,11.32876613,11.02305478,11.12087023,1010886.826
1705107300000,SYN_RAND_KIPP,5m,11.12087023,11.28157421,10.97416718,11.0703553,1021346.9326
1705107600000,SYN_RAND_KIPP,5m,11.0703553,11.23137143,10.92311139,11.01782047,1027455.5949
1705107900000,SYN_RAND_KIPP,5m,11.01782047,11.17894341,10.87068191,10.96407062,1029123.7889
1705108200000,SYN_RAND_KIPP,5m,10.96407062,11.12510438,10.81769236,10.90992864,1026324.579
1705108500000,SYN_RAND_KIPP,5m,10.90992864,11.07068812,10.76496671,10.85622658,1019093.4948
1705108800000,SYN_RAND_KIPP,5m,10.85622658,11.01653888,10.71333034,10.80379688,1007528.0347
1705109100000,SYN_RAND_KIPP,5m,10.80379688,10.9635023,10.66360138,10.75346367,991786.3007
1705109400000,SYN_RAND_KIPP,5m,10.75346367,10.91241646,10.61658205,10.70603427,972084.7868
1705109700000,SYN_RAND_KIPP,5m,10.70603427,10.86410311,10.5730503,10.66229086,948695.3494
1705110000000,SYN_RAND_KIPP,5m,10.66229086,10.81935902,10.53375161,10.62298237,921941.4029
1705110300000,SYN_RAND_KIPP,5m,10.62298237,10.77894767,10.49939105,10.58881665,892193.3943
1705110600000,SYN_RAND_KIPP,5m,10.58881665,10.74359111,10.4706256,10.5604528,859863.6192
1705110900000,SYN_RAND_KIPP,5m,10.5604528,10.7139621,10.44805662,10.53849377,825400.4526
1705111200000,SYN_RAND_KIPP,5m,10.53849377,10.6906765,10.43222263,10.5234791,789282.0745
1705111500000,SYN_RAND_KIPP,5m,10.5234791,10.67428579,10.42359219,10.51587787,752009.7784
1705111800000,SYN_RAND_KIPP,5m,10.51587787,10.66547378,10.42235313,10.51608174,714100.9568
1705112100000,SYN_RAND_KIPP,5m,10.51608174,10.66403017,10.41292445,10.50789751,736242.7899
1705112400000,SYN_RAND_KIPP,5m,10.50789751,10.65415206,10.39111085,10.48758873,773224.4851
1705112700000,SYN_RAND_KIPP,5m,10.48758873,10.63185976,10.35782109,10.45581336,809259.9416
1705113000000,SYN_RAND_KIPP,5m,10.45581336,10.59783533,10.31391014,10.41341745,843840.514
1705113300000,SYN_RAND_KIPP,5m,10.41341745,10.55295228,10.26039418,10.36140929,876477.868
1705113600000,SYN_RAND_KIPP,5m,10.36140929,10.49824894,10.19842155,10.30093045,906710.8141
1705113900000,SYN_RAND_KIPP,5m,10.30093045,10.44244558,10.12338427,10.23322514,934111.7612
1705114200000,SYN_RAND_KIPP,5m,10.23322514,10.38462757,10.03771149,10.15960899,958292.7007
1705114500000,SYN_RAND_KIPP,5m,10.15960899,10.31767885,9.94930135,10.0814387,978910.6357
1705114800000,SYN_RAND_KIPP,5m,10.0814387,10.24307245,9.85968506,10.00008329,995672.3817
1705115100000,SYN_RAND_KIPP,5m,10.00008329,10.16235625,9.77034578,9.91689804,1008338.6685
1705115400000,SYN_RAND_KIPP,5m,9.91689804,10.07711367,9.68269432,9.83320163,1016727.4896
1705115700000,SYN_RAND_KIPP,5m,9.83320163,9.98892725,9.59804971,9.75025679,1020716.6484
1705116000000,SYN_RAND_KIPP,5m,9.75025679,9.89934633,9.51762441,9.66925479,1020245.4688
1705116300000,SYN_RAND_KIPP,5m,9.66925479,9.80985946,9.44251418,9.59130354,1015315.6443
1705116600000,SYN_RAND_KIPP,5m,9.59130354,9.72187193,9.37369218,9.51741924,1005991.2145
1705116900000,SYN_RAND_KIPP,5m,9.51741924,9.63668852,9.31200665,9.44852123,992397.669
1705117200000,SYN_RAND_KIPP,5m,9.44852123,9.55550127,9.25818168,9.38542954,974720.1912
1705117500000,SYN_RAND_KIPP,5m,9.38542954,9.48242703,9.20905884,9.32886477,953201.0679
1705117800000,SYN_RAND_KIPP,5m,9.32886477,9.4233228,9.158411,9.27944975,928136.2979
1705118100000,SYN_RAND_KIPP,5m,9.27944975,9.37152954,9.11543702,9.23771252,899871.4507
1705118400000,SYN_RAND_KIPP,5m,9.23771252,9.32758443,9.08057086,9.2040901,868796.8308
1705118700000,SYN_RAND_KIPP,5m,9.2040901,9.29193219,9.05416037,9.17893277,835342.0158
1705119000000,SYN_RAND_KIPP,5m,9.17893277,9.26492948,9.0364716,9.16250824,799969.8455
1705119300000,SYN_RAND_KIPP,5m,9.16250824,9.24684935,9.02769282,9.15500565,763169.9449
1705119600000,SYN_RAND_KIPP,5m,9.15500565,9.23941871,9.02640477,9.15653896,725451.8727
1705119900000,SYN_RAND_KIPP,5m,9.15653896,9.24414921,9.02663922,9.16253291,706669.6039
1705120200000,SYN_RAND_KIPP,5m,9.16253291,9.2430462,9.02845708,9.1595983,743857.8727
1705120500000,SYN_RAND_KIPP,5m,9.1595983,9.23905725,9.01577494,9.1479027,780381.7267
1705120800000,SYN_RAND_KIPP,5m,9.1479027,9.22636549,8.99493699,9.12779076,815724.4773
1705121100000,SYN_RAND_KIPP,5m,9.12779076,9.20532503,8.96645698,9.09977468,849385.9192
1705121400000,SYN_RAND_KIPP,5m,9.09977468,9.17645739,8.93099764,9.06451973,880889.3302
1705121700000,SYN_RAND_KIPP,5m,9.06451973,9.1404368,8.88935207,9.02282541,909788.1427
1705122000000,SYN_RAND_KIPP,5m,9.02282541,9.09807122,8.84242166,8.97560312,935672.1929
1705122300000,SYN_RAND_KIPP,5m,8.97560312,9.05027995,8.79119182,8.92385141,958173.4607
1705122600000,SYN_RAND_KIPP,5m,8.92385141,8.99806876,8.73670629,8.86862991,976971.2195
1705122900000,SYN_RAND_KIPP,5m,8.86862991,8.94573602,8.67430995,8.81103286,991796.5249
1705123200000,SYN_RAND_KIPP,5m,8.81103286,8.89011927,8.61269732,8.75216348,1002435.9782
1705123500000,SYN_RAND_KIPP,5m,8.75216348,8.83192801,8.55363733,8.69310976,1008734.7127
1705123800000,SYN_RAND_KIPP,5m,8.69310976,8.77227624,8.49806907,8.63492256,1010598.5613
1705124100000,SYN_RAND_KIPP,5m,8.63492256,8.71225166,8.446815,8.57859648,1007995.374
1705124400000,SYN_RAND_KIPP,5m,8.57859648,8.65289524,8.40057499,8.52505372,1000955.4683
1705124700000,SYN_RAND_KIPP,5m,8.52505372,8.59957019,8.35271893,8.4751312,989571.205
1705125000000,SYN_RAND_KIPP,5m,8.4751312,8.55023468,8.30889874,8.42957079,973995.696
1705125300000,SYN_RAND_KIPP,5m,8.42957079,8.50540259,8.27012133,8.38901262,954440.6616
1705125600000,SYN_RAND_KIPP,5m,8.38901262,8.46571414,8.23690642,8.35399109,931173.4683
1705125900000,SYN_RAND_KIPP,5m,8.35399109,8.43170315,8.20966827,8.3249334,904513.3871
1705126200000,SYN_RAND_KIPP,5m,8.3249334,8.40379556,8.18871639,8.30216019,874827.1264
1705126500000,SYN_RAND_KIPP,5m,8.30216019,8.38231002,8.17425787,8.28588794,842523.7002
1705126800000,SYN_RAND_KIPP,5m,8.28588794,8.36746029,8.16640123,8.27623289,808048.7048
1705127100000,SYN_RAND_KIPP,5m,8.27623289,8.35935908,8.16516125,8.27321605,771878.0835
1705127400000,SYN_RAND_KIPP,5m,8.27321605,8.36157612,8.16691171,8.27676916,734511.4665
1705127700000,SYN_RAND_KIPP,5m,8.27676916,8.37335071,8.17218516,8.28674135,696465.1796
1705128000000,SYN_RAND_KIPP,5m,8.28674135,8.37979025,8.1838448,8.29126308,712135.6628
1705128300000,SYN_RAND_KIPP,5m,8.29126308,8.38168923,8.18439113,8.28549316,749003.5182
1705128600000,SYN_RAND_KIPP,5m,8.28549316,8.37773264,8.17027782,8.26943323,784968.953
1705128900000,SYN_RAND_KIPP,5m,8.26943323,8.36338393,8.14621076,8.24328396,819521.947
1705129200000,SYN_RAND_KIPP,5m,8.24328396,8.33882945,8.11257039,8.20744476,852172.2056
1705129500000,SYN_RAND_KIPP,5m,8.20744476,8.30445682,8.06992733,8.16250724,882456.0203
1705129800000,SYN_RAND_KIPP,5m,8.16250724,8.26564235,8.01463274,8.1092426,909942.7586
1705130100000,SYN_RAND_KIPP,5m,8.1092426,8.2288932,7.94303698,8.04858345,934240.8896
1705130400000,SYN_RAND_KIPP,5m,8.04858345,8.18309449,7.86743937,7.98160093,955003.4636
1705130700000,SYN_RAND_KIPP,5m,7.98160093,8.12895001,7.78907125,7.90947812,971932.9672
1705131000000,SYN_RAND_KIPP,5m,7.90947812,8.06732162,7.70918533,7.83348103,984785.487
1705131300000,SYN_RAND_KIPP,5m,7.83348103,7.99921076,7.62903163,7.75492843,993374.1226
1705131600000,SYN_RAND_KIPP,5m,7.75492843,7.92573608,7.5498356,7.67516175,997571.6028
1705131900000,SYN_RAND_KIPP,5m,7.67516175,7.84810822,7.47277864,7.59551621,997312.0663
1705132200000,SYN_RAND_KIPP,5m,7.59551621,7.76760272,7.39898144,7.51729419,992591.9836
1705132500000,SYN_RAND_KIPP,5m,7.51729419,7.68553247,7.3294902,7.44174146,983470.207
1705132800000,SYN_RAND_KIPP,5m,7.44174146,7.60322045,7.26526554,7.37002689,970067.1468
1705133100000,SYN_RAND_KIPP,5m,7.37002689,7.52197407,7.20717398,7.30322581,952563.0865
1705133400000,SYN_RAND_KIPP,5m,7.30322581,7.44306162,7.15598166,7.24230698,931195.6606
1705133700000,SYN_RAND_KIPP,5m,7.24230698,7.36769152,7.11234989,7.18812308,906256.5289
1705134000000,SYN_RAND_KIPP,5m,7.18812308,7.29699472,7.07683221,7.14140424,878087.2958
1705134300000,SYN_RAND_KIPP,5m,7.14140424,7.24557297,7.04195663,7.10275434,847074.7299
1705134600000,SYN_RAND_KIPP,5m,7.10275434,7.20686557,7.01268698,7.07264938,813645.3518
1705134900000,SYN_RAND_KIPP,5m,7.07264938,7.17671269,6.99212275,7.05143763,778259.4662
1705135200000,SYN_RAND_KIPP,5m,7.05143763,7.15546863,6.98048378,7.03934099,741404.7201
1705135500000,SYN_RAND_KIPP,5m,7.03934099,7.14335921,6.9778666,7.03645716,703589.2797
1705135800000,SYN_RAND_KIPP,5m,7.03645716,7.14440014,6.97794182,7.04037332,678352.8059
1705136100000,SYN_RAND_KIPP,5m,7.04037332,7.14439455,6.98090404,7.03951544,715419.994
1705136400000,SYN_RAND_KIPP,5m,7.03951544,7.14334612,6.97502296,7.03380509,751867.1957
1705136700000,SYN_RAND_KIPP,5m,7.03380509,7.13726041,6.96419752,7.0232231,787176.6732
1705137000000,SYN_RAND_KIPP,5m,7.0232231,7.12612031,6.94847529,7.00781453,820846.5746
1705137300000,SYN_RAND_KIPP,5m,7.00781453,7.10997491,6.9279726,6.98769274,852397.9574
1705137600000,SYN_RAND_KIPP,5m,6.98769274,7.08894355,6.90287739,6.96304229,881381.4901
1705137900000,SYN_RAND_KIPP,5m,6.96304229,7.0632187,6.87345041,6.93412028,907383.741
1705138200000,SYN_RAND_KIPP,5m,6.93412028,7.03306724,6.84002485,6.90125606,930032.9634
1705138500000,SYN_RAND_KIPP,5m,6.90125606,6.99883,6.803004,6.86484908,949004.2981
1705138800000,SYN_RAND_KIPP,5m,6.86484908,6.96091943,6.76285709,6.82536475,964024.3193
1705139100000,SYN_RAND_KIPP,5m,6.82536475,6.91981531,6.72011323,6.7833286,974874.8615
1705139400000,SYN_RAND_KIPP,5m,6.7833286,6.88001905,6.67262174,6.73931856,981396.0721
1705139700000,SYN_RAND_KIPP,5m,6.73931856,6.83767902,6.6239071,6.69395582,983488.6492
1705140000000,SYN_RAND_KIPP,5m,6.69395582,6.79243686,6.57537241,6.6478944,981115.2309
1705140300000,SYN_RAND_KIPP,5m,6.6478944,6.74496442,6.52779088,6.60180982,974300.9184
1705140600000,SYN_RAND_KIPP,5m,6.60180982,6.6959886,6.48193491,6.55638729,963132.9252
1705140900000,SYN_RAND_KIPP,5m,6.55638729,6.64627702,6.43856084,6.51230959,947759.3569
1705141200000,SYN_RAND_KIPP,5m,6.51230959,6.59662248,6.39839414,6.47024522,928387.1385
1705141500000,SYN_RAND_KIPP,5m,6.47024522,6.54950221,6.36063129,6.43083696,905279.1194
1705141800000,SYN_RAND_KIPP,5m,6.43083696,6.50815944,6.3234613,6.39469116,878750.3952
1705142100000,SYN_RAND_KIPP,5m,6.39469116,6.47012014,6.29007947,6.36236785,849163.8986
1705142400000,SYN_RAND_KIPP,5m,6.36236785,6.43595618,6.26098964,6.334372,816925.321
1705142700000,SYN_RAND_KIPP,5m,6.334372,6.40618305,6.23663277,6.31114572,782477.4354
1705143000000,SYN_RAND_KIPP,5m,6.31114572,6.38125209,6.21738054,6.29306164,746293.9008
1705143300000,SYN_RAND_KIPP,5m,6.29306164,6.36154389,6.20352983,6.2804173,708872.6341
1705143600000,SYN_RAND_KIPP,5m,6.2804173,6.34736272,6.19529839,6.27343061,670728.8427
1705143900000,SYN_RAND_KIPP,5m,6.27343061,6.33893202,6.18503707,6.26445191,679962.8953
1705144200000,SYN_RAND_KIPP,5m,6.26445191,6.32852701,6.1684648,6.24909854,716749.9743
1705144500000,SYN_RAND_KIPP,5m,6.24909854,6.31172891,6.14591959,6.22764339,752678.7592
1705144800000,SYN_RAND_KIPP,5m,6.22764339,6.28882341,6.11775892,6.20043745,787237.9043
1705145100000,SYN_RAND_KIPP,5m,6.20043745,6.26017421,6.08440807,6.16790142,819935.2013
1705145400000,SYN_RAND_KIPP,5m,6.16790142,6.22621443,6.04635109,6.1305166,850304.4677
1705145700000,SYN_RAND_KIPP,5m,6.1305166,6.19274302,5.99622692,6.08881558,877912.0701
1705146000000,SYN_RAND_KIPP,5m,6.08881558,6.15547139,5.94132185,6.0433727,902362.9932
1705146300000,SYN_RAND_KIPP,5m,6.0433727,6.11348848,5.8845652,5.99479482,923306.367
1705146600000,SYN_RAND_KIPP,5m,5.99479482,6.06743496,5.82670803,5.94371218,940440.3778
1705146900000,SYN_RAND_KIPP,5m,5.94371218,6.01798199,5.76849142,5.89076989,953516.4912
1705147200000,SYN_RAND_KIPP,5m,5.89076989,5.96581983,5.7106375,5.83661979,962342.9309
1705147500000,SYN_RAND_KIPP,5m,5.83661979,5.91164725,5.65384169,5.78191304,966787.3619
1705147800000,SYN_RAND_KIPP,5m,5.78191304,5.85616197,5.59876613,5.72729324,966778.7432
1705148100000,SYN_RAND_KIPP,5m,5.72729324,5.80005212,5.54603406,5.6733902,962308.3219
1705148400000,SYN_RAND_KIPP,5m,5.6733902,5.74398872,5.49622534,5.62081442,953429.7558
1705148700000,SYN_RAND_KIPP,5m,5.62081442,5.68861931,5.44987285,5.57015204,940258.3631
1705149000000,SYN_RAND_KIPP,5m,5.57015204,5.63456246,5.40745968,5.52196047,922969.5086
1705149300000,SYN_RAND_KIPP,5m,5.52196047,5.58240338,5.36941708,5.47676443,901796.1503
1705149600000,SYN_RAND_KIPP,5m,5.47676443,5.53269028,5.33612302,5.43505255,877025.5793
1705149900000,SYN_RAND_KIPP,5m,5.43505255,5.48593159,5.30790113,5.39727421,848995.4001
1705150200000,SYN_RAND_KIPP,5m,5.39727421,5.44279123,5.28467679,5.3638368,818088.8064
1705150500000,SYN_RAND_KIPP,5m,5.3638368,5.40944243,5.2568042,5.33510321,784729.2191
1705150800000,SYN_RAND_KIPP,5m,5.33510321,5.38091506,5.23396034,5.31138937,749374.3614
1705151100000,SYN_RAND_KIPP,5m,5.31138937,5.35752543,5.21640498,5.29296201,712509.8535
1705151400000,SYN_RAND_KIPP,5m,5.29296201,5.33954038,5.20434726,5.28003631,674642.4179
1705151700000,SYN_RAND_KIPP,5m,5.28003631,5.327175,5.19702027,5.27185042,642996.0741
1705152000000,SYN_RAND_KIPP,5m,5.27185042,5.31965871,5.18511055,5.259082,679980.604
1705152300000,SYN_RAND_KIPP,5m,5.259082,5.30758115,5.16898921,5.24197486,716389.8287
1705152600000,SYN_RAND_KIPP,5m,5.24197486,5.29118175,5.14896051,5.22084324,751705.0106
1705152900000,SYN_RAND_KIPP,5m,5.22084324,5.27077069,5.12538795,5.19606198,785422.6995
1705153200000,SYN_RAND_KIPP,5m,5.19606198,5.24671903,5.09868362,5.1680556,817061.7778
1705153500000,SYN_RAND_KIPP,5m,5.1680556,5.21944788,5.06929698,5.13728679,846170.1934
1705153800000,SYN_RAND_KIPP,5m,5.13728679,5.19117286,5.0354622,5.10424474,872331.2858
1705154100000,SYN_RAND_KIPP,5m,5.10424474,5.16219178,4.99814547,5.06943385,895169.6172
1705154400000,SYN_RAND_KIPP,5m,5.06943385,5.130732,4.960748,5.03336297,914356.2261
1705154700000,SYN_RAND_KIPP,5m,5.03336297,5.09725576,4.92370688,4.99653562,929613.2311
1705155000000,SYN_RAND_KIPP,5m,4.99653562,5.06223285,4.8874259,4.95944131,940717.72
1705155300000,SYN_RAND_KIPP,5m,4.95944131,5.02613215,4.85227301,4.92254812,947504.8689
1705155600000,SYN_RAND_KIPP,5m,4.92254812,4.98941416,4.81857914,4.88629666,949870.2496
1705155900000,SYN_RAND_KIPP,5m,4.88629666,4.95252453,4.78663781,4.85109523,947771.2905
1705156200000,SYN_RAND_KIPP,5m,4.85109523,4.91588856,4.75670568,4.81731637,941227.873
1705156500000,SYN_RAND_KIPP,5m,4.81731637,4.87990689,4.7290036,4.78529445,930322.0536
1705156800000,SYN_RAND_KIPP,5m,4.78529445,4.84495208,4.70371802,4.75532436,915196.9157
1705157100000,SYN_RAND_KIPP,5m,4.75532436,4.81526666,4.67775535,4.72766104,896054.5676
1705157400000,SYN_RAND_KIPP,5m,4.72766104,4.78826732,4.65391703,4.70251972,873153.3146
1705157700000,SYN_RAND_KIPP,5m,4.70251972,4.76378092,4.63270977,4.68007677,846804.0447
1705158000000,SYN_RAND_KIPP,5m,4.68007677,4.74198332,4.61426769,4.66047092,817365.8781
1705158300000,SYN_RAND_KIPP,5m,4.66047092,4.72301251,4.59868947,4.64380475,785241.1427
1705158600000,SYN_RAND_KIPP,5m,4.64380475,4.70697013,4.58603988,4.63014639,750869.7434
1705158900000,SYN_RAND_KIPP,5m,4.63014639,4.69392307,4.57635153,4.61953124,714723.0073
1705159200000,SYN_RAND_KIPP,5m,4.61953124,4.68390517,4.56962641,4.61196365,677297.0879
1705159500000,SYN_RAND_KIPP,5m,4.61196365,4.67691896,4.56583757,4.60741862,639106.0226
1705159800000,SYN_RAND_KIPP,5m,4.60741862,4.67293723,4.55997052,4.60088329,641949.3941
1705160100000,SYN_RAND_KIPP,5m,4.60088329,4.66687348,4.54796646,4.58825667,678698.9063
1705160400000,SYN_RAND_KIPP,5m,4.58825667,4.65456416,4.52998912,4.56967035,714634.4939
1705160700000,SYN_RAND_KIPP,5m,4.56967035,4.63613881,4.50628057,4.5453715,749243.5344
1705161000000,SYN_RAND_KIPP,5m,4.5453715,4.61507264,4.47532119,4.51571602,782031.9529
1705161300000,SYN_RAND_KIPP,5m,4.51571602,4.5972907,4.43443889,4.48115861,812531.1369
1705161600000,SYN_RAND_KIPP,5m,4.48115861,4.57332585,4.389922,4.44224002,840304.4939
1705161900000,SYN_RAND_KIPP,5m,4.44224002,4.54350239,4.34243071,4.39957229,864953.561
1705162200000,SYN_RAND_KIPP,5m,4.39957229,4.50826197,4.29266628,4.35382254,886123.5814
1705162500000,SYN_RAND_KIPP,5m,4.35382254,4.4681513,4.24135554,4.30569612,903508.4691
1705162800000,SYN_RAND_KIPP,5m,4.30569612,4.42380668,4.18923554,4.25591975,916855.0921
1705163100000,SYN_RAND_KIPP,5m,4.25591975,4.37593632,4.13703899,4.20522535,925966.815
1705163400000,SYN_RAND_KIPP,5m,4.20522535,4.32530124,4.08548081,4.15433508,930706.2513
1705163700000,SYN_RAND_KIPP,5m,4.15433508,4.27269568,4.03524611,4.1039479,930997.1857
1705164000000,SYN_RAND_KIPP,5m,4.1039479,4.21892794,3.98697999,4.05472817,926825.6412
1705164300000,SYN_RAND_KIPP,5m,4.05472817,4.16480232,3.941279,4.00729617,918240.0748
1705164600000,SYN_RAND_KIPP,5m,4.00729617,4.11110266,3.8986845,3.9622207,905350.7
1705164900000,SYN_RAND_KIPP,5m,3.9622207,4.05857818,3.85967766,3.92001369,888327.9441
1705165200000,SYN_RAND_KIPP,5m,3.92001369,4.00793153,3.82467608,3.88112659,867400.0646
1705165500000,SYN_RAND_KIPP,5m,3.88112659,3.95980931,3.79403169,3.84594832,842849.9542
1705165800000,SYN_RAND_KIPP,5m,3.84594832,3.914795,3.76802969,3.81480449,815011.1832
1705166100000,SYN_RAND_KIPP,5m,3.81480449,3.87340401,3.74688847,3.78795769,784263.3316
1705166400000,SYN_RAND_KIPP,5m,3.78795769,3.83870819,3.72885716,3.76560848,751026.6776
1705166700000,SYN_RAND_KIPP,5m,3.76560848,3.81533302,3.71063584,3.74789686,715756.3166
1705167000000,SYN_RAND_KIPP,5m,3.74789686,3.79663315,3.69706387,3.73490399,678935.7934
1705167300000,SYN_RAND_KIPP,5m,3.73490399,3.78269223,3.68816602,3.72665407,641070.3353
1705167600000,SYN_RAND_KIPP,5m,3.72665407,3.77353598,3.68387457,3.72307836,603067.6113
1705167900000,SYN_RAND_KIPP,5m,3.72307836,3.76909597,3.67682901,3.71681451,640016.3733
1705168200000,SYN_RAND_KIPP,5m,3.71681451,3.76192158,3.66709092,3.70784226,676434.6914
1705168500000,SYN_RAND_KIPP,5m,3.70784226,3.75199839,3.65468649,3.69618151,711802.8781
1705168800000,SYN_RAND_KIPP,5m,3.69618151,3.73935269,3.63968233,3.68189295,745615.9325
1705169100000,SYN_RAND_KIPP,5m,3.68189295,3.72405201,3.62218509,3.66507776,777390.6078
1705169400000,SYN_RAND_KIPP,5m,3.66507776,3.70620475,3.60234019,3.6458765,806672.1742
1705169700000,SYN_RAND_KIPP,5m,3.6458765,3.68595894,3.58032971,3.62446702,833040.7819
1705170000000,SYN_RAND_KIPP,5m,3.62446702,3.66497658,3.55467884,3.60106166,856117.3371
1705170300000,SYN_RAND_KIPP,5m,3.60106166,3.6437125,3.52515528,3.57590363,875568.8071
1705170600000,SYN_RAND_KIPP,5m,3.57590363,3.62014511,3.4946001,3.54926278,891112.8808
1705170900000,SYN_RAND_KIPP,5m,3.54926278,3.59454513,3.46338734,3.52143089,902521.9194
1705171200000,SYN_RAND_KIPP,5m,3.52143089,3.56721536,3.43189911,3.49271657,909626.1427
1705171500000,SYN_RAND_KIPP,5m,3.49271657,3.53848431,3.40051836,3.46343997,912316.0048
1705171800000,SYN_RAND_KIPP,5m,3.46343997,3.50869948,3.36962175,3.43392746,910543.7273
1705172100000,SYN_RAND_KIPP,5m,3.43392746,3.47822038,3.33957313,3.40450629,904323.9684
1705172400000,SYN_RAND_KIPP,5m,3.40450629,3.44741165,3.31071761,3.3754996,893733.6181
1705172700000,SYN_RAND_KIPP,5m,3.3754996,3.41663643,3.28337639,3.3472216,878910.7221
1705173000000,SYN_RAND_KIPP,5m,3.3472216,3.38625018,3.25784238,3.31997326,860052.5507
1705173300000,SYN_RAND_KIPP,5m,3.31997326,3.35659502,3.23437671,3.29403834,837412.8386
1705173600000,SYN_RAND_KIPP,5m,3.29403834,3.32799482,3.21320598,3.26967997,811298.234
1705173900000,SYN_RAND_KIPP,5m,3.26967997,3.30075092,3.19452029,3.24713766,782064.0084
1705174200000,SYN_RAND_KIPP,5m,3.24713766,3.27513868,3.17847202,3.22662484,750109.0847
1705174500000,SYN_RAND_KIPP,5m,3.22662484,3.25381352,3.16098043,3.20832678,715870.4557
1705174800000,SYN_RAND_KIPP,5m,3.20832678,3.23519588,3.14515568,3.19239892,679817.0686
1705175100000,SYN_RAND_KIPP,5m,3.19239892,3.21902114,3.13184339,3.17896559,642443.2637
1705175400000,SYN_RAND_KIPP,5m,3.17896559,3.2054142,3.12113345,3.16811894,604261.8565
1705175700000,SYN_RAND_KIPP,5m,3.16811894,3.1944675,3.11019366,3.15702865,600767.5461
1705176000000,SYN_RAND_KIPP,5m,3.15702865,3.18332663,3.09582187,3.14245124,637529.255
1705176300000,SYN_RAND_KIPP,5m,3.14245124,3.16872025,3.0782441,3.12456571,673521.5741
1705176600000,SYN_RAND_KIPP,5m,3.12456571,3.15288248,3.05409361,3.10360256,708230.6525
1705176900000,SYN_RAND_KIPP,5m,3.10360256,3.13593815,3.02394619,3.07983769,741160.596
1705177200000,SYN_RAND_KIPP,5m,3.07983769,3.11588211,2.99216836,3.05358543,772569.863
1705177500000,SYN_RAND_KIPP,5m,3.05358543,3.09299109,2.95918225,3.02519099,802018.9229
1705177800000,SYN_RAND_KIPP,5m,3.02519099,3.06757606,2.92540719,2.99502253,828376.4065
1705178100000,SYN_RAND_KIPP,5m,2.99502253,3.03997459,2.89125184,2.96346332,851283.6633
1705178400000,SYN_RAND_KIPP,5m,2.96346332,3.0105432,2.85710766,2.93090406,870430.3234
1705178700000,SYN_RAND_KIPP,5m,2.93090406,2.9796499,2.82334351,2.89773559,885558.6404
1705179000000,SYN_RAND_KIPP,5m,2.89773559,2.94766722,2.79030161,2.86434236,896467.0979
1705179300000,SYN_RAND_KIPP,5m,2.86434236,2.91496579,2.75829464,2.83109649,903013.2294
1705179600000,SYN_RAND_KIPP,5m,2.83109649,2.88190866,2.72760404,2.79835281,905115.6114
1705179900000,SYN_RAND_KIPP,5m,2.79835281,2.84884644,2.69847918,2.76644463,902755.0028
1705180200000,SYN_RAND_KIPP,5m,2.76644463,2.8161132,2.67113741,2.73568054,895974.6133
1705180500000,SYN_RAND_KIPP,5m,2.73568054,2.78402329,2.64576469,2.70634184,884879.4994
1705180800000,SYN_RAND_KIPP,5m,2.70634184,2.75286881,2.62251671,2.67868092,869635.0931
1705181100000,SYN_RAND_KIPP,5m,2.67868092,2.72291794,2.60152031,2.65292015,850464.8869
1705181400000,SYN_RAND_KIPP,5m,2.65292015,2.69441381,2.58287503,2.62925144,827647.3066
1705181700000,SYN_RAND_KIPP,5m,2.62925144,2.66757399,2.56665474,2.60783622,801511.8137
1705182000000,SYN_RAND_KIPP,5m,2.60783622,2.64259035,2.55290916,2.58880573,772434.296
1705182300000,SYN_RAND_KIPP,5m,2.58880573,2.61962935,2.5416653,2.57226163,740831.8063
1705182600000,SYN_RAND_KIPP,5m,2.57226163,2.602671,2.52926687,2.55827674,707156.7264
1705182900000,SYN_RAND_KIPP,5m,2.55827674,2.58910387,2.51862674,2.5468958,671890.4366
1705183200000,SYN_RAND_KIPP,5m,2.5468958,2.57815987,2.5105671,2.53813633,635536.5786
1705183500000,SYN_RAND_KIPP,5m,2.53813633,2.5698557,2.5050778,2.53198938,598614.0078
1705183800000,SYN_RAND_KIPP,5m,2.53198938,2.56418132,2.49753687,2.52383389,631100.0439
1705184100000,SYN_RAND_KIPP,5m,2.52383389,2.55645494,2.48763578,2.5133153,669027.3646
1705184400000,SYN_RAND_KIPP,5m,2.5133153,2.54631356,2.47545547,2.50051479,705947.6738
1705184700000,SYN_RAND_KIPP,5m,2.50051479,2.53383565,2.46111304,2.48555407,741354.4286
1705185000000,SYN_RAND_KIPP,5m,2.48555407,2.52239013,2.44245783,2.46859231,774762.2591
1705185300000,SYN_RAND_KIPP,5m,2.46859231,2.50989058,2.42143667,2.44982225,805713.7609
1705185600000,SYN_RAND_KIPP,5m,2.44982225,2.49515661,2.39922549,2.42946551,833785.8949
1705185900000,SYN_RAND_KIPP,5m,2.42946551,2.47832761,2.37607511,2.40776737,858595.9076
1705186200000,SYN_RAND_KIPP,5m,2.40776737,2.45957915,2.35224604,2.38499111,879806.6863
1705186500000,SYN_RAND_KIPP,5m,2.38499111,2.43911914,2.3280039,2.36141228,897131.4767
1705186800000,SYN_RAND_KIPP,5m,2.36141228,2.4171833,2.30361499,2.3373129,910337.895
1705187100000,SYN_RAND_KIPP,5m,2.3373129,2.39403001,2.27934208,2.31297594,919251.1801
1705187400000,SYN_RAND_KIPP,5m,2.31297594,2.36993477,2.2554406,2.2886801,923756.638
1705187700000,SYN_RAND_KIPP,5m,2.2886801,2.34518444,2.23215508,2.26469509,923801.2475
1705188000000,SYN_RAND_KIPP,5m,2.26469509,2.32007153,2.20971604,2.24127748,919394.4012
1705188300000,SYN_RAND_KIPP,5m,2.24127748,2.29488865,2.18833733,2.21866712,910607.774
1705188600000,SYN_RAND_KIPP,5m,2.21866712,2.26992325,2.16821381,2.19708421,897574.3197
1705188900000,SYN_RAND_KIPP,5m,2.19708421,2.24545287,2.14951946,2.17672699,880486.4106
1705189200000,SYN_RAND_KIPP,5m,2.17672699,2.22174089,2.13240588,2.15776996,859593.1448
1705189500000,SYN_RAND_KIPP,5m,2.15776996,2.19903285,2.11700103,2.14036268,835196.8602
1705189800000,SYN_RAND_KIPP,5m,2.14036268,2.17755342,2.10340837,2.12462898,807648.9039
1705190100000,SYN_RAND_KIPP,5m,2.12462898,2.15750383,2.09170613,2.1106666,777344.7145
1705190400000,SYN_RAND_KIPP,5m,2.1106666,2.14143453,2.08055864,2.09854712,744718.2888
1705190700000,SYN_RAND_KIPP,5m,2.09854712,2.12895302,2.07024556,2.08831609,710236.1081
1705191000000,SYN_RAND_KIPP,5m,2.08831609,2.11835839,2.06179571,2.07999351,674390.6101
1705191300000,SYN_RAND_KIPP,5m,2.07999351,2.10967185,2.05520474,2.07357426,637693.2978
1705191600000,SYN_RAND_KIPP,5m,2.07357426,2.10288912,2.04889393,2.06747864,629330.4684
1705191900000,SYN_RAND_KIPP,5m,2.06747864,2.09640928,2.0403344,2.05916252,667567.677
1705192200000,SYN_RAND_KIPP,5m,2.05916252,2.0876546,2.02958669,2.04866127,705078.1503
1705192500000,SYN_RAND_KIPP,5m,2.04866127,2.07666389,2.01672413,2.03604558,741346.8194
1705192800000,SYN_RAND_KIPP,5m,2.03604558,2.06775427,1.99883181,2.02142012,775875.9788
1705193100000,SYN_RAND_KIPP,5m,2.02142012,2.05669043,1.9789403,2.00492142,808192.251
1705193400000,SYN_RAND_KIPP,5m,2.00492142,2.04326525,1.95746741,1.98671499,837853.2104
1705193700000,SYN_RAND_KIPP,5m,1.98671499,2.02760298,1.93465762,1.96699183,864453.574
1705194000000,SYN_RAND_KIPP,5m,1.96699183,2.00986739,1.91077616,1.94596452,887630.8729
1705194300000,SYN_RAND_KIPP,5m,1.94596452,1.99025779,1.88610343,1.9238628,907070.5239
1705194600000,SYN_RAND_KIPP,5m,1.9238628,1.96900419,1.86092913,1.9009291,922510.2319
1705194900000,SYN_RAND_KIPP,5m,1.9009291,1.94636178,1.83554648,1.87741391,933743.6595
1705195200000,SYN_RAND_KIPP,5m,1.87741391,1.92260493,1.81024667,1.85357131,940623.3145
1705195500000,SYN_RAND_KIPP,5m,1.85357131,1.89802108,1.78531363,1.82965461,943062.6139
1705195800000,SYN_RAND_KIPP,5m,1.82965461,1.87290453,1.76101943,1.80591242,941037.0943
1705196100000,SYN_RAND_KIPP,5m,1.80591242,1.84755056,1.73762017,1.78258502,934584.755
1705196400000,SYN_RAND_KIPP,5m,1.78258502,1.82224992,1.71535263,1.75990124,923805.5255
1705196700000,SYN_RAND_KIPP,5m,1.75990124,1.79728385,1.69443158,1.73807583,908859.8667
1705197000000,SYN_RAND_KIPP,5m,1.73807583,1.77291983,1.67504774,1.71730721,889966.5256
1705197300000,SYN_RAND_KIPP,5m,1.71730721,1.74940789,1.65736639,1.69777586,867399.4735
1705197600000,SYN_RAND_KIPP,5m,1.69777586,1.72697782,1.64152648,1.67964295,841484.0726
1705197900000,SYN_RAND_KIPP,5m,1.67964295,1.70583691,1.62764024,1.66304949,812592.5217
1705198200000,SYN_RAND_KIPP,5m,1.66304949,1.6861685,1.61579314,1.64811573,781138.6485
1705198500000,SYN_RAND_KIPP,5m,1.64811573,1.66813092,1.60604406,1.6349408,747572.1179
1705198800000,SYN_RAND_KIPP,5m,1.6349408,1.6518571,1.59842568,1.62360257,712372.1391
1705199100000,SYN_RAND_KIPP,5m,1.62360257,1.63841865,1.59146844,1.61415758,676040.7599
1705199400000,SYN_RAND_KIPP,5m,1.61415758,1.62865227,1.58384874,1.60664109,639095.8407
1705199700000,SYN_RAND_KIPP,5m,1.60664109,1.62085498,1.57552051,1.59842004,665232.9682
1705200000000,SYN_RAND_KIPP,5m,1.59842004,1.61237075,1.56607389,1.58904668,703169.2213
1705200300000,SYN_RAND_KIPP,5m,1.58904668,1.60351334,1.55431933,1.57860763,740140.5404
1705200600000,SYN_RAND_KIPP,5m,1.57860763,1.59424593,1.54050579,1.56720389,775638.9311
1705200900000,SYN_RAND_KIPP,5m,1.56720389,1.58386274,1.52610808,1.55494826,809176.9892
1705201200000,SYN_RAND_KIPP,5m,1.55494826,1.57247536,1.51128088,1.54196269,840294.7218
1705201500000,SYN_RAND_KIPP,5m,1.54196269,1.56020672,1.49617744,1.52837558,868565.9832
1705201800000,SYN_RAND_KIPP,5m,1.52837558,1.54718797,1.48094666,1.51431906,893604.4386
1705202100000,SYN_RAND_KIPP,5m,1.51431906,1.53355531,1.46573059,1.49992655,915068.9699
1705202400000,SYN_RAND_KIPP,5m,1.49992655,1.51944709,1.45066238,1.48533033,932668.4489
1705202700000,SYN_RAND_KIPP,5m,1.48533033,1.50500111,1.43586472,1.47065948,946165.811
1705203000000,SYN_RAND_KIPP,5m,1.47065948,1.49035225,1.42144872,1.45603804,955381.3723
1705203300000,SYN_RAND_KIPP,5m,1.45603804,1.47563041,1.40751327,1.44158347,960195.3439
1705203600000,SYN_RAND_KIPP,5m,1.44158347,1.46095878,1.39414473,1.42740543,960549.5079
1705203900000,SYN_RAND_KIPP,5m,1.42740543,1.44645261,1.38141699,1.41360476,956448.0317
1705204200000,SYN_RAND_KIPP,5m,1.41360476,1.43221812,1.36939176,1.40027291,947957.4097
1705204500000,SYN_RAND_KIPP,5m,1.40027291,1.41835191,1.35811914,1.38749142,935205.5324
1705204800000,SYN_RAND_KIPP,5m,1.38749142,1.40494056,1.34763824,1.37533178,918379.8962
1705205100000,SYN_RAND_KIPP,5m,1.37533178,1.39206051,1.33797796,1.36385538,897724.9801
1705205400000,SYN_RAND_KIPP,5m,1.36385538,1.37977816,1.32915781,1.35311366,873538.8234
1705205700000,SYN_RAND_KIPP,5m,1.35311366,1.36815009,1.32118873,1.34314838,846168.8557
1705206000000,SYN_RAND_KIPP,5m,1.34314838,1.35722351,1.31407383,1.33399195,816007.0342
1705206300000,SYN_RAND_KIPP,5m,1.33399195,1.34703666,1.30780918,1.32566782,783484.3586
1705206600000,SYN_RAND_KIPP,5m,1.32566782,1.33885289,1.30075305,1.3181909,749064.84
1705206900000,SYN_RAND_KIPP,5m,1.3181909,1.33156954,1.29449643,1.31156801,713239.0071
1705207200000,SYN_RAND_KIPP,5m,1.31156801,1.32515527,1.28908828,1.30579824,676517.0416
1705207500000,SYN_RAND_KIPP,5m,1.30579824,1.31960819,1.28375812,1.30011211,661774.0205
1705207800000,SYN_RAND_KIPP,5m,1.30011211,1.31414954,1.27671837,1.29271354,699970.3829
1705208100000,SYN_RAND_KIPP,5m,1.29271354,1.30874743,1.26609228,1.28366205,737482.6705
1705208400000,SYN_RAND_KIPP,5m,1.28366205,1.30284994,1.25283724,1.27304928,773794.6883
1705208700000,SYN_RAND_KIPP,5m,1.27304928,1.29528503,1.23848531,1.26099628,808407.0102
1705209000000,SYN_RAND_KIPP,5m,1.26099628,1.28611017,1.22321616,1.24765008,840843.9671
1705209300000,SYN_RAND_KIPP,5m,1.24765008,1.27541191,1.20721877,1.23317938,870660.303
1705209600000,SYN_RAND_KIPP,5m,1.23317938,1.26330376,1.19068699,1.21776999,897447.4061
1705209900000,SYN_RAND_KIPP,5m,1.21776999,1.24992325,1.17381537,1.20161977,920839.0258
1705210200000,SYN_RAND_KIPP,5m,1.20161977,1.23542847,1.15679531,1.18493369,940516.3983
1705210500000,SYN_RAND_KIPP,5m,1.18493369,1.21999403,1.13981178,1.16791889,956212.7065
1705210800000,SYN_RAND_KIPP,5m,1.16791889,1.20380687,1.12304048,1.15078013,967716.8138
1705211100000,SYN_RAND_KIPP,5m,1.15078013,1.18706181,1.10664562,1.13371569,974876.2186
1705211400000,SYN_RAND_KIPP,5m,1.13371569,1.16995719,1.09077816,1.11691377,977599.1876
1705211700000,SYN_RAND_KIPP,5m,1.11691377,1.15269079,1.07557459,1.10054959,975856.0397
1705212000000,SYN_RAND_KIPP,5m,1.10054959,1.13545597,1.06115612,1.08478305,969679.5612
1705212300000,SYN_RAND_KIPP,5m,1.08478305,1.11843832,1.04762825,1.06975704,959164.5461
1705212600000,SYN_RAND_KIPP,5m,1.06975704,1.10181277,1.03508066,1.05559638,944466.4703
1705212900000,SYN_RAND_KIPP,5m,1.05559638,1.08574127,1.02358734,1.04240722,925799.3148
1705213200000,SYN_RAND_KIPP,5m,1.04240722,1.07037101,1.01320686,1.03027689,903432.5717
1705213500000,SYN_RAND_KIPP,5m,1.03027689,1.05583308,1.00398281,1.01927418,877687.4726
1705213800000,SYN_RAND_KIPP,5m,1.01927418,1.04224166,0.99594427,1.0094498,848932.4931
1705214100000,SYN_RAND_KIPP,5m,1.0094498,1.02969361,0.98910634,1.00083712,817578.1963
1705214400000,SYN_RAND_KIPP,5m,1.00083712,1.01826832,0.98347067,0.993453,784071.4873
1705214700000,SYN_RAND_KIPP,5m,0.993453,1.00809238,0.97898935,0.98729874,748889.3592
1705215000000,SYN_RAND_KIPP,5m,0.98729874,1.00187844,0.97413408,0.98236098,712532.2179
1705215300000,SYN_RAND_KIPP,5m,0.98236098,0.9968827,0.97044188,0.9786127,675516.8793
1705215600000,SYN_RAND_KIPP,5m,0.9786127,0.99307795,0.96642161,0.97456231,695250.9572
1705215900000,SYN_RAND_KIPP,5m,0.97456231,0.98895077,0.96159709,0.96972103,733140.9582
1705216200000,SYN_RAND_KIPP,5m,0.96972103,0.98400546,0.95597455,0.96409068,770108.3116
1705216500000,SYN_RAND_KIPP,5m,0.96409068,0.97919933,0.94902267,0.95768714,805643.6224
1705216800000,SYN_RAND_KIPP,5m,0.95768714,0.97447405,0.94079543,0.95054048,839257.5015
1705217100000,SYN_RAND_KIPP,5m,0.95054048,0.96886776,0.93189435,0.94269466,870487.4138
1705217400000,SYN_RAND_KIPP,5m,0.94269466,0.96239074,0.92239214,0.9342069,898904.1501
1705217700000,SYN_RAND_KIPP,5m,0.9342069,0.95507075,0.91237416,0.92514661,924117.834
1705218000000,SYN_RAND_KIPP,5m,0.92514661,0.94695297,0.90193673,0.9155941,945783.3764
1705218300000,SYN_RAND_KIPP,5m,0.9155941,0.93809941,0.89118519,0.90563882,963605.3052
1705218600000,SYN_RAND_KIPP,5m,0.90563882,0.92858772,0.88023158,0.89537757,977341.8995
1705218900000,SYN_RAND_KIPP,5m,0.89537757,0.9185095,0.8691922,0.88491236,986808.5719
1705219200000,SYN_RAND_KIPP,5m,0.88491236,0.90796825,0.85818511,0.8743483,991880.4514
1705219500000,SYN_RAND_KIPP,5m,0.8743483,0.89707681,0.84732754,0.86379143,992494.1307
1705219800000,SYN_RAND_KIPP,5m,0.86379143,0.88595471,0.83673344,0.8533466,988648.553
1705220100000,SYN_RAND_KIPP,5m,0.8533466,0.87472529,0.82651121,0.84311549,980405.0271
1705220400000,SYN_RAND_KIPP,5m,0.84311549,0.86351285,0.81676163,0.83319481,967886.3685
1705220700000,SYN_RAND_KIPP,5m,0.83319481,0.85243988,0.807576,0.82367462,951275.1813
1705221000000,SYN_RAND_KIPP,5m,0.82367462,0.84162449,0.7990347,0.814637,930811.3024
1705221300000,SYN_RAND_KIPP,5m,0.814637,0.831178,0.79120595,0.80615487,906788.445
1705221600000,SYN_RAND_KIPP,5m,0.80615487,0.82120299,0.78414489,0.79829108,879550.0883
1705221900000,SYN_RAND_KIPP,5m,0.79829108,0.81179157,0.777893,0.79109775,849484.671
1705222200000,SYN_RAND_KIPP,5m,0.79109775,0.803024,0.77247774,0.78461579,817020.155
1705222500000,SYN_RAND_KIPP,5m,0.78461579,0.79496772,0.76791238,0.7788746,782618.037
1705222800000,SYN_RAND_KIPP,5m,0.7788746,0.78767663,0.76419616,0.773892,746766.8897
1705223100000,SYN_RAND_KIPP,5m,0.773892,0.78222476,0.7601301,0.76967425,709975.5253
1705223400000,SYN_RAND_KIPP,5m,0.76967425,0.77779177,0.75623224,0.76589419,688805.5598
1705223700000,SYN_RAND_KIPP,5m,0.76589419,0.77380674,0.75157837,0.76135798,726909.2844
1705224000000,SYN_RAND_KIPP,5m,0.76135798,0.76993494,0.74508775,0.75608536,764371.8115
1705224300000,SYN_RAND_KIPP,5m,0.75608536,0.76561769,0.73743985,0.75010598,800675.872
1705224600000,SYN_RAND_KIPP,5m,0.75010598,0.76049542,0.72917125,0.74345894,835320.3691
1705224900000,SYN_RAND_KIPP,5m,0.74345894,0.75460098,0.72035694,0.7361923,867827.3901
1705225200000,SYN_RAND_KIPP,5m,0.7361923,0.74797822,0.71107961,0.72836236,897748.8939
1705225500000,SYN_RAND_KIPP,5m,0.72836236,0.74068111,0.7014283,0.72003285,924672.9808
1705225800000,SYN_RAND_KIPP,5m,0.72003285,0.73277274,0.69149682,0.71127403,948229.656
1705226100000,SYN_RAND_KIPP,5m,0.71127403,0.72432422,0.68138215,0.70216165,968096.0073
1705226400000,SYN_RAND_KIPP,5m,0.70216165,0.71541342,0.6711828,0.69277585,984000.7234
1705226700000,SYN_RAND_KIPP,5m,0.69277585,0.70612357,0.66099716,0.68319995,995727.8904
1705227000000,SYN_RAND_KIPP,5m,0.68319995,0.69654191,0.65092191,0.67351932,1003120.0131
1705227300000,SYN_RAND_KIPP,5m,0.67351932,0.68675823,0.64105054,0.66382007,1006080.2187
1705227600000,SYN_RAND_KIPP,5m,0.66382007,0.67686345,0.63147195,0.65418792,1004573.6124
1705227900000,SYN_RAND_KIPP,5m,0.65418792,0.66694821,0.62226928,0.64470698,998627.7653
1705228200000,SYN_RAND_KIPP,5m,0.64470698,0.65710156,0.61351885,0.63545866,988332.3283
1705228500000,SYN_RAND_KIPP,5m,0.63545866,0.64740975,0.60528936,0.62652065,973837.7779
1705228800000,SYN_RAND_KIPP,5m,0.62652065,0.63795511,0.59764121,0.61796597,955353.3098
1705229100000,SYN_RAND_KIPP,5m,0.61796597,0.62881512,0.59062608,0.6098622,933143.9114
1705229400000,SYN_RAND_KIPP,5m,0.6098622,0.62006159,0.58428666,0.6022707,907526.6537
1705229700000,SYN_RAND_KIPP,5m,0.6022707,0.61176001,0.57865648,0.59524608,878866.2539
1705230000000,SYN_RAND_KIPP,5m,0.59524608,0.60396902,0.57375994,0.58883567,847569.9718
1705230300000,SYN_RAND_KIPP,5m,0.58883567,0.59674012,0.56961238,0.58307912,814081.9101
1705230600000,SYN_RAND_KIPP,5m,0.58307912,0.59011735,0.56622023,0.57800811,778876.8001
1705230900000,SYN_RAND_KIPP,5m,0.57800811,0.58413723,0.56358119,0.57364609,742453.3581
1705231200000,SYN_RAND_KIPP,5m,0.57364609,0.57882866,0.56168443,0.57000805,705327.3061
1705231500000,SYN_RAND_KIPP,5m,0.57000805,0.57530064,0.55805425,0.56634834,718612.6608
1705231800000,SYN_RAND_KIPP,5m,0.56634834,0.572269,0.5532869,0.56232031,756409.1396
1705232100000,SYN_RAND_KIPP,5m,0.56232031,0.56884761,0.54827928,0.55795568,793325.5311
1705232400000,SYN_RAND_KIPP,5m,0.55795568,0.56506221,0.54307229,0.55328938,828851.0912
1705232700000,SYN_RAND_KIPP,5m,0.55328938,0.56094225,0.53770625,0.54835867,862494.4947
1705233000000,SYN_RAND_KIPP,5m,0.54835867,0.55651999,0.53222028,0.54320223,893790.7109
1705233300000,SYN_RAND_KIPP,5m,0.54320223,0.55182969,0.52665183,0.53785945,922307.5106
1705233600000,SYN_RAND_KIPP,5m,0.53785945,0.54690678,0.52103642,0.53236972,947651.5146
1705233900000,SYN_RAND_KIPP,5m,0.53236972,0.54178725,0.51540748,0.52677189,969473.6983
1705234200000,SYN_RAND_KIPP,5m,0.52677189,0.53650701,0.50979626,0.52110382,987474.2757
1705234500000,SYN_RAND_KIPP,5m,0.52110382,0.53110141,0.5042319,0.51540207,1001406.8944
1705234800000,SYN_RAND_KIPP,5m,0.51540207,0.52560488,0.4987415,0.50970162,1011082.0826
1705235100000,SYN_RAND_KIPP,5m,0.50970162,0.52005066,0.49335029,0.50403576,1016369.9008
1705235400000,SYN_RAND_KIPP,5m,0.50403576,0.51447059,0.48808177,0.49843601,1017201.7595
1705235700000,SYN_RAND_KIPP,5m,0.49843601,0.50889507,0.48295789,0.4929321,1013571.3791
1705236000000,SYN_RAND_KIPP,5m,0.4929321,0.50335297,0.47799918,0.48755198,1005534.8774
1705236300000,SYN_RAND_KIPP,5m,0.48755198,0.49787172,0.4732249,0.48232189,993209.9849
1705236600000,SYN_RAND_KIPP,5m,0.48232189,0.49247734,0.46865311,0.47726635,976774.3959
1705236900000,SYN_RAND_KIPP,5m,0.47726635,0.48719456,0.46430076,0.47240825,956463.2832
1705237200000,SYN_RAND_KIPP,5m,0.47240825,0.48204692,0.46018366,0.46776883,932566.0058
1705237500000,SYN_RAND_KIPP,5m,0.46776883,0.47705683,0.45631648,0.46336769,905422.0603
1705237800000,SYN_RAND_KIPP,5m,0.46336769,0.47224571,0.45271264,0.45922275,875416.3298
1705238100000,SYN_RAND_KIPP,5m,0.45922275,0.46763398,0.44938424,0.45535012,842973.6976
1705238400000,SYN_RAND_KIPP,5m,0.45535012,0.46324112,0.44634183,0.45176407,808553.1018
1705238700000,SYN_RAND_KIPP,5m,0.45176407,0.45908559,0.44359426,0.44847678,772641.1126
1705239000000,SYN_RAND_KIPP,5m,0.44847678,0.4551848,0.44114842,0.44549824,735745.1233
1705239300000,SYN_RAND_KIPP,5m,0.44549824,0.45181199,0.43873357,0.44272298,708111.6679
1705239600000,SYN_RAND_KIPP,5m,0.44272298,0.4503493,0.43469501,0.43940111,746080.6125
1705239900000,SYN_RAND_KIPP,5m,0.43940111,0.44827877,0.43020212,0.43556522,783451.5127
1705240200000,SYN_RAND_KIPP,5m,0.43556522,0.44560568,0.42530398,0.43125717,819706.0769
1705240500000,SYN_RAND_KIPP,5m,0.43125717,0.44234773,0.42005541,0.4265267,854341.5879
1705240800000,SYN_RAND_KIPP,5m,0.4265267,0.43853443,0.4145155,0.42142984,886877.9372
1705241100000,SYN_RAND_KIPP,5m,0.42142984,0.43420596,0.40874614,0.41602723,916864.3435
1705241400000,SYN_RAND_KIPP,5m,0.41602723,0.42941191,0.40281058,0.41038238,943885.6607
1705241700000,SYN_RAND_KIPP,5m,0.41038238,0.42420954,0.39677205,0.4045601,967568.187
1705242000000,SYN_RAND_KIPP,5m,0.4045601,0.41866205,0.39069251,0.39862492,987584.8945
1705242300000,SYN_RAND_KIPP,5m,0.39862492,0.41283669,0.38463158,0.39263975,1003660.0051
1705242600000,SYN_RAND_KIPP,5m,0.39263975,0.40680292,0.37864556,0.38666472,1015572.8498
1705242900000,SYN_RAND_KIPP,5m,0.38666472,0.40063063,0.37278675,0.3807562,1023160.9565
1705243200000,SYN_RAND_KIPP,5m,0.3807562,0.39438858,0.36710283,0.37496612,1026322.3232
1705243500000,SYN_RAND_KIPP,5m,0.37496612,0.38814296,0.36163654,0.36934141,1025016.8457
1705243800000,SYN_RAND_KIPP,5m,0.36934141,0.38195627,0.35642541,0.36392372,1019266.8783
1705244100000,SYN_RAND_KIPP,5m,0.36392372,0.37588639,0.35150169,0.35874925,1009156.9211
1705244400000,SYN_RAND_KIPP,5m,0.35874925,0.3699859,0.34689241,0.35384878,994832.4372
1705244700000,SYN_RAND_KIPP,5m,0.35384878,0.36430168,0.3426195,0.34924779,976497.8174
1705245000000,SYN_RAND_KIPP,5m,0.34924779,0.35887467,0.33869997,0.34496668,954413.5197
1705245300000,SYN_RAND_KIPP,5m,0.34496668,0.35373981,0.33514623,0.34102109,928892.4241
1705245600000,SYN_RAND_KIPP,5m,0.34102109,0.34892615,0.3319663,0.33742219,900295.4549
1705245900000,SYN_RAND_KIPP,5m,0.33742219,0.34445704,0.32916413,0.33417701,869026.5292
1705246200000,SYN_RAND_KIPP,5m,0.33417701,0.34035045,0.32673991,0.33128883,835526.9051
1705246500000,SYN_RAND_KIPP,5m,0.33128883,0.33661928,0.32469028,0.32875748,800269.0063
1705246800000,SYN_RAND_KIPP,5m,0.32875748,0.33327172,0.3230086,0.32657963,763749.8116
1705247100000,SYN_RAND_KIPP,5m,0.32657963,0.33072244,0.3213479,0.32474908,726483.8995
1705247400000,SYN_RAND_KIPP,5m,0.32474908,0.32879798,0.31942903,0.32288183,733286.6818
1705247700000,SYN_RAND_KIPP,5m,0.32288183,0.3271464,0.31693475,0.32071491,770953.6254
1705248000000,SYN_RAND_KIPP,5m,0.32071491,0.32546033,0.31388378,0.31825834,807783.3675
1705248300000,SYN_RAND_KIPP,5m,0.31825834,0.32343227,0.31056613,0.31552813,843263.8655
1705248600000,SYN_RAND_KIPP,5m,0.31552813,0.32107,0.30701547,0.31254573,876901.9074
1705248900000,SYN_RAND_KIPP,5m,0.31254573,0.31838893,0.3032702,0.30933752,908230.0131
1705249200000,SYN_RAND_KIPP,5m,0.30933752,0.31541155,0.29937235,0.30593397,936812.9767
1705249500000,SYN_RAND_KIPP,5m,0.30593397,0.31216671,0.29536633,0.3023689,962253.9558
1705249800000,SYN_RAND_KIPP,5m,0.3023689,0.30868862,0.29129773,0.29867853,984200.025
1705250100000,SYN_RAND_KIPP,5m,0.29867853,0.30501577,0.28721204,0.29490055,1002347.1149
1705250400000,SYN_RAND_KIPP,5m,0.29490055,0.30118975,0.28315359,0.29107325,1016444.2664
1705250700000,SYN_RAND_KIPP,5m,0.29107325,0.29725401,0.2791645,0.28723462,1026297.143
1705251000000,SYN_RAND_KIPP,5m,0.28723462,0.29325269,0.27528385,0.28342161,1031770.7498
1705251300000,SYN_RAND_KIPP,5m,0.28342161,0.2892295,0.27154699,0.27966935,1032791.3229
1705251600000,SYN_RAND_KIPP,5m,0.27966935,0.28522671,0.26798502,0.27601064,1029347.3611
1705251900000,SYN_RAND_KIPP,5m,0.27601064,0.28128428,0.26462448,0.2724754,1021489.7871
1705252200000,SYN_RAND_KIPP,5m,0.2724754,0.27743913,0.26148713,0.26909036,1009331.2347
1705252500000,SYN_RAND_KIPP,5m,0.26909036,0.27372462,0.25858993,0.26587876,993044.4727
1705252800000,SYN_RAND_KIPP,5m,0.26587876,0.27017012,0.25594511,0.26286019,972859.9869
1705253100000,SYN_RAND_KIPP,5m,0.26286019,0.26680079,0.25356034,0.26005055,949062.7548
1705253400000,SYN_RAND_KIPP,5m,0.26005055,0.26363744,0.25143896,0.25746201,921988.258
1705253700000,SYN_RAND_KIPP,5m,0.25746201,0.26069655,0.24958027,0.25510312,892017.7868
1705254000000,SYN_RAND_KIPP,5m,0.25510312,0.25799035,0.24797988,0.25297888,859573.1052
1705254300000,SYN_RAND_KIPP,5m,0.25297888,0.25552698,0.24663001,0.25109093,825110.5484
1705254600000,SYN_RAND_KIPP,5m,0.25109093,0.25331072,0.24551984,0.24943769,789114.6369
1705254900000,SYN_RAND_KIPP,5m,0.24943769,0.25151483,0.24432972,0.2480146,752091.2966
1705255200000,SYN_RAND_KIPP,5m,0.2480146,0.25007715,0.24312563,0.24679221,717970.9757
1705255500000,SYN_RAND_KIPP,5m,0.24679221,0.2488459,0.24165086,0.24529807,755775.5956
1705255800000,SYN_RAND_KIPP,5m,0.24529807,0.24766298,0.23935136,0.24353433,793025.6425
1705256100000,SYN_RAND_KIPP,5m,0.24353433,0.2462637,0.23671431,0.24150794,829201.854
1705256400000,SYN_RAND_KIPP,5m,0.24150794,0.24459502,0.23386279,0.23923054,863799.9422
1705256700000,SYN_RAND_KIPP,5m,0.23923054,0.24266396,0.23082508,0.23671831,896337.6508
1705257000000,SYN_RAND_KIPP,5m,0.23671831,0.24048197,0.22763237,0.2339916,926361.5029
1705257300000,SYN_RAND_KIPP,5m,0.2339916,0.23806476,0.22431799,0.23107452,953453.1475
1705257600000,SYN_RAND_KIPP,5m,0.23107452,0.23543183,0.22091659,0.22799436,977235.213
1705257900000,SYN_RAND_KIPP,5m,0.22799436,0.23260611,0.21746331,0.22478104,997376.5885
1705258200000,SYN_RAND_KIPP,5m,0.22478104,0.22961339,0.21399305,0.22146637,1013597.057
1705258500000,SYN_RAND_KIPP,5m,0.22146637,0.22648175,0.21053973,0.21808345,1025671.2165
1705258800000,SYN_RAND_KIPP,5m,0.21808345,0.22324097,0.20713576,0.2146659,1033431.6345
1705259100000,SYN_RAND_KIPP,5m,0.2146659,0.2199219,0.20381146,0.21124724,1036771.1906
1705259400000,SYN_RAND_KIPP,5m,0.21124724,0.21655588,0.20059473,0.20786026,1035644.5755
1705259700000,SYN_RAND_KIPP,5m,0.20786026,0.21317416,0.19751078,0.20453646,1030068.9254
1705260000000,SYN_RAND_KIPP,5m,0.20453646,0.20980738,0.19458189,0.20130559,1020123.5815
1705260300000,SYN_RAND_KIPP,5m,0.20130559,0.2064851,0.19182743,0.19819521,1005948.9805
1705260600000,SYN_RAND_KIPP,5m,0.19819521,0.20323539,0.18926375,0.1952304,987744.6884
1705260900000,SYN_RAND_KIPP,5m,0.1952304,0.20008455,0.1869043,0.19243353,965766.6088
1705261200000,SYN_RAND_KIPP,5m,0.19243353,0.1970568,0.18475971,0.18982407,940323.401
1705261500000,SYN_RAND_KIPP,5m,0.18982407,0.19417411,0.1828379,0.18741851,911772.1612
1705261800000,SYN_RAND_KIPP,5m,0.18741851,0.19145606,0.18114423,0.18523032,880513.4251
1705262100000,SYN_RAND_KIPP,5m,0.18523032,0.18891981,0.17968164,0.18326997,846985.5633
1705262400000,SYN_RAND_KIPP,5m,0.18326997,0.18658,0.17845073,0.18154492,811658.6464
1705262700000,SYN_RAND_KIPP,5m,0.18154492,0.18444883,0.17744992,0.18005974,775027.8672
1705263000000,SYN_RAND_KIPP,5m,0.18005974,0.18253601,0.17667553,0.17881614,737606.6111
1705263300000,SYN_RAND_KIPP,5m,0.17881614,0.18120791,0.17564591,0.17763587,737907.2938
1705263600000,SYN_RAND_KIPP,5m,0.17763587,0.18029192,0.17421849,0.17634708,775422.4265
1705263900000,SYN_RAND_KIPP,5m,0.17634708,0.17925958,0.17270587,0.17495638,812143.6015
1705264200000,SYN_RAND_KIPP,5m,0.17495638,0.17811364,0.17111667,0.17347161,847557.5288
1705264500000,SYN_RAND_KIPP,5m,0.17347161,0.17685824,0.16946016,0.17190172,881169.158
1705264800000,SYN_RAND_KIPP,5m,0.17190172,0.17549888,0.16774622,0.17025659,912508.6065
1705265100000,SYN_RAND_KIPP,5m,0.17025659,0.17404229,0.16598512,0.16854685,941137.7342
1705265400000,SYN_RAND_KIPP,5m,0.16854685,0.17249635,0.16418749,0.1667837,966656.275
1705265700000,SYN_RAND_KIPP,5m,0.1667837,0.17086993,0.16236416,0.16497876,988707.438
1705266000000,SYN_RAND_KIPP,5m,0.16497876,0.1691728,0.16052606,0.16314391,1006982.9004
1705266300000,SYN_RAND_KIPP,5m,0.16314391,0.16741544,0.1586841,0.1612911,1021227.1216
1705266600000,SYN_RAND_KIPP,5m,0.1612911,0.16560896,0.15684911,0.15943225,1031240.9197
1705266900000,SYN_RAND_KIPP,5m,0.15943225,0.16376488,0.1550317,0.15757905,1036884.2583
