timestamp_ms,symbol,timeframe,open,high,low,close,volume
1722067200000,SOLUSDT,5m,185.83,186.92,185.83,186.9,21600.487
1722067500000,SOLUSDT,5m,186.9,187.03,186.4,186.73,23887.278
1722067800000,SOLUSDT,5m,186.73,186.99,186.5,186.79,8861.667
1722068100000,SOLUSDT,5m,186.8,187.04,186.74,186.9,7930.409
1722068400000,SOLUSDT,5m,186.89,187.27,186.32,186.43,29120.028
1722068700000,SOLUSDT,5m,186.43,186.8,186.28,186.49,12144.368
1722069000000,SOLUSDT,5m,186.49,186.5,186.15,186.16,5132.783
1722069300000,SOLUSDT,5m,186.16,186.17,185.8,185.91,12725.91
1722069600000,SOLUSDT,5m,185.92,186.58,185.91,186.58,7109.748
1722069900000,SOLUSDT,5m,186.58,186.83,186.05,186.15,6388.692
1722070200000,SOLUSDT,5m,186.14,186.64,186.02,186.59,6038.426
1722070500000,SOLUSDT,5m,186.59,187.37,186.58,187.24,18500.592
1722070800000,SOLUSDT,5m,187.23,187.24,186.57,186.84,12309.282
1722071100000,SOLUSDT,5m,186.83,186.9,186.45,186.83,2947.219
1722071400000,SOLUSDT,5m,186.84,187.19,186.7,187.17,4086.72
1722071700000,SOLUSDT,5m,187.17,187.17,186.55,186.87,4170.972
1722072000000,SOLUSDT,5m,186.86,187.04,186.79,186.94,3335.073
1722072300000,SOLUSDT,5m,186.95,187.15,186.84,186.94,8626.791
1722072600000,SOLUSDT,5m,186.95,187.0,186.47,186.47,5507.604
1722072900000,SOLUSDT,5m,186.48,186.67,186.45,186.67,4825.934
1722073200000,SOLUSDT,5m,186.67,186.73,186.33,186.33,5297.375
1722073500000,SOLUSDT,5m,186.34,186.5,186.2,186.26,4887.258
1722073800000,SOLUSDT,5m,186.25,186.57,186.21,186.45,9988.036
1722074100000,SOLUSDT,5m,186.45,186.5,186.26,186.45,4640.757
1722074400000,SOLUSDT,5m,186.45,186.51,185.89,185.96,19350.19
1722074700000,SOLUSDT,5m,185.97,186.11,185.68,185.98,6572.242
1722075000000,SOLUSDT,5m,185.98,186.41,185.98,186.4,4256.696
1722075300000,SOLUSDT,5m,186.41,186.41,185.81,185.82,4560.764
1722075600000,SOLUSDT,5m,185.82,186.0,185.65,185.66,4920.578
1722075900000,SOLUSDT,5m,185.65,185.78,185.42,185.63,6601.296
1722076200000,SOLUSDT,5m,185.63,185.86,185.5,185.73,4805.329
1722076500000,SOLUSDT,5m,185.73,185.85,185.36,185.4,5107.32
1722076800000,SOLUSDT,5m,185.39,185.58,185.26,185.46,6337.826
1722077100000,SOLUSDT,5m,185.46,185.47,185.25,185.32,5396.115
1722077400000,SOLUSDT,5m,185.33,185.59,185.3,185.55,4731.776
1722077700000,SOLUSDT,5m,185.54,185.63,185.4,185.41,2644.964
1722078000000,SOLUSDT,5m,185.4,185.57,185.13,185.19,5762.125
1722078300000,SOLUSDT,5m,185.19,185.21,184.82,184.92,12286.383
1722078600000,SOLUSDT,5m,184.92,184.92,184.38,184.84,20541.505
1722078900000,SOLUSDT,5m,184.84,184.94,184.21,184.63,20129.19
1722079200000,SOLUSDT,5m,184.63,184.64,184.31,184.43,13823.149
1722079500000,SOLUSDT,5m,184.43,184.84,184.27,184.76,5593.317
1722079800000,SOLUSDT,5m,184.76,185.36,184.72,185.27,14427.97
1722080100000,SOLUSDT,5m,185.27,185.28,185.08,185.17,4293.054
1722080400000,SOLUSDT,5m,185.17,185.26,184.73,184.91,5338.627
1722080700000,SOLUSDT,5m,184.9,185.0,184.52,184.89,5947.7
1722081000000,SOLUSDT,5m,184.9,185.08,184.72,185.08,4713.494
1722081300000,SOLUSDT,5m,185.08,185.47,185.08,185.4,6147.195
1722081600000,SOLUSDT,5m,185.4,186.11,185.39,185.87,12653.728
1722081900000,SOLUSDT,5m,185.87,186.56,185.63,186.56,10879.391
1722082200000,SOLUSDT,5m,186.55,186.84,186.13,186.31,12510.562
1722082500000,SOLUSDT,5m,186.31,186.69,186.09,186.63,7060.804
1722082800000,SOLUSDT,5m,186.63,186.74,186.07,186.12,6322.278
1722083100000,SOLUSDT,5m,186.12,186.22,185.78,185.95,5160.421
1722083400000,SOLUSDT,5m,185.95,186.42,185.86,186.39,6206.547
1722083700000,SOLUSDT,5m,186.39,186.57,185.99,186.15,9765.213
1722084000000,SOLUSDT,5m,186.15,186.54,186.06,186.37,5108.792
1722084300000,SOLUSDT,5m,186.37,186.6,186.23,186.49,7293.961
1722084600000,SOLUSDT,5m,186.49,186.52,186.07,186.1,5493.147
1722084900000,SOLUSDT,5m,186.1,186.12,185.89,186.05,9308.509
1722085200000,SOLUSDT,5m,186.05,186.23,186.0,186.11,2777.72
1722085500000,SOLUSDT,5m,186.11,186.29,185.84,186.22,5729.561
1722085800000,SOLUSDT,5m,186.23,187.1,186.23,187.04,25332.863
1722086100000,SOLUSDT,5m,187.05,187.05,186.27,186.41,11504.671
1722086400000,SOLUSDT,5m,186.41,186.81,186.3,186.67,19460.137
1722086700000,SOLUSDT,5m,186.67,187.02,186.64,187.0,17050.554
1722087000000,SOLUSDT,5m,187.01,187.09,186.56,187.0,22863.137
1722087300000,SOLUSDT,5m,187.01,187.46,187.0,187.22,28961.062
1722087600000,SOLUSDT,5m,187.22,187.82,187.12,187.66,24104.254
1722087900000,SOLUSDT,5m,187.67,188.19,187.67,187.99,49718.202
1722088200000,SOLUSDT,5m,188.0,188.33,187.8,188.0,31212.804
1722088500000,SOLUSDT,5m,187.99,188.1,187.41,187.47,11222.752
1722088800000,SOLUSDT,5m,187.48,187.73,187.27,187.29,30651.684
1722089100000,SOLUSDT,5m,187.29,187.42,186.37,186.38,19098.748
1722089400000,SOLUSDT,5m,186.38,186.77,186.38,186.64,18454.021
1722089700000,SOLUSDT,5m,186.64,186.72,186.12,186.44,22858.06
1722090000000,SOLUSDT,5m,186.43,186.62,185.79,186.16,12723.481
1722090300000,SOLUSDT,5m,186.16,186.2,184.92,185.46,23998.853
1722090600000,SOLUSDT,5m,185.46,185.8,185.16,185.79,15950.085
1722090900000,SOLUSDT,5m,185.78,186.04,185.6,185.96,11496.995
1722091200000,SOLUSDT,5m,185.96,186.03,185.32,185.66,7862.791
1722091500000,SOLUSDT,5m,185.65,185.65,185.03,185.03,7990.759
1722091800000,SOLUSDT,5m,185.03,185.2,184.7,184.7,18109.121
1722092100000,SOLUSDT,5m,184.7,185.27,184.32,185.23,17161.178
1722092400000,SOLUSDT,5m,185.23,185.53,184.75,184.77,9180.41
1722092700000,SOLUSDT,5m,184.78,184.78,183.53,183.57,38507.88
1722093000000,SOLUSDT,5m,183.57,184.16,183.16,183.42,36285.857
1722093300000,SOLUSDT,5m,183.42,183.86,183.15,183.66,29266.694
1722093600000,SOLUSDT,5m,183.66,183.85,183.32,183.68,19940.387
1722093900000,SOLUSDT,5m,183.68,183.69,182.63,182.68,19947.302
1722094200000,SOLUSDT,5m,182.67,183.0,181.95,182.25,40229.738
1722094500000,SOLUSDT,5m,182.25,182.64,181.88,182.55,26078.294
1722094800000,SOLUSDT,5m,182.55,182.75,182.05,182.06,18535.004
1722095100000,SOLUSDT,5m,182.06,182.62,181.54,182.62,31826.961
1722095400000,SOLUSDT,5m,182.61,182.99,182.22,182.62,15531.075
1722095700000,SOLUSDT,5m,182.62,182.77,182.38,182.52,6767.846
1722096000000,SOLUSDT,5m,182.53,183.05,182.3,182.94,13724.375
1722096300000,SOLUSDT,5m,182.94,183.33,182.74,182.77,15223.186
1722096600000,SOLUSDT,5m,182.77,182.84,181.72,181.76,24681.017
1722096900000,SOLUSDT,5m,181.77,182.62,181.77,182.47,13975.56
1722097200000,SOLUSDT,5m,182.47,182.5,181.9,182.07,6166.79
1722097500000,SOLUSDT,5m,182.07,183.11,182.06,182.92,22145.908
1722097800000,SOLUSDT,5m,182.93,183.06,182.39,182.39,7100.93
1722098100000,SOLUSDT,5m,182.39,182.66,182.28,182.6,7401.502
1722098400000,SOLUSDT,5m,182.59,182.86,182.5,182.5,5926.882
1722098700000,SOLUSDT,5m,182.5,182.6,181.42,181.7,18504.977
1722099000000,SOLUSDT,5m,181.69,182.1,181.65,182.0,9077.491
1722099300000,SOLUSDT,5m,182.0,182.01,181.72,181.81,5488.818
1722099600000,SOLUSDT,5m,181.81,182.21,181.54,182.2,6772.071
1722099900000,SOLUSDT,5m,182.2,182.56,182.07,182.2,5482.609
1722100200000,SOLUSDT,5m,182.21,182.28,181.83,181.84,7814.7
1722100500000,SOLUSDT,5m,181.83,182.21,181.15,182.02,10510.105
1722100800000,SOLUSDT,5m,182.02,182.49,182.02,182.34,11027.317
1722101100000,SOLUSDT,5m,182.35,182.4,181.92,182.06,8066.629
1722101400000,SOLUSDT,5m,182.06,182.1,181.55,181.55,4478.95
1722101700000,SOLUSDT,5m,181.55,182.11,181.5,181.75,4177.205
1722102000000,SOLUSDT,5m,181.75,182.04,181.41,181.47,5573.911
1722102300000,SOLUSDT,5m,181.47,182.05,181.45,181.94,4990.607
1722102600000,SOLUSDT,5m,181.94,182.2,181.65,181.8,8215.226
1722102900000,SOLUSDT,5m,181.79,181.79,180.36,180.83,38003.024
1722103200000,SOLUSDT,5m,180.82,181.49,180.67,181.49,8577.827
1722103500000,SOLUSDT,5m,181.48,181.97,181.39,181.68,10348.998
1722103800000,SOLUSDT,5m,181.68,182.06,181.67,181.84,4597.238
1722104100000,SOLUSDT,5m,181.85,182.65,181.85,182.52,13012.293
1722104400000,SOLUSDT,5m,182.53,182.95,182.31,182.82,21384.783
1722104700000,SOLUSDT,5m,182.83,182.89,182.58,182.59,8789.94
1722105000000,SOLUSDT,5m,182.58,182.59,181.92,181.95,5871.232
1722105300000,SOLUSDT,5m,181.95,182.16,181.72,181.73,3923.94
1722105600000,SOLUSDT,5m,181.73,182.21,181.72,182.08,7240.334
1722105900000,SOLUSDT,5m,182.07,182.16,181.94,182.04,4214.905
1722106200000,SOLUSDT,5m,182.04,182.09,181.04,181.62,23250.049
1722106500000,SOLUSDT,5m,181.62,181.75,180.69,181.2,33809.355
1722106800000,SOLUSDT,5m,181.2,181.23,180.01,180.59,35766.243
1722107100000,SOLUSDT,5m,180.58,180.94,179.42,179.71,34577.41
1722107400000,SOLUSDT,5m,179.71,180.35,179.48,180.34,15667.688
1722107700000,SOLUSDT,5m,180.34,180.73,180.07,180.59,16062.448
1722108000000,SOLUSDT,5m,180.58,181.17,180.58,180.88,9023.137
1722108300000,SOLUSDT,5m,180.88,181.1,180.8,180.93,7780.703
1722108600000,SOLUSDT,5m,180.93,181.5,180.93,181.35,16209.52
1722108900000,SOLUSDT,5m,181.35,181.39,180.81,180.82,6401.579
1722109200000,SOLUSDT,5m,180.81,180.85,179.97,180.69,24744.646
1722109500000,SOLUSDT,5m,180.69,181.38,180.61,181.25,11024.238
1722109800000,SOLUSDT,5m,181.25,181.5,180.96,181.43,12213.171
1722110100000,SOLUSDT,5m,181.42,181.63,181.14,181.48,9425.828
1722110400000,SOLUSDT,5m,181.47,181.5,180.54,180.99,15675.214
1722110700000,SOLUSDT,5m,181.0,181.0,180.01,180.77,24887.105
1722111000000,SOLUSDT,5m,180.77,180.89,179.26,179.76,31581.067
1722111300000,SOLUSDT,5m,179.75,180.74,179.22,180.42,20457.597
1722111600000,SOLUSDT,5m,180.42,180.54,178.11,178.74,61169.529
1722111900000,SOLUSDT,5m,178.74,180.55,178.14,180.35,51490.543
1722112200000,SOLUSDT,5m,180.34,180.61,179.8,180.22,15938.802
1722112500000,SOLUSDT,5m,180.22,180.7,179.54,179.6,18776.001
1722112800000,SOLUSDT,5m,179.6,180.4,179.38,180.38,18757.452
1722113100000,SOLUSDT,5m,180.38,182.25,179.61,179.94,76249.177
1722113400000,SOLUSDT,5m,179.94,183.0,179.94,182.86,56374.02
1722113700000,SOLUSDT,5m,182.81,183.55,182.35,183.11,48614.56
1722114000000,SOLUSDT,5m,183.1,184.0,181.94,183.65,50247.42
1722114300000,SOLUSDT,5m,183.65,185.3,183.49,185.2,67152.927
1722114600000,SOLUSDT,5m,185.2,186.57,185.19,185.83,69317.7
1722114900000,SOLUSDT,5m,185.83,186.2,185.15,185.16,31011.282
1722115200000,SOLUSDT,5m,185.15,186.68,184.69,185.9,50475.911
1722115500000,SOLUSDT,5m,185.9,186.43,185.82,186.14,17037.838
1722115800000,SOLUSDT,5m,186.15,186.47,185.41,186.4,14643.683
1722116100000,SOLUSDT,5m,186.4,186.7,186.32,186.47,13690.872
1722116400000,SOLUSDT,5m,186.47,186.51,186.0,186.02,5048.213
1722116700000,SOLUSDT,5m,186.01,186.37,185.42,185.49,11331.971
1722117000000,SOLUSDT,5m,185.5,186.0,185.4,185.71,6215.42
1722117300000,SOLUSDT,5m,185.7,186.26,185.7,185.95,7482.524
1722117600000,SOLUSDT,5m,185.96,186.07,185.52,185.62,7499.137
1722117900000,SOLUSDT,5m,185.62,185.74,185.26,185.62,11425.663
1722118200000,SOLUSDT,5m,185.63,185.77,185.41,185.73,3548.924
1722118500000,SOLUSDT,5m,185.74,186.43,185.7,186.12,13024.825
1722118800000,SOLUSDT,5m,186.13,186.7,186.12,186.65,18932.401
1722119100000,SOLUSDT,5m,186.65,186.81,186.01,186.06,8274.71
1722119400000,SOLUSDT,5m,186.06,186.61,185.85,186.54,9839.676
1722119700000,SOLUSDT,5m,186.54,186.74,186.47,186.61,8042.525
1722120000000,SOLUSDT,5m,186.6,186.74,186.22,186.47,11215.072
1722120300000,SOLUSDT,5m,186.47,186.66,186.27,186.3,5866.9
1722120600000,SOLUSDT,5m,186.3,186.48,186.04,186.07,3117.283
1722120900000,SOLUSDT,5m,186.07,186.08,185.65,185.69,5924.323
1722121200000,SOLUSDT,5m,185.68,185.71,185.16,185.16,4850.325
1722121500000,SOLUSDT,5m,185.16,185.17,184.19,184.63,31389.298
1722121800000,SOLUSDT,5m,184.63,184.96,184.56,184.8,7681.324
1722122100000,SOLUSDT,5m,184.8,185.0,184.53,184.61,8226.614
1722122400000,SOLUSDT,5m,184.61,184.66,184.37,184.52,6328.396
1722122700000,SOLUSDT,5m,184.53,185.2,184.5,185.2,5987.454
1722123000000,SOLUSDT,5m,185.21,185.37,185.06,185.08,5088.448
1722123300000,SOLUSDT,5m,185.08,185.2,184.8,185.13,7752.577
1722123600000,SOLUSDT,5m,185.12,185.2,184.77,184.84,5108.964
1722123900000,SOLUSDT,5m,184.85,185.14,184.66,184.71,4684.833
1722124200000,SOLUSDT,5m,184.71,184.71,184.36,184.57,5918.529
1722124500000,SOLUSDT,5m,184.58,184.58,183.6,183.92,23607.725
1722124800000,SOLUSDT,5m,183.92,183.92,182.77,182.78,22391.781
1722125100000,SOLUSDT,5m,182.79,183.35,182.39,182.87,25833.606
1722125400000,SOLUSDT,5m,182.86,183.62,182.77,182.93,9824.613
1722125700000,SOLUSDT,5m,182.92,183.63,182.83,183.17,8963.83
1722126000000,SOLUSDT,5m,183.18,183.49,182.99,183.36,3987.604
1722126300000,SOLUSDT,5m,183.35,184.89,183.27,184.59,25621.382
1722126600000,SOLUSDT,5m,184.59,185.0,184.36,184.96,12387.527
1722126900000,SOLUSDT,5m,184.95,185.1,184.69,184.89,12182.923
1722127200000,SOLUSDT,5m,184.9,185.22,184.75,184.75,5468.7
1722127500000,SOLUSDT,5m,184.75,184.88,183.96,184.12,8893.013
1722127800000,SOLUSDT,5m,184.12,184.5,184.11,184.32,4536.519
1722128100000,SOLUSDT,5m,184.31,184.93,184.31,184.91,4669.477
1722128400000,SOLUSDT,5m,184.92,185.58,184.85,185.51,7630.365
1722128700000,SOLUSDT,5m,185.51,186.08,185.51,186.03,9713.328
1722129000000,SOLUSDT,5m,186.04,186.14,185.84,186.11,7627.902
1722129300000,SOLUSDT,5m,186.1,186.12,185.42,185.6,6521.045
1722129600000,SOLUSDT,5m,185.6,186.3,185.56,186.22,6944.207
1722129900000,SOLUSDT,5m,186.22,186.22,185.68,185.69,2912.386
1722130200000,SOLUSDT,5m,185.68,186.17,185.4,186.03,10503.018
1722130500000,SOLUSDT,5m,186.03,186.08,185.85,185.91,4541.183
1722130800000,SOLUSDT,5m,185.9,186.41,185.89,186.38,15722.209
1722131100000,SOLUSDT,5m,186.38,186.77,186.3,186.42,12441.25
1722131400000,SOLUSDT,5m,186.42,186.45,185.86,185.98,3979.073
1722131700000,SOLUSDT,5m,185.98,186.24,185.73,185.74,2774.198
1722132000000,SOLUSDT,5m,185.74,186.08,185.74,185.89,3125.196
1722132300000,SOLUSDT,5m,185.89,186.2,185.49,186.2,6643.597
1722132600000,SOLUSDT,5m,186.2,186.25,185.72,185.72,3651.193
1722132900000,SOLUSDT,5m,185.72,185.78,185.49,185.57,5406.536
1722133200000,SOLUSDT,5m,185.57,185.82,185.57,185.59,2727.692
1722133500000,SOLUSDT,5m,185.6,185.65,185.0,185.34,11681.467
1722133800000,SOLUSDT,5m,185.33,185.62,185.3,185.3,2461.925
1722134100000,SOLUSDT,5m,185.31,185.31,185.03,185.18,3176.568
1722134400000,SOLUSDT,5m,185.17,185.21,185.0,185.01,2901.97
1722134700000,SOLUSDT,5m,185.02,185.03,184.72,184.72,3691.71
1722135000000,SOLUSDT,5m,184.72,184.99,184.7,184.85,2969.123
1722135300000,SOLUSDT,5m,184.85,185.2,184.85,185.05,2316.244
1722135600000,SOLUSDT,5m,185.04,185.16,184.71,184.82,3243.245
1722135900000,SOLUSDT,5m,184.81,184.82,184.36,184.36,5485.17
1722136200000,SOLUSDT,5m,184.36,184.57,184.21,184.27,8973.22
1722136500000,SOLUSDT,5m,184.27,184.44,183.97,184.19,13008.441
1722136800000,SOLUSDT,5m,184.19,184.4,184.1,184.4,2940.35
1722137100000,SOLUSDT,5m,184.4,184.7,184.24,184.47,6602.798
1722137400000,SOLUSDT,5m,184.47,184.97,184.41,184.95,4091.417
1722137700000,SOLUSDT,5m,184.95,185.08,184.87,185.04,4218.405
1722138000000,SOLUSDT,5m,185.04,185.05,184.66,184.74,2960.803
1722138300000,SOLUSDT,5m,184.74,185.03,184.69,184.93,2514.027
1722138600000,SOLUSDT,5m,184.92,184.92,184.42,184.46,2369.041
1722138900000,SOLUSDT,5m,184.46,184.58,184.26,184.31,1357.352
1722139200000,SOLUSDT,5m,184.31,184.56,184.18,184.55,2121.014
1722139500000,SOLUSDT,5m,184.55,184.56,184.19,184.49,2346.95
1722139800000,SOLUSDT,5m,184.49,184.86,184.48,184.79,2031.602
1722140100000,SOLUSDT,5m,184.78,184.78,183.82,184.01,8739.076
1722140400000,SOLUSDT,5m,184.01,184.32,183.6,183.66,5596.263
1722140700000,SOLUSDT,5m,183.66,183.93,183.58,183.6,3117.415
1722141000000,SOLUSDT,5m,183.6,183.72,183.48,183.53,5162.075
1722141300000,SOLUSDT,5m,183.52,183.7,183.38,183.63,6140.548
1722141600000,SOLUSDT,5m,183.62,183.8,183.5,183.53,3790.718
1722141900000,SOLUSDT,5m,183.53,183.61,182.91,183.01,12156.14
1722142200000,SOLUSDT,5m,183.01,183.28,182.89,182.99,10762.016
1722142500000,SOLUSDT,5m,183.0,183.2,182.13,182.26,16951.939
1722142800000,SOLUSDT,5m,182.26,182.58,181.63,181.86,21916.076
1722143100000,SOLUSDT,5m,181.87,182.11,181.16,181.34,19324.657
1722143400000,SOLUSDT,5m,181.34,181.99,181.29,181.97,9617.169
1722143700000,SOLUSDT,5m,181.97,182.04,181.44,181.98,6164.977
1722144000000,SOLUSDT,5m,181.97,182.06,181.4,181.82,17028.61
1722144300000,SOLUSDT,5m,181.82,182.68,181.76,182.68,7581.51
1722144600000,SOLUSDT,5m,182.68,182.89,182.36,182.8,6881.51
1722144900000,SOLUSDT,5m,182.81,182.95,182.6,182.94,7025.044
1722145200000,SOLUSDT,5m,182.94,183.0,182.61,182.73,5757.179
1722145500000,SOLUSDT,5m,182.73,182.85,182.4,182.4,3433.027
1722145800000,SOLUSDT,5m,182.41,182.55,182.23,182.55,2104.316
1722146100000,SOLUSDT,5m,182.55,182.77,182.54,182.65,1807.652
1722146400000,SOLUSDT,5m,182.66,182.89,182.55,182.68,4327.03
1722146700000,SOLUSDT,5m,182.68,182.86,182.61,182.64,6470.45
1722147000000,SOLUSDT,5m,182.64,182.76,182.47,182.75,3551.595
1722147300000,SOLUSDT,5m,182.75,182.9,182.58,182.63,7047.827
1722147600000,SOLUSDT,5m,182.63,182.66,182.29,182.39,4411.547
1722147900000,SOLUSDT,5m,182.4,182.6,182.26,182.48,4135.136
1722148200000,SOLUSDT,5m,182.48,182.55,181.94,181.98,7528.004
1722148500000,SOLUSDT,5m,181.98,182.03,181.66,181.8,7239.642
1722148800000,SOLUSDT,5m,181.81,182.26,181.81,182.07,2982.444
1722149100000,SOLUSDT,5m,182.06,182.39,182.04,182.16,4112.219
1722149400000,SOLUSDT,5m,182.16,182.16,181.67,181.75,6168.02
1722149700000,SOLUSDT,5m,181.75,182.2,181.75,182.18,5090.367
1722150000000,SOLUSDT,5m,182.17,182.17,181.81,181.89,4426.607
1722150300000,SOLUSDT,5m,181.88,182.2,181.7,182.16,4143.377
1722150600000,SOLUSDT,5m,182.15,182.53,182.11,182.49,2965.854
1722150900000,SOLUSDT,5m,182.49,182.65,182.18,182.24,4669.404
1722151200000,SOLUSDT,5m,182.25,182.34,182.12,182.31,2437.771
1722151500000,SOLUSDT,5m,182.32,182.6,182.28,182.4,4920.807
1722151800000,SOLUSDT,5m,182.39,182.54,182.33,182.53,2158.729
1722152100000,SOLUSDT,5m,182.52,182.78,182.52,182.77,4866.593
1722152400000,SOLUSDT,5m,182.77,182.9,182.64,182.9,6022.654
1722152700000,SOLUSDT,5m,182.89,183.55,182.65,183.55,8803.702
1722153000000,SOLUSDT,5m,183.54,183.98,183.34,183.93,8793.124
1722153300000,SOLUSDT,5m,183.93,184.17,183.71,183.84,5333.892
1722153600000,SOLUSDT,5m,183.85,183.99,183.15,183.17,10496.046
1722153900000,SOLUSDT,5m,183.16,183.5,183.09,183.47,4004.74
1722154200000,SOLUSDT,5m,183.47,184.37,183.47,184.21,5272.407
1722154500000,SOLUSDT,5m,184.21,184.6,184.08,184.43,9154.119
1722154800000,SOLUSDT,5m,184.44,184.47,183.99,183.99,6265.869
1722155100000,SOLUSDT,5m,184.0,184.25,183.65,183.81,10983.835
1722155400000,SOLUSDT,5m,183.81,184.17,183.77,183.98,3329.058
1722155700000,SOLUSDT,5m,183.98,183.98,183.15,183.2,7011.456
1722156000000,SOLUSDT,5m,183.2,183.53,183.01,183.51,9041.992
1722156300000,SOLUSDT,5m,183.51,183.65,183.33,183.59,4681.48
1722156600000,SOLUSDT,5m,183.58,183.83,183.51,183.69,4926.768
1722156900000,SOLUSDT,5m,183.69,183.97,183.68,183.82,6969.026
1722157200000,SOLUSDT,5m,183.82,184.4,183.8,184.4,8516.303
1722157500000,SOLUSDT,5m,184.4,184.65,184.1,184.1,10338.59
1722157800000,SOLUSDT,5m,184.1,184.38,183.91,183.96,4665.922
1722158100000,SOLUSDT,5m,183.96,184.21,183.96,183.97,4799.697
1722158400000,SOLUSDT,5m,183.97,184.1,183.86,183.97,4160.131
1722158700000,SOLUSDT,5m,183.97,183.97,183.52,183.62,3071.973
1722159000000,SOLUSDT,5m,183.62,184.4,183.55,184.22,3964.003
1722159300000,SOLUSDT,5m,184.23,184.23,183.92,183.98,4871.776
1722159600000,SOLUSDT,5m,183.97,183.98,183.69,183.69,1061.708
1722159900000,SOLUSDT,5m,183.7,184.1,183.69,183.77,4665.817
1722160200000,SOLUSDT,5m,183.77,184.0,183.68,183.97,7285.357
1722160500000,SOLUSDT,5m,183.97,183.98,183.64,183.72,2446.009
1722160800000,SOLUSDT,5m,183.73,183.97,183.47,183.89,3286.115
1722161100000,SOLUSDT,5m,183.89,184.2,183.71,183.71,6514.454
1722161400000,SOLUSDT,5m,183.71,183.87,183.63,183.87,2231.033
1722161700000,SOLUSDT,5m,183.86,184.23,183.8,184.23,6920.301
1722162000000,SOLUSDT,5m,184.22,184.35,184.03,184.35,5734.356
1722162300000,SOLUSDT,5m,184.34,184.54,184.23,184.27,6266.084
1722162600000,SOLUSDT,5m,184.27,184.33,183.86,184.14,5584.792
1722162900000,SOLUSDT,5m,184.15,184.28,184.1,184.11,2185.875
1722163200000,SOLUSDT,5m,184.11,184.12,183.93,184.01,2688.415
1722163500000,SOLUSDT,5m,184.0,184.13,183.8,184.13,3288.548
1722163800000,SOLUSDT,5m,184.13,184.46,184.12,184.34,4996.355
1722164100000,SOLUSDT,5m,184.33,184.86,184.33,184.51,4737.04
1722164400000,SOLUSDT,5m,184.51,184.9,184.43,184.83,3323.114
1722164700000,SOLUSDT,5m,184.83,184.96,184.65,184.74,4848.259
1722165000000,SOLUSDT,5m,184.75,184.9,184.68,184.86,2232.004
1722165300000,SOLUSDT,5m,184.85,185.08,184.77,184.98,5942.035
1722165600000,SOLUSDT,5m,184.98,185.56,184.93,185.44,14259.307
1722165900000,SOLUSDT,5m,185.44,186.0,185.34,185.38,20923.568
1722166200000,SOLUSDT,5m,185.38,185.63,185.1,185.14,9779.468
1722166500000,SOLUSDT,5m,185.15,185.37,185.02,185.08,5187.928
1722166800000,SOLUSDT,5m,185.09,185.8,185.08,185.7,12303.849
1722167100000,SOLUSDT,5m,185.69,185.87,185.47,185.61,7591.581
1722167400000,SOLUSDT,5m,185.62,185.85,185.53,185.55,4765.782
1722167700000,SOLUSDT,5m,185.55,185.55,185.15,185.26,7615.151
1722168000000,SOLUSDT,5m,185.26,185.57,184.76,185.12,24298.596
1722168300000,SOLUSDT,5m,185.13,185.37,184.74,184.89,8521.449
1722168600000,SOLUSDT,5m,184.89,185.34,184.89,185.23,4383.235
1722168900000,SOLUSDT,5m,185.22,185.22,184.89,185.02,4806.089
1722169200000,SOLUSDT,5m,185.03,185.81,185.03,185.15,19841.48
1722169500000,SOLUSDT,5m,185.15,185.63,185.15,185.51,6110.235
1722169800000,SOLUSDT,5m,185.52,186.47,185.45,186.27,36918.749
1722170100000,SOLUSDT,5m,186.27,186.3,185.82,186.09,8166.756
1722170400000,SOLUSDT,5m,186.08,186.35,185.99,186.01,9176.57
1722170700000,SOLUSDT,5m,186.01,186.27,185.68,185.97,7853.91
1722171000000,SOLUSDT,5m,185.96,186.07,185.73,185.89,6884.355
1722171300000,SOLUSDT,5m,185.88,186.12,185.81,185.85,3774.868
1722171600000,SOLUSDT,5m,185.85,186.25,185.82,186.06,6392.322
1722171900000,SOLUSDT,5m,186.05,186.16,185.86,185.86,4926.751
1722172200000,SOLUSDT,5m,185.86,186.13,185.74,186.02,4134.387
1722172500000,SOLUSDT,5m,186.03,186.12,185.64,185.71,9347.739
1722172800000,SOLUSDT,5m,185.72,185.89,185.2,185.84,28294.584
1722173100000,SOLUSDT,5m,185.83,186.14,185.83,186.1,5661.016
1722173400000,SOLUSDT,5m,186.09,186.51,185.98,186.46,14321.911
1722173700000,SOLUSDT,5m,186.45,186.63,185.87,185.9,22645.993
1722174000000,SOLUSDT,5m,185.89,186.0,185.7,186.0,4622.762
1722174300000,SOLUSDT,5m,185.99,186.46,185.99,186.41,4564.008
1722174600000,SOLUSDT,5m,186.41,186.54,186.29,186.47,7408.734
1722174900000,SOLUSDT,5m,186.48,186.58,186.33,186.41,5371.628
1722175200000,SOLUSDT,5m,186.42,186.6,186.14,186.21,6391.924
1722175500000,SOLUSDT,5m,186.21,186.28,185.31,185.74,27556.39
1722175800000,SOLUSDT,5m,185.75,185.92,185.57,185.63,9136.879
1722176100000,SOLUSDT,5m,185.63,185.9,185.3,185.4,9244.145
1722176400000,SOLUSDT,5m,185.39,185.5,184.92,184.96,17666.395
1722176700000,SOLUSDT,5m,184.97,185.35,184.85,184.86,7361.133
1722177000000,SOLUSDT,5m,184.86,184.98,184.12,184.37,27752.891
1722177300000,SOLUSDT,5m,184.39,184.71,184.1,184.65,9502.521
1722177600000,SOLUSDT,5m,184.66,185.07,184.54,185.05,7616.232
1722177900000,SOLUSDT,5m,185.05,185.72,184.94,185.27,7357.172
1722178200000,SOLUSDT,5m,185.27,185.27,184.68,184.74,5158.597
1722178500000,SOLUSDT,5m,184.74,184.97,184.48,184.76,8388.278
1722178800000,SOLUSDT,5m,184.76,184.8,184.41,184.55,7124.249
1722179100000,SOLUSDT,5m,184.56,184.69,184.14,184.14,12043.927
1722179400000,SOLUSDT,5m,184.15,184.47,183.69,184.41,19871.286
1722179700000,SOLUSDT,5m,184.4,184.61,184.21,184.58,6214.639
1722180000000,SOLUSDT,5m,184.58,184.9,184.45,184.55,6524.386
1722180300000,SOLUSDT,5m,184.55,184.79,184.31,184.79,6348.063
1722180600000,SOLUSDT,5m,184.8,185.06,184.44,184.45,7268.53
1722180900000,SOLUSDT,5m,184.44,184.54,183.99,184.02,7720.469
1722181200000,SOLUSDT,5m,184.03,184.53,184.02,184.28,5809.795
1722181500000,SOLUSDT,5m,184.29,184.68,183.97,184.5,9598.136
1722181800000,SOLUSDT,5m,184.51,184.51,183.93,184.09,6337.189
1722182100000,SOLUSDT,5m,184.08,184.33,183.9,184.11,6896.641
1722182400000,SOLUSDT,5m,184.12,184.35,184.01,184.11,3080.324
1722182700000,SOLUSDT,5m,184.11,184.5,184.08,184.43,4881.225
1722183000000,SOLUSDT,5m,184.43,184.47,184.07,184.15,3774.905
1722183300000,SOLUSDT,5m,184.15,184.65,184.15,184.64,4672.408
1722183600000,SOLUSDT,5m,184.63,184.78,184.41,184.64,4901.635
1722183900000,SOLUSDT,5m,184.64,184.74,184.36,184.37,3863.466
1722184200000,SOLUSDT,5m,184.36,184.99,184.25,184.98,4944.236
1722184500000,SOLUSDT,5m,184.99,185.04,184.6,184.84,3285.964
1722184800000,SOLUSDT,5m,184.83,184.94,184.74,184.76,3905.624
1722185100000,SOLUSDT,5m,184.76,184.76,184.16,184.26,3714.208
1722185400000,SOLUSDT,5m,184.26,184.31,183.98,184.01,2253.952
1722185700000,SOLUSDT,5m,184.01,184.04,183.35,183.63,5981.266
1722186000000,SOLUSDT,5m,183.63,184.19,183.62,184.03,6296.323
1722186300000,SOLUSDT,5m,184.03,184.35,183.8,183.96,4068.196
1722186600000,SOLUSDT,5m,183.96,184.27,183.96,184.14,3784.814
1722186900000,SOLUSDT,5m,184.15,184.31,184.0,184.13,1452.09
1722187200000,SOLUSDT,5m,184.13,184.13,183.65,183.7,3914.593
1722187500000,SOLUSDT,5m,183.7,183.8,183.57,183.58,2943.956
1722187800000,SOLUSDT,5m,183.58,183.68,183.13,183.63,6961.096
1722188100000,SOLUSDT,5m,183.63,183.83,183.56,183.78,2826.796
1722188400000,SOLUSDT,5m,183.77,183.92,183.63,183.64,3358.491
1722188700000,SOLUSDT,5m,183.65,183.69,183.18,183.3,7677.005
1722189000000,SOLUSDT,5m,183.3,183.7,183.26,183.51,3164.335
1722189300000,SOLUSDT,5m,183.5,183.97,183.46,183.94,3951.073
1722189600000,SOLUSDT,5m,183.94,184.04,183.66,183.75,4854.413
1722189900000,SOLUSDT,5m,183.75,183.96,183.58,183.59,3152.251
1722190200000,SOLUSDT,5m,183.6,183.99,183.55,183.95,7575.043
1722190500000,SOLUSDT,5m,183.94,184.82,183.84,184.74,8068.813
1722190800000,SOLUSDT,5m,184.74,185.0,184.63,184.8,7842.478
1722191100000,SOLUSDT,5m,184.8,185.37,184.8,185.35,12760.095
1722191400000,SOLUSDT,5m,185.35,185.54,185.03,185.09,7580.645
1722191700000,SOLUSDT,5m,185.1,185.44,185.04,185.3,6746.715
1722192000000,SOLUSDT,5m,185.3,185.5,185.07,185.07,7159.824
1722192300000,SOLUSDT,5m,185.07,185.08,184.68,184.83,6302.733
1722192600000,SOLUSDT,5m,184.82,184.94,184.59,184.74,3766.93
1722192900000,SOLUSDT,5m,184.74,185.19,184.71,185.16,4748.015
1722193200000,SOLUSDT,5m,185.15,185.24,184.9,185.15,7329.754
1722193500000,SOLUSDT,5m,185.15,185.56,185.03,185.51,7991.449
1722193800000,SOLUSDT,5m,185.5,185.59,185.26,185.41,6631.941
1722194100000,SOLUSDT,5m,185.4,185.53,185.0,185.01,2836.477
1722194400000,SOLUSDT,5m,185.01,185.2,185.0,185.17,2308.435
1722194700000,SOLUSDT,5m,185.17,185.44,185.17,185.22,2267.238
1722195000000,SOLUSDT,5m,185.21,185.23,184.74,184.77,3416.637
1722195300000,SOLUSDT,5m,184.77,184.82,184.34,184.42,9276.282
1722195600000,SOLUSDT,5m,184.42,184.57,184.39,184.53,3314.571
1722195900000,SOLUSDT,5m,184.53,184.94,184.38,184.86,1879.176
1722196200000,SOLUSDT,5m,184.86,185.08,184.77,185.07,1650.721
1722196500000,SOLUSDT,5m,185.08,185.14,184.76,184.78,2339.72
1722196800000,SOLUSDT,5m,184.78,185.27,184.78,184.94,5610.939
1722197100000,SOLUSDT,5m,184.94,184.96,184.61,184.62,2249.016
1722197400000,SOLUSDT,5m,184.61,184.7,184.4,184.63,2418.808
1722197700000,SOLUSDT,5m,184.63,184.77,184.59,184.76,1858.242
1722198000000,SOLUSDT,5m,184.76,184.83,184.56,184.83,1333.843
1722198300000,SOLUSDT,5m,184.82,184.82,184.56,184.59,2515.781
1722198600000,SOLUSDT,5m,184.59,184.67,184.46,184.61,2152.916
1722198900000,SOLUSDT,5m,184.61,185.02,184.53,184.93,2744.059
1722199200000,SOLUSDT,5m,184.93,185.17,184.86,185.04,1566.37
1722199500000,SOLUSDT,5m,185.04,185.37,184.93,185.35,2717.513
1722199800000,SOLUSDT,5m,185.34,185.4,185.15,185.15,2411.891
1722200100000,SOLUSDT,5m,185.16,185.3,185.01,185.3,3562.833
1722200400000,SOLUSDT,5m,185.29,185.4,185.01,185.05,5343.246
1722200700000,SOLUSDT,5m,185.05,185.05,184.57,184.57,3944.234
1722201000000,SOLUSDT,5m,184.57,184.57,184.11,184.36,13300.97
1722201300000,SOLUSDT,5m,184.37,184.57,183.55,183.79,10072.133
1722201600000,SOLUSDT,5m,183.79,184.16,183.65,184.16,5332.378
1722201900000,SOLUSDT,5m,184.15,184.38,184.15,184.36,4408.628
1722202200000,SOLUSDT,5m,184.36,184.37,184.08,184.11,1766.588
1722202500000,SOLUSDT,5m,184.12,184.83,183.88,184.79,3896.271
1722202800000,SOLUSDT,5m,184.8,185.04,184.54,184.62,6905.586
1722203100000,SOLUSDT,5m,184.63,184.93,184.62,184.93,1745.689
1722203400000,SOLUSDT,5m,184.94,184.95,184.32,184.32,2322.012
1722203700000,SOLUSDT,5m,184.32,184.55,184.32,184.55,1352.607
1722204000000,SOLUSDT,5m,184.55,185.08,184.44,184.68,5633.484
1722204300000,SOLUSDT,5m,184.68,184.81,184.08,184.16,3813.269
1722204600000,SOLUSDT,5m,184.16,184.39,184.01,184.1,2445.488
1722204900000,SOLUSDT,5m,184.1,184.32,183.3,183.32,10658.028
1722205200000,SOLUSDT,5m,183.33,183.76,183.21,183.74,5872.817
1722205500000,SOLUSDT,5m,183.75,184.3,183.72,184.2,3984.347
1722205800000,SOLUSDT,5m,184.2,184.25,183.47,183.47,4380.611
1722206100000,SOLUSDT,5m,183.47,183.75,183.29,183.4,7697.008
1722206400000,SOLUSDT,5m,183.41,183.49,183.28,183.41,2649.796
1722206700000,SOLUSDT,5m,183.41,183.51,182.61,182.9,16538.523
1722207000000,SOLUSDT,5m,182.89,183.01,182.78,183.0,3581.616
1722207300000,SOLUSDT,5m,183.0,183.69,182.99,183.43,7440.33
1722207600000,SOLUSDT,5m,183.44,183.55,183.0,183.33,4027.929
1722207900000,SOLUSDT,5m,183.33,184.03,183.33,183.77,4686.533
1722208200000,SOLUSDT,5m,183.77,183.99,183.71,183.76,4150.635
1722208500000,SOLUSDT,5m,183.77,184.0,183.61,183.95,3538.594
1722208800000,SOLUSDT,5m,183.96,184.35,183.93,184.34,3392.36
1722209100000,SOLUSDT,5m,184.34,184.52,184.3,184.32,4561.41
1722209400000,SOLUSDT,5m,184.32,184.56,184.29,184.29,3411.227
1722209700000,SOLUSDT,5m,184.3,184.58,184.26,184.58,2539.136
1722210000000,SOLUSDT,5m,184.58,184.95,184.57,184.9,5876.507
1722210300000,SOLUSDT,5m,184.9,185.01,184.73,184.77,4505.646
1722210600000,SOLUSDT,5m,184.76,184.92,184.73,184.86,3931.671
1722210900000,SOLUSDT,5m,184.86,185.0,184.78,184.9,5905.705
1722211200000,SOLUSDT,5m,184.91,185.0,184.71,184.71,6116.079
1722211500000,SOLUSDT,5m,184.71,185.3,184.4,185.16,10745.869
1722211800000,SOLUSDT,5m,185.17,186.37,185.09,185.64,28217.062
1722212100000,SOLUSDT,5m,185.63,186.55,185.57,186.55,14731.34
1722212400000,SOLUSDT,5m,186.54,188.0,186.5,187.8,41472.304
1722212700000,SOLUSDT,5m,187.8,189.24,187.68,187.99,78831.891
1722213000000,SOLUSDT,5m,188.0,188.03,186.88,187.58,51061.548
1722213300000,SOLUSDT,5m,187.58,188.08,187.58,188.03,15979.214
1722213600000,SOLUSDT,5m,188.02,188.1,187.63,187.67,13044.057
1722213900000,SOLUSDT,5m,187.66,188.09,187.27,188.05,10701.303
1722214200000,SOLUSDT,5m,188.06,188.49,187.93,188.37,16524.55
1722214500000,SOLUSDT,5m,188.38,188.5,187.67,188.1,10593.311
1722214800000,SOLUSDT,5m,188.1,188.44,187.8,188.13,10340.908
1722215100000,SOLUSDT,5m,188.12,188.13,187.62,187.84,6322.992
1722215400000,SOLUSDT,5m,187.84,188.57,187.84,188.22,9269.17
1722215700000,SOLUSDT,5m,188.23,188.42,187.15,187.67,18452.765
1722216000000,SOLUSDT,5m,187.68,188.04,187.51,187.74,10258.278
1722216300000,SOLUSDT,5m,187.74,188.9,187.74,188.7,14568.1
1722216600000,SOLUSDT,5m,188.7,189.1,188.59,188.88,34311.969
1722216900000,SOLUSDT,5m,188.88,188.88,188.35,188.42,15199.912
1722217200000,SOLUSDT,5m,188.42,188.59,187.85,187.85,6550.862
1722217500000,SOLUSDT,5m,187.84,188.32,187.8,188.04,7317.687
1722217800000,SOLUSDT,5m,188.05,188.25,187.83,187.99,3042.338
1722218100000,SOLUSDT,5m,187.99,188.11,187.53,187.53,4557.423
1722218400000,SOLUSDT,5m,187.53,187.91,187.5,187.5,5476.469
1722218700000,SOLUSDT,5m,187.5,187.71,187.3,187.47,4837.651
1722219000000,SOLUSDT,5m,187.47,188.21,187.37,188.13,10988.45
1722219300000,SOLUSDT,5m,188.13,189.44,188.1,188.58,39091.667
1722219600000,SOLUSDT,5m,188.59,189.31,188.36,189.12,17249.01
1722219900000,SOLUSDT,5m,189.13,189.32,188.82,189.07,14028.215
1722220200000,SOLUSDT,5m,189.07,189.98,189.06,189.97,28821.518
1722220500000,SOLUSDT,5m,189.97,190.74,189.5,190.51,69581.601
1722220800000,SOLUSDT,5m,190.51,191.61,190.51,191.23,41048.967
1722221100000,SOLUSDT,5m,191.23,191.85,191.02,191.75,28695.206
1722221400000,SOLUSDT,5m,191.75,192.0,191.5,191.89,29805.924
1722221700000,SOLUSDT,5m,191.9,192.69,191.74,192.25,35203.55
1722222000000,SOLUSDT,5m,192.23,193.3,192.0,193.2,36214.702
1722222300000,SOLUSDT,5m,193.2,193.35,192.59,192.71,36183.378
1722222600000,SOLUSDT,5m,192.71,193.24,192.57,192.57,29221.309
1722222900000,SOLUSDT,5m,192.58,193.08,192.29,192.5,25671.827
1722223200000,SOLUSDT,5m,192.49,193.21,192.46,192.69,10202.792
1722223500000,SOLUSDT,5m,192.7,193.15,192.68,192.8,12091.277
1722223800000,SOLUSDT,5m,192.8,193.0,192.25,192.45,11464.83
1722224100000,SOLUSDT,5m,192.46,192.6,191.91,192.53,26328.188
1722224400000,SOLUSDT,5m,192.53,192.84,192.0,192.0,11805.144
1722224700000,SOLUSDT,5m,192.0,192.45,191.65,191.75,10210.069
1722225000000,SOLUSDT,5m,191.75,192.28,191.75,192.04,7930.798
1722225300000,SOLUSDT,5m,192.04,192.47,192.02,192.25,5292.591
1722225600000,SOLUSDT,5m,192.25,192.98,192.19,192.93,8600.188
1722225900000,SOLUSDT,5m,192.92,192.93,192.41,192.45,6877.342
1722226200000,SOLUSDT,5m,192.45,192.5,192.0,192.06,7199.82
1722226500000,SOLUSDT,5m,192.07,192.27,191.91,192.0,7496.559
1722226800000,SOLUSDT,5m,192.0,192.74,192.0,192.71,5395.275
1722227100000,SOLUSDT,5m,192.71,193.13,192.64,192.88,12259.874
1722227400000,SOLUSDT,5m,192.88,193.29,192.83,193.22,9634.275
1722227700000,SOLUSDT,5m,193.21,193.76,193.06,193.3,17161.922
1722228000000,SOLUSDT,5m,193.29,193.3,192.61,192.69,6769.986
1722228300000,SOLUSDT,5m,192.69,192.81,192.5,192.8,9174.741
1722228600000,SOLUSDT,5m,192.8,193.44,192.75,193.01,19045.442
1722228900000,SOLUSDT,5m,193.02,193.65,192.95,193.6,12083.119
1722229200000,SOLUSDT,5m,193.59,193.98,193.43,193.5,15706.603
1722229500000,SOLUSDT,5m,193.51,193.51,193.04,193.06,8310.159
1722229800000,SOLUSDT,5m,193.06,193.35,192.96,193.08,11365.289
1722230100000,SOLUSDT,5m,193.1,193.58,193.03,193.19,10879.12
1722230400000,SOLUSDT,5m,193.2,193.2,193.02,193.07,3656.095
1722230700000,SOLUSDT,5m,193.07,193.33,193.0,193.13,6991.001
1722231000000,SOLUSDT,5m,193.12,193.93,193.12,193.76,18171.795
1722231300000,SOLUSDT,5m,193.75,193.76,193.44,193.65,10477.311
1722231600000,SOLUSDT,5m,193.65,193.84,193.34,193.35,7772.754
1722231900000,SOLUSDT,5m,193.35,193.91,193.32,193.47,9944.52
1722232200000,SOLUSDT,5m,193.48,193.74,193.32,193.35,9906.126
1722232500000,SOLUSDT,5m,193.36,193.79,193.23,193.48,9475.048
1722232800000,SOLUSDT,5m,193.48,193.73,193.46,193.51,6368.295
1722233100000,SOLUSDT,5m,193.5,193.51,193.05,193.1,13180.681
1722233400000,SOLUSDT,5m,193.1,193.23,192.59,192.63,13906.89
1722233700000,SOLUSDT,5m,192.64,193.16,192.64,193.15,18922.169
1722234000000,SOLUSDT,5m,193.14,193.29,192.79,193.27,11526.83
1722234300000,SOLUSDT,5m,193.26,193.55,193.23,193.43,12763.822
1722234600000,SOLUSDT,5m,193.44,193.71,192.92,192.93,8729.216
1722234900000,SOLUSDT,5m,192.92,193.67,192.9,193.52,15226.419
1722235200000,SOLUSDT,5m,193.52,193.59,193.06,193.09,11818.654
1722235500000,SOLUSDT,5m,193.1,193.15,192.61,192.69,8798.407
1722235800000,SOLUSDT,5m,192.7,193.03,192.7,192.86,5214.787
1722236100000,SOLUSDT,5m,192.86,192.98,192.61,192.64,6589.049
1722236400000,SOLUSDT,5m,192.64,193.0,192.63,192.85,6015.025
1722236700000,SOLUSDT,5m,192.85,192.95,192.64,192.68,3603.919
1722237000000,SOLUSDT,5m,192.68,192.7,192.45,192.46,6063.531
1722237300000,SOLUSDT,5m,192.46,192.53,192.27,192.53,6754.973
1722237600000,SOLUSDT,5m,192.52,192.59,189.87,191.68,112178.552
1722237900000,SOLUSDT,5m,191.68,192.09,189.95,191.68,78332.067
1722238200000,SOLUSDT,5m,191.68,192.45,191.67,192.45,14334.054
1722238500000,SOLUSDT,5m,192.44,192.69,192.33,192.43,9962.089
1722238800000,SOLUSDT,5m,192.43,192.76,192.35,192.6,12068.55
1722239100000,SOLUSDT,5m,192.6,192.63,192.13,192.18,10018.645
1722239400000,SOLUSDT,5m,192.19,192.25,191.9,192.07,10112.271
1722239700000,SOLUSDT,5m,192.07,192.38,191.93,192.35,14951.958
1722240000000,SOLUSDT,5m,192.35,192.38,191.81,191.85,11255.68
1722240300000,SOLUSDT,5m,191.85,191.96,191.64,191.94,7301.297
1722240600000,SOLUSDT,5m,191.95,192.41,191.8,192.37,8388.055
1722240900000,SOLUSDT,5m,192.37,192.37,191.86,191.89,5825.99
1722241200000,SOLUSDT,5m,191.88,192.23,191.85,191.95,3572.819
1722241500000,SOLUSDT,5m,191.94,192.11,191.83,191.89,5871.383
1722241800000,SOLUSDT,5m,191.89,191.89,191.62,191.67,4803.296
1722242100000,SOLUSDT,5m,191.66,191.66,191.45,191.45,6550.924
1722242400000,SOLUSDT,5m,191.46,191.84,191.28,191.68,15466.822
1722242700000,SOLUSDT,5m,191.68,191.96,191.59,191.96,5509.242
1722243000000,SOLUSDT,5m,191.96,191.96,191.66,191.9,3688.668
1722243300000,SOLUSDT,5m,191.9,191.9,191.54,191.59,8131.172
1722243600000,SOLUSDT,5m,191.58,191.66,191.36,191.59,5979.595
1722243900000,SOLUSDT,5m,191.59,191.9,191.56,191.85,7238.038
1722244200000,SOLUSDT,5m,191.84,191.86,191.58,191.66,7593.814
1722244500000,SOLUSDT,5m,191.65,191.9,191.63,191.64,6159.905
1722244800000,SOLUSDT,5m,191.64,191.86,191.64,191.83,3378.465
1722245100000,SOLUSDT,5m,191.83,192.15,191.75,192.03,8722.847
1722245400000,SOLUSDT,5m,192.04,192.12,191.79,191.86,4315.492
1722245700000,SOLUSDT,5m,191.86,191.97,191.64,191.64,3888.525
1722246000000,SOLUSDT,5m,191.65,191.74,191.41,191.41,4114.4
1722246300000,SOLUSDT,5m,191.42,191.66,191.34,191.53,7142.677
1722246600000,SOLUSDT,5m,191.53,191.71,191.48,191.53,3071.545
1722246900000,SOLUSDT,5m,191.54,192.02,191.45,192.01,11923.097
1722247200000,SOLUSDT,5m,192.01,192.02,191.13,191.51,17925.382
1722247500000,SOLUSDT,5m,191.51,191.77,191.36,191.5,7095.136
1722247800000,SOLUSDT,5m,191.49,191.61,191.21,191.54,6801.699
1722248100000,SOLUSDT,5m,191.53,191.74,191.38,191.44,5077.564
1722248400000,SOLUSDT,5m,191.44,191.88,191.23,191.88,6390.378
1722248700000,SOLUSDT,5m,191.88,191.93,191.55,191.56,7266.519
1722249000000,SOLUSDT,5m,191.55,191.87,191.55,191.85,3394.541
1722249300000,SOLUSDT,5m,191.85,191.93,191.33,191.42,6963.353
1722249600000,SOLUSDT,5m,191.43,191.43,190.91,191.23,8596.307
1722249900000,SOLUSDT,5m,191.23,191.23,190.68,190.7,9827.119
1722250200000,SOLUSDT,5m,190.7,191.19,190.57,191.02,10513.345
1722250500000,SOLUSDT,5m,191.03,191.18,190.78,190.8,5780.691
1722250800000,SOLUSDT,5m,190.8,190.9,190.61,190.66,3477.912
1722251100000,SOLUSDT,5m,190.65,190.93,190.61,190.65,3780.867
1722251400000,SOLUSDT,5m,190.64,190.79,190.26,190.46,30827.06
1722251700000,SOLUSDT,5m,190.47,191.07,190.46,190.97,6680.849
1722252000000,SOLUSDT,5m,190.97,191.52,190.9,191.51,14727.273
1722252300000,SOLUSDT,5m,191.5,191.62,191.4,191.62,3963.362
1722252600000,SOLUSDT,5m,191.61,191.84,191.31,191.79,5536.257
1722252900000,SOLUSDT,5m,191.78,191.79,191.11,191.11,4267.894
1722253200000,SOLUSDT,5m,191.12,191.39,191.03,191.38,4038.5
1722253500000,SOLUSDT,5m,191.37,191.41,191.01,191.08,4053.097
1722253800000,SOLUSDT,5m,191.07,191.2,191.01,191.01,3021.347
1722254100000,SOLUSDT,5m,191.0,191.04,190.83,190.84,3657.359
1722254400000,SOLUSDT,5m,190.84,191.15,190.8,191.13,4510.164
1722254700000,SOLUSDT,5m,191.13,191.16,190.74,190.88,4491.827
1722255000000,SOLUSDT,5m,190.87,190.88,190.68,190.71,5405.249
1722255300000,SOLUSDT,5m,190.72,191.68,190.71,191.62,6364.94
1722255600000,SOLUSDT,5m,191.62,191.89,191.58,191.87,4392.541
1722255900000,SOLUSDT,5m,191.87,192.06,191.66,191.94,16671.52
1722256200000,SOLUSDT,5m,191.93,192.0,191.51,191.92,7429.239
1722256500000,SOLUSDT,5m,191.91,192.49,191.74,192.15,14688.626
1722256800000,SOLUSDT,5m,192.15,192.41,191.41,192.37,19297.272
1722257100000,SOLUSDT,5m,192.36,193.15,191.88,192.9,23564.332
1722257400000,SOLUSDT,5m,192.9,192.91,192.44,192.6,10065.492
1722257700000,SOLUSDT,5m,192.61,193.2,192.38,192.48,12052.979
1722258000000,SOLUSDT,5m,192.48,192.64,192.21,192.53,10123.459
1722258300000,SOLUSDT,5m,192.54,192.7,191.78,192.03,14994.126
1722258600000,SOLUSDT,5m,192.03,192.8,192.0,192.56,7839.423
1722258900000,SOLUSDT,5m,192.56,192.6,191.91,192.1,4959.574
1722259200000,SOLUSDT,5m,192.1,192.26,191.78,191.81,7937.436
1722259500000,SOLUSDT,5m,191.81,191.87,191.52,191.69,13348.317
1722259800000,SOLUSDT,5m,191.68,191.76,191.23,191.35,10635.736
1722260100000,SOLUSDT,5m,191.34,191.72,191.3,191.59,13650.29
1722260400000,SOLUSDT,5m,191.6,192.15,191.52,191.77,5040.642
1722260700000,SOLUSDT,5m,191.76,192.17,190.89,191.54,17433.439
1722261000000,SOLUSDT,5m,191.53,191.9,191.08,191.08,10656.101
1722261300000,SOLUSDT,5m,191.08,191.45,190.31,190.7,31913.259
1722261600000,SOLUSDT,5m,190.69,190.93,188.98,189.62,88232.836
1722261900000,SOLUSDT,5m,189.62,190.0,189.17,189.22,23406.932
1722262200000,SOLUSDT,5m,189.22,189.24,188.44,188.51,46855.747
1722262500000,SOLUSDT,5m,188.5,189.58,188.48,189.45,24464.306
1722262800000,SOLUSDT,5m,189.44,189.77,188.96,189.24,13562.988
1722263100000,SOLUSDT,5m,189.24,189.28,188.61,189.06,12542.216
1722263400000,SOLUSDT,5m,189.05,189.48,188.73,189.14,8329.762
1722263700000,SOLUSDT,5m,189.13,189.44,188.92,189.36,8401.641
1722264000000,SOLUSDT,5m,189.36,189.5,189.01,189.4,7516.274
1722264300000,SOLUSDT,5m,189.39,189.42,187.69,188.07,29541.24
1722264600000,SOLUSDT,5m,188.08,188.11,186.96,187.54,41193.669
1722264900000,SOLUSDT,5m,187.55,187.94,186.9,187.66,19857.41
1722265200000,SOLUSDT,5m,187.65,188.21,187.25,188.12,14336.702
1722265500000,SOLUSDT,5m,188.12,188.23,187.08,187.55,17970.245
1722265800000,SOLUSDT,5m,187.54,187.63,187.16,187.58,11022.242
1722266100000,SOLUSDT,5m,187.57,187.57,186.39,186.59,34338.931
1722266400000,SOLUSDT,5m,186.58,186.95,186.07,186.44,23364.535
1722266700000,SOLUSDT,5m,186.44,187.28,185.0,186.54,69666.932
1722267000000,SOLUSDT,5m,186.55,186.84,184.89,185.81,54369.367
1722267300000,SOLUSDT,5m,185.81,186.77,185.76,186.77,15630.137
1722267600000,SOLUSDT,5m,186.77,186.95,186.35,186.88,18047.161
1722267900000,SOLUSDT,5m,186.88,187.09,186.4,186.85,21431.948
1722268200000,SOLUSDT,5m,186.84,187.19,186.61,187.1,19658.567
1722268500000,SOLUSDT,5m,187.09,187.15,186.88,186.95,10460.781
1722268800000,SOLUSDT,5m,186.95,187.49,186.4,187.19,13330.799
1722269100000,SOLUSDT,5m,187.18,187.37,186.79,186.94,10746.389
1722269400000,SOLUSDT,5m,186.93,187.21,186.61,187.11,9959.795
1722269700000,SOLUSDT,5m,187.1,187.1,186.25,186.27,10646.107
1722270000000,SOLUSDT,5m,186.26,186.62,185.79,186.03,16342.237
1722270300000,SOLUSDT,5m,186.02,186.17,185.04,185.98,36840.864
1722270600000,SOLUSDT,5m,185.98,186.0,184.31,185.47,64756.328
1722270900000,SOLUSDT,5m,185.47,185.58,184.65,185.23,21368.908
1722271200000,SOLUSDT,5m,185.22,185.22,184.18,184.48,28450.905
1722271500000,SOLUSDT,5m,184.48,185.27,184.1,185.01,37753.494
1722271800000,SOLUSDT,5m,185.0,185.29,184.7,185.29,14226.62
1722272100000,SOLUSDT,5m,185.29,185.32,184.71,184.76,8373.267
1722272400000,SOLUSDT,5m,184.77,185.84,184.28,185.8,40110.136
1722272700000,SOLUSDT,5m,185.8,186.2,185.31,186.11,48806.232
1722273000000,SOLUSDT,5m,186.1,186.45,185.94,186.07,19012.482
1722273300000,SOLUSDT,5m,186.06,186.1,185.67,185.94,13431.367
1722273600000,SOLUSDT,5m,185.94,185.97,185.65,185.72,7314.211
1722273900000,SOLUSDT,5m,185.71,186.13,185.43,185.74,6843.553
1722274200000,SOLUSDT,5m,185.74,186.09,185.54,185.72,8371.343
1722274500000,SOLUSDT,5m,185.72,185.72,184.9,185.02,15255.881
1722274800000,SOLUSDT,5m,185.02,185.91,184.97,185.9,16746.439
1722275100000,SOLUSDT,5m,185.9,186.8,185.89,186.72,18641.454
1722275400000,SOLUSDT,5m,186.72,187.0,186.56,186.68,14185.67
1722275700000,SOLUSDT,5m,186.67,186.75,186.24,186.65,10792.173
1722276000000,SOLUSDT,5m,186.65,186.94,186.4,186.71,17300.22
1722276300000,SOLUSDT,5m,186.7,187.44,186.56,187.15,16776.26
1722276600000,SOLUSDT,5m,187.15,187.16,186.71,186.72,7360.501
1722276900000,SOLUSDT,5m,186.71,186.77,186.05,186.75,9707.209
1722277200000,SOLUSDT,5m,186.74,186.99,186.62,186.72,10147.735
1722277500000,SOLUSDT,5m,186.72,186.85,186.31,186.38,6583.933
1722277800000,SOLUSDT,5m,186.37,186.55,186.0,186.22,5620.317
1722278100000,SOLUSDT,5m,186.21,186.56,186.08,186.45,3406.402
1722278400000,SOLUSDT,5m,186.45,186.6,186.1,186.11,5496.62
1722278700000,SOLUSDT,5m,186.1,186.36,185.92,185.98,4188.589
1722279000000,SOLUSDT,5m,185.97,186.02,185.76,185.84,4592.139
1722279300000,SOLUSDT,5m,185.84,186.03,185.65,185.71,7322.451
1722279600000,SOLUSDT,5m,185.71,185.71,185.0,185.42,7700.417
1722279900000,SOLUSDT,5m,185.41,185.82,185.4,185.65,4103.17
1722280200000,SOLUSDT,5m,185.65,185.9,185.52,185.81,7443.776
1722280500000,SOLUSDT,5m,185.8,186.39,185.65,186.39,9634.131
1722280800000,SOLUSDT,5m,186.38,186.44,185.78,185.84,6597.849
1722281100000,SOLUSDT,5m,185.84,186.19,185.7,186.15,2858.855
1722281400000,SOLUSDT,5m,186.14,186.26,186.03,186.19,2849.856
1722281700000,SOLUSDT,5m,186.19,186.6,186.06,186.58,2573.286
1722282000000,SOLUSDT,5m,186.58,186.81,186.5,186.7,8967.156
1722282300000,SOLUSDT,5m,186.7,186.78,186.48,186.78,5444.844
1722282600000,SOLUSDT,5m,186.77,186.83,186.61,186.74,4574.611
1722282900000,SOLUSDT,5m,186.74,186.85,186.45,186.84,5170.547
1722283200000,SOLUSDT,5m,186.85,186.89,186.51,186.63,4056.315
1722283500000,SOLUSDT,5m,186.62,186.75,186.45,186.57,2206.63
1722283800000,SOLUSDT,5m,186.56,186.58,186.16,186.16,5040.166
1722284100000,SOLUSDT,5m,186.16,186.61,185.97,186.61,6521.306
1722284400000,SOLUSDT,5m,186.6,186.61,186.23,186.36,4012.939
1722284700000,SOLUSDT,5m,186.35,186.45,186.14,186.43,1913.382
1722285000000,SOLUSDT,5m,186.43,186.63,186.35,186.58,2651.749
1722285300000,SOLUSDT,5m,186.57,186.71,186.51,186.57,2911.978
1722285600000,SOLUSDT,5m,186.56,186.59,185.98,186.05,5101.91
1722285900000,SOLUSDT,5m,186.04,186.05,185.65,185.65,5696.828
1722286200000,SOLUSDT,5m,185.64,186.05,185.64,185.89,2806.083
1722286500000,SOLUSDT,5m,185.88,185.96,185.72,185.76,3043.231
1722286800000,SOLUSDT,5m,185.76,185.84,185.46,185.51,4175.654
1722287100000,SOLUSDT,5m,185.51,185.66,184.68,184.79,29245.061
1722287400000,SOLUSDT,5m,184.79,184.87,184.43,184.65,9775.042
1722287700000,SOLUSDT,5m,184.66,184.93,184.39,184.91,13754.752
1722288000000,SOLUSDT,5m,184.9,184.91,184.47,184.49,2954.898
1722288300000,SOLUSDT,5m,184.48,184.8,184.32,184.33,10115.768
1722288600000,SOLUSDT,5m,184.32,184.73,184.32,184.71,3683.425
1722288900000,SOLUSDT,5m,184.7,185.0,184.37,184.55,16586.491
1722289200000,SOLUSDT,5m,184.54,184.54,183.29,184.09,29163.839
1722289500000,SOLUSDT,5m,184.08,184.09,183.14,183.18,13679.32
1722289800000,SOLUSDT,5m,183.18,183.24,183.02,183.03,12735.206
1722290100000,SOLUSDT,5m,183.02,183.92,182.92,183.84,18153.296
1722290400000,SOLUSDT,5m,183.84,183.93,183.39,183.39,8960.114
1722290700000,SOLUSDT,5m,183.39,183.48,183.13,183.2,6603.853
1722291000000,SOLUSDT,5m,183.19,184.46,183.19,184.45,11536.528
1722291300000,SOLUSDT,5m,184.44,185.19,184.25,185.18,7998.056
1722291600000,SOLUSDT,5m,185.18,185.19,184.62,184.76,6902.771
1722291900000,SOLUSDT,5m,184.75,184.85,184.35,184.36,10527.936
1722292200000,SOLUSDT,5m,184.36,184.52,183.9,183.97,6956.549
1722292500000,SOLUSDT,5m,183.97,184.35,183.83,184.08,7286.572
1722292800000,SOLUSDT,5m,184.07,184.37,183.81,183.83,4274.938
1722293100000,SOLUSDT,5m,183.82,183.9,183.41,183.85,4790.402
1722293400000,SOLUSDT,5m,183.86,183.89,183.15,183.16,16333.797
1722293700000,SOLUSDT,5m,183.15,183.68,183.15,183.31,6888.212
1722294000000,SOLUSDT,5m,183.3,183.64,183.28,183.37,6658.239
1722294300000,SOLUSDT,5m,183.36,183.49,183.03,183.23,6447.546
1722294600000,SOLUSDT,5m,183.23,183.6,182.42,182.57,25353.469
1722294900000,SOLUSDT,5m,182.57,182.94,181.57,182.33,38650.931
1722295200000,SOLUSDT,5m,182.33,183.15,182.2,183.14,12363.901
1722295500000,SOLUSDT,5m,183.13,183.39,182.94,183.22,6622.518
1722295800000,SOLUSDT,5m,183.22,183.53,183.01,183.35,5203.39
1722296100000,SOLUSDT,5m,183.36,183.4,182.86,183.09,6446.246
1722296400000,SOLUSDT,5m,183.08,183.25,182.4,182.57,12448.837
1722296700000,SOLUSDT,5m,182.56,182.9,182.32,182.71,11925.319
1722297000000,SOLUSDT,5m,182.72,183.09,182.43,182.57,4252.395
1722297300000,SOLUSDT,5m,182.57,182.97,182.46,182.57,17737.605
1722297600000,SOLUSDT,5m,182.57,183.21,182.25,182.32,30418.754
1722297900000,SOLUSDT,5m,182.31,183.22,182.0,183.22,13582.328
1722298200000,SOLUSDT,5m,183.21,183.47,182.63,182.83,9265.275
1722298500000,SOLUSDT,5m,182.82,183.26,182.51,182.52,12272.485
1722298800000,SOLUSDT,5m,182.51,182.51,181.32,182.39,39516.112
1722299100000,SOLUSDT,5m,182.39,183.49,181.96,183.37,11778.529
1722299400000,SOLUSDT,5m,183.37,183.95,183.01,183.77,20439.438
1722299700000,SOLUSDT,5m,183.77,183.83,182.96,183.21,20030.681
1722300000000,SOLUSDT,5m,183.21,183.32,182.96,183.09,8743.181
1722300300000,SOLUSDT,5m,183.09,183.21,182.31,182.71,11279.473
1722300600000,SOLUSDT,5m,182.71,183.34,182.66,183.08,10990.08
1722300900000,SOLUSDT,5m,183.08,183.32,182.72,182.9,10880.591
1722301200000,SOLUSDT,5m,182.9,183.47,182.66,183.47,8416.232
1722301500000,SOLUSDT,5m,183.46,183.6,183.27,183.4,4910.767
1722301800000,SOLUSDT,5m,183.4,183.61,183.17,183.47,7499.891
1722302100000,SOLUSDT,5m,183.46,183.47,183.13,183.27,6226.626
1722302400000,SOLUSDT,5m,183.27,183.6,183.1,183.47,8581.729
1722302700000,SOLUSDT,5m,183.47,183.72,183.0,183.01,8875.072
1722303000000,SOLUSDT,5m,183.0,183.16,182.5,182.51,9356.212
1722303300000,SOLUSDT,5m,182.51,182.59,182.04,182.05,7681.99
1722303600000,SOLUSDT,5m,182.04,182.11,181.46,181.5,17777.1
1722303900000,SOLUSDT,5m,181.5,181.7,180.78,180.79,27076.586
1722304200000,SOLUSDT,5m,180.79,181.05,180.38,180.91,17759.364
1722304500000,SOLUSDT,5m,180.91,180.92,180.25,180.41,15699.751
1722304800000,SOLUSDT,5m,180.4,181.64,180.4,181.12,23902.426
1722305100000,SOLUSDT,5m,181.11,181.52,180.64,181.3,27697.967
1722305400000,SOLUSDT,5m,181.29,181.38,180.51,180.98,20271.975
1722305700000,SOLUSDT,5m,180.99,181.1,180.3,180.56,8778.428
1722306000000,SOLUSDT,5m,180.55,180.56,179.55,179.69,38352.769
1722306300000,SOLUSDT,5m,179.7,180.12,179.3,179.47,16173.666
1722306600000,SOLUSDT,5m,179.47,180.13,179.47,179.67,12116.258
1722306900000,SOLUSDT,5m,179.66,180.43,179.53,180.28,9924.433
1722307200000,SOLUSDT,5m,180.28,180.55,180.25,180.31,6979.625
1722307500000,SOLUSDT,5m,180.3,180.79,180.11,180.36,15063.572
1722307800000,SOLUSDT,5m,180.35,180.98,180.18,180.36,14383.196
1722308100000,SOLUSDT,5m,180.36,181.05,180.31,180.85,10160.8
1722308400000,SOLUSDT,5m,180.83,181.18,180.54,181.1,10924.3
1722308700000,SOLUSDT,5m,181.09,181.73,181.06,181.73,12743.471
1722309000000,SOLUSDT,5m,181.72,182.0,181.6,181.93,7160.269
1722309300000,SOLUSDT,5m,181.92,181.93,181.73,181.81,4669.24
1722309600000,SOLUSDT,5m,181.81,182.11,181.81,182.04,7719.564
1722309900000,SOLUSDT,5m,182.04,182.28,181.87,182.26,14912.841
1722310200000,SOLUSDT,5m,182.25,182.29,181.78,182.04,10088.447
1722310500000,SOLUSDT,5m,182.04,182.5,181.93,182.08,13554.152
1722310800000,SOLUSDT,5m,182.09,182.7,182.04,182.45,15121.275
1722311100000,SOLUSDT,5m,182.44,182.75,182.41,182.63,8062.826
1722311400000,SOLUSDT,5m,182.62,182.63,182.44,182.45,7450.112
1722311700000,SOLUSDT,5m,182.45,182.64,182.33,182.58,4901.343
1722312000000,SOLUSDT,5m,182.58,182.68,182.29,182.61,5863.925
1722312300000,SOLUSDT,5m,182.61,182.71,182.45,182.66,4259.958
1722312600000,SOLUSDT,5m,182.66,182.97,182.66,182.95,6133.265
1722312900000,SOLUSDT,5m,182.95,183.01,182.58,182.65,11723.992
1722313200000,SOLUSDT,5m,182.64,182.85,182.6,182.75,6890.374
1722313500000,SOLUSDT,5m,182.75,183.14,182.72,183.13,10787.38
1722313800000,SOLUSDT,5m,183.12,183.13,182.7,182.75,6650.75
1722314100000,SOLUSDT,5m,182.74,182.75,182.32,182.46,5886.022
1722314400000,SOLUSDT,5m,182.46,182.82,182.25,182.66,6275.503
1722314700000,SOLUSDT,5m,182.65,182.65,182.26,182.32,3327.314
1722315000000,SOLUSDT,5m,182.31,182.66,182.31,182.4,4765.447
1722315300000,SOLUSDT,5m,182.39,184.32,182.21,184.23,26339.367
1722315600000,SOLUSDT,5m,184.22,184.95,183.42,183.88,38199.064
1722315900000,SOLUSDT,5m,183.88,183.9,183.2,183.67,15001.306
1722316200000,SOLUSDT,5m,183.67,183.75,183.14,183.18,8971.088
1722316500000,SOLUSDT,5m,183.17,183.41,182.12,182.5,48915.523
1722316800000,SOLUSDT,5m,182.49,182.57,181.88,181.95,9148.218
1722317100000,SOLUSDT,5m,181.95,182.23,181.81,182.08,13528.761
1722317400000,SOLUSDT,5m,182.08,182.48,181.65,181.72,24371.087
1722317700000,SOLUSDT,5m,181.71,181.74,181.32,181.49,18228.466
1722318000000,SOLUSDT,5m,181.49,181.69,181.25,181.61,10645.684
1722318300000,SOLUSDT,5m,181.61,181.94,181.46,181.51,15817.21
1722318600000,SOLUSDT,5m,181.51,181.99,181.41,181.81,19157.662
1722318900000,SOLUSDT,5m,181.81,182.13,181.75,182.01,6740.625
1722319200000,SOLUSDT,5m,182.0,182.35,181.97,182.07,11020.14
1722319500000,SOLUSDT,5m,182.07,182.28,181.74,182.27,7767.154
1722319800000,SOLUSDT,5m,182.27,182.65,182.14,182.46,5059.009
1722320100000,SOLUSDT,5m,182.46,182.5,182.14,182.31,4223.581
1722320400000,SOLUSDT,5m,182.3,182.79,182.11,182.27,6892.928
1722320700000,SOLUSDT,5m,182.26,182.57,182.08,182.54,4239.561
1722321000000,SOLUSDT,5m,182.53,182.92,182.53,182.78,6347.044
1722321300000,SOLUSDT,5m,182.78,182.93,182.35,182.35,4011.281
1722321600000,SOLUSDT,5m,182.35,182.41,182.02,182.18,3613.802
1722321900000,SOLUSDT,5m,182.18,182.53,182.1,182.52,4039.889
1722322200000,SOLUSDT,5m,182.52,182.57,182.38,182.48,2432.43
1722322500000,SOLUSDT,5m,182.48,182.61,182.38,182.56,2979.983
1722322800000,SOLUSDT,5m,182.56,182.68,182.56,182.66,4271.769
1722323100000,SOLUSDT,5m,182.66,182.98,182.64,182.98,3564.006
1722323400000,SOLUSDT,5m,182.97,183.26,182.95,183.22,6481.517
1722323700000,SOLUSDT,5m,183.22,183.73,183.12,183.16,15351.447
1722324000000,SOLUSDT,5m,183.16,183.22,182.74,182.89,7144.169
1722324300000,SOLUSDT,5m,182.88,183.16,182.67,183.07,7188.355
1722324600000,SOLUSDT,5m,183.07,183.16,182.61,182.69,7473.01
1722324900000,SOLUSDT,5m,182.7,183.07,182.58,182.76,5954.996
1722325200000,SOLUSDT,5m,182.76,183.11,182.76,183.1,7089.843
1722325500000,SOLUSDT,5m,183.09,183.15,182.89,183.01,6264.486
1722325800000,SOLUSDT,5m,183.0,183.01,182.57,182.62,6505.886
1722326100000,SOLUSDT,5m,182.62,182.62,182.3,182.39,6051.129
1722326400000,SOLUSDT,5m,182.38,182.42,181.86,182.19,12383.351
1722326700000,SOLUSDT,5m,182.19,182.36,182.08,182.26,6649.366
1722327000000,SOLUSDT,5m,182.26,182.6,182.18,182.59,8391.775
1722327300000,SOLUSDT,5m,182.59,182.66,182.35,182.47,9791.801
1722327600000,SOLUSDT,5m,182.46,182.89,182.11,182.16,5933.136
1722327900000,SOLUSDT,5m,182.16,182.23,181.86,181.86,7071.649
1722328200000,SOLUSDT,5m,181.86,181.91,181.5,181.83,9177.572
1722328500000,SOLUSDT,5m,181.83,181.91,181.56,181.64,2874.134
1722328800000,SOLUSDT,5m,181.63,181.88,181.5,181.62,3402.978
1722329100000,SOLUSDT,5m,181.61,181.88,181.57,181.6,3490.083
1722329400000,SOLUSDT,5m,181.59,181.87,181.12,181.26,13484.367
1722329700000,SOLUSDT,5m,181.26,181.45,180.75,181.02,11552.964
1722330000000,SOLUSDT,5m,181.01,181.53,181.01,181.51,5749.535
1722330300000,SOLUSDT,5m,181.5,181.64,181.29,181.56,4983.001
1722330600000,SOLUSDT,5m,181.56,181.93,181.43,181.77,4716.126
1722330900000,SOLUSDT,5m,181.77,181.86,181.47,181.66,5651.36
1722331200000,SOLUSDT,5m,181.66,181.91,181.42,181.91,1853.747
1722331500000,SOLUSDT,5m,181.9,182.02,181.75,181.91,7274.924
1722331800000,SOLUSDT,5m,181.91,182.06,181.41,181.63,6776.878
1722332100000,SOLUSDT,5m,181.63,181.74,181.5,181.59,2700.808
1722332400000,SOLUSDT,5m,181.59,181.89,181.43,181.71,2599.864
1722332700000,SOLUSDT,5m,181.71,181.75,181.4,181.6,3737.056
1722333000000,SOLUSDT,5m,181.61,181.75,181.3,181.54,3759.031
1722333300000,SOLUSDT,5m,181.53,181.75,181.42,181.6,1818.292
1722333600000,SOLUSDT,5m,181.6,181.75,181.41,181.49,3827.48
1722333900000,SOLUSDT,5m,181.49,181.57,180.94,181.29,7418.623
1722334200000,SOLUSDT,5m,181.29,181.37,181.01,181.05,3496.247
1722334500000,SOLUSDT,5m,181.05,181.33,180.76,180.93,9394.196
1722334800000,SOLUSDT,5m,180.93,181.08,180.37,180.5,18906.595
1722335100000,SOLUSDT,5m,180.5,181.05,180.5,181.05,5509.461
1722335400000,SOLUSDT,5m,181.04,181.39,180.31,180.37,11135.923
1722335700000,SOLUSDT,5m,180.37,180.58,180.29,180.37,7384.204
1722336000000,SOLUSDT,5m,180.36,180.7,180.31,180.56,4753.611
1722336300000,SOLUSDT,5m,180.55,180.95,180.42,180.55,5339.035
1722336600000,SOLUSDT,5m,180.55,181.0,180.48,181.0,4885.572
1722336900000,SOLUSDT,5m,180.99,181.08,180.56,180.87,4586.956
1722337200000,SOLUSDT,5m,180.86,181.05,180.5,180.71,5788.406
1722337500000,SOLUSDT,5m,180.71,180.91,180.5,180.53,2490.227
1722337800000,SOLUSDT,5m,180.53,180.57,180.14,180.19,6894.316
1722338100000,SOLUSDT,5m,180.18,180.51,180.07,180.41,18489.732
1722338400000,SOLUSDT,5m,180.41,180.66,180.35,180.61,4056.593
1722338700000,SOLUSDT,5m,180.6,180.62,180.28,180.36,5033.945
1722339000000,SOLUSDT,5m,180.36,180.63,180.14,180.48,8073.982
1722339300000,SOLUSDT,5m,180.49,180.63,180.3,180.44,7214.243
1722339600000,SOLUSDT,5m,180.44,180.96,180.44,180.87,4429.536
1722339900000,SOLUSDT,5m,180.88,181.07,180.67,181.04,4415.317
1722340200000,SOLUSDT,5m,181.03,181.12,180.84,181.08,4742.712
1722340500000,SOLUSDT,5m,181.08,181.19,181.02,181.02,4789.739
1722340800000,SOLUSDT,5m,181.01,181.08,180.34,180.7,4721.708
1722341100000,SOLUSDT,5m,180.7,181.0,180.66,180.68,8633.507
1722341400000,SOLUSDT,5m,180.68,180.9,180.52,180.55,10077.503
1722341700000,SOLUSDT,5m,180.55,180.92,180.24,180.36,9603.382
1722342000000,SOLUSDT,5m,180.37,180.45,180.0,180.02,8401.457
1722342300000,SOLUSDT,5m,180.02,180.04,179.29,179.43,31727.115
1722342600000,SOLUSDT,5m,179.42,179.89,179.35,179.45,8637.543
1722342900000,SOLUSDT,5m,179.45,180.33,179.3,180.33,8630.731
1722343200000,SOLUSDT,5m,180.32,181.19,180.05,181.15,16735.642
1722343500000,SOLUSDT,5m,181.15,181.2,180.66,181.15,10527.914
1722343800000,SOLUSDT,5m,181.14,181.54,181.03,181.46,14074.214
1722344100000,SOLUSDT,5m,181.45,181.46,181.08,181.41,7050.161
1722344400000,SOLUSDT,5m,181.42,181.89,181.39,181.86,14327.344
1722344700000,SOLUSDT,5m,181.86,181.99,181.59,181.92,11948.383
1722345000000,SOLUSDT,5m,181.93,182.16,181.89,182.1,12510.341
1722345300000,SOLUSDT,5m,182.09,182.47,181.95,182.46,10301.779
1722345600000,SOLUSDT,5m,182.45,182.62,181.84,182.14,20627.5
1722345900000,SOLUSDT,5m,182.13,182.13,181.55,181.81,9222.728
1722346200000,SOLUSDT,5m,181.81,182.33,181.25,182.07,19239.192
1722346500000,SOLUSDT,5m,182.07,182.66,181.57,181.71,14359.438
1722346800000,SOLUSDT,5m,181.72,181.94,181.15,181.16,13801.14
1722347100000,SOLUSDT,5m,181.15,181.38,180.47,180.48,7279.977
1722347400000,SOLUSDT,5m,180.47,180.5,179.37,179.47,23063.341
1722347700000,SOLUSDT,5m,179.47,179.79,179.33,179.59,10308.608
1722348000000,SOLUSDT,5m,179.58,182.55,178.7,179.81,108818.609
1722348300000,SOLUSDT,5m,179.81,180.46,179.66,179.95,32553.338
1722348600000,SOLUSDT,5m,179.94,180.28,179.67,180.25,15014.407
1722348900000,SOLUSDT,5m,180.25,180.44,179.87,180.19,17555.19
1722349200000,SOLUSDT,5m,180.18,180.8,180.01,180.39,10974.216
1722349500000,SOLUSDT,5m,180.39,180.75,180.03,180.42,8671.959
1722349800000,SOLUSDT,5m,180.43,181.22,180.4,181.01,11277.498
1722350100000,SOLUSDT,5m,181.01,181.99,180.82,181.84,11219.371
1722350400000,SOLUSDT,5m,181.83,182.0,180.88,180.98,13477.665
1722350700000,SOLUSDT,5m,180.98,181.4,180.54,181.24,19048.014
1722351000000,SOLUSDT,5m,181.24,181.26,180.56,180.73,15491.339
1722351300000,SOLUSDT,5m,180.73,180.97,180.14,180.67,11904.85
1722351600000,SOLUSDT,5m,180.66,180.81,179.04,179.82,34063.051
1722351900000,SOLUSDT,5m,179.82,180.96,179.74,180.77,13602.552
1722352200000,SOLUSDT,5m,180.76,181.23,180.69,180.9,25103.128
1722352500000,SOLUSDT,5m,180.91,181.22,180.74,181.19,9955.399
1722352800000,SOLUSDT,5m,181.18,181.54,181.06,181.33,9619.693
1722353100000,SOLUSDT,5m,181.33,181.98,181.33,181.68,12358.025
1722353400000,SOLUSDT,5m,181.68,181.72,181.09,181.53,5896.074
1722353700000,SOLUSDT,5m,181.52,181.52,180.84,180.94,7017.249
1722354000000,SOLUSDT,5m,180.95,181.12,180.84,181.01,3207.024
1722354300000,SOLUSDT,5m,181.0,181.44,180.81,181.29,5468.632
1722354600000,SOLUSDT,5m,181.29,181.51,181.2,181.3,5727.135
1722354900000,SOLUSDT,5m,181.3,181.4,180.97,181.01,3609.388
1722355200000,SOLUSDT,5m,181.0,181.25,180.62,180.65,4715.188
1722355500000,SOLUSDT,5m,180.66,180.94,180.36,180.54,4065.558
1722355800000,SOLUSDT,5m,180.54,181.36,180.53,181.36,5873.003
1722356100000,SOLUSDT,5m,181.36,181.51,180.98,180.98,10506.279
1722356400000,SOLUSDT,5m,180.98,181.18,180.7,180.9,10576.343
1722356700000,SOLUSDT,5m,180.9,181.01,180.63,180.75,3421.088
1722357000000,SOLUSDT,5m,180.74,181.06,180.57,180.81,6032.621
1722357300000,SOLUSDT,5m,180.81,181.18,180.66,181.15,7462.439
1722357600000,SOLUSDT,5m,181.15,181.59,181.14,181.45,8703.069
1722357900000,SOLUSDT,5m,181.45,181.48,181.0,181.2,5900.045
1722358200000,SOLUSDT,5m,181.2,181.31,180.33,180.34,9020.249
1722358500000,SOLUSDT,5m,180.34,180.46,179.83,179.83,13768.826
1722358800000,SOLUSDT,5m,179.83,179.97,178.39,178.51,47919.223
1722359100000,SOLUSDT,5m,178.51,178.79,178.01,178.75,25149.002
1722359400000,SOLUSDT,5m,178.73,179.04,178.5,178.79,10788.719
1722359700000,SOLUSDT,5m,178.79,178.97,177.68,177.89,29650.455
1722360000000,SOLUSDT,5m,177.89,178.64,177.82,178.43,9462.0
1722360300000,SOLUSDT,5m,178.42,178.87,178.23,178.6,7536.102
1722360600000,SOLUSDT,5m,178.6,178.69,178.13,178.43,8293.493
1722360900000,SOLUSDT,5m,178.43,178.48,177.36,177.62,15421.336
1722361200000,SOLUSDT,5m,177.61,177.99,177.16,177.98,28387.22
1722361500000,SOLUSDT,5m,177.97,178.45,177.76,177.82,16483.112
1722361800000,SOLUSDT,5m,177.82,177.99,177.21,177.49,10490.323
1722362100000,SOLUSDT,5m,177.49,177.74,177.17,177.38,9583.922
1722362400000,SOLUSDT,5m,177.38,177.56,176.63,177.02,23632.878
1722362700000,SOLUSDT,5m,177.02,177.32,176.68,177.04,12828.311
1722363000000,SOLUSDT,5m,177.04,177.9,176.88,177.65,7009.762
1722363300000,SOLUSDT,5m,177.65,177.93,177.03,177.41,8408.213
1722363600000,SOLUSDT,5m,177.4,177.85,177.33,177.74,5750.711
1722363900000,SOLUSDT,5m,177.74,178.46,177.67,178.09,30052.949
1722364200000,SOLUSDT,5m,178.09,178.19,177.48,178.03,6442.487
1722364500000,SOLUSDT,5m,178.04,178.38,177.93,178.12,5234.803
1722364800000,SOLUSDT,5m,178.12,178.2,177.77,177.83,2647.153
1722365100000,SOLUSDT,5m,177.84,177.93,177.02,177.45,15657.993
1722365400000,SOLUSDT,5m,177.46,177.89,177.43,177.67,5004.059
1722365700000,SOLUSDT,5m,177.66,178.0,177.65,177.91,3591.577
1722366000000,SOLUSDT,5m,177.9,177.9,177.43,177.43,5730.577
1722366300000,SOLUSDT,5m,177.43,177.44,176.95,177.1,10913.402
1722366600000,SOLUSDT,5m,177.1,177.19,176.28,176.39,21553.161
1722366900000,SOLUSDT,5m,176.4,177.04,176.28,177.04,7914.823
1722367200000,SOLUSDT,5m,177.03,177.44,176.7,177.08,8824.95
1722367500000,SOLUSDT,5m,177.07,177.12,176.3,176.84,6960.614
1722367800000,SOLUSDT,5m,176.83,177.21,176.49,177.14,5991.428
1722368100000,SOLUSDT,5m,177.15,177.41,177.01,177.35,5583.994
1722368400000,SOLUSDT,5m,177.35,177.45,177.08,177.15,3660.203
1722368700000,SOLUSDT,5m,177.15,177.64,177.05,177.58,6887.824
1722369000000,SOLUSDT,5m,177.57,177.9,177.36,177.83,7830.985
1722369300000,SOLUSDT,5m,177.83,178.18,177.74,177.97,7806.567
1722369600000,SOLUSDT,5m,177.96,177.96,176.86,176.86,12806.431
1722369900000,SOLUSDT,5m,176.87,177.17,175.39,175.56,34340.285
1722370200000,SOLUSDT,5m,175.56,177.04,175.47,177.0,14690.67
1722370500000,SOLUSDT,5m,176.99,177.85,176.81,177.84,13334.074
1722370800000,SOLUSDT,5m,177.85,178.36,177.81,178.09,14395.453
1722371100000,SOLUSDT,5m,178.09,178.59,178.09,178.31,8389.991
1722371400000,SOLUSDT,5m,178.32,179.18,178.26,178.86,24534.108
1722371700000,SOLUSDT,5m,178.87,179.19,178.72,179.11,16629.228
1722372000000,SOLUSDT,5m,179.11,179.52,179.05,179.44,14942.248
1722372300000,SOLUSDT,5m,179.43,179.57,179.09,179.54,20792.511
1722372600000,SOLUSDT,5m,179.55,179.57,179.1,179.27,11231.971
1722372900000,SOLUSDT,5m,179.28,179.94,179.28,179.7,14318.674
1722373200000,SOLUSDT,5m,179.7,179.7,179.21,179.28,8780.672
1722373500000,SOLUSDT,5m,179.29,179.42,178.95,179.28,11012.67
1722373800000,SOLUSDT,5m,179.28,179.89,179.02,179.86,4508.101
1722374100000,SOLUSDT,5m,179.85,179.9,179.28,179.34,9192.87
1722374400000,SOLUSDT,5m,179.33,179.72,179.02,179.17,7027.089
1722374700000,SOLUSDT,5m,179.18,179.46,179.16,179.44,3393.655
1722375000000,SOLUSDT,5m,179.43,179.68,179.14,179.34,6472.568
1722375300000,SOLUSDT,5m,179.35,179.56,179.12,179.36,4044.355
1722375600000,SOLUSDT,5m,179.36,179.4,179.2,179.36,4159.261
1722375900000,SOLUSDT,5m,179.35,179.37,179.14,179.15,2980.107
1722376200000,SOLUSDT,5m,179.14,179.49,179.14,179.49,4394.203
1722376500000,SOLUSDT,5m,179.48,179.72,179.39,179.53,5350.675
1722376800000,SOLUSDT,5m,179.53,179.57,179.23,179.31,5123.157
1722377100000,SOLUSDT,5m,179.31,179.47,178.74,178.97,5700.502
1722377400000,SOLUSDT,5m,178.97,179.13,178.76,178.89,5274.646
1722377700000,SOLUSDT,5m,178.89,179.11,178.8,179.03,4115.53
1722378000000,SOLUSDT,5m,179.03,179.2,178.75,179.2,4442.875
1722378300000,SOLUSDT,5m,179.2,179.45,179.07,179.11,4007.281
1722378600000,SOLUSDT,5m,179.1,179.13,178.77,178.81,5658.413
1722378900000,SOLUSDT,5m,178.81,179.19,178.72,179.18,4241.556
1722379200000,SOLUSDT,5m,179.17,179.46,179.07,179.11,2748.917
1722379500000,SOLUSDT,5m,179.1,179.29,178.58,178.74,7949.327
1722379800000,SOLUSDT,5m,178.75,179.19,178.74,179.08,5147.516
1722380100000,SOLUSDT,5m,179.07,179.36,179.02,179.33,3834.821
1722380400000,SOLUSDT,5m,179.33,179.9,179.29,179.75,7320.752
1722380700000,SOLUSDT,5m,179.74,179.84,179.53,179.58,2882.673
1722381000000,SOLUSDT,5m,179.59,179.62,178.82,178.83,5773.559
1722381300000,SOLUSDT,5m,178.83,179.19,178.83,179.08,10031.608
1722381600000,SOLUSDT,5m,179.09,179.49,179.09,179.23,2427.864
1722381900000,SOLUSDT,5m,179.24,179.51,179.21,179.24,1746.734
1722382200000,SOLUSDT,5m,179.24,179.52,179.13,179.42,2887.918
1722382500000,SOLUSDT,5m,179.43,179.48,178.91,178.98,7114.994
1722382800000,SOLUSDT,5m,178.97,179.22,178.96,179.1,2410.417
1722383100000,SOLUSDT,5m,179.1,179.29,178.83,179.24,1983.862
1722383400000,SOLUSDT,5m,179.25,179.28,178.97,179.16,2388.9
1722383700000,SOLUSDT,5m,179.17,179.27,179.01,179.16,2342.251
1722384000000,SOLUSDT,5m,179.16,179.43,178.73,178.98,7968.002
1722384300000,SOLUSDT,5m,178.97,179.25,178.7,178.77,6694.807
1722384600000,SOLUSDT,5m,178.76,178.79,178.29,178.37,6321.345
1722384900000,SOLUSDT,5m,178.37,178.59,178.12,178.31,6523.239
1722385200000,SOLUSDT,5m,178.31,178.62,178.08,178.26,4410.011
1722385500000,SOLUSDT,5m,178.26,178.48,178.09,178.21,2622.12
1722385800000,SOLUSDT,5m,178.21,178.91,178.17,178.69,5534.436
1722386100000,SOLUSDT,5m,178.68,179.18,178.68,179.11,3327.249
1722386400000,SOLUSDT,5m,179.11,180.4,179.01,180.28,11405.276
1722386700000,SOLUSDT,5m,180.27,180.5,179.82,180.49,15389.161
1722387000000,SOLUSDT,5m,180.5,180.66,180.21,180.48,14879.539
1722387300000,SOLUSDT,5m,180.49,180.94,180.33,180.76,12603.962
1722387600000,SOLUSDT,5m,180.77,181.27,180.57,181.22,17185.354
1722387900000,SOLUSDT,5m,181.22,181.27,180.72,180.97,13366.13
1722388200000,SOLUSDT,5m,180.97,181.21,180.84,181.17,8795.9
1722388500000,SOLUSDT,5m,181.17,181.45,180.73,180.82,7590.823
1722388800000,SOLUSDT,5m,180.82,180.82,180.27,180.37,8334.143
1722389100000,SOLUSDT,5m,180.38,180.62,180.2,180.41,6738.942
1722389400000,SOLUSDT,5m,180.41,180.56,179.8,179.8,4870.203
1722389700000,SOLUSDT,5m,179.8,180.36,179.8,180.36,3628.023
1722390000000,SOLUSDT,5m,180.36,180.39,179.8,179.94,3708.404
1722390300000,SOLUSDT,5m,179.94,180.59,179.91,180.59,3849.175
1722390600000,SOLUSDT,5m,180.58,181.13,180.46,181.13,4990.179
1722390900000,SOLUSDT,5m,181.14,181.62,181.14,181.37,8717.525
1722391200000,SOLUSDT,5m,181.37,181.57,181.27,181.54,5291.905
1722391500000,SOLUSDT,5m,181.53,181.59,181.23,181.26,3412.91
1722391800000,SOLUSDT,5m,181.26,181.37,181.1,181.12,3123.358
1722392100000,SOLUSDT,5m,181.12,181.46,181.07,181.1,3441.74
1722392400000,SOLUSDT,5m,181.11,181.3,180.93,181.3,2672.282
1722392700000,SOLUSDT,5m,181.3,181.72,181.23,181.68,7364.781
1722393000000,SOLUSDT,5m,181.68,181.68,181.16,181.2,5220.26
1722393300000,SOLUSDT,5m,181.2,181.2,180.61,180.63,5037.215
1722393600000,SOLUSDT,5m,180.64,180.73,180.43,180.61,3246.734
1722393900000,SOLUSDT,5m,180.6,180.61,180.1,180.22,3809.335
1722394200000,SOLUSDT,5m,180.23,180.29,180.02,180.27,2886.515
1722394500000,SOLUSDT,5m,180.27,180.57,180.18,180.38,1749.558
1722394800000,SOLUSDT,5m,180.37,180.92,180.2,180.92,4981.17
1722395100000,SOLUSDT,5m,180.92,181.39,180.92,181.24,7644.669
1722395400000,SOLUSDT,5m,181.25,181.5,181.14,181.38,3301.169
1722395700000,SOLUSDT,5m,181.38,181.39,180.92,181.04,6530.616
1722396000000,SOLUSDT,5m,181.04,181.18,180.5,180.61,3082.484
1722396300000,SOLUSDT,5m,180.61,181.04,180.61,180.68,2724.586
1722396600000,SOLUSDT,5m,180.68,181.3,180.68,180.95,7412.057
1722396900000,SOLUSDT,5m,180.94,181.21,180.68,181.16,5979.447
1722397200000,SOLUSDT,5m,181.16,181.35,181.1,181.21,4068.428
1722397500000,SOLUSDT,5m,181.21,181.39,180.97,181.03,2509.951
1722397800000,SOLUSDT,5m,181.02,181.1,180.8,180.81,2942.759
1722398100000,SOLUSDT,5m,180.81,181.07,180.81,180.91,1281.405
1722398400000,SOLUSDT,5m,180.91,181.04,180.69,180.69,3044.857
1722398700000,SOLUSDT,5m,180.69,180.78,180.27,180.37,3747.241
1722399000000,SOLUSDT,5m,180.38,180.44,179.73,179.76,7615.99
1722399300000,SOLUSDT,5m,179.77,179.99,179.62,179.85,5164.681
1722399600000,SOLUSDT,5m,179.86,180.28,179.85,179.88,2692.996
1722399900000,SOLUSDT,5m,179.88,180.16,179.83,179.9,1962.651
1722400200000,SOLUSDT,5m,179.89,179.99,179.5,179.64,4531.412
1722400500000,SOLUSDT,5m,179.64,179.67,179.23,179.29,7944.895
1722400800000,SOLUSDT,5m,179.29,179.59,179.25,179.33,8691.367
1722401100000,SOLUSDT,5m,179.33,179.52,179.0,179.01,5127.953
1722401400000,SOLUSDT,5m,179.01,179.07,178.09,178.23,19652.837
1722401700000,SOLUSDT,5m,178.23,179.24,178.22,179.15,7785.376
1722402000000,SOLUSDT,5m,179.14,179.4,178.85,178.99,7957.185
1722402300000,SOLUSDT,5m,178.99,178.99,178.58,178.76,5093.665
1722402600000,SOLUSDT,5m,178.77,178.89,178.53,178.82,4348.287
1722402900000,SOLUSDT,5m,178.82,178.96,178.46,178.52,13524.91
1722403200000,SOLUSDT,5m,178.52,178.66,178.21,178.33,4208.179
1722403500000,SOLUSDT,5m,178.33,179.11,178.33,179.11,6362.13
1722403800000,SOLUSDT,5m,179.11,179.79,179.04,179.7,9044.742
1722404100000,SOLUSDT,5m,179.69,179.85,179.51,179.8,4124.12
1722404400000,SOLUSDT,5m,179.8,180.17,179.73,180.13,6848.592
1722404700000,SOLUSDT,5m,180.14,180.6,180.05,180.59,8971.121
1722405000000,SOLUSDT,5m,180.59,181.87,180.56,181.46,22108.987
1722405300000,SOLUSDT,5m,181.45,181.76,181.4,181.73,10280.271
1722405600000,SOLUSDT,5m,181.72,185.1,181.51,182.96,126141.825
1722405900000,SOLUSDT,5m,182.97,183.31,182.93,183.21,22810.982
1722406200000,SOLUSDT,5m,183.21,183.48,182.84,183.03,31226.339
1722406500000,SOLUSDT,5m,183.04,183.13,182.09,182.24,17040.54
1722406800000,SOLUSDT,5m,182.24,182.85,182.23,182.61,5530.777
1722407100000,SOLUSDT,5m,182.61,182.85,182.41,182.44,8106.433
1722407400000,SOLUSDT,5m,182.44,182.83,182.44,182.54,6488.517
1722407700000,SOLUSDT,5m,182.54,182.62,182.32,182.61,5892.089
1722408000000,SOLUSDT,5m,182.61,183.59,182.61,183.21,23107.664
1722408300000,SOLUSDT,5m,183.22,183.27,182.77,182.81,8730.056
1722408600000,SOLUSDT,5m,182.82,183.62,182.82,183.56,8904.686
1722408900000,SOLUSDT,5m,183.56,183.68,183.31,183.43,9683.519
1722409200000,SOLUSDT,5m,183.43,183.59,183.09,183.16,10042.925
1722409500000,SOLUSDT,5m,183.16,183.41,183.0,183.27,7524.903
1722409800000,SOLUSDT,5m,183.28,183.3,182.88,183.29,4593.595
1722410100000,SOLUSDT,5m,183.3,183.57,183.27,183.49,8438.08
1722410400000,SOLUSDT,5m,183.49,183.9,183.47,183.64,10576.329
1722410700000,SOLUSDT,5m,183.63,183.64,183.43,183.48,7737.047
1722411000000,SOLUSDT,5m,183.47,183.48,183.02,183.2,8908.087
1722411300000,SOLUSDT,5m,183.2,183.49,183.17,183.19,5395.946
1722411600000,SOLUSDT,5m,183.19,183.28,183.11,183.27,5103.268
1722411900000,SOLUSDT,5m,183.28,183.75,183.26,183.71,6053.823
1722412200000,SOLUSDT,5m,183.71,183.73,183.22,183.24,6912.36
1722412500000,SOLUSDT,5m,183.25,183.35,183.12,183.13,3425.08
1722412800000,SOLUSDT,5m,183.13,183.48,183.0,183.05,4925.658
1722413100000,SOLUSDT,5m,183.06,183.13,182.49,182.49,7682.202
1722413400000,SOLUSDT,5m,182.5,182.85,182.48,182.81,5584.066
1722413700000,SOLUSDT,5m,182.8,183.1,182.64,183.06,6059.014
1722414000000,SOLUSDT,5m,183.05,183.68,183.02,183.32,9335.44
1722414300000,SOLUSDT,5m,183.32,183.57,183.26,183.45,3617.372
1722414600000,SOLUSDT,5m,183.45,183.69,183.4,183.53,5504.486
1722414900000,SOLUSDT,5m,183.53,183.8,183.41,183.67,12236.816
1722415200000,SOLUSDT,5m,183.68,183.87,183.59,183.83,11540.894
1722415500000,SOLUSDT,5m,183.83,184.0,183.65,183.89,18950.799
1722415800000,SOLUSDT,5m,183.89,184.09,183.72,183.97,21565.292
1722416100000,SOLUSDT,5m,183.97,184.03,183.87,183.97,20485.004
1722416400000,SOLUSDT,5m,183.97,184.2,183.71,184.1,21102.069
1722416700000,SOLUSDT,5m,184.11,184.11,183.14,183.14,15670.416
1722417000000,SOLUSDT,5m,183.15,183.69,183.15,183.56,12749.113
1722417300000,SOLUSDT,5m,183.56,183.58,183.11,183.58,11674.535
1722417600000,SOLUSDT,5m,183.58,183.83,183.5,183.59,4386.983
1722417900000,SOLUSDT,5m,183.59,183.83,183.53,183.73,3613.205
1722418200000,SOLUSDT,5m,183.73,184.0,183.7,183.97,3808.781
1722418500000,SOLUSDT,5m,183.96,184.0,183.79,183.81,4554.793
1722418800000,SOLUSDT,5m,183.81,184.16,183.7,184.15,7585.595
1722419100000,SOLUSDT,5m,184.16,184.57,183.66,183.67,9522.905
1722419400000,SOLUSDT,5m,183.67,183.98,183.58,183.71,5883.934
1722419700000,SOLUSDT,5m,183.72,183.75,183.51,183.55,4342.841
1722420000000,SOLUSDT,5m,183.55,183.66,183.34,183.41,7640.561
1722420300000,SOLUSDT,5m,183.41,183.45,183.17,183.36,4402.179
1722420600000,SOLUSDT,5m,183.36,183.55,183.29,183.32,3398.08
1722420900000,SOLUSDT,5m,183.33,183.46,183.11,183.2,4378.639
1722421200000,SOLUSDT,5m,183.19,183.45,183.15,183.42,4796.467
1722421500000,SOLUSDT,5m,183.43,183.43,182.89,183.06,6438.335
1722421800000,SOLUSDT,5m,183.06,183.06,182.62,182.84,7369.58
1722422100000,SOLUSDT,5m,182.84,182.98,182.3,182.43,6707.158
1722422400000,SOLUSDT,5m,182.44,182.47,182.1,182.36,9795.145
1722422700000,SOLUSDT,5m,182.36,182.52,182.18,182.39,4732.199
1722423000000,SOLUSDT,5m,182.39,182.71,182.33,182.5,3469.835
1722423300000,SOLUSDT,5m,182.51,182.54,182.17,182.17,3908.348
1722423600000,SOLUSDT,5m,182.17,182.36,181.86,181.96,7726.522
1722423900000,SOLUSDT,5m,181.97,182.47,181.96,182.19,5117.287
1722424200000,SOLUSDT,5m,182.2,182.52,182.2,182.32,5175.487
1722424500000,SOLUSDT,5m,182.31,182.67,182.29,182.53,4635.329
1722424800000,SOLUSDT,5m,182.53,182.74,182.03,182.05,4947.831
1722425100000,SOLUSDT,5m,182.05,182.05,181.86,181.93,2881.379
1722425400000,SOLUSDT,5m,181.93,182.06,181.88,181.96,4432.601
1722425700000,SOLUSDT,5m,181.96,182.02,181.83,181.85,2829.422
1722426000000,SOLUSDT,5m,181.86,181.86,181.49,181.66,10661.464
1722426300000,SOLUSDT,5m,181.65,181.87,181.6,181.6,3628.988
1722426600000,SOLUSDT,5m,181.61,181.69,181.34,181.64,7277.858
1722426900000,SOLUSDT,5m,181.63,181.8,181.57,181.72,2429.555
1722427200000,SOLUSDT,5m,181.71,182.14,181.7,181.99,4890.03
1722427500000,SOLUSDT,5m,181.98,182.2,181.97,182.15,3441.474
1722427800000,SOLUSDT,5m,182.15,182.15,181.92,182.12,2754.5
1722428100000,SOLUSDT,5m,182.13,182.45,181.7,182.18,6708.763
1722428400000,SOLUSDT,5m,182.19,182.33,181.81,181.87,4755.09
1722428700000,SOLUSDT,5m,181.88,182.09,181.76,181.81,2885.615
1722429000000,SOLUSDT,5m,181.81,182.13,181.59,182.1,6222.66
1722429300000,SOLUSDT,5m,182.1,182.19,181.96,182.09,3167.431
1722429600000,SOLUSDT,5m,182.09,182.36,182.02,182.15,5893.329
1722429900000,SOLUSDT,5m,182.15,182.47,182.15,182.28,6948.712
1722430200000,SOLUSDT,5m,182.28,182.3,181.64,181.66,6682.626
1722430500000,SOLUSDT,5m,181.67,181.71,181.12,181.22,10122.359
1722430800000,SOLUSDT,5m,181.22,181.39,181.15,181.38,6188.208
1722431100000,SOLUSDT,5m,181.37,181.41,181.28,181.36,4524.07
1722431400000,SOLUSDT,5m,181.35,181.4,181.15,181.37,10621.532
1722431700000,SOLUSDT,5m,181.36,182.0,181.15,182.0,21208.498
1722432000000,SOLUSDT,5m,182.0,182.33,181.91,182.31,18494.318
1722432300000,SOLUSDT,5m,182.31,182.46,182.11,182.44,5705.516
1722432600000,SOLUSDT,5m,182.45,183.16,182.16,183.11,15742.966
1722432900000,SOLUSDT,5m,183.1,184.0,182.83,184.0,19619.287
1722433200000,SOLUSDT,5m,184.0,184.28,183.62,183.64,56046.375
1722433500000,SOLUSDT,5m,183.65,184.21,183.34,183.47,28112.743
1722433800000,SOLUSDT,5m,183.46,183.53,182.53,182.54,11617.309
1722434100000,SOLUSDT,5m,182.53,182.75,182.18,182.62,8001.454
1722434400000,SOLUSDT,5m,182.61,183.78,182.47,183.77,10941.077
1722434700000,SOLUSDT,5m,183.78,183.8,183.25,183.73,10454.476
1722435000000,SOLUSDT,5m,183.72,183.79,182.74,182.83,16403.959
1722435300000,SOLUSDT,5m,182.84,183.12,181.8,181.86,29592.587
1722435600000,SOLUSDT,5m,181.86,181.97,181.26,181.54,11078.691
1722435900000,SOLUSDT,5m,181.54,181.59,180.26,180.64,34811.452
1722436200000,SOLUSDT,5m,180.64,180.86,180.09,180.44,21471.775
1722436500000,SOLUSDT,5m,180.44,181.25,180.26,181.25,12057.414
1722436800000,SOLUSDT,5m,181.25,181.26,180.48,180.53,14326.656
1722437100000,SOLUSDT,5m,180.54,181.48,180.48,181.02,7789.242
1722437400000,SOLUSDT,5m,181.01,181.02,180.2,180.23,9895.441
1722437700000,SOLUSDT,5m,180.23,180.64,180.23,180.56,9585.492
1722438000000,SOLUSDT,5m,180.56,180.57,179.83,180.13,16427.302
1722438300000,SOLUSDT,5m,180.13,180.3,179.73,180.23,17051.088
1722438600000,SOLUSDT,5m,180.23,180.98,180.2,180.75,5734.466
1722438900000,SOLUSDT,5m,180.75,181.04,180.41,180.92,4867.106
1722439200000,SOLUSDT,5m,180.91,181.2,180.7,180.9,7635.234
1722439500000,SOLUSDT,5m,180.89,181.04,180.4,180.58,12391.572
1722439800000,SOLUSDT,5m,180.59,180.66,179.89,180.53,11303.583
1722440100000,SOLUSDT,5m,180.53,180.91,180.25,180.86,4482.76
1722440400000,SOLUSDT,5m,180.86,181.0,180.7,180.8,10339.684
1722440700000,SOLUSDT,5m,180.79,180.83,180.12,180.22,6571.817
1722441000000,SOLUSDT,5m,180.23,180.45,180.19,180.2,3980.05
1722441300000,SOLUSDT,5m,180.19,180.24,180.0,180.08,4452.924
1722441600000,SOLUSDT,5m,180.08,180.35,179.45,180.24,13892.417
1722441900000,SOLUSDT,5m,180.23,180.7,179.94,180.64,6756.085
1722442200000,SOLUSDT,5m,180.64,181.02,180.64,181.0,6616.108
1722442500000,SOLUSDT,5m,180.99,181.5,180.99,181.31,9465.911
1722442800000,SOLUSDT,5m,181.31,182.0,181.3,181.54,7888.992
1722443100000,SOLUSDT,5m,181.54,181.63,180.9,180.93,5893.94
1722443400000,SOLUSDT,5m,180.92,181.1,180.33,180.46,6226.434
1722443700000,SOLUSDT,5m,180.45,180.45,179.75,179.97,13020.881
1722444000000,SOLUSDT,5m,179.96,180.39,179.79,180.15,7861.339
1722444300000,SOLUSDT,5m,180.15,180.36,179.5,180.28,10164.515
1722444600000,SOLUSDT,5m,180.28,180.46,179.98,180.24,10240.786
1722444900000,SOLUSDT,5m,180.24,180.44,180.13,180.19,3373.033
1722445200000,SOLUSDT,5m,180.18,180.39,179.75,180.39,8841.143
1722445500000,SOLUSDT,5m,180.39,180.82,180.38,180.53,5318.886
1722445800000,SOLUSDT,5m,180.52,180.93,180.48,180.49,5153.951
1722446100000,SOLUSDT,5m,180.48,180.66,180.25,180.34,5071.144
1722446400000,SOLUSDT,5m,180.35,181.05,180.09,181.03,8160.342
1722446700000,SOLUSDT,5m,181.03,181.12,180.71,180.79,5435.279
1722447000000,SOLUSDT,5m,180.8,181.09,180.51,181.06,5045.822
1722447300000,SOLUSDT,5m,181.07,181.39,181.0,181.15,4416.233
1722447600000,SOLUSDT,5m,181.16,182.12,181.14,182.12,8340.042
1722447900000,SOLUSDT,5m,182.11,182.55,181.8,182.32,9521.498
1722448200000,SOLUSDT,5m,182.32,182.68,181.74,181.77,10765.812
1722448500000,SOLUSDT,5m,181.78,182.03,181.45,181.93,9116.871
1722448800000,SOLUSDT,5m,181.93,182.31,180.57,180.74,25383.209
1722449100000,SOLUSDT,5m,180.74,181.74,180.48,180.55,12756.755
1722449400000,SOLUSDT,5m,180.55,180.71,180.2,180.42,8846.043
1722449700000,SOLUSDT,5m,180.42,180.57,180.21,180.29,3943.252
1722450000000,SOLUSDT,5m,180.29,180.47,179.11,179.14,20161.642
1722450300000,SOLUSDT,5m,179.13,179.32,178.94,179.06,20764.575
1722450600000,SOLUSDT,5m,179.06,180.31,178.98,179.9,20525.085
1722450900000,SOLUSDT,5m,179.89,179.9,178.85,179.11,17939.574
1722451200000,SOLUSDT,5m,179.1,180.91,179.1,180.6,17867.478
1722451500000,SOLUSDT,5m,180.59,180.92,179.89,180.51,7766.593
1722451800000,SOLUSDT,5m,180.51,180.77,180.37,180.64,9002.569
1722452100000,SOLUSDT,5m,180.64,180.86,180.41,180.78,6551.931
1722452400000,SOLUSDT,5m,180.78,181.49,180.53,180.95,7768.289
1722452700000,SOLUSDT,5m,180.94,181.09,179.76,179.85,13815.234
1722453000000,SOLUSDT,5m,179.85,180.17,179.6,180.11,6271.239
1722453300000,SOLUSDT,5m,180.11,180.29,179.24,179.42,8190.125
1722453600000,SOLUSDT,5m,179.42,179.74,178.8,178.8,11989.248
1722453900000,SOLUSDT,5m,178.8,178.81,177.66,177.91,30781.942
1722454200000,SOLUSDT,5m,177.92,178.22,177.37,178.18,26664.407
1722454500000,SOLUSDT,5m,178.18,178.85,177.65,177.74,31352.003
1722454800000,SOLUSDT,5m,177.73,178.0,177.19,177.46,17636.001
1722455100000,SOLUSDT,5m,177.46,177.56,176.75,176.78,33824.166
1722455400000,SOLUSDT,5m,176.78,176.93,174.99,176.37,168103.896
1722455700000,SOLUSDT,5m,176.37,176.69,175.92,176.59,26895.374
1722456000000,SOLUSDT,5m,176.58,176.97,175.5,176.9,35824.186
1722456300000,SOLUSDT,5m,176.9,177.0,176.09,176.24,14777.625
1722456600000,SOLUSDT,5m,176.23,176.25,175.25,175.93,19629.204
1722456900000,SOLUSDT,5m,175.92,176.23,174.37,174.88,34251.004
1722457200000,SOLUSDT,5m,174.89,175.53,174.71,175.08,17637.686
1722457500000,SOLUSDT,5m,175.09,175.75,175.01,175.39,15373.683
1722457800000,SOLUSDT,5m,175.39,175.55,175.01,175.24,9730.793
1722458100000,SOLUSDT,5m,175.24,175.34,174.65,174.77,12350.684
1722458400000,SOLUSDT,5m,174.77,175.69,174.77,175.23,13463.377
1722458700000,SOLUSDT,5m,175.23,175.44,175.0,175.0,7539.749
1722459000000,SOLUSDT,5m,175.01,175.11,174.44,174.44,15629.709
1722459300000,SOLUSDT,5m,174.45,174.46,173.41,173.5,30304.104
1722459600000,SOLUSDT,5m,173.5,174.64,173.42,174.09,28111.828
1722459900000,SOLUSDT,5m,174.09,174.22,173.49,173.72,24372.796
1722460200000,SOLUSDT,5m,173.73,174.89,173.65,174.89,25566.497
1722460500000,SOLUSDT,5m,174.89,175.22,174.56,174.75,22111.609
1722460800000,SOLUSDT,5m,174.74,174.85,174.51,174.51,12365.706
1722461100000,SOLUSDT,5m,174.51,174.52,172.83,172.83,35355.611
1722461400000,SOLUSDT,5m,172.84,173.46,172.63,172.97,41506.511
1722461700000,SOLUSDT,5m,172.96,173.49,172.83,173.07,15614.464
1722462000000,SOLUSDT,5m,173.07,173.65,173.05,173.56,13829.374
1722462300000,SOLUSDT,5m,173.55,173.56,173.12,173.18,12068.413
1722462600000,SOLUSDT,5m,173.18,173.93,173.14,173.92,10245.915
1722462900000,SOLUSDT,5m,173.92,174.03,173.78,173.87,15438.946
1722463200000,SOLUSDT,5m,173.87,173.89,173.36,173.37,18606.349
1722463500000,SOLUSDT,5m,173.37,173.44,172.45,172.53,17981.719
1722463800000,SOLUSDT,5m,172.54,172.97,172.48,172.68,13278.114
1722464100000,SOLUSDT,5m,172.68,172.89,172.48,172.49,8242.982
1722464400000,SOLUSDT,5m,172.49,172.69,172.05,172.66,18301.523
1722464700000,SOLUSDT,5m,172.68,172.69,171.7,172.3,31949.793
1722465000000,SOLUSDT,5m,172.3,172.73,172.07,172.7,9794.372
1722465300000,SOLUSDT,5m,172.69,173.29,172.64,173.07,13776.375
1722465600000,SOLUSDT,5m,173.06,173.06,172.69,172.82,9948.228
1722465900000,SOLUSDT,5m,172.83,173.52,172.58,173.35,10737.36
1722466200000,SOLUSDT,5m,173.36,173.61,173.27,173.41,11587.536
1722466500000,SOLUSDT,5m,173.41,173.54,173.11,173.33,5569.015
1722466800000,SOLUSDT,5m,173.32,173.44,172.74,172.77,15041.985
1722467100000,SOLUSDT,5m,172.77,173.1,172.77,172.94,6117.439
1722467400000,SOLUSDT,5m,172.93,173.08,172.64,172.67,8136.887
1722467700000,SOLUSDT,5m,172.68,172.72,172.31,172.42,8179.18
1722468000000,SOLUSDT,5m,172.42,172.71,172.39,172.39,3983.217
1722468300000,SOLUSDT,5m,172.39,172.64,172.36,172.61,8239.965
1722468600000,SOLUSDT,5m,172.61,172.74,172.38,172.4,6518.045
1722468900000,SOLUSDT,5m,172.4,172.4,171.9,171.95,11824.46
1722469200000,SOLUSDT,5m,171.95,172.39,171.72,172.23,11595.965
1722469500000,SOLUSDT,5m,172.23,172.28,171.87,172.02,8277.255
1722469800000,SOLUSDT,5m,172.02,172.08,171.86,171.95,6215.462
1722470100000,SOLUSDT,5m,171.95,172.01,171.61,171.71,8929.961
1722470400000,SOLUSDT,5m,171.7,172.75,171.57,172.5,28210.908
1722470700000,SOLUSDT,5m,172.5,172.91,172.47,172.8,15744.338
1722471000000,SOLUSDT,5m,172.81,172.84,172.04,172.23,15540.02
1722471300000,SOLUSDT,5m,172.22,172.82,172.17,172.28,7457.445
1722471600000,SOLUSDT,5m,172.29,172.38,171.82,171.84,8886.583
1722471900000,SOLUSDT,5m,171.84,172.0,171.19,171.39,20084.619
1722472200000,SOLUSDT,5m,171.38,171.76,171.12,171.75,13228.02
1722472500000,SOLUSDT,5m,171.75,172.61,171.74,172.52,18158.437
1722472800000,SOLUSDT,5m,172.51,172.6,171.92,171.95,6759.45
1722473100000,SOLUSDT,5m,171.96,172.11,171.27,171.53,38104.912
1722473400000,SOLUSDT,5m,171.53,172.06,171.53,171.72,7940.032
1722473700000,SOLUSDT,5m,171.72,172.1,171.53,172.0,4557.197
1722474000000,SOLUSDT,5m,172.0,172.39,171.83,172.24,6675.72
1722474300000,SOLUSDT,5m,172.24,172.24,171.22,171.23,7765.492
1722474600000,SOLUSDT,5m,171.23,172.08,171.1,172.06,7996.152
1722474900000,SOLUSDT,5m,172.05,172.07,171.56,171.8,3944.761
1722475200000,SOLUSDT,5m,171.8,171.91,171.19,171.22,6927.538
1722475500000,SOLUSDT,5m,171.22,171.92,171.19,171.85,7666.308
1722475800000,SOLUSDT,5m,171.86,171.86,171.18,171.32,8928.682
1722476100000,SOLUSDT,5m,171.32,171.34,170.0,170.92,72120.459
1722476400000,SOLUSDT,5m,170.93,171.9,170.92,171.82,12171.939
1722476700000,SOLUSDT,5m,171.82,171.82,171.5,171.62,8608.075
1722477000000,SOLUSDT,5m,171.61,171.82,171.01,171.13,11503.889
1722477300000,SOLUSDT,5m,171.13,171.39,170.96,171.19,14359.079
1722477600000,SOLUSDT,5m,171.19,171.41,170.54,170.73,17671.583
1722477900000,SOLUSDT,5m,170.73,171.14,170.46,170.99,15517.901
1722478200000,SOLUSDT,5m,170.98,171.62,170.94,171.31,11568.05
1722478500000,SOLUSDT,5m,171.3,171.36,170.58,170.64,12413.996
1722478800000,SOLUSDT,5m,170.64,170.94,169.49,170.09,67754.664
1722479100000,SOLUSDT,5m,170.09,170.12,169.62,169.63,29953.332
1722479400000,SOLUSDT,5m,169.62,170.6,169.21,170.59,24864.8
1722479700000,SOLUSDT,5m,170.59,170.63,170.24,170.59,12075.924
1722480000000,SOLUSDT,5m,170.6,170.63,170.23,170.53,10458.393
1722480300000,SOLUSDT,5m,170.54,170.65,169.93,170.08,16473.196
1722480600000,SOLUSDT,5m,170.09,170.36,169.9,170.13,11084.858
1722480900000,SOLUSDT,5m,170.13,170.36,170.04,170.04,6459.791
1722481200000,SOLUSDT,5m,170.04,170.04,169.24,169.43,18665.71
1722481500000,SOLUSDT,5m,169.43,169.6,168.58,168.67,28963.051
1722481800000,SOLUSDT,5m,168.66,169.42,168.59,168.96,21301.766
1722482100000,SOLUSDT,5m,168.97,169.35,168.52,169.09,20711.388
1722482400000,SOLUSDT,5m,169.09,169.77,169.08,169.57,17693.859
1722482700000,SOLUSDT,5m,169.57,169.99,169.46,169.97,13160.314
1722483000000,SOLUSDT,5m,169.97,170.01,169.59,169.64,8155.449
1722483300000,SOLUSDT,5m,169.63,169.63,169.13,169.13,4984.591
1722483600000,SOLUSDT,5m,169.12,169.48,169.08,169.37,6236.061
1722483900000,SOLUSDT,5m,169.36,169.77,169.24,169.32,11372.232
1722484200000,SOLUSDT,5m,169.33,169.45,169.02,169.04,6644.539
1722484500000,SOLUSDT,5m,169.04,169.04,168.62,168.62,12485.625
1722484800000,SOLUSDT,5m,168.63,169.05,168.61,168.88,12396.361
1722485100000,SOLUSDT,5m,168.88,169.2,168.68,168.73,6125.526
1722485400000,SOLUSDT,5m,168.73,168.95,168.64,168.66,11905.317
1722485700000,SOLUSDT,5m,168.65,168.67,168.07,168.11,18247.205
1722486000000,SOLUSDT,5m,168.11,168.3,167.5,167.66,33650.409
1722486300000,SOLUSDT,5m,167.66,167.93,167.13,167.62,24458.43
1722486600000,SOLUSDT,5m,167.62,168.05,167.29,167.77,18028.414
1722486900000,SOLUSDT,5m,167.77,168.02,167.3,167.77,14619.13
1722487200000,SOLUSDT,5m,167.76,167.76,167.0,167.23,16289.699
1722487500000,SOLUSDT,5m,167.22,167.42,166.18,166.68,41480.225
1722487800000,SOLUSDT,5m,166.68,166.83,166.15,166.29,20204.534
1722488100000,SOLUSDT,5m,166.29,166.85,166.0,166.63,28728.619
1722488400000,SOLUSDT,5m,166.63,166.65,166.04,166.2,31135.281
1722488700000,SOLUSDT,5m,166.2,167.25,166.1,167.22,21282.18
1722489000000,SOLUSDT,5m,167.22,168.23,167.18,168.13,27135.991
1722489300000,SOLUSDT,5m,168.13,168.33,167.84,168.14,27141.679
1722489600000,SOLUSDT,5m,168.14,168.23,167.68,167.88,30534.598
1722489900000,SOLUSDT,5m,167.88,169.35,167.88,169.31,38454.827
1722490200000,SOLUSDT,5m,169.31,169.53,169.06,169.38,38188.994
1722490500000,SOLUSDT,5m,169.38,169.55,168.72,168.81,20645.176
1722490800000,SOLUSDT,5m,168.81,169.51,168.65,169.48,16169.582
1722491100000,SOLUSDT,5m,169.48,169.54,169.0,169.39,29471.545
1722491400000,SOLUSDT,5m,169.39,169.47,169.22,169.25,18029.234
1722491700000,SOLUSDT,5m,169.25,169.32,168.87,169.04,13450.419
1722492000000,SOLUSDT,5m,169.04,169.1,168.66,169.05,10444.554
1722492300000,SOLUSDT,5m,169.05,169.25,168.84,169.02,8908.167
1722492600000,SOLUSDT,5m,169.03,169.06,168.68,169.03,7361.905
1722492900000,SOLUSDT,5m,169.03,169.08,168.59,168.78,8975.647
1722493200000,SOLUSDT,5m,168.77,169.05,168.7,168.98,6494.127
1722493500000,SOLUSDT,5m,168.98,169.23,168.98,169.22,8475.112
1722493800000,SOLUSDT,5m,169.22,169.3,168.73,168.88,9559.255
1722494100000,SOLUSDT,5m,168.88,169.37,168.78,169.37,8480.643
1722494400000,SOLUSDT,5m,169.37,169.74,169.36,169.68,12952.048
1722494700000,SOLUSDT,5m,169.67,169.74,168.85,168.97,17160.625
1722495000000,SOLUSDT,5m,168.98,169.07,168.59,168.65,16344.861
1722495300000,SOLUSDT,5m,168.65,168.84,168.33,168.42,9219.1
1722495600000,SOLUSDT,5m,168.41,168.77,168.13,168.48,19282.826
1722495900000,SOLUSDT,5m,168.49,169.02,168.41,169.02,11262.536
1722496200000,SOLUSDT,5m,169.01,169.41,168.89,169.27,6471.43
1722496500000,SOLUSDT,5m,169.27,169.45,168.95,169.0,14524.946
1722496800000,SOLUSDT,5m,168.99,169.07,168.67,168.69,13312.137
1722497100000,SOLUSDT,5m,168.7,168.95,168.56,168.7,13279.85
1722497400000,SOLUSDT,5m,168.71,168.88,168.34,168.61,9835.295
1722497700000,SOLUSDT,5m,168.61,168.68,168.3,168.4,6634.323
1722498000000,SOLUSDT,5m,168.39,168.58,168.21,168.34,10190.386
1722498300000,SOLUSDT,5m,168.35,168.62,168.26,168.46,9661.427
1722498600000,SOLUSDT,5m,168.45,168.65,168.26,168.27,7620.322
1722498900000,SOLUSDT,5m,168.26,168.29,167.92,168.23,12428.087
1722499200000,SOLUSDT,5m,168.23,168.82,168.14,168.71,7332.245
1722499500000,SOLUSDT,5m,168.7,168.7,168.41,168.61,7509.319
1722499800000,SOLUSDT,5m,168.61,168.63,168.32,168.4,6900.671
1722500100000,SOLUSDT,5m,168.39,168.85,168.26,168.65,8161.364
1722500400000,SOLUSDT,5m,168.64,168.94,168.52,168.73,7209.09
1722500700000,SOLUSDT,5m,168.72,168.99,168.68,168.92,6455.95
1722501000000,SOLUSDT,5m,168.91,169.08,168.66,169.05,8722.613
1722501300000,SOLUSDT,5m,169.06,169.22,169.0,169.08,8806.298
1722501600000,SOLUSDT,5m,169.08,169.33,169.05,169.26,11953.335
1722501900000,SOLUSDT,5m,169.25,169.32,169.0,169.04,10416.05
1722502200000,SOLUSDT,5m,169.04,169.27,168.84,169.27,9439.238
1722502500000,SOLUSDT,5m,169.27,169.41,169.25,169.39,4015.103
1722502800000,SOLUSDT,5m,169.39,169.44,169.09,169.28,6436.239
1722503100000,SOLUSDT,5m,169.28,169.59,169.21,169.59,4610.145
1722503400000,SOLUSDT,5m,169.59,169.92,169.5,169.86,11130.163
1722503700000,SOLUSDT,5m,169.85,169.94,169.41,169.51,18220.931
1722504000000,SOLUSDT,5m,169.51,169.75,169.41,169.54,8682.719
1722504300000,SOLUSDT,5m,169.54,169.54,169.12,169.21,11775.736
1722504600000,SOLUSDT,5m,169.2,169.33,168.9,169.25,9031.039
1722504900000,SOLUSDT,5m,169.26,169.26,168.92,168.94,11756.276
1722505200000,SOLUSDT,5m,168.94,168.97,168.65,168.7,5537.612
1722505500000,SOLUSDT,5m,168.69,168.9,168.46,168.64,10516.909
1722505800000,SOLUSDT,5m,168.64,168.77,168.37,168.38,7424.793
1722506100000,SOLUSDT,5m,168.38,168.46,168.18,168.23,16664.937
1722506400000,SOLUSDT,5m,168.23,168.46,168.16,168.28,12838.145
1722506700000,SOLUSDT,5m,168.28,168.34,168.1,168.34,11327.517
1722507000000,SOLUSDT,5m,168.34,168.65,168.17,168.34,10285.807
1722507300000,SOLUSDT,5m,168.34,168.5,168.04,168.15,20263.221
1722507600000,SOLUSDT,5m,168.15,168.58,168.01,168.57,21320.978
1722507900000,SOLUSDT,5m,168.58,168.92,168.55,168.85,7854.293
1722508200000,SOLUSDT,5m,168.85,168.85,168.58,168.78,16793.193
1722508500000,SOLUSDT,5m,168.77,169.19,168.77,168.93,13675.489
1722508800000,SOLUSDT,5m,168.93,169.0,168.61,168.65,10513.116
1722509100000,SOLUSDT,5m,168.64,168.91,168.55,168.79,8015.597
1722509400000,SOLUSDT,5m,168.78,168.99,168.7,168.99,7004.584
1722509700000,SOLUSDT,5m,168.99,169.22,168.99,169.16,7478.976
1722510000000,SOLUSDT,5m,169.15,169.32,168.84,169.11,18152.89
1722510300000,SOLUSDT,5m,169.11,169.22,168.92,169.06,8964.295
1722510600000,SOLUSDT,5m,169.07,169.1,168.58,168.65,7588.823
1722510900000,SOLUSDT,5m,168.65,169.03,168.52,168.98,14019.661
1722511200000,SOLUSDT,5m,168.99,169.15,168.77,169.15,4224.329
1722511500000,SOLUSDT,5m,169.15,169.41,168.94,169.35,8498.615
1722511800000,SOLUSDT,5m,169.34,169.6,169.32,169.38,12556.026
1722512100000,SOLUSDT,5m,169.38,169.5,169.21,169.21,11690.45
1722512400000,SOLUSDT,5m,169.21,169.79,168.97,169.72,10790.054
1722512700000,SOLUSDT,5m,169.73,169.75,169.33,169.38,18231.177
1722513000000,SOLUSDT,5m,169.38,169.81,169.35,169.77,12170.623
1722513300000,SOLUSDT,5m,169.77,169.9,169.6,169.69,14982.487
1722513600000,SOLUSDT,5m,169.69,169.96,169.47,169.96,18096.978
1722513900000,SOLUSDT,5m,169.97,170.54,169.81,170.43,33032.574
1722514200000,SOLUSDT,5m,170.43,171.04,170.17,171.04,28035.285
1722514500000,SOLUSDT,5m,171.04,171.46,170.83,171.18,38661.436
1722514800000,SOLUSDT,5m,171.18,171.28,170.49,170.87,28010.26
1722515100000,SOLUSDT,5m,170.86,170.94,170.52,170.56,10209.777
1722515400000,SOLUSDT,5m,170.56,170.93,170.53,170.74,12788.78
1722515700000,SOLUSDT,5m,170.75,171.12,170.74,171.01,15295.544
1722516000000,SOLUSDT,5m,171.0,171.12,170.44,170.49,14613.437
1722516300000,SOLUSDT,5m,170.48,170.53,170.2,170.26,11609.335
1722516600000,SOLUSDT,5m,170.26,171.02,170.24,171.02,6936.906
1722516900000,SOLUSDT,5m,171.02,171.1,170.79,171.04,9396.576
1722517200000,SOLUSDT,5m,171.04,171.44,170.69,170.71,9722.509
1722517500000,SOLUSDT,5m,170.71,170.84,170.34,170.44,10645.684
1722517800000,SOLUSDT,5m,170.44,170.7,170.3,170.68,8688.163
1722518100000,SOLUSDT,5m,170.68,170.77,170.41,170.58,9234.59
1722518400000,SOLUSDT,5m,170.59,170.66,170.01,170.05,8859.965
1722518700000,SOLUSDT,5m,170.06,170.13,169.68,169.73,10336.819
1722519000000,SOLUSDT,5m,169.73,169.91,169.67,169.67,10459.104
1722519300000,SOLUSDT,5m,169.68,169.68,169.05,169.35,15158.223
1722519600000,SOLUSDT,5m,169.34,169.93,169.19,169.93,21340.236
1722519900000,SOLUSDT,5m,169.93,170.3,169.51,170.29,13237.372
1722520200000,SOLUSDT,5m,170.3,170.31,169.46,169.76,9898.559
1722520500000,SOLUSDT,5m,169.76,170.02,169.59,169.75,7538.262
1722520800000,SOLUSDT,5m,169.75,170.07,169.42,169.61,6881.321
1722521100000,SOLUSDT,5m,169.61,169.64,168.8,168.99,11270.457
1722521400000,SOLUSDT,5m,169.0,169.48,168.92,169.22,8179.851
1722521700000,SOLUSDT,5m,169.22,169.22,168.61,168.85,9645.886
1722522000000,SOLUSDT,5m,168.85,169.0,168.41,168.76,18116.748
1722522300000,SOLUSDT,5m,168.76,168.89,167.57,167.72,31691.574
1722522600000,SOLUSDT,5m,167.73,167.99,167.11,167.43,34291.58
1722522900000,SOLUSDT,5m,167.44,167.92,167.34,167.9,29839.774
1722523200000,SOLUSDT,5m,167.91,168.24,167.51,167.63,19347.411
1722523500000,SOLUSDT,5m,167.62,167.66,166.46,166.76,32454.189
1722523800000,SOLUSDT,5m,166.76,167.18,166.23,166.41,26438.207
1722524100000,SOLUSDT,5m,166.41,166.56,164.53,164.89,80383.946
1722524400000,SOLUSDT,5m,164.88,165.05,163.2,164.25,113775.315
1722524700000,SOLUSDT,5m,164.24,164.62,163.58,164.07,40839.438
1722525000000,SOLUSDT,5m,164.06,164.5,163.29,163.33,29902.126
1722525300000,SOLUSDT,5m,163.34,163.68,162.55,163.5,85699.301
1722525600000,SOLUSDT,5m,163.5,164.33,162.7,164.31,67585.603
1722525900000,SOLUSDT,5m,164.32,164.32,162.64,162.99,39833.736
1722526200000,SOLUSDT,5m,162.98,163.11,161.25,162.51,102056.835
1722526500000,SOLUSDT,5m,162.51,163.2,162.18,162.8,35978.036
1722526800000,SOLUSDT,5m,162.79,163.11,162.31,162.69,39077.424
1722527100000,SOLUSDT,5m,162.68,162.92,162.14,162.45,32098.996
1722527400000,SOLUSDT,5m,162.45,163.18,162.2,163.17,22724.707
1722527700000,SOLUSDT,5m,163.17,163.59,162.67,162.67,31641.814
1722528000000,SOLUSDT,5m,162.68,162.8,160.77,161.68,76565.212
1722528300000,SOLUSDT,5m,161.69,162.91,161.17,162.56,54764.275
1722528600000,SOLUSDT,5m,162.55,162.86,162.13,162.41,26561.078
1722528900000,SOLUSDT,5m,162.4,162.47,161.3,161.72,30898.174
1722529200000,SOLUSDT,5m,161.73,162.18,161.16,161.58,33013.096
1722529500000,SOLUSDT,5m,161.58,162.01,160.35,161.04,50999.426
1722529800000,SOLUSDT,5m,161.05,161.69,160.6,161.05,38335.829
1722530100000,SOLUSDT,5m,161.04,161.9,161.04,161.18,22409.046
1722530400000,SOLUSDT,5m,161.18,161.93,160.81,161.81,42656.616
1722530700000,SOLUSDT,5m,161.81,162.54,161.7,162.35,23607.458
1722531000000,SOLUSDT,5m,162.34,162.46,162.04,162.07,17160.429
1722531300000,SOLUSDT,5m,162.08,162.45,162.02,162.23,17841.171
1722531600000,SOLUSDT,5m,162.24,162.36,161.41,161.46,16478.063
1722531900000,SOLUSDT,5m,161.46,161.99,161.28,161.44,12792.835
1722532200000,SOLUSDT,5m,161.45,161.78,161.11,161.51,13264.535
1722532500000,SOLUSDT,5m,161.51,161.87,161.2,161.21,10154.126
1722532800000,SOLUSDT,5m,161.21,161.49,160.76,161.11,13193.03
1722533100000,SOLUSDT,5m,161.1,161.35,160.82,161.02,13421.611
1722533400000,SOLUSDT,5m,161.03,161.32,160.86,160.97,12137.246
1722533700000,SOLUSDT,5m,160.97,161.04,160.27,160.81,28158.591
1722534000000,SOLUSDT,5m,160.81,160.85,159.55,159.81,65107.61
1722534300000,SOLUSDT,5m,159.81,160.48,159.72,160.36,20878.386
1722534600000,SOLUSDT,5m,160.35,161.58,160.29,161.36,36096.016
1722534900000,SOLUSDT,5m,161.36,162.46,161.36,162.25,31043.057
1722535200000,SOLUSDT,5m,162.24,162.3,161.59,161.83,25744.199
1722535500000,SOLUSDT,5m,161.83,161.94,159.94,159.95,38356.429
1722535800000,SOLUSDT,5m,159.94,161.32,158.9,161.32,64148.212
1722536100000,SOLUSDT,5m,161.31,161.85,160.69,161.0,27922.127
1722536400000,SOLUSDT,5m,161.01,161.68,160.93,161.18,13098.13
1722536700000,SOLUSDT,5m,161.18,161.24,160.52,160.78,14136.877
1722537000000,SOLUSDT,5m,160.79,160.82,159.7,159.83,22367.446
1722537300000,SOLUSDT,5m,159.83,160.2,158.91,159.13,43422.111
1722537600000,SOLUSDT,5m,159.14,159.62,157.91,158.03,75844.882
1722537900000,SOLUSDT,5m,158.03,159.0,158.03,158.8,23755.997
1722538200000,SOLUSDT,5m,158.79,159.54,158.79,159.27,19008.223
1722538500000,SOLUSDT,5m,159.28,160.0,159.23,159.95,15753.271
1722538800000,SOLUSDT,5m,159.95,160.78,159.82,160.77,23329.309
1722539100000,SOLUSDT,5m,160.78,161.19,160.57,161.12,20560.427
1722539400000,SOLUSDT,5m,161.12,161.25,160.79,161.01,14996.841
1722539700000,SOLUSDT,5m,161.01,161.01,160.36,160.8,14174.338
1722540000000,SOLUSDT,5m,160.8,161.27,160.57,161.24,17038.056
1722540300000,SOLUSDT,5m,161.24,161.52,160.83,161.46,15299.836
1722540600000,SOLUSDT,5m,161.46,161.62,161.0,161.07,14099.053
1722540900000,SOLUSDT,5m,161.08,161.52,160.96,161.39,11206.945
1722541200000,SOLUSDT,5m,161.38,161.45,161.14,161.4,17238.499
1722541500000,SOLUSDT,5m,161.39,161.79,161.17,161.75,10285.157
1722541800000,SOLUSDT,5m,161.74,162.71,161.73,162.5,35775.248
1722542100000,SOLUSDT,5m,162.5,162.65,162.09,162.4,13930.421
1722542400000,SOLUSDT,5m,162.39,162.41,161.9,162.0,17148.554
1722542700000,SOLUSDT,5m,162.0,162.41,161.86,162.34,13787.001
1722543000000,SOLUSDT,5m,162.33,162.69,162.29,162.42,15463.297
1722543300000,SOLUSDT,5m,162.41,162.42,161.75,161.78,17184.209
1722543600000,SOLUSDT,5m,161.77,161.77,161.2,161.28,8834.007
1722543900000,SOLUSDT,5m,161.29,161.5,161.2,161.5,7199.975
1722544200000,SOLUSDT,5m,161.49,162.62,161.2,162.45,24248.615
1722544500000,SOLUSDT,5m,162.44,163.8,162.44,163.09,42950.117
1722544800000,SOLUSDT,5m,163.09,163.74,162.95,163.69,18742.038
1722545100000,SOLUSDT,5m,163.68,164.92,163.59,164.64,52921.22
1722545400000,SOLUSDT,5m,164.64,165.11,163.98,164.15,42905.191
1722545700000,SOLUSDT,5m,164.16,164.94,163.92,164.82,23837.297
1722546000000,SOLUSDT,5m,164.83,165.5,164.78,165.21,28132.421
1722546300000,SOLUSDT,5m,165.21,165.62,165.13,165.2,27523.643
1722546600000,SOLUSDT,5m,165.21,165.44,164.73,165.24,17239.607
1722546900000,SOLUSDT,5m,165.24,165.25,164.61,165.17,18356.917
1722547200000,SOLUSDT,5m,165.17,165.63,164.87,165.53,10633.181
1722547500000,SOLUSDT,5m,165.52,166.03,165.5,166.03,27672.355
1722547800000,SOLUSDT,5m,166.02,166.34,165.85,165.88,15159.748
1722548100000,SOLUSDT,5m,165.88,166.35,165.63,166.34,10286.12
1722548400000,SOLUSDT,5m,166.34,166.85,166.1,166.82,26794.875
1722548700000,SOLUSDT,5m,166.82,167.75,166.67,166.7,46538.087
1722549000000,SOLUSDT,5m,166.71,166.76,165.97,166.12,16382.915
1722549300000,SOLUSDT,5m,166.12,166.56,165.85,166.37,11024.901
1722549600000,SOLUSDT,5m,166.38,166.61,166.08,166.58,12269.008
1722549900000,SOLUSDT,5m,166.58,167.45,166.56,167.29,16736.055
1722550200000,SOLUSDT,5m,167.29,167.82,167.27,167.51,16489.887
1722550500000,SOLUSDT,5m,167.51,168.06,167.38,168.03,19422.195
1722550800000,SOLUSDT,5m,168.03,168.45,167.69,168.34,26814.949
1722551100000,SOLUSDT,5m,168.34,168.48,167.7,167.93,24854.577
1722551400000,SOLUSDT,5m,167.93,168.18,167.49,167.96,12198.71
1722551700000,SOLUSDT,5m,167.97,168.39,167.78,167.88,12673.736
1722552000000,SOLUSDT,5m,167.87,168.02,167.48,167.72,8263.876
1722552300000,SOLUSDT,5m,167.72,167.93,167.3,167.34,16089.617
1722552600000,SOLUSDT,5m,167.35,167.72,167.35,167.49,6952.948
1722552900000,SOLUSDT,5m,167.49,167.53,167.09,167.47,9330.375
1722553200000,SOLUSDT,5m,167.47,167.88,167.4,167.85,6177.582
1722553500000,SOLUSDT,5m,167.84,167.86,167.22,167.34,7874.327
1722553800000,SOLUSDT,5m,167.34,167.48,167.11,167.41,11984.338
1722554100000,SOLUSDT,5m,167.41,167.51,167.02,167.06,9868.07
1722554400000,SOLUSDT,5m,167.06,167.35,167.06,167.28,5937.179
1722554700000,SOLUSDT,5m,167.29,167.35,167.05,167.27,11971.349
1722555000000,SOLUSDT,5m,167.26,167.35,167.05,167.19,9964.814
1722555300000,SOLUSDT,5m,167.19,167.85,167.17,167.85,7803.845
1722555600000,SOLUSDT,5m,167.84,168.21,167.81,168.08,9462.282
1722555900000,SOLUSDT,5m,168.07,168.29,167.81,168.01,9262.284
1722556200000,SOLUSDT,5m,168.02,168.07,167.7,167.95,5146.648
1722556500000,SOLUSDT,5m,167.96,167.98,167.36,167.37,9779.841
1722556800000,SOLUSDT,5m,167.37,168.0,167.31,167.95,9753.075
1722557100000,SOLUSDT,5m,167.95,168.26,167.91,168.08,8833.835
1722557400000,SOLUSDT,5m,168.09,168.57,168.05,168.29,10595.632
1722557700000,SOLUSDT,5m,168.29,169.43,168.21,169.22,28697.538
1722558000000,SOLUSDT,5m,169.21,169.29,168.02,168.16,19707.201
1722558300000,SOLUSDT,5m,168.16,168.17,167.58,167.61,16388.513
1722558600000,SOLUSDT,5m,167.62,167.96,167.45,167.75,11559.382
1722558900000,SOLUSDT,5m,167.74,168.42,167.74,167.96,7962.567
1722559200000,SOLUSDT,5m,167.96,168.48,167.89,167.97,8662.45
1722559500000,SOLUSDT,5m,167.98,168.35,167.37,167.39,14467.224
1722559800000,SOLUSDT,5m,167.39,167.77,167.39,167.74,6895.781
1722560100000,SOLUSDT,5m,167.74,167.75,167.0,167.02,13743.262
1722560400000,SOLUSDT,5m,167.03,167.03,166.36,166.56,18766.23
1722560700000,SOLUSDT,5m,166.56,166.89,166.56,166.61,8533.193
1722561000000,SOLUSDT,5m,166.61,166.79,165.85,166.22,19287.957
1722561300000,SOLUSDT,5m,166.22,166.4,165.98,166.28,9476.754
1722561600000,SOLUSDT,5m,166.28,166.54,165.62,165.73,9456.436
1722561900000,SOLUSDT,5m,165.74,165.83,165.13,165.29,17154.639
1722562200000,SOLUSDT,5m,165.29,165.31,164.38,164.4,32380.041
1722562500000,SOLUSDT,5m,164.41,165.16,164.4,165.12,9447.383
1722562800000,SOLUSDT,5m,165.13,165.7,164.94,165.65,11464.398
1722563100000,SOLUSDT,5m,165.65,165.75,165.06,165.31,6432.269
1722563400000,SOLUSDT,5m,165.32,165.36,164.91,165.0,4015.745
1722563700000,SOLUSDT,5m,164.99,165.11,164.46,164.49,6653.449
1722564000000,SOLUSDT,5m,164.49,165.0,164.46,165.0,8536.907
1722564300000,SOLUSDT,5m,165.0,165.29,164.7,165.2,5975.707
1722564600000,SOLUSDT,5m,165.2,165.2,164.42,164.44,5594.235
1722564900000,SOLUSDT,5m,164.44,164.67,163.65,163.79,14311.394
1722565200000,SOLUSDT,5m,163.8,164.12,162.91,163.02,19189.474
1722565500000,SOLUSDT,5m,163.02,163.33,162.26,162.58,17555.199
1722565800000,SOLUSDT,5m,162.59,162.7,161.52,161.88,26099.355
1722566100000,SOLUSDT,5m,161.88,162.59,161.82,162.53,12227.795
1722566400000,SOLUSDT,5m,162.54,163.27,162.54,163.23,12864.797
1722566700000,SOLUSDT,5m,163.24,163.69,162.79,163.13,14639.572
1722567000000,SOLUSDT,5m,163.13,163.29,162.64,162.89,13615.682
1722567300000,SOLUSDT,5m,162.89,163.31,162.82,163.26,5503.642
1722567600000,SOLUSDT,5m,163.26,163.28,162.63,162.94,7409.347
1722567900000,SOLUSDT,5m,162.95,163.72,162.89,163.21,8193.68
1722568200000,SOLUSDT,5m,163.21,163.36,162.95,163.15,7465.311
1722568500000,SOLUSDT,5m,163.14,163.78,162.97,163.78,6045.361
1722568800000,SOLUSDT,5m,163.79,164.31,163.6,163.97,8766.07
1722569100000,SOLUSDT,5m,163.96,164.25,163.59,164.25,6485.0
1722569400000,SOLUSDT,5m,164.25,164.74,164.15,164.23,9443.6
1722569700000,SOLUSDT,5m,164.23,164.57,163.97,164.06,11319.991
1722570000000,SOLUSDT,5m,164.07,164.14,163.6,163.88,12028.539
1722570300000,SOLUSDT,5m,163.89,164.61,163.85,164.37,7084.837
1722570600000,SOLUSDT,5m,164.38,164.7,164.18,164.58,4644.628
1722570900000,SOLUSDT,5m,164.58,164.88,164.3,164.32,14561.887
1722571200000,SOLUSDT,5m,164.31,164.77,164.03,164.72,5908.906
1722571500000,SOLUSDT,5m,164.71,164.71,163.88,164.07,5679.493
1722571800000,SOLUSDT,5m,164.09,164.42,163.87,164.4,6589.37
1722572100000,SOLUSDT,5m,164.4,164.42,163.79,164.27,12838.068
1722572400000,SOLUSDT,5m,164.26,164.73,164.09,164.73,5862.136
1722572700000,SOLUSDT,5m,164.72,164.73,164.18,164.24,3736.585
1722573000000,SOLUSDT,5m,164.25,164.45,163.91,164.06,4957.015
1722573300000,SOLUSDT,5m,164.06,164.57,163.93,164.57,3407.65
1722573600000,SOLUSDT,5m,164.56,164.65,164.25,164.64,3862.751
1722573900000,SOLUSDT,5m,164.64,164.7,164.39,164.52,4683.934
1722574200000,SOLUSDT,5m,164.51,164.62,164.15,164.59,4414.212
1722574500000,SOLUSDT,5m,164.59,165.22,164.59,165.22,7200.072
1722574800000,SOLUSDT,5m,165.23,165.32,164.43,164.51,7160.164
1722575100000,SOLUSDT,5m,164.5,164.68,164.39,164.57,5312.679
1722575400000,SOLUSDT,5m,164.57,164.57,163.92,163.96,4571.12
1722575700000,SOLUSDT,5m,163.96,164.02,163.46,163.53,9458.179
1722576000000,SOLUSDT,5m,163.52,164.1,163.41,164.09,11226.129
1722576300000,SOLUSDT,5m,164.09,164.43,163.86,164.19,4975.272
1722576600000,SOLUSDT,5m,164.18,164.21,163.56,163.75,4471.608
1722576900000,SOLUSDT,5m,163.75,164.14,163.7,163.7,3300.98
1722577200000,SOLUSDT,5m,163.71,163.71,162.85,162.96,21835.572
1722577500000,SOLUSDT,5m,162.97,163.16,162.34,163.11,19372.561
1722577800000,SOLUSDT,5m,163.12,163.3,162.39,162.46,9980.017
1722578100000,SOLUSDT,5m,162.45,162.61,162.21,162.4,15957.642
1722578400000,SOLUSDT,5m,162.4,162.88,162.02,162.18,11693.708
1722578700000,SOLUSDT,5m,162.18,162.4,161.67,161.77,13335.839
1722579000000,SOLUSDT,5m,161.78,161.97,161.51,161.89,10664.409
1722579300000,SOLUSDT,5m,161.89,162.13,160.8,161.35,24213.028
1722579600000,SOLUSDT,5m,161.35,161.41,160.51,160.56,33135.705
1722579900000,SOLUSDT,5m,160.57,160.58,159.37,159.54,45819.829
1722580200000,SOLUSDT,5m,159.54,160.14,159.06,160.0,37041.802
1722580500000,SOLUSDT,5m,160.0,161.46,160.0,161.36,23541.098
1722580800000,SOLUSDT,5m,161.35,161.36,160.85,161.28,8639.705
1722581100000,SOLUSDT,5m,161.27,162.23,161.02,162.05,13707.702
1722581400000,SOLUSDT,5m,162.05,162.7,161.76,162.7,23458.766
1722581700000,SOLUSDT,5m,162.69,162.69,161.88,162.02,12872.588
1722582000000,SOLUSDT,5m,162.02,162.27,161.61,161.77,17586.656
1722582300000,SOLUSDT,5m,161.76,161.76,161.0,161.3,17837.205
1722582600000,SOLUSDT,5m,161.3,161.34,160.5,160.73,18402.738
1722582900000,SOLUSDT,5m,160.72,161.53,160.15,161.18,13219.767
1722583200000,SOLUSDT,5m,161.17,161.75,161.05,161.67,9577.563
1722583500000,SOLUSDT,5m,161.67,161.9,161.4,161.9,6763.241
1722583800000,SOLUSDT,5m,161.91,161.91,161.44,161.68,7231.887
1722584100000,SOLUSDT,5m,161.69,162.07,161.64,161.89,10388.623
1722584400000,SOLUSDT,5m,161.9,162.44,161.81,161.99,13235.794
1722584700000,SOLUSDT,5m,162.0,162.18,161.44,161.85,15066.501
1722585000000,SOLUSDT,5m,161.85,161.93,161.56,161.63,5559.023
1722585300000,SOLUSDT,5m,161.63,161.95,161.39,161.44,8004.029
1722585600000,SOLUSDT,5m,161.43,161.74,161.26,161.45,6571.667
1722585900000,SOLUSDT,5m,161.45,162.08,161.03,161.64,5656.689
1722586200000,SOLUSDT,5m,161.63,161.65,160.91,160.93,6773.527
1722586500000,SOLUSDT,5m,160.93,160.98,160.5,160.55,11614.364
1722586800000,SOLUSDT,5m,160.56,161.4,160.41,161.22,9170.35
1722587100000,SOLUSDT,5m,161.22,162.3,161.13,162.3,12099.011
1722587400000,SOLUSDT,5m,162.29,162.85,162.13,162.73,19067.299
1722587700000,SOLUSDT,5m,162.72,162.99,162.42,162.43,8552.034
1722588000000,SOLUSDT,5m,162.44,163.0,162.44,163.0,5776.456
1722588300000,SOLUSDT,5m,162.99,163.36,162.81,163.04,18639.095
1722588600000,SOLUSDT,5m,163.04,163.22,162.76,163.05,51968.175
1722588900000,SOLUSDT,5m,163.05,163.26,162.9,163.26,14606.362
1722589200000,SOLUSDT,5m,163.26,164.08,163.22,164.05,18041.716
1722589500000,SOLUSDT,5m,164.04,164.28,163.7,163.98,15086.049
1722589800000,SOLUSDT,5m,163.97,164.05,163.36,163.84,17913.405
1722590100000,SOLUSDT,5m,163.84,164.26,163.6,164.08,27144.243
1722590400000,SOLUSDT,5m,164.08,164.5,163.77,163.84,23391.496
1722590700000,SOLUSDT,5m,163.83,164.04,163.34,163.55,19089.373
1722591000000,SOLUSDT,5m,163.54,164.2,163.34,163.43,18527.761
1722591300000,SOLUSDT,5m,163.42,164.16,163.27,164.0,16408.652
1722591600000,SOLUSDT,5m,164.0,164.23,163.78,164.1,8988.901
1722591900000,SOLUSDT,5m,164.1,164.26,163.76,164.14,9183.5
1722592200000,SOLUSDT,5m,164.15,164.21,163.72,164.01,5211.587
1722592500000,SOLUSDT,5m,164.01,164.14,163.79,163.92,2895.438
1722592800000,SOLUSDT,5m,163.91,164.13,163.7,163.78,7946.752
1722593100000,SOLUSDT,5m,163.79,163.81,163.24,163.36,6332.623
1722593400000,SOLUSDT,5m,163.36,164.2,163.32,164.07,6732.017
1722593700000,SOLUSDT,5m,164.08,164.25,163.65,163.96,7132.332
1722594000000,SOLUSDT,5m,163.97,164.34,163.72,164.24,5574.179
1722594300000,SOLUSDT,5m,164.23,164.4,163.99,163.99,4165.26
1722594600000,SOLUSDT,5m,164.0,164.19,163.52,163.78,8959.883
1722594900000,SOLUSDT,5m,163.78,163.93,163.66,163.88,3513.597
1722595200000,SOLUSDT,5m,163.89,164.23,163.84,164.09,4376.627
1722595500000,SOLUSDT,5m,164.09,164.49,163.93,164.42,9257.346
1722595800000,SOLUSDT,5m,164.42,164.94,164.37,164.84,21723.983
1722596100000,SOLUSDT,5m,164.83,164.99,164.17,164.37,12124.198
1722596400000,SOLUSDT,5m,164.37,164.81,164.36,164.81,6212.093
1722596700000,SOLUSDT,5m,164.8,164.88,164.21,164.28,5985.594
1722597000000,SOLUSDT,5m,164.28,164.57,164.23,164.53,10103.116
1722597300000,SOLUSDT,5m,164.53,164.87,164.25,164.84,13698.995
1722597600000,SOLUSDT,5m,164.84,164.89,164.5,164.86,7127.651
1722597900000,SOLUSDT,5m,164.87,165.42,164.83,165.07,15177.286
1722598200000,SOLUSDT,5m,165.07,165.34,164.59,165.04,11417.412
1722598500000,SOLUSDT,5m,165.04,165.12,164.43,164.43,9671.468
1722598800000,SOLUSDT,5m,164.44,164.67,164.22,164.44,12736.936
1722599100000,SOLUSDT,5m,164.44,164.57,164.1,164.49,13579.914
1722599400000,SOLUSDT,5m,164.48,164.49,164.15,164.46,9527.455
1722599700000,SOLUSDT,5m,164.46,164.55,164.25,164.37,6539.694
1722600000000,SOLUSDT,5m,164.36,164.7,164.35,164.7,11525.064
1722600300000,SOLUSDT,5m,164.7,164.95,164.46,164.89,7788.931
1722600600000,SOLUSDT,5m,164.89,164.89,164.44,164.48,5628.794
1722600900000,SOLUSDT,5m,164.48,164.64,164.33,164.64,5239.942
1722601200000,SOLUSDT,5m,164.64,164.73,163.95,163.97,11811.41
1722601500000,SOLUSDT,5m,163.96,164.11,163.31,163.52,15325.233
1722601800000,SOLUSDT,5m,163.53,165.6,162.7,163.17,64666.745
1722602100000,SOLUSDT,5m,163.17,164.18,162.99,163.49,27336.193
1722602400000,SOLUSDT,5m,163.49,163.67,162.56,162.56,22957.883
1722602700000,SOLUSDT,5m,162.56,163.91,162.35,163.91,23629.849
1722603000000,SOLUSDT,5m,163.9,164.49,163.55,163.58,24508.565
1722603300000,SOLUSDT,5m,163.58,164.02,163.28,163.96,8800.987
1722603600000,SOLUSDT,5m,163.95,164.12,163.49,163.9,8191.119
1722603900000,SOLUSDT,5m,163.89,163.92,162.79,163.05,11568.247
1722604200000,SOLUSDT,5m,163.06,163.59,162.71,163.32,9560.942
1722604500000,SOLUSDT,5m,163.31,163.83,163.11,163.52,11525.693
1722604800000,SOLUSDT,5m,163.51,163.91,162.77,162.88,11237.228
1722605100000,SOLUSDT,5m,162.88,163.64,162.79,163.54,14503.389
1722605400000,SOLUSDT,5m,163.55,165.04,163.26,164.3,30672.777
1722605700000,SOLUSDT,5m,164.3,165.21,164.3,165.2,23659.627
1722606000000,SOLUSDT,5m,165.2,167.39,165.13,167.04,83513.531
1722606300000,SOLUSDT,5m,167.04,167.64,166.78,167.46,39695.125
1722606600000,SOLUSDT,5m,167.45,167.65,166.52,166.62,29647.463
1722606900000,SOLUSDT,5m,166.65,167.2,165.47,166.06,28547.944
1722607200000,SOLUSDT,5m,166.07,166.38,165.06,165.14,22989.883
1722607500000,SOLUSDT,5m,165.14,165.16,163.63,164.1,37473.956
1722607800000,SOLUSDT,5m,164.09,164.09,162.62,163.06,41920.084
1722608100000,SOLUSDT,5m,163.06,164.03,162.74,162.98,30169.982
1722608400000,SOLUSDT,5m,162.97,163.55,162.6,162.6,25340.622
1722608700000,SOLUSDT,5m,162.61,163.29,162.4,163.23,25180.328
1722609000000,SOLUSDT,5m,163.22,163.92,162.42,162.56,20645.338
1722609300000,SOLUSDT,5m,162.56,162.56,160.65,161.13,59444.61
1722609600000,SOLUSDT,5m,161.12,161.31,159.67,159.69,41497.704
1722609900000,SOLUSDT,5m,159.69,160.46,159.36,159.49,42487.073
1722610200000,SOLUSDT,5m,159.49,159.67,157.5,157.87,95980.281
1722610500000,SOLUSDT,5m,157.87,158.59,157.2,157.61,69723.738
1722610800000,SOLUSDT,5m,157.61,158.24,156.55,156.55,69317.271
1722611100000,SOLUSDT,5m,156.56,157.09,155.32,155.34,90681.371
1722611400000,SOLUSDT,5m,155.36,156.35,154.37,154.37,85116.431
1722611700000,SOLUSDT,5m,154.38,155.88,154.3,154.7,79982.541
1722612000000,SOLUSDT,5m,154.71,155.31,152.91,154.8,120194.38
1722612300000,SOLUSDT,5m,154.8,155.72,152.8,154.36,95729.916
1722612600000,SOLUSDT,5m,154.36,156.02,153.89,156.01,62661.789
1722612900000,SOLUSDT,5m,156.0,156.52,155.64,155.9,68312.056
1722613200000,SOLUSDT,5m,155.9,156.93,155.9,156.83,47345.065
1722613500000,SOLUSDT,5m,156.83,157.23,155.92,156.44,58390.015
1722613800000,SOLUSDT,5m,156.43,156.84,156.4,156.53,24281.647
1722614100000,SOLUSDT,5m,156.53,157.35,156.32,156.76,26020.643
1722614400000,SOLUSDT,5m,156.76,156.92,155.67,156.89,37501.713
1722614700000,SOLUSDT,5m,156.89,157.46,156.2,156.29,21698.401
1722615000000,SOLUSDT,5m,156.29,156.7,156.01,156.17,14880.498
1722615300000,SOLUSDT,5m,156.17,156.44,155.81,155.95,16627.633
1722615600000,SOLUSDT,5m,155.95,156.28,155.63,155.83,18314.992
1722615900000,SOLUSDT,5m,155.83,155.86,154.76,154.93,27909.668
1722616200000,SOLUSDT,5m,154.93,155.16,154.55,154.94,30058.61
1722616500000,SOLUSDT,5m,154.93,155.22,154.57,154.84,17905.325
1722616800000,SOLUSDT,5m,154.85,155.95,154.81,155.72,17586.956
1722617100000,SOLUSDT,5m,155.72,155.8,155.05,155.51,14533.056
1722617400000,SOLUSDT,5m,155.51,155.51,154.66,155.01,18558.514
1722617700000,SOLUSDT,5m,155.02,155.15,154.3,154.4,21625.366
1722618000000,SOLUSDT,5m,154.39,154.81,153.49,153.6,24820.841
1722618300000,SOLUSDT,5m,153.6,155.58,153.42,155.51,26152.385
1722618600000,SOLUSDT,5m,155.5,156.0,154.84,155.94,14267.114
1722618900000,SOLUSDT,5m,155.92,156.5,155.04,155.93,57455.457
1722619200000,SOLUSDT,5m,155.94,155.98,154.95,154.95,16290.407
1722619500000,SOLUSDT,5m,154.95,155.46,154.89,155.2,10661.283
1722619800000,SOLUSDT,5m,155.2,155.49,155.01,155.39,7268.562
1722620100000,SOLUSDT,5m,155.39,155.48,154.85,155.47,6875.411
1722620400000,SOLUSDT,5m,155.47,156.0,155.34,155.66,8879.912
1722620700000,SOLUSDT,5m,155.67,155.87,154.88,154.95,10161.143
1722621000000,SOLUSDT,5m,154.95,155.24,154.19,154.23,8876.519
1722621300000,SOLUSDT,5m,154.23,154.58,154.14,154.44,14908.321
1722621600000,SOLUSDT,5m,154.45,154.49,153.65,153.7,15703.58
1722621900000,SOLUSDT,5m,153.7,153.99,153.13,153.9,21580.114
1722622200000,SOLUSDT,5m,153.91,154.61,153.91,154.0,9584.722
1722622500000,SOLUSDT,5m,154.01,154.54,153.91,154.36,9647.711
1722622800000,SOLUSDT,5m,154.36,154.91,154.33,154.58,9948.039
1722623100000,SOLUSDT,5m,154.57,154.69,154.1,154.22,7336.741
1722623400000,SOLUSDT,5m,154.22,154.93,153.94,154.81,9433.795
1722623700000,SOLUSDT,5m,154.81,154.83,153.23,153.53,15595.036
1722624000000,SOLUSDT,5m,153.53,153.76,153.15,153.23,10597.513
1722624300000,SOLUSDT,5m,153.23,153.61,152.89,153.22,15847.196
1722624600000,SOLUSDT,5m,153.22,153.5,152.64,153.43,21921.669
1722624900000,SOLUSDT,5m,153.43,153.67,153.23,153.35,8513.626
1722625200000,SOLUSDT,5m,153.34,153.6,152.55,152.56,13243.749
1722625500000,SOLUSDT,5m,152.56,153.0,152.17,152.53,20104.126
1722625800000,SOLUSDT,5m,152.53,152.83,151.75,152.49,31557.645
1722626100000,SOLUSDT,5m,152.5,153.67,152.29,153.29,14877.672
1722626400000,SOLUSDT,5m,153.29,153.34,152.79,153.06,6981.83
1722626700000,SOLUSDT,5m,153.06,153.13,152.68,152.93,10376.265
1722627000000,SOLUSDT,5m,152.92,153.21,152.16,152.23,13009.214
1722627300000,SOLUSDT,5m,152.23,152.43,151.68,151.9,12991.962
1722627600000,SOLUSDT,5m,151.9,152.0,151.05,151.77,34131.646
1722627900000,SOLUSDT,5m,151.77,151.77,150.24,150.42,53924.207
1722628200000,SOLUSDT,5m,150.42,151.05,150.01,150.61,49132.202
1722628500000,SOLUSDT,5m,150.61,151.69,150.57,151.3,20924.827
1722628800000,SOLUSDT,5m,151.29,153.15,151.28,152.93,43223.305
1722629100000,SOLUSDT,5m,152.93,153.95,152.79,153.36,32248.803
1722629400000,SOLUSDT,5m,153.37,153.53,152.67,152.74,15371.53
1722629700000,SOLUSDT,5m,152.75,153.3,152.25,153.28,18961.749
1722630000000,SOLUSDT,5m,153.27,153.39,151.66,151.83,16796.158
1722630300000,SOLUSDT,5m,151.83,151.83,150.0,151.35,51013.411
1722630600000,SOLUSDT,5m,151.34,152.55,151.17,151.65,28557.385
1722630900000,SOLUSDT,5m,151.64,152.5,151.6,151.89,18664.704
1722631200000,SOLUSDT,5m,151.88,152.76,151.8,152.66,17168.808
1722631500000,SOLUSDT,5m,152.66,153.05,152.42,152.71,24817.871
1722631800000,SOLUSDT,5m,152.71,153.12,152.63,152.76,16060.275
1722632100000,SOLUSDT,5m,152.76,153.5,152.62,153.28,15933.652
1722632400000,SOLUSDT,5m,153.27,153.27,152.57,152.89,16198.816
1722632700000,SOLUSDT,5m,152.89,153.11,151.81,151.99,22582.722
1722633000000,SOLUSDT,5m,151.99,152.11,150.52,150.57,31379.322
1722633300000,SOLUSDT,5m,150.57,151.81,150.53,151.57,33442.246
1722633600000,SOLUSDT,5m,151.58,152.54,151.41,152.03,28447.398
1722633900000,SOLUSDT,5m,152.02,152.28,151.26,151.37,36631.19
1722634200000,SOLUSDT,5m,151.37,152.74,150.5,152.74,44775.554
1722634500000,SOLUSDT,5m,152.73,153.57,152.5,153.56,24200.929
1722634800000,SOLUSDT,5m,153.56,154.54,153.48,154.5,33189.607
1722635100000,SOLUSDT,5m,154.51,154.84,154.04,154.3,16342.076
1722635400000,SOLUSDT,5m,154.3,155.01,154.29,154.92,19133.968
1722635700000,SOLUSDT,5m,154.92,155.06,154.45,154.61,16004.54
1722636000000,SOLUSDT,5m,154.61,155.01,154.24,154.94,17563.711
1722636300000,SOLUSDT,5m,154.94,155.0,154.29,154.85,13337.938
1722636600000,SOLUSDT,5m,154.86,154.86,153.87,153.96,17411.414
1722636900000,SOLUSDT,5m,153.96,154.0,153.25,153.65,18098.005
1722637200000,SOLUSDT,5m,153.64,153.8,152.54,153.5,17175.385
1722637500000,SOLUSDT,5m,153.49,154.3,153.25,154.22,25741.841
1722637800000,SOLUSDT,5m,154.22,154.26,152.87,153.01,30558.773
1722638100000,SOLUSDT,5m,153.01,153.48,153.01,153.42,9247.938
1722638400000,SOLUSDT,5m,153.43,153.75,152.92,152.99,13956.092
1722638700000,SOLUSDT,5m,153.0,153.21,152.59,152.7,23608.887
1722639000000,SOLUSDT,5m,152.7,153.16,152.67,152.9,17953.119
1722639300000,SOLUSDT,5m,152.91,153.1,152.31,152.8,16329.583
1722639600000,SOLUSDT,5m,152.8,153.24,150.95,151.13,59269.567
1722639900000,SOLUSDT,5m,151.13,152.88,151.1,152.67,31144.036
1722640200000,SOLUSDT,5m,152.66,153.84,152.6,153.63,19037.41
1722640500000,SOLUSDT,5m,153.62,153.78,152.5,152.67,17204.999
1722640800000,SOLUSDT,5m,152.68,153.4,152.68,153.24,11982.87
1722641100000,SOLUSDT,5m,153.23,153.74,153.23,153.72,7447.546
1722641400000,SOLUSDT,5m,153.72,153.73,153.07,153.09,23089.614
1722641700000,SOLUSDT,5m,153.09,153.34,152.86,152.91,9977.146
1722642000000,SOLUSDT,5m,152.92,152.96,152.34,152.64,8068.51
1722642300000,SOLUSDT,5m,152.63,152.82,152.41,152.66,9393.574
1722642600000,SOLUSDT,5m,152.67,152.9,152.4,152.64,6338.966
1722642900000,SOLUSDT,5m,152.65,152.96,152.5,152.77,5072.566
1722643200000,SOLUSDT,5m,152.78,153.71,152.54,153.7,24878.251
1722643500000,SOLUSDT,5m,153.7,153.72,152.88,153.44,13540.368
1722643800000,SOLUSDT,5m,153.43,153.99,153.37,153.82,10524.965
1722644100000,SOLUSDT,5m,153.82,154.0,153.18,153.35,25402.561
1722644400000,SOLUSDT,5m,153.36,154.05,153.28,153.96,13561.886
1722644700000,SOLUSDT,5m,153.96,153.96,153.32,153.33,6653.004
1722645000000,SOLUSDT,5m,153.32,153.4,152.69,152.7,12746.846
1722645300000,SOLUSDT,5m,152.71,152.79,151.77,152.11,29109.94
1722645600000,SOLUSDT,5m,152.11,152.34,151.93,152.04,10289.936
1722645900000,SOLUSDT,5m,152.04,152.49,151.39,151.86,40477.216
1722646200000,SOLUSDT,5m,151.87,151.98,150.97,151.06,55034.237
1722646500000,SOLUSDT,5m,151.06,151.24,149.98,151.11,72861.196
1722646800000,SOLUSDT,5m,151.12,151.41,149.25,149.55,40649.608
1722647100000,SOLUSDT,5m,149.54,150.35,149.0,149.23,60237.377
1722647400000,SOLUSDT,5m,149.23,150.06,148.62,150.06,68003.698
1722647700000,SOLUSDT,5m,150.06,150.47,149.35,149.8,37104.618
1722648000000,SOLUSDT,5m,149.79,150.86,149.52,150.82,33426.482
1722648300000,SOLUSDT,5m,150.82,152.29,150.8,152.28,44942.432
1722648600000,SOLUSDT,5m,152.28,152.58,151.74,152.15,28784.454
1722648900000,SOLUSDT,5m,152.16,152.47,150.8,151.08,22266.584
1722649200000,SOLUSDT,5m,151.07,151.33,150.41,151.16,17891.791
1722649500000,SOLUSDT,5m,151.15,151.5,150.87,151.34,13244.221
1722649800000,SOLUSDT,5m,151.33,152.04,151.26,152.01,14882.771
1722650100000,SOLUSDT,5m,152.01,152.3,151.76,152.03,17072.468
1722650400000,SOLUSDT,5m,152.03,152.55,151.75,152.48,17902.428
1722650700000,SOLUSDT,5m,152.49,152.54,151.94,152.19,14716.786
1722651000000,SOLUSDT,5m,152.19,152.57,152.12,152.18,8780.727
1722651300000,SOLUSDT,5m,152.18,152.76,151.83,152.72,15310.165
1722651600000,SOLUSDT,5m,152.72,152.78,151.64,151.74,10288.241
1722651900000,SOLUSDT,5m,151.73,151.86,151.0,151.31,15572.509
1722652200000,SOLUSDT,5m,151.31,151.56,150.86,150.96,9138.789
1722652500000,SOLUSDT,5m,150.96,151.39,150.96,151.18,7343.026
1722652800000,SOLUSDT,5m,151.18,151.55,151.02,151.41,4249.49
1722653100000,SOLUSDT,5m,151.41,151.63,151.08,151.16,5891.11
1722653400000,SOLUSDT,5m,151.15,151.19,150.78,150.92,10347.736
1722653700000,SOLUSDT,5m,150.92,151.39,150.55,150.61,9617.475
1722654000000,SOLUSDT,5m,150.61,150.99,150.16,150.27,12567.751
1722654300000,SOLUSDT,5m,150.27,151.06,150.25,150.87,11800.444
1722654600000,SOLUSDT,5m,150.88,151.3,150.75,151.23,11369.755
1722654900000,SOLUSDT,5m,151.22,151.84,151.1,151.68,10412.662
1722655200000,SOLUSDT,5m,151.67,152.16,150.99,151.97,21797.878
1722655500000,SOLUSDT,5m,151.97,152.23,151.9,152.03,15425.619
1722655800000,SOLUSDT,5m,152.03,152.71,151.93,152.62,12654.933
1722656100000,SOLUSDT,5m,152.62,152.76,152.37,152.71,13039.175
1722656400000,SOLUSDT,5m,152.7,152.93,152.5,152.91,9684.75
1722656700000,SOLUSDT,5m,152.91,153.24,152.71,153.19,18746.191
1722657000000,SOLUSDT,5m,153.18,153.32,152.96,153.22,14442.795
1722657300000,SOLUSDT,5m,153.23,153.63,153.19,153.56,13456.375
1722657600000,SOLUSDT,5m,153.56,153.56,153.07,153.28,13327.795
1722657900000,SOLUSDT,5m,153.29,153.34,152.8,152.82,8801.314
1722658200000,SOLUSDT,5m,152.81,152.99,152.65,152.87,7908.544
1722658500000,SOLUSDT,5m,152.88,153.0,152.53,152.53,9794.128
1722658800000,SOLUSDT,5m,152.54,152.83,152.5,152.54,5465.138
1722659100000,SOLUSDT,5m,152.54,152.59,152.45,152.54,8866.463
1722659400000,SOLUSDT,5m,152.54,152.78,152.26,152.68,16728.285
1722659700000,SOLUSDT,5m,152.68,152.8,152.44,152.63,12923.842
1722660000000,SOLUSDT,5m,152.63,152.9,152.53,152.67,15284.027
1722660300000,SOLUSDT,5m,152.67,152.67,152.11,152.11,7340.653
1722660600000,SOLUSDT,5m,152.12,152.15,151.22,151.47,27154.115
1722660900000,SOLUSDT,5m,151.47,151.71,151.45,151.61,8459.074
1722661200000,SOLUSDT,5m,151.61,151.85,151.44,151.84,9065.647
1722661500000,SOLUSDT,5m,151.84,152.46,151.81,152.23,13287.042
1722661800000,SOLUSDT,5m,152.23,152.59,152.14,152.16,9564.421
1722662100000,SOLUSDT,5m,152.15,152.56,152.15,152.25,11254.231
1722662400000,SOLUSDT,5m,152.25,152.31,151.88,152.04,4230.677
1722662700000,SOLUSDT,5m,152.05,152.14,151.9,152.02,4910.39
1722663000000,SOLUSDT,5m,152.01,152.2,151.87,152.2,5379.839
1722663300000,SOLUSDT,5m,152.19,152.2,151.64,151.64,6143.025
1722663600000,SOLUSDT,5m,151.64,151.66,151.27,151.38,8156.492
1722663900000,SOLUSDT,5m,151.38,151.7,151.36,151.52,3751.606
1722664200000,SOLUSDT,5m,151.52,151.74,151.18,151.69,7548.426
1722664500000,SOLUSDT,5m,151.69,151.9,151.52,151.89,7949.62
1722664800000,SOLUSDT,5m,151.9,152.08,151.58,151.89,11362.089
1722665100000,SOLUSDT,5m,151.88,152.32,151.8,152.0,7947.52
1722665400000,SOLUSDT,5m,152.0,152.06,151.76,152.01,4796.013
1722665700000,SOLUSDT,5m,152.01,152.5,151.95,152.3,12753.159
1722666000000,SOLUSDT,5m,152.29,152.4,151.61,151.73,12164.268
1722666300000,SOLUSDT,5m,151.74,151.84,151.45,151.83,6529.007
1722666600000,SOLUSDT,5m,151.83,151.9,151.58,151.71,6308.357
1722666900000,SOLUSDT,5m,151.71,151.94,151.7,151.88,4141.562
