timestamp_ms,symbol,timeframe,open,high,low,close,volume
1705867200000,SYN_RAND_KIPP,5m,0.90877346,0.91659814,0.89738081,0.90999708,512700.726
1705867500000,SYN_RAND_KIPP,5m,0.90999708,0.91880036,0.89865044,0.91212907,541671.0661
1705867800000,SYN_RAND_KIPP,5m,0.91212907,0.92118909,0.90082913,0.91442887,570217.7167
1705868100000,SYN_RAND_KIPP,5m,0.91442887,0.92298451,0.9031854,0.91612229,597981.457
1705868400000,SYN_RAND_KIPP,5m,0.91612229,0.9235809,0.90495416,0.91660981,624613.0615
1705868700000,SYN_RAND_KIPP,5m,0.91660981,0.92369141,0.9045649,0.91563217,649777.763
1705869000000,SYN_RAND_KIPP,5m,0.91563217,0.92282293,0.90240324,0.91334199,673159.5324
1705869300000,SYN_RAND_KIPP,5m,0.91334199,0.92064061,0.89947103,0.91025659,694465.1175
1705869600000,SYN_RAND_KIPP,5m,0.91025659,0.91766472,0.89649117,0.90710612,713427.7921
1705869900000,SYN_RAND_KIPP,5m,0.90710612,0.91463037,0.89418837,0.90462482,729810.7646
1705870200000,SYN_RAND_KIPP,5m,0.90462482,0.91227718,0.89308846,0.90334767,743410.2054
1705870500000,SYN_RAND_KIPP,5m,0.90334767,0.91126345,0.89325798,0.90346686,754057.8515
1705870800000,SYN_RAND_KIPP,5m,0.90346686,0.91273999,0.89353667,0.90478154,761623.1577
1705871100000,SYN_RAND_KIPP,5m,0.90478154,0.91488607,0.89500294,0.90674999,766014.9648
1705871400000,SYN_RAND_KIPP,5m,0.90674999,0.91695582,0.89712067,0.90863148,767182.6652
1705871700000,SYN_RAND_KIPP,5m,0.90863148,0.91820052,0.89915639,0.90968471,765116.8493
1705872000000,SYN_RAND_KIPP,5m,0.90968471,0.91838722,0.90006345,0.90937271,759849.4257
1705872300000,SYN_RAND_KIPP,5m,0.90937271,0.91825052,0.89838818,0.90751595,751453.2133
1705872600000,SYN_RAND_KIPP,5m,0.90751595,0.91655419,0.8954149,0.90434548,740041.0105
1705872900000,SYN_RAND_KIPP,5m,0.90434548,0.9135298,0.89171526,0.90043698,725764.1532
1705873200000,SYN_RAND_KIPP,5m,0.90043698,0.90975734,0.88803813,0.89654643,708810.5798
1705873500000,SYN_RAND_KIPP,5m,0.89654643,0.90599945,0.88510036,0.89339896,689402.4295
1705873800000,SYN_RAND_KIPP,5m,0.89339896,0.90298823,0.88339314,0.89149317,667793.2022
1705874100000,SYN_RAND_KIPP,5m,0.89149317,0.9012273,0.88305476,0.89097219,644264.5184
1705874400000,SYN_RAND_KIPP,5m,0.89097219,0.90147946,0.88322004,0.89159036,619122.5188
1705874700000,SYN_RAND_KIPP,5m,0.89159036,0.90283184,0.88398821,0.8927805,592693.9515
1705875000000,SYN_RAND_KIPP,5m,0.8927805,0.90401957,0.88531761,0.8938054,565321.9948
1705875300000,SYN_RAND_KIPP,5m,0.8938054,0.90432637,0.88647659,0.89395784,537361.8709
1705875600000,SYN_RAND_KIPP,5m,0.89395784,0.90446314,0.88556264,0.89275771,531294.7621
1705875900000,SYN_RAND_KIPP,5m,0.89275771,0.9033754,0.88303061,0.89008952,560170.0073
1705876200000,SYN_RAND_KIPP,5m,0.89008952,0.90079266,0.87931593,0.88623657,588538.8724
1705876500000,SYN_RAND_KIPP,5m,0.88623657,0.89700055,0.87501557,0.88179907,616044.0135
1705876800000,SYN_RAND_KIPP,5m,0.88179907,0.89260582,0.8708694,0.87752227,642339.1115
1705877100000,SYN_RAND_KIPP,5m,0.87752227,0.88836239,0.86755345,0.87408828,667093.2988
1705877400000,SYN_RAND_KIPP,5m,0.87408828,0.88496062,0.8654975,0.8719321,689995.3883
1705877700000,SYN_RAND_KIPP,5m,0.8719321,0.88284093,0.86477362,0.87112905,710757.8515
1705878000000,SYN_RAND_KIPP,5m,0.87112905,0.88232845,0.86483125,0.87137789,729120.4931
1705878300000,SYN_RAND_KIPP,5m,0.87137789,0.88307506,0.86511837,0.8720813,744853.7775
1705878600000,SYN_RAND_KIPP,5m,0.8720813,0.88353512,0.86584489,0.87250432,757761.7622
1705878900000,SYN_RAND_KIPP,5m,0.87250432,0.88355657,0.86574998,0.87197331,767684.6023
1705879200000,SYN_RAND_KIPP,5m,0.87197331,0.88302277,0.86384777,0.87006339,774500.5941
1705879500000,SYN_RAND_KIPP,5m,0.87006339,0.88108041,0.86050941,0.86671964,778127.7302
1705879800000,SYN_RAND_KIPP,5m,0.86671964,0.87767406,0.85606638,0.86227301,778524.7479
1705880100000,SYN_RAND_KIPP,5m,0.86227301,0.87391855,0.85069233,0.85734437,775691.6564
1705880400000,SYN_RAND_KIPP,5m,0.85734437,0.86835062,0.84631058,0.85266744,769669.7365
1705880700000,SYN_RAND_KIPP,5m,0.85266744,0.86331454,0.84264999,0.84888572,760541.0133
1705881000000,SYN_RAND_KIPP,5m,0.84888572,0.85942006,0.84010793,0.84638152,748427.207
1705881300000,SYN_RAND_KIPP,5m,0.84638152,0.85680876,0.83884893,0.84518004,733488.1772
1705881600000,SYN_RAND_KIPP,5m,0.84518004,0.85550625,0.83853994,0.8449483,715919.8795
1705881900000,SYN_RAND_KIPP,5m,0.8449483,0.85531411,0.83844562,0.84508681,695951.8605
1705882200000,SYN_RAND_KIPP,5m,0.84508681,0.85521031,0.83828283,0.84489205,673844.3235
1705882500000,SYN_RAND_KIPP,5m,0.84489205,0.85489891,0.83702867,0.84375068,649884.8023
1705882800000,SYN_RAND_KIPP,5m,0.84375068,0.8536216,0.83447836,0.84131369,624384.4859
1705883100000,SYN_RAND_KIPP,5m,0.84131369,0.85102643,0.83065387,0.83759915,597674.2407
1705883400000,SYN_RAND_KIPP,5m,0.83759915,0.84743643,0.82571465,0.83298976,570100.3807
1705883700000,SYN_RAND_KIPP,5m,0.83298976,0.84321672,0.82029227,0.82812515,542020.241
1705884000000,SYN_RAND_KIPP,5m,0.82812515,0.83726423,0.8164655,0.82372331,548930.1519
1705884300000,SYN_RAND_KIPP,5m,0.82372331,0.83266368,0.81301653,0.82038588,577684.8626
1705884600000,SYN_RAND_KIPP,5m,0.82038588,0.82913658,0.81094906,0.81844199,605850.8573
1705884900000,SYN_RAND_KIPP,5m,0.81844199,0.82701572,0.81023687,0.8178683,633072.9059
1705885200000,SYN_RAND_KIPP,5m,0.8178683,0.82671015,0.81008371,0.81830095,659007.826
1705885500000,SYN_RAND_KIPP,5m,0.81830095,0.82738806,0.81035207,0.81913458,683328.869
1705885800000,SYN_RAND_KIPP,5m,0.81913458,0.82778593,0.81101651,0.81968514,705729.8968
1705886100000,SYN_RAND_KIPP,5m,0.81968514,0.82763021,0.81109247,0.81937717,725929.2952
1705886400000,SYN_RAND_KIPP,5m,0.81937717,0.827159,0.80946361,0.81790544,743673.5729
1705886700000,SYN_RAND_KIPP,5m,0.81790544,0.825515,0.80673759,0.81532256,758740.6024
1705887000000,SYN_RAND_KIPP,5m,0.81532256,0.82275273,0.80331026,0.81202347,770942.4585
1705887300000,SYN_RAND_KIPP,5m,0.81202347,0.81927208,0.79980146,0.80863092,780127.821
1705887600000,SYN_RAND_KIPP,5m,0.80863092,0.81570234,0.79687838,0.80581786,786183.9083
1705887900000,SYN_RAND_KIPP,5m,0.80581786,0.81272297,0.79507056,0.80412065,789037.9192
1705888200000,SYN_RAND_KIPP,5m,0.80412065,0.8108752,0.79462725,0.80379429,788657.9636
1705888500000,SYN_RAND_KIPP,5m,0.80379429,0.81136628,0.79450109,0.80474434,785053.4696
1705888800000,SYN_RAND_KIPP,5m,0.80474434,0.81305547,0.79531687,0.80654901,778275.0631
1705889100000,SYN_RAND_KIPP,5m,0.80654901,0.81497008,0.7969842,0.80856522,768413.9207
1705889400000,SYN_RAND_KIPP,5m,0.80856522,0.81640702,0.79886799,0.81009466,755600.6039
1705889700000,SYN_RAND_KIPP,5m,0.81009466,0.81679352,0.80027891,0.81056939,740003.3902
1705890000000,SYN_RAND_KIPP,5m,0.81056939,0.816706,0.79979383,0.8097065,721826.1224
1705890300000,SYN_RAND_KIPP,5m,0.8097065,0.815755,0.79760067,0.80758436,701305.6021
1705890600000,SYN_RAND_KIPP,5m,0.80758436,0.81354554,0.7945858,0.80461479,678708.5634
1705890900000,SYN_RAND_KIPP,5m,0.80461479,0.81049305,0.7913656,0.80141872,654328.2632
1705891200000,SYN_RAND_KIPP,5m,0.80141872,0.80722335,0.78858142,0.79864487,628480.7321
1705891500000,SYN_RAND_KIPP,5m,0.79864487,0.80439,0.78671823,0.79678627,601500.7351
1705891800000,SYN_RAND_KIPP,5m,0.79678627,0.80248958,0.78597167,0.79604472,573737.4925
1705892100000,SYN_RAND_KIPP,5m,0.79604472,0.80195641,0.78596361,0.79627584,545550.2155
1705892400000,SYN_RAND_KIPP,5m,0.79627584,0.80270107,0.78618546,0.79702519,565426.826
1705892700000,SYN_RAND_KIPP,5m,0.79702519,0.80333242,0.7869301,0.79764642,594036.2073
1705893000000,SYN_RAND_KIPP,5m,0.79764642,0.80335276,0.78738658,0.79747364,621974.9492
1705893300000,SYN_RAND_KIPP,5m,0.79747364,0.80320568,0.78594693,0.79600486,648890.1715
1705893600000,SYN_RAND_KIPP,5m,0.79600486,0.80176411,0.78304313,0.79304477,674442.056
1705893900000,SYN_RAND_KIPP,5m,0.79304477,0.79890327,0.77872205,0.78876228,698308.1903
1705894200000,SYN_RAND_KIPP,5m,0.78876228,0.79583655,0.77171192,0.783643,720187.6886
1705894500000,SYN_RAND_KIPP,5m,0.783643,0.79104157,0.7661045,0.77835131,739805.0377
1705894800000,SYN_RAND_KIPP,5m,0.77835131,0.78515864,0.76251515,0.77354633,756913.619
1705895100000,SYN_RAND_KIPP,5m,0.77354633,0.77947689,0.76032114,0.7697068,771298.8604
1705895400000,SYN_RAND_KIPP,5m,0.7697068,0.77570191,0.75776679,0.76701187,782780.979
1705895700000,SYN_RAND_KIPP,5m,0.76701187,0.77308782,0.75619363,0.76530452,791217.2795
1705896000000,SYN_RAND_KIPP,5m,0.76530452,0.77147617,0.75516162,0.764143,796503.9777
1705896300000,SYN_RAND_KIPP,5m,0.764143,0.77042141,0.75407486,0.76292648,798577.527
1705896600000,SYN_RAND_KIPP,5m,0.76292648,0.76931732,0.75234963,0.76106474,797415.4309
1705896900000,SYN_RAND_KIPP,5m,0.76106474,0.76756794,0.74958243,0.75814831,793036.5305
1705897200000,SYN_RAND_KIPP,5m,0.75814831,0.76481469,0.74560007,0.75407094,785500.7631
1705897500000,SYN_RAND_KIPP,5m,0.75407094,0.76242374,0.73883765,0.74906593,774908.3965
1705897800000,SYN_RAND_KIPP,5m,0.74906593,0.75830358,0.73275268,0.74364399,761398.7471
1705898100000,SYN_RAND_KIPP,5m,0.74364399,0.75267441,0.72820839,0.73845226,745148.3988
1705898400000,SYN_RAND_KIPP,5m,0.73845226,0.74618171,0.72566759,0.73409913,726368.9459
1705898700000,SYN_RAND_KIPP,5m,0.73409913,0.74119439,0.72355592,0.73099583,705304.2885
1705899000000,SYN_RAND_KIPP,5m,0.73099583,0.73820475,0.72199057,0.72925536,682227.5147
1705899300000,SYN_RAND_KIPP,5m,0.72925536,0.73659059,0.72156634,0.72867037,657437.4093
1705899600000,SYN_RAND_KIPP,5m,0.72867037,0.73624405,0.7217148,0.72877195,631254.6353
1705899900000,SYN_RAND_KIPP,5m,0.72877195,0.7365697,0.72195689,0.72895507,604017.6346
1705900200000,SYN_RAND_KIPP,5m,0.72895507,0.73671111,0.72196387,0.72864114,576078.3016
1705900500000,SYN_RAND_KIPP,5m,0.72864114,0.73653057,0.72089885,0.72743651,551790.3071
1705900800000,SYN_RAND_KIPP,5m,0.72743651,0.735446,0.71884811,0.72524186,580622.5223
1705901100000,SYN_RAND_KIPP,5m,0.72524186,0.73335583,0.71603213,0.72227795,609062.5307
1705901400000,SYN_RAND_KIPP,5m,0.72227795,0.73048219,0.71292155,0.71901841,636750.4462
1705901700000,SYN_RAND_KIPP,5m,0.71901841,0.72730321,0.71009891,0.71605068,663335.9728
1705902000000,SYN_RAND_KIPP,5m,0.71605068,0.72441253,0.70809218,0.71390813,688482.8823
1705902300000,SYN_RAND_KIPP,5m,0.71390813,0.72234948,0.7072278,0.71292184,711873.3124
1705902600000,SYN_RAND_KIPP,5m,0.71292184,0.72165674,0.70733313,0.7131296,733211.8293
1705902900000,SYN_RAND_KIPP,5m,0.7131296,0.72288196,0.70762935,0.71426224,752229.2041
1705903200000,SYN_RAND_KIPP,5m,0.71426224,0.72452452,0.70883561,0.71580876,768685.8542
1705903500000,SYN_RAND_KIPP,5m,0.71580876,0.72595424,0.71044461,0.71714537,782374.9056
1705903800000,SYN_RAND_KIPP,5m,0.71714537,0.72658949,0.71183688,0.7176985,793124.8371
1705904100000,SYN_RAND_KIPP,5m,0.7176985,0.72665304,0.7118433,0.71709919,800801.6732
1705904400000,SYN_RAND_KIPP,5m,0.71709919,0.72609358,0.71007971,0.71528389,805310.6957
1705904700000,SYN_RAND_KIPP,5m,0.71528389,0.7242932,0.70735552,0.71250883,806597.6553
1705905000000,SYN_RAND_KIPP,5m,0.71250883,0.72151105,0.7041666,0.70927205,804649.464
1705905300000,SYN_RAND_KIPP,5m,0.70927205,0.71825134,0.70110337,0.70616767,799494.3634
1705905600000,SYN_RAND_KIPP,5m,0.70616767,0.71511572,0.69868376,0.70371782,791201.5625
1705905900000,SYN_RAND_KIPP,5m,0.70371782,0.71263305,0.69721218,0.70223057,779880.3541
1705906200000,SYN_RAND_KIPP,5m,0.70223057,0.71111537,0.69670019,0.70171955,765678.7168
1705906500000,SYN_RAND_KIPP,5m,0.70171955,0.71075977,0.69668254,0.70190274,748781.4238
1705906800000,SYN_RAND_KIPP,5m,0.70190274,0.71110692,0.69683347,0.70227852,729407.6811
1705907100000,SYN_RAND_KIPP,5m,0.70227852,0.71107122,0.69714879,0.7022612,707808.3251
1705907400000,SYN_RAND_KIPP,5m,0.7022612,0.71100398,0.69618089,0.70134288,684262.6165
1705907700000,SYN_RAND_KIPP,5m,0.70134288,0.71001558,0.69402443,0.69923832,659074.6705
1705908000000,SYN_RAND_KIPP,5m,0.69923832,0.70781784,0.69070411,0.69596951,632569.5695
1705908300000,SYN_RAND_KIPP,5m,0.69596951,0.70533595,0.68597949,0.69186204,605089.2075
1705908600000,SYN_RAND_KIPP,5m,0.69186204,0.70181622,0.68104122,0.68745355,576987.9199
1705908900000,SYN_RAND_KIPP,5m,0.68745355,0.69663338,0.67726512,0.68334357,565652.927
1705909200000,SYN_RAND_KIPP,5m,0.68334357,0.69138786,0.67454511,0.68003103,594375.2837
1705909500000,SYN_RAND_KIPP,5m,0.68003103,0.68793448,0.67222375,0.67778491,622622.7229
1705909800000,SYN_RAND_KIPP,5m,0.67778491,0.68555488,0.67092934,0.67657951,650037.1423
1705910100000,SYN_RAND_KIPP,5m,0.67657951,0.68422314,0.67035408,0.67610673,676271.0627
1705910400000,SYN_RAND_KIPP,5m,0.67610673,0.68362781,0.66999483,0.67586066,700992.0692
1705910700000,SYN_RAND_KIPP,5m,0.67586066,0.68325768,0.66928944,0.67527446,723887.0606
1705911000000,SYN_RAND_KIPP,5m,0.67527446,0.68254029,0.66777139,0.673876,744666.2512
1705911300000,SYN_RAND_KIPP,5m,0.673876,0.68099933,0.66520107,0.67142047,763066.8751
1705911600000,SYN_RAND_KIPP,5m,0.67142047,0.67838861,0.66163415,0.66796014,778856.5448
1705911900000,SYN_RAND_KIPP,5m,0.66796014,0.67584969,0.65637754,0.66382812,791836.2218
1705912200000,SYN_RAND_KIPP,5m,0.66382812,0.67185608,0.6516528,0.65954095,801842.7607
1705912500000,SYN_RAND_KIPP,5m,0.65954095,0.66668154,0.64835026,0.65565102,808750.9943
1705912800000,SYN_RAND_KIPP,5m,0.65565102,0.66194133,0.64590229,0.65259388,812475.334
1705913100000,SYN_RAND_KIPP,5m,0.65259388,0.65872781,0.64378508,0.65057251,812970.8632
1705913400000,SYN_RAND_KIPP,5m,0.65057251,0.65656243,0.64261471,0.64950612,810233.9117
1705913700000,SYN_RAND_KIPP,5m,0.64950612,0.65536369,0.64205056,0.64905321,804302.1025
1705914000000,SYN_RAND_KIPP,5m,0.64905321,0.65478713,0.64158469,0.64870203,795253.871
1705914300000,SYN_RAND_KIPP,5m,0.64870203,0.65431682,0.64067799,0.64790749,783207.4619
1705914600000,SYN_RAND_KIPP,5m,0.64790749,0.6534036,0.63890813,0.6462406,768319.4184
1705914900000,SYN_RAND_KIPP,5m,0.6462406,0.65161565,0.6360888,0.6435093,750782.5803
1705915200000,SYN_RAND_KIPP,5m,0.6435093,0.64916299,0.63174917,0.63981406,730823.6197
1705915500000,SYN_RAND_KIPP,5m,0.63981406,0.64626542,0.62602591,0.63551921,708700.1431
1705915800000,SYN_RAND_KIPP,5m,0.63551921,0.64196964,0.62137524,0.63114904,684697.3987
1705916100000,SYN_RAND_KIPP,5m,0.63114904,0.63682166,0.61840898,0.62724184,659124.6301
1705916400000,SYN_RAND_KIPP,5m,0.62724184,0.63202459,0.61656909,0.62420574,632311.1235
1705916700000,SYN_RAND_KIPP,5m,0.62420574,0.62889877,0.61454916,0.62221539,604601.9982
1705917000000,SYN_RAND_KIPP,5m,0.62221539,0.62683459,0.61347244,0.62117311,576353.7956
1705917300000,SYN_RAND_KIPP,5m,0.62117311,0.62573354,0.61300199,0.62074078,577975.7471
1705917600000,SYN_RAND_KIPP,5m,0.62074078,0.62525505,0.61265735,0.62043376,606565.635
1705917900000,SYN_RAND_KIPP,5m,0.62043376,0.62491103,0.6119471,0.61975441,634598.2393
1705918200000,SYN_RAND_KIPP,5m,0.61975441,0.62420045,0.61050682,0.61833192,661717.4798
1705918500000,SYN_RAND_KIPP,5m,0.61833192,0.62274997,0.60820442,0.61602934,687578.9243
1705918800000,SYN_RAND_KIPP,5m,0.61602934,0.62042178,0.60518004,0.61298499,711854.1922
1705919100000,SYN_RAND_KIPP,5m,0.61298499,0.61754469,0.60147016,0.60957395,734235.1509
1705919400000,SYN_RAND_KIPP,5m,0.60957395,0.61395611,0.59853566,0.6063017,754437.8553
1705919700000,SYN_RAND_KIPP,5m,0.6063017,0.61064846,0.59600524,0.60366326,772206.177
1705920000000,SYN_RAND_KIPP,5m,0.60366326,0.60801567,0.59440914,0.60200927,787315.078
1705920300000,SYN_RAND_KIPP,5m,0.60200927,0.60638241,0.59390757,0.60145422,799573.4874
1705920600000,SYN_RAND_KIPP,5m,0.60145422,0.60625689,0.59395515,0.60184716,808826.7436
1705920900000,SYN_RAND_KIPP,5m,0.60184716,0.60727086,0.59439163,0.60280982,814958.5715
1705921200000,SYN_RAND_KIPP,5m,0.60280982,0.60835689,0.59539842,0.60383265,817892.5682
1705921500000,SYN_RAND_KIPP,5m,0.60383265,0.60900242,0.59647213,0.60440706,817593.1802
1705921800000,SYN_RAND_KIPP,5m,0.60440706,0.60907728,0.59686348,0.60416052,814066.1572
1705922100000,SYN_RAND_KIPP,5m,0.60416052,0.6089059,0.59573977,0.60295676,807358.4792
1705922400000,SYN_RAND_KIPP,5m,0.60295676,0.60777582,0.59381007,0.60092955,797557.7555
1705922700000,SYN_RAND_KIPP,5m,0.60092955,0.60582104,0.59143115,0.59843807,784791.1048
1705923000000,SYN_RAND_KIPP,5m,0.59843807,0.60340284,0.58907346,0.59595777,769223.5306
1705923300000,SYN_RAND_KIPP,5m,0.59595777,0.60099995,0.58718311,0.59394089,751055.8116
1705923600000,SYN_RAND_KIPP,5m,0.59394089,0.59906798,0.58605496,0.59268789,730521.9357
1705923900000,SYN_RAND_KIPP,5m,0.59268789,0.59790971,0.58575015,0.59226355,707886.1085
1705924200000,SYN_RAND_KIPP,5m,0.59226355,0.59780381,0.58586353,0.59247702,683439.3765
1705924500000,SYN_RAND_KIPP,5m,0.59247702,0.59836922,0.58618615,0.59292904,657495.9065
1705924800000,SYN_RAND_KIPP,5m,0.59292904,0.5986733,0.58674707,0.59311528,630388.97
1705925100000,SYN_RAND_KIPP,5m,0.59311528,0.59879035,0.58649249,0.5925611,602466.6829
1705925400000,SYN_RAND_KIPP,5m,0.5925611,0.59834705,0.58500623,0.59095299,574087.5558
1705925700000,SYN_RAND_KIPP,5m,0.59095299,0.59683951,0.5824138,0.58822815,588662.6511
1705926000000,SYN_RAND_KIPP,5m,0.58822815,0.59515049,0.57802211,0.58459348,617098.4046
1705926300000,SYN_RAND_KIPP,5m,0.58459348,0.59260387,0.57315688,0.5804668,644894.9098
1705926600000,SYN_RAND_KIPP,5m,0.5804668,0.58858884,0.56923142,0.57635912,671698.3447
1705926900000,SYN_RAND_KIPP,5m,0.57635912,0.58365347,0.56657578,0.57273521,697167.5531
1705927200000,SYN_RAND_KIPP,5m,0.57273521,0.57898979,0.56480734,0.56989292,720978.406
1705927500000,SYN_RAND_KIPP,5m,0.56989292,0.57621919,0.56293455,0.56789216,742827.9447
1705927800000,SYN_RAND_KIPP,5m,0.56789216,0.57429515,0.56170686,0.56654814,762438.253
1705928100000,SYN_RAND_KIPP,5m,0.56654814,0.57303075,0.56075314,0.56548818,779560.0098
1705928400000,SYN_RAND_KIPP,5m,0.56548818,0.57204887,0.55962173,0.56425771,793975.676
1705928700000,SYN_RAND_KIPP,5m,0.56425771,0.57088929,0.55790879,0.56244951,805502.2752
1705929000000,SYN_RAND_KIPP,5m,0.56244951,0.56913948,0.55537576,0.55982229,813993.7324
1705929300000,SYN_RAND_KIPP,5m,0.55982229,0.56759852,0.55134671,0.55637363,819342.7415
1705929600000,SYN_RAND_KIPP,5m,0.55637363,0.56555078,0.54656196,0.55234417,821482.1365
1705929900000,SYN_RAND_KIPP,5m,0.55234417,0.56198023,0.54222003,0.54815103,820385.7502
1705930200000,SYN_RAND_KIPP,5m,0.54815103,0.55713651,0.53885605,0.54427188,816068.7489
1705930500000,SYN_RAND_KIPP,5m,0.54427188,0.55163325,0.53675964,0.54111568,808587.4381
1705930800000,SYN_RAND_KIPP,5m,0.54111568,0.54788594,0.53497247,0.5389163,798038.543
1705931100000,SYN_RAND_KIPP,5m,0.5389163,0.54569102,0.53377939,0.53767521,784557.9719
1705931400000,SYN_RAND_KIPP,5m,0.53767521,0.54445899,0.53330223,0.53716442,768319.0793
1705931700000,SYN_RAND_KIPP,5m,0.53716442,0.54395903,0.53314601,0.53698724,749530.4497
1705932000000,SYN_RAND_KIPP,5m,0.53698724,0.54378946,0.53285269,0.53668282,728433.2312
1705932300000,SYN_RAND_KIPP,5m,0.53668282,0.54348354,0.53202366,0.53584927,705298.0535
1705932600000,SYN_RAND_KIPP,5m,0.53584927,0.54263428,0.53042847,0.53425327,680421.5682
1705932900000,SYN_RAND_KIPP,5m,0.53425327,0.54100552,0.52806786,0.53189382,654122.657
1705933200000,SYN_RAND_KIPP,5m,0.53189382,0.53873261,0.52509269,0.52899941,626738.3554
1705933500000,SYN_RAND_KIPP,5m,0.52899941,0.53615419,0.52182614,0.52595897,598619.5449
1705933800000,SYN_RAND_KIPP,5m,0.52595897,0.53252619,0.51936184,0.52320861,570126.4674
1705934100000,SYN_RAND_KIPP,5m,0.52320861,0.52970104,0.51724169,0.52110879,597643.2081
1705934400000,SYN_RAND_KIPP,5m,0.52110879,0.5275283,0.51594808,0.51984653,625904.1633
1705934700000,SYN_RAND_KIPP,5m,0.51984653,0.5261974,0.51544416,0.51938626,653444.3626
1705935000000,SYN_RAND_KIPP,5m,0.51938626,0.52576546,0.51538854,0.51947933,679912.4767
1705935300000,SYN_RAND_KIPP,5m,0.51947933,0.5259513,0.51541601,0.51972893,704970.852
1705935600000,SYN_RAND_KIPP,5m,0.51972893,0.52588393,0.51555945,0.51969509,728299.8266
1705935900000,SYN_RAND_KIPP,5m,0.51969509,0.52577424,0.5148035,0.51901431,749601.8162
1705936200000,SYN_RAND_KIPP,5m,0.51901431,0.52500545,0.51321617,0.51750151,768605.118
1705936500000,SYN_RAND_KIPP,5m,0.51750151,0.52339109,0.51084627,0.51520321,785067.3841
1705936800000,SYN_RAND_KIPP,5m,0.51520321,0.52112832,0.50784496,0.51238446,798778.7184
1705937100000,SYN_RAND_KIPP,5m,0.51238446,0.51844972,0.50463456,0.50945287,809564.3605
1705937400000,SYN_RAND_KIPP,5m,0.50945287,0.51498144,0.50228545,0.50684404,817286.9191
1705937700000,SYN_RAND_KIPP,5m,0.50684404,0.51224948,0.50027316,0.50490323,821848.1283
1705938000000,SYN_RAND_KIPP,5m,0.50490323,0.51019157,0.4990867,0.50379545,823190.1034
1705938300000,SYN_RAND_KIPP,5m,0.50379545,0.50897453,0.49866941,0.50346548,821296.0813
1705938600000,SYN_RAND_KIPP,5m,0.50346548,0.5087322,0.498574,0.50365506,816190.6344
1705938900000,SYN_RAND_KIPP,5m,0.50365506,0.50895213,0.49866268,0.50397214,807939.3565
1705939200000,SYN_RAND_KIPP,5m,0.50397214,0.50888007,0.49887753,0.50399603,796648.0246
1705939500000,SYN_RAND_KIPP,5m,0.50399603,0.50878173,0.49819913,0.50339255,782461.2466
1705939800000,SYN_RAND_KIPP,5m,0.50339255,0.50807511,0.49672293,0.50200754,765560.6128
1705940100000,SYN_RAND_KIPP,5m,0.50200754,0.50658158,0.49454453,0.49991024,746162.3749
1705940400000,SYN_RAND_KIPP,5m,0.49991024,0.50437192,0.49193529,0.49737183,724514.6817
1705940700000,SYN_RAND_KIPP,5m,0.49737183,0.50172052,0.4892863,0.49478557,700894.4071
1705941000000,SYN_RAND_KIPP,5m,0.49478557,0.49902467,0.48699614,0.4925538,675603.6109
1705941300000,SYN_RAND_KIPP,5m,0.4925538,0.49669049,0.48535986,0.49097573,648965.6781
1705941600000,SYN_RAND_KIPP,5m,0.49097573,0.49501987,0.4844892,0.49016638,621321.1849
1705941900000,SYN_RAND_KIPP,5m,0.49016638,0.49412879,0.48428267,0.49002555,593023.5451
1705942200000,SYN_RAND_KIPP,5m,0.49002555,0.49415338,0.48421376,0.49026266,576364.254
1705942500000,SYN_RAND_KIPP,5m,0.49026266,0.49429792,0.48438231,0.49047107,604873.7198
1705942800000,SYN_RAND_KIPP,5m,0.49047107,0.49423895,0.48429124,0.49023469,632940.2566
1705943100000,SYN_RAND_KIPP,5m,0.49023469,0.49394566,0.48324465,0.48924032,660205.0415
1705943400000,SYN_RAND_KIPP,5m,0.48924032,0.49289453,0.48133139,0.48736414,686319.4715
1705943700000,SYN_RAND_KIPP,5m,0.48736414,0.49104349,0.47851438,0.48470544,710949.6193
1705944000000,SYN_RAND_KIPP,5m,0.48470544,0.48901916,0.47417767,0.48155605,733780.5023
1705944300000,SYN_RAND_KIPP,5m,0.48155605,0.48595749,0.47068329,0.47831484,754520.1083
1705944600000,SYN_RAND_KIPP,5m,0.47831484,0.48228025,0.468425,0.47537474,772903.1283
1705944900000,SYN_RAND_KIPP,5m,0.47537474,0.4787773,0.46700615,0.47301601,788694.348
1705945200000,SYN_RAND_KIPP,5m,0.47301601,0.47639139,0.46534408,0.47133442,801691.6539
1705945500000,SYN_RAND_KIPP,5m,0.47133442,0.4746941,0.46424759,0.47022032,811728.6177
1705945800000,SYN_RAND_KIPP,5m,0.47022032,0.47357495,0.46343624,0.46939198,818676.6227
1705946100000,SYN_RAND_KIPP,5m,0.46939198,0.47275011,0.46253834,0.46847417,822446.5084
1705946400000,SYN_RAND_KIPP,5m,0.46847417,0.47184162,0.4611949,0.46710324,822989.7101
1705946700000,SYN_RAND_KIPP,5m,0.46710324,0.47048305,0.45916268,0.46503152,820298.8797
1705947000000,SYN_RAND_KIPP,5m,0.46503152,0.46890378,0.45556581,0.46220118,814407.9796
1705947300000,SYN_RAND_KIPP,5m,0.46220118,0.46695092,0.45075497,0.45876438,805391.8483
1705947600000,SYN_RAND_KIPP,5m,0.45876438,0.46396861,0.44642954,0.45504256,793365.2445
1705947900000,SYN_RAND_KIPP,5m,0.45504256,0.4601497,0.4431637,0.4514381,778481.3794
1705948200000,SYN_RAND_KIPP,5m,0.4514381,0.45591218,0.44124704,0.44832613,760929.9589
1705948500000,SYN_RAND_KIPP,5m,0.44832613,0.45181858,0.44057371,0.44595812,740934.7584
1705948800000,SYN_RAND_KIPP,5m,0.44595812,0.44949136,0.43910503,0.44440176,718750.7625
1705949100000,SYN_RAND_KIPP,5m,0.44440176,0.44798613,0.43831498,0.44352976,694660.9058
1705949400000,SYN_RAND_KIPP,5m,0.44352976,0.44717454,0.43792101,0.44305812,668972.4559
1705949700000,SYN_RAND_KIPP,5m,0.44305812,0.44677015,0.43756366,0.44262418,642013.0863
1705950000000,SYN_RAND_KIPP,5m,0.44262418,0.44640702,0.43690494,0.44188606,614126.6878
1705950300000,SYN_RAND_KIPP,5m,0.44188606,0.44573993,0.43572253,0.440618,585668.9724
1705950600000,SYN_RAND_KIPP,5m,0.440618,0.44454054,0.43397271,0.4387744,581958.988
1705950900000,SYN_RAND_KIPP,5m,0.4387744,0.44276214,0.43180244,0.43650244,610337.845
1705951200000,SYN_RAND_KIPP,5m,0.43650244,0.44068436,0.42935639,0.43409862,638191.4138
1705951500000,SYN_RAND_KIPP,5m,0.43409862,0.43821024,0.42743958,0.43192312,665162.8004
1705951800000,SYN_RAND_KIPP,5m,0.43192312,0.43609851,0.42592155,0.43029823,690906.3594
1705952100000,SYN_RAND_KIPP,5m,0.43029823,0.43454249,0.42514459,0.42942023,715092.1117
1705952400000,SYN_RAND_KIPP,5m,0.42942023,0.43374031,0.42512405,0.4293065,737409.9627
1705952700000,SYN_RAND_KIPP,5m,0.4293065,0.4341925,0.42520927,0.42978946,757573.6661
1705953000000,SYN_RAND_KIPP,5m,0.42978946,0.43504892,0.42577105,0.43055749,775324.4828
1705953300000,SYN_RAND_KIPP,5m,0.43055749,0.43581537,0.42661429,0.43123354,790434.4882
1705953600000,SYN_RAND_KIPP,5m,0.43123354,0.43614302,0.42736505,0.43147309,802709.4858
1705953900000,SYN_RAND_KIPP,5m,0.43147309,0.43622454,0.42726437,0.43105608,811991.4893
1705954200000,SYN_RAND_KIPP,5m,0.43105608,0.43587938,0.42623431,0.42994592,818160.7423
1705954500000,SYN_RAND_KIPP,5m,0.42994592,0.43483025,0.42466789,0.4282965,821137.249
1705954800000,SYN_RAND_KIPP,5m,0.4282965,0.43323209,0.42285933,0.42640401,820881.7966
1705955100000,SYN_RAND_KIPP,5m,0.42640401,0.43138401,0.42115622,0.42461902,817396.457
1705955400000,SYN_RAND_KIPP,5m,0.42461902,0.42964031,0.41985969,0.42324586,810724.5599
1705955700000,SYN_RAND_KIPP,5m,0.42324586,0.42830873,0.4191408,0.4224582,800950.1392
1705956000000,SYN_RAND_KIPP,5m,0.4224582,0.42756497,0.41899416,0.42225205,788196.8586
1705956300000,SYN_RAND_KIPP,5m,0.42225205,0.42759929,0.41904439,0.42244637,772626.4314
1705956600000,SYN_RAND_KIPP,5m,0.42244637,0.42792905,0.41928099,0.42272999,754436.553
1705956900000,SYN_RAND_KIPP,5m,0.42272999,0.42798532,0.41960115,0.4227441,733858.374
1705957200000,SYN_RAND_KIPP,5m,0.4227441,0.42801884,0.41908446,0.42218005,711153.5455
1705957500000,SYN_RAND_KIPP,5m,0.42218005,0.42747557,0.41780261,0.42086626,686610.875
1705957800000,SYN_RAND_KIPP,5m,0.42086626,0.42616742,0.41578615,0.41881814,660542.6341
1705958100000,SYN_RAND_KIPP,5m,0.41881814,0.42493894,0.41276338,0.41623447,633280.5674
1705958400000,SYN_RAND_KIPP,5m,0.41623447,0.42286592,0.40970083,0.41344081,605171.6519
1705958700000,SYN_RAND_KIPP,5m,0.41344081,0.41971924,0.40726611,0.41079824,576573.6618
1705959000000,SYN_RAND_KIPP,5m,0.41079824,0.41600701,0.40567334,0.40860542,585816.3953
1705959300000,SYN_RAND_KIPP,5m,0.40860542,0.41377511,0.40410095,0.40702164,614046.7934
1705959600000,SYN_RAND_KIPP,5m,0.40702164,0.41215889,0.40310756,0.40602934,641669.926
1705959900000,SYN_RAND_KIPP,5m,0.40602934,0.41113612,0.40251069,0.40544329,668331.0651
1705960200000,SYN_RAND_KIPP,5m,0.40544329,0.41051931,0.40201132,0.40496308,693687.752
1705960500000,SYN_RAND_KIPP,5m,0.40496308,0.41000438,0.40127925,0.40425622,717414.1746
1705960800000,SYN_RAND_KIPP,5m,0.40425622,0.40925487,0.40004584,0.40305146,739205.3324
1705961100000,SYN_RAND_KIPP,5m,0.40305146,0.40799647,0.39818147,0.40121689,758780.9349
1705961400000,SYN_RAND_KIPP,5m,0.40121689,0.40672944,0.3953364,0.39879927,775888.9845
1705961700000,SYN_RAND_KIPP,5m,0.39879927,0.40509282,0.39195657,0.39601174,790308.9976
1705962000000,SYN_RAND_KIPP,5m,0.39601174,0.40235063,0.38897504,0.39317341,801854.8232
1705962300000,SYN_RAND_KIPP,5m,0.39317341,0.39880805,0.38677668,0.39062034,810377.0223
1705962600000,SYN_RAND_KIPP,5m,0.39062034,0.39515967,0.38541977,0.38861472,815764.7781
1705962900000,SYN_RAND_KIPP,5m,0.38861472,0.39306915,0.38403716,0.3872773,817947.3122
1705963200000,SYN_RAND_KIPP,5m,0.3872773,0.39165197,0.38326512,0.38655854,816894.7903
1705963500000,SYN_RAND_KIPP,5m,0.38655854,0.39085806,0.38289952,0.38625387,812618.7024
1705963800000,SYN_RAND_KIPP,5m,0.38625387,0.39048063,0.38263736,0.38605842,805171.717
1705964100000,SYN_RAND_KIPP,5m,0.38605842,0.3902117,0.38215797,0.38564866,794647.0072
1705964400000,SYN_RAND_KIPP,5m,0.38564866,0.38972458,0.38121064,0.38477056,781177.0603
1705964700000,SYN_RAND_KIPP,5m,0.38477056,0.38876313,0.3796846,0.38331049,764931.9838
1705965000000,SYN_RAND_KIPP,5m,0.38331049,0.38721319,0.37764005,0.3813269,746117.3315
1705965300000,SYN_RAND_KIPP,5m,0.3813269,0.38562258,0.37481013,0.37903248,724971.4758
1705965600000,SYN_RAND_KIPP,5m,0.37903248,0.3832546,0.37241367,0.37673202,701762.5608
1705965900000,SYN_RAND_KIPP,5m,0.37673202,0.38034573,0.37089021,0.3747358,676785.075
1705966200000,SYN_RAND_KIPP,5m,0.3747358,0.37825741,0.36937631,0.37327446,650356.0867
1705966500000,SYN_RAND_KIPP,5m,0.37327446,0.37671063,0.36848357,0.37243824,622811.1915
1705966800000,SYN_RAND_KIPP,5m,0.37243824,0.37579646,0.36813845,0.37215451,594500.2223
1705967100000,SYN_RAND_KIPP,5m,0.37215451,0.37549467,0.36807297,0.37220755,565782.778
1705967400000,SYN_RAND_KIPP,5m,0.37220755,0.37551651,0.36805888,0.37229547,587973.9708
1705967700000,SYN_RAND_KIPP,5m,0.37229547,0.37545304,0.36789691,0.37211079,616039.0836
1705968000000,SYN_RAND_KIPP,5m,0.37211079,0.37520526,0.36715148,0.3714248,643415.3889
1705968300000,SYN_RAND_KIPP,5m,0.3714248,0.37445511,0.36582798,0.37015189,669750.5603
1705968600000,SYN_RAND_KIPP,5m,0.37015189,0.3731168,0.36400985,0.36837395,694705.5531
1705968900000,SYN_RAND_KIPP,5m,0.36837395,0.37141033,0.36171457,0.36631649,717958.9385
1705969200000,SYN_RAND_KIPP,5m,0.36631649,0.36926727,0.35968803,0.36428376,739211.0122
1705969500000,SYN_RAND_KIPP,5m,0.36428376,0.36706108,0.35813793,0.36257343,758187.6255
1705969800000,SYN_RAND_KIPP,5m,0.36257343,0.36529909,0.35694281,0.36139611,774643.6894
1705970100000,SYN_RAND_KIPP,5m,0.36139611,0.36407875,0.35634786,0.36082086,788366.3078
1705970400000,SYN_RAND_KIPP,5m,0.36082086,0.36346963,0.35626347,0.36075895,799177.4988
1705970700000,SYN_RAND_KIPP,5m,0.36075895,0.36361168,0.3562393,0.3609883,806936.4694
1705971000000,SYN_RAND_KIPP,5m,0.3609883,0.36381749,0.3564456,0.36121263,811541.416
1705971300000,SYN_RAND_KIPP,5m,0.36121263,0.36380381,0.35658037,0.3611412,812930.8251
1705971600000,SYN_RAND_KIPP,5m,0.3611412,0.36372153,0.35599894,0.36056921,811084.2596
1705971900000,SYN_RAND_KIPP,5m,0.36056921,0.36314013,0.35486738,0.35943573,806022.6209
1705972200000,SYN_RAND_KIPP,5m,0.35943573,0.36199828,0.35328683,0.35784111,797807.8809
1705972500000,SYN_RAND_KIPP,5m,0.35784111,0.360397,0.35148822,0.35601758,786542.2902
1705972800000,SYN_RAND_KIPP,5m,0.35601758,0.35857008,0.34976562,0.35426226,772367.0713
1705973100000,SYN_RAND_KIPP,5m,0.35426226,0.35681664,0.34839362,0.35285363,755460.6133
1705973400000,SYN_RAND_KIPP,5m,0.35285363,0.35541704,0.34755264,0.35197573,736036.1919
1705973700000,SYN_RAND_KIPP,5m,0.35197573,0.35455657,0.34728152,0.3516698,714339.2431
1705974000000,SYN_RAND_KIPP,5m,0.3516698,0.35443086,0.34731367,0.35182392,690644.2258
1705974300000,SYN_RAND_KIPP,5m,0.35182392,0.35484289,0.34749865,0.35220205,665251.1142
1705974600000,SYN_RAND_KIPP,5m,0.35220205,0.35518625,0.34790917,0.35250553,638481.5629
1705974900000,SYN_RAND_KIPP,5m,0.35250553,0.3552297,0.34819713,0.35245256,610674.7955
1705975200000,SYN_RAND_KIPP,5m,0.35245256,0.35522132,0.3476455,0.3518553,582183.2689
1705975500000,SYN_RAND_KIPP,5m,0.3518553,0.35466791,0.34651797,0.3506721,560201.5056
1705975800000,SYN_RAND_KIPP,5m,0.3506721,0.353527,0.34492995,0.34901837,588495.8645
1705976100000,SYN_RAND_KIPP,5m,0.34901837,0.35195357,0.34306292,0.34713176,616379.8699
1705976400000,SYN_RAND_KIPP,5m,0.34713176,0.35006923,0.34136716,0.34530289,643494.0144
1705976700000,SYN_RAND_KIPP,5m,0.34530289,0.3482842,0.33993747,0.34379317,669488.6065
1705977000000,SYN_RAND_KIPP,5m,0.34379317,0.34682267,0.33898589,0.34276348,694028.2407
1705977300000,SYN_RAND_KIPP,5m,0.34276348,0.34584685,0.33852879,0.34223214,716796.0845
1705977600000,SYN_RAND_KIPP,5m,0.34223214,0.34537513,0.33843767,0.34207088,737497.9288
1705977900000,SYN_RAND_KIPP,5m,0.34207088,0.34527799,0.33847319,0.34203909,755865.9486
1705978200000,SYN_RAND_KIPP,5m,0.34203909,0.34531239,0.33834892,0.34184799,771662.1262
1705978500000,SYN_RAND_KIPP,5m,0.34184799,0.34518649,0.33780928,0.34123937,784681.2941
1705978800000,SYN_RAND_KIPP,5m,0.34123937,0.34463907,0.33670123,0.34005807,794753.7572
1705979100000,SYN_RAND_KIPP,5m,0.34005807,0.34351281,0.33501842,0.33829684,801747.4626
1705979400000,SYN_RAND_KIPP,5m,0.33829684,0.34256391,0.33220638,0.33609895,805569.6869
1705979700000,SYN_RAND_KIPP,5m,0.33609895,0.34080868,0.3295857,0.33371742,806168.222
1705980000000,SYN_RAND_KIPP,5m,0.33371742,0.33829464,0.32758,0.33144375,803532.0424
1705980300000,SYN_RAND_KIPP,5m,0.33144375,0.3353657,0.32634078,0.32952865,797691.446
1705980600000,SYN_RAND_KIPP,5m,0.32952865,0.3331872,0.32525089,0.328117,788717.6674
1705980900000,SYN_RAND_KIPP,5m,0.328117,0.33181702,0.32441666,0.32721335,776721.9666
1705981200000,SYN_RAND_KIPP,5m,0.32721335,0.3309579,0.32395036,0.32668464,761854.2078
1705981500000,SYN_RAND_KIPP,5m,0.32668464,0.33047522,0.32362066,0.32629843,744300.9431
1705981800000,SYN_RAND_KIPP,5m,0.32629843,0.33013376,0.32316204,0.32578743,724283.0284
1705982100000,SYN_RAND_KIPP,5m,0.32578743,0.32966285,0.32234928,0.32492445,702052.8003
1705982400000,SYN_RAND_KIPP,5m,0.32492445,0.32883232,0.32106233,0.32358796,677890.8507
1705982700000,SYN_RAND_KIPP,5m,0.32358796,0.32766377,0.31923104,0.32179852,652102.4399
1705983000000,SYN_RAND_KIPP,5m,0.32179852,0.32658815,0.31676702,0.31971446,625013.5954
1705983300000,SYN_RAND_KIPP,5m,0.31971446,0.32464102,0.31461887,0.31758774,596966.9438
1705983600000,SYN_RAND_KIPP,5m,0.31758774,0.32200437,0.31308109,0.31569421,568317.3318
1705983900000,SYN_RAND_KIPP,5m,0.31569421,0.31964426,0.31195877,0.31425947,559291.0538
1705984200000,SYN_RAND_KIPP,5m,0.31425947,0.31821017,0.31112929,0.31340093,587471.8033
1705984500000,SYN_RAND_KIPP,5m,0.31340093,0.31735517,0.31084855,0.31309964,615159.8501
1705984800000,SYN_RAND_KIPP,5m,0.31309964,0.31716784,0.31086075,0.31320736,641997.5228
1705985100000,SYN_RAND_KIPP,5m,0.31320736,0.31745383,0.3109734,0.31348628,667637.997
1705985400000,SYN_RAND_KIPP,5m,0.31348628,0.31764472,0.31125167,0.31367231,691749.7286
1705985700000,SYN_RAND_KIPP,5m,0.31367231,0.31764403,0.31130747,0.31354646,714020.6919
1705986000000,SYN_RAND_KIPP,5m,0.31354646,0.31750918,0.31074998,0.31299547,734162.3681
1705986300000,SYN_RAND_KIPP,5m,0.31299547,0.31693952,0.30978999,0.31204325,751913.4334
1705986600000,SYN_RAND_KIPP,5m,0.31204325,0.31595937,0.30858044,0.31084277,767043.0994
1705986900000,SYN_RAND_KIPP,5m,0.31084277,0.31472381,0.30735705,0.30963069,779354.063
1705987200000,SYN_RAND_KIPP,5m,0.30963069,0.31347263,0.30637012,0.30865887,788685.029
1705987500000,SYN_RAND_KIPP,5m,0.30865887,0.31246096,0.30581408,0.30812344,794912.7715
1705987800000,SYN_RAND_KIPP,5m,0.30812344,0.31188743,0.30577394,0.3081108,797953.7092
1705988100000,SYN_RAND_KIPP,5m,0.3081108,0.31230204,0.30573894,0.3085733,797764.974
1705988400000,SYN_RAND_KIPP,5m,0.3085733,0.31303542,0.30615931,0.30933966,794344.9588
1705988700000,SYN_RAND_KIPP,5m,0.30933966,0.3138202,0.30687777,0.31015717,787733.3384
1705989000000,SYN_RAND_KIPP,5m,0.31015717,0.31438403,0.30764372,0.31075636,778010.5622
1705989300000,SYN_RAND_KIPP,5m,0.31075636,0.31450901,0.30819011,0.31092229,765296.8262
1705989600000,SYN_RAND_KIPP,5m,0.31092229,0.31446038,0.30793455,0.31055272,749750.5362
1705989900000,SYN_RAND_KIPP,5m,0.31055272,0.3140338,0.30701758,0.30968545,731566.2837
1705990200000,SYN_RAND_KIPP,5m,0.30968545,0.31310211,0.30577011,0.30848522,710972.3583
1705990500000,SYN_RAND_KIPP,5m,0.30848522,0.31183239,0.30443333,0.30719416,688227.8295
1705990800000,SYN_RAND_KIPP,5m,0.30719416,0.31046984,0.30325458,0.30606135,663619.2357
1705991100000,SYN_RAND_KIPP,5m,0.30606135,0.3092665,0.30241799,0.30527285,637456.9211
1705991400000,SYN_RAND_KIPP,5m,0.30527285,0.30841057,0.30199459,0.30490128,610071.0693
1705991700000,SYN_RAND_KIPP,5m,0.30490128,0.30797549,0.30192392,0.30488675,581807.4826
1705992000000,SYN_RAND_KIPP,5m,0.30488675,0.30806707,0.30186409,0.30505297,553023.1619
1705992300000,SYN_RAND_KIPP,5m,0.30505297,0.30810989,0.30196869,0.30515412,556962.7508
1705992600000,SYN_RAND_KIPP,5m,0.30515412,0.3080512,0.30179671,0.30494169,585015.6084
1705992900000,SYN_RAND_KIPP,5m,0.30494169,0.30777774,0.30103228,0.30423408,612493.7684
1705993200000,SYN_RAND_KIPP,5m,0.30423408,0.3070056,0.29971706,0.30296937,639041.6324
1705993500000,SYN_RAND_KIPP,5m,0.30296937,0.3058885,0.29766653,0.30122466,664315.4734
1705993800000,SYN_RAND_KIPP,5m,0.30122466,0.30455123,0.29498703,0.29919512,687987.8285
1705994100000,SYN_RAND_KIPP,5m,0.29919512,0.30249656,0.29280988,0.29713959,709751.6858
1705994400000,SYN_RAND_KIPP,5m,0.29713959,0.3000204,0.29139775,0.29530985,729324.4081
1705994700000,SYN_RAND_KIPP,5m,0.29530985,0.29774189,0.29046962,0.29388472,746451.3462
1705995000000,SYN_RAND_KIPP,5m,0.29388472,0.29626004,0.28948271,0.29292631,760909.094
1705995300000,SYN_RAND_KIPP,5m,0.29292631,0.29525173,0.28889358,0.2923681,772508.3438
1705995600000,SYN_RAND_KIPP,5m,0.2923681,0.29464991,0.28852923,0.29203631,781096.3071
1705995900000,SYN_RAND_KIPP,5m,0.29203631,0.29427947,0.28815986,0.29169901,786558.6667
1705996200000,SYN_RAND_KIPP,5m,0.29169901,0.29390683,0.28756338,0.29113119,788821.0389
1705996500000,SYN_RAND_KIPP,5m,0.29113119,0.29330545,0.28658901,0.29017915,787849.9236
1705996800000,SYN_RAND_KIPP,5m,0.29017915,0.29232068,0.28520185,0.28880587,783653.1335
1705997100000,SYN_RAND_KIPP,5m,0.28880587,0.2911378,0.28311404,0.28710322,776279.6936
1705997400000,SYN_RAND_KIPP,5m,0.28710322,0.28959701,0.28094226,0.28526666,765819.2148
1705997700000,SYN_RAND_KIPP,5m,0.28526666,0.28759455,0.27946043,0.28354059,752400.7489
1705998000000,SYN_RAND_KIPP,5m,0.28354059,0.28557,0.27856661,0.2821513,736191.1386
1705998300000,SYN_RAND_KIPP,5m,0.2821513,0.28416466,0.27767392,0.28124715,717392.8852
1705998600000,SYN_RAND_KIPP,5m,0.28124715,0.28325189,0.2772971,0.28086106,696241.5604
1705998900000,SYN_RAND_KIPP,5m,0.28086106,0.28290704,0.27730374,0.2809033,673002.7948
1705999200000,SYN_RAND_KIPP,5m,0.2809033,0.28319521,0.27735113,0.2811855,647968.8828
1705999500000,SYN_RAND_KIPP,5m,0.2811855,0.2834911,0.27763932,0.2814698,621455.0466
1705999800000,SYN_RAND_KIPP,5m,0.2814698,0.28356887,0.27793346,0.28153211,593795.4067
1706000100000,SYN_RAND_KIPP,5m,0.28153211,0.28358652,0.277703,0.28122292,565338.7114
1706000400000,SYN_RAND_KIPP,5m,0.28122292,0.28329595,0.27701339,0.28050858,536443.8788
1706000700000,SYN_RAND_KIPP,5m,0.28050858,0.28260074,0.27601774,0.27947965,553351.8399
1706001000000,SYN_RAND_KIPP,5m,0.27947965,0.28159188,0.27490185,0.27832332,581263.3336
1706001300000,SYN_RAND_KIPP,5m,0.27832332,0.28045772,0.2738921,0.2772685,608518.5405
1706001600000,SYN_RAND_KIPP,5m,0.2772685,0.27942873,0.27319095,0.27652064,634764.1714
1706001900000,SYN_RAND_KIPP,5m,0.27652064,0.2787118,0.27292104,0.27620499,659659.8242
1706002200000,SYN_RAND_KIPP,5m,0.27620499,0.27856083,0.27296425,0.27633271,682882.335
1706002500000,SYN_RAND_KIPP,5m,0.27633271,0.27906843,0.27313252,0.27679724,704129.909
1706002800000,SYN_RAND_KIPP,5m,0.27679724,0.27972058,0.27363612,0.27740111,723125.9781
1706003100000,SYN_RAND_KIPP,5m,0.27740111,0.28027829,0.27427977,0.27790709,739622.7367
1706003400000,SYN_RAND_KIPP,5m,0.27790709,0.2805257,0.27482871,0.27810152,753404.3089
1706003700000,SYN_RAND_KIPP,5m,0.27810152,0.28057774,0.27482306,0.27785326,764289.5083
1706004000000,SYN_RAND_KIPP,5m,0.27785326,0.28037895,0.27417499,0.27715079,772134.1539
1706004300000,SYN_RAND_KIPP,5m,0.27715079,0.27972279,0.27318984,0.27610543,776832.9134
1706004600000,SYN_RAND_KIPP,5m,0.27610543,0.27872108,0.27206778,0.27491903,778320.6495
1706004900000,SYN_RAND_KIPP,5m,0.27491903,0.27757714,0.27104114,0.27382642,776573.2529
1706005200000,SYN_RAND_KIPP,5m,0.27382642,0.27652779,0.27031008,0.27303047,771607.9501
1706005500000,SYN_RAND_KIPP,5m,0.27303047,0.2757777,0.26998925,0.27264802,763483.084
1706005800000,SYN_RAND_KIPP,5m,0.27264802,0.27547714,0.27004638,0.27268034,752297.3674
1706006100000,SYN_RAND_KIPP,5m,0.27268034,0.27586414,0.27013132,0.27301408,738188.6222
1706006400000,SYN_RAND_KIPP,5m,0.27301408,0.27635767,0.27051418,0.27345189,721332.0169
1706006700000,SYN_RAND_KIPP,5m,0.27345189,0.27672725,0.27099927,0.27376552,701937.8285
1706007000000,SYN_RAND_KIPP,5m,0.27376552,0.27678071,0.27135316,0.27375852,680248.754
1706007300000,SYN_RAND_KIPP,5m,0.27375852,0.27682216,0.27096504,0.27332182,656536.8088
1706007600000,SYN_RAND_KIPP,5m,0.27332182,0.27642725,0.27015911,0.27246546,631099.8495
1706007900000,SYN_RAND_KIPP,5m,0.27246546,0.27560568,0.26906148,0.27131608,604257.7666
1706008200000,SYN_RAND_KIPP,5m,0.27131608,0.27448516,0.26787756,0.27008053,576348.3959
1706008500000,SYN_RAND_KIPP,5m,0.27008053,0.27327468,0.26683368,0.26898712,547723.2
1706008800000,SYN_RAND_KIPP,5m,0.26898712,0.27220506,0.2661145,0.26822251,520478.9977
1706009100000,SYN_RAND_KIPP,5m,0.26822251,0.27146513,0.26581359,0.26788177,548613.6559
1706009400000,SYN_RAND_KIPP,5m,0.26788177,0.27121312,0.26584705,0.26794378,576371.0516
1706009700000,SYN_RAND_KIPP,5m,0.26794378,0.27157469,0.26593632,0.26827686,603391.0281
1706010000000,SYN_RAND_KIPP,5m,0.26827686,0.2719993,0.26629141,0.26867287,629322.8399
1706010300000,SYN_RAND_KIPP,5m,0.26867287,0.27225443,0.26670565,0.26890192,653829.6357
1706010600000,SYN_RAND_KIPP,5m,0.26890192,0.27227497,0.26682325,0.26877445,676592.7645
1706010900000,SYN_RAND_KIPP,5m,0.26877445,0.27216,0.26625755,0.26819373,697315.849
1706011200000,SYN_RAND_KIPP,5m,0.26819373,0.27158239,0.26526138,0.26718296,715728.5737
1706011500000,SYN_RAND_KIPP,5m,0.26718296,0.27056555,0.2639702,0.26587784,731590.1408
1706011800000,SYN_RAND_KIPP,5m,0.26587784,0.26924687,0.26259137,0.26448671,744692.3479
1706012100000,SYN_RAND_KIPP,5m,0.26448671,0.26783738,0.26134482,0.26323099,754862.2497
1706012400000,SYN_RAND_KIPP,5m,0.26323099,0.26656135,0.26040241,0.26228403,761964.3687
1706012700000,SYN_RAND_KIPP,5m,0.26228403,0.26559437,0.25984242,0.26172529,765902.4269
1706013000000,SYN_RAND_KIPP,5m,0.26172529,0.26501699,0.25963034,0.26152081,766620.5768
1706013300000,SYN_RAND_KIPP,5m,0.26152081,0.26480751,0.2596167,0.26153351,764104.1154
1706013600000,SYN_RAND_KIPP,5m,0.26153351,0.26481627,0.25961074,0.26156067,758379.672
1706013900000,SYN_RAND_KIPP,5m,0.26156067,0.26479468,0.25944467,0.26138957,749514.868
1706014200000,SYN_RAND_KIPP,5m,0.26138957,0.26459629,0.25888858,0.26085737,737617.4528
1706014500000,SYN_RAND_KIPP,5m,0.26085737,0.26402934,0.25790577,0.25989877,722833.9266
1706014800000,SYN_RAND_KIPP,5m,0.25989877,0.26302801,0.25654979,0.25856655,705347.6676
1706015100000,SYN_RAND_KIPP,5m,0.25856655,0.26202442,0.25472729,0.25701808,685376.5885
1706015400000,SYN_RAND_KIPP,5m,0.25701808,0.26042972,0.25314422,0.25547209,663170.3508
1706015700000,SYN_RAND_KIPP,5m,0.25547209,0.25844054,0.25205927,0.25414917,639007.1739
1706016000000,SYN_RAND_KIPP,5m,0.25414917,0.25706195,0.25109471,0.25321409,613190.2785
1706016300000,SYN_RAND_KIPP,5m,0.25321409,0.256074,0.25058129,0.25273501,586044.0115
1706016600000,SYN_RAND_KIPP,5m,0.25273501,0.25554567,0.25047548,0.25266898,557909.6994
1706016900000,SYN_RAND_KIPP,5m,0.25266898,0.25564035,0.25043067,0.25287581,529141.2858
1706017200000,SYN_RAND_KIPP,5m,0.25287581,0.25587689,0.25058892,0.25315683,514870.2579
1706017500000,SYN_RAND_KIPP,5m,0.25315683,0.25598445,0.25081951,0.25330927,542921.1064
1706017800000,SYN_RAND_KIPP,5m,0.25330927,0.25593729,0.2507953,0.2531828,570512.3249
1706018100000,SYN_RAND_KIPP,5m,0.2531828,0.25576016,0.25028688,0.25272254,597285.4993
1706018400000,SYN_RAND_KIPP,5m,0.25272254,0.25524559,0.24950428,0.25198513,622892.66
1706018700000,SYN_RAND_KIPP,5m,0.25198513,0.25445124,0.24859922,0.25112242,647000.7302
1706019000000,SYN_RAND_KIPP,5m,0.25112242,0.25353081,0.24777384,0.25033767,669295.7833
1706019300000,SYN_RAND_KIPP,5m,0.25033767,0.25268981,0.2472235,0.24982804,689487.0556
1706019600000,SYN_RAND_KIPP,5m,0.24982804,0.2521274,0.24708275,0.24972998,707310.6638
1706019900000,SYN_RAND_KIPP,5m,0.24972998,0.25233338,0.24703669,0.25008202,722532.9775
1706020200000,SYN_RAND_KIPP,5m,0.25008202,0.25302169,0.24733888,0.2508132,734953.6057
1706020500000,SYN_RAND_KIPP,5m,0.2508132,0.25392958,0.24801722,0.25175946,744407.959
1706020800000,SYN_RAND_KIPP,5m,0.25175946,0.25483892,0.24890951,0.25270404,750769.353
1706021100000,SYN_RAND_KIPP,5m,0.25270404,0.25553407,0.24980162,0.25343295,753950.628
1706021400000,SYN_RAND_KIPP,5m,0.25343295,0.2558589,0.25048229,0.25379158,753905.2631
1706021700000,SYN_RAND_KIPP,5m,0.25379158,0.25582413,0.25073373,0.25372626,750627.9712
1706022000000,SYN_RAND_KIPP,5m,0.25372626,0.25572301,0.25027064,0.25329766,744154.7664
1706022300000,SYN_RAND_KIPP,5m,0.25329766,0.25525843,0.2496067,0.25266123,734562.504
1706022600000,SYN_RAND_KIPP,5m,0.25266123,0.25458728,0.24894382,0.25202046,721967.8982
1706022900000,SYN_RAND_KIPP,5m,0.25202046,0.25391481,0.24847222,0.25156788,706526.0301
1706023200000,SYN_RAND_KIPP,5m,0.25156788,0.25343507,0.24831706,0.25143091,688428.3658
1706023500000,SYN_RAND_KIPP,5m,0.25143091,0.25348261,0.24829816,0.25163703,667900.309
1706023800000,SYN_RAND_KIPP,5m,0.25163703,0.25393574,0.24848434,0.25210602,645198.3197
1706024100000,SYN_RAND_KIPP,5m,0.25210602,0.2544898,0.24893339,0.25267073,620606.6366
1706024400000,SYN_RAND_KIPP,5m,0.25267073,0.25493384,0.24948031,0.25312137,594433.6436
1706024700000,SYN_RAND_KIPP,5m,0.25312137,0.25507139,0.24991806,0.25326291,567007.9279
1706025000000,SYN_RAND_KIPP,5m,0.25326291,0.2550687,0.24976149,0.2529703,538674.0803
1706025300000,SYN_RAND_KIPP,5m,0.2529703,0.25477384,0.24902036,0.25222564,509788.2907
1706025600000,SYN_RAND_KIPP,5m,0.25222564,0.25402722,0.2479324,0.25112489,508506.6728
1706025900000,SYN_RAND_KIPP,5m,0.25112489,0.25292543,0.24667998,0.24985171,536461.8758
1706026200000,SYN_RAND_KIPP,5m,0.24985171,0.25165335,0.24548121,0.24862663,563875.4009
1706026500000,SYN_RAND_KIPP,5m,0.24862663,0.25043298,0.24453098,0.24764744,590390.8141
1706026800000,SYN_RAND_KIPP,5m,0.24764744,0.24946346,0.24395059,0.24703799,615663.1525
1706027100000,SYN_RAND_KIPP,5m,0.24703799,0.24886948,0.24375844,0.2468183,639363.3347
1706027400000,SYN_RAND_KIPP,5m,0.2468183,0.24875502,0.24378417,0.24690215,661182.3664
1706027700000,SYN_RAND_KIPP,5m,0.24690215,0.24900149,0.24389298,0.247122,680835.2909
1706028000000,SYN_RAND_KIPP,5m,0.247122,0.24918514,0.24413902,0.24727511,698064.8316
1706028300000,SYN_RAND_KIPP,5m,0.24727511,0.24921791,0.24422665,0.24717989,712644.6804
1706028600000,SYN_RAND_KIPP,5m,0.24717989,0.24915608,0.24380968,0.24672766,724382.3909
1706028900000,SYN_RAND_KIPP,5m,0.24672766,0.24873665,0.24303825,0.24591446,733121.8385
1706029200000,SYN_RAND_KIPP,5m,0.24591446,0.24795532,0.24201466,0.24484291,738745.2158
1706029500000,SYN_RAND_KIPP,5m,0.24484291,0.24691517,0.24091728,0.24369291,741174.539
1706029800000,SYN_RAND_KIPP,5m,0.24369291,0.24579731,0.23994993,0.24267065,740372.6447
1706030100000,SYN_RAND_KIPP,5m,0.24267065,0.24480946,0.2392855,0.24195158,736343.665
1706030400000,SYN_RAND_KIPP,5m,0.24195158,0.24412848,0.23901967,0.24163341,729132.9749
1706030700000,SYN_RAND_KIPP,5m,0.24163341,0.2439303,0.23906858,0.24171079,718826.6123
1706031000000,SYN_RAND_KIPP,5m,0.24171079,0.24434342,0.2391915,0.24207684,705550.1785
1706031300000,SYN_RAND_KIPP,5m,0.24207684,0.24486784,0.2396008,0.24255076,689467.2327
1706031600000,SYN_RAND_KIPP,5m,0.24255076,0.24529438,0.24011744,0.2429252,670777.2016
1706031900000,SYN_RAND_KIPP,5m,0.2429252,0.24544267,0.24053592,0.24302203,649712.83
1706032200000,SYN_RAND_KIPP,5m,0.24302203,0.24549137,0.24039927,0.24274176,626537.2064
1706032500000,SYN_RAND_KIPP,5m,0.24274176,0.24525562,0.23979932,0.24209175,601540.3999
1706032800000,SYN_RAND_KIPP,5m,0.24209175,0.24464556,0.23894437,0.24118398,575035.7525
1706033100000,SYN_RAND_KIPP,5m,0.24118398,0.24377392,0.23801719,0.24020269,547355.8739
1706033400000,SYN_RAND_KIPP,5m,0.24020269,0.24282661,0.2372201,0.2393522,518848.3905
1706033700000,SYN_RAND_KIPP,5m,0.2393522,0.24200995,0.2367194,0.23880082,489871.5013
1706034000000,SYN_RAND_KIPP,5m,0.23880082,0.24149402,0.23660148,0.23863653,501587.2621
1706034300000,SYN_RAND_KIPP,5m,0.23863653,0.24157636,0.23664277,0.23884512,529435.3968
1706034600000,SYN_RAND_KIPP,5m,0.23884512,0.24208687,0.23688768,0.23931517,556660.1756
1706034900000,SYN_RAND_KIPP,5m,0.23931517,0.24268154,0.23738996,0.23986831,582907.3808
1706035200000,SYN_RAND_KIPP,5m,0.23986831,0.24316123,0.23797258,0.24030757,607835.2853
1706035500000,SYN_RAND_KIPP,5m,0.24030757,0.24336264,0.23843994,0.24047219,631119.0211
1706035800000,SYN_RAND_KIPP,5m,0.24047219,0.24339363,0.23844393,0.24028383,652454.7313
1706036100000,SYN_RAND_KIPP,5m,0.24028383,0.24322925,0.23795806,0.23977026,671563.455
1706036400000,SYN_RAND_KIPP,5m,0.23977026,0.24273275,0.23727348,0.23905844,688194.6929
1706036700000,SYN_RAND_KIPP,5m,0.23905844,0.24203247,0.23657964,0.23833897,702129.6095
1706037000000,SYN_RAND_KIPP,5m,0.23833897,0.24132127,0.23607621,0.23781302,713183.8302
1706037300000,SYN_RAND_KIPP,5m,0.23781302,0.24080279,0.23591874,0.23763767,721209.7987
1706037600000,SYN_RAND_KIPP,5m,0.23763767,0.24088289,0.23593085,0.23788449,726098.6629
1706037900000,SYN_RAND_KIPP,5m,0.23788449,0.24153023,0.23618349,0.23852111,727781.6664
1706038200000,SYN_RAND_KIPP,5m,0.23852111,0.24244091,0.23681988,0.23941942,726231.0277
1706038500000,SYN_RAND_KIPP,5m,0.23941942,0.24342202,0.23771277,0.24038817,721460.2954
1706038800000,SYN_RAND_KIPP,5m,0.24038817,0.24426647,0.23867225,0.24122271,713524.1749
1706039100000,SYN_RAND_KIPP,5m,0.24122271,0.24480841,0.2394951,0.24175981,702517.8296
1706039400000,SYN_RAND_KIPP,5m,0.24175981,0.24496871,0.24001928,0.24192239,688575.6645
1706039700000,SYN_RAND_KIPP,5m,0.24192239,0.24495838,0.2399864,0.24174047,671869.608
1706040000000,SYN_RAND_KIPP,5m,0.24174047,0.24475858,0.23957278,0.24134113,652606.9149
1706040300000,SYN_RAND_KIPP,5m,0.24134113,0.24433555,0.23912617,0.24091031,631027.5168
1706040600000,SYN_RAND_KIPP,5m,0.24091031,0.24387765,0.23883574,0.24063841,607400.9557
1706040900000,SYN_RAND_KIPP,5m,0.24063841,0.24360544,0.23881314,0.24066607,582022.9385
1706041200000,SYN_RAND_KIPP,5m,0.24066607,0.24395693,0.23881315,0.24104466,555211.5572
1706041500000,SYN_RAND_KIPP,5m,0.24104466,0.24460779,0.23915867,0.2417211,527303.2233
1706041800000,SYN_RAND_KIPP,5m,0.2417211,0.24541206,0.23979705,0.24255003,498648.3676
1706042100000,SYN_RAND_KIPP,5m,0.24255003,0.24616709,0.24058413,0.2433305,469606.9609
1706042400000,SYN_RAND_KIPP,5m,0.2433305,0.24666691,0.24132071,0.24385876,494319.6843
1706042700000,SYN_RAND_KIPP,5m,0.24385876,0.24675852,0.24180494,0.24398392,522049.6356
1706043000000,SYN_RAND_KIPP,5m,0.24398392,0.24671844,0.24155431,0.24365068,549074.9729
1706043300000,SYN_RAND_KIPP,5m,0.24365068,0.24633841,0.24077894,0.24291549,575043.9299
1706043600000,SYN_RAND_KIPP,5m,0.24291549,0.24555081,0.23975626,0.24193067,599618.2418
1706043900000,SYN_RAND_KIPP,5m,0.24193067,0.24451002,0.23869021,0.24090108,622477.4693
1706044200000,SYN_RAND_KIPP,5m,0.24090108,0.24342345,0.23777986,0.24002733,643323.0948
1706044500000,SYN_RAND_KIPP,5m,0.24002733,0.24249401,0.23716641,0.23945227,661882.3379
1706044800000,SYN_RAND_KIPP,5m,0.23945227,0.24186616,0.23689781,0.23922507,677911.6427
1706045100000,SYN_RAND_KIPP,5m,0.23922507,0.2416556,0.23685296,0.23929104,691199.7913
1706045400000,SYN_RAND_KIPP,5m,0.23929104,0.24182682,0.23687124,0.23950866,701570.6033
1706045700000,SYN_RAND_KIPP,5m,0.23950866,0.24196294,0.23703982,0.23968951,708885.1885
1706046000000,SYN_RAND_KIPP,5m,0.23968951,0.24191828,0.23713452,0.2396516,713043.7219
1706046300000,SYN_RAND_KIPP,5m,0.2396516,0.24183438,0.23671002,0.23927234,713986.7202
1706046600000,SYN_RAND_KIPP,5m,0.23927234,0.24140705,0.23592297,0.23852585,711695.8021
1706046900000,SYN_RAND_KIPP,5m,0.23852585,0.2406106,0.23485482,0.23749288,706193.9233
1706047200000,SYN_RAND_KIPP,5m,0.23749288,0.23792947,0.23688706,0.23745982,335077.8385
1706047500000,SYN_RAND_KIPP,5m,0.23745982,0.23788774,0.2368598,0.23744109,328963.3527
1706047800000,SYN_RAND_KIPP,5m,0.23744109,0.23786075,0.23684969,0.23743915,320584.2712
1706048100000,SYN_RAND_KIPP,5m,0.23743915,0.23786795,0.23684189,0.23745609,310125.3637
1706048400000,SYN_RAND_KIPP,5m,0.23745609,0.23789814,0.23685146,0.23749358,297814.8119
1706048700000,SYN_RAND_KIPP,5m,0.23749358,0.23795063,0.23688203,0.23755283,283919.4456
1706049000000,SYN_RAND_KIPP,5m,0.23755283,0.23802617,0.23693484,0.23763457,268739.1723
1706049300000,SYN_RAND_KIPP,5m,0.23763457,0.23812506,0.23701064,0.23773904,252600.7164
1706049600000,SYN_RAND_KIPP,5m,0.23773904,0.23824707,0.23710971,0.237866,235850.798
1706049900000,SYN_RAND_KIPP,5m,0.237866,0.23839151,0.23723184,0.23801474,229684.7638
1706050200000,SYN_RAND_KIPP,5m,0.23801474,0.23855725,0.23737633,0.2381841,247519.6764
1706050500000,SYN_RAND_KIPP,5m,0.2381841,0.23874273,0.23754204,0.23837251,264878.7048
1706050800000,SYN_RAND_KIPP,5m,0.23837251,0.23894602,0.23772743,0.23857801,281409.3269
1706051100000,SYN_RAND_KIPP,5m,0.23857801,0.23916488,0.23793057,0.23879837,296776.3041
1706051400000,SYN_RAND_KIPP,5m,0.23879837,0.23939681,0.23814922,0.23903105,310668.6774
1706051700000,SYN_RAND_KIPP,5m,0.23903105,0.23963909,0.23838089,0.23927338,322806.258
1706052000000,SYN_RAND_KIPP,5m,0.23927338,0.23988892,0.23862288,0.23952251,332945.475
1706052300000,SYN_RAND_KIPP,5m,0.23952251,0.24014341,0.23887238,0.23977556,340884.4587
1706052600000,SYN_RAND_KIPP,5m,0.23977556,0.24039968,0.23912651,0.24002969,346467.2535
1706052900000,SYN_RAND_KIPP,5m,0.24002969,0.24065495,0.23938241,0.24028211,349587.0726
1706053200000,SYN_RAND_KIPP,5m,0.24028211,0.24090658,0.2396373,0.24053019,350188.5263
1706053500000,SYN_RAND_KIPP,5m,0.24053019,0.24115213,0.23988855,0.24077151,348268.7774
1706053800000,SYN_RAND_KIPP,5m,0.24077151,0.24138944,0.24013374,0.24100394,343877.5994
1706054100000,SYN_RAND_KIPP,5m,0.24100394,0.24161663,0.24037068,0.24122561,337116.3371
1706054400000,SYN_RAND_KIPP,5m,0.24122561,0.24183219,0.24059753,0.24143506,328135.7899
1706054700000,SYN_RAND_KIPP,5m,0.24143506,0.24203497,0.24081278,0.24163116,317133.064
1706055000000,SYN_RAND_KIPP,5m,0.24163116,0.24222424,0.24101527,0.2418132,304347.4567
1706055300000,SYN_RAND_KIPP,5m,0.2418132,0.24239965,0.24120427,0.24198087,290055.4606
1706055600000,SYN_RAND_KIPP,5m,0.24198087,0.24256126,0.24137943,0.24213429,274564.9919
1706055900000,SYN_RAND_KIPP,5m,0.24213429,0.24270954,0.24154081,0.24227394,258208.9619
1706056200000,SYN_RAND_KIPP,5m,0.24227394,0.2428453,0.24168888,0.2424007,241338.3271
1706056500000,SYN_RAND_KIPP,5m,0.2424007,0.24296974,0.24182444,0.2425158,244731.7066
1706056800000,SYN_RAND_KIPP,5m,0.2425158,0.24308434,0.24194869,0.24262076,262454.775
1706057100000,SYN_RAND_KIPP,5m,0.24262076,0.24319086,0.24206309,0.24271739,279603.112
1706057400000,SYN_RAND_KIPP,5m,0.24271739,0.24329127,0.2421694,0.24280771,295828.2194
1706057700000,SYN_RAND_KIPP,5m,0.24280771,0.24338773,0.24226959,0.24289391,310800.8441
1706058000000,SYN_RAND_KIPP,5m,0.24289391,0.2434825,0.2423658,0.24297832,324217.8505
1706058300000,SYN_RAND_KIPP,5m,0.24297832,0.2435779,0.24246027,0.24306329,335808.5467
1706058600000,SYN_RAND_KIPP,5m,0.24306329,0.24367627,0.24255533,0.24315122,345340.3345
1706058900000,SYN_RAND_KIPP,5m,0.24315122,0.24377988,0.24265329,0.24324442,352623.5638
1706059200000,SYN_RAND_KIPP,5m,0.24324442,0.24389093,0.24275643,0.24334513,357515.4903
1706059500000,SYN_RAND_KIPP,5m,0.24334513,0.24401146,0.24286693,0.24345543,359923.2545
1706059800000,SYN_RAND_KIPP,5m,0.24345543,0.2441433,0.24298682,0.24357723,359805.8192
1706060100000,SYN_RAND_KIPP,5m,0.24357723,0.24428811,0.24311794,0.24371219,357174.8256
1706060400000,SYN_RAND_KIPP,5m,0.24371219,0.24444723,0.24326192,0.24386173,352094.3491
1706060700000,SYN_RAND_KIPP,5m,0.24386173,0.24462177,0.24342011,0.24402697,344679.5616
1706061000000,SYN_RAND_KIPP,5m,0.24402697,0.24481251,0.24359361,0.24420875,335094.3262
1706061300000,SYN_RAND_KIPP,5m,0.24420875,0.24501992,0.2437832,0.24440758,323547.7764
1706061600000,SYN_RAND_KIPP,5m,0.24440758,0.24524417,0.24398936,0.24462367,310289.9499
1706061900000,SYN_RAND_KIPP,5m,0.24462367,0.24548511,0.24421224,0.24485689,295606.5685
1706062200000,SYN_RAND_KIPP,5m,0.24485689,0.24574227,0.24445169,0.24510683,279813.0736
1706062500000,SYN_RAND_KIPP,5m,0.24510683,0.24601491,0.24470727,0.24537277,263248.0409
1706062800000,SYN_RAND_KIPP,5m,0.24537277,0.24630201,0.24497822,0.24565372,246266.1122
1706063100000,SYN_RAND_KIPP,5m,0.24565372,0.2466023,0.24526353,0.24594846,259196.4742
1706063400000,SYN_RAND_KIPP,5m,0.24594846,0.24691431,0.24556195,0.24625553,276762.7558
1706063700000,SYN_RAND_KIPP,5m,0.24625553,0.24723638,0.24587201,0.24657332,293656.4088
1706064000000,SYN_RAND_KIPP,5m,0.24657332,0.24756673,0.24619207,0.24690003,309533.5085
1706064300000,SYN_RAND_KIPP,5m,0.24690003,0.24790344,0.24652034,0.24723382,324071.3074
1706064600000,SYN_RAND_KIPP,5m,0.24723382,0.24824458,0.24685493,0.24757272,336974.9713
1706064900000,SYN_RAND_KIPP,5m,0.24757272,0.24858815,0.2471939,0.24791478,347983.733
1706065200000,SYN_RAND_KIPP,5m,0.24791478,0.24893221,0.24753529,0.24825807,356876.3345
1706065500000,SYN_RAND_KIPP,5m,0.24825807,0.24927488,0.24787715,0.2486007,363475.645
1706065800000,SYN_RAND_KIPP,5m,0.2486007,0.24961437,0.24821762,0.2489409,367652.3576
1706066100000,SYN_RAND_KIPP,5m,0.2489409,0.24994904,0.24855491,0.24927702,369327.6876
1706066400000,SYN_RAND_KIPP,5m,0.24927702,0.25027741,0.24888742,0.24960759,368475.0163
1706066700000,SYN_RAND_KIPP,5m,0.24960759,0.25059824,0.24921366,0.24993134,365120.4461
1706067000000,SYN_RAND_KIPP,5m,0.24993134,0.25091046,0.24953239,0.2502472,359342.2551
1706067300000,SYN_RAND_KIPP,5m,0.2502472,0.25121328,0.24984257,0.25055436,351269.262
1706067600000,SYN_RAND_KIPP,5m,0.25055436,0.25150617,0.25014341,0.25085226,341078.1371
1706067900000,SYN_RAND_KIPP,5m,0.25085226,0.25178884,0.25043438,0.2511406,328989.7134
1706068200000,SYN_RAND_KIPP,5m,0.2511406,0.25206131,0.25071521,0.25141935,315264.3768
1706068500000,SYN_RAND_KIPP,5m,0.25141935,0.25232381,0.2509859,0.25168873,300196.6298
1706068800000,SYN_RAND_KIPP,5m,0.25168873,0.25257688,0.25124671,0.25194922,284108.9438
1706069100000,SYN_RAND_KIPP,5m,0.25194922,0.25282126,0.25149816,0.25220153,267345.0272
1706069400000,SYN_RAND_KIPP,5m,0.25220153,0.25305793,0.25174101,0.2524466,254913.1437
1706069700000,SYN_RAND_KIPP,5m,0.2524466,0.25328809,0.25197623,0.25268556,272693.8296
1706070000000,SYN_RAND_KIPP,5m,0.25268556,0.25351306,0.252205,0.25291971,290059.9352
1706070300000,SYN_RAND_KIPP,5m,0.25291971,0.25373435,0.25242867,0.25315049,306656.6482
1706070600000,SYN_RAND_KIPP,5m,0.25315049,0.25395356,0.25264872,0.25337945,322145.16
1706070900000,SYN_RAND_KIPP,5m,0.25337945,0.25417235,0.25286674,0.2536082,336209.738
1706071200000,SYN_RAND_KIPP,5m,0.2536082,0.25439245,0.25308442,0.25383839,348564.3148
1706071500000,SYN_RAND_KIPP,5m,0.25383839,0.25461556,0.25330344,0.2540717,358958.4594
1706071800000,SYN_RAND_KIPP,5m,0.2540717,0.25484336,0.25352552,0.25430973,367182.6036
1706072100000,SYN_RAND_KIPP,5m,0.25430973,0.25507748,0.25375234,0.25455406,373072.4161
1706072400000,SYN_RAND_KIPP,5m,0.25455406,0.25531943,0.25398549,0.25480614,376512.2319
1706072700000,SYN_RAND_KIPP,5m,0.25480614,0.2555706,0.2542265,0.2550673,377437.4664
1706073000000,SYN_RAND_KIPP,5m,0.2550673,0.25583223,0.25447675,0.25533874,375835.9626
1706073300000,SYN_RAND_KIPP,5m,0.25533874,0.25610538,0.25473747,0.25562146,371748.2443
1706073600000,SYN_RAND_KIPP,5m,0.25562146,0.25639091,0.25500972,0.25591626,365266.6699
1706073900000,SYN_RAND_KIPP,5m,0.25591626,0.2566895,0.25529435,0.25622377,356533.5039
1706074200000,SYN_RAND_KIPP,5m,0.25622377,0.25700156,0.25559202,0.25654436,345737.9465
1706074500000,SYN_RAND_KIPP,5m,0.25654436,0.25732732,0.25590316,0.25687821,333112.184
1706074800000,SYN_RAND_KIPP,5m,0.25687821,0.25766676,0.25622799,0.25722525,318926.5416
1706075100000,SYN_RAND_KIPP,5m,0.25722525,0.25801964,0.25656648,0.2575852,303483.8402
1706075400000,SYN_RAND_KIPP,5m,0.2575852,0.25838552,0.2569184,0.25795758,287113.0747
1706075700000,SYN_RAND_KIPP,5m,0.25795758,0.25876373,0.25728329,0.2583417,270162.5465
1706076000000,SYN_RAND_KIPP,5m,0.2583417,0.25915344,0.25766051,0.25873668,267236.8839
1706076300000,SYN_RAND_KIPP,5m,0.25873668,0.25955365,0.25804921,0.25914149,284875.3628
1706076600000,SYN_RAND_KIPP,5m,0.25914149,0.25996321,0.2584484,0.25955495,302000.1385
1706076900000,SYN_RAND_KIPP,5m,0.25955495,0.26038084,0.25885691,0.25997577,318260.0692
1706077200000,SYN_RAND_KIPP,5m,0.25997577,0.26080519,0.25927349,0.26040257,333321.9972
1706077500000,SYN_RAND_KIPP,5m,0.26040257,0.26123485,0.25969679,0.26083393,346877.7025
1706077800000,SYN_RAND_KIPP,5m,0.26083393,0.26166837,0.26012538,0.26126837,358650.3362
1706078100000,SYN_RAND_KIPP,5m,0.26126837,0.2621043,0.26055783,0.26170444,368400.1986
1706078400000,SYN_RAND_KIPP,5m,0.26170444,0.26254121,0.26099269,0.26214072,375929.7421
1706078700000,SYN_RAND_KIPP,5m,0.26214072,0.26297776,0.26142854,0.26257585,381087.6947
1706079000000,SYN_RAND_KIPP,5m,0.26257585,0.26341267,0.26186402,0.26300855,383772.2167
1706079300000,SYN_RAND_KIPP,5m,0.26300855,0.26384478,0.26229787,0.26343768,383933.026
1706079600000,SYN_RAND_KIPP,5m,0.26343768,0.26427306,0.26272892,0.26386221,381572.4475
1706079900000,SYN_RAND_KIPP,5m,0.26386221,0.26469664,0.26315615,0.26428128,376745.3637
1706080200000,SYN_RAND_KIPP,5m,0.26428128,0.26511482,0.26357869,0.26469422,369558.0692
1706080500000,SYN_RAND_KIPP,5m,0.26469422,0.26552708,0.26399583,0.26510051,360166.0509
1706080800000,SYN_RAND_KIPP,5m,0.26510051,0.26593307,0.26440705,0.26549985,348770.7424
1706081100000,SYN_RAND_KIPP,5m,0.26549985,0.26633266,0.26481201,0.26589213,335615.3187
1706081400000,SYN_RAND_KIPP,5m,0.26589213,0.2667259,0.26521057,0.26627742,320979.6199
1706081700000,SYN_RAND_KIPP,5m,0.26627742,0.26711302,0.26560277,0.266656,305174.3096
1706082000000,SYN_RAND_KIPP,5m,0.266656,0.26749444,0.26598884,0.2670283,288534.3894
1706082300000,SYN_RAND_KIPP,5m,0.2670283,0.26787071,0.26636919,0.26739496,271412.2062
1706082600000,SYN_RAND_KIPP,5m,0.26739496,0.26824258,0.26674439,0.26775672,277985.7658
1706082900000,SYN_RAND_KIPP,5m,0.26775672,0.26861088,0.26711515,0.26811449,295442.7917
1706083200000,SYN_RAND_KIPP,5m,0.26811449,0.26897657,0.26748231,0.26846925,312287.9223
1706083500000,SYN_RAND_KIPP,5m,0.26846925,0.26934068,0.26784683,0.26882211,328174.2399
1706083800000,SYN_RAND_KIPP,5m,0.26882211,0.26970431,0.26820973,0.26917419,342774.7629
1706084100000,SYN_RAND_KIPP,5m,0.26917419,0.27006858,0.2685721,0.26952669,355789.2702
1706084400000,SYN_RAND_KIPP,5m,0.26952669,0.27043462,0.26893505,0.26988076,366950.5676
1706084700000,SYN_RAND_KIPP,5m,0.26988076,0.27080353,0.26929971,0.27023759,376030.0652
1706085000000,SYN_RAND_KIPP,5m,0.27023759,0.27117639,0.26966718,0.27059829,382842.548
1706085300000,SYN_RAND_KIPP,5m,0.27059829,0.2715542,0.27003853,0.27096392,387250.042
1706085600000,SYN_RAND_KIPP,5m,0.27096392,0.27193786,0.27041475,0.27133543,389164.6938
1706085900000,SYN_RAND_KIPP,5m,0.27133543,0.27232818,0.27079674,0.2717137,388550.604
1706086200000,SYN_RAND_KIPP,5m,0.2717137,0.27272586,0.27118531,0.27209947,385424.5766
1706086500000,SYN_RAND_KIPP,5m,0.27209947,0.27313145,0.27158115,0.27249335,379855.7672
1706086800000,SYN_RAND_KIPP,5m,0.27249335,0.27354537,0.27198482,0.27289581,371964.2399
1706087100000,SYN_RAND_KIPP,5m,0.27289581,0.2739679,0.27239672,0.27330718,361918.4603
1706087400000,SYN_RAND_KIPP,5m,0.27330718,0.27439915,0.27281714,0.27372764,349931.779
1706087700000,SYN_RAND_KIPP,5m,0.27372764,0.27483911,0.2732462,0.27415721,336257.9778
1706088000000,SYN_RAND_KIPP,5m,0.27415721,0.27528764,0.27368388,0.27459579,321185.9719
1706088300000,SYN_RAND_KIPP,5m,0.27459579,0.27574442,0.27413004,0.27504314,305033.7793
1706088600000,SYN_RAND_KIPP,5m,0.27504314,0.27620906,0.27458438,0.27549889,288141.8819
1706088900000,SYN_RAND_KIPP,5m,0.27549889,0.27668104,0.2750465,0.27596257,270866.1182
1706089200000,SYN_RAND_KIPP,5m,0.27596257,0.27715974,0.27551588,0.27643359,286919.8151
1706089500000,SYN_RAND_KIPP,5m,0.27643359,0.27764447,0.27599191,0.2769113,304159.3115
1706089800000,SYN_RAND_KIPP,5m,0.2769113,0.27813447,0.27647391,0.27739499,320689.8235
1706090100000,SYN_RAND_KIPP,5m,0.27739499,0.27862895,0.27696113,0.27788388,336169.2045
1706090400000,SYN_RAND_KIPP,5m,0.27788388,0.27912708,0.27745277,0.27837718,350277.1641
1706090700000,SYN_RAND_KIPP,5m,0.27837718,0.27962802,0.27794803,0.27887407,362721.9533
1706091000000,SYN_RAND_KIPP,5m,0.27887407,0.28013096,0.27844606,0.27937375,373246.4542
1706091300000,SYN_RAND_KIPP,5m,0.27937375,0.28063507,0.27894605,0.27987543,381633.5467
1706091600000,SYN_RAND_KIPP,5m,0.27987543,0.28113958,0.2794472,0.28037834,387710.6407
1706091900000,SYN_RAND_KIPP,5m,0.28037834,0.28164376,0.27994874,0.28088175,391353.278
1706092200000,SYN_RAND_KIPP,5m,0.28088175,0.28214694,0.28044994,0.281385,392487.7305
1706092500000,SYN_RAND_KIPP,5m,0.281385,0.2826485,0.28095014,0.28188747,391092.5387
1706092800000,SYN_RAND_KIPP,5m,0.28188747,0.28314789,0.28144873,0.2823886,387198.9594
1706093100000,SYN_RAND_KIPP,5m,0.2823886,0.28364462,0.28194517,0.2828879,380890.3133
1706093400000,SYN_RAND_KIPP,5m,0.2828879,0.28413829,0.28243897,0.28338495,372300.2455
1706093700000,SYN_RAND_KIPP,5m,0.28338495,0.28462855,0.28292974,0.28387938,361609.9357
1706094000000,SYN_RAND_KIPP,5m,0.28387938,0.28511512,0.28341713,0.28437088,349044.3163
1706094300000,SYN_RAND_KIPP,5m,0.28437088,0.28559779,0.28390087,0.28485922,334867.3767
1706094600000,SYN_RAND_KIPP,5m,0.28485922,0.28607638,0.28438075,0.2853442,319376.6533
1706094900000,SYN_RAND_KIPP,5m,0.2853442,0.28655079,0.2848566,0.28582568,302897.0182
1706095200000,SYN_RAND_KIPP,5m,0.28582568,0.28702097,0.28532834,0.28630355,285773.898
1706095500000,SYN_RAND_KIPP,5m,0.28630355,0.28748688,0.28579588,0.28677776,276428.3879
1706095800000,SYN_RAND_KIPP,5m,0.28677776,0.28794856,0.28625924,0.28724828,293869.0973
1706096100000,SYN_RAND_KIPP,5m,0.28724828,0.28840605,0.28671841,0.28771511,310858.549
1706096400000,SYN_RAND_KIPP,5m,0.28771511,0.28885945,0.28717347,0.2881783,327043.1956
1706096700000,SYN_RAND_KIPP,5m,0.2881783,0.28930888,0.2876245,0.28863791,342086.2004
1706097000000,SYN_RAND_KIPP,5m,0.28863791,0.28975449,0.28807164,0.28909405,355674.4689
1706097300000,SYN_RAND_KIPP,5m,0.28909405,0.29019647,0.28851503,0.28954685,367525.1836
1706097600000,SYN_RAND_KIPP,5m,0.28954685,0.29063507,0.28895487,0.28999648,377391.7079
1706097900000,SYN_RAND_KIPP,5m,0.28999648,0.29107057,0.28939139,0.29044317,385068.7341
1706098200000,SYN_RAND_KIPP,5m,0.29044317,0.29150329,0.28982489,0.29088719,390396.5686
1706098500000,SYN_RAND_KIPP,5m,0.29088719,0.29193362,0.29025568,0.29132885,393264.4655
1706098800000,SYN_RAND_KIPP,5m,0.29132885,0.29236201,0.29068416,0.29176855,393612.9382
1706099100000,SYN_RAND_KIPP,5m,0.29176855,0.29278899,0.29111078,0.29220675,391435.0011
1706099400000,SYN_RAND_KIPP,5m,0.29220675,0.29321515,0.29153604,0.29264398,386776.3153
1706099700000,SYN_RAND_KIPP,5m,0.29264398,0.29364115,0.29196056,0.29308084,379734.2355
1706100000000,SYN_RAND_KIPP,5m,0.29308084,0.29406775,0.29238498,0.29351801,370455.7779
1706100300000,SYN_RAND_KIPP,5m,0.29351801,0.29449575,0.29281005,0.29395626,359134.5512
1706100600000,SYN_RAND_KIPP,5m,0.29395626,0.29492606,0.29323659,0.29439642,346006.7157
1706100900000,SYN_RAND_KIPP,5m,0.29439642,0.29535961,0.29366547,0.29483937,331346.0535
1706101200000,SYN_RAND_KIPP,5m,0.29483937,0.29579741,0.29409765,0.29528606,315458.2537
1706101500000,SYN_RAND_KIPP,5m,0.29528606,0.29624048,0.29453411,0.29573748,298674.5316
1706101800000,SYN_RAND_KIPP,5m,0.29573748,0.29668988,0.29497587,0.2961946,281344.715
1706102100000,SYN_RAND_KIPP,5m,0.2961946,0.29714664,0.29542399,0.29665843,281479.8238
1706102400000,SYN_RAND_KIPP,5m,0.29665843,0.29761175,0.29587947,0.29712992,298740.0611
1706102700000,SYN_RAND_KIPP,5m,0.29712992,0.29808617,0.29634332,0.29760996,315450.7755
1706103000000,SYN_RAND_KIPP,5m,0.29760996,0.29857072,0.29681647,0.29809937,331262.2893
1706103300000,SYN_RAND_KIPP,5m,0.29809937,0.29906613,0.29729975,0.29859882,345843.6064
1706103600000,SYN_RAND_KIPP,5m,0.29859882,0.29957297,0.29779388,0.29910887,358889.3209
1706103900000,SYN_RAND_KIPP,5m,0.29910887,0.30009161,0.29829941,0.29962985,370125.9924
1706104200000,SYN_RAND_KIPP,5m,0.29962985,0.30062222,0.29881672,0.30016193,379317.8539
1706104500000,SYN_RAND_KIPP,5m,0.30016193,0.30116472,0.29934597,0.30070499,386271.733
1706104800000,SYN_RAND_KIPP,5m,0.30070499,0.30171879,0.29988708,0.30125871,390841.0844
1706105100000,SYN_RAND_KIPP,5m,0.30125871,0.30228382,0.30043971,0.30182247,392929.0487
1706105400000,SYN_RAND_KIPP,5m,0.30182247,0.30286119,0.30099924,0.30239538,392490.4746
1706105700000,SYN_RAND_KIPP,5m,0.30239538,0.30345083,0.30156294,0.30297627,389532.8614
1706106000000,SYN_RAND_KIPP,5m,0.30297627,0.30404681,0.30213765,0.3035637,384116.2026
1706106300000,SYN_RAND_KIPP,5m,0.3035637,0.30464721,0.30272229,0.30415599,376351.7336
1706106600000,SYN_RAND_KIPP,5m,0.30415599,0.30524987,0.30331546,0.30475119,366399.6103
1706106900000,SYN_RAND_KIPP,5m,0.30475119,0.30585245,0.30391544,0.30534719,354465.566
1706107200000,SYN_RAND_KIPP,5m,0.30534719,0.30645244,0.30452023,0.30594172,340796.6168
1706107500000,SYN_RAND_KIPP,5m,0.30594172,0.30704726,0.30512759,0.30653238,325675.9066
1706107800000,SYN_RAND_KIPP,5m,0.30653238,0.3076343,0.30573506,0.30711676,309416.796
1706108100000,SYN_RAND_KIPP,5m,0.30711676,0.30821497,0.30633404,0.30769244,292356.3221
1706108400000,SYN_RAND_KIPP,5m,0.30769244,0.30879004,0.3069177,0.30825708,274848.1633
1706108700000,SYN_RAND_KIPP,5m,0.30825708,0.30935252,0.307491,0.30880851,284464.914
1706109000000,SYN_RAND_KIPP,5m,0.30880851,0.3099004,0.30805171,0.30934476,301518.9061
1706109300000,SYN_RAND_KIPP,5m,0.30934476,0.31043194,0.30859783,0.30986416,317926.1337
1706109600000,SYN_RAND_KIPP,5m,0.30986416,0.31094576,0.30912762,0.31036538,333341.3399
1706109900000,SYN_RAND_KIPP,5m,0.31036538,0.31144089,0.30963971,0.3108475,347439.8893
1706110200000,SYN_RAND_KIPP,5m,0.3108475,0.31191679,0.31013313,0.31131006,359924.5457
1706110500000,SYN_RAND_KIPP,5m,0.31131006,0.31237342,0.31060733,0.31175308,370531.6758
1706110800000,SYN_RAND_KIPP,5m,0.31175308,0.31281126,0.31106229,0.3121771,379036.753
1706111100000,SYN_RAND_KIPP,5m,0.3121771,0.31323129,0.31149846,0.31258318,385259.0444
1706111400000,SYN_RAND_KIPP,5m,0.31258318,0.31363502,0.31191684,0.31297288,389065.3832
1706111700000,SYN_RAND_KIPP,5m,0.31297288,0.31402445,0.31231892,0.31334827,390372.9489
1706112000000,SYN_RAND_KIPP,5m,0.31334827,0.31440204,0.3127067,0.31371187,389150.9962
1706112300000,SYN_RAND_KIPP,5m,0.31371187,0.31477064,0.31308263,0.3140666,385421.4974
1706112600000,SYN_RAND_KIPP,5m,0.3140666,0.31513346,0.31344955,0.31441573,379258.6836
1706112900000,SYN_RAND_KIPP,5m,0.31441573,0.31549394,0.31381064,0.31476276,370787.4958
1706113200000,SYN_RAND_KIPP,5m,0.31476276,0.31585571,0.31416936,0.31511138,360180.9769
1706113500000,SYN_RAND_KIPP,5m,0.31511138,0.31622246,0.3145293,0.31546532,347656.6606
1706113800000,SYN_RAND_KIPP,5m,0.31546532,0.31659784,0.31489414,0.31582829,333472.0302
1706114100000,SYN_RAND_KIPP,5m,0.31582829,0.31698536,0.31526753,0.31620386,317919.145
1706114400000,SYN_RAND_KIPP,5m,0.31620386,0.31738828,0.31565295,0.31659533,301318.5436
1706114700000,SYN_RAND_KIPP,5m,0.31659533,0.31780952,0.31605366,0.31700566,284012.5542
1706115000000,SYN_RAND_KIPP,5m,0.31700566,0.31825154,0.31647257,0.31743736,268233.2336
1706115300000,SYN_RAND_KIPP,5m,0.31743736,0.31871628,0.31691212,0.31789241,285446.0951
1706115600000,SYN_RAND_KIPP,5m,0.31789241,0.31920508,0.31737426,0.31837218,302271.8431
1706115900000,SYN_RAND_KIPP,5m,0.31837218,0.3197186,0.31786031,0.31887739,318354.7567
1706116200000,SYN_RAND_KIPP,5m,0.31887739,0.32025683,0.31837094,0.31940805,333354.5421
1706116500000,SYN_RAND_KIPP,5m,0.31940805,0.32081904,0.31890615,0.31996346,346953.4359
1706116800000,SYN_RAND_KIPP,5m,0.31996346,0.32140375,0.31946518,0.32054218,358862.8385
1706117100000,SYN_RAND_KIPP,5m,0.32054218,0.32200882,0.3200466,0.3211421,368829.3384
1706117400000,SYN_RAND_KIPP,5m,0.3211421,0.32264827,0.3206387,0.32176043,376640.0026
1706117700000,SYN_RAND_KIPP,5m,0.32176043,0.32330501,0.32124658,0.32239379,382126.8213
1706118000000,SYN_RAND_KIPP,5m,0.32239379,0.32396635,0.3218717,0.3230383,385170.2155
1706118300000,SYN_RAND_KIPP,5m,0.3230383,0.32462733,0.32251044,0.32368965,385701.5335
1706118600000,SYN_RAND_KIPP,5m,0.32368965,0.32528287,0.32315872,0.32434323,383704.484
1706118900000,SYN_RAND_KIPP,5m,0.32434323,0.32592797,0.32381209,0.32499427,379215.477
1706119200000,SYN_RAND_KIPP,5m,0.32499427,0.32655781,0.32446588,0.32563795,372322.864
1706119500000,SYN_RAND_KIPP,5m,0.32563795,0.32716794,0.32511531,0.32626952,363165.0941
1706119800000,SYN_RAND_KIPP,5m,0.32626952,0.32775619,0.32575455,0.32688451,351927.8248
1706120100000,SYN_RAND_KIPP,5m,0.32688451,0.3283462,0.32636267,0.32747878,338840.0468
1706120400000,SYN_RAND_KIPP,5m,0.32747878,0.32891091,0.32694921,0.3280487,324169.3048
1706120700000,SYN_RAND_KIPP,5m,0.3280487,0.32944732,0.32751058,0.32859123,308216.1132
1706121000000,SYN_RAND_KIPP,5m,0.32859123,0.3299531,0.32804377,0.32910405,291307.6838
1706121300000,SYN_RAND_KIPP,5m,0.32910405,0.33042674,0.32854651,0.32958559,273791.0959
1706121600000,SYN_RAND_KIPP,5m,0.32958559,0.33086753,0.32901728,0.3300351,267498.6045
1706121900000,SYN_RAND_KIPP,5m,0.3300351,0.33127563,0.32945539,0.33045269,284563.1135
1706122200000,SYN_RAND_KIPP,5m,0.33045269,0.33165204,0.32986099,0.33083932,301142.239
1706122500000,SYN_RAND_KIPP,5m,0.33083932,0.33199859,0.33023509,0.33119674,316883.771
1706122800000,SYN_RAND_KIPP,5m,0.33119674,0.33231788,0.33057953,0.33152751,331452.914
1706123100000,SYN_RAND_KIPP,5m,0.33152751,0.33261321,0.33089689,0.33183484,344539.2758
1706123400000,SYN_RAND_KIPP,5m,0.33183484,0.33288848,0.33119046,0.33212256,355863.3472
1706123700000,SYN_RAND_KIPP,5m,0.33212256,0.33314804,0.33146413,0.33239495,365182.3367
1706124000000,SYN_RAND_KIPP,5m,0.33239495,0.33339661,0.33172223,0.33265664,372295.239
1706124300000,SYN_RAND_KIPP,5m,0.33265664,0.33363912,0.33196948,0.3329125,377047.0315
1706124600000,SYN_RAND_KIPP,5m,0.3329125,0.33388057,0.33221077,0.33316741,379331.9105
1706124900000,SYN_RAND_KIPP,5m,0.33316741,0.33412585,0.33245108,0.33342622,379095.5002
1706125200000,SYN_RAND_KIPP,5m,0.33342622,0.33437965,0.33269529,0.33369352,376335.9882
1706125500000,SYN_RAND_KIPP,5m,0.33369352,0.33464632,0.33294807,0.33397357,371104.1642
1706125800000,SYN_RAND_KIPP,5m,0.33397357,0.3349297,0.33321373,0.33427015,363502.3601
1706126100000,SYN_RAND_KIPP,5m,0.33427015,0.33523308,0.33349611,0.33458648,353682.3148
1706126400000,SYN_RAND_KIPP,5m,0.33458648,0.33555911,0.33379849,0.33492511,341842.0068
1706126700000,SYN_RAND_KIPP,5m,0.33492511,0.33590967,0.33412347,0.33528787,328221.5231
1706127000000,SYN_RAND_KIPP,5m,0.33528787,0.33628592,0.33447297,0.33567585,313098.0476
1706127300000,SYN_RAND_KIPP,5m,0.33567585,0.33668822,0.3348481,0.33608935,296780.076
1706127600000,SYN_RAND_KIPP,5m,0.33608935,0.33711617,0.33524924,0.3365279,279600.9772
1706127900000,SYN_RAND_KIPP,5m,0.3365279,0.33756862,0.33567598,0.3369903,261912.0348
1706128200000,SYN_RAND_KIPP,5m,0.3369903,0.33804372,0.33612716,0.33747464,265127.0765
1706128500000,SYN_RAND_KIPP,5m,0.33747464,0.338539,0.33660095,0.33797842,282027.2985
1706128800000,SYN_RAND_KIPP,5m,0.33797842,0.33905146,0.33709489,0.33849858,298344.7564
1706129100000,SYN_RAND_KIPP,5m,0.33849858,0.33957765,0.33760597,0.33903164,313731.3046
1706129400000,SYN_RAND_KIPP,5m,0.33903164,0.3401138,0.33813077,0.33957378,327858.1718
1706129700000,SYN_RAND_KIPP,5m,0.33957378,0.34065592,0.33866552,0.340121,340422.8248
1706130000000,SYN_RAND_KIPP,5m,0.340121,0.34119995,0.33920625,0.34066918,351155.2837
1706130300000,SYN_RAND_KIPP,5m,0.34066918,0.34174182,0.3397489,0.34121427,359823.7583
1706130600000,SYN_RAND_KIPP,5m,0.34121427,0.34227766,0.34028943,0.34175233,366239.4867
1706130900000,SYN_RAND_KIPP,5m,0.34175233,0.34280379,0.34082396,0.34227971,370260.6763
1706131200000,SYN_RAND_KIPP,5m,0.34227971,0.34331693,0.34134886,0.3427931,371795.4642
1706131500000,SYN_RAND_KIPP,5m,0.3427931,0.3438142,0.34186082,0.34328962,370803.8352
1706131800000,SYN_RAND_KIPP,5m,0.34328962,0.34429322,0.34235698,0.34376688,367298.4577
1706132100000,SYN_RAND_KIPP,5m,0.34376688,0.34475215,0.34283497,0.34422305,361344.4203
1706132400000,SYN_RAND_KIPP,5m,0.34422305,0.34518971,0.34329295,0.34465687,353057.8732
1706132700000,SYN_RAND_KIPP,5m,0.34465687,0.34560521,0.34372964,0.34506764,342603.6048
1706133000000,SYN_RAND_KIPP,5m,0.34506764,0.34599851,0.34414435,0.34545527,330191.6027
1706133300000,SYN_RAND_KIPP,5m,0.34545527,0.34637002,0.34453694,0.34582017,316072.6706
1706133600000,SYN_RAND_KIPP,5m,0.34582017,0.34672063,0.3449078,0.34616326,300533.1945
1706133900000,SYN_RAND_KIPP,5m,0.34616326,0.34705169,0.34525783,0.34648593,283889.1649
1706134200000,SYN_RAND_KIPP,5m,0.34648593,0.34736488,0.34558835,0.34678989,266479.5819
1706134500000,SYN_RAND_KIPP,5m,0.34678989,0.3476622,0.34590105,0.34707718,248659.3795
1706134800000,SYN_RAND_KIPP,5m,0.34707718,0.34794585,0.3461979,0.34735005,261390.251
1706135100000,SYN_RAND_KIPP,5m,0.34735005,0.34821816,0.3464811,0.34761087,278113.0462
1706135400000,SYN_RAND_KIPP,5m,0.34761087,0.34848151,0.34675296,0.34786208,294156.7176
1706135700000,SYN_RAND_KIPP,5m,0.34786208,0.34873826,0.34701585,0.34810608,309177.7306
1706136000000,SYN_RAND_KIPP,5m,0.34810608,0.34899064,0.34727209,0.34834517,322853.8548
1706136300000,SYN_RAND_KIPP,5m,0.34834517,0.34924075,0.34752395,0.34858151,334890.891
1706136600000,SYN_RAND_KIPP,5m,0.34858151,0.34949047,0.34777347,0.34881704,345028.8125
1706136900000,SYN_RAND_KIPP,5m,0.34881704,0.34974144,0.34802255,0.34905345,353047.1939
1706137200000,SYN_RAND_KIPP,5m,0.34905345,0.34999501,0.3482728,0.34929218,358769.8126
1706137500000,SYN_RAND_KIPP,5m,0.34929218,0.35025224,0.34852557,0.34953434,362068.3283
1706137800000,SYN_RAND_KIPP,5m,0.34953434,0.35051391,0.34878193,0.3497808,362864.9623
1706138100000,SYN_RAND_KIPP,5m,0.3497808,0.35078051,0.34904263,0.35003212,361134.1217
1706138400000,SYN_RAND_KIPP,5m,0.35003212,0.35105226,0.34930817,0.35028858,356902.9349
1706138700000,SYN_RAND_KIPP,5m,0.35028858,0.35132916,0.34957876,0.35055024,350250.6853
1706139000000,SYN_RAND_KIPP,5m,0.35055024,0.35161097,0.34985441,0.35081697,341307.1578
1706139300000,SYN_RAND_KIPP,5m,0.35081697,0.35189732,0.35013487,0.35108844,330249.9297
1706139600000,SYN_RAND_KIPP,5m,0.35108844,0.35218767,0.35041977,0.35136421,317300.6655
1706139900000,SYN_RAND_KIPP,5m,0.35136421,0.35248143,0.3507086,0.35164375,302720.4902
1706140200000,SYN_RAND_KIPP,5m,0.35164375,0.35277795,0.35100075,0.35192646,286804.5397
1706140500000,SYN_RAND_KIPP,5m,0.35192646,0.35307656,0.35129556,0.35221177,269875.8007
1706140800000,SYN_RAND_KIPP,5m,0.35221177,0.3533766,0.35159239,0.35249908,252278.3697
1706141100000,SYN_RAND_KIPP,5m,0.35249908,0.3536775,0.3518906,0.35278786,239657.9911
1706141400000,SYN_RAND_KIPP,5m,0.35278786,0.35397871,0.35218958,0.35307765,256612.3278
1706141700000,SYN_RAND_KIPP,5m,0.35307765,0.35427977,0.35248881,0.35336803,273146.8473
1706142000000,SYN_RAND_KIPP,5m,0.35336803,0.35458031,0.35278784,0.35365868,288907.0298
1706142300000,SYN_RAND_KIPP,5m,0.35365868,0.35488004,0.35308631,0.35394937,303554.4913
1706142600000,SYN_RAND_KIPP,5m,0.35394937,0.35517873,0.35338391,0.35423991,316774.0482
1706142900000,SYN_RAND_KIPP,5m,0.35423991,0.3554762,0.35368043,0.35453016,328280.2969
1706143200000,SYN_RAND_KIPP,5m,0.35453016,0.35577231,0.3539757,0.35482001,337823.5721
1706143500000,SYN_RAND_KIPP,5m,0.35482001,0.35606694,0.35426959,0.35510937,345195.159
1706143800000,SYN_RAND_KIPP,5m,0.35510937,0.35635992,0.35456196,0.35539812,350231.6503
1706144100000,SYN_RAND_KIPP,5m,0.35539812,0.35665106,0.35485267,0.35568606,352818.3587
1706144400000,SYN_RAND_KIPP,5m,0.35568606,0.35694011,0.35514154,0.35597296,352891.7107
1706144700000,SYN_RAND_KIPP,5m,0.35597296,0.35722669,0.3554283,0.35625847,350440.5751
1706145000000,SYN_RAND_KIPP,5m,0.35625847,0.35751034,0.3557126,0.35654211,345506.4957
1706145300000,SYN_RAND_KIPP,5m,0.35654211,0.35779045,0.35599397,0.35682329,338182.8251
1706145600000,SYN_RAND_KIPP,5m,0.35682329,0.3580663,0.35627182,0.35710127,328612.7768
1706145900000,SYN_RAND_KIPP,5m,0.35710127,0.358337,0.35654543,0.35737516,316986.4365
1706146200000,SYN_RAND_KIPP,5m,0.35737516,0.35860157,0.35681393,0.35764396,303536.7956
1706146500000,SYN_RAND_KIPP,5m,0.35764396,0.35885888,0.35707633,0.35790651,288534.8876
1706146800000,SYN_RAND_KIPP,5m,0.35790651,0.35910772,0.35733153,0.3581616,272284.1326
1706147100000,SYN_RAND_KIPP,5m,0.3581616,0.35934681,0.35757832,0.3584079,255114.0036
1706147400000,SYN_RAND_KIPP,5m,0.3584079,0.35957484,0.35781543,0.35864407,237373.1506
1706147700000,SYN_RAND_KIPP,5m,0.35864407,0.35979051,0.35804157,0.35886877,234302.6213
1706148000000,SYN_RAND_KIPP,5m,0.35886877,0.35999256,0.35825544,0.3590807,251157.1875
1706148300000,SYN_RAND_KIPP,5m,0.3590807,0.36017984,0.35845579,0.35927866,267494.2871
1706148600000,SYN_RAND_KIPP,5m,0.35927866,0.36035132,0.35864148,0.35946156,282963.1039
1706148900000,SYN_RAND_KIPP,5m,0.35946156,0.36050617,0.3588115,0.35962852,297230.9359
1706149200000,SYN_RAND_KIPP,5m,0.35962852,0.36064378,0.35896502,0.35977886,309990.1409
1706149500000,SYN_RAND_KIPP,5m,0.35977886,0.3607638,0.35910143,0.35991217,320964.5591
1706149800000,SYN_RAND_KIPP,5m,0.35991217,0.36086619,0.3592204,0.36002833,329915.278
1706150100000,SYN_RAND_KIPP,5m,0.36002833,0.36095119,0.35932187,0.36012754,336645.6203
1706150400000,SYN_RAND_KIPP,5m,0.36012754,0.36101941,0.3594061,0.3602103,341005.2503
1706150700000,SYN_RAND_KIPP,5m,0.3602103,0.36107177,0.35947371,0.36027747,342893.3123
1706151000000,SYN_RAND_KIPP,5m,0.36027747,0.36110954,0.3595256,0.36033023,342260.5372
1706151300000,SYN_RAND_KIPP,5m,0.36033023,0.36113429,0.35956304,0.36037008,339110.2712
1706151600000,SYN_RAND_KIPP,5m,0.36037008,0.3611479,0.3595876,0.36039881,333498.407
1706151900000,SYN_RAND_KIPP,5m,0.36039881,0.36115249,0.35960114,0.36041846,325532.2178
1706152200000,SYN_RAND_KIPP,5m,0.36041846,0.36115039,0.35960578,0.36043129,315842.7273
1706152500000,SYN_RAND_KIPP,5m,0.36043129,0.36114411,0.35960385,0.36043971,304632.1906
1706152800000,SYN_RAND_KIPP,5m,0.36043971,0.36113624,0.35959783,0.36044625,291669.8725
1706153100000,SYN_RAND_KIPP,5m,0.36044625,0.36112945,0.35959032,0.36045348,277236.2111
1706153400000,SYN_RAND_KIPP,5m,0.36045348,0.36112634,0.35958395,0.36046394,261642.3544
1706153700000,SYN_RAND_KIPP,5m,0.36046394,0.36112944,0.35958132,0.36048009,245223.6654
1706154000000,SYN_RAND_KIPP,5m,0.36048009,0.36114114,0.35958495,0.36050423,228332.7209
1706154300000,SYN_RAND_KIPP,5m,0.36050423,0.36116357,0.35959721,0.36053845,235781.8035
1706154600000,SYN_RAND_KIPP,5m,0.36053845,0.36119862,0.35962023,0.36058455,253474.4451
1706154900000,SYN_RAND_KIPP,5m,0.36058455,0.36124781,0.35965586,0.36064402,270552.1532
1706155200000,SYN_RAND_KIPP,5m,0.36064402,0.36131231,0.35970564,0.36071795,286668.2896
1706155500000,SYN_RAND_KIPP,5m,0.36071795,0.36139284,0.35977071,0.36080703,301496.2801
1706155800000,SYN_RAND_KIPP,5m,0.36080703,0.36148969,0.35985179,0.3609115,314736.4307
1706156100000,SYN_RAND_KIPP,5m,0.3609115,0.36160269,0.35994918,0.36103114,326122.1819
1706156400000,SYN_RAND_KIPP,5m,0.36103114,0.36173119,0.36006267,0.36116528,335425.6727
1706156700000,SYN_RAND_KIPP,5m,0.36116528,0.36187407,0.36019163,0.36131277,342462.4955
1706157000000,SYN_RAND_KIPP,5m,0.36131277,0.36202977,0.36033494,0.36147202,347095.5451
1706157300000,SYN_RAND_KIPP,5m,0.36147202,0.36219631,0.36049104,0.36164104,349237.8792
1706157600000,SYN_RAND_KIPP,5m,0.36164104,0.36237133,0.36065794,0.36181745,348854.533
1706157900000,SYN_RAND_KIPP,5m,0.36181745,0.36255215,0.36083331,0.36199857,345963.2478
1706158200000,SYN_RAND_KIPP,5m,0.36199857,0.36273579,0.36101444,0.36218142,340634.1004
1706158500000,SYN_RAND_KIPP,5m,0.36218142,0.3629191,0.3611984,0.36236285,332988.0389
1706158800000,SYN_RAND_KIPP,5m,0.36236285,0.36309877,0.36138201,0.36253957,323194.3577
1706159100000,SYN_RAND_KIPP,5m,0.36253957,0.36327146,0.36156199,0.36270824,311467.1631
1706159400000,SYN_RAND_KIPP,5m,0.36270824,0.36343383,0.361735,0.36286557,298060.9027
1706159700000,SYN_RAND_KIPP,5m,0.36286557,0.36358268,0.36189771,0.36300836,283265.054
1706160000000,SYN_RAND_KIPP,5m,0.36300836,0.36371495,0.36204692,0.36313361,267398.0808
1706160300000,SYN_RAND_KIPP,5m,0.36313361,0.36382788,0.3621796,0.36323858,250800.7852
1706160600000,SYN_RAND_KIPP,5m,0.36323858,0.36391902,0.36229297,0.36332086,233829.1927
1706160900000,SYN_RAND_KIPP,5m,0.36332086,0.36398632,0.3623846,0.36337846,250827.8434
1706161200000,SYN_RAND_KIPP,5m,0.36337846,0.36402816,0.36245244,0.36340982,268371.2948
1706161500000,SYN_RAND_KIPP,5m,0.36340982,0.36404344,0.36249489,0.36341388,285202.2929
1706161800000,SYN_RAND_KIPP,5m,0.36341388,0.36405534,0.36248706,0.36339011,300979.0009
1706162100000,SYN_RAND_KIPP,5m,0.36339011,0.36404407,0.36244808,0.36333853,315381.5643
1706162400000,SYN_RAND_KIPP,5m,0.36333853,0.36400553,0.3623825,0.36325969,328118.7862
1706162700000,SYN_RAND_KIPP,5m,0.36325969,0.36394021,0.36229136,0.36315469,338934.2054
1706163000000,SYN_RAND_KIPP,5m,0.36315469,0.36384913,0.3621762,0.36302516,347611.4486
1706163300000,SYN_RAND_KIPP,5m,0.36302516,0.36373386,0.36203905,0.36287321,353978.7462
1706163600000,SYN_RAND_KIPP,5m,0.36287321,0.36359643,0.36188239,0.36270138,357912.5171
1706163900000,SYN_RAND_KIPP,5m,0.36270138,0.36343931,0.36170907,0.36251262,359339.9475
1706164200000,SYN_RAND_KIPP,5m,0.36251262,0.36326537,0.36152224,0.36231017,358240.5098
1706164500000,SYN_RAND_KIPP,5m,0.36231017,0.36307778,0.36132532,0.36209752,354646.3909
1706164800000,SYN_RAND_KIPP,5m,0.36209752,0.36287998,0.36112188,0.36187834,348641.8189
1706165100000,SYN_RAND_KIPP,5m,0.36187834,0.36267554,0.36091559,0.36165638,340361.3047
1706165400000,SYN_RAND_KIPP,5m,0.36165638,0.36246814,0.36071009,0.36143536,329986.8335
1706165700000,SYN_RAND_KIPP,5m,0.36143536,0.36226147,0.36050895,0.36121894,317744.065
1706166000000,SYN_RAND_KIPP,5m,0.36121894,0.36205909,0.36031557,0.36101061,303897.6227
1706166300000,SYN_RAND_KIPP,5m,0.36101061,0.36186443,0.36013312,0.36081359,288745.5694
1706166600000,SYN_RAND_KIPP,5m,0.36081359,0.36168066,0.35996442,0.3606308,272613.1846
1706166900000,SYN_RAND_KIPP,5m,0.3606308,0.36151064,0.35981191,0.36046476,255846.1744
1706167200000,SYN_RAND_KIPP,5m,0.36046476,0.36135682,0.35967763,0.36031754,247502.7575
1706167500000,SYN_RAND_KIPP,5m,0.36031754,0.36122122,0.35956307,0.36019074,265307.7635
1706167800000,SYN_RAND_KIPP,5m,0.36019074,0.36110539,0.35946924,0.3600854,282657.2994
1706168100000,SYN_RAND_KIPP,5m,0.3600854,0.36101032,0.35939659,0.36000204,299198.0269
1706168400000,SYN_RAND_KIPP,5m,0.36000204,0.36093647,0.359345,0.35994059,314593.45
1706168700000,SYN_RAND_KIPP,5m,0.35994059,0.36088372,0.3593138,0.35990041,328530.9385
1706169000000,SYN_RAND_KIPP,5m,0.35990041,0.36085142,0.35930176,0.35988034,340728.2528
1706169300000,SYN_RAND_KIPP,5m,0.35988034,0.36083832,0.35930714,0.35987865,350939.4347
1706169600000,SYN_RAND_KIPP,5m,0.35987865,0.36085716,0.3593132,0.35989312,358959.9406
1706169900000,SYN_RAND_KIPP,5m,0.35989312,0.36089024,0.3593327,0.35992111,364630.9106
1706170200000,SYN_RAND_KIPP,5m,0.35992111,0.36093278,0.35936467,0.35995955,367842.4838
1706170500000,SYN_RAND_KIPP,5m,0.35995955,0.36098138,0.35940603,0.36000507,368536.0904
1706170800000,SYN_RAND_KIPP,5m,0.36000507,0.36103238,0.35945339,0.36005404,366705.6742
1706171100000,SYN_RAND_KIPP,5m,0.36005404,0.36108194,0.35950311,0.36010263,362397.8178
1706171400000,SYN_RAND_KIPP,5m,0.36010263,0.36112615,0.35955139,0.36014696,355710.77
1706171700000,SYN_RAND_KIPP,5m,0.36014696,0.3611611,0.35959433,0.36018311,346792.3937
1706172000000,SYN_RAND_KIPP,5m,0.36018311,0.36118295,0.35962803,0.36020726,335837.0798
1706172300000,SYN_RAND_KIPP,5m,0.36020726,0.36118806,0.35964868,0.36021575,323081.6877
1706172600000,SYN_RAND_KIPP,5m,0.36021575,0.36118359,0.35964211,0.36020519,308800.6015
1706172900000,SYN_RAND_KIPP,5m,0.36020519,0.36116748,0.35960391,0.36017249,293300.0014
1706173200000,SYN_RAND_KIPP,5m,0.36017249,0.36112819,0.35953995,0.36011499,276911.472
1706173500000,SYN_RAND_KIPP,5m,0.36011499,0.36106306,0.35944805,0.36003046,259985.0804
1706173800000,SYN_RAND_KIPP,5m,0.36003046,0.36096993,0.35932656,0.35991722,261167.5519
1706174100000,SYN_RAND_KIPP,5m,0.35991722,0.36084713,0.35917439,0.35977413,278834.3978
1706174400000,SYN_RAND_KIPP,5m,0.35977413,0.36069358,0.35899104,0.35960063,295946.8609
1706174700000,SYN_RAND_KIPP,5m,0.35960063,0.36050878,0.35877662,0.35939677,312155.5061
1706175000000,SYN_RAND_KIPP,5m,0.35939677,0.36029282,0.35853181,0.3591632,327129.7093
1706175300000,SYN_RAND_KIPP,5m,0.3591632,0.36004643,0.35825794,0.35890116,340564.5578
1706175600000,SYN_RAND_KIPP,5m,0.35890116,0.3597709,0.35795686,0.35861245,352187.2147
1706175900000,SYN_RAND_KIPP,5m,0.35861245,0.35946812,0.35763096,0.35829939,361762.6133
1706176200000,SYN_RAND_KIPP,5m,0.35829939,0.35914049,0.35728312,0.35796479,369098.363
1706176500000,SYN_RAND_KIPP,5m,0.35796479,0.3587909,0.35691663,0.35761187,374048.7649
1706176800000,SYN_RAND_KIPP,5m,0.35761187,0.35842263,0.3565351,0.35724419,376517.8523
1706177100000,SYN_RAND_KIPP,5m,0.35724419,0.35803935,0.35614244,0.35686557,376461.3931
1706177400000,SYN_RAND_KIPP,5m,0.35686557,0.35764495,0.35574272,0.35648002,373887.8129
1706177700000,SYN_RAND_KIPP,5m,0.35648002,0.35724353,0.35534011,0.35609165,368858.0182
1706178000000,SYN_RAND_KIPP,5m,0.35609165,0.35683928,0.35493879,0.35570455,361484.1247
1706178300000,SYN_RAND_KIPP,5m,0.35570455,0.35643639,0.35454285,0.35532275,351927.1164
1706178600000,SYN_RAND_KIPP,5m,0.35532275,0.35603897,0.35415619,0.35495009,340393.4844
1706178900000,SYN_RAND_KIPP,5m,0.35495009,0.35565093,0.35378249,0.35459019,327130.9167
1706179200000,SYN_RAND_KIPP,5m,0.35459019,0.35527597,0.35342506,0.35424629,312423.1269
1706179500000,SYN_RAND_KIPP,5m,0.35424629,0.35491741,0.35308683,0.35392125,296583.932
1706179800000,SYN_RAND_KIPP,5m,0.35392125,0.3545782,0.35277026,0.35361748,279950.7009
1706180100000,SYN_RAND_KIPP,5m,0.35361748,0.35426078,0.35247727,0.35333684,262877.3122
1706180400000,SYN_RAND_KIPP,5m,0.35333684,0.35396712,0.35220926,0.35308067,273569.6479
1706180700000,SYN_RAND_KIPP,5m,0.35308067,0.35369858,0.35196701,0.35284969,291056.4595
1706181000000,SYN_RAND_KIPP,5m,0.35284969,0.35345597,0.3517507,0.35264404,307890.9462
1706181300000,SYN_RAND_KIPP,5m,0.35264404,0.35323946,0.35155992,0.35246323,323728.1272
1706181600000,SYN_RAND_KIPP,5m,0.35246323,0.35304863,0.35139363,0.3523062,338243.7716
1706181900000,SYN_RAND_KIPP,5m,0.3523062,0.35288244,0.35125023,0.35217129,351141.1655
1706182200000,SYN_RAND_KIPP,5m,0.35217129,0.35273929,0.35112757,0.3520563,362157.3054
1706182500000,SYN_RAND_KIPP,5m,0.3520563,0.35261701,0.35102299,0.35195853,371068.387
1706182800000,SYN_RAND_KIPP,5m,0.35195853,0.35251291,0.3509334,0.35187484,377694.4766
1706183100000,SYN_RAND_KIPP,5m,0.35187484,0.3524239,0.3508553,0.3518017,381903.2668
1706183400000,SYN_RAND_KIPP,5m,0.3518017,0.35234647,0.35078491,0.35173531,383612.8372
1706183700000,SYN_RAND_KIPP,5m,0.35173531,0.35227681,0.35071823,0.35167161,382793.364
1706184000000,SYN_RAND_KIPP,5m,0.35167161,0.35221088,0.3506511,0.35160643,379467.7425
1706184300000,SYN_RAND_KIPP,5m,0.35160643,0.35214453,0.35057935,0.35153557,373711.1084
1706184600000,SYN_RAND_KIPP,5m,0.35153557,0.35207354,0.35049882,0.35145487,365649.2686
1706184900000,SYN_RAND_KIPP,5m,0.35145487,0.35199375,0.35040552,0.35136033,355456.0757
1706185200000,SYN_RAND_KIPP,5m,0.35136033,0.35190113,0.3502957,0.35124817,343349.7975
1706185500000,SYN_RAND_KIPP,5m,0.35124817,0.35179192,0.35016592,0.35111497,329588.5613
1706185800000,SYN_RAND_KIPP,5m,0.35111497,0.35166265,0.35001314,0.3509577,314464.9649
1706186100000,SYN_RAND_KIPP,5m,0.3509577,0.35151027,0.34983482,0.35077382,298299.9691
1706186400000,SYN_RAND_KIPP,5m,0.35077382,0.3513322,0.34962892,0.35056134,281436.197
1706186700000,SYN_RAND_KIPP,5m,0.35056134,0.35112641,0.34939404,0.35031884,266743.2024
1706187000000,SYN_RAND_KIPP,5m,0.35031884,0.35089147,0.34912935,0.35004557,284404.3685
1706187300000,SYN_RAND_KIPP,5m,0.35004557,0.35062655,0.3488347,0.34974141,301671.9571
1706187600000,SYN_RAND_KIPP,5m,0.34974141,0.3503315,0.34851059,0.34940691,318190.426
1706187900000,SYN_RAND_KIPP,5m,0.34940691,0.3500068,0.34815818,0.34904326,333619.7931
1706188200000,SYN_RAND_KIPP,5m,0.34904326,0.34965361,0.34777921,0.3486523,347642.7317
1706188500000,SYN_RAND_KIPP,5m,0.3486523,0.34927369,0.34737606,0.34823644,359971.195
1706188800000,SYN_RAND_KIPP,5m,0.34823644,0.34886941,0.34695161,0.34779864,370352.4271
1706189100000,SYN_RAND_KIPP,5m,0.34779864,0.34844366,0.3465092,0.34734233,378574.2398
1706189400000,SYN_RAND_KIPP,5m,0.34734233,0.3479998,0.3460526,0.34687134,384469.4404
1706189700000,SYN_RAND_KIPP,5m,0.34687134,0.3475416,0.34558584,0.34638979,387919.3218
1706190000000,SYN_RAND_KIPP,5m,0.34638979,0.34707311,0.3451132,0.34590202,388856.1399
1706190300000,SYN_RAND_KIPP,5m,0.34590202,0.34659864,0.34463904,0.34541251,387264.5272
1706190600000,SYN_RAND_KIPP,5m,0.34541251,0.34612256,0.34416776,0.34492572,383181.8132
1706190900000,SYN_RAND_KIPP,5m,0.34492572,0.34564929,0.34370367,0.34444604,376697.2452
1706191200000,SYN_RAND_KIPP,5m,0.34444604,0.34518315,0.34325087,0.34397766,367950.1247
1706191500000,SYN_RAND_KIPP,5m,0.34397766,0.34472827,0.34281321,0.34352451,357126.8996
1706191800000,SYN_RAND_KIPP,5m,0.34352451,0.34428851,0.34239413,0.34309011,344457.2718
1706192100000,SYN_RAND_KIPP,5m,0.34309011,0.34386734,0.34199665,0.34267755,330209.4023
1706192400000,SYN_RAND_KIPP,5m,0.34267755,0.34346778,0.34162325,0.3422894,314684.3135
1706192700000,SYN_RAND_KIPP,5m,0.3422894,0.34309234,0.34127584,0.34192763,298209.6053
1706193000000,SYN_RAND_KIPP,5m,0.34192763,0.34274293,0.34095568,0.34159357,281132.6166
1706193300000,SYN_RAND_KIPP,5m,0.34159357,0.34242083,0.3406634,0.34128791,275922.3311
1706193600000,SYN_RAND_KIPP,5m,0.34128791,0.34212667,0.34039894,0.34101066,293427.3122
1706193900000,SYN_RAND_KIPP,5m,0.34101066,0.34186038,0.34016155,0.34076113,310439.6907
1706194200000,SYN_RAND_KIPP,5m,0.34076113,0.34162123,0.33994983,0.34053796,326607.4731
1706194500000,SYN_RAND_KIPP,5m,0.34053796,0.34140782,0.33976175,0.34033918,341596.2112
1706194800000,SYN_RAND_KIPP,5m,0.34033918,0.34121811,0.33959468,0.34016219,355095.9832
1706195100000,SYN_RAND_KIPP,5m,0.34016219,0.34104945,0.33944545,0.34000388,366827.8628
1706195400000,SYN_RAND_KIPP,5m,0.34000388,0.34089869,0.33931045,0.33986066,376549.7411
1706195700000,SYN_RAND_KIPP,5m,0.33986066,0.34076217,0.33918567,0.33972857,384061.38
1706196000000,SYN_RAND_KIPP,5m,0.33972857,0.34063591,0.33906683,0.33960333,389208.5917
1706196300000,SYN_RAND_KIPP,5m,0.33960333,0.34051558,0.33894945,0.33948052,391886.4571
1706196600000,SYN_RAND_KIPP,5m,0.33948052,0.34039672,0.338829,0.3393556,392041.5156
1706196900000,SYN_RAND_KIPP,5m,0.3393556,0.34027475,0.33870096,0.33922406,389672.8805
1706197200000,SYN_RAND_KIPP,5m,0.33922406,0.34014516,0.33856095,0.33908156,384832.2577
1706197500000,SYN_RAND_KIPP,5m,0.33908156,0.34000356,0.33840487,0.33892397,377622.8662
1706197800000,SYN_RAND_KIPP,5m,0.33892397,0.33984581,0.33822895,0.33874753,368197.2831
1706198100000,SYN_RAND_KIPP,5m,0.33874753,0.33966816,0.33802988,0.33854893,356754.259
1706198400000,SYN_RAND_KIPP,5m,0.33854893,0.33946727,0.33780489,0.33832539,343534.5686
1706198700000,SYN_RAND_KIPP,5m,0.33832539,0.33924036,0.3375518,0.33807471,328815.9854
1706199000000,SYN_RAND_KIPP,5m,0.33807471,0.33898527,0.33726912,0.33779539,312907.4827
1706199300000,SYN_RAND_KIPP,5m,0.33779539,0.33870049,0.33695605,0.33748658,296142.7847
1706199600000,SYN_RAND_KIPP,5m,0.33748658,0.33838522,0.33661252,0.3371482,278873.3997
1706199900000,SYN_RAND_KIPP,5m,0.3371482,0.33803939,0.33623917,0.33678087,283148.1155
1706200200000,SYN_RAND_KIPP,5m,0.33678087,0.33766366,0.33583739,0.33638591,300463.5997
1706200500000,SYN_RAND_KIPP,5m,0.33638591,0.33725942,0.3354092,0.33596534,317188.3831
1706200800000,SYN_RAND_KIPP,5m,0.33596534,0.33682871,0.33495729,0.33552178,332974.5747
1706201100000,SYN_RAND_KIPP,5m,0.33552178,0.33637422,0.33448487,0.33505839,347493.7875
1706201400000,SYN_RAND_KIPP,5m,0.33505839,0.33589919,0.33399563,0.33457883,360443.9928
1706201700000,SYN_RAND_KIPP,5m,0.33457883,0.33540732,0.33349364,0.3340871,371555.8244
1706202000000,SYN_RAND_KIPP,5m,0.3340871,0.3349027,0.33298322,0.3335875,380598.2015
1706202300000,SYN_RAND_KIPP,5m,0.3335875,0.33438968,0.33246888,0.33308444,387383.152
1706202600000,SYN_RAND_KIPP,5m,0.33308444,0.33387278,0.33195514,0.33258242,391769.7361
1706202900000,SYN_RAND_KIPP,5m,0.33258242,0.33335653,0.33144647,0.33208583,393666.988
1706203200000,SYN_RAND_KIPP,5m,0.33208583,0.33284544,0.33094714,0.3315989,393035.815
1706203500000,SYN_RAND_KIPP,5m,0.3315989,0.33234379,0.33046114,0.33112554,389889.8133
1706203800000,SYN_RAND_KIPP,5m,0.33112554,0.33185558,0.32999206,0.3306693,384294.984
1706204100000,SYN_RAND_KIPP,5m,0.3306693,0.33138444,0.32954306,0.33023326,376368.3555
1706204400000,SYN_RAND_KIPP,5m,0.33023326,0.33093351,0.3291167,0.32981993,366275.5409
1706204700000,SYN_RAND_KIPP,5m,0.32981993,0.33050539,0.32871497,0.32943125,354227.2807
1706205000000,SYN_RAND_KIPP,5m,0.32943125,0.33010208,0.32833923,0.32906848,340475.0439
1706205300000,SYN_RAND_KIPP,5m,0.32906848,0.32972491,0.32799016,0.32873227,325305.7793
1706205600000,SYN_RAND_KIPP,5m,0.32873227,0.3293746,0.32766776,0.32842255,309035.9253
1706205900000,SYN_RAND_KIPP,5m,0.32842255,0.32905113,0.32737141,0.32813861,292004.805
1706206200000,SYN_RAND_KIPP,5m,0.32813861,0.32875388,0.32709981,0.32787914,274567.5435
1706206500000,SYN_RAND_KIPP,5m,0.32787914,0.32848156,0.32685114,0.32764219,288318.0271
1706206800000,SYN_RAND_KIPP,5m,0.32764219,0.32823232,0.326623,0.32742536,305414.4125
1706207100000,SYN_RAND_KIPP,5m,0.32742536,0.32800376,0.32641259,0.32722574,321823.0867
1706207400000,SYN_RAND_KIPP,5m,0.32722574,0.32779306,0.32621671,0.32704009,337200.8095
1706207700000,SYN_RAND_KIPP,5m,0.32704009,0.32759702,0.32603192,0.32686491,351225.7719
1706208000000,SYN_RAND_KIPP,5m,0.32686491,0.32741217,0.3258546,0.32669652,363604.3136
1706208300000,SYN_RAND_KIPP,5m,0.32669652,0.32723486,0.32568106,0.32653118,374077.0529
1706208600000,SYN_RAND_KIPP,5m,0.32653118,0.32706141,0.32550765,0.32636519,382424.301
1706208900000,SYN_RAND_KIPP,5m,0.32636519,0.32688813,0.32533087,0.32619498,388470.6477
1706209200000,SYN_RAND_KIPP,5m,0.32619498,0.3267115,0.32514742,0.32601723,392088.6229
1706209500000,SYN_RAND_KIPP,5m,0.32601723,0.32652821,0.32495435,0.32582894,393201.3579
1706209800000,SYN_RAND_KIPP,5m,0.32582894,0.32633529,0.32474908,0.3256275,391784.1892
1706210100000,SYN_RAND_KIPP,5m,0.3256275,0.32613014,0.32452949,0.32541076,387865.1745
1706210400000,SYN_RAND_KIPP,5m,0.32541076,0.32591062,0.32429394,0.32517708,381524.5063
1706210700000,SYN_RAND_KIPP,5m,0.32517708,0.3256751,0.32404135,0.32492533,372892.8383
1706211000000,SYN_RAND_KIPP,5m,0.32492533,0.32542246,0.32377115,0.32465495,362148.5589
1706211300000,SYN_RAND_KIPP,5m,0.32465495,0.32515214,0.32348333,0.32436592,349514.0668
1706211600000,SYN_RAND_KIPP,5m,0.32436592,0.32486411,0.32317836,0.32405873,335251.1295
1706211900000,SYN_RAND_KIPP,5m,0.32405873,0.32455885,0.32285724,0.32373437,319655.4194
1706212200000,SYN_RAND_KIPP,5m,0.32373437,0.32423733,0.32252135,0.32339425,303050.3418
1706212500000,SYN_RAND_KIPP,5m,0.32339425,0.32390096,0.32217246,0.32304018,285780.285
1706212800000,SYN_RAND_KIPP,5m,0.32304018,0.32355151,0.32181265,0.32267424,274128.3413
1706213100000,SYN_RAND_KIPP,5m,0.32267424,0.32319104,0.3214442,0.32229875,291409.0356
1706213400000,SYN_RAND_KIPP,5m,0.32229875,0.32282186,0.32106953,0.32191619,308260.5681
1706213700000,SYN_RAND_KIPP,5m,0.32191619,0.32244638,0.32069114,0.3215291,324328.6208
1706214000000,SYN_RAND_KIPP,5m,0.3215291,0.32206711,0.3203115,0.32113998,339275.1441
1706214300000,SYN_RAND_KIPP,5m,0.32113998,0.32168654,0.31993299,0.32075128,352785.4136
1706214600000,SYN_RAND_KIPP,5m,0.32075128,0.32130703,0.31955782,0.32036526,364574.5998
1706214900000,SYN_RAND_KIPP,5m,0.32036526,0.32093083,0.31918802,0.319984,374393.7133
1706215200000,SYN_RAND_KIPP,5m,0.319984,0.32055995,0.31882531,0.3196093,382034.803
1706215500000,SYN_RAND_KIPP,5m,0.3196093,0.32019613,0.31847117,0.31924268,387335.2965
1706215800000,SYN_RAND_KIPP,5m,0.31924268,0.31984085,0.31812672,0.31888533,390181.3941
1706216100000,SYN_RAND_KIPP,5m,0.31888533,0.31949524,0.31779279,0.31853815,390510.4444
1706216400000,SYN_RAND_KIPP,5m,0.31853815,0.31916012,0.31746987,0.31820169,388312.2525
1706216700000,SYN_RAND_KIPP,5m,0.31820169,0.318836,0.31715817,0.31787622,383629.2927
1706217000000,SYN_RAND_KIPP,5m,0.31787622,0.31852306,0.31685759,0.31756172,376555.8225
1706217300000,SYN_RAND_KIPP,5m,0.31756172,0.31822124,0.31656783,0.31725793,367235.9152
1706217600000,SYN_RAND_KIPP,5m,0.31725793,0.31793022,0.31628836,0.31696442,355860.4532
1706217900000,SYN_RAND_KIPP,5m,0.31696442,0.31764947,0.31601852,0.31668058,342663.1432
1706218200000,SYN_RAND_KIPP,5m,0.31668058,0.31737832,0.31575754,0.31640569,327915.639
1706218500000,SYN_RAND_KIPP,5m,0.31640569,0.31711601,0.3155046,0.31613901,311921.8707
1706218800000,SYN_RAND_KIPP,5m,0.31613901,0.3168617,0.31525886,0.31587976,295011.7013
1706219100000,SYN_RAND_KIPP,5m,0.31587976,0.31661457,0.31501954,0.31562723,277534.0416
1706219400000,SYN_RAND_KIPP,5m,0.31562723,0.31637382,0.31478592,0.31538074,275366.1676
1706219700000,SYN_RAND_KIPP,5m,0.31538074,0.31613874,0.31455737,0.31513974,292478.2259
1706220000000,SYN_RAND_KIPP,5m,0.31513974,0.31590869,0.31433341,0.3149038,309062.9947
1706220300000,SYN_RAND_KIPP,5m,0.3149038,0.3156832,0.31411366,0.3146726,324769.9021
1706220600000,SYN_RAND_KIPP,5m,0.3146726,0.31546189,0.3138979,0.31444597,339266.6212
1706220900000,SYN_RAND_KIPP,5m,0.31444597,0.31524454,0.31368602,0.31422384,352246.0069
1706221200000,SYN_RAND_KIPP,5m,0.31422384,0.31503104,0.31347801,0.31400627,363432.5083
1706221500000,SYN_RAND_KIPP,5m,0.31400627,0.31482138,0.31327395,0.31379336,372587.9201
1706221800000,SYN_RAND_KIPP,5m,0.31379336,0.31461565,0.31307394,0.31358528,379516.3555
1706222100000,SYN_RAND_KIPP,5m,0.31358528,0.31441395,0.31287811,0.31338217,384068.3355
1706222400000,SYN_RAND_KIPP,5m,0.31338217,0.31421643,0.31268656,0.31318418,386143.9094
1706222700000,SYN_RAND_KIPP,5m,0.31318418,0.31402317,0.3124993,0.31299134,385694.7415
1706223000000,SYN_RAND_KIPP,5m,0.31299134,0.3138342,0.31231623,0.31280358,382725.1206
1706223300000,SYN_RAND_KIPP,5m,0.31280358,0.31364943,0.31213712,0.31262069,377291.8706
1706223600000,SYN_RAND_KIPP,5m,0.31262069,0.31346862,0.31196157,0.31244228,369503.165
1706223900000,SYN_RAND_KIPP,5m,0.31244228,0.31329137,0.31178896,0.31226774,359516.2695
1706224200000,SYN_RAND_KIPP,5m,0.31226774,0.31311708,0.31161849,0.31209629,347534.2594
1706224500000,SYN_RAND_KIPP,5m,0.31209629,0.31294494,0.31144917,0.31192693,333801.7811
1706224800000,SYN_RAND_KIPP,5m,0.31192693,0.31277396,0.31127979,0.31175845,318599.9463
1706225100000,SYN_RAND_KIPP,5m,0.31175845,0.31260294,0.31110901,0.31158949,302240.4642
1706225400000,SYN_RAND_KIPP,5m,0.31158949,0.31243053,0.31093533,0.31141854,285059.1355
1706225700000,SYN_RAND_KIPP,5m,0.31141854,0.31225523,0.31075719,0.31124403,267408.8438
1706226000000,SYN_RAND_KIPP,5m,0.31124403,0.31207547,0.31057297,0.31106431,274736.0568
1706226300000,SYN_RAND_KIPP,5m,0.31106431,0.31188965,0.3103811,0.31087779,291660.293
1706226600000,SYN_RAND_KIPP,5m,0.31087779,0.31169618,0.3101801,0.31068294,307960.0853
1706226900000,SYN_RAND_KIPP,5m,0.31068294,0.31149357,0.30996864,0.31047841,323289.1592
1706227200000,SYN_RAND_KIPP,5m,0.31047841,0.31128051,0.30974561,0.31026304,337321.4323
1706227500000,SYN_RAND_KIPP,5m,0.31026304,0.31105588,0.3095102,0.31003598,349757.8224
1706227800000,SYN_RAND_KIPP,5m,0.31003598,0.31081887,0.30926194,0.30979671,360332.4898
1706228100000,SYN_RAND_KIPP,5m,0.30979671,0.310569,0.30900075,0.30954509,368818.3875
1706228400000,SYN_RAND_KIPP,5m,0.30954509,0.3103062,0.30872696,0.30928142,375032.0009
1706228700000,SYN_RAND_KIPP,5m,0.30928142,0.31003081,0.30844137,0.30900642,378837.179
1706229000000,SYN_RAND_KIPP,5m,0.30900642,0.30974363,0.30814521,0.30872128,380147.9765
1706229300000,SYN_RAND_KIPP,5m,0.30872128,0.30944589,0.30784017,0.30842763,378930.4488
1706229600000,SYN_RAND_KIPP,5m,0.30842763,0.3091393,0.30752836,0.30812751,375203.3609
1706229900000,SYN_RAND_KIPP,5m,0.30812751,0.30882597,0.30721226,0.30782334,369037.7961
1706230200000,SYN_RAND_KIPP,5m,0.30782334,0.30850838,0.30689468,0.30751789,360555.6732
1706230500000,SYN_RAND_KIPP,5m,0.30751789,0.30818937,0.30657867,0.30721413,349927.2014
1706230800000,SYN_RAND_KIPP,5m,0.30721413,0.30787201,0.30626748,0.30691526,337367.3288
1706231100000,SYN_RAND_KIPP,5m,0.30691526,0.30755953,0.30596441,0.30662453,323131.2557
1706231400000,SYN_RAND_KIPP,5m,0.30662453,0.30725528,0.30567277,0.30634518,307509.1084
1706231700000,SYN_RAND_KIPP,5m,0.30634518,0.30696256,0.30539577,0.30608035,290819.8835
1706232000000,SYN_RAND_KIPP,5m,0.30608035,0.30668459,0.30513637,0.30583297,273404.7902
1706232300000,SYN_RAND_KIPP,5m,0.30583297,0.30642435,0.30489727,0.30560568,255620.1285
1706232600000,SYN_RAND_KIPP,5m,0.30560568,0.30618455,0.30468075,0.3054007,272441.5036
1706232900000,SYN_RAND_KIPP,5m,0.3054007,0.30596748,0.30448864,0.30521981,289162.0145
1706233200000,SYN_RAND_KIPP,5m,0.30521981,0.30577497,0.30432222,0.30506425,305162.0366
1706233500000,SYN_RAND_KIPP,5m,0.30506425,0.30560832,0.3041822,0.30493465,320100.1367
1706233800000,SYN_RAND_KIPP,5m,0.30493465,0.30546822,0.30406866,0.30483107,333656.9901
1706234100000,SYN_RAND_KIPP,5m,0.30483107,0.30535475,0.30398103,0.30475287,345542.0464
1706234400000,SYN_RAND_KIPP,5m,0.30475287,0.30526735,0.30391812,0.30469884,355499.5952
1706234700000,SYN_RAND_KIPP,5m,0.30469884,0.30520483,0.30387812,0.3046671,363314.1043
1706235000000,SYN_RAND_KIPP,5m,0.3046671,0.30516536,0.30385865,0.30465523,368814.7191
1706235300000,SYN_RAND_KIPP,5m,0.30465523,0.30515158,0.30385175,0.30466028,371878.8297
1706235600000,SYN_RAND_KIPP,5m,0.30466028,0.30516401,0.30385064,0.30467884,372434.631
1706235900000,SYN_RAND_KIPP,5m,0.30467884,0.30518704,0.30386383,0.30470718,370462.6216
1706236200000,SYN_RAND_KIPP,5m,0.30470718,0.3052167,0.3038876,0.30474127,365996.0125
1706236500000,SYN_RAND_KIPP,5m,0.30474127,0.30524884,0.30391799,0.30477698,359120.0335
1706236800000,SYN_RAND_KIPP,5m,0.30477698,0.30527929,0.30395086,0.3048101,349970.1553
1706237100000,SYN_RAND_KIPP,5m,0.3048101,0.30530397,0.30398207,0.30483656,338729.2624
1706237400000,SYN_RAND_KIPP,5m,0.30483656,0.30531898,0.30400753,0.30485246,325623.8361
1706237700000,SYN_RAND_KIPP,5m,0.30485246,0.30532076,0.30402337,0.30485423,310919.2278
1706238000000,SYN_RAND_KIPP,5m,0.30485423,0.30532166,0.30401053,0.30483872,294914.1205
1706238300000,SYN_RAND_KIPP,5m,0.30483872,0.30530795,0.30397698,0.30480332,277934.2956
1706238600000,SYN_RAND_KIPP,5m,0.30480332,0.3052752,0.30392246,0.30474599,260325.8324
1706238900000,SYN_RAND_KIPP,5m,0.30474599,0.30522138,0.30384559,0.30466537,251784.1071
1706239200000,SYN_RAND_KIPP,5m,0.30466537,0.30514509,0.30374568,0.30456079,268750.1436
1706239500000,SYN_RAND_KIPP,5m,0.30456079,0.30504565,0.30362279,0.30443231,285253.9149
1706239800000,SYN_RAND_KIPP,5m,0.30443231,0.30492309,0.30347765,0.30428071,300942.3918
1706240100000,SYN_RAND_KIPP,5m,0.30428071,0.30477815,0.30331173,0.30410749,315479.5188
1706240400000,SYN_RAND_KIPP,5m,0.30410749,0.30461229,0.30312713,0.30391479,328553.2301
1706240700000,SYN_RAND_KIPP,5m,0.30391479,0.30442763,0.30292657,0.30370537,339881.9637
1706241000000,SYN_RAND_KIPP,5m,0.30370537,0.30422688,0.30271327,0.30348251,349220.5397
1706241300000,SYN_RAND_KIPP,5m,0.30348251,0.30401328,0.3024909,0.30324993,356365.2786
1706241600000,SYN_RAND_KIPP,5m,0.30324993,0.3037905,0.30226345,0.30301169,361158.2539
1706241900000,SYN_RAND_KIPP,5m,0.30301169,0.30356256,0.30203512,0.30277205,363490.5887
1706242200000,SYN_RAND_KIPP,5m,0.30277205,0.30333366,0.30181022,0.30253539,363304.7296
1706242500000,SYN_RAND_KIPP,5m,0.30253539,0.30310815,0.30159306,0.30230608,360595.6486
1706242800000,SYN_RAND_KIPP,5m,0.30230608,0.30289033,0.30138779,0.30208834,355410.9486
1706243100000,SYN_RAND_KIPP,5m,0.30208834,0.30268438,0.30119835,0.30188618,347849.8709
1706243400000,SYN_RAND_KIPP,5m,0.30188618,0.30249426,0.30102831,0.30170325,338061.2239
1706243700000,SYN_RAND_KIPP,5m,0.30170325,0.30232356,0.30088084,0.30154278,326240.2779
1706244000000,SYN_RAND_KIPP,5m,0.30154278,0.30217545,0.30075859,0.30140748,312624.6899
1706244300000,SYN_RAND_KIPP,5m,0.30140748,0.3020526,0.30066363,0.30129949,297489.5435
1706244600000,SYN_RAND_KIPP,5m,0.30129949,0.30195708,0.30059741,0.30122035,281141.6076
1706244900000,SYN_RAND_KIPP,5m,0.30122035,0.30189037,0.30056074,0.3011709,263912.9335
1706245200000,SYN_RAND_KIPP,5m,0.3011709,0.30185327,0.30055375,0.30115135,246153.9252
1706245500000,SYN_RAND_KIPP,5m,0.30115135,0.30185582,0.30056604,0.30116125,247146.9836
1706245800000,SYN_RAND_KIPP,5m,0.30116125,0.30190604,0.30058788,0.30119947,263983.0396
1706246100000,SYN_RAND_KIPP,5m,0.30119947,0.3019826,0.30063766,0.3012643,280259.4485
1706246400000,SYN_RAND_KIPP,5m,0.3012643,0.30208317,0.30071362,0.30135348,295627.12
1706246700000,SYN_RAND_KIPP,5m,0.30135348,0.30220492,0.30081343,0.30146422,309755.9042
1706247000000,SYN_RAND_KIPP,5m,0.30146422,0.30234461,0.30093427,0.30159335,322341.4841
1706247300000,SYN_RAND_KIPP,5m,0.30159335,0.30249866,0.3010729,0.30173733,333111.728
1706247600000,SYN_RAND_KIPP,5m,0.30173733,0.30266323,0.30122577,0.3018924,341832.3713
1706247900000,SYN_RAND_KIPP,5m,0.3018924,0.30283437,0.30138907,0.30205465,348311.9066
1706248200000,SYN_RAND_KIPP,5m,0.30205465,0.30300805,0.30155885,0.30222012,352405.5824
1706248500000,SYN_RAND_KIPP,5m,0.30222012,0.30318033,0.30173111,0.30238491,354018.4253
1706248800000,SYN_RAND_KIPP,5m,0.30238491,0.3033474,0.30190193,0.30254524,353107.2228
1706249100000,SYN_RAND_KIPP,5m,0.30254524,0.30350568,0.3020675,0.30269761,349681.4266
1706249400000,SYN_RAND_KIPP,5m,0.30269761,0.30365196,0.30222429,0.30283881,343802.9558
1706249700000,SYN_RAND_KIPP,5m,0.30283881,0.3037834,0.30236909,0.30296606,335584.9053
1706250000000,SYN_RAND_KIPP,5m,0.30296606,0.30389762,0.30249907,0.30307701,325189.1857
1706250300000,SYN_RAND_KIPP,5m,0.30307701,0.3039928,0.30261189,0.30316984,312823.1446
1706250600000,SYN_RAND_KIPP,5m,0.30316984,0.30406763,0.30270572,0.30324327,298735.2393
1706250900000,SYN_RAND_KIPP,5m,0.30324327,0.3041214,0.30277928,0.30329661,283209.8512
1706251200000,SYN_RAND_KIPP,5m,0.30329661,0.30415399,0.30283187,0.30332972,266561.3506
1706251500000,SYN_RAND_KIPP,5m,0.30332972,0.30416584,0.30286335,0.30334306,249127.5353
1706251800000,SYN_RAND_KIPP,5m,0.30334306,0.3041634,0.30286875,0.30333762,231262.5806
1706252100000,SYN_RAND_KIPP,5m,0.30333762,0.30415458,0.30284268,0.3033149,241805.5601
1706252400000,SYN_RAND_KIPP,5m,0.3033149,0.30412758,0.30280049,0.3032769,258501.8889
1706252700000,SYN_RAND_KIPP,5m,0.3032769,0.3040844,0.30274457,0.303226,274542.1217
1706253000000,SYN_RAND_KIPP,5m,0.303226,0.30402746,0.30267769,0.30316494,289581.6553
1706253300000,SYN_RAND_KIPP,5m,0.30316494,0.30395955,0.30260288,0.30309672,303296.7636
1706253600000,SYN_RAND_KIPP,5m,0.30309672,0.30388371,0.30252337,0.30302454,315391.3561
1706253900000,SYN_RAND_KIPP,5m,0.30302454,0.30380319,0.30244253,0.30295174,325603.1584
1706254200000,SYN_RAND_KIPP,5m,0.30295174,0.30372135,0.30236373,0.30288166,333709.1883
1706254500000,SYN_RAND_KIPP,5m,0.30288166,0.30364162,0.30229033,0.30281761,339530.4109
1706254800000,SYN_RAND_KIPP,5m,0.30281761,0.30356736,0.30222556,0.30276278,342935.4761
1706255100000,SYN_RAND_KIPP,5m,0.30276278,0.30350181,0.30217247,0.30272018,343843.4618
1706255400000,SYN_RAND_KIPP,5m,0.30272018,0.30344804,0.30213386,0.30269257,342225.5635
1706255700000,SYN_RAND_KIPP,5m,0.30269257,0.30340887,0.30211223,0.30268237,338105.696
1706256000000,SYN_RAND_KIPP,5m,0.30268237,0.30339609,0.30210038,0.30269168,331559.9958
1706256300000,SYN_RAND_KIPP,5m,0.30269168,0.30341444,0.3020975,0.30272217,322715.2321
1706256600000,SYN_RAND_KIPP,5m,0.30272217,0.30345503,0.30211552,0.30277512,311746.1614
1706256900000,SYN_RAND_KIPP,5m,0.30277512,0.30351876,0.30215575,0.30285133,298871.8808
1706257200000,SYN_RAND_KIPP,5m,0.30285133,0.3031595,0.30255215,0.30284968,172026.6455
1706257500000,SYN_RAND_KIPP,5m,0.30284968,0.3031634,0.30254613,0.30286125,162038.7577
1706257800000,SYN_RAND_KIPP,5m,0.30286125,0.30318215,0.30255168,0.302886,151140.3432
1706258100000,SYN_RAND_KIPP,5m,0.302886,0.30321377,0.30257042,0.30292357,139656.1916
1706258400000,SYN_RAND_KIPP,5m,0.30292357,0.30325765,0.30260204,0.30297334,135213.5824
1706258700000,SYN_RAND_KIPP,5m,0.30297334,0.3033129,0.30264592,0.30303436,147621.7237
1706259000000,SYN_RAND_KIPP,5m,0.30303436,0.30337837,0.30270118,0.30310549,159579.0462
1706259300000,SYN_RAND_KIPP,5m,0.30310549,0.3034527,0.30276668,0.3031853,170752.7466
1706259600000,SYN_RAND_KIPP,5m,0.3031853,0.30353433,0.30284103,0.30327223,180832.5562
1706259900000,SYN_RAND_KIPP,5m,0.30327223,0.30362156,0.3029227,0.30336456,189539.6652
1706260200000,SYN_RAND_KIPP,5m,0.30336456,0.3037126,0.30300998,0.30346045,196634.7431
1706260500000,SYN_RAND_KIPP,5m,0.30346045,0.30380559,0.30310108,0.30355804,201924.8217
1706260800000,SYN_RAND_KIPP,5m,0.30355804,0.30389871,0.30319416,0.30365548,205268.8457
1706261100000,SYN_RAND_KIPP,5m,0.30365548,0.30399015,0.30328738,0.30375095,206581.7289
1706261400000,SYN_RAND_KIPP,5m,0.30375095,0.30407826,0.30337896,0.30384275,205836.8006
1706261700000,SYN_RAND_KIPP,5m,0.30384275,0.30416148,0.30346721,0.30392933,203066.5709
1706262000000,SYN_RAND_KIPP,5m,0.30392933,0.3042385,0.30355062,0.30400935,198361.7936
1706262300000,SYN_RAND_KIPP,5m,0.30400935,0.3043082,0.30362785,0.30408169,191868.8539
1706262600000,SYN_RAND_KIPP,5m,0.30408169,0.30436977,0.30369779,0.3041455,183785.5546
1706262900000,SYN_RAND_KIPP,5m,0.3041455,0.30442264,0.30375962,0.30420023,174355.4235
1706263200000,SYN_RAND_KIPP,5m,0.30420023,0.3044666,0.30381279,0.30424564,163860.7057
1706263500000,SYN_RAND_KIPP,5m,0.30424564,0.30450172,0.30385707,0.3042818,152614.2412
1706263800000,SYN_RAND_KIPP,5m,0.3042818,0.30452841,0.30389254,0.30430911,140950.4627
1706264100000,SYN_RAND_KIPP,5m,0.30430911,0.30454736,0.30391959,0.30432826,148604.0704
1706264400000,SYN_RAND_KIPP,5m,0.30432826,0.30455957,0.30393893,0.30434025,160812.8298
1706264700000,SYN_RAND_KIPP,5m,0.30434025,0.30456631,0.30395154,0.30434634,172400.7737
1706265000000,SYN_RAND_KIPP,5m,0.30434634,0.30456906,0.30395869,0.30434801,183045.2224
1706265300000,SYN_RAND_KIPP,5m,0.30434801,0.30457054,0.3039608,0.30434696,192450.5969
1706265600000,SYN_RAND_KIPP,5m,0.30434696,0.30457139,0.30396075,0.30434502,200356.9216
1706265900000,SYN_RAND_KIPP,5m,0.30434502,0.30457174,0.30396213,0.30434409,206547.3016
1706266200000,SYN_RAND_KIPP,5m,0.30434409,0.30457558,0.30396482,0.30434617,210854.1617
1706266500000,SYN_RAND_KIPP,5m,0.30434617,0.30458568,0.30396996,0.30435319,213164.0658
1706266800000,SYN_RAND_KIPP,5m,0.30435319,0.30460299,0.30398041,0.30436707,213420.9784
1706267100000,SYN_RAND_KIPP,5m,0.30436707,0.30462929,0.30399804,0.30438958,211627.8759
1706267400000,SYN_RAND_KIPP,5m,0.30438958,0.30466616,0.30402463,0.30442234,207846.6584
1706267700000,SYN_RAND_KIPP,5m,0.30442234,0.304715,0.30406175,0.30446674,202196.3682
1706268000000,SYN_RAND_KIPP,5m,0.30446674,0.30477692,0.30411079,0.30452394,194849.7622
1706268300000,SYN_RAND_KIPP,5m,0.30452394,0.30485279,0.30417287,0.30459481,186028.3411
1706268600000,SYN_RAND_KIPP,5m,0.30459481,0.30494313,0.30424885,0.3046799,175995.974
1706268900000,SYN_RAND_KIPP,5m,0.3046799,0.30504816,0.30433924,0.30477946,165051.3064
1706269200000,SYN_RAND_KIPP,5m,0.30477946,0.30516773,0.30444426,0.30489336,153519.1653
1706269500000,SYN_RAND_KIPP,5m,0.30489336,0.3053014,0.30456378,0.30502119,149061.0212
1706269800000,SYN_RAND_KIPP,5m,0.30502119,0.30544835,0.30469733,0.30516217,161416.9731
1706270100000,SYN_RAND_KIPP,5m,0.30516217,0.30560749,0.30484412,0.30531521,173319.4415
1706270400000,SYN_RAND_KIPP,5m,0.30531521,0.30577743,0.30500304,0.30547898,184435.6568
1706270700000,SYN_RAND_KIPP,5m,0.30547898,0.30595654,0.3051727,0.30565186,194455.3973
1706271000000,SYN_RAND_KIPP,5m,0.30565186,0.30614296,0.30535148,0.30583204,203099.913
1706271300000,SYN_RAND_KIPP,5m,0.30583204,0.3063347,0.30553753,0.30601755,210129.9434
1706271600000,SYN_RAND_KIPP,5m,0.30601755,0.30652964,0.30572885,0.3062063,215352.5999
1706271900000,SYN_RAND_KIPP,5m,0.3062063,0.30672562,0.30592334,0.30639617,218626.9139
1706272200000,SYN_RAND_KIPP,5m,0.30639617,0.30692048,0.30611884,0.30658502,219867.8907
1706272500000,SYN_RAND_KIPP,5m,0.30658502,0.30711213,0.30631318,0.3067708,219048.9539
1706272800000,SYN_RAND_KIPP,5m,0.3067708,0.30729857,0.30650427,0.30695156,216202.7077
1706273100000,SYN_RAND_KIPP,5m,0.30695156,0.30747802,0.30669016,0.30712552,211419.9985
1706273400000,SYN_RAND_KIPP,5m,0.30712552,0.3076489,0.30686903,0.30729114,204847.2988
1706273700000,SYN_RAND_KIPP,5m,0.30729114,0.30780989,0.30703932,0.30744713,196682.4927
1706274000000,SYN_RAND_KIPP,5m,0.30744713,0.30795999,0.30719971,0.30759252,187169.1802
1706274300000,SYN_RAND_KIPP,5m,0.30759252,0.30809854,0.30734921,0.30772666,176589.6685
1706274600000,SYN_RAND_KIPP,5m,0.30772666,0.3082252,0.30748715,0.30784926,165256.8476
1706274900000,SYN_RAND_KIPP,5m,0.30784926,0.30834003,0.30761321,0.30796038,153505.1877
1706275200000,SYN_RAND_KIPP,5m,0.30796038,0.30844345,0.30772745,0.30806045,161103.3073
1706275500000,SYN_RAND_KIPP,5m,0.30806045,0.30853621,0.30783028,0.30815027,173219.9204
1706275800000,SYN_RAND_KIPP,5m,0.30815027,0.30861943,0.30792246,0.30823093,184713.2841
1706276100000,SYN_RAND_KIPP,5m,0.30823093,0.3086945,0.3080051,0.30830387,195260.7654
1706276400000,SYN_RAND_KIPP,5m,0.30830387,0.3087631,0.3080796,0.30837077,204566.845
1706276700000,SYN_RAND_KIPP,5m,0.30837077,0.30882713,0.30814764,0.30843352,212371.6181
1706277000000,SYN_RAND_KIPP,5m,0.30843352,0.30888866,0.30821111,0.30849421,218458.2713
1706277300000,SYN_RAND_KIPP,5m,0.30849421,0.30894987,0.30827208,0.30855502,222659.3185
1706277600000,SYN_RAND_KIPP,5m,0.30855502,0.309013,0.30833274,0.30861817,224861.4188
1706277900000,SYN_RAND_KIPP,5m,0.30861817,0.30908028,0.3083953,0.30868591,225008.6359
1706278200000,SYN_RAND_KIPP,5m,0.30868591,0.30915386,0.30846202,0.30876038,223104.0465
1706278500000,SYN_RAND_KIPP,5m,0.30876038,0.3092358,0.30853504,0.30884362,219209.6502
1706278800000,SYN_RAND_KIPP,5m,0.30884362,0.30932792,0.30861639,0.30893746,213444.585
1706279100000,SYN_RAND_KIPP,5m,0.30893746,0.30943186,0.30870793,0.30904352,205981.6985
1706279400000,SYN_RAND_KIPP,5m,0.30904352,0.30954895,0.30881128,0.30916311,197042.5736
1706279700000,SYN_RAND_KIPP,5m,0.30916311,0.3096802,0.30892775,0.30929723,186891.1526
1706280000000,SYN_RAND_KIPP,5m,0.30929723,0.30982627,0.30905837,0.30944653,175826.1425
1706280300000,SYN_RAND_KIPP,5m,0.30944653,0.30998748,0.30920381,0.30961131,164172.42
1706280600000,SYN_RAND_KIPP,5m,0.30961131,0.31016373,0.30936436,0.30979145,159625.6577
1706280900000,SYN_RAND_KIPP,5m,0.30979145,0.31035457,0.30953995,0.30998649,171856.8562
1706281200000,SYN_RAND_KIPP,5m,0.30998649,0.31055918,0.30973013,0.31019557,183632.4384
1706281500000,SYN_RAND_KIPP,5m,0.31019557,0.31077638,0.30993406,0.31041751,194619.6801
1706281800000,SYN_RAND_KIPP,5m,0.31041751,0.31100468,0.31015058,0.31065078,204508.4179
1706282100000,SYN_RAND_KIPP,5m,0.31065078,0.3112423,0.31037819,0.31089358,213019.9724
1706282400000,SYN_RAND_KIPP,5m,0.31089358,0.31148723,0.31061514,0.31114389,219915.1648
1706282700000,SYN_RAND_KIPP,5m,0.31114389,0.3117373,0.31085941,0.31139949,225001.1972
1706283000000,SYN_RAND_KIPP,5m,0.31139949,0.31199017,0.31110882,0.31165805,228137.1983
1706283300000,SYN_RAND_KIPP,5m,0.31165805,0.3122435,0.31136107,0.31191717,229238.276
1706283600000,SYN_RAND_KIPP,5m,0.31191717,0.31249491,0.31161379,0.31217445,228277.9588
1706283900000,SYN_RAND_KIPP,5m,0.31217445,0.3127421,0.31186463,0.31242757,225288.9561
1706284200000,SYN_RAND_KIPP,5m,0.31242757,0.31298292,0.31211129,0.31267434,220362.2169
1706284500000,SYN_RAND_KIPP,5m,0.31267434,0.3132154,0.31235162,0.31291278,213644.3121
1706284800000,SYN_RAND_KIPP,5m,0.31291278,0.31343783,0.31258366,0.31314112,205333.2169
1706285100000,SYN_RAND_KIPP,5m,0.31314112,0.31364878,0.31280569,0.31335793,195672.6141
1706285400000,SYN_RAND_KIPP,5m,0.31335793,0.31384719,0.3130163,0.3135621,184944.883
1706285700000,SYN_RAND_KIPP,5m,0.3135621,0.31403234,0.31321442,0.31375289,173462.9737
1706286000000,SYN_RAND_KIPP,5m,0.31375289,0.31420394,0.31339935,0.31392997,161561.4037
1706286300000,SYN_RAND_KIPP,5m,0.31392997,0.31436207,0.31357077,0.31409341,169042.7189
1706286600000,SYN_RAND_KIPP,5m,0.31409341,0.31450723,0.31372879,0.31424366,181006.5917
1706286900000,SYN_RAND_KIPP,5m,0.31424366,0.31464032,0.31387389,0.31438161,192345.514
1706287200000,SYN_RAND_KIPP,5m,0.31438161,0.31476258,0.31400696,0.31450846,202736.9088
1706287500000,SYN_RAND_KIPP,5m,0.31450846,0.31487563,0.31412927,0.3146258,211885.3256
1706287800000,SYN_RAND_KIPP,5m,0.3146258,0.31498132,0.31424239,0.31473549,219530.9404
1706288100000,SYN_RAND_KIPP,5m,0.31473549,0.31508181,0.31434821,0.31483962,225457.0296
1706288400000,SYN_RAND_KIPP,5m,0.31483962,0.31517937,0.31444884,0.31494047,229496.2058
1706288700000,SYN_RAND_KIPP,5m,0.31494047,0.31527644,0.31454658,0.31504045,231535.232
1706289000000,SYN_RAND_KIPP,5m,0.31504045,0.31537548,0.31464384,0.315142,231518.2799
1706289300000,SYN_RAND_KIPP,5m,0.315142,0.31547894,0.31474309,0.31524756,229448.5351
1706289600000,SYN_RAND_KIPP,5m,0.31524756,0.31558918,0.31484676,0.31535948,225388.1051
1706289900000,SYN_RAND_KIPP,5m,0.31535948,0.31570841,0.31495722,0.31547996,219456.2324
1706290200000,SYN_RAND_KIPP,5m,0.31547996,0.3158386,0.31507664,0.31561095,211825.8628
1706290500000,SYN_RAND_KIPP,5m,0.31561095,0.31598149,0.31520703,0.31575419,202718.6702
1706290800000,SYN_RAND_KIPP,5m,0.31575419,0.31613844,0.31535008,0.31591104,192398.6777
1706291100000,SYN_RAND_KIPP,5m,0.31591104,0.3163105,0.31550718,0.31608255,181164.662
1706291400000,SYN_RAND_KIPP,5m,0.31608255,0.31649829,0.31567935,0.31626933,169341.5566
1706291700000,SYN_RAND_KIPP,5m,0.31626933,0.31670203,0.31586722,0.3164716,164659.2436
1706292000000,SYN_RAND_KIPP,5m,0.3164716,0.31692151,0.316071,0.31668918,176719.6324
1706292300000,SYN_RAND_KIPP,5m,0.31668918,0.31715611,0.31629048,0.31692143,188323.1565
1706292600000,SYN_RAND_KIPP,5m,0.31692143,0.31740479,0.31652504,0.31716733,199137.1438
1706292900000,SYN_RAND_KIPP,5m,0.31716733,0.31766613,0.31677364,0.31742549,208851.4966
1706293200000,SYN_RAND_KIPP,5m,0.31742549,0.31793838,0.31703487,0.31769415,217187.6132
1706293500000,SYN_RAND_KIPP,5m,0.31769415,0.31821949,0.31730697,0.31797128,223906.403
1706293800000,SYN_RAND_KIPP,5m,0.31797128,0.31850775,0.31758696,0.3182546,228815.165
1706294100000,SYN_RAND_KIPP,5m,0.3182546,0.31880265,0.31786974,0.31854165,231773.1324
1706294400000,SYN_RAND_KIPP,5m,0.31854165,0.31909676,0.31816008,0.31882986,232695.5217
1706294700000,SYN_RAND_KIPP,5m,0.31882986,0.31938728,0.31845533,0.31911662,231555.9723
1706295000000,SYN_RAND_KIPP,5m,0.31911662,0.3196724,0.31875144,0.31939934,228387.3049
1706295300000,SYN_RAND_KIPP,5m,0.31939934,0.31995442,0.3190394,0.31967557,223280.5771
1706295600000,SYN_RAND_KIPP,5m,0.31967557,0.32022786,0.31932107,0.31994301,216382.4636
1706295900000,SYN_RAND_KIPP,5m,0.31994301,0.32049064,0.31959416,0.32019961,207891.0364
1706296200000,SYN_RAND_KIPP,5m,0.32019961,0.32074098,0.31985657,0.32044362,198050.0666
1706296500000,SYN_RAND_KIPP,5m,0.32044362,0.32097747,0.32010654,0.32067367,187142.0105
1706296800000,SYN_RAND_KIPP,5m,0.32067367,0.32119907,0.32034264,0.32088875,175479.8839
1706297100000,SYN_RAND_KIPP,5m,0.32088875,0.32140519,0.32056386,0.3210883,163398.256
1706297400000,SYN_RAND_KIPP,5m,0.3210883,0.32159567,0.32076959,0.32127221,170733.6038
1706297700000,SYN_RAND_KIPP,5m,0.32127221,0.32177082,0.32095969,0.3214408,182516.5639
1706298000000,SYN_RAND_KIPP,5m,0.3214408,0.32193137,0.32113444,0.32159484,193673.8675
1706298300000,SYN_RAND_KIPP,5m,0.32159484,0.32207849,0.3212946,0.32173554,203882.9981
1706298600000,SYN_RAND_KIPP,5m,0.32173554,0.32221372,0.32144132,0.32186447,212848.5782
1706298900000,SYN_RAND_KIPP,5m,0.32186447,0.32233895,0.32157615,0.32198354,220310.868
1706299200000,SYN_RAND_KIPP,5m,0.32198354,0.32245636,0.32170097,0.32209497,226053.2385
1706299500000,SYN_RAND_KIPP,5m,0.32209497,0.32256835,0.32181795,0.32220118,229908.4039
1706299800000,SYN_RAND_KIPP,5m,0.32220118,0.32267747,0.3219295,0.32230474,231763.2351
1706300100000,SYN_RAND_KIPP,5m,0.32230474,0.32278633,0.32203816,0.32240831,231562.0149
1706300400000,SYN_RAND_KIPP,5m,0.32240831,0.32289756,0.32214654,0.32251452,229308.041
1706300700000,SYN_RAND_KIPP,5m,0.32251452,0.3230137,0.32225725,0.32262594,225063.5319
1706301000000,SYN_RAND_KIPP,5m,0.32262594,0.32313712,0.32237285,0.32274495,218947.8373
1706301300000,SYN_RAND_KIPP,5m,0.32274495,0.32326996,0.32249569,0.32287374,211134.0044
1706301600000,SYN_RAND_KIPP,5m,0.32287374,0.32341408,0.32262792,0.32301416,201843.7999
1706301900000,SYN_RAND_KIPP,5m,0.32301416,0.32357099,0.32277139,0.32316772,191341.3305
1706302200000,SYN_RAND_KIPP,5m,0.32316772,0.32374176,0.3229276,0.32333555,179925.4446
1706302500000,SYN_RAND_KIPP,5m,0.32333555,0.32392708,0.32309764,0.32351831,167921.1347
1706302800000,SYN_RAND_KIPP,5m,0.32351831,0.32412713,0.32328218,0.32371622,163092.4939
1706303100000,SYN_RAND_KIPP,5m,0.32371622,0.32434167,0.32348142,0.32392903,174972.3411
1706303400000,SYN_RAND_KIPP,5m,0.32392903,0.32456995,0.32369511,0.32415602,186395.1232
1706303700000,SYN_RAND_KIPP,5m,0.32415602,0.32481082,0.3239225,0.32439603,197028.2218
1706304000000,SYN_RAND_KIPP,5m,0.32439603,0.32506268,0.32416245,0.32464747,206561.606
1706304300000,SYN_RAND_KIPP,5m,0.32464747,0.32532359,0.32441337,0.32490839,214716.7527
1706304600000,SYN_RAND_KIPP,5m,0.32490839,0.32559126,0.3246733,0.32517654,221254.6603
1706304900000,SYN_RAND_KIPP,5m,0.32517654,0.3258632,0.32494,0.32544938,225982.726
1706305200000,SYN_RAND_KIPP,5m,0.32544938,0.32613669,0.32521094,0.32572423,228760.2874
1706305500000,SYN_RAND_KIPP,5m,0.32572423,0.32640896,0.32548345,0.3259983,229502.6702
1706305800000,SYN_RAND_KIPP,5m,0.3259983,0.32667721,0.32575474,0.32626877,228183.6252
1706306100000,SYN_RAND_KIPP,5m,0.32626877,0.32693871,0.32602203,0.32653292,224836.0841
1706306400000,SYN_RAND_KIPP,5m,0.32653292,0.32719089,0.32628258,0.32678816,219551.2129
1706306700000,SYN_RAND_KIPP,5m,0.32678816,0.3274314,0.32653384,0.32703214,212475.7901
1706307000000,SYN_RAND_KIPP,5m,0.32703214,0.32765822,0.32677348,0.32726281,203807.984
1706307300000,SYN_RAND_KIPP,5m,0.32726281,0.32786968,0.32699947,0.32747849,193791.6531
1706307600000,SYN_RAND_KIPP,5m,0.32747849,0.32806456,0.32721016,0.32767793,182709.3302
1706307900000,SYN_RAND_KIPP,5m,0.32767793,0.32824207,0.32740432,0.32786033,170874.0953
1706308200000,SYN_RAND_KIPP,5m,0.32786033,0.32840193,0.32758116,0.32802537,158620.5689
1706308500000,SYN_RAND_KIPP,5m,0.32802537,0.32854435,0.32774042,0.32817325,165819.1562
1706308800000,SYN_RAND_KIPP,5m,0.32817325,0.32867003,0.3278823,0.32830463,177431.4575
1706309100000,SYN_RAND_KIPP,5m,0.32830463,0.32878016,0.32800752,0.32842067,188418.4419
1706309400000,SYN_RAND_KIPP,5m,0.32842067,0.32887634,0.32811723,0.32852293,198457.6516
1706309700000,SYN_RAND_KIPP,5m,0.32852293,0.32896057,0.32821306,0.3286134,207253.7802
1706310000000,SYN_RAND_KIPP,5m,0.3286134,0.32903518,0.328297,0.32869435,214547.1705
1706310300000,SYN_RAND_KIPP,5m,0.32869435,0.32910273,0.32837137,0.32876832,220121.2849
1706310600000,SYN_RAND_KIPP,5m,0.32876832,0.32916598,0.32843874,0.32883802,223808.9373
1706310900000,SYN_RAND_KIPP,5m,0.32883802,0.32922774,0.32850184,0.32890625,225497.1039
1706311200000,SYN_RAND_KIPP,5m,0.32890625,0.32929085,0.3285635,0.32897578,225130.1755
1706311500000,SYN_RAND_KIPP,5m,0.32897578,0.32935803,0.32862654,0.32904932,222711.5594
1706311800000,SYN_RAND_KIPP,5m,0.32904932,0.32943185,0.32869368,0.3291294,218303.5819
1706312100000,SYN_RAND_KIPP,5m,0.3291294,0.3295146,0.32876747,0.32921827,212025.6963
1706312400000,SYN_RAND_KIPP,5m,0.32921827,0.32960825,0.32885022,0.32931787,204051.0478
1706312700000,SYN_RAND_KIPP,5m,0.32931787,0.3297144,0.32894387,0.32942976,194601.4928
1706313000000,SYN_RAND_KIPP,5m,0.32942976,0.32983417,0.32905002,0.32955504,183941.2174
1706313300000,SYN_RAND_KIPP,5m,0.32955504,0.32996824,0.3291698,0.32969437,172369.1378
1706313600000,SYN_RAND_KIPP,5m,0.32969437,0.3301168,0.32930389,0.3298479,160210.3016
1706313900000,SYN_RAND_KIPP,5m,0.3298479,0.33027953,0.32945245,0.33001527,155263.0079
1706314200000,SYN_RAND_KIPP,5m,0.33001527,0.33045561,0.32961518,0.33019567,166990.9805
1706314500000,SYN_RAND_KIPP,5m,0.33019567,0.33064379,0.32979126,0.33038781,178262.676
1706314800000,SYN_RAND_KIPP,5m,0.33038781,0.33084237,0.32997943,0.33058997,188745.5251
1706315100000,SYN_RAND_KIPP,5m,0.33058997,0.33104932,0.33017801,0.33080009,198129.5586
1706315400000,SYN_RAND_KIPP,5m,0.33080009,0.33126226,0.33038495,0.33101581,206136.3272
1706315700000,SYN_RAND_KIPP,5m,0.33101581,0.33147863,0.33059789,0.33123452,212526.9133
1706316000000,SYN_RAND_KIPP,5m,0.33123452,0.3316957,0.33081425,0.33145349,217108.8068
1706316300000,SYN_RAND_KIPP,5m,0.33145349,0.33191068,0.33103133,0.33166994,219741.4442
1706316600000,SYN_RAND_KIPP,5m,0.33166994,0.33212084,0.33124634,0.3318811,220340.2549
1706316900000,SYN_RAND_KIPP,5m,0.3318811,0.33232352,0.33145653,0.33208434,218879.0951
1706317200000,SYN_RAND_KIPP,5m,0.33208434,0.33251631,0.33165927,0.33227721,215391.0017
1706317500000,SYN_RAND_KIPP,5m,0.33227721,0.33269705,0.33185213,0.33245758,209967.2433
1706317800000,SYN_RAND_KIPP,5m,0.33245758,0.33286392,0.33203297,0.33262362,202754.6955
1706318100000,SYN_RAND_KIPP,5m,0.33262362,0.33301552,0.33219996,0.33277393,193951.6169
1706318400000,SYN_RAND_KIPP,5m,0.33277393,0.33315088,0.33235171,0.33290754,183801.9466
1706318700000,SYN_RAND_KIPP,5m,0.33290754,0.33326949,0.33248724,0.33302398,172588.2874
1706319000000,SYN_RAND_KIPP,5m,0.33302398,0.33337135,0.33260605,0.33312323,160623.7767
1706319300000,SYN_RAND_KIPP,5m,0.33312323,0.3334569,0.33270812,0.33320577,148243.079
1706319600000,SYN_RAND_KIPP,5m,0.33320577,0.33352708,0.33279392,0.33327252,155350.5199
1706319900000,SYN_RAND_KIPP,5m,0.33327252,0.33358322,0.33286435,0.33332485,166838.6567
1706320200000,SYN_RAND_KIPP,5m,0.33332485,0.33362703,0.33292074,0.33336448,177702.6896
1706320500000,SYN_RAND_KIPP,5m,0.33336448,0.33366054,0.33296482,0.33339346,187620.2117
1706320800000,SYN_RAND_KIPP,5m,0.33339346,0.33368602,0.3329986,0.33341409,196295.9805
1706321100000,SYN_RAND_KIPP,5m,0.33341409,0.33370591,0.33302435,0.33342883,203470.4129
1706321400000,SYN_RAND_KIPP,5m,0.33342883,0.33372274,0.33304449,0.33344022,208927.0556
1706321700000,SYN_RAND_KIPP,5m,0.33344022,0.33373902,0.33306155,0.33345081,212498.8139
1706322000000,SYN_RAND_KIPP,5m,0.33345081,0.33375721,0.33307804,0.33346308,214072.7607
1706322300000,SYN_RAND_KIPP,5m,0.33346308,0.33377959,0.3330964,0.33347934,213593.3871
1706322600000,SYN_RAND_KIPP,5m,0.33347934,0.33380821,0.33311892,0.33350168,211064.2012
1706322900000,SYN_RAND_KIPP,5m,0.33350168,0.33384485,0.33314764,0.33353189,206547.6285
1706323200000,SYN_RAND_KIPP,5m,0.33353189,0.33389091,0.33318433,0.33357141,200163.2175
1706323500000,SYN_RAND_KIPP,5m,0.33357141,0.33394744,0.3332304,0.33362131,192084.2024
1706323800000,SYN_RAND_KIPP,5m,0.33362131,0.33401503,0.33328687,0.33368222,182532.5201
1706324100000,SYN_RAND_KIPP,5m,0.33368222,0.33409388,0.33335435,0.33375438,171772.4272
1706324400000,SYN_RAND_KIPP,5m,0.33375438,0.33418374,0.33343304,0.33383757,160102.8985
1706324700000,SYN_RAND_KIPP,5m,0.33383757,0.33428395,0.33352269,0.33393115,147849.0275
1706325000000,SYN_RAND_KIPP,5m,0.33393115,0.33439347,0.33362263,0.33403412,142843.3092
1706325300000,SYN_RAND_KIPP,5m,0.33403412,0.33451088,0.33373183,0.33414511,154480.3624
1706325600000,SYN_RAND_KIPP,5m,0.33414511,0.3346345,0.33384888,0.33426244,165662.6446
1706325900000,SYN_RAND_KIPP,5m,0.33426244,0.33476237,0.33397208,0.3343842,176057.6257
1706326200000,SYN_RAND_KIPP,5m,0.3343842,0.33489236,0.33409949,0.3345083,185355.3886
1706326500000,SYN_RAND_KIPP,5m,0.3345083,0.33502225,0.33422899,0.33463254,193277.5477
1706326800000,SYN_RAND_KIPP,5m,0.33463254,0.33514974,0.33435836,0.33475466,199585.2594
1706327100000,SYN_RAND_KIPP,5m,0.33475466,0.33527261,0.33448531,0.33487246,204086.0957
1706327400000,SYN_RAND_KIPP,5m,0.33487246,0.33538871,0.33460761,0.33498381,206639.5823
1706327700000,SYN_RAND_KIPP,5m,0.33498381,0.33549606,0.33472313,0.33508678,207161.2414
1706328000000,SYN_RAND_KIPP,5m,0.33508678,0.33559291,0.33482989,0.33517963,205625.0243
1706328300000,SYN_RAND_KIPP,5m,0.33517963,0.33567779,0.33492615,0.33526091,202064.0625
1706328600000,SYN_RAND_KIPP,5m,0.33526091,0.33574953,0.33501044,0.33532947,196569.7162
1706328900000,SYN_RAND_KIPP,5m,0.33532947,0.3358073,0.3350816,0.33538452,189288.9475
1706329200000,SYN_RAND_KIPP,5m,0.33538452,0.33585065,0.3351388,0.33542559,180420.0942
1706329500000,SYN_RAND_KIPP,5m,0.33542559,0.33587948,0.3351816,0.33545262,170207.1651
1706329800000,SYN_RAND_KIPP,5m,0.33545262,0.33589405,0.3352099,0.33546586,158932.8218
1706330100000,SYN_RAND_KIPP,5m,0.33546586,0.33589497,0.33522396,0.33546594,146910.2479
1706330400000,SYN_RAND_KIPP,5m,0.33546594,0.33589532,0.33521223,0.33545378,134474.1407
1706330700000,SYN_RAND_KIPP,5m,0.33545378,0.33588303,0.33518892,0.33543058,141562.7334
1706331000000,SYN_RAND_KIPP,5m,0.33543058,0.33585921,0.33515553,0.33539777,152999.5301
1706331300000,SYN_RAND_KIPP,5m,0.33539777,0.33582529,0.33511368,0.33535696,163813.9503
1706331600000,SYN_RAND_KIPP,5m,0.33535696,0.3357829,0.33506511,0.33530988,173683.6271
1706331900000,SYN_RAND_KIPP,5m,0.33530988,0.33573378,0.33501163,0.33525835,182313.3695
1706332200000,SYN_RAND_KIPP,5m,0.33525835,0.33567976,0.33495507,0.33520418,189836.5112
1706332500000,SYN_RAND_KIPP,5m,0.33520418,0.33562266,0.33489722,0.33514915,196036.6087
1706332800000,SYN_RAND_KIPP,5m,0.33514915,0.33556428,0.33483977,0.33509494,200353.6683
1706333100000,SYN_RAND_KIPP,5m,0.33509494,0.33550632,0.33478427,0.33504308,202674.7234
1706333400000,SYN_RAND_KIPP,5m,0.33504308,0.33545033,0.33473209,0.33499493,202944.2287
1706333700000,SYN_RAND_KIPP,5m,0.33499493,0.33539769,0.33468439,0.33495162,201165.6564
1706334000000,SYN_RAND_KIPP,5m,0.33495162,0.33534956,0.33464207,0.33491403,197401.3946
1706334300000,SYN_RAND_KIPP,5m,0.33491403,0.33530684,0.33460577,0.33488279,191770.9507
1706334600000,SYN_RAND_KIPP,5m,0.33488279,0.33527018,0.33457586,0.33485824,184447.5114
1706334900000,SYN_RAND_KIPP,5m,0.33485824,0.33523996,0.33455244,0.33484043,175652.9579
1706335200000,SYN_RAND_KIPP,5m,0.33484043,0.33521625,0.33453531,0.33482918,165651.4809
1706335500000,SYN_RAND_KIPP,5m,0.33482918,0.3351989,0.33452407,0.334824,154741.9777
1706335800000,SYN_RAND_KIPP,5m,0.334824,0.33518767,0.33451781,0.33482421,143249.4515
1706336100000,SYN_RAND_KIPP,5m,0.33482421,0.33518595,0.33451161,0.3348289,139040.4575
1706336400000,SYN_RAND_KIPP,5m,0.3348289,0.33518752,0.33450978,0.33483698,151440.3729
1706336700000,SYN_RAND_KIPP,5m,0.33483698,0.33519118,0.33451125,0.33484723,163385.522
1706337000000,SYN_RAND_KIPP,5m,0.33484723,0.33519564,0.33451485,0.33485833,174543.2786
1706337300000,SYN_RAND_KIPP,5m,0.33485833,0.33519956,0.33451928,0.33486889,184603.6431
1706337600000,SYN_RAND_KIPP,5m,0.33486889,0.33520156,0.3345232,0.33487751,193288.1588
1706337900000,SYN_RAND_KIPP,5m,0.33487751,0.33520029,0.33452523,0.33488282,200357.9218
1706338200000,SYN_RAND_KIPP,5m,0.33488282,0.33519448,0.33452404,0.33488349,205620.4526
1706338500000,SYN_RAND_KIPP,5m,0.33488349,0.33518811,0.33451316,0.3348783,208935.232
1706338800000,SYN_RAND_KIPP,5m,0.3348783,0.3351767,0.33449481,0.33486617,210217.7421
1706339100000,SYN_RAND_KIPP,5m,0.33486617,0.33515852,0.33446876,0.33484615,209441.8964
1706339400000,SYN_RAND_KIPP,5m,0.33484615,0.33513265,0.33443429,0.33481747,206640.7885
1706339700000,SYN_RAND_KIPP,5m,0.33481747,0.33509838,0.33439085,0.33477957,201905.7382
1706340000000,SYN_RAND_KIPP,5m,0.33477957,0.33505514,0.33433811,0.33473209,195383.6625
1706340300000,SYN_RAND_KIPP,5m,0.33473209,0.33500262,0.33427594,0.33467488,187272.8471
1706340600000,SYN_RAND_KIPP,5m,0.33467488,0.33494068,0.33420443,0.33460798,177817.2402
1706340900000,SYN_RAND_KIPP,5m,0.33460798,0.33486939,0.33412385,0.33453166,167299.4319
1706341200000,SYN_RAND_KIPP,5m,0.33453166,0.33478905,0.33403467,0.33444635,156032.5225
1706341500000,SYN_RAND_KIPP,5m,0.33444635,0.3347001,0.33393753,0.33435268,144351.113
1706341800000,SYN_RAND_KIPP,5m,0.33435268,0.33460319,0.33383322,0.33425141,152227.2146
1706342100000,SYN_RAND_KIPP,5m,0.33425141,0.33449911,0.33372264,0.33414345,164415.1512
1706342400000,SYN_RAND_KIPP,5m,0.33414345,0.33438876,0.33360682,0.3340298,175978.435
1706342700000,SYN_RAND_KIPP,5m,0.3340298,0.33427317,0.33348684,0.33391153,186594.612
1706343000000,SYN_RAND_KIPP,5m,0.33391153,0.33415341,0.33336382,0.33378976,195968.4171
1706343300000,SYN_RAND_KIPP,5m,0.33378976,0.33403061,0.33323889,0.33366561,203840.2677
1706343600000,SYN_RAND_KIPP,5m,0.33366561,0.33390591,0.33311317,0.33354021,209993.73
1706343900000,SYN_RAND_KIPP,5m,0.33354021,0.33378042,0.33298774,0.33341461,214261.7446
1706344200000,SYN_RAND_KIPP,5m,0.33341461,0.3336552,0.33286358,0.33328982,216531.4312
1706344500000,SYN_RAND_KIPP,5m,0.33328982,0.33353126,0.33274158,0.33316672,216747.3345
1706344800000,SYN_RAND_KIPP,5m,0.33316672,0.33340948,0.33262254,0.33304611,214913.0183
1706345100000,SYN_RAND_KIPP,5m,0.33304611,0.33329064,0.33250707,0.33292864,211090.9612
1706345400000,SYN_RAND_KIPP,5m,0.33292864,0.33317538,0.33239567,0.33281478,205400.7579
1706345700000,SYN_RAND_KIPP,5m,0.33281478,0.33306417,0.33228865,0.33270489,198015.6763
1706346000000,SYN_RAND_KIPP,5m,0.33270489,0.33295735,0.33218618,0.33259913,189157.6717
1706346300000,SYN_RAND_KIPP,5m,0.33259913,0.33285507,0.33208824,0.3324975,179090.9988
1706346600000,SYN_RAND_KIPP,5m,0.3324975,0.3327573,0.33199465,0.33239983,168114.6084
1706346900000,SYN_RAND_KIPP,5m,0.33239983,0.33266387,0.33190505,0.33230581,156553.5442
1706347200000,SYN_RAND_KIPP,5m,0.33230581,0.33257443,0.33181897,0.33221496,152308.5525
1706347500000,SYN_RAND_KIPP,5m,0.33221496,0.33248848,0.33173576,0.33212668,164635.9009
1706347800000,SYN_RAND_KIPP,5m,0.33212668,0.33240538,0.33165468,0.33204023,176505.9134
1706348100000,SYN_RAND_KIPP,5m,0.33204023,0.33232439,0.33157488,0.33195479,187586.0011
1706348400000,SYN_RAND_KIPP,5m,0.33195479,0.33224466,0.33149544,0.33186948,197566.2147
1706348700000,SYN_RAND_KIPP,5m,0.33186948,0.33216526,0.33141539,0.33178335,206168.1604
1706349000000,SYN_RAND_KIPP,5m,0.33178335,0.33208521,0.33133372,0.33169542,213153.0078
1706349300000,SYN_RAND_KIPP,5m,0.33169542,0.33200352,0.33124944,0.33160473,218328.3601
1706349600000,SYN_RAND_KIPP,5m,0.33160473,0.33191917,0.33116158,0.33151035,221553.788
1706349900000,SYN_RAND_KIPP,5m,0.33151035,0.33183121,0.33106922,0.33141137,222744.8682
1706350200000,SYN_RAND_KIPP,5m,0.33141137,0.33173871,0.33097152,0.33130701,221875.6117
1706350500000,SYN_RAND_KIPP,5m,0.33130701,0.33164083,0.33086776,0.33119655,218979.2093
1706350800000,SYN_RAND_KIPP,5m,0.33119655,0.33153683,0.3307573,0.33107942,214147.0762
1706351100000,SYN_RAND_KIPP,5m,0.33107942,0.3314261,0.33063967,0.33095516,207526.2199
1706351400000,SYN_RAND_KIPP,5m,0.33095516,0.33130814,0.33051455,0.33082347,199315.0103
1706351700000,SYN_RAND_KIPP,5m,0.33082347,0.33118265,0.33038176,0.33068423,189757.4707
1706352000000,SYN_RAND_KIPP,5m,0.33068423,0.33104943,0.33024129,0.33053746,179136.256
1706352300000,SYN_RAND_KIPP,5m,0.33053746,0.3309085,0.33009332,0.33038335,167764.5195
1706352600000,SYN_RAND_KIPP,5m,0.33038335,0.33076002,0.32993817,0.33022226,155976.9023
1706352900000,SYN_RAND_KIPP,5m,0.33022226,0.33060431,0.32977631,0.3300547,163779.3293
1706353200000,SYN_RAND_KIPP,5m,0.3300547,0.33044186,0.32960838,0.32988133,175857.0812
1706353500000,SYN_RAND_KIPP,5m,0.32988133,0.33027329,0.32943511,0.32970291,187307.8997
1706353800000,SYN_RAND_KIPP,5m,0.32970291,0.33009935,0.32925737,0.32952033,197809.3805
1706354100000,SYN_RAND_KIPP,5m,0.32952033,0.32992091,0.32907608,0.32933454,207066.321
1706354400000,SYN_RAND_KIPP,5m,0.32933454,0.32973889,0.32889225,0.32914657,214819.2125
1706354700000,SYN_RAND_KIPP,5m,0.32914657,0.3295543,0.3287069,0.32895747,220851.7052
1706355000000,SYN_RAND_KIPP,5m,0.32895747,0.32936818,0.32852106,0.32876827,224996.8319
1706355300000,SYN_RAND_KIPP,5m,0.32876827,0.32918154,0.32833573,0.32857999,227141.8102
1706355600000,SYN_RAND_KIPP,5m,0.32857999,0.32899541,0.32815186,0.32839361,227231.2866
1706355900000,SYN_RAND_KIPP,5m,0.32839361,0.32881072,0.32797031,0.32820999,225268.9279
1706356200000,SYN_RAND_KIPP,5m,0.32820999,0.32862836,0.32779185,0.3280299,221317.3148
1706356500000,SYN_RAND_KIPP,5m,0.3280299,0.32844908,0.32761711,0.32785399,215496.1403
1706356800000,SYN_RAND_KIPP,5m,0.32785399,0.32827351,0.32744656,0.32768274,207978.7653
1706357100000,SYN_RAND_KIPP,5m,0.32768274,0.32810216,0.32728054,0.32751648,198987.23
1706357400000,SYN_RAND_KIPP,5m,0.32751648,0.32793534,0.32711919,0.32735537,188785.8647
1706357700000,SYN_RAND_KIPP,5m,0.32735537,0.32777321,0.32696249,0.32719936,177673.6839
1706358000000,SYN_RAND_KIPP,5m,0.32719936,0.32761573,0.32681023,0.32704825,165975.7833
1706358300000,SYN_RAND_KIPP,5m,0.32704825,0.32746272,0.32666202,0.32690165,161627.1107
1706358600000,SYN_RAND_KIPP,5m,0.32690165,0.32731378,0.32651734,0.32675901,173814.8339
1706358900000,SYN_RAND_KIPP,5m,0.32675901,0.32716838,0.32637548,0.32661963,185543.2886
1706359200000,SYN_RAND_KIPP,5m,0.32661963,0.32702583,0.32623562,0.32648266,196479.9336
1706359500000,SYN_RAND_KIPP,5m,0.32648266,0.32688529,0.32609682,0.32634715,206314.8803
1706359800000,SYN_RAND_KIPP,5m,0.32634715,0.32674584,0.32595807,0.32621207,214769.808
1706360100000,SYN_RAND_KIPP,5m,0.32621207,0.32660645,0.3258183,0.32607634,221605.9703
1706360400000,SYN_RAND_KIPP,5m,0.32607634,0.32646608,0.32567643,0.32593885,226631.0633
1706360700000,SYN_RAND_KIPP,5m,0.32593885,0.32632362,0.32553138,0.32579849,229704.7572
1706361000000,SYN_RAND_KIPP,5m,0.32579849,0.326178,0.32538213,0.32565422,230742.7337
1706361300000,SYN_RAND_KIPP,5m,0.32565422,0.32602819,0.32522772,0.32550505,229719.1105
1706361600000,SYN_RAND_KIPP,5m,0.32550505,0.32587325,0.32506731,0.32535012,226667.1858
1706361900000,SYN_RAND_KIPP,5m,0.32535012,0.32571232,0.32490019,0.32518868,221678.4793
1706362200000,SYN_RAND_KIPP,5m,0.32518868,0.32554471,0.32472581,0.32502016,214900.0989
1706362500000,SYN_RAND_KIPP,5m,0.32502016,0.32536985,0.32454381,0.32484415,206530.5076
1706362800000,SYN_RAND_KIPP,5m,0.32484415,0.32518738,0.32435401,0.32466047,196813.813
1706363100000,SYN_RAND_KIPP,5m,0.32466047,0.32499714,0.32415644,0.32446909,186032.7441
1706363400000,SYN_RAND_KIPP,5m,0.32446909,0.32479915,0.32395136,0.32427024,174500.5161
1706363700000,SYN_RAND_KIPP,5m,0.32427024,0.32459365,0.3237392,0.32406433,162551.8189
1706364000000,SYN_RAND_KIPP,5m,0.32406433,0.3243811,0.32352062,0.32385198,170226.4985
1706364300000,SYN_RAND_KIPP,5m,0.32385198,0.32416215,0.32329644,0.32363398,182140.802
1706364600000,SYN_RAND_KIPP,5m,0.32363398,0.32393762,0.32306767,0.3234113,193426.7096
1706364900000,SYN_RAND_KIPP,5m,0.3234113,0.32370851,0.32283543,0.32318504,203761.8747
1706365200000,SYN_RAND_KIPP,5m,0.32318504,0.32347597,0.32260099,0.32295643,212851.1654
1706365500000,SYN_RAND_KIPP,5m,0.32295643,0.32324124,0.32236565,0.32272675,220435.155
1706365800000,SYN_RAND_KIPP,5m,0.32272675,0.32300564,0.32213078,0.32249734,226297.5858
1706366100000,SYN_RAND_KIPP,5m,0.32249734,0.32277055,0.32189776,0.32226955,230271.5903
1706366400000,SYN_RAND_KIPP,5m,0.32226955,0.32253732,0.32166792,0.32204468,232244.492
1706366700000,SYN_RAND_KIPP,5m,0.32204468,0.32230731,0.32144251,0.32182398,232161.0464
1706367000000,SYN_RAND_KIPP,5m,0.32182398,0.32208176,0.32122271,0.32160857,230025.031
1706367300000,SYN_RAND_KIPP,5m,0.32160857,0.32186185,0.32100951,0.32139945,225899.1354
1706367600000,SYN_RAND_KIPP,5m,0.32139945,0.32164858,0.32080377,0.32119744,219903.1584
1706367900000,SYN_RAND_KIPP,5m,0.32119744,0.32144279,0.32060612,0.32100316,212210.5606
1706368200000,SYN_RAND_KIPP,5m,0.32100316,0.32124513,0.320417,0.32081704,203043.474
1706368500000,SYN_RAND_KIPP,5m,0.32081704,0.32105603,0.3202366,0.32063924,192666.3108
1706368800000,SYN_RAND_KIPP,5m,0.32063924,0.32087568,0.32006488,0.32046972,181378.1565
1706369100000,SYN_RAND_KIPP,5m,0.32046972,0.32070404,0.31990156,0.32030818,169504.1643
1706369400000,SYN_RAND_KIPP,5m,0.32030818,0.32054082,0.31974611,0.32015409,165013.4897
1706369700000,SYN_RAND_KIPP,5m,0.32015409,0.32038549,0.31959779,0.32000669,177024.2062
1706370000000,SYN_RAND_KIPP,5m,0.32000669,0.32023732,0.31945566,0.31986504,188574.6681
1706370300000,SYN_RAND_KIPP,5m,0.31986504,0.32009535,0.31931858,0.31972801,199332.3875
1706370600000,SYN_RAND_KIPP,5m,0.31972801,0.31995845,0.3191853,0.31959432,208987.5424
1706370900000,SYN_RAND_KIPP,5m,0.31959432,0.31982534,0.3190544,0.31946258,217261.8908
1706371200000,SYN_RAND_KIPP,5m,0.31946258,0.31969462,0.31892444,0.31933132,223916.7752
1706371500000,SYN_RAND_KIPP,5m,0.31933132,0.31956484,0.31879392,0.31919906,228759.9899
1706371800000,SYN_RAND_KIPP,5m,0.31919906,0.31943448,0.31866134,0.31906432,231651.3101
1706372100000,SYN_RAND_KIPP,5m,0.31906432,0.31930206,0.31852528,0.31892567,232506.5267
1706372400000,SYN_RAND_KIPP,5m,0.31892567,0.31916613,0.31838439,0.31878179,231299.8693
1706372700000,SYN_RAND_KIPP,5m,0.31878179,0.31902536,0.31823748,0.31863148,228064.7476
1706373000000,SYN_RAND_KIPP,5m,0.31863148,0.31887853,0.31808352,0.31847373,222892.7907
1706373300000,SYN_RAND_KIPP,5m,0.31847373,0.31872462,0.31792169,0.31830775,215931.2107
1706373600000,SYN_RAND_KIPP,5m,0.31830775,0.3185628,0.3177514,0.31813296,207378.5678
1706373900000,SYN_RAND_KIPP,5m,0.31813296,0.31839249,0.31757232,0.31794906,197479.0582
1706374200000,SYN_RAND_KIPP,5m,0.31794906,0.31821334,0.31738438,0.317756,186515.4882
1706374500000,SYN_RAND_KIPP,5m,0.317756,0.31802529,0.31718779,0.31755401,174801.1387
1706374800000,SYN_RAND_KIPP,5m,0.31755401,0.31782854,0.31698303,0.31734361,162670.7519
1706375100000,SYN_RAND_KIPP,5m,0.31734361,0.31762358,0.31677084,0.31712556,170198.0969
1706375400000,SYN_RAND_KIPP,5m,0.31712556,0.31741114,0.31655221,0.31690087,181930.3914
1706375700000,SYN_RAND_KIPP,5m,0.31690087,0.31719222,0.31632833,0.31667079,193033.8569
1706376000000,SYN_RAND_KIPP,5m,0.31667079,0.31696801,0.31610061,0.31643673,203186.2076
1706376300000,SYN_RAND_KIPP,5m,0.31643673,0.31673992,0.31587059,0.31620028,212092.3849
1706376600000,SYN_RAND_KIPP,5m,0.31620028,0.31650948,0.31563991,0.31596311,219493.0467
1706376900000,SYN_RAND_KIPP,5m,0.31596311,0.31627835,0.31541029,0.31572697,225172.0294
1706377200000,SYN_RAND_KIPP,5m,0.31572697,0.31604825,0.31518346,0.31549363,228962.5676
1706377500000,SYN_RAND_KIPP,5m,0.31549363,0.31582091,0.3149611,0.31526481,230752.0923
1706377800000,SYN_RAND_KIPP,5m,0.31526481,0.31559803,0.31474485,0.31504215,230485.4702
1706378100000,SYN_RAND_KIPP,5m,0.31504215,0.31538122,0.31453617,0.31482719,228166.5908
1706378400000,SYN_RAND_KIPP,5m,0.31482719,0.31517198,0.31433639,0.31462125,223858.2544
1706378700000,SYN_RAND_KIPP,5m,0.31462125,0.31497162,0.3141466,0.31442547,217680.3667
1706379000000,SYN_RAND_KIPP,5m,0.31442547,0.31478125,0.31396767,0.31424075,209806.4891
1706379300000,SYN_RAND_KIPP,5m,0.31424075,0.31460172,0.31380018,0.31406769,200458.8463
1706379600000,SYN_RAND_KIPP,5m,0.31406769,0.31443363,0.31364443,0.31390663,189901.9334
1706379900000,SYN_RAND_KIPP,5m,0.31390663,0.31427729,0.31350043,0.31375759,178434.907
1706380200000,SYN_RAND_KIPP,5m,0.31375759,0.31413268,0.31336786,0.31362027,166382.979
1706380500000,SYN_RAND_KIPP,5m,0.31362027,0.31399951,0.31324611,0.31349412,161749.5118
1706380800000,SYN_RAND_KIPP,5m,0.31349412,0.31387717,0.31313431,0.31337824,173583.4845
1706381100000,SYN_RAND_KIPP,5m,0.31337824,0.31376477,0.31303128,0.3132715,184957.2709
1706381400000,SYN_RAND_KIPP,5m,0.3132715,0.31366116,0.31293566,0.31317255,195538.4361
1706381700000,SYN_RAND_KIPP,5m,0.31317255,0.31356495,0.31284585,0.3130798,205017.2246
1706382000000,SYN_RAND_KIPP,5m,0.3130798,0.31347454,0.31276011,0.31299152,213115.4721
1706382300000,SYN_RAND_KIPP,5m,0.31299152,0.31338822,0.31267661,0.3129059,219594.6099
1706382600000,SYN_RAND_KIPP,5m,0.3129059,0.31330411,0.31259343,0.31282103,224262.5292
1706382900000,SYN_RAND_KIPP,5m,0.31282103,0.31322034,0.31250869,0.31273502,226979.1092
1706383200000,SYN_RAND_KIPP,5m,0.31273502,0.31313498,0.31242052,0.31264603,227660.2489
1706383500000,SYN_RAND_KIPP,5m,0.31264603,0.3130462,0.31232719,0.3125523,226280.2885
1706383800000,SYN_RAND_KIPP,5m,0.3125523,0.31295224,0.3122271,0.31245227,222872.7477
1706384100000,SYN_RAND_KIPP,5m,0.31245227,0.31285152,0.31211888,0.31234453,217529.3629
1706384400000,SYN_RAND_KIPP,5m,0.31234453,0.31274266,0.31200139,0.31222796,210397.4488
1706384700000,SYN_RAND_KIPP,5m,0.31222796,0.31262451,0.31187378,0.31210168,201675.6609
1706385000000,SYN_RAND_KIPP,5m,0.31210168,0.31249622,0.31173549,0.31196515,191608.2813
1706385300000,SYN_RAND_KIPP,5m,0.31196515,0.31235725,0.31158631,0.31181813,180478.1918
1706385600000,SYN_RAND_KIPP,5m,0.31181813,0.31220739,0.31142636,0.31166074,168598.7361
1706385900000,SYN_RAND_KIPP,5m,0.31166074,0.31204674,0.3112561,0.31149341,156304.7059
1706386200000,SYN_RAND_KIPP,5m,0.31149341,0.31187578,0.31107631,0.31131692,163703.7897
1706386500000,SYN_RAND_KIPP,5m,0.31131692,0.3116953,0.31088809,0.31113235,175274.1734
1706386800000,SYN_RAND_KIPP,5m,0.31113235,0.31150639,0.31069283,0.31094106,186216.3171
1706387100000,SYN_RAND_KIPP,5m,0.31094106,0.31131043,0.31049213,0.31074464,196207.9923
1706387400000,SYN_RAND_KIPP,5m,0.31074464,0.31110906,0.31028783,0.31054491,204954.2102
1706387700000,SYN_RAND_KIPP,5m,0.31054491,0.31090409,0.3100819,0.3103438,212195.7097
1706388000000,SYN_RAND_KIPP,5m,0.3103438,0.31069753,0.30987641,0.31014337,217716.4176
1706388300000,SYN_RAND_KIPP,5m,0.31014337,0.31049142,0.30967348,0.30994572,221349.6664
1706388600000,SYN_RAND_KIPP,5m,0.30994572,0.31028791,0.3094752,0.30975289,222982.9906
1706388900000,SYN_RAND_KIPP,5m,0.30975289,0.31008908,0.30928358,0.3095669,222561.3639
1706389200000,SYN_RAND_KIPP,5m,0.3095669,0.30989696,0.30910051,0.30938958,220088.7831
1706389500000,SYN_RAND_KIPP,5m,0.30938958,0.30971343,0.30892768,0.30922261,215628.1546
1706389800000,SYN_RAND_KIPP,5m,0.30922261,0.30954019,0.30876656,0.30906742,209299.4862
1706390100000,SYN_RAND_KIPP,5m,0.30906742,0.30937872,0.30861833,0.30892518,201276.4353
1706390400000,SYN_RAND_KIPP,5m,0.30892518,0.30923019,0.30848387,0.30879671,191781.3142
1706390700000,SYN_RAND_KIPP,5m,0.30879671,0.30909548,0.30836372,0.30868255,181078.6955
1706391000000,SYN_RAND_KIPP,5m,0.30868255,0.30897514,0.30825807,0.30858284,169467.8017
1706391300000,SYN_RAND_KIPP,5m,0.30858284,0.30886936,0.30816675,0.3084974,157273.8975
1706391600000,SYN_RAND_KIPP,5m,0.3084974,0.30877796,0.30808924,0.30842567,152534.5463
1706391900000,SYN_RAND_KIPP,5m,0.30842567,0.30870044,0.30802469,0.30836677,164229.6264
1706392200000,SYN_RAND_KIPP,5m,0.30836677,0.30863593,0.30797192,0.30831949,175465.5259
1706392500000,SYN_RAND_KIPP,5m,0.30831949,0.30858326,0.30792948,0.30828236,185909.8571
1706392800000,SYN_RAND_KIPP,5m,0.30828236,0.30854096,0.30789568,0.30825364,195252.9242
1706393100000,SYN_RAND_KIPP,5m,0.30825364,0.30850733,0.30786861,0.30823142,203216.6348
1706393400000,SYN_RAND_KIPP,5m,0.30823142,0.30848049,0.30784626,0.30821365,209562.502
1706393700000,SYN_RAND_KIPP,5m,0.30821365,0.3084584,0.30782652,0.3081982,214098.5073
1706394000000,SYN_RAND_KIPP,5m,0.3081982,0.30843894,0.30780726,0.30818291,216684.6269
1706394300000,SYN_RAND_KIPP,5m,0.30818291,0.30841999,0.3077864,0.30816568,217236.8612
1706394600000,SYN_RAND_KIPP,5m,0.30816568,0.30839946,0.30776197,0.30814452,215729.6534
1706394900000,SYN_RAND_KIPP,5m,0.30814452,0.30837537,0.30773216,0.30811759,212196.6262
1706395200000,SYN_RAND_KIPP,5m,0.30811759,0.3083459,0.30769536,0.30808329,206729.6159
1706395500000,SYN_RAND_KIPP,5m,0.30808329,0.30830945,0.30765027,0.30804028,199476.0321
1706395800000,SYN_RAND_KIPP,5m,0.30804028,0.3082647,0.30759586,0.30798752,190634.6177
1706396100000,SYN_RAND_KIPP,5m,0.30798752,0.30821061,0.30753145,0.30792434,180449.7333
1706396400000,SYN_RAND_KIPP,5m,0.30792434,0.30814652,0.30745674,0.3078504,169204.3277
1706396700000,SYN_RAND_KIPP,5m,0.3078504,0.3080721,0.30737177,0.30776576,157211.7995
1706397000000,SYN_RAND_KIPP,5m,0.30776576,0.30798741,0.30727697,0.30767085,144806.9818
1706397300000,SYN_RAND_KIPP,5m,0.30767085,0.30789287,0.30717314,0.30756646,152131.4725
1706397600000,SYN_RAND_KIPP,5m,0.30756646,0.30778928,0.3070614,0.30745372,163594.4185
1706397900000,SYN_RAND_KIPP,5m,0.30745372,0.30767775,0.30694319,0.30733407,174430.5099
1706398200000,SYN_RAND_KIPP,5m,0.30733407,0.30755973,0.3068202,0.30720921,184317.567
1706398500000,SYN_RAND_KIPP,5m,0.30720921,0.30743691,0.30669434,0.30708106,192960.6617
1706398800000,SYN_RAND_KIPP,5m,0.30708106,0.3073112,0.30656769,0.30695172,200100.605
1706399100000,SYN_RAND_KIPP,5m,0.30695172,0.30718467,0.3064424,0.30682335,205521.4048
1706399400000,SYN_RAND_KIPP,5m,0.30682335,0.30705949,0.30632066,0.30669817,209056.4826
1706399700000,SYN_RAND_KIPP,5m,0.30669817,0.30693785,0.30620465,0.30657836,210593.4669
1706400000000,SYN_RAND_KIPP,5m,0.30657836,0.30682193,0.30609641,0.30646601,210077.4286
1706400300000,SYN_RAND_KIPP,5m,0.30646601,0.30671377,0.30599787,0.30636303,207512.4626
1706400600000,SYN_RAND_KIPP,5m,0.30636303,0.3066153,0.30591069,0.30627115,202961.5716
1706400900000,SYN_RAND_KIPP,5m,0.30627115,0.3065282,0.30583631,0.3061918,196544.8556
1706401200000,SYN_RAND_KIPP,5m,0.3061918,0.30645389,0.30577584,0.30612613,188436.0579
1706401500000,SYN_RAND_KIPP,5m,0.30612613,0.30639349,0.30573004,0.30607493,178857.5685
1706401800000,SYN_RAND_KIPP,5m,0.30607493,0.30634776,0.30569932,0.30603863,168074.0274
1706402100000,SYN_RAND_KIPP,5m,0.30603863,0.30631712,0.30568371,0.3060173,156384.7124
1706402400000,SYN_RAND_KIPP,5m,0.3060173,0.30630159,0.30568286,0.3060106,144114.9309
1706402700000,SYN_RAND_KIPP,5m,0.3060106,0.30630808,0.3056888,0.30601786,139336.4364
1706403000000,SYN_RAND_KIPP,5m,0.30601786,0.30633428,0.30570207,0.30603803,150959.995
1706403300000,SYN_RAND_KIPP,5m,0.30603803,0.3063721,0.30572828,0.30606977,162125.9996
1706403600000,SYN_RAND_KIPP,5m,0.30606977,0.3064199,0.30576607,0.30611146,172502.0988
1706403900000,SYN_RAND_KIPP,5m,0.30611146,0.30647579,0.30581379,0.30616124,181778.646
1706404200000,SYN_RAND_KIPP,5m,0.30616124,0.30653774,0.30586955,0.3062171,189677.6092
1706404500000,SYN_RAND_KIPP,5m,0.3062171,0.30660359,0.30593132,0.30627693,195960.5725
1706404800000,SYN_RAND_KIPP,5m,0.30627693,0.30667113,0.30599695,0.30633856,200435.5967
1706405100000,SYN_RAND_KIPP,5m,0.30633856,0.30673822,0.30606425,0.30639985,202962.7437
1706405400000,SYN_RAND_KIPP,5m,0.30639985,0.30680275,0.30613105,0.30645875,203458.1038
1706405700000,SYN_RAND_KIPP,5m,0.30645875,0.30686281,0.30619527,0.30651337,201896.2121
1706406000000,SYN_RAND_KIPP,5m,0.30651337,0.30691668,0.30625501,0.30656201,198310.7824
1706406300000,SYN_RAND_KIPP,5m,0.30656201,0.3069629,0.30630853,0.30660326,192793.7396
1706406600000,SYN_RAND_KIPP,5m,0.30660326,0.30700034,0.3063544,0.30663599,185492.5763
1706406900000,SYN_RAND_KIPP,5m,0.30663599,0.30702817,0.30639147,0.30665942,176606.1114
1706407200000,SYN_RAND_KIPP,5m,0.30665942,0.31408091,0.29974406,0.30453145,807201.9521
1706407500000,SYN_RAND_KIPP,5m,0.30453145,0.31197489,0.297972,0.30265272,771196.8426
1706407800000,SYN_RAND_KIPP,5m,0.30265272,0.31011632,0.29646083,0.30104659,732463.3765
1706408100000,SYN_RAND_KIPP,5m,0.30104659,0.30852911,0.2952298,0.2997327,691678.6953
1706408400000,SYN_RAND_KIPP,5m,0.2997327,0.30723335,0.29429422,0.29872667,649554.878
1706408700000,SYN_RAND_KIPP,5m,0.29872667,0.30624507,0.29352357,0.29789823,623403.1237
1706409000000,SYN_RAND_KIPP,5m,0.29789823,0.30543067,0.29232552,0.29665315,668035.1523
1706409300000,SYN_RAND_KIPP,5m,0.29665315,0.30418082,0.29073221,0.29501505,711782.8847
1706409600000,SYN_RAND_KIPP,5m,0.29501505,0.30251959,0.28877457,0.29301532,753918.5075
1706409900000,SYN_RAND_KIPP,5m,0.29301532,0.30120923,0.28607922,0.2906921,793741.6613
1706410200000,SYN_RAND_KIPP,5m,0.2906921,0.29987569,0.2829226,0.28808893,830591.3693
1706410500000,SYN_RAND_KIPP,5m,0.28808893,0.29808351,0.27961775,0.2852535,863857.2948
1706410800000,SYN_RAND_KIPP,5m,0.2852535,0.2958685,0.27621826,0.28223619,892990.1369
1706411100000,SYN_RAND_KIPP,5m,0.28223619,0.29327518,0.27277777,0.27908879,917510.9858
1706411400000,SYN_RAND_KIPP,5m,0.27908879,0.29035511,0.2693489,0.27586327,937019.4799
1706411700000,SYN_RAND_KIPP,5m,0.27586327,0.28716517,0.26598233,0.27261063,951200.6237
1706412000000,SYN_RAND_KIPP,5m,0.27261063,0.28376573,0.26272598,0.26937996,959830.1533
1706412300000,SYN_RAND_KIPP,5m,0.26937996,0.2802189,0.25962446,0.26621766,962778.355
1706412600000,SYN_RAND_KIPP,5m,0.26621766,0.27658692,0.25671854,0.26316685,960012.2738
1706412900000,SYN_RAND_KIPP,5m,0.26316685,0.27293076,0.25404483,0.2602669,951596.2746
1706413200000,SYN_RAND_KIPP,5m,0.2602669,0.26930884,0.25163558,0.25755316,937690.9441
1706413500000,SYN_RAND_KIPP,5m,0.25755316,0.26577614,0.24951861,0.2550568,918550.3553
1706413800000,SYN_RAND_KIPP,5m,0.2550568,0.26238337,0.24771724,0.2528048,894517.7386
1706414100000,SYN_RAND_KIPP,5m,0.2528048,0.25917656,0.24625039,0.25081998,866019.6347
1706414400000,SYN_RAND_KIPP,5m,0.25081998,0.25655298,0.24486832,0.24912109,833558.6282
1706414700000,SYN_RAND_KIPP,5m,0.24912109,0.25472983,0.24341361,0.24772299,797704.7861
1706415000000,SYN_RAND_KIPP,5m,0.24772299,0.25321207,0.24226342,0.24663682,759085.9468
1706415300000,SYN_RAND_KIPP,5m,0.24663682,0.25201122,0.24142528,0.2458701,718377.0249
1706415600000,SYN_RAND_KIPP,5m,0.2458701,0.25113514,0.2409033,0.24542697,676288.5144
1706415900000,SYN_RAND_KIPP,5m,0.24542697,0.25058816,0.24061527,0.24522515,645385.8211
1706416200000,SYN_RAND_KIPP,5m,0.24522515,0.25028642,0.24003118,0.24473293,690023.6821
1706416500000,SYN_RAND_KIPP,5m,0.24473293,0.24968766,0.23916892,0.24395761,733816.0132
1706416800000,SYN_RAND_KIPP,5m,0.24395761,0.24880016,0.23804329,0.2429133,776033.8663
1706417100000,SYN_RAND_KIPP,5m,0.2429133,0.24763911,0.23667524,0.24162042,815975.0855
1706417400000,SYN_RAND_KIPP,5m,0.24162042,0.24622612,0.23509126,0.24010506,852976.2673
1706417700000,SYN_RAND_KIPP,5m,0.24010506,0.24458855,0.23332247,0.23839816,886424.0589
1706418000000,SYN_RAND_KIPP,5m,0.23839816,0.24311798,0.23098082,0.23653449,915765.6057
1706418300000,SYN_RAND_KIPP,5m,0.23653449,0.2414534,0.22853996,0.23455162,940517.9669
1706418600000,SYN_RAND_KIPP,5m,0.23455162,0.23956473,0.22613082,0.23248883,960276.3412
1706418900000,SYN_RAND_KIPP,5m,0.23248883,0.23749649,0.22380218,0.23038606,974720.9608
1706419200000,SYN_RAND_KIPP,5m,0.23038606,0.23529602,0.22159906,0.22828288,983622.5376
1706419500000,SYN_RAND_KIPP,5m,0.22828288,0.23301183,0.21956177,0.22621761,986846.1677
1706419800000,SYN_RAND_KIPP,5m,0.22621761,0.23069221,0.21772523,0.22422652,984353.6287
1706420100000,SYN_RAND_KIPP,5m,0.22422652,0.22838391,0.21611856,0.22234317,976204.0299
1706420400000,SYN_RAND_KIPP,5m,0.22234317,0.22613101,0.21476482,0.22059788,962552.8044
1706420700000,SYN_RAND_KIPP,5m,0.22059788,0.22400124,0.21363818,0.21901737,943649.0611
1706421000000,SYN_RAND_KIPP,5m,0.21901737,0.22234726,0.21223474,0.21762448,919831.3403
1706421300000,SYN_RAND_KIPP,5m,0.21762448,0.22088958,0.21103892,0.216438,891521.8469
1706421600000,SYN_RAND_KIPP,5m,0.216438,0.21964727,0.21006497,0.21547264,859219.2574
1706421900000,SYN_RAND_KIPP,5m,0.21547264,0.21863525,0.20932312,0.21473903,823490.2256
1706422200000,SYN_RAND_KIPP,5m,0.21473903,0.21786428,0.20881972,0.21424376,784959.729
1706422500000,SYN_RAND_KIPP,5m,0.21424376,0.21734107,0.20855729,0.21398956,744300.4232
1706422800000,SYN_RAND_KIPP,5m,0.21398956,0.21706835,0.20853474,0.21397541,702221.1828
1706423100000,SYN_RAND_KIPP,5m,0.21397541,0.21722302,0.20852621,0.21415332,666540.9931
1706423400000,SYN_RAND_KIPP,5m,0.21415332,0.21722267,0.20856687,0.2140235,711154.3904
1706423700000,SYN_RAND_KIPP,5m,0.2140235,0.21709411,0.20813344,0.21358364,754961.1084
1706424000000,SYN_RAND_KIPP,5m,0.21358364,0.21665703,0.20740833,0.21283824,797231.1015
1706424300000,SYN_RAND_KIPP,5m,0.21283824,0.21591588,0.20640265,0.21179863,837260.4543
1706424600000,SYN_RAND_KIPP,5m,0.21179863,0.21488195,0.20513387,0.21048278,874383.3709
1706424900000,SYN_RAND_KIPP,5m,0.21048278,0.21367028,0.20345933,0.20891488,907983.5147
1706425200000,SYN_RAND_KIPP,5m,0.20891488,0.21259171,0.20093317,0.2071247,937504.5061
1706425500000,SYN_RAND_KIPP,5m,0.2071247,0.21123549,0.19835435,0.20514679,962459.3991
1706425800000,SYN_RAND_KIPP,5m,0.20514679,0.20962726,0.19577353,0.20301954,982438.9741
1706426100000,SYN_RAND_KIPP,5m,0.20301954,0.20779741,0.1932394,0.20078414,997118.7083
1706426400000,SYN_RAND_KIPP,5m,0.20078414,0.20578019,0.19079761,0.19848355,1006264.3024
1706426700000,SYN_RAND_KIPP,5m,0.19848355,0.20361281,0.18848991,0.19616142,1009735.6705
1706427000000,SYN_RAND_KIPP,5m,0.19616142,0.20133447,0.18635355,0.19386109,1007489.3258
1706427300000,SYN_RAND_KIPP,5m,0.19386109,0.19898544,0.18442098,0.1916247,999579.1204
1706427600000,SYN_RAND_KIPP,5m,0.1916247,0.19660623,0.18271965,0.1894924,986155.3276
1706427900000,SYN_RAND_KIPP,5m,0.1894924,0.19423672,0.18127214,0.18750168,967462.0807
1706428200000,SYN_RAND_KIPP,5m,0.18750168,0.19191556,0.18009631,0.18568683,943833.2147
1706428500000,SYN_RAND_KIPP,5m,0.18568683,0.18967953,0.17920556,0.18407854,915686.5786
1706428800000,SYN_RAND_KIPP,5m,0.18407854,0.18756315,0.17860917,0.18270365,883516.9175
1706429100000,SYN_RAND_KIPP,5m,0.18270365,0.18611787,0.17772526,0.18158492,847887.4445
1706429400000,SYN_RAND_KIPP,5m,0.18158492,0.18504886,0.17697554,0.18074096,809420.2467
1706429700000,SYN_RAND_KIPP,5m,0.18074096,0.18425984,0.17650926,0.18018613,768785.6881
1706430000000,SYN_RAND_KIPP,5m,0.18018613,0.18376543,0.17633621,0.17993056,726690.9901
1706430300000,SYN_RAND_KIPP,5m,0.17993056,0.18361348,0.17641247,0.17996809,686208.3273
1706430600000,SYN_RAND_KIPP,5m,0.17996809,0.18368509,0.17641447,0.17986245,730768.3398
1706430900000,SYN_RAND_KIPP,5m,0.17986245,0.18364741,0.17624191,0.17961772,774560.6378
1706431200000,SYN_RAND_KIPP,5m,0.17961772,0.18346654,0.17593785,0.17924006,816854.1162
1706431500000,SYN_RAND_KIPP,5m,0.17924006,0.18314828,0.1755098,0.17873757,856943.1363
1706431800000,SYN_RAND_KIPP,5m,0.17873757,0.18270043,0.17496702,0.17812015,894159.5446
1706432100000,SYN_RAND_KIPP,5m,0.17812015,0.18213266,0.17432041,0.17739931,927884.0526
1706432400000,SYN_RAND_KIPP,5m,0.17739931,0.18145632,0.17358231,0.17658802,957556.7852
1706432700000,SYN_RAND_KIPP,5m,0.17658802,0.18068429,0.17276631,0.17570044,982686.8163
1706433000000,SYN_RAND_KIPP,5m,0.17570044,0.17983074,0.17188704,0.17475181,1002860.5304
1706433300000,SYN_RAND_KIPP,5m,0.17475181,0.17891096,0.17096,0.17375815,1017748.6668
1706433600000,SYN_RAND_KIPP,5m,0.17375815,0.1779411,0.17000131,0.17273611,1027111.9279
1706433900000,SYN_RAND_KIPP,5m,0.17273611,0.176938,0.16902755,0.17170271,1030805.0543
1706434200000,SYN_RAND_KIPP,5m,0.17170271,0.17591893,0.16805549,0.17067518,1028779.2981
1706434500000,SYN_RAND_KIPP,5m,0.17067518,0.1749014,0.16710191,0.1696707,1021083.2531
1706434800000,SYN_RAND_KIPP,5m,0.1696707,0.17390291,0.16618343,0.16870623,1007862.0259
1706435100000,SYN_RAND_KIPP,5m,0.16870623,0.17294079,0.16531624,0.1677983,989354.7639
1706435400000,SYN_RAND_KIPP,5m,0.1677983,0.17203195,0.16451599,0.16696281,965890.5809
1706435700000,SYN_RAND_KIPP,5m,0.16696281,0.17119267,0.16379755,0.1662149,937882.9505
1706436000000,SYN_RAND_KIPP,5m,0.1662149,0.17043847,0.16317485,0.16556871,905822.6628
1706436300000,SYN_RAND_KIPP,5m,0.16556871,0.16978388,0.16266073,0.16503725,870269.4634
1706436600000,SYN_RAND_KIPP,5m,0.16503725,0.16924228,0.16226675,0.16463227,831842.5191
1706436900000,SYN_RAND_KIPP,5m,0.16463227,0.16882572,0.16200308,0.16436404,791209.8697
1706437200000,SYN_RAND_KIPP,5m,0.16436404,0.16854481,0.16187832,0.16424129,749077.0494
1706437500000,SYN_RAND_KIPP,5m,0.16424129,0.16843823,0.16186965,0.16427102,706175.0676
1706437800000,SYN_RAND_KIPP,5m,0.16427102,0.16842403,0.1616718,0.16405883,748249.1022
1706438100000,SYN_RAND_KIPP,5m,0.16405883,0.16818709,0.16120025,0.16360358,792000.3271
1706438400000,SYN_RAND_KIPP,5m,0.16360358,0.16769672,0.16050045,0.16292077,834290.8177
1706438700000,SYN_RAND_KIPP,5m,0.16292077,0.16696908,0.15959271,0.16203068,874413.2487
1706439000000,SYN_RAND_KIPP,5m,0.16203068,0.16602523,0.15850132,0.16095762,911697.1434
1706439300000,SYN_RAND_KIPP,5m,0.16095762,0.16511377,0.15711324,0.15972913,945520.2938
1706439600000,SYN_RAND_KIPP,5m,0.15972913,0.16426449,0.15544665,0.15837515,975319.3581
1706439900000,SYN_RAND_KIPP,5m,0.15837515,0.16317272,0.15374231,0.1569271,1000599.4563
1706440200000,SYN_RAND_KIPP,5m,0.1569271,0.16187057,0.1520367,0.1554171,1020942.5983
1706440500000,SYN_RAND_KIPP,5m,0.1554171,0.16039407,0.15036516,0.15387715,1036014.8036
1706440800000,SYN_RAND_KIPP,5m,0.15387715,0.15878183,0.14876121,0.15233848,1045571.7893
1706441100000,SYN_RAND_KIPP,5m,0.15233848,0.1570739,0.1472559,0.15083091,1049463.1308
1706441400000,SYN_RAND_KIPP,5m,0.15083091,0.15531052,0.14587748,0.14938246,1047634.8229
1706441700000,SYN_RAND_KIPP,5m,0.14938246,0.15353117,0.14465102,0.14801891,1040130.1994
1706442000000,SYN_RAND_KIPP,5m,0.14801891,0.15177363,0.14359825,0.14676357,1027089.1946
1706442300000,SYN_RAND_KIPP,5m,0.14676357,0.15007332,0.14273744,0.14563714,1008745.9587
1706442600000,SYN_RAND_KIPP,5m,0.14563714,0.14867123,0.1418935,0.14465759,985424.8691
1706442900000,SYN_RAND_KIPP,5m,0.14465759,0.14761453,0.14103792,0.14384016,957535.0046
1706443200000,SYN_RAND_KIPP,5m,0.14384016,0.14672359,0.14035417,0.14319738,925563.1766
1706443500000,SYN_RAND_KIPP,5m,0.14319738,0.14601127,0.13985198,0.14273914,890065.6366
1706443800000,SYN_RAND_KIPP,5m,0.14273914,0.14548773,0.13953853,0.14247274,851658.6008
1706444100000,SYN_RAND_KIPP,5m,0.14247274,0.14516049,0.13941855,0.142403,811007.753
1706444400000,SYN_RAND_KIPP,5m,0.142403,0.14516383,0.13936507,0.14253234,768816.9055
1706444700000,SYN_RAND_KIPP,5m,0.14253234,0.14544075,0.13943768,0.14286083,725816.0101
1706445000000,SYN_RAND_KIPP,5m,0.14286083,0.14559113,0.13970625,0.14305806,763040.0654
1706445300000,SYN_RAND_KIPP,5m,0.14305806,0.14557864,0.13984783,0.14309337,806726.4058
1706445600000,SYN_RAND_KIPP,5m,0.14309337,0.14552977,0.13970835,0.14296886,848990.3025
1706445900000,SYN_RAND_KIPP,5m,0.14296886,0.14535577,0.13938526,0.14269029,889122.7798
1706446200000,SYN_RAND_KIPP,5m,0.14269029,0.14502759,0.13892337,0.14226693,926451.0725
1706446500000,SYN_RAND_KIPP,5m,0.14226693,0.14455499,0.13833536,0.1417113,960350.0852
1706446800000,SYN_RAND_KIPP,5m,0.1417113,0.14395102,0.13763668,0.14103884,990253.0389
1706447100000,SYN_RAND_KIPP,5m,0.14103884,0.14323163,0.13684513,0.14026745,1015661.125
1706447400000,SYN_RAND_KIPP,5m,0.14026745,0.14241522,0.13598038,0.13941701,1036152.0012
1706447700000,SYN_RAND_KIPP,5m,0.13941701,0.14152216,0.13506348,0.13850887,1051386.9846
1706448000000,SYN_RAND_KIPP,5m,0.13850887,0.14057425,0.13411627,0.13756526,1061116.8204
1706448300000,SYN_RAND_KIPP,5m,0.13756526,0.13959417,0.13316093,0.13660885,1065185.9272
1706448600000,SYN_RAND_KIPP,5m,0.13660885,0.13860494,0.13221948,0.13566213,1063535.046
1706448900000,SYN_RAND_KIPP,5m,0.13566213,0.13762943,0.13131332,0.13474706,1056202.25
1706449200000,SYN_RAND_KIPP,5m,0.13474706,0.13668991,0.13046283,0.1338846,1043322.2947
1706449500000,SYN_RAND_KIPP,5m,0.1338846,0.1358076,0.1296871,0.13309438,1025124.3225
1706449800000,SYN_RAND_KIPP,5m,0.13309438,0.13500238,0.1290036,0.13239442,1001927.9592
1706450100000,SYN_RAND_KIPP,5m,0.13239442,0.13429247,0.12842799,0.13180089,974137.8691
1706450400000,SYN_RAND_KIPP,5m,0.13180089,0.13369421,0.12797396,0.13132795,942236.8617
1706450700000,SYN_RAND_KIPP,5m,0.13132795,0.13322192,0.1276531,0.13098763,906777.6673
1706451000000,SYN_RAND_KIPP,5m,0.13098763,0.13288773,0.12747485,0.1307897,868373.5217
1706451300000,SYN_RAND_KIPP,5m,0.1307897,0.13270151,0.12744641,0.13074167,827687.7203
1706451600000,SYN_RAND_KIPP,5m,0.13074167,0.13277788,0.12746568,0.13084872,785422.3195
1706451900000,SYN_RAND_KIPP,5m,0.13084872,0.13306589,0.12759151,0.13111368,742306.1774
1706452200000,SYN_RAND_KIPP,5m,0.13111368,0.13323448,0.12787469,0.13125351,774660.0606
1706452500000,SYN_RAND_KIPP,5m,0.13125351,0.1332646,0.12801021,0.13122465,818261.1551
1706452800000,SYN_RAND_KIPP,5m,0.13122465,0.13326633,0.12784862,0.13103132,860478.3229
1706453100000,SYN_RAND_KIPP,5m,0.13103132,0.13310385,0.12753685,0.130681,900600.9744
1706453400000,SYN_RAND_KIPP,5m,0.130681,0.13278445,0.12708493,0.13018421,937954.0906
1706453700000,SYN_RAND_KIPP,5m,0.13018421,0.13231849,0.12650561,0.12955429,971909.7206
1706454000000,SYN_RAND_KIPP,5m,0.12955429,0.13171916,0.12581402,0.12880703,1001897.6774
1706454300000,SYN_RAND_KIPP,5m,0.12880703,0.13100218,0.12502731,0.1279603,1027415.2498
1706454600000,SYN_RAND_KIPP,5m,0.1279603,0.13019147,0.12415631,0.12703359,1048035.7651
1706454900000,SYN_RAND_KIPP,5m,0.12703359,0.12945649,0.12303534,0.12604762,1063415.8558
1706455200000,SYN_RAND_KIPP,5m,0.12604762,0.12861593,0.12194841,0.12502382,1073301.3086
1706455500000,SYN_RAND_KIPP,5m,0.12502382,0.12768707,0.12091474,0.12398392,1077531.3938
1706455800000,SYN_RAND_KIPP,5m,0.12398392,0.1266883,0.11995201,0.12294956,1076041.6027
1706456100000,SYN_RAND_KIPP,5m,0.12294956,0.12563879,0.11907621,0.12194187,1068864.7462
1706456400000,SYN_RAND_KIPP,5m,0.12194187,0.12455814,0.11830165,0.12098118,1056130.3953
1706456700000,SYN_RAND_KIPP,5m,0.12098118,0.12346608,0.11764091,0.12008672,1038062.6741
1706457000000,SYN_RAND_KIPP,5m,0.12008672,0.12254357,0.11695229,0.1192764,1014976.4415
1706457300000,SYN_RAND_KIPP,5m,0.1192764,0.12176343,0.11630496,0.11856662,987271.9278
1706457600000,SYN_RAND_KIPP,5m,0.11856662,0.12108477,0.11576985,0.11797213,955427.9171
1706457900000,SYN_RAND_KIPP,5m,0.11797213,0.12052256,0.11535962,0.11750596,919993.5918
1706458200000,SYN_RAND_KIPP,5m,0.11750596,0.12009001,0.11508513,0.11717928,881579.1774
1706458500000,SYN_RAND_KIPP,5m,0.11717928,0.11979851,0.11495544,0.11700142,840845.5482
1706458800000,SYN_RAND_KIPP,5m,0.11700142,0.11965752,0.11497776,0.11697978,798492.9703
1706459100000,SYN_RAND_KIPP,5m,0.11697978,0.11981462,0.11501732,0.11711982,755249.1727
1706459400000,SYN_RAND_KIPP,5m,0.11711982,0.11992298,0.11519241,0.11718756,782716.8724
1706459700000,SYN_RAND_KIPP,5m,0.11718756,0.11995994,0.11523834,0.11713148,826216.3204
1706460000000,SYN_RAND_KIPP,5m,0.11713148,0.11993569,0.11509918,0.11695828,868370.6025
1706460300000,SYN_RAND_KIPP,5m,0.11695828,0.11978906,0.11485139,0.11667701,908467.5512
1706460600000,SYN_RAND_KIPP,5m,0.11667701,0.1195291,0.11450575,0.11629886,945829.9281
1706460900000,SYN_RAND_KIPP,5m,0.11629886,0.11916708,0.11407487,0.11583681,979826.9589
1706461200000,SYN_RAND_KIPP,5m,0.11583681,0.11871612,0.11357282,0.11530526,1009885.0778
1706461500000,SYN_RAND_KIPP,5m,0.11530526,0.11819087,0.11301474,0.11471972,1035497.697
1706461800000,SYN_RAND_KIPP,5m,0.11471972,0.11760713,0.1124165,0.11409637,1056233.8351
1706462100000,SYN_RAND_KIPP,5m,0.11409637,0.11698143,0.11179431,0.11345171,1071745.458
1706462400000,SYN_RAND_KIPP,5m,0.11345171,0.11633066,0.11116441,0.11280225,1081773.4071
1706462700000,SYN_RAND_KIPP,5m,0.11280225,0.11567174,0.11054269,0.11216413,1086151.8131
1706463000000,SYN_RAND_KIPP,5m,0.11216413,0.11502125,0.10994447,0.1115529,1084810.9214
1706463300000,SYN_RAND_KIPP,5m,0.1115529,0.11439514,0.10938426,0.11098321,1077778.2796
1706463600000,SYN_RAND_KIPP,5m,0.11098321,0.11380852,0.10887547,0.11046867,1065178.2686
1706463900000,SYN_RAND_KIPP,5m,0.11046867,0.1132754,0.10843037,0.11002168,1047229.9832
1706464200000,SYN_RAND_KIPP,5m,0.11002168,0.11280853,0.10805987,0.10965326,1024243.5001
1706464500000,SYN_RAND_KIPP,5m,0.10965326,0.11241929,0.10777347,0.10937301,996614.5965
1706464800000,SYN_RAND_KIPP,5m,0.10937301,0.11211758,0.10757918,0.10918902,964818.0077
1706465100000,SYN_RAND_KIPP,5m,0.10918902,0.11191175,0.10748347,0.10910783,929399.3409
1706465400000,SYN_RAND_KIPP,5m,0.10910783,0.11183513,0.1074647,0.1091344,890965.7815
1706465700000,SYN_RAND_KIPP,5m,0.1091344,0.11195087,0.10746823,0.10927213,850175.7504
1706466000000,SYN_RAND_KIPP,5m,0.10927213,0.11217972,0.10757863,0.10952282,807727.6887
1706466300000,SYN_RAND_KIPP,5m,0.10952282,0.11252198,0.10779772,0.1098867,764348.1603
1706466600000,SYN_RAND_KIPP,5m,0.1098867,0.1127684,0.10812576,0.11015447,786918.2512
1706466900000,SYN_RAND_KIPP,5m,0.11015447,0.11284523,0.1083569,0.11025728,830304.0134
