timestamp_ms,symbol,timeframe,open,high,low,close,volume
1704817200000,SYN_REKOP_PACKETS,5m,183.92583944,184.30738924,183.78348084,184.05430728,188129.015
1704817500000,SYN_REKOP_PACKETS,5m,184.05430728,184.43290664,183.91170961,184.17978755,194615.8958
1704817800000,SYN_REKOP_PACKETS,5m,184.17978755,184.55600795,184.03667429,184.30313466,200316.3038
1704818100000,SYN_REKOP_PACKETS,5m,184.30313466,184.67760751,184.15923018,184.42526025,205138.6328
1704818400000,SYN_REKOP_PACKETS,5m,184.42526025,184.7986546,184.28029118,184.54710936,209005.6319
1704818700000,SYN_REKOP_PACKETS,5m,184.54710936,184.92010876,184.40080595,184.66963588,211855.67
1704819000000,SYN_REKOP_PACKETS,5m,184.66963588,185.04291511,184.52173333,184.79377794,213643.7443
1704819300000,SYN_REKOP_PACKETS,5m,184.79377794,185.16798037,184.64401773,184.92043396,214342.2168
1704819600000,SYN_REKOP_PACKETS,5m,184.92043396,185.29615014,184.76856512,185.05044005,213941.2672
1704819900000,SYN_REKOP_PACKETS,5m,185.05044005,185.42818829,184.89622045,185.18454945,212449.0527
1704820200000,SYN_REKOP_PACKETS,5m,185.18454945,185.56475884,185.02774702,185.32341449,209891.5753
1704820500000,SYN_REKOP_PACKETS,5m,185.32341449,185.70641101,185.16380841,185.46757175,206312.2553
1704820800000,SYN_REKOP_PACKETS,5m,185.46757175,185.85356768,185.30495357,185.61743058,201771.2211
1704821100000,SYN_REKOP_PACKETS,5m,185.61743058,186.00651777,185.45160535,185.77326552,196344.3248
1704821400000,SYN_REKOP_PACKETS,5m,185.77326552,186.16541252,185.60405282,185.9352127,190121.9002
1704821700000,SYN_REKOP_PACKETS,5m,185.9352127,186.33026586,185.76244761,186.10327024,183207.2845
1704822000000,SYN_REKOP_PACKETS,5m,186.10327024,186.50095875,185.9268043,186.27730267,175715.1264
1704822300000,SYN_REKOP_PACKETS,5m,186.27730267,186.67940986,186.09523398,186.45704909,167769.5098
1704822600000,SYN_REKOP_PACKETS,5m,186.45704909,186.86718338,186.26565446,186.64213491,159501.9223
1704822900000,SYN_REKOP_PACKETS,5m,186.64213491,187.05894385,186.44160103,186.83208655,151049.103
1704823200000,SYN_REKOP_PACKETS,5m,186.83208655,187.25408548,186.62273336,187.02634874,154299.7206
1704823500000,SYN_REKOP_PACKETS,5m,187.02634874,187.45197278,186.80861886,187.22430379,162868.8453
1704823800000,SYN_REKOP_PACKETS,5m,187.22430379,187.65195995,186.99874786,187.42529213,171201.7435
1704824100000,SYN_REKOP_PACKETS,5m,187.42529213,187.85340966,187.19255049,187.62863341,179163.3518
1704824400000,SYN_REKOP_PACKETS,5m,187.62863341,188.05571073,187.38941471,187.83364757,186624.6651
1704824700000,SYN_REKOP_PACKETS,5m,187.83364757,188.25829422,187.58870515,188.03967497,193464.8483
1704825000000,SYN_REKOP_PACKETS,5m,188.03967497,188.46064741,187.78978204,188.24609509,199573.2144
1704825300000,SYN_REKOP_PACKETS,5m,188.24609509,188.66232542,187.99201969,188.45234301,204851.0359
1704825600000,SYN_REKOP_PACKETS,5m,188.45234301,188.86296006,188.19482404,188.65792332,209213.1609
1704825900000,SYN_REKOP_PACKETS,5m,188.65792332,189.06226569,188.3976487,188.86242085,212589.4071
1704826200000,SYN_REKOP_PACKETS,5m,188.86242085,189.26004214,188.60000887,189.06550802,214925.7101
1704826500000,SYN_REKOP_PACKETS,5m,189.06550802,189.45617437,188.80149282,189.26694849,216185.0086
1704826800000,SYN_REKOP_PACKETS,5m,189.26694849,189.65062921,189.00177051,189.46659732,216347.8508
1704827100000,SYN_REKOP_PACKETS,5m,189.46659732,189.84344925,189.20059897,189.66439741,215412.7131
1704827400000,SYN_REKOP_PACKETS,5m,189.66439741,190.03474403,189.39782436,189.86037269,213396.0247
1704827700000,SYN_REKOP_PACKETS,5m,189.86037269,190.22467912,189.59338061,190.05461839,210331.8984
1704828000000,SYN_REKOP_PACKETS,5m,190.05461839,190.41346331,189.78728465,190.24728875,206271.5729
1704828300000,SYN_REKOP_PACKETS,5m,190.24728875,190.60133451,189.97962848,190.43858291,201282.5732
1704828600000,SYN_REKOP_PACKETS,5m,190.43858291,190.78854494,190.1705684,190.62872954,195447.606
1704828900000,SYN_REKOP_PACKETS,5m,190.62872954,190.97534611,190.36031182,190.81797086,188863.2052
1704829200000,SYN_REKOP_PACKETS,5m,190.81797086,191.16197436,190.54910218,191.00654691,181638.1523
1704829500000,SYN_REKOP_PACKETS,5m,191.00654691,191.34863737,190.73720273,191.19468065,173891.6953
1704829800000,SYN_REKOP_PACKETS,5m,191.19468065,191.53550243,190.92487981,191.38256453,165751.5971
1704830100000,SYN_REKOP_PACKETS,5m,191.38256453,191.72268687,191.11238635,191.5703493,157352.044
1704830400000,SYN_REKOP_PACKETS,5m,191.5703493,191.91025119,191.29994652,191.75813535,151344.0308
1704830700000,SYN_REKOP_PACKETS,5m,191.75813535,192.09819523,191.48774205,191.9459671,159953.5735
1704831000000,SYN_REKOP_PACKETS,5m,191.9459671,192.28645762,191.67590104,192.13383067,168401.2787
1704831300000,SYN_REKOP_PACKETS,5m,192.13383067,192.47491875,191.86448988,192.32165494,176549.7327
1704831600000,SYN_REKOP_PACKETS,5m,192.32165494,192.66340703,192.05350858,192.509316,184266.4001
1704831900000,SYN_REKOP_PACKETS,5m,192.509316,192.85170855,192.24288995,192.69664479,191425.7928
1704832200000,SYN_REKOP_PACKETS,5m,192.69664479,193.03957952,192.43250274,192.88343765,197911.5245
1704832500000,SYN_REKOP_PACKETS,5m,192.88343765,193.22676126,192.62215866,193.06946922,203618.2156
1704832800000,SYN_REKOP_PACKETS,5m,193.06946922,193.41299704,192.81162307,193.25450736,208453.2176
1704833100000,SYN_REKOP_PACKETS,5m,193.25450736,193.59878293,192.9994639,193.4383292,212338.1305
1704833400000,SYN_REKOP_PACKETS,5m,193.4383292,193.78386807,193.18556716,193.62073771,215210.0851
1704833700000,SYN_REKOP_PACKETS,5m,193.62073771,193.96761467,193.37048974,193.80157805,217022.7729
1704834000000,SYN_REKOP_PACKETS,5m,193.80157805,194.14991196,193.55406372,193.9807529,217747.2035
1704834300000,SYN_REKOP_PACKETS,5m,193.9807529,194.33071918,193.73617744,194.15823602,217372.1793
1704834600000,SYN_REKOP_PACKETS,5m,194.15823602,194.51007676,193.91678918,194.33408339,215904.4789
1704834900000,SYN_REKOP_PACKETS,5m,194.33408339,194.68811454,194.09593836,194.50844129,213368.7457
1704835200000,SYN_REKOP_PACKETS,5m,194.50844129,194.86505647,194.2737537,194.68155092,209807.085
1704835500000,SYN_REKOP_PACKETS,5m,194.68155092,195.04122135,194.45045788,194.85374906,205278.3745
1704835800000,SYN_REKOP_PACKETS,5m,194.85374906,195.21701969,194.6263684,195.02546478,199857.3005
1704836100000,SYN_REKOP_PACKETS,5m,195.02546478,195.39294626,194.80189433,195.19721196,193633.1355
1704836400000,SYN_REKOP_PACKETS,5m,195.19721196,195.56956886,194.97752893,195.36957788,186708.2768
1704836700000,SYN_REKOP_PACKETS,5m,195.36957788,195.74751331,195.15383844,195.54320817,179196.5703
1704837000000,SYN_REKOP_PACKETS,5m,195.54320817,195.92744526,195.33144707,195.71878846,171221.4473
1704837300000,SYN_REKOP_PACKETS,5m,195.71878846,196.11004934,195.51101888,195.89702353,162913.9037
1704837600000,SYN_REKOP_PACKETS,5m,195.89702353,196.29600639,195.69323694,196.07861438,154410.356
1704837900000,SYN_REKOP_PACKETS,5m,196.07861438,196.48596959,195.87878065,196.2642343,156282.6234
1704838200000,SYN_REKOP_PACKETS,5m,196.2642343,196.68382933,196.06545082,196.45450461,164803.9244
1704838500000,SYN_REKOP_PACKETS,5m,196.45450461,196.88974256,196.25447684,196.64997099,173099.4598
1704838800000,SYN_REKOP_PACKETS,5m,196.64997099,197.10197816,196.44836961,196.85108131,181033.7934
1704839100000,SYN_REKOP_PACKETS,5m,196.85108131,197.32071483,196.64769014,197.05816583,188477.3804
1704839400000,SYN_REKOP_PACKETS,5m,197.05816583,197.54596264,196.85288526,197.27142041,195308.6881
1704839700000,SYN_REKOP_PACKETS,5m,197.27142041,197.77755423,197.06426641,197.49089359,201416.1851
1704840000000,SYN_REKOP_PACKETS,5m,197.49089359,198.01514183,197.2819927,197.71647793,206700.1669
1704840300000,SYN_REKOP_PACKETS,5m,197.71647793,198.25820063,197.50605875,197.9479062,211074.3878
1704840600000,SYN_REKOP_PACKETS,5m,197.9479062,198.50603828,197.73628793,198.18475246,214467.4731
1704840900000,SYN_REKOP_PACKETS,5m,198.18475246,198.75781049,197.97233133,198.42643836,216824.0867
1704841200000,SYN_REKOP_PACKETS,5m,198.42643836,199.01254204,198.21367249,198.67224437,218105.8372
1704841500000,SYN_REKOP_PACKETS,5m,198.67224437,199.26915276,198.45963786,198.92132588,218291.9066
1704841800000,SYN_REKOP_PACKETS,5m,198.92132588,199.52648741,198.70941253,199.17273353,217379.3905
1704842100000,SYN_REKOP_PACKETS,5m,199.17273353,199.7833485,198.96206086,199.42543742,215383.346
1704842400000,SYN_REKOP_PACKETS,5m,199.42543742,200.038531,199.21655117,199.67835429,212336.5451
1704842700000,SYN_REKOP_PACKETS,5m,199.67835429,200.29085751,199.47178377,199.93037698,208288.9383
1704843000000,SYN_REKOP_PACKETS,5m,199.93037698,200.53921297,199.72662127,200.1804052,203306.837
1704843300000,SYN_REKOP_PACKETS,5m,200.1804052,200.78257732,199.97992033,200.42737658,197471.8281
1704843600000,SYN_REKOP_PACKETS,5m,200.42737658,201.02005544,200.2305636,200.67029715,190879.4382
1704843900000,SYN_REKOP_PACKETS,5m,200.67029715,201.25090292,200.47749098,200.90827005,183637.5705
1704844200000,SYN_REKOP_PACKETS,5m,200.90827005,201.47454718,200.71972908,201.14052177,175864.7383
1704844500000,SYN_REKOP_PACKETS,5m,201.14052177,201.69060307,200.9564181,201.36642484,167688.125
1704844800000,SYN_REKOP_PACKETS,5m,201.36642484,201.8988826,201.18683518,201.58551635,159241.5025
1704845100000,SYN_REKOP_PACKETS,5m,201.58551635,202.09939859,201.41041372,201.7975117,151854.528
1704845400000,SYN_REKOP_PACKETS,5m,201.7975117,202.29236222,201.62675797,202.00231301,160408.4811
1704845700000,SYN_REKOP_PACKETS,5m,202.00231301,202.47817475,201.83565271,202.2000121,168811.2528
1704846000000,SYN_REKOP_PACKETS,5m,202.2000121,202.66067791,202.03507215,202.39088783,176925.1494
1704846300000,SYN_REKOP_PACKETS,5m,202.39088783,202.84311524,202.22346469,202.57539797,184617.1847
1704846600000,SYN_REKOP_PACKETS,5m,202.57539797,203.01954467,202.40523967,202.75416587,191761.257
1704846900000,SYN_REKOP_PACKETS,5m,202.75416587,203.19075047,202.58103248,202.92796241,198240.2132
1704847200000,SYN_REKOP_PACKETS,5m,202.92796241,203.35764379,202.75162719,203.09768389,203947.766
1704847500000,SYN_REKOP_PACKETS,5m,203.09768389,203.52123697,202.91793435,203.26432649,208790.2342
1704847800000,SYN_REKOP_PACKETS,5m,203.26432649,203.68261548,203.08096539,203.42895828,212688.0762
1704848100000,SYN_REKOP_PACKETS,5m,203.42895828,203.84290809,203.24180453,203.59268957,215577.1913
1704848400000,SYN_REKOP_PACKETS,5m,203.59268957,204.00325641,203.40157911,203.75664259,217409.9698
1704848700000,SYN_REKOP_PACKETS,5m,203.75664259,204.16478472,203.56142913,203.9219214,218156.0718
1704849000000,SYN_REKOP_PACKETS,5m,203.9219214,204.32857083,203.72247714,204.08958296,217802.924
1704849300000,SYN_REKOP_PACKETS,5m,204.08958296,204.49561908,203.88579921,204.26061023,216355.9254
1704849600000,SYN_REKOP_PACKETS,5m,204.26061023,204.66683592,204.05239796,204.43588788,213838.3592
1704849900000,SYN_REKOP_PACKETS,5m,204.43588788,204.843009,204.22317822,204.6161815,210291.0114
1704850200000,SYN_REKOP_PACKETS,5m,204.6161815,205.02479003,204.39892611,204.80212063,205771.5035
1704850500000,SYN_REKOP_PACKETS,5m,204.80212063,205.21268204,204.58029206,204.99418605,200353.3491
1704850800000,SYN_REKOP_PACKETS,5m,204.99418605,205.40991114,204.7647356,205.1927016,194124.7506
1704851100000,SYN_REKOP_PACKETS,5m,205.1927016,205.61773043,204.95106122,205.39783058,187187.1558
1704851400000,SYN_REKOP_PACKETS,5m,205.39783058,205.83193419,205.14375924,205.60957672,179653.597
1704851700000,SYN_REKOP_PACKETS,5m,205.60957672,206.05224233,205.34305094,205.82778946,171646.8409
1704852000000,SYN_REKOP_PACKETS,5m,205.82778946,206.27825476,205.54900719,206.05217332,163297.3791
1704852300000,SYN_REKOP_PACKETS,5m,206.05217332,206.50946595,205.76155113,206.28230096,154741.2926
1704852600000,SYN_REKOP_PACKETS,5m,206.28230096,206.74528144,205.98046455,206.51762923,155232.5263
1704852900000,SYN_REKOP_PACKETS,5m,206.51762923,206.98503578,206.20539757,206.75751791,163702.8085
1704853200000,SYN_REKOP_PACKETS,5m,206.75751791,207.22801154,206.43588151,207.00125023,171957.9407
1704853500000,SYN_REKOP_PACKETS,5m,207.00125023,207.47345877,206.67134435,207.24805467,179862.1273
1704853800000,SYN_REKOP_PACKETS,5m,207.24805467,207.72061441,206.91112846,207.49712727,187285.2964
1704854100000,SYN_REKOP_PACKETS,5m,207.49712727,207.96872125,207.15451004,207.7476538,194105.2294
1704854400000,SYN_REKOP_PACKETS,5m,207.7476538,208.21704588,207.40071968,207.99883109,200209.5616
1704854700000,SYN_REKOP_PACKETS,5m,207.99883109,208.46489529,207.64896349,208.24988703,205497.6211
1704855000000,SYN_REKOP_PACKETS,5m,208.24988703,208.71163159,207.89844414,208.50009855,209882.0771
1704855300000,SYN_REKOP_PACKETS,5m,208.50009855,208.9566847,208.14838131,208.74880728,213290.3691
1704855600000,SYN_REKOP_PACKETS,5m,208.74880728,209.19956256,208.39803078,208.99543244,215665.8949
1704855900000,SYN_REKOP_PACKETS,5m,208.99543244,209.43985875,208.64670181,209.23948073,216968.937
1704856200000,SYN_REKOP_PACKETS,5m,209.23948073,209.67725737,208.89377228,209.48055307,217177.3127
1704856500000,SYN_REKOP_PACKETS,5m,209.48055307,209.91153513,209.13870107,209.71834816,216286.7376
1704856800000,SYN_REKOP_PACKETS,5m,209.71834816,210.14256067,209.38103756,209.95266296,214310.8951
1704857100000,SYN_REKOP_PACKETS,5m,209.95266296,210.37029125,209.62042791,210.18339014,211281.2132
1704857400000,SYN_REKOP_PACKETS,5m,210.18339014,210.594767,209.85661805,210.4105129,207246.3496
1704857700000,SYN_REKOP_PACKETS,5m,210.4105129,210.81610303,210.08945349,210.63409737,202271.3955
1704858000000,SYN_REKOP_PACKETS,5m,210.63409737,211.03447965,210.31887596,210.85428312,196436.81
1704858300000,SYN_REKOP_PACKETS,5m,210.85428312,211.25013125,210.54491724,211.07127205,189837.1035
1704858600000,SYN_REKOP_PACKETS,5m,211.07127205,211.46333407,210.7676904,211.28531625,182579.2903
1704858900000,SYN_REKOP_PACKETS,5m,211.28531625,211.67439356,210.98737904,211.49670534,174781.1373
1704859200000,SYN_REKOP_PACKETS,5m,211.49670534,211.88363155,211.20422484,211.70575356,166569.2361
1704859500000,SYN_REKOP_PACKETS,5m,211.70575356,212.0913739,211.41851405,211.91278736,158076.9313
1704859800000,SYN_REKOP_PACKETS,5m,211.91278736,212.2979389,211.6305635,212.11813363,149442.1374
1704860100000,SYN_REKOP_PACKETS,5m,212.11813363,212.50362693,211.84070659,212.32210912,157810.7841
1704860400000,SYN_REKOP_PACKETS,5m,212.32210912,212.70871168,212.04927988,212.52501121,166168.7774
1704860700000,SYN_REKOP_PACKETS,5m,212.52501121,212.91433685,212.25530885,212.72711044,174248.4332
1704861000000,SYN_REKOP_PACKETS,5m,212.72711044,213.11962578,212.46072816,212.92864477,181916.3276
1704861300000,SYN_REKOP_PACKETS,5m,212.92864477,213.32474789,212.66578022,213.12981586,189045.7574
1704861600000,SYN_REKOP_PACKETS,5m,213.12981586,213.52984836,212.87064793,213.33078719,195518.8136
1704861900000,SYN_REKOP_PACKETS,5m,213.33078719,213.73503327,213.07547514,213.53168412,201228.312
1704862200000,SYN_REKOP_PACKETS,5m,213.53168412,213.94037157,213.28036682,213.73259576,206079.5474
1704862500000,SYN_REKOP_PACKETS,5m,213.73259576,214.14589855,213.48539094,213.93357828,209991.8442
1704862800000,SYN_REKOP_PACKETS,5m,213.93357828,214.3516207,213.69058203,214.13465975,212899.8766
1704863100000,SYN_REKOP_PACKETS,5m,214.13465975,214.55752167,213.89594595,214.33584595,214754.738
1704863400000,SYN_REKOP_PACKETS,5m,214.33584595,214.76356902,214.10146593,214.53712698,215524.7418
1704863700000,SYN_REKOP_PACKETS,5m,214.53712698,214.96972142,214.3071092,214.73848438,215195.9401
1704864000000,SYN_REKOP_PACKETS,5m,214.73848438,215.175936,214.51283429,214.93989834,213772.352
1704864300000,SYN_REKOP_PACKETS,5m,214.93989834,215.38217551,214.7185983,215.14135477,211275.8978
1704864600000,SYN_REKOP_PACKETS,5m,215.14135477,215.588415,214.92436404,215.34285182,207746.0403
1704864900000,SYN_REKOP_PACKETS,5m,215.34285182,215.79464774,215.13010676,215.54440566,203239.1389
1704865200000,SYN_REKOP_PACKETS,5m,215.54440566,216.00089008,215.33581999,215.74605527,197827.5274
1704865500000,SYN_REKOP_PACKETS,5m,215.74605527,216.20718515,215.54152043,215.94786597,191598.3296
1704865800000,SYN_REKOP_PACKETS,5m,215.94786597,216.41360508,215.74725158,216.14993156,184652.0335
1704866100000,SYN_REKOP_PACKETS,5m,216.14993156,216.62025185,215.95308605,216.35237501,177100.8466
1704866400000,SYN_REKOP_PACKETS,5m,216.35237501,216.82725651,216.15912631,216.5553476,169066.8593
1704866700000,SYN_REKOP_PACKETS,5m,216.5553476,217.03477693,216.36550396,216.75902656,160680.0461
1704867000000,SYN_REKOP_PACKETS,5m,216.75902656,217.24299405,216.57237747,216.96361123,152076.1387
1704867300000,SYN_REKOP_PACKETS,5m,216.96361123,217.45210679,216.77992839,217.16931787,151190.3111
1704867600000,SYN_REKOP_PACKETS,5m,217.16931787,217.6623258,216.98835635,217.3763733,159612.9044
1704867900000,SYN_REKOP_PACKETS,5m,217.3763733,217.8751442,217.19708292,217.58500754,167831.1151
1704868200000,SYN_REKOP_PACKETS,5m,217.58500754,218.09047742,217.4065532,217.79544576,175708.8009
1704868500000,SYN_REKOP_PACKETS,5m,217.79544576,218.30786994,217.61739472,218.00789967,183115.3755
1704868800000,SYN_REKOP_PACKETS,5m,218.00789967,218.52746685,217.82982473,218.22255879,189927.946
1704869100000,SYN_REKOP_PACKETS,5m,218.22255879,218.74936868,218.0440441,218.43958174,196033.325
1704869400000,SYN_REKOP_PACKETS,5m,218.43958174,218.97362379,218.2602285,218.65908798,201329.8827
1704869700000,SYN_REKOP_PACKETS,5m,218.65908798,219.20022215,218.47851989,218.88115022,205729.2114
1704870000000,SYN_REKOP_PACKETS,5m,218.88115022,219.42909057,218.69901881,219.10578768,209157.5719
1704870300000,SYN_REKOP_PACKETS,5m,219.10578768,219.66008976,218.92177755,219.33296067,211557.1009
1704870600000,SYN_REKOP_PACKETS,5m,219.33296067,219.89301318,219.14679447,219.56256643,212886.7584
1704870900000,SYN_REKOP_PACKETS,5m,219.56256643,220.12758785,219.37400976,219.79443661,213122.9992
1704871200000,SYN_REKOP_PACKETS,5m,219.79443661,220.36347711,219.60330264,220.02833645,212260.1587
1704871500000,SYN_REKOP_PACKETS,5m,220.02833645,220.60028518,219.83449013,220.26396569,210310.5454
1704871800000,SYN_REKOP_PACKETS,5m,220.26396569,220.83756355,220.06732752,220.50096139,207304.2397
1704872100000,SYN_REKOP_PACKETS,5m,220.50096139,221.07481893,220.30151044,220.73890247,203288.6016
1704872400000,SYN_REKOP_PACKETS,5m,220.73890247,221.31152265,220.53667851,220.97731605,198327.4955
1704872700000,SYN_REKOP_PACKETS,5m,220.97731605,221.54712119,220.77242062,221.21568545,192500.2448
1704873000000,SYN_REKOP_PACKETS,5m,221.21568545,221.78104761,221.00828144,221.45345966,185900.334
1704873300000,SYN_REKOP_PACKETS,5m,221.45345966,222.01273364,221.24376941,221.69006404,178633.878
1704873600000,SYN_REKOP_PACKETS,5m,221.69006404,222.24162208,221.47836562,221.92491218,170817.8855
1704873900000,SYN_REKOP_PACKETS,5m,221.92491218,222.46717919,221.71153375,222.15741847,162578.3441
1704874200000,SYN_REKOP_PACKETS,5m,222.15741847,222.68890689,221.94273064,222.38701116,154048.1574
1704874500000,SYN_REKOP_PACKETS,5m,222.38701116,222.90635438,222.17141734,222.61314563,145364.9705
1704874800000,SYN_REKOP_PACKETS,5m,222.61314563,223.119129,222.39707043,222.8353175,152363.2406
1704875100000,SYN_REKOP_PACKETS,5m,222.8353175,223.32690596,222.61919339,223.05307521,160682.9979
1704875400000,SYN_REKOP_PACKETS,5m,223.05307521,223.52966323,222.83714242,223.26603191,168735.1068
1704875700000,SYN_REKOP_PACKETS,5m,223.26603191,223.7332425,223.04537633,223.47387612,176385.7183
1704876000000,SYN_REKOP_PACKETS,5m,223.47387612,223.93137047,223.24839666,223.6763811,183507.5393
1704876300000,SYN_REKOP_PACKETS,5m,223.6763811,224.12393586,223.44600026,223.87341248,189981.9165
1704876600000,SYN_REKOP_PACKETS,5m,223.87341248,224.31092619,223.63807671,224.06493412,195700.7785
1704876900000,SYN_REKOP_PACKETS,5m,224.06493412,224.49243142,223.8246141,224.25101183,200568.4052
1704877200000,SYN_REKOP_PACKETS,5m,224.25101183,224.66864535,224.00570256,224.43181494,204502.9943
1704877500000,SYN_REKOP_PACKETS,5m,224.43181494,224.83986485,224.18153574,224.60761565,207438.0006
1704877800000,SYN_REKOP_PACKETS,5m,224.60761565,225.00648673,224.35240997,224.77878603,209323.2253
1704878100000,SYN_REKOP_PACKETS,5m,224.77878603,225.16900236,224.51872118,224.94579282,210125.638
1704878400000,SYN_REKOP_PACKETS,5m,224.94579282,225.32799011,224.68095951,225.10918995,209829.917
1704878700000,SYN_REKOP_PACKETS,5m,225.10918995,225.48410578,224.83970179,225.26960918,208438.7005
1704879000000,SYN_REKOP_PACKETS,5m,225.26960918,225.63807109,224.99560195,225.42774866,205972.5435
1704879300000,SYN_REKOP_PACKETS,5m,225.42774866,225.79066061,225.14937959,225.58436003,202469.5814
1704879600000,SYN_REKOP_PACKETS,5m,225.58436003,225.94268721,225.30180687,225.74023399,197984.9059
1704879900000,SYN_REKOP_PACKETS,5m,225.74023399,226.0949865,225.45369409,225.8961849,192589.6632
1704880200000,SYN_REKOP_PACKETS,5m,225.8961849,226.24840048,225.60587412,226.05303446,186369.8897
1704880500000,SYN_REKOP_PACKETS,5m,226.05303446,226.40376078,225.75918608,226.21159513,179425.1037
1704880800000,SYN_REKOP_PACKETS,5m,226.21159513,226.56187173,225.91445863,226.3726533,171866.6765
1704881100000,SYN_REKOP_PACKETS,5m,226.3726533,226.72349385,226.07249314,226.53695281,163816.0098
1704881400000,SYN_REKOP_PACKETS,5m,226.53695281,226.88932779,226.2340471,226.70517905,155402.548
1704881700000,SYN_REKOP_PACKETS,5m,226.70517905,227.05999936,226.39981826,226.87794401,146761.6602
1704882000000,SYN_REKOP_PACKETS,5m,226.87794401,227.23604572,226.57042957,227.05577258,144508.9796
1704882300000,SYN_REKOP_PACKETS,5m,227.05577258,227.41790323,226.74641549,227.23909041,152893.3057
1704882600000,SYN_REKOP_PACKETS,5m,227.23909041,227.60589703,226.9282098,227.42821359,161084.1515
1704882900000,SYN_REKOP_PACKETS,5m,227.42821359,227.80023272,227.1161353,227.62334035,168945.0409
1704883200000,SYN_REKOP_PACKETS,5m,227.62334035,228.00099033,227.31039544,227.82454506,176344.885
1704883500000,SYN_REKOP_PACKETS,5m,227.82454506,228.20812058,227.51106834,228.03177454,183160.1285
1704883800000,SYN_REKOP_PACKETS,5m,228.03177454,228.42144373,227.71810306,228.24484689,189276.7714
1704884100000,SYN_REKOP_PACKETS,5m,228.24484689,228.64106156,227.9305919,228.46345294,194592.2358
1704884400000,SYN_REKOP_PACKETS,5m,228.46345294,228.86971287,228.14266452,228.68716012,199017.0449
1704884700000,SYN_REKOP_PACKETS,5m,228.68716012,229.10285737,228.36101604,228.91541899,202476.2874
1704885000000,SYN_REKOP_PACKETS,5m,228.91541899,229.33975498,228.58525739,229.1475721,204910.8444
1704885300000,SYN_REKOP_PACKETS,5m,229.1475721,229.57956735,228.81486488,229.38286517,206278.3565
1704885600000,SYN_REKOP_PACKETS,5m,229.38286517,229.82137192,229.04918739,229.62046041,206553.918
1704885900000,SYN_REKOP_PACKETS,5m,229.62046041,230.0641783,229.2874567,229.85945167,205730.4841
1704886200000,SYN_REKOP_PACKETS,5m,229.85945167,230.30694653,229.52880051,230.09888122,203818.9866
1704886500000,SYN_REKOP_PACKETS,5m,230.09888122,230.5486071,229.77225825,230.33775778,200848.1551
1704886800000,SYN_REKOP_PACKETS,5m,230.33775778,230.78808207,230.01679915,230.57507561,196864.0465
1704887100000,SYN_REKOP_PACKETS,5m,230.57507561,231.0243072,230.2613424,230.80983401,191929.2919
1704887400000,SYN_REKOP_PACKETS,5m,230.80983401,231.25625424,230.50477888,231.0410572,186122.0708
1704887700000,SYN_REKOP_PACKETS,5m,231.0410572,231.48295318,230.74599404,231.26781386,179534.832
1704888000000,SYN_REKOP_PACKETS,5m,231.26781386,231.70351376,230.98389143,231.48923611,172272.7803
1704888300000,SYN_REKOP_PACKETS,5m,231.48923611,231.92297138,231.20996813,231.7045375,164452.1545
1704888600000,SYN_REKOP_PACKETS,5m,231.7045375,232.13619454,231.42953777,231.91302951,156198.3249
1704888900000,SYN_REKOP_PACKETS,5m,231.91302951,232.34216504,231.64244512,232.11413641,147643.7413
1704889200000,SYN_REKOP_PACKETS,5m,232.11413641,232.5404084,231.84809152,232.3074079,138925.7651
1704889500000,SYN_REKOP_PACKETS,5m,232.3074079,232.73058535,232.04600291,232.49252941,144565.8459
1704889800000,SYN_REKOP_PACKETS,5m,232.49252941,232.91249957,232.23584029,232.66932975,152859.5292
1704890100000,SYN_REKOP_PACKETS,5m,232.66932975,233.08610267,232.41740745,232.83778592,160896.3815
1704890400000,SYN_REKOP_PACKETS,5m,232.83778592,233.25149612,232.59065591,232.99802489,168542.1409
1704890700000,SYN_REKOP_PACKETS,5m,232.99802489,233.40893024,232.75568694,233.15032244,175668.9365
1704891000000,SYN_REKOP_PACKETS,5m,233.15032244,233.55880001,232.91275044,233.29509881,182157.3813
1704891300000,SYN_REKOP_PACKETS,5m,233.29509881,233.70163795,233.06224083,233.43291147,187898.5269
1704891600000,SYN_REKOP_PACKETS,5m,233.43291147,233.83810414,233.20468993,233.56444492,192795.6466
1704891900000,SYN_REKOP_PACKETS,5m,233.56444492,233.96897345,233.34075692,233.69049789,196765.819
1704892200000,SYN_REKOP_PACKETS,5m,233.69049789,234.09512045,233.47121572,233.81196805,199741.2854
1704892500000,SYN_REKOP_PACKETS,5m,233.81196805,234.21750208,233.5969398,233.9298346,201670.5591
1704892800000,SYN_REKOP_PACKETS,5m,233.9298346,234.33713857,233.71888495,234.04513908,202519.2681
1704893100000,SYN_REKOP_PACKETS,5m,234.04513908,234.45509296,233.83807021,234.15896478,202270.7179
1704893400000,SYN_REKOP_PACKETS,5m,234.15896478,234.57244959,233.95555742,234.27241517,200926.1652
1704893700000,SYN_REKOP_PACKETS,5m,234.27241517,234.69029204,234.07242973,234.38659179,198504.797
1704894000000,SYN_REKOP_PACKETS,5m,234.38659179,234.80968105,234.18976964,234.50257203,195043.4169
1704894300000,SYN_REKOP_PACKETS,5m,234.50257203,234.93163268,234.30863685,234.62138733,190595.8428
1704894600000,SYN_REKOP_PACKETS,5m,234.62138733,235.05709737,234.43004659,234.74400213,185232.0261
1704894900000,SYN_REKOP_PACKETS,5m,234.74400213,235.18694016,234.55494858,234.8712941,179036.9066
1704895200000,SYN_REKOP_PACKETS,5m,234.8712941,235.32192265,234.68420741,235.00403606,172109.0226
1704895500000,SYN_REKOP_PACKETS,5m,235.00403606,235.46268689,234.81858444,235.14287983,164558.8979
1704895800000,SYN_REKOP_PACKETS,5m,235.14287983,235.60974171,234.95872178,235.28834257,156507.2329
1704896100000,SYN_REKOP_PACKETS,5m,235.28834257,235.76345168,235.10512862,235.4407957,148082.9289
1704896400000,SYN_REKOP_PACKETS,5m,235.4407957,235.92402897,235.2581702,235.60045676,139420.9784
1704896700000,SYN_REKOP_PACKETS,5m,235.60045676,236.09152829,235.41805971,235.76738436,135816.8321
1704897000000,SYN_REKOP_PACKETS,5m,235.76738436,236.26584512,235.58485324,235.94147636,144177.3353
1704897300000,SYN_REKOP_PACKETS,5m,235.94147636,236.44671714,235.75844801,236.12247131,152355.3666
1704897600000,SYN_REKOP_PACKETS,5m,236.12247131,236.63372898,235.93858377,236.30995322,160214.1286
1704897900000,SYN_REKOP_PACKETS,5m,236.30995322,236.82632022,236.12484758,236.50335946,167622.0422
1704898200000,SYN_REKOP_PACKETS,5m,236.50335946,237.02379642,236.31668177,236.7019919,174454.9004
1704898500000,SYN_REKOP_PACKETS,5m,236.7019919,237.22534309,236.51339493,236.90503077,180597.9015
1704898800000,SYN_REKOP_PACKETS,5m,236.90503077,237.43004224,236.7141759,237.11155129,185947.5285
1704899100000,SYN_REKOP_PACKETS,5m,237.11155129,237.63689128,236.91811023,237.3205425,190413.2434
1704899400000,SYN_REKOP_PACKETS,5m,237.3205425,237.84482385,237.12419907,237.53092811,193918.9697
1704899700000,SYN_REKOP_PACKETS,5m,237.53092811,238.05273205,237.3313799,237.74158877,196404.3376
1704900000000,SYN_REKOP_PACKETS,5m,237.74158877,238.25948984,237.53854876,237.95138542,197825.6719
1704900300000,SYN_REKOP_PACKETS,5m,237.95138542,238.46397684,237.74458356,238.15918322,198156.7079
1704900600000,SYN_REKOP_PACKETS,5m,238.15918322,238.66510223,237.94836786,238.36387535,197389.0208
1704900900000,SYN_REKOP_PACKETS,5m,238.36387535,238.86182804,238.14881461,238.56440645,195532.1637
1704901200000,SYN_REKOP_PACKETS,5m,238.56440645,239.05319137,238.34488949,238.75979484,192613.512
1704901500000,SYN_REKOP_PACKETS,5m,238.75979484,239.23832509,238.53563303,238.94915334,188677.8145
1704901800000,SYN_REKOP_PACKETS,5m,238.94915334,239.41647639,238.72018121,239.13170783,183786.462
1704902100000,SYN_REKOP_PACKETS,5m,239.13170783,239.5870228,238.89778402,239.30681345,178016.4817
1704902400000,SYN_REKOP_PACKETS,5m,239.30681345,239.74948535,239.06782139,239.47396777,171459.2774
1704902700000,SYN_REKOP_PACKETS,5m,239.47396777,239.9035384,239.22981631,239.63282082,164219.1325
1704903000000,SYN_REKOP_PACKETS,5m,239.63282082,240.04901598,239.38344466,239.78318158,156411.5039
1704903300000,SYN_REKOP_PACKETS,5m,239.78318158,240.18591454,239.52854153,239.92502075,148161.132
1704903600000,SYN_REKOP_PACKETS,5m,239.92502075,240.31439186,239.66510387,240.05846995,139599.9991
1704903900000,SYN_REKOP_PACKETS,5m,240.05846995,240.43476226,239.79328951,240.18381698,130865.1688
1704904200000,SYN_REKOP_PACKETS,5m,240.18381698,240.54748827,239.91341231,240.30149773,135163.6745
1704904500000,SYN_REKOP_PACKETS,5m,240.30149773,240.65316879,240.02593385,240.41208446,143447.7113
1704904800000,SYN_REKOP_PACKETS,5m,240.41208446,240.75252429,240.13145163,240.51627113,151485.8289
1704905100000,SYN_REKOP_PACKETS,5m,240.51627113,240.84637913,240.23068428,240.61485601,159143.3647
1704905400000,SYN_REKOP_PACKETS,5m,240.61485601,240.93564177,240.32445397,240.70872187,166291.8817
1704905700000,SYN_REKOP_PACKETS,5m,240.70872187,241.02128308,240.41366659,240.79881461,172811.27
1704906000000,SYN_REKOP_PACKETS,5m,240.79881461,241.10431352,240.49929019,240.8861205,178591.7139
1704906300000,SYN_REKOP_PACKETS,5m,240.8861205,241.18575967,240.58233217,240.97164284,183535.4888
1704906600000,SYN_REKOP_PACKETS,5m,240.97164284,241.26664071,240.66381588,241.05637864,187558.5615
1704906900000,SYN_REKOP_PACKETS,5m,241.05637864,241.34794548,240.74475717,241.14129574,190591.9655
1704907200000,SYN_REKOP_PACKETS,5m,241.14129574,241.43061064,240.82614149,241.2273111,192582.9303
1704907500000,SYN_REKOP_PACKETS,5m,241.2273111,241.51550056,240.90890213,241.31527081,193495.7451
1704907800000,SYN_REKOP_PACKETS,5m,241.31527081,241.60338931,240.99390014,241.40593215,193312.3435
1704908100000,SYN_REKOP_PACKETS,5m,241.40593215,241.69494529,241.08190638,241.49994831,192032.5995
1704908400000,SYN_REKOP_PACKETS,5m,241.49994831,241.79071883,241.1735862,241.59785605,189674.3296
1704908700000,SYN_REKOP_PACKETS,5m,241.59785605,241.891133,241.26948707,241.70006658,186273.0012
1704909000000,SYN_REKOP_PACKETS,5m,241.70006658,241.99647784,241.37002941,241.80685986,181881.1525
1704909300000,SYN_REKOP_PACKETS,5m,241.80685986,242.10690819,241.47550085,241.91838245,176567.5322
1704909600000,SYN_REKOP_PACKETS,5m,241.91838245,242.22244495,241.58605408,242.03464879,170415.9748
1704909900000,SYN_REKOP_PACKETS,5m,242.03464879,242.34297984,241.7017081,242.15554604,163524.0282
1704910200000,SYN_REKOP_PACKETS,5m,242.15554604,242.46828339,241.82235298,242.28084202,156001.357
1704910500000,SYN_REKOP_PACKETS,5m,242.28084202,242.59801584,241.94775786,242.41019619,147967.9481
1704910800000,SYN_REKOP_PACKETS,5m,242.41019619,242.7317407,242.07758182,242.54317314,139552.1461
1704911100000,SYN_REKOP_PACKETS,5m,242.54317314,242.86894042,242.21138742,242.67925832,130888.5532
1704911400000,SYN_REKOP_PACKETS,5m,242.67925832,243.00903377,242.34865634,242.81787535,125951.9233
1704911700000,SYN_REKOP_PACKETS,5m,242.81787535,243.15139423,242.48880672,242.95840442,134306.4774
1704912000000,SYN_REKOP_PACKETS,5m,242.95840442,243.29536904,242.63121158,243.10020131,142489.6362
1704912300000,SYN_REKOP_PACKETS,5m,243.10020131,243.4402981,242.77521777,243.2426162,150364.2935
1704912600000,SYN_REKOP_PACKETS,5m,243.2426162,243.58553227,242.92016487,243.38501198,157798.3918
1704912900000,SYN_REKOP_PACKETS,5m,243.38501198,243.73045044,243.06540344,243.5267812,164667.0838
1704913200000,SYN_REKOP_PACKETS,5m,243.5267812,243.87447486,243.21031209,243.66736139,170854.7763
1704913500000,SYN_REKOP_PACKETS,5m,243.66736139,244.0170843,243.35431278,243.80624808,176257.0223
1704913800000,SYN_REKOP_PACKETS,5m,243.80624808,244.15782459,243.49688394,243.94300529,180782.2309
1704914100000,SYN_REKOP_PACKETS,5m,243.94300529,244.29631632,243.63757104,244.07727312,184353.1665
1704914400000,SYN_REKOP_PACKETS,5m,244.07727312,244.43225942,243.7759942,244.20877221,186908.2134
1704914700000,SYN_REKOP_PACKETS,5m,244.20877221,244.56531106,243.91185284,244.33718156,188596.2426
1704915000000,SYN_REKOP_PACKETS,5m,244.33718156,244.6952071,244.04480373,244.46226,189389.6232
1704915300000,SYN_REKOP_PACKETS,5m,244.46226,244.82188119,244.17458236,244.58396497,189084.6753
1704915600000,SYN_REKOP_PACKETS,5m,244.58396497,244.945334,244.30112182,244.70232162,187689.5548
1704915900000,SYN_REKOP_PACKETS,5m,244.70232162,245.06562335,244.42442213,244.81741286,185230.2621
1704916200000,SYN_REKOP_PACKETS,5m,244.81741286,245.18285242,244.5445404,244.92936744,181750.2159
1704916500000,SYN_REKOP_PACKETS,5m,244.92936744,245.29715654,244.66157917,245.03834666,177309.5428
1704916800000,SYN_REKOP_PACKETS,5m,245.03834666,245.40868919,244.77567317,245.14453024,171984.0927
1704917100000,SYN_REKOP_PACKETS,5m,245.14453024,245.51760778,244.88697537,245.24810191,165864.1971
1704917400000,SYN_REKOP_PACKETS,5m,245.24810191,245.62405971,244.99564276,245.34923545,159053.1907
1704917700000,SYN_REKOP_PACKETS,5m,245.34923545,245.72816961,245.10182249,245.4480817,151665.7193
1704918000000,SYN_REKOP_PACKETS,5m,245.4480817,245.83002802,245.2056391,245.54475725,143825.8634
1704918300000,SYN_REKOP_PACKETS,5m,245.54475725,245.92968229,245.30718323,245.63933508,135665.1071
1704918600000,SYN_REKOP_PACKETS,5m,245.63933508,246.02712994,245.40650254,245.73183791,127320.1852
1704918900000,SYN_REKOP_PACKETS,5m,245.73183791,246.12231498,245.50359507,245.82223437,130682.4174
1704919200000,SYN_REKOP_PACKETS,5m,245.82223437,246.21512731,245.59840561,245.91043827,139361.507
1704919500000,SYN_REKOP_PACKETS,5m,245.91043827,246.30540539,245.69082505,245.99631116,147805.3794
1704919800000,SYN_REKOP_PACKETS,5m,245.99631116,246.39294208,245.7806931,246.07966808,155878.9669
1704920100000,SYN_REKOP_PACKETS,5m,246.07966808,246.47749355,245.86780405,246.16028629,163453.2606
1704920400000,SYN_REKOP_PACKETS,5m,246.16028629,246.55879091,245.95191572,246.23791688,170407.4221
1704920700000,SYN_REKOP_PACKETS,5m,246.23791688,246.63655421,246.03276103,246.31229853,176630.761
1704921000000,SYN_REKOP_PACKETS,5m,246.31229853,246.71050818,246.110062,246.38317327,182024.5466
1704921300000,SYN_REKOP_PACKETS,5m,246.38317327,246.78039924,246.18354542,246.45030327,186503.6245
1704921600000,SYN_REKOP_PACKETS,5m,246.45030327,246.84601287,246.25295983,246.51348817,189997.8092
1704921900000,SYN_REKOP_PACKETS,5m,246.51348817,246.90719082,246.31809286,246.57258213,192453.0341
1704922200000,SYN_REKOP_PACKETS,5m,246.57258213,246.96384717,246.37878837,246.62750988,193832.2351
1704922500000,SYN_REKOP_PACKETS,5m,246.62750988,247.01598271,246.4349625,246.67828095,194115.9581
1704922800000,SYN_REKOP_PACKETS,5m,246.67828095,247.06369671,246.48661795,246.7250014,193302.6769
1704923100000,SYN_REKOP_PACKETS,5m,246.7250014,247.10719561,246.5338558,246.76788246,191408.8181
1704923400000,SYN_REKOP_PACKETS,5m,246.76788246,247.14679797,246.57688406,246.80724542,188468.4919
1704923700000,SYN_REKOP_PACKETS,5m,246.80724542,247.18293533,246.61602267,246.8435225,184532.934
1704924000000,SYN_REKOP_PACKETS,5m,246.8435225,247.21614867,246.65170432,246.87725327,179669.6666
1704924300000,SYN_REKOP_PACKETS,5m,246.87725327,247.24708041,246.68447088,246.9090767,173961.3928
1704924600000,SYN_REKOP_PACKETS,5m,246.9090767,247.27646193,246.71496542,246.93971869,167504.6434
1704924900000,SYN_REKOP_PACKETS,5m,246.93971869,247.30509695,246.74391972,246.96997553,160408.1957
1704925200000,SYN_REKOP_PACKETS,5m,246.96997553,247.3338411,246.7721377,247.00069348,152791.2938
1704925500000,SYN_REKOP_PACKETS,5m,247.00069348,247.36357828,246.80047498,247.03274529,144781.696
1704925800000,SYN_REKOP_PACKETS,5m,247.03274529,247.39519452,246.82981532,247.06700408,136513.5836
1704926100000,SYN_REKOP_PACKETS,5m,247.06700408,247.42955017,246.86104448,247.10431572,130640.6113
1704926400000,SYN_REKOP_PACKETS,5m,247.10431572,247.46745136,246.89502251,247.14547029,139383.4311
1704926700000,SYN_REKOP_PACKETS,5m,247.14547029,247.50962164,246.93255522,247.19117394,147965.2935
1704927000000,SYN_REKOP_PACKETS,5m,247.19117394,247.5566749,246.97436591,247.24202191,156248.7796
1704927300000,SYN_REKOP_PACKETS,5m,247.24202191,247.60909054,247.02106832,247.29847378,164101.3489
1704927600000,SYN_REKOP_PACKETS,5m,247.29847378,247.66719177,247.0731419,247.36083193,171397.5088
1704927900000,SYN_REKOP_PACKETS,5m,247.36083193,247.73112803,247.13091009,247.42922407,178020.8684
1704928200000,SYN_REKOP_PACKETS,5m,247.42922407,247.80086219,247.19452288,247.50359055,183866.0439
1704928500000,SYN_REKOP_PACKETS,5m,247.50359055,247.87616318,247.26394391,247.5836771,188840.383
1704928800000,SYN_REKOP_PACKETS,5m,247.5836771,247.95660453,247.33894327,247.66903345,192865.4817
1704929100000,SYN_REKOP_PACKETS,5m,247.66903345,248.04156896,247.41909591,247.75901808,195878.4673
1704929400000,SYN_REKOP_PACKETS,5m,247.75901808,248.13025931,247.50378634,247.85280916,197833.0276
1704929700000,SYN_REKOP_PACKETS,5m,247.85280916,248.22171533,247.59221944,247.94942151,198700.1688
1704930000000,SYN_REKOP_PACKETS,5m,247.94942151,248.31483632,247.6834373,248.04772928,198468.6897
1704930300000,SYN_REKOP_PACKETS,5m,248.04772928,248.40840876,247.77634177,248.14649365,197145.3655
1704930600000,SYN_REKOP_PACKETS,5m,248.14649365,248.50113835,247.86972201,248.24439503,194754.8361
1704930900000,SYN_REKOP_PACKETS,5m,248.24439503,248.59168543,247.96228652,248.34006849,191339.203
1704931200000,SYN_REKOP_PACKETS,5m,248.34006849,248.67870279,248.05269841,248.43214172,186957.3399
1704931500000,SYN_REKOP_PACKETS,5m,248.43214172,248.76087459,248.1396132,248.51927401,181683.9292
1704931800000,SYN_REKOP_PACKETS,5m,248.51927401,248.83695525,248.22171758,248.60019524,175608.239
1704932100000,SYN_REKOP_PACKETS,5m,248.60019524,248.90580686,248.29776823,248.67374345,168832.6619
1704932400000,SYN_REKOP_PACKETS,5m,248.67374345,248.96643407,248.36662919,248.73889978,161471.0392
1704932700000,SYN_REKOP_PACKETS,5m,248.73889978,249.01801504,248.42730662,248.79481957,153646.7966
1704933000000,SYN_REKOP_PACKETS,5m,248.79481957,249.05992757,248.4789797,248.84085858,145490.9246
1704933300000,SYN_REKOP_PACKETS,5m,248.84085858,249.0917693,248.52102668,248.87659335,137139.8336
1704933600000,SYN_REKOP_PACKETS,5m,248.87659335,249.1133714,248.55304509,248.90183498,139167.994
1704933900000,SYN_REKOP_PACKETS,5m,248.90183498,249.12480515,248.57486534,248.91663584,147843.2543
1704934200000,SYN_REKOP_PACKETS,5m,248.91663584,249.12638121,248.58655733,248.92128897,156293.4713
1704934500000,SYN_REKOP_PACKETS,5m,248.92128897,249.12361045,248.58346072,248.91632,164383.2025
1704934800000,SYN_REKOP_PACKETS,5m,248.91632,249.11619178,248.56717387,248.90247218,171982.8976
1704935100000,SYN_REKOP_PACKETS,5m,248.90247218,249.10022849,248.5433006,248.8806846,178971.0183
1704935400000,SYN_REKOP_PACKETS,5m,248.8806846,249.0766712,248.51295787,248.85206474,185236.0281
1704935700000,SYN_REKOP_PACKETS,5m,248.85206474,249.04663713,248.4773964,248.81785595,190678.2176
1704936000000,SYN_REKOP_PACKETS,5m,248.81785595,249.01137762,248.43796447,248.77940119,195211.3363
1704936300000,SYN_REKOP_PACKETS,5m,248.77940119,248.97224174,248.39606897,248.73810413,198764.0049
1704936600000,SYN_REKOP_PACKETS,5m,248.73810413,248.93063739,248.35313528,248.69538895,201280.8829
1704936900000,SYN_REKOP_PACKETS,5m,248.69538895,248.88799106,248.31056716,248.65266013,202723.5746
1704937200000,SYN_REKOP_PACKETS,5m,248.65266013,248.84570762,248.26970787,248.6112636,203071.2576
1704937500000,SYN_REKOP_PACKETS,5m,248.6112636,248.80513144,248.23180395,248.57245033,202321.0232
1704937800000,SYN_REKOP_PACKETS,5m,248.57245033,248.76751,248.19797257,248.53734367,200487.9242
1704938100000,SYN_REKOP_PACKETS,5m,248.53734367,248.73396125,248.16917355,248.50691127,197604.7283
1704938400000,SYN_REKOP_PACKETS,5m,248.50691127,248.70544553,248.1461868,248.4819424,193721.3812
1704938700000,SYN_REKOP_PACKETS,5m,248.4819424,248.68274296,248.12959574,248.46303135,188904.1896
1704939000000,SYN_REKOP_PACKETS,5m,248.46303135,248.66643685,248.11977717,248.45056719,183234.7355
1704939300000,SYN_REKOP_PACKETS,5m,248.45056719,248.65690349,248.11689765,248.44473007,176808.5403
1704939600000,SYN_REKOP_PACKETS,5m,248.44473007,248.65507256,248.12015239,248.44549407,169733.5018
1704939900000,SYN_REKOP_PACKETS,5m,248.44549407,248.66575213,248.12445217,248.45263621,162128.1272
1704940200000,SYN_REKOP_PACKETS,5m,248.45263621,248.6826821,248.13539389,248.46575126,154119.5939
1704940500000,SYN_REKOP_PACKETS,5m,248.46575126,248.70527554,248.15255393,248.4842715,145841.6673
1704940800000,SYN_REKOP_PACKETS,5m,248.4842715,248.73280579,248.17534517,248.50749093,138626.6632
1704941100000,SYN_REKOP_PACKETS,5m,248.50749093,248.76443396,248.20304115,248.53459264,147350.4981
1704941400000,SYN_REKOP_PACKETS,5m,248.53459264,248.7992388,248.23480355,248.56467851,155923.7024
1704941700000,SYN_REKOP_PACKETS,5m,248.56467851,248.83624774,248.26971196,248.59680022,164208.5755
1704942000000,SYN_REKOP_PACKETS,5m,248.59680022,248.87446808,248.30679491,248.62999027,172072.1247
1704942300000,SYN_REKOP_PACKETS,5m,248.62999027,248.91291727,248.34506098,248.66329208,179388.242
1704942600000,SYN_REKOP_PACKETS,5m,248.66329208,248.9506512,248.38352901,248.6957882,186039.7682
1704942900000,SYN_REKOP_PACKETS,5m,248.6957882,248.9867897,248.42125637,248.72662558,191920.4103
1704943200000,SYN_REKOP_PACKETS,5m,248.72662558,249.02053833,248.45736437,248.7550373,196936.4816
1704943500000,SYN_REKOP_PACKETS,5m,248.7550373,249.05120605,248.49106007,248.78035995,201008.4351
1704943800000,SYN_REKOP_PACKETS,5m,248.78035995,249.07821809,248.52165383,248.80204644,204072.1651
1704944100000,SYN_REKOP_PACKETS,5m,248.80204644,249.10112391,248.54857219,248.81967376,206080.0568
1704944400000,SYN_REKOP_PACKETS,5m,248.81967376,249.11960022,248.57136587,248.83294582,207001.7653
1704944700000,SYN_REKOP_PACKETS,5m,248.83294582,249.13344901,248.58971265,248.84169135,206824.7123
1704945000000,SYN_REKOP_PACKETS,5m,248.84169135,249.14259117,248.60341552,248.84585736,205554.2921
1704945300000,SYN_REKOP_PACKETS,5m,248.84585736,249.14741483,248.61203733,248.84549845,203213.7826
1704945600000,SYN_REKOP_PACKETS,5m,248.84549845,249.15170261,248.61194906,248.84076272,199843.965
1704945900000,SYN_REKOP_PACKETS,5m,248.84076272,249.15141311,248.60751773,248.83187498,195502.4554
1704946200000,SYN_REKOP_PACKETS,5m,248.83187498,249.14674876,248.59900331,248.81911807,190262.762
1704946500000,SYN_REKOP_PACKETS,5m,248.81911807,249.13797125,248.58670523,248.80281315,184213.0815
1704946800000,SYN_REKOP_PACKETS,5m,248.80281315,249.12538189,248.57094261,248.78329992,177454.8559
1704947100000,SYN_REKOP_PACKETS,5m,248.78329992,249.10930186,248.55203526,248.76091742,170101.1111
1704947400000,SYN_REKOP_PACKETS,5m,248.76091742,249.09005316,248.53028618,248.73598641,162274.6074
1704947700000,SYN_REKOP_PACKETS,5m,248.73598641,249.06794103,248.50596614,248.70879389,154105.8296
1704948000000,SYN_REKOP_PACKETS,5m,248.70879389,249.04323848,248.47930115,248.67958046,145730.8513
1704948300000,SYN_REKOP_PACKETS,5m,248.67958046,249.01617375,248.45046303,248.64853084,146406.2694
1704948600000,SYN_REKOP_PACKETS,5m,248.64853084,248.98692085,248.41956363,248.61576796,155058.4403
1704948900000,SYN_REKOP_PACKETS,5m,248.61576796,248.9555937,248.38665262,248.58135078,163495.819
1704949200000,SYN_REKOP_PACKETS,5m,248.58135078,248.922244,248.35171906,248.54527573,171582.6022
1704949500000,SYN_REKOP_PACKETS,5m,248.54527573,248.8868627,248.31469643,248.5074818,179188.7114
1704949800000,SYN_REKOP_PACKETS,5m,248.5074818,248.84938509,248.27547093,248.46785872,186191.9212
1704950100000,SYN_REKOP_PACKETS,5m,248.46785872,248.80969906,248.23389252,248.42625807,192479.8605
1704950400000,SYN_REKOP_PACKETS,5m,248.42625807,248.76765622,248.18978829,248.3825066,197951.8514
1704950700000,SYN_REKOP_PACKETS,5m,248.3825066,248.7230852,248.14297743,248.33642122,202520.5571
1704951000000,SYN_REKOP_PACKETS,5m,248.33642122,248.67580673,248.09328713,248.28782493,206113.4116
1704951300000,SYN_REKOP_PACKETS,5m,248.28782493,248.62564948,248.04056873,248.23656302,208673.8069
1704951600000,SYN_REKOP_PACKETS,5m,248.23656302,248.57246631,247.98471339,248.18251871,210162.0203
1704951900000,SYN_REKOP_PACKETS,5m,248.18251871,248.51614992,247.92566651,248.12562771,210555.8636
1704952200000,SYN_REKOP_PACKETS,5m,248.12562771,248.45664731,247.86344037,248.06589088,209851.047
1704952500000,SYN_REKOP_PACKETS,5m,248.06589088,248.3939724,247.79812428,248.00338442,208061.2487
1704952800000,SYN_REKOP_PACKETS,5m,248.00338442,248.32821625,247.72989182,247.93826726,205217.8912
1704953100000,SYN_REKOP_PACKETS,5m,247.93826726,248.25955429,247.65900486,247.87078511,201369.6266
1704953400000,SYN_REKOP_PACKETS,5m,247.87078511,248.1882503,247.58581401,247.80127101,196581.5403
1704953700000,SYN_REKOP_PACKETS,5m,247.80127101,248.11465688,247.51075541,247.73014227,190934.0857
1704954000000,SYN_REKOP_PACKETS,5m,247.73014227,248.0392123,247.43434403,247.6578938,184521.7669
1704954300000,SYN_REKOP_PACKETS,5m,247.6578938,247.96243363,247.35716339,247.58508803,177451.5918
1704954600000,SYN_REKOP_PACKETS,5m,247.58508803,247.88490661,247.27985231,247.51234167,169841.3207
1704954900000,SYN_REKOP_PACKETS,5m,247.51234167,247.80727221,247.20308875,247.44030974,161817.5381
1704955200000,SYN_REKOP_PACKETS,5m,247.44030974,247.73021055,247.12757157,247.36966744,153513.5812
1704955500000,SYN_REKOP_PACKETS,5m,247.36966744,247.65442258,247.05400062,247.30109026,145067.3568
1704955800000,SYN_REKOP_PACKETS,5m,247.30109026,247.58061009,246.98305575,247.23523326,153627.4306
1704956100000,SYN_REKOP_PACKETS,5m,247.23523326,247.50945479,246.91537569,247.1727099,162174.3472
1704956400000,SYN_REKOP_PACKETS,5m,247.1727099,247.44159701,246.85153718,247.11407139,170443.0805
1704956700000,SYN_REKOP_PACKETS,5m,247.11407139,247.37761489,246.79203529,247.05978705,178300.199
1704957000000,SYN_REKOP_PACKETS,5m,247.05978705,247.31800458,246.73726538,247.01022639,185618.9923
1704957300000,SYN_REKOP_PACKETS,5m,247.01022639,247.26316225,246.68750752,246.96564364,192281.5448
1704957600000,SYN_REKOP_PACKETS,5m,246.96564364,247.2133684,246.64291366,246.92616504,198180.6657
1704957900000,SYN_REKOP_PACKETS,5m,246.92616504,247.16877506,246.60349824,246.89177947,203221.6438
1704958200000,SYN_REKOP_PACKETS,5m,246.89177947,247.12939634,246.56913236,246.86233282,207323.7971
1704958500000,SYN_REKOP_PACKETS,5m,246.86233282,247.09510259,246.53954192,246.83752617,210421.794
1704958800000,SYN_REKOP_PACKETS,5m,246.83752617,247.06561855,246.51430972,246.81691802,212466.7224
1704959100000,SYN_REKOP_PACKETS,5m,246.81691802,247.04052548,246.49288168,246.79993059,213426.8899
1704959400000,SYN_REKOP_PACKETS,5m,246.79993059,247.0192673,246.47457685,246.78585999,213288.3432
1704959700000,SYN_REKOP_PACKETS,5m,246.78585999,247.00116072,246.45860125,246.77389011,212055.0957
1704960000000,SYN_REKOP_PACKETS,5m,246.77389011,246.98540902,246.44406492,246.76310988,209749.062
1704960300000,SYN_REKOP_PACKETS,5m,246.76310988,246.97111923,246.43000206,246.7525334,206409.6995
1704960600000,SYN_REKOP_PACKETS,5m,246.7525334,246.95732218,246.41539343,246.74112259,202093.3616
1704960900000,SYN_REKOP_PACKETS,5m,246.74112259,246.94299509,246.39919069,246.72781161,196872.3762
1704961200000,SYN_REKOP_PACKETS,5m,246.72781161,246.92708588,246.38034193,246.71153246,190833.8609
1704961500000,SYN_REKOP_PACKETS,5m,246.71153246,246.90853875,246.35781763,246.69124114,184078.2974
1704961800000,SYN_REKOP_PACKETS,5m,246.69124114,246.88632024,246.33063653,246.6659436,176717.8864
1704962100000,SYN_REKOP_PACKETS,5m,246.6659436,246.85944517,246.2978906,246.63472081,168874.7113
1704962400000,SYN_REKOP_PACKETS,5m,246.63472081,246.82700162,246.25876846,246.59675231,160678.7393
1704962700000,SYN_REKOP_PACKETS,5m,246.59675231,246.78817446,246.21257665,246.55133751,152265.6945
1704963000000,SYN_REKOP_PACKETS,5m,246.55133751,246.74226666,246.15875813,246.49791436,151573.404
1704963300000,SYN_REKOP_PACKETS,5m,246.49791436,246.68871785,246.09690758,246.43607461,160186.8369
1704963600000,SYN_REKOP_PACKETS,5m,246.43607461,246.62711966,246.02678298,246.36557549,168595.8406
1704963900000,SYN_REKOP_PACKETS,5m,246.36557549,246.55722737,245.94831333,246.28634743,176664.2652
1704964200000,SYN_REKOP_PACKETS,5m,246.28634743,246.47896764,245.86160211,246.19849755,184261.517
1704964500000,SYN_REKOP_PACKETS,5m,246.19849755,246.392442,245.76692658,246.1023089,191264.6962
1704964800000,SYN_REKOP_PACKETS,5m,246.1023089,246.29792619,245.66473279,245.99823546,197560.6085
1704965100000,SYN_REKOP_PACKETS,5m,245.99823546,246.19586515,245.55562656,245.88689308,203047.618
1704965400000,SYN_REKOP_PACKETS,5m,245.88689308,246.08686403,245.44036064,245.76904652,207637.3105
1704965700000,SYN_REKOP_PACKETS,5m,245.76904652,245.9716753,245.31981829,245.64559296,211255.9409
1704966000000,SYN_REKOP_PACKETS,5m,245.64559296,245.85118236,245.19499388,245.51754251,213845.6403
1704966300000,SYN_REKOP_PACKETS,5m,245.51754251,245.72638006,245.06697092,245.38599609,215365.3628
1704966600000,SYN_REKOP_PACKETS,5m,245.38599609,245.59835273,244.93689801,245.25212126,215791.5577
1704966900000,SYN_REKOP_PACKETS,5m,245.25212126,245.46825008,244.80596347,245.11712671,215118.5548
1704967200000,SYN_REKOP_PACKETS,5m,245.11712671,245.33726176,244.67536907,244.98223585,213358.6571
1704967500000,SYN_REKOP_PACKETS,5m,244.98223585,245.20659107,244.5463037,244.84866029,210541.9394
1704967800000,SYN_REKOP_PACKETS,5m,244.84866029,245.07742854,244.41991739,244.71757376,206715.756
1704968100000,SYN_REKOP_PACKETS,5m,244.71757376,244.95092593,244.29729637,244.59008698,201943.9654
1704968400000,SYN_REKOP_PACKETS,5m,244.59008698,244.82817121,244.1794398,244.46722425,196305.8852
1704968700000,SYN_REKOP_PACKETS,5m,244.46722425,244.71016523,244.06723844,244.349902,189894.9935
1704969000000,SYN_REKOP_PACKETS,5m,244.349902,244.59780036,243.96145599,244.23890991,182817.3988
1704969300000,SYN_REKOP_PACKETS,5m,244.23890991,244.49184178,243.86271325,244.13489503,175190.1032
1704969600000,SYN_REKOP_PACKETS,5m,244.13489503,244.39291158,243.77147547,244.03834895,167139.0869
1704969900000,SYN_REKOP_PACKETS,5m,244.03834895,244.30147611,243.68804324,243.94959854,158797.2465
1704970200000,SYN_REKOP_PACKETS,5m,243.94959854,244.21783679,243.61254684,243.86880023,150302.2192
1704970500000,SYN_REKOP_PACKETS,5m,243.86880023,244.14212451,243.5449443,243.79593794,157491.1016
1704970800000,SYN_REKOP_PACKETS,5m,243.79593794,244.07429765,243.48502314,243.73082469,165998.5593
1704971100000,SYN_REKOP_PACKETS,5m,243.73082469,244.01414378,243.43240559,243.67310778,174238.1145
1704971400000,SYN_REKOP_PACKETS,5m,243.67310778,243.96128495,243.38655731,243.62227731,182075.9108
1704971700000,SYN_REKOP_PACKETS,5m,243.62227731,243.91518639,243.34679922,243.57767803,189384.6481
1704972000000,SYN_REKOP_PACKETS,5m,243.57767803,243.87516838,243.31232227,243.53852394,196045.6664
1704972300000,SYN_REKOP_PACKETS,5m,243.53852394,243.84042102,243.28220482,243.50391555,201950.8879
1704972600000,SYN_REKOP_PACKETS,5m,243.50391555,243.81002167,243.25543206,243.47285936,207004.5864
1704972900000,SYN_REKOP_PACKETS,5m,243.47285936,243.78295444,243.23091737,243.44428894,211124.9536
1704973200000,SYN_REKOP_PACKETS,5m,243.44428894,243.7581315,243.20752483,243.41708749,214245.4386
1704973500000,SYN_REKOP_PACKETS,5m,243.41708749,243.73441572,243.18409258,243.39011108,216315.8373
1704973800000,SYN_REKOP_PACKETS,5m,243.39011108,243.7106441,243.15945657,243.3622123,217303.1136
1704974100000,SYN_REKOP_PACKETS,5m,243.3622123,243.68565145,243.13247405,243.33226365,217191.9406
1704974400000,SYN_REKOP_PACKETS,5m,243.33226365,243.65829403,243.10204642,243.29918041,215984.9512
1704974700000,SYN_REKOP_PACKETS,5m,243.29918041,243.62747242,243.06714099,243.26194222,213702.695
1704975000000,SYN_REKOP_PACKETS,5m,243.26194222,243.59215333,243.02681115,243.21961322,210383.3022
1704975300000,SYN_REKOP_PACKETS,5m,243.21961322,243.55138974,242.98021452,243.17136018,206081.8588
1704975600000,SYN_REKOP_PACKETS,5m,243.17136018,243.50433917,242.92662883,243.11646826,200869.5054
1704975900000,SYN_REKOP_PACKETS,5m,243.11646826,243.45027956,242.86546513,243.05435424,194832.2727
1704976200000,SYN_REKOP_PACKETS,5m,243.05435424,243.38862245,242.79627808,242.98457673,188069.673
1704976500000,SYN_REKOP_PACKETS,5m,242.98457673,243.31892337,242.71877329,242.90684348,180693.0712
1704976800000,SYN_REKOP_PACKETS,5m,242.90684348,243.24088909,242.63281133,242.82101544,172823.8623
1704977100000,SYN_REKOP_PACKETS,5m,242.82101544,243.1543817,242.53840869,242.72710762,164591.4841
1704977400000,SYN_REKOP_PACKETS,5m,242.72710762,243.05941951,242.43573543,242.62528683,156131.2984
1704977700000,SYN_REKOP_PACKETS,5m,242.62528683,242.95617473,242.32510982,242.51586628,154061.5933
1704978000000,SYN_REKOP_PACKETS,5m,242.51586628,242.84496806,242.20699006,242.39929739,162625.7973
1704978300000,SYN_REKOP_PACKETS,5m,242.39929739,242.7262604,242.08196332,242.27615881,170996.0729
1704978600000,SYN_REKOP_PACKETS,5m,242.27615881,242.6006418,241.95073233,242.14714308,179035.9369
1704978900000,SYN_REKOP_PACKETS,5m,242.14714308,242.4688181,241.81409995,242.01304129,186614.2936
1704979200000,SYN_REKOP_PACKETS,5m,242.01304129,242.3315954,241.67295197,241.8747259,193607.5809
1704979500000,SYN_REKOP_PACKETS,5m,241.8747259,242.18986281,241.52823862,241.73313237,199901.793
1704979800000,SYN_REKOP_PACKETS,5m,241.73313237,242.04457396,241.38095513,241.58923977,205394.3459
1704980100000,SYN_REKOP_PACKETS,5m,241.58923977,241.89672748,241.23212182,241.44405096,209995.7572
1704980400000,SYN_REKOP_PACKETS,5m,241.44405096,241.74734706,241.08276409,241.29857271,213631.1103
1704980700000,SYN_REKOP_PACKETS,5m,241.29857271,241.59746135,240.93389272,241.15379601,216241.281
1704981000000,SYN_REKOP_PACKETS,5m,241.15379601,241.44808427,240.78648487,241.01067727,217783.905
1704981300000,SYN_REKOP_PACKETS,5m,241.01067727,241.30019596,240.64146623,240.8701205,218234.0715
1704981600000,SYN_REKOP_PACKETS,5m,240.8701205,241.15472484,240.49969444,240.73296086,217584.7309
1704981900000,SYN_REKOP_PACKETS,5m,240.73296086,241.01253107,240.36194434,240.59994999,215846.8102
1704982200000,SYN_REKOP_PACKETS,5m,240.59994999,240.8743917,240.22889508,240.47174326,213049.0339
1704982500000,SYN_REKOP_PACKETS,5m,240.47174326,240.74098779,240.10111942,240.34888914,209237.4542
1704982800000,SYN_REKOP_PACKETS,5m,240.34888914,240.61289367,239.97907533,240.23182091,204474.697
1704983100000,SYN_REKOP_PACKETS,5m,240.23182091,240.49056855,239.86310005,240.12085082,198838.9366
1704983400000,SYN_REKOP_PACKETS,5m,240.12085082,240.37435049,239.75340654,240.0161667,192422.6164
1704983700000,SYN_REKOP_PACKETS,5m,240.0161667,240.26445297,239.65008255,239.91783105,185330.9356
1704984000000,SYN_REKOP_PACKETS,5m,239.91783105,240.1609638,239.55309206,239.82578263,177680.1269
1704984300000,SYN_REKOP_PACKETS,5m,239.82578263,240.0638467,239.46227908,239.73984044,169595.5546
1704984600000,SYN_REKOP_PACKETS,5m,239.73984044,239.97294506,239.37737383,239.65970988,161209.662
1704984900000,SYN_REKOP_PACKETS,5m,239.65970988,239.88798806,239.29800085,239.58499105,152659.8037
1704985200000,SYN_REKOP_PACKETS,5m,239.58499105,239.80859889,239.22368905,239.51518894,158470.0722
1704985500000,SYN_REKOP_PACKETS,5m,239.51518894,239.73430481,239.15388347,239.44972526,166930.6471
1704985800000,SYN_REKOP_PACKETS,5m,239.44972526,239.66454887,239.08795831,239.3879516,175133.7531
1704986100000,SYN_REKOP_PACKETS,5m,239.3879516,239.59870305,239.02523114,239.32916379,182945.1217
1704986400000,SYN_REKOP_PACKETS,5m,239.32916379,239.53608243,238.96497788,239.27261695,190236.8759
1704986700000,SYN_REKOP_PACKETS,5m,239.27261695,239.47596024,238.90644824,239.21754109,196889.6231
1704987000000,SYN_REKOP_PACKETS,5m,239.21754109,239.41758332,238.84888133,239.16315681,202794.4093
1704987300000,SYN_REKOP_PACKETS,5m,239.16315681,239.3601878,238.79152109,239.10869089,207854.5027
1704987600000,SYN_REKOP_PACKETS,5m,239.10869089,239.30301453,238.73363132,239.05339136,211986.977
1704987900000,SYN_REKOP_PACKETS,5m,239.05339136,239.24532416,238.67450978,238.99654178,215124.0689
1704988200000,SYN_REKOP_PACKETS,5m,238.99654178,239.18641129,238.61350144,238.9374745,217214.287
1704988500000,SYN_REKOP_PACKETS,5m,238.9374745,239.12561772,238.55001022,238.87558258,218223.2551
1704988800000,SYN_REKOP_PACKETS,5m,238.87558258,239.06234428,238.48350935,238.81033015,218134.2745
1704989100000,SYN_REKOP_PACKETS,5m,238.81033015,238.9960612,238.41354994,238.74126109,216948.5975
1704989400000,SYN_REKOP_PACKETS,5m,238.74126109,238.92631668,238.33976767,238.6680058,214685.407
1704989700000,SYN_REKOP_PACKETS,5m,238.6680058,238.85274368,238.26188763,238.59028597,211381.5024
1704990000000,SYN_REKOP_PACKETS,5m,238.59028597,238.77506467,238.17972696,238.50791737,207090.6972
1704990300000,SYN_REKOP_PACKETS,5m,238.50791737,238.69309443,238.0931956,238.42081057,201882.9382
1704990600000,SYN_REKOP_PACKETS,5m,238.42081057,238.6067407,238.00229497,238.32896958,195843.1609
1704990900000,SYN_REKOP_PACKETS,5m,238.32896958,238.51600295,237.90711473,238.23248866,189069.8986
1704991200000,SYN_REKOP_PACKETS,5m,238.23248866,238.42096908,237.80782778,238.13154721,181673.67
1704991500000,SYN_REKOP_PACKETS,5m,238.13154721,238.32181048,237.70468357,238.02640312,173775.1703
1704991800000,SYN_REKOP_PACKETS,5m,238.02640312,238.21877533,237.598,237.91738456,165503.295
1704992100000,SYN_REKOP_PACKETS,5m,237.91738456,238.11218044,237.48815411,237.8048806,156993.0309
1704992400000,SYN_REKOP_PACKETS,5m,237.8048806,238.00240203,237.37557182,237.68933089,153542.486
1704992700000,SYN_REKOP_PACKETS,5m,237.68933089,237.88986533,237.26071689,237.5712145,162053.1369
1704993000000,SYN_REKOP_PACKETS,5m,237.5712145,237.77503366,237.14407959,237.45103855,170380.5109
1704993300000,SYN_REKOP_PACKETS,5m,237.45103855,237.65839697,237.02616515,237.32932646,178387.8046
1704993600000,SYN_REKOP_PACKETS,5m,237.32932646,237.54046034,236.90748233,237.2066065,185943.4334
1704993900000,SYN_REKOP_PACKETS,5m,237.2066065,237.42173252,236.78853253,237.08340071,192923.1852
1704994200000,SYN_REKOP_PACKETS,5m,237.08340071,237.30271498,236.66979938,236.96021442,199212.2534
1704994500000,SYN_REKOP_PACKETS,5m,236.96021442,237.18389153,236.55173938,236.83752673,204707.1164
1704994800000,SYN_REKOP_PACKETS,5m,236.83752673,237.06571891,236.43477352,236.71578203,209317.2321
1704995100000,SYN_REKOP_PACKETS,5m,236.71578203,236.9486184,236.31928021,236.59538277,212966.52
1704995400000,SYN_REKOP_PACKETS,5m,236.59538277,236.83296874,236.20558958,236.47668368,215594.6063
1704995700000,SYN_REKOP_PACKETS,5m,236.47668368,236.71910042,236.09397928,236.35998742,217157.8125
1704996000000,SYN_REKOP_PACKETS,5m,236.35998742,236.60729145,235.9846718,236.24554174,217629.8702
1704996300000,SYN_REKOP_PACKETS,5m,236.24554174,236.49776469,235.87783329,236.13353826,217002.3513
1704996600000,SYN_REKOP_PACKETS,5m,236.13353826,236.39068667,235.773574,236.02411269,215284.8055
1704996900000,SYN_REKOP_PACKETS,5m,236.02411269,236.28616801,235.67195004,235.91734657,212504.6048
1704997200000,SYN_REKOP_PACKETS,5m,235.91734657,236.18426518,235.57296656,235.81327024,208706.4946
1704997500000,SYN_REKOP_PACKETS,5m,235.81327024,236.08498371,235.47658206,235.71186712,203951.8622
1704997800000,SYN_REKOP_PACKETS,5m,235.71186712,235.98828251,235.38271378,235.61307891,198317.7312
1704998100000,SYN_REKOP_PACKETS,5m,235.61307891,235.89407922,235.29124384,235.51681165,191895.5013
1704998400000,SYN_REKOP_PACKETS,5m,235.51681165,235.80225639,235.20202599,235.42294239,184789.452
1704998700000,SYN_REKOP_PACKETS,5m,235.42294239,235.71266828,235.11489275,235.33132618,177115.0361
1704999000000,SYN_REKOP_PACKETS,5m,235.33132618,235.62514795,235.02966265,235.24180324,168996.9892
1704999300000,SYN_REKOP_PACKETS,5m,235.24180324,235.53951454,234.94614734,235.15420591,160567.2887
1704999600000,SYN_REKOP_PACKETS,5m,235.15420591,235.45558039,234.86415832,235.06836539,151962.9932
1704999900000,SYN_REKOP_PACKETS,5m,235.06836539,235.37315779,234.78351317,234.98411776,156393.7837
1705000200000,SYN_REKOP_PACKETS,5m,234.98411776,235.29206519,234.70404088,234.90130931,164806.4885
1705000500000,SYN_REKOP_PACKETS,5m,234.90130931,235.21213258,234.62558635,234.81980089,172972.3166
1705000800000,SYN_REKOP_PACKETS,5m,234.81980089,235.13320596,234.5480137,234.73947121,180756.6008
1705001100000,SYN_REKOP_PACKETS,5m,234.73947121,235.05515065,234.47120843,234.66021885,188030.8994
1705001400000,SYN_REKOP_PACKETS,5m,234.66021885,234.97785347,234.39507832,234.58196317,194675.0985
1705001700000,SYN_REKOP_PACKETS,5m,234.58196317,234.90122363,234.31955303,234.50464379,200579.3787
1705002000000,SYN_REKOP_PACKETS,5m,234.50464379,234.82519229,234.2445825,234.42821899,205646.0119
1705002300000,SYN_REKOP_PACKETS,5m,234.42821899,234.74971101,234.17013414,234.35266279,209790.9619
1705002600000,SYN_REKOP_PACKETS,5m,234.35266279,234.67474884,234.09618896,234.27796113,212945.2592
1705002900000,SYN_REKOP_PACKETS,5m,234.27796113,234.60028855,234.0227369,234.2041071,215056.1305
1705003200000,SYN_REKOP_PACKETS,5m,234.2041071,234.52632181,233.94977133,234.13109544,216087.8625
1705003500000,SYN_REKOP_PACKETS,5m,234.13109544,234.45284376,233.87728318,234.05891672,216022.3864
1705003800000,SYN_REKOP_PACKETS,5m,234.05891672,234.37984711,233.80525488,233.98755117,214859.5737
1705004100000,SYN_REKOP_PACKETS,5m,233.98755117,234.30731601,233.73365426,233.91696266,212617.2386
1705004400000,SYN_REKOP_PACKETS,5m,233.91696266,234.23521997,233.66242887,233.84709303,209330.8462
1705004700000,SYN_REKOP_PACKETS,5m,233.84709303,234.16350816,233.59150088,233.777857,205052.9321
1705005000000,SYN_REKOP_PACKETS,5m,233.777857,234.09210426,233.52076285,233.70913798,199852.2425
1705005300000,SYN_REKOP_PACKETS,5m,233.70913798,234.02090226,233.45007466,233.64078502,193812.6092
1705005600000,SYN_REKOP_PACKETS,5m,233.64078502,233.94976332,233.37926174,233.57261114,187031.5771
1705005900000,SYN_REKOP_PACKETS,5m,233.57261114,233.87851402,233.30811482,233.50439305,179618.8078
1705006200000,SYN_REKOP_PACKETS,5m,233.50439305,233.80694609,233.23639131,233.43587272,171694.2847
1705006500000,SYN_REKOP_PACKETS,5m,233.43587272,233.73481783,233.16381846,233.36676047,163386.349
1705006800000,SYN_REKOP_PACKETS,5m,233.36676047,233.66185717,233.09009814,233.29673998,154829.5987
1705007100000,SYN_REKOP_PACKETS,5m,233.29673998,233.58776657,233.01491346,233.22547486,150001.4481
1705007400000,SYN_REKOP_PACKETS,5m,233.22547486,233.51222953,232.93793681,233.15261691,158460.7531
1705007700000,SYN_REKOP_PACKETS,5m,233.15261691,233.43491876,232.85883944,233.07781572,166747.5825
1705008000000,SYN_REKOP_PACKETS,5m,233.07781572,233.35550567,232.77730216,233.00072952,174724.8261
1705008300000,SYN_REKOP_PACKETS,5m,233.00072952,233.27367112,232.69302688,232.92103685,182260.423
1705008600000,SYN_REKOP_PACKETS,5m,232.92103685,233.18911702,232.60574874,232.83844881,189229.5227
1705008900000,SYN_REKOP_PACKETS,5m,232.83844881,233.10157843,232.51524841,232.75272146,195516.529
1705009200000,SYN_REKOP_PACKETS,5m,232.75272146,233.01083588,232.42136405,232.66366798,201016.9926
1705009500000,SYN_REKOP_PACKETS,5m,232.66366798,232.91672738,232.32400261,232.5711701,205639.3203
1705009800000,SYN_REKOP_PACKETS,5m,232.5711701,232.81915976,232.22315005,232.4751884,209306.2746
1705010100000,SYN_REKOP_PACKETS,5m,232.4751884,232.71811884,232.1188799,232.37577111,211956.2382
1705010400000,SYN_REKOP_PACKETS,5m,232.37577111,232.61367806,232.01135993,232.27306089,213544.2222
1705010700000,SYN_REKOP_PACKETS,5m,232.27306089,232.50600518,231.90085648,232.16729927,214042.6031
1705011000000,SYN_REKOP_PACKETS,5m,232.16729927,232.39536656,231.78773615,232.05882856,213441.5747
1705011300000,SYN_REKOP_PACKETS,5m,232.05882856,232.28212893,231.67246463,231.94809074,211749.3087
1705011600000,SYN_REKOP_PACKETS,5m,231.94809074,232.16675819,231.55560255,231.8356235,208991.8211
1705011900000,SYN_REKOP_PACKETS,5m,231.8356235,232.04981525,231.43779825,231.72205309,205212.5465
1705012200000,SYN_REKOP_PACKETS,5m,231.72205309,231.93194882,231.31977742,231.6080841,200471.6271
1705012500000,SYN_REKOP_PACKETS,5m,231.6080841,231.81388502,231.20232996,231.49448642,194844.9282
1705012800000,SYN_REKOP_PACKETS,5m,231.49448642,231.69641424,231.08629407,231.3820794,188422.7968
1705013100000,SYN_REKOP_PACKETS,5m,231.3820794,231.58037519,230.972538,231.27171368,181308.5826
1705013400000,SYN_REKOP_PACKETS,5m,231.27171368,231.46663663,230.86193987,231.1642511,173616.9464
1705013700000,SYN_REKOP_PACKETS,5m,231.1642511,231.35607719,230.7553661,231.06054314,165471.9832
1705014000000,SYN_REKOP_PACKETS,5m,231.06054314,231.24956368,230.65364883,230.96140846,157005.1915
1705014300000,SYN_REKOP_PACKETS,5m,230.96140846,231.14792861,230.55756329,230.86761017,148353.3203
1705014600000,SYN_REKOP_PACKETS,5m,230.86761017,231.05194735,230.46780534,230.77983353,151410.3582
1705014900000,SYN_REKOP_PACKETS,5m,230.77983353,230.96231579,230.38497027,230.69866466,159780.6599
1705015200000,SYN_REKOP_PACKETS,5m,230.69866466,230.87962899,230.30953318,230.62457098,167914.8279
1705015500000,SYN_REKOP_PACKETS,5m,230.62457098,230.80436159,230.24183185,230.55788406,175677.8091
1705015800000,SYN_REKOP_PACKETS,5m,230.55788406,230.73685062,230.1820525,230.49878539,182940.6093
1705016100000,SYN_REKOP_PACKETS,5m,230.49878539,230.67728122,230.1302191,230.44729566,189582.405
1705016400000,SYN_REKOP_PACKETS,5m,230.44729566,230.62567592,230.08618661,230.40326805,195492.5213
1705016700000,SYN_REKOP_PACKETS,5m,230.40326805,230.58188792,230.04963858,230.36638573,200572.2434
1705017000000,SYN_REKOP_PACKETS,5m,230.36638573,230.54559861,230.02008924,230.33616409,204736.4325
1705017300000,SYN_REKOP_PACKETS,5m,230.33616409,230.51631975,229.99689036,230.31195745,207914.9197
1705017600000,SYN_REKOP_PACKETS,5m,230.31195745,230.49340023,229.9792427,230.29297063,210053.6544
1705017900000,SYN_REKOP_PACKETS,5m,230.29297063,230.47603765,229.96621199,230.27827485,211115.5894
1705018200000,SYN_REKOP_PACKETS,5m,230.27827485,230.46329427,229.95674913,230.266828,211081.2872
1705018500000,SYN_REKOP_PACKETS,5m,230.266828,230.45411726,229.94971413,230.25749854,209949.2382
1705018800000,SYN_REKOP_PACKETS,5m,230.25749854,230.44736274,229.94390331,230.24909273,207735.8858
1705019100000,SYN_REKOP_PACKETS,5m,230.24909273,230.44182297,229.93807896,230.24038428,204475.357
1705019400000,SYN_REKOP_PACKETS,5m,230.24038428,230.43625614,229.93100079,230.23014575,200218.904
1705019700000,SYN_REKOP_PACKETS,5m,230.23014575,230.42941786,229.92145812,230.21718082,195034.0656
1705020000000,SYN_REKOP_PACKETS,5m,230.21718082,230.42009346,229.90830214,230.20035644,189003.5612
1705020300000,SYN_REKOP_PACKETS,5m,230.20035644,230.40713031,229.89047699,230.17863389,182223.9376
1705020600000,SYN_REKOP_PACKETS,5m,230.17863389,230.38946896,229.86704892,230.15109791,174803.9884
1705020900000,SYN_REKOP_PACKETS,5m,230.15109791,230.36617242,229.83723245,230.11698281,166862.973
1705021200000,SYN_REKOP_PACKETS,5m,230.11698281,230.33645238,229.80041284,230.07569479,158528.6651
1705021500000,SYN_REKOP_PACKETS,5m,230.07569479,230.29969173,229.75616395,230.02682975,149935.2612
1705021800000,SYN_REKOP_PACKETS,5m,230.02682975,230.25546245,229.70426089,229.97018588,143739.0958
1705022100000,SYN_REKOP_PACKETS,5m,229.97018588,230.20353839,229.6446872,229.9057706,152155.4768
1705022400000,SYN_REKOP_PACKETS,5m,229.9057706,230.14390236,229.57763592,229.83380157,160410.3191
1705022700000,SYN_REKOP_PACKETS,5m,229.83380157,230.07674731,229.50350474,229.75470167,168366.2187
1705023000000,SYN_REKOP_PACKETS,5m,229.75470167,230.00247142,229.42288519,229.66908804,175890.6502
1705023300000,SYN_REKOP_PACKETS,5m,229.66908804,229.92166732,229.33654621,229.57775548,182858.1368
1705023600000,SYN_REKOP_PACKETS,5m,229.57775548,229.83510557,229.24541256,229.48165464,189152.3035
1705023900000,SYN_REKOP_PACKETS,5m,229.48165464,229.74371307,229.1505387,229.38186583,194667.7828
1705024200000,SYN_REKOP_PACKETS,5m,229.38186583,229.64854689,229.05307909,229.27956905,199311.9389
1705024500000,SYN_REKOP_PACKETS,5m,229.27956905,229.55076443,228.95425561,229.1760113,203006.3846
1705024800000,SYN_REKOP_PACKETS,5m,229.1760113,229.45159085,228.85532331,229.07247218,205688.2642
1705025100000,SYN_REKOP_PACKETS,5m,229.07247218,229.3522847,228.75753553,228.97022883,207311.2827
1705025400000,SYN_REKOP_PACKETS,5m,228.97022883,229.25410296,228.66210942,228.87052128,207846.4635
1705025700000,SYN_REKOP_PACKETS,5m,228.87052128,229.15826644,228.57019295,228.77451941,207282.6228
1705026000000,SYN_REKOP_PACKETS,5m,228.77451941,229.06592675,228.48283445,228.68329232,205626.5529
1705026300000,SYN_REKOP_PACKETS,5m,228.68329232,228.97813579,228.40095565,228.59778127,202902.9113
1705026600000,SYN_REKOP_PACKETS,5m,228.59778127,228.89581862,228.32532889,228.51877677,199153.8166
1705026900000,SYN_REKOP_PACKETS,5m,228.51877677,228.81975069,228.25655924,228.44690068,194438.1598
1705027200000,SYN_REKOP_PACKETS,5m,228.44690068,228.75053992,228.19507208,228.38259367,188830.6401
1705027500000,SYN_REKOP_PACKETS,5m,228.38259367,228.68861417,228.14110629,228.32610836,182420.5425
1705027800000,SYN_REKOP_PACKETS,5m,228.32610836,228.63421448,228.09471334,228.27750836,175310.2763
1705028100000,SYN_REKOP_PACKETS,5m,228.27750836,228.58739408,228.05576205,228.23667297,167613.6987
1705028400000,SYN_REKOP_PACKETS,5m,228.23667297,228.54802324,228.0239489,228.20330747,159454.2519
1705028700000,SYN_REKOP_PACKETS,5m,228.20330747,228.51579949,227.99881332,228.17695842,150962.9417
1705029000000,SYN_REKOP_PACKETS,5m,228.17695842,228.49026304,227.9797575,228.15703334,142276.1942
1705029300000,SYN_REKOP_PACKETS,5m,228.15703334,228.47081652,227.96606974,228.14282419,143971.152
1705029600000,SYN_REKOP_PACKETS,5m,228.14282419,228.4567485,227.95695084,228.13353361,152310.3154
1705029900000,SYN_REKOP_PACKETS,5m,228.13353361,228.44725979,227.95154212,228.12830304,160424.2183
1705030200000,SYN_REKOP_PACKETS,5m,228.12830304,228.44149162,227.94895451,228.12624178,168177.4339
1705030500000,SYN_REKOP_PACKETS,5m,228.12624178,228.43876876,227.94808332,228.12645581,175440.4275
1705030800000,SYN_REKOP_PACKETS,5m,228.12645581,228.43917793,227.94708639,228.12807546,182091.6771
1705031100000,SYN_REKOP_PACKETS,5m,228.12807546,228.43984309,227.94716208,228.13028111,188019.6626
1705031400000,SYN_REKOP_PACKETS,5m,228.13028111,228.44002386,227.94749914,228.13232572,193124.6912
1705031700000,SYN_REKOP_PACKETS,5m,228.13232572,228.43907318,227.94736054,228.13355386,197320.5297
1705032000000,SYN_REKOP_PACKETS,5m,228.13355386,228.43658951,227.94596484,228.13341633,200535.8158
1705032300000,SYN_REKOP_PACKETS,5m,228.13341633,228.43367528,227.9412523,228.1314802,202715.2263
1705032600000,SYN_REKOP_PACKETS,5m,228.1314802,228.42868289,227.93415388,228.12743388,203820.3831
1705032900000,SYN_REKOP_PACKETS,5m,228.12743388,228.42131581,227.92449521,228.12108726,203830.4812
1705033200000,SYN_REKOP_PACKETS,5m,228.12108726,228.41140052,227.9122201,228.11236718,202742.6297
1705033500000,SYN_REKOP_PACKETS,5m,228.11236718,228.39888182,227.89738145,228.10130839,200571.8988
1705033800000,SYN_REKOP_PACKETS,5m,228.10130839,228.38381374,227.88012826,228.08804073,197351.0736
1705034100000,SYN_REKOP_PACKETS,5m,228.08804073,228.36634655,227.86068957,228.07277303,193130.1174
1705034400000,SYN_REKOP_PACKETS,5m,228.07277303,228.34671059,227.83935583,228.05577474,187975.3542
1705034700000,SYN_REKOP_PACKETS,5m,228.05577474,228.32519765,227.81645883,228.03735583,181968.3829
1705035000000,SYN_REKOP_PACKETS,5m,228.03735583,228.30214088,227.79235102,228.01784629,175204.7418
1705035300000,SYN_REKOP_PACKETS,5m,228.01784629,228.27789399,227.76738514,227.99757581,167792.3451
1705035600000,SYN_REKOP_PACKETS,5m,227.99757581,228.2528109,227.741895,227.9768547,159849.7166
1705035900000,SYN_REKOP_PACKETS,5m,227.9768547,228.22722646,227.7161784,227.95595687,151504.0496
1705036200000,SYN_REKOP_PACKETS,5m,227.95595687,228.20143931,227.69048272,227.9351056,142889.1249
1705036500000,SYN_REKOP_PACKETS,5m,227.9351056,228.17569748,227.66499398,227.91446257,135339.9392
1705036800000,SYN_REKOP_PACKETS,5m,227.91446257,228.15018737,227.63982957,227.89412087,143727.0682
1705037100000,SYN_REKOP_PACKETS,5m,227.89412087,228.12502654,227.61503521,227.8741019,151963.7039
1705037400000,SYN_REKOP_PACKETS,5m,227.8741019,228.10026057,227.59058596,227.85435661,159912.1609
1705037700000,SYN_REKOP_PACKETS,5m,227.85435661,228.07586412,227.5663914,227.83477076,167439.4624
1705038000000,SYN_REKOP_PACKETS,5m,227.83477076,228.05174615,227.54230462,227.81517399,174419.5161
1705038300000,SYN_REKOP_PACKETS,5m,227.81517399,228.02775883,227.51813459,227.79535238,180735.179
1705038600000,SYN_REKOP_PACKETS,5m,227.79535238,228.00371004,227.49366137,227.77506371,186280.175
1705038900000,SYN_REKOP_PACKETS,5m,227.77506371,227.97937853,227.46865341,227.75405498,190960.8341
1705039200000,SYN_REKOP_PACKETS,5m,227.75405498,227.95453131,227.44288625,227.73208113,194697.6261
1705039500000,SYN_REKOP_PACKETS,5m,227.73208113,227.92894235,227.41616158,227.70892434,197426.4626
1705039800000,SYN_REKOP_PACKETS,5m,227.70892434,227.90241173,227.388326,227.6844128,199099.746
1705040100000,SYN_REKOP_PACKETS,5m,227.6844128,227.87478437,227.35928835,227.65843827,199687.1488
1705040400000,SYN_REKOP_PACKETS,5m,227.65843827,227.84596751,227.32903508,227.63097148,199176.1104
1705040700000,SYN_REKOP_PACKETS,5m,227.63097148,227.81594604,227.29764263,227.60207466,197572.0421
1705041000000,SYN_REKOP_PACKETS,5m,227.60207466,227.78479493,227.26528633,227.57191052,194898.2395
1705041300000,SYN_REKOP_PACKETS,5m,227.57191052,227.75268819,227.23224534,227.54074728,191195.5009
1705041600000,SYN_REKOP_PACKETS,5m,227.54074728,227.71990381,227.19890318,227.50895925,186521.4596
1705041900000,SYN_REKOP_PACKETS,5m,227.50895925,227.68682435,227.16574382,227.47702298,180949.6407
1705042200000,SYN_REKOP_PACKETS,5m,227.47702298,227.65393297,227.13334323,227.44550884,174568.2577
1705042500000,SYN_REKOP_PACKETS,5m,227.44550884,227.62180503,227.10235664,227.41506829,167478.769
1705042800000,SYN_REKOP_PACKETS,5m,227.41506829,227.59109532,227.07350189,227.38641726,159794.2167
1705043100000,SYN_REKOP_PACKETS,5m,227.38641726,227.56252141,227.04753938,227.36031603,151637.377
1705043400000,SYN_REKOP_PACKETS,5m,227.36031603,227.53684355,227.0252493,227.33754646,143138.7502
1705043700000,SYN_REKOP_PACKETS,5m,227.33754646,227.51484187,227.00740689,227.3188872,134434.4249
1705044000000,SYN_REKOP_PACKETS,5m,227.3188872,227.49729161,226.99475662,227.30508782,134783.6723
1705044300000,SYN_REKOP_PACKETS,5m,227.30508782,227.48493725,226.98798624,227.29684276,143107.4996
1705044600000,SYN_REKOP_PACKETS,5m,227.29684276,227.47846646,226.98770149,227.294766,151217.0371
1705044900000,SYN_REKOP_PACKETS,5m,227.294766,227.4830863,226.98980113,227.29936742,158976.4969
1705045200000,SYN_REKOP_PACKETS,5m,227.29936742,227.49715662,226.99679873,227.31103167,166255.8156
1705045500000,SYN_REKOP_PACKETS,5m,227.31103167,227.51883067,227.01114331,227.33000031,172932.7837
1705045800000,SYN_REKOP_PACKETS,5m,227.33000031,227.54817999,227.03306284,227.35635796,178895.046
1705046100000,SYN_REKOP_PACKETS,5m,227.35635796,227.58510835,227.06262718,227.39002296,184041.9407
1705046400000,SYN_REKOP_PACKETS,5m,227.39002296,227.6293474,227.09973885,227.43074297,188286.1477
1705046700000,SYN_REKOP_PACKETS,5m,227.43074297,227.6804575,227.14412869,227.47809568,191555.1173
1705047000000,SYN_REKOP_PACKETS,5m,227.47809568,227.7378337,227.19535663,227.53149484,193792.2585
1705047300000,SYN_REKOP_PACKETS,5m,227.53149484,227.800717,227.25281778,227.59020135,194957.8653
1705047600000,SYN_REKOP_PACKETS,5m,227.59020135,227.86821043,227.31575358,227.65333927,195029.7664
1705047900000,SYN_REKOP_PACKETS,5m,227.65333927,227.93929953,227.38326789,227.71991623,194003.689
1705048200000,SYN_REKOP_PACKETS,5m,227.71991623,228.01287685,227.45434745,227.78884781,191893.3281
1705048500000,SYN_REKOP_PACKETS,5m,227.78884781,228.08776952,227.52788629,227.85898501,188730.1228
1705048800000,SYN_REKOP_PACKETS,5m,227.85898501,228.16276928,227.60271333,227.92914414,184562.742
1705049100000,SYN_REKOP_PACKETS,5m,227.92914414,228.23666402,227.67762229,227.99813822,179456.2876
1705049400000,SYN_REKOP_PACKETS,5m,227.99813822,228.30826981,227.75140317,228.06480886,173491.2292
1705049700000,SYN_REKOP_PACKETS,5m,228.06480886,228.37646261,227.82287429,228.12805785,166762.0868
1705050000000,SYN_REKOP_PACKETS,5m,228.12805785,228.44020857,227.89091384,228.18687725,159375.884
1705050300000,SYN_REKOP_PACKETS,5m,228.18687725,228.49859207,227.95449022,228.24037731,151450.3965
1705050600000,SYN_REKOP_PACKETS,5m,228.24037731,228.55084065,228.01268996,228.28781119,143112.2239
1705050900000,SYN_REKOP_PACKETS,5m,228.28781119,228.59634609,228.06474262,228.32859587,134494.718
1705051200000,SYN_REKOP_PACKETS,5m,228.32859587,228.63468093,228.11004178,228.36232853,125735.7999
1705051500000,SYN_REKOP_PACKETS,5m,228.36232853,228.66561006,228.1481616,228.38879799,133986.6932
1705051800000,SYN_REKOP_PACKETS,5m,228.38879799,228.68909706,228.17886834,228.40799079,142222.6031
1705052100000,SYN_REKOP_PACKETS,5m,228.40799079,228.70530498,228.20212663,228.42009196,150181.1832
1705052400000,SYN_REKOP_PACKETS,5m,228.42009196,228.71459175,228.21810031,228.42548021,157729.0166
1705052700000,SYN_REKOP_PACKETS,5m,228.42548021,228.71826258,228.22638557,228.42471798,164739.4075
1705053000000,SYN_REKOP_PACKETS,5m,228.42471798,228.72092542,228.22363089,228.41853659,171094.4555
1705053300000,SYN_REKOP_PACKETS,5m,228.41853659,228.71790674,228.21608725,228.40781695,176686.985
1705053600000,SYN_REKOP_PACKETS,5m,228.40781695,228.71007245,228.20474517,228.39356648,181422.3001
1705053900000,SYN_REKOP_PACKETS,5m,228.39356648,228.69841656,228.1906969,228.37689298,185219.7348
1705054200000,SYN_REKOP_PACKETS,5m,228.37689298,228.68403514,228.17510804,228.3589762,188013.9732
1705054500000,SYN_REKOP_PACKETS,5m,228.3589762,228.66809786,228.15918778,228.34103792,189756.119
1705054800000,SYN_REKOP_PACKETS,5m,228.34103792,228.65181811,228.14415843,228.32431148,190414.496
1705055100000,SYN_REKOP_PACKETS,5m,228.32431148,228.6364225,228.13122525,228.31001149,189975.1667
1705055400000,SYN_REKOP_PACKETS,5m,228.31001149,228.62312061,228.12154728,228.29930468,188442.1605
1705055700000,SYN_REKOP_PACKETS,5m,228.29930468,228.61307571,228.11620998,228.29328246,185837.4081
1705056000000,SYN_REKOP_PACKETS,5m,228.29328246,228.60737738,228.11620038,228.29293601,182200.3824
1705056300000,SYN_REKOP_PACKETS,5m,228.29293601,228.61321508,228.11618676,228.29913452,177587.4526
1705056600000,SYN_REKOP_PACKETS,5m,228.29913452,228.62633604,228.12202057,228.31260685,172070.9619
1705056900000,SYN_REKOP_PACKETS,5m,228.31260685,228.64697079,228.13477832,228.33392722,165738.043
1705057200000,SYN_REKOP_PACKETS,5m,228.33392722,228.48994117,228.2375558,228.32700081,132328.1889
1705057500000,SYN_REKOP_PACKETS,5m,228.32700081,228.48231989,228.23493532,228.32506776,125317.8107
1705057800000,SYN_REKOP_PACKETS,5m,228.32506776,228.48268954,228.23408171,228.32822615,117705.5641
1705058100000,SYN_REKOP_PACKETS,5m,228.32822615,228.48991372,228.23622453,228.3364625,109680.2364
1705058400000,SYN_REKOP_PACKETS,5m,228.3364625,228.50194112,228.24328839,228.34965354,101440.532
1705058700000,SYN_REKOP_PACKETS,5m,228.34965354,228.518549,228.25515586,228.3675708,109326.0157
1705059000000,SYN_REKOP_PACKETS,5m,228.3675708,228.53941733,228.27160511,228.38988788,117885.3292
1705059300000,SYN_REKOP_PACKETS,5m,228.38988788,228.56413844,228.29231711,228.41619008,126051.2897
1705059600000,SYN_REKOP_PACKETS,5m,228.41619008,228.59222879,228.31688525,228.44598622,133633.8338
1705059900000,SYN_REKOP_PACKETS,5m,228.44598622,228.62314255,228.34482711,228.47872222,140456.9015
1705060200000,SYN_REKOP_PACKETS,5m,228.47872222,228.6562865,228.37559802,228.51379608,146362.6625
1705060500000,SYN_REKOP_PACKETS,5m,228.51379608,228.69103607,228.40860596,228.55057386,151215.3054
1705060800000,SYN_REKOP_PACKETS,5m,228.55057386,228.72675183,228.44322751,228.58840631,154904.2978
1705061100000,SYN_REKOP_PACKETS,5m,228.58840631,228.76279621,228.47882443,228.62664556,157347.0391
1705061400000,SYN_REKOP_PACKETS,5m,228.62664556,228.79854992,228.51476025,228.66466159,158490.8441
1705061700000,SYN_REKOP_PACKETS,5m,228.66466159,228.8334277,228.55041676,228.70185801,158314.2061
1705062000000,SYN_REKOP_PACKETS,5m,228.70185801,228.86689293,228.58520965,228.73768679,156827.3136
1705062300000,SYN_REKOP_PACKETS,5m,228.73768679,228.89847091,228.61860319,228.7716615,154071.8047
1705062600000,SYN_REKOP_PACKETS,5m,228.7716615,228.92776033,228.65012342,228.80336888,150119.7664
1705062900000,SYN_REKOP_PACKETS,5m,228.80336888,228.95444273,228.67936963,228.83247836,145072.0035
1705063200000,SYN_REKOP_PACKETS,5m,228.83247836,228.97828979,228.70602383,228.85874941,139055.6175
1705063500000,SYN_REKOP_PACKETS,5m,228.85874941,228.99916821,228.729858,228.88203647,132220.9543
1705063800000,SYN_REKOP_PACKETS,5m,228.88203647,229.01704218,228.75073896,228.9022915,124737.9936
1705064100000,SYN_REKOP_PACKETS,5m,228.9022915,229.03197335,228.76863088,228.91956401,116792.2669
1705064400000,SYN_REKOP_PACKETS,5m,228.91956401,229.04411838,228.78359518,228.93399869,108580.4025
1705064700000,SYN_REKOP_PACKETS,5m,228.93399869,229.05372415,228.79578813,228.94583066,112138.1734
1705065000000,SYN_REKOP_PACKETS,5m,228.94583066,229.06112077,228.80545608,228.95537858,120757.3908
1705065300000,SYN_REKOP_PACKETS,5m,228.95537858,229.06671268,228.81292844,228.96303579,129032.7239
1705065600000,SYN_REKOP_PACKETS,5m,228.96303579,229.07096797,228.8186088,228.9692597,136771.2666
1705065900000,SYN_REKOP_PACKETS,5m,228.9692597,229.07440628,228.82296427,228.97455975,143792.983
1705066200000,SYN_REKOP_PACKETS,5m,228.97455975,229.07758559,228.82651341,228.97948427,149935.0306
1705066500000,SYN_REKOP_PACKETS,5m,228.97948427,229.08108827,228.82981303,228.98460657,155055.6685
1705066800000,SYN_REKOP_PACKETS,5m,228.98460657,229.08550663,228.83344422,228.99051053,159037.6609
1705067100000,SYN_REKOP_PACKETS,5m,228.99051053,229.09142849,228.837998,228.99777621,161791.0908
1705067400000,SYN_REKOP_PACKETS,5m,228.99777621,229.09942292,228.84406083,229.0069657,163255.5182
1705067700000,SYN_REKOP_PACKETS,5m,229.0069657,229.1100267,228.85220042,229.01860949,163401.4311
1705068000000,SYN_REKOP_PACKETS,5m,229.01860949,229.1237316,228.86295217,229.03319391,162230.9533
1705068300000,SYN_REKOP_PACKETS,5m,229.03319391,229.14097294,228.87680653,229.05114964,159777.7924
1705068600000,SYN_REKOP_PACKETS,5m,229.05114964,229.16211957,228.8941975,229.07284171,156106.4304
1705068900000,SYN_REKOP_PACKETS,5m,229.07284171,229.18746553,228.91549269,229.09856125,151310.5747
1705069200000,SYN_REKOP_PACKETS,5m,229.09856125,229.21722359,228.94098496,229.12851893,145510.9073
1705069500000,SYN_REKOP_PACKETS,5m,229.12851893,229.25152067,228.97088594,229.1628405,138852.187
1705069800000,SYN_REKOP_PACKETS,5m,229.1628405,229.29039542,229.00532155,229.20156432,131499.7727
1705070100000,SYN_REKOP_PACKETS,5m,229.20156432,229.33379784,229.0443295,229.24464097,123635.6528
1705070400000,SYN_REKOP_PACKETS,5m,229.24464097,229.38159096,229.08785897,229.29193497,115454.075
1705070700000,SYN_REKOP_PACKETS,5m,229.29193497,229.43355458,229.13577225,229.34322847,114668.3018
1705071000000,SYN_REKOP_PACKETS,5m,229.34322847,229.48939088,229.18784849,229.39822689,123323.7482
1705071300000,SYN_REKOP_PACKETS,5m,229.39822689,229.54873182,229.24378935,229.45656627,131685.3442
1705071600000,SYN_REKOP_PACKETS,5m,229.45656627,229.61114816,229.30322633,229.51782229,139557.6416
1705071900000,SYN_REKOP_PACKETS,5m,229.51782229,229.67615975,229.36572984,229.58152054,146756.9104
1705072200000,SYN_REKOP_PACKETS,5m,229.58152054,229.74324708,229.43081945,229.64714804,153115.5496
1705072500000,SYN_REKOP_PACKETS,5m,229.64714804,229.81186357,229.49797545,229.71416547,158486.111
1705072800000,SYN_REKOP_PACKETS,5m,229.71416547,229.88144848,229.56665112,229.78202009,162744.8385
1705073100000,SYN_REKOP_PACKETS,5m,229.78202009,229.95144006,229.63628564,229.85015885,165794.6394
1705073400000,SYN_REKOP_PACKETS,5m,229.85015885,230.0212887,229.70631721,229.91804142,167567.4147
1705073700000,SYN_REKOP_PACKETS,5m,229.91804142,230.09046965,229.77619621,229.98515297,168025.6937
1705074000000,SYN_REKOP_PACKETS,5m,229.98515297,230.1584952,229.84539791,230.05101621,167163.533
1705074300000,SYN_REKOP_PACKETS,5m,230.05101621,230.22492585,229.91343465,230.11520257,165006.659
1705074600000,SYN_REKOP_PACKETS,5m,230.11520257,230.28938035,229.97986695,230.17734213,161611.8492
1705074900000,SYN_REKOP_PACKETS,5m,230.17734213,230.35154433,230.04431363,230.23713218,157065.5688
1705075200000,SYN_REKOP_PACKETS,5m,230.23713218,230.41117723,230.10646032,230.29434418,151481.8939
1705075500000,SYN_REKOP_PACKETS,5m,230.29434418,230.46811761,230.16606651,230.34882886,144999.7719
1705075800000,SYN_REKOP_PACKETS,5m,230.34882886,230.5222864,230.22297073,230.40051955,137779.685
1705076100000,SYN_REKOP_PACKETS,5m,230.40051955,230.57368834,230.27709392,230.44943341,129999.7964
1705076400000,SYN_REKOP_PACKETS,5m,230.44943341,230.62241127,230.32844075,230.49567079,121851.672
1705076700000,SYN_REKOP_PACKETS,5m,230.49567079,230.66862364,230.37709904,230.53941254,116714.0683
1705077000000,SYN_REKOP_PACKETS,5m,230.53941254,230.7125699,230.42323713,230.58091544,125382.8238
1705077300000,SYN_REKOP_PACKETS,5m,230.58091544,230.75456429,230.46709939,230.62050585,133808.2717
1705077600000,SYN_REKOP_PACKETS,5m,230.62050585,230.79498285,230.50899993,230.65857172,141792.7267
1705077900000,SYN_REKOP_PACKETS,5m,230.65857172,230.83425408,230.5493147,230.69555314,149149.0512
1705078200000,SYN_REKOP_PACKETS,5m,230.69555314,230.87284833,230.58847207,230.73193169,155705.148
1705078500000,SYN_REKOP_PACKETS,5m,230.73193169,230.91126622,230.62694228,230.7682188,161308.0914
1705078800000,SYN_REKOP_PACKETS,5m,230.7682188,230.9500264,230.66522587,230.80494349,165827.7989
1705079100000,SYN_REKOP_PACKETS,5m,230.80494349,230.98965287,230.70384142,230.84263964,169160.154
1705079400000,SYN_REKOP_PACKETS,5m,230.84263964,231.03066227,230.74331291,230.88183316,171229.5054
1705079700000,SYN_REKOP_PACKETS,5m,230.88183316,231.07355125,230.784157,230.92302943,171990.4831
1705080000000,SYN_REKOP_PACKETS,5m,230.92302943,231.11878442,230.82687041,230.96670119,171429.0869
1705080300000,SYN_REKOP_PACKETS,5m,230.96670119,231.16678309,230.87191791,231.01327717,169563.0227
1705080600000,SYN_REKOP_PACKETS,5m,231.01327717,231.21791494,230.91972101,231.06313182,166441.2763
1705080900000,SYN_REKOP_PACKETS,5m,231.06313182,231.27248505,230.97064769,231.11657632,162142.9372
1705081200000,SYN_REKOP_PACKETS,5m,231.11657632,231.3307284,231.02500343,231.17385098,156775.2989
1705081500000,SYN_REKOP_PACKETS,5m,231.17385098,231.392804,231.08302368,231.23511941,150471.2825
1705081800000,SYN_REKOP_PACKETS,5m,231.23511941,231.45879084,231.14486805,231.30046445,143386.2449
1705082100000,SYN_REKOP_PACKETS,5m,231.30046445,231.52868569,231.2106162,231.36988594,135694.2478
1705082400000,SYN_REKOP_PACKETS,5m,231.36988594,231.60240291,231.2802657,231.44330052,127583.8783
1705082700000,SYN_REKOP_PACKETS,5m,231.44330052,231.67977615,231.35373179,231.52054333,119253.7207
1705083000000,SYN_REKOP_PACKETS,5m,231.52054333,231.76056199,231.43084911,231.60137163,126754.4826
1705083300000,SYN_REKOP_PACKETS,5m,231.60137163,231.84444544,231.51137531,231.68547029,135222.5173
1705083600000,SYN_REKOP_PACKETS,5m,231.68547029,231.93104711,231.59499655,231.77245898,143298.623
1705083900000,SYN_REKOP_PACKETS,5m,231.77245898,232.01993199,231.68133468,231.86190089,150792.5466
1705084200000,SYN_REKOP_PACKETS,5m,231.86190089,232.11061953,231.76995598,231.9533129,157527.9627
1705084500000,SYN_REKOP_PACKETS,5m,231.9533129,232.20259493,231.86038124,232.04617678,163346.7071
1705084800000,SYN_REKOP_PACKETS,5m,232.04617678,232.29532116,231.95209702,232.13995128,168112.5742
1705085100000,SYN_REKOP_PACKETS,5m,232.13995128,232.38825174,232.04456768,232.23408489,171714.5864
1705085400000,SYN_REKOP_PACKETS,5m,232.23408489,232.48084363,232.13724811,232.32802877,174069.6585
1705085700000,SYN_REKOP_PACKETS,5m,232.32802877,232.57257025,232.22959666,232.42124973,175124.5927
1705086000000,SYN_REKOP_PACKETS,5m,232.42124973,232.66293404,232.32108803,232.51324289,174857.3548
1705086300000,SYN_REKOP_PACKETS,5m,232.51324289,232.75147851,232.41122596,232.60354371,173277.6032
1705086600000,SYN_REKOP_PACKETS,5m,232.60354371,232.83779925,232.49955513,232.69173902,170426.4567
1705086900000,SYN_REKOP_PACKETS,5m,232.69173902,232.92155376,232.58567221,232.77747696,166375.5069
1705087200000,SYN_REKOP_PACKETS,5m,232.77747696,233.00246995,232.66923571,232.86047541,161225.0988
1705087500000,SYN_REKOP_PACKETS,5m,232.86047541,233.08035279,232.74997439,232.9405288,155101.9211
1705087800000,SYN_REKOP_PACKETS,5m,232.9405288,233.15508928,232.82769395,233.01751306,148155.9644
1705088100000,SYN_REKOP_PACKETS,5m,233.01751306,233.22665136,232.90228196,233.09138864,140556.919
1705088400000,SYN_REKOP_PACKETS,5m,233.09138864,233.29509689,232.97371081,233.16220147,132490.1009
1705088700000,SYN_REKOP_PACKETS,5m,233.16220147,233.36056837,233.04203861,233.23008186,124152.0016
1705089000000,SYN_REKOP_PACKETS,5m,233.23008186,233.42328983,233.10740801,233.29524134,127288.071
1705089300000,SYN_REKOP_PACKETS,5m,233.29524134,233.48356152,233.17004297,233.3579675,135778.9646
1705089600000,SYN_REKOP_PACKETS,5m,233.3579675,233.54175288,233.23024356,233.41861701,143927.6911
1705089900000,SYN_REKOP_PACKETS,5m,233.41861701,233.59829375,233.28837887,233.47760687,151541.1782
1705090200000,SYN_REKOP_PACKETS,5m,233.47760687,233.65366408,233.34487827,233.53540426,158439.1476
1705090500000,SYN_REKOP_PACKETS,5m,233.53540426,233.70838243,233.4002211,233.59251502,164458.4434
1705090800000,SYN_REKOP_PACKETS,5m,233.59251502,233.76299345,233.45492519,233.64947133,169456.949
1705091100000,SYN_REKOP_PACKETS,5m,233.64947133,233.81805477,233.50953441,233.70681851,173316.9992
1705091400000,SYN_REKOP_PACKETS,5m,233.70681851,233.87412348,233.56460546,233.7651017,175948.2051
1705091700000,SYN_REKOP_PACKETS,5m,233.7651017,233.93174261,233.62069449,233.82485233,177289.624
1705092000000,SYN_REKOP_PACKETS,5m,233.82485233,233.9914279,233.67834351,233.88657501,177311.2226
1705092300000,SYN_REKOP_PACKETS,5m,233.88657501,234.05365529,233.73806724,233.95073499,176014.5977
1705092600000,SYN_REKOP_PACKETS,5m,233.95073499,234.11884919,233.80034056,234.01774657,173432.9379
1705092900000,SYN_REKOP_PACKETS,5m,234.01774657,234.18737213,233.86558684,234.08796279,169630.2258
1705093200000,SYN_REKOP_PACKETS,5m,234.08796279,234.25951579,233.93416759,234.16166643,164699.7025
1705093500000,SYN_REKOP_PACKETS,5m,234.16166643,234.33549378,234.0063735,234.23906291,158761.6279
1705093800000,SYN_REKOP_PACKETS,5m,234.23906291,234.41543623,234.08241722,234.32027493,151960.3936
1705094100000,SYN_REKOP_PACKETS,5m,234.32027493,234.4993865,234.162428,234.40533913,144461.0553
1705094400000,SYN_REKOP_PACKETS,5m,234.40533913,234.58729989,234.24644836,234.49420492,136445.3699
1705094700000,SYN_REKOP_PACKETS,5m,234.49420492,234.67904454,234.33443282,234.58673537,128107.4313
1705095000000,SYN_REKOP_PACKETS,5m,234.58673537,234.7744045,234.42624885,234.68271028,126869.1639
1705095300000,SYN_REKOP_PACKETS,5m,234.68271028,234.87308473,234.52167984,234.78183126,135365.0437
1705095600000,SYN_REKOP_PACKETS,5m,234.78183126,234.97471823,234.62043022,234.88372879,143569.151
1705095900000,SYN_REKOP_PACKETS,5m,234.88372879,235.07887475,234.72213247,234.98797106,151285.8954
1705096200000,SYN_REKOP_PACKETS,5m,234.98797106,235.18507126,234.82635591,235.09407434,158331.3265
1705096500000,SYN_REKOP_PACKETS,5m,235.09407434,235.29278361,234.93261713,235.20151469,164537.5507
1705096800000,SYN_REKOP_PACKETS,5m,235.20151469,235.4014593,235.04039162,235.30974074,169756.7621
1705097100000,SYN_REKOP_PACKETS,5m,235.30974074,235.51053094,235.14912659,235.41818712,173864.7913
1705097400000,SYN_REKOP_PACKETS,5m,235.41818712,235.61943015,235.25825436,235.52628835,176764.0865
1705097700000,SYN_REKOP_PACKETS,5m,235.52628835,235.72760139,235.36720627,235.63349271,178386.0559
1705098000000,SYN_REKOP_PACKETS,5m,235.63349271,235.83451566,235.47542653,235.73927584,178692.714
1705098300000,SYN_REKOP_PACKETS,5m,235.73927584,235.93968336,235.58238585,235.84315363,177677.5939
1705098600000,SYN_REKOP_PACKETS,5m,235.84315363,236.04266626,235.68759434,235.94469416,175365.9023
1705098900000,SYN_REKOP_PACKETS,5m,235.94469416,236.1430882,235.79061349,236.04352831,171813.9144
1705099200000,SYN_REKOP_PACKETS,5m,236.04352831,236.24064406,235.89106677,236.13935881,167107.6224
1705099500000,SYN_REKOP_PACKETS,5m,236.13935881,236.3351071,235.98864871,236.23196739,161360.6709
1705099800000,SYN_REKOP_PACKETS,5m,236.23196739,236.42633412,236.08313213,236.32122002,154711.628
1705100100000,SYN_REKOP_PACKETS,5m,236.32122002,236.51426854,236.17437339,236.40706986,147320.6585
1705100400000,SYN_REKOP_PACKETS,5m,236.40706986,236.59894126,236.26231542,236.4895581,139365.6781
1705100700000,SYN_REKOP_PACKETS,5m,236.4895581,236.68046918,236.34698859,236.56881242,131038.0813
1705101000000,SYN_REKOP_PACKETS,5m,236.56881242,236.75905153,236.42850922,236.64504326,125424.7237
1705101300000,SYN_REKOP_PACKETS,5m,236.64504326,236.83496406,236.50707596,236.71853794,133909.8046
1705101600000,SYN_REKOP_PACKETS,5m,236.71853794,236.90855124,236.58296393,236.78965283,142154.0701
1705101900000,SYN_REKOP_PACKETS,5m,236.78965283,236.98021668,236.65651698,236.85880366,149959.7159
1705102200000,SYN_REKOP_PACKETS,5m,236.85880366,237.05041204,236.72813809,236.92645439,157139.4058
1705102500000,SYN_REKOP_PACKETS,5m,236.92645439,237.11962469,236.79827828,236.99310486,163520.7702
1705102800000,SYN_REKOP_PACKETS,5m,236.99310486,237.18836453,236.86742436,237.05927744,168950.5439
1705103100000,SYN_REKOP_PACKETS,5m,237.05927744,237.25715021,236.93608564,237.12550329,173298.2466
1705103400000,SYN_REKOP_PACKETS,5m,237.12550329,237.3264952,237.00478026,237.19230832,176459.3158
1705103700000,SYN_REKOP_PACKETS,5m,237.19230832,237.39689409,237.07402123,237.26019944,178357.6169
1705104000000,SYN_REKOP_PACKETS,5m,237.26019944,237.46880941,237.14430278,237.32965135,178947.2719
1705104300000,SYN_REKOP_PACKETS,5m,237.32965135,237.54265939,237.21608713,237.40109424,178213.7602
1705104600000,SYN_REKOP_PACKETS,5m,237.40109424,237.61880699,237.28979234,237.47490272,176174.268
1705104900000,SYN_REKOP_PACKETS,5m,237.47490272,237.69755039,237.36578127,237.55138632,172877.2752
1705105200000,SYN_REKOP_PACKETS,5m,237.55138632,237.77911534,237.44435214,237.63078178,168401.3918
1705105500000,SYN_REKOP_PACKETS,5m,237.63078178,237.86364943,237.52573087,237.71324726,162853.4703
1705105800000,SYN_REKOP_PACKETS,5m,237.71324726,237.95121851,237.61006532,237.79885871,156366.0402
1705106100000,SYN_REKOP_PACKETS,5m,237.79885871,238.04180534,237.69742179,237.88760848,149094.1261
1705106400000,SYN_REKOP_PACKETS,5m,237.88760848,238.13531042,237.78778358,237.97940614,141211.5258
1705106700000,SYN_REKOP_PACKETS,5m,237.97940614,238.2315551,237.88105188,238.0740815,132906.637
1705107000000,SYN_REKOP_PACKETS,5m,238.0740815,238.33028673,237.97704886,238.17138973,124377.9343
1705107300000,SYN_REKOP_PACKETS,5m,238.17138973,238.43118584,238.07552282,238.27101851,131387.1673
1705107600000,SYN_REKOP_PACKETS,5m,238.27101851,238.53387497,238.17615532,238.37259682,139658.517
1705107900000,SYN_REKOP_PACKETS,5m,238.37259682,238.63792908,238.27857005,238.47570531,147540.7841
1705108200000,SYN_REKOP_PACKETS,5m,238.47570531,238.74288714,238.38234322,238.57988784,154843.5382
1705108500000,SYN_REKOP_PACKETS,5m,238.57988784,238.84826452,238.4870151,238.68466388,161390.2013
1705108800000,SYN_REKOP_PACKETS,5m,238.68466388,238.953566,238.59210245,238.78954142,167022.2875
1705109100000,SYN_REKOP_PACKETS,5m,238.78954142,239.05829882,238.69711144,238.89403004,171603.2087
1705109400000,SYN_REKOP_PACKETS,5m,238.89403004,239.16198554,238.80155074,238.99765375,175021.554
1705109700000,SYN_REKOP_PACKETS,5m,238.99765375,239.26417633,238.90494436,239.09996324,177193.7647
1705110000000,SYN_REKOP_PACKETS,5m,239.09996324,239.36446028,239.00684387,239.20054719,178066.1412
1705110300000,SYN_REKOP_PACKETS,5m,239.20054719,239.46247549,239.10683976,239.29904233,177616.1321
1705110600000,SYN_REKOP_PACKETS,5m,239.29904233,239.55791761,239.20457147,239.39514201,175852.876
1705110900000,SYN_REKOP_PACKETS,5m,239.39514201,239.65054661,239.2997359,239.48860294,172816.9822
1705111200000,SYN_REKOP_PACKETS,5m,239.48860294,239.74019167,239.39209424,239.57925013,168579.556
1705111500000,SYN_REKOP_PACKETS,5m,239.57925013,239.82675396,239.48147674,239.66697965,163240.4915
1705111800000,SYN_REKOP_PACKETS,5m,239.66697965,239.91020739,239.5677856,239.75175945,156926.0733
1705112100000,SYN_REKOP_PACKETS,5m,239.75175945,239.99059727,239.6509956,239.83362797,149785.9447
1705112400000,SYN_REKOP_PACKETS,5m,239.83362797,240.06803692,239.73115284,239.9126909,141989.5149
1705112700000,SYN_REKOP_PACKETS,5m,239.9126909,240.14270253,239.80837131,239.98911597,133721.8918
1705113000000,SYN_REKOP_PACKETS,5m,239.98911597,240.21482629,239.88282773,240.06312623,125179.4376
1705113300000,SYN_REKOP_PACKETS,5m,240.06312623,240.28468817,239.95475475,240.13499179,127817.2047
1705113600000,SYN_REKOP_PACKETS,5m,240.13499179,240.35260653,240.02443264,240.20502056,136104.7449
1705113900000,SYN_REKOP_PACKETS,5m,240.20502056,240.41892797,240.09218,240.27354813,144053.4544
1705114200000,SYN_REKOP_PACKETS,5m,240.27354813,240.48401674,240.15834357,240.34092724,151470.1044
1705114500000,SYN_REKOP_PACKETS,5m,240.34092724,240.54824396,240.22328762,240.40751707,158174.1832
1705114800000,SYN_REKOP_PACKETS,5m,240.40751707,240.61197715,240.28738328,240.47367286,164002.2304
1705115100000,SYN_REKOP_PACKETS,5m,240.47367286,240.67557023,240.35099795,240.53973594,168811.762
1705115400000,SYN_REKOP_PACKETS,5m,240.53973594,240.73935441,240.41448541,240.60602472,172484.6919
1705115700000,SYN_REKOP_PACKETS,5m,240.60602472,240.80363017,240.4781767,240.67282671,174930.167
1705116000000,SYN_REKOP_PACKETS,5m,240.67282671,240.86866052,240.54237206,240.74039188,176086.7493
1705116300000,SYN_REKOP_PACKETS,5m,240.74039188,240.93466581,240.60733426,240.80892751,175923.8913
1705116600000,SYN_REKOP_PACKETS,5m,240.80892751,241.00182003,240.67328338,240.87859457,174442.6695
1705116900000,SYN_REKOP_PACKETS,5m,240.87859457,241.07024886,240.74039312,240.94950581,171675.7591
1705117200000,SYN_REKOP_PACKETS,5m,240.94950581,241.14002918,240.80878887,241.02172541,167686.6498
1705117500000,SYN_REKOP_PACKETS,5m,241.02172541,241.21119035,240.87854722,241.09527018,162568.1215
1705117800000,SYN_REKOP_PACKETS,5m,241.09527018,241.28371667,240.94969719,241.17011225,156440.0171
1705118100000,SYN_REKOP_PACKETS,5m,241.17011225,241.35755133,241.02222279,241.24618291,149446.3655
1705118400000,SYN_REKOP_PACKETS,5m,241.24618291,241.43260124,241.09606686,241.32337764,141751.9237
1705118700000,SYN_REKOP_PACKETS,5m,241.32337764,241.50874275,241.17113597,241.40156179,133538.221
1705119000000,SYN_REKOP_PACKETS,5m,241.40156179,241.5858279,241.2473061,241.48057691,124999.2015
1705119300000,SYN_REKOP_PACKETS,5m,241.48057691,241.66369092,241.32442889,241.56024731,123265.4038
1705119600000,SYN_REKOP_PACKETS,5m,241.56024731,241.74215474,241.40233817,241.64038662,131560.3514
1705119900000,SYN_REKOP_PACKETS,5m,241.64038662,241.82103723,241.4808564,241.72080403,139567.35
1705120200000,SYN_REKOP_PACKETS,5m,241.72080403,241.90015693,241.55980096,241.80131015,147090.6726
1705120500000,SYN_REKOP_PACKETS,5m,241.80131015,241.97933807,241.63898986,241.88172195,153946.1538
1705120800000,SYN_REKOP_PACKETS,5m,241.88172195,242.05841471,241.71824675,241.96186706,159965.6127
1705121100000,SYN_REKOP_PACKETS,5m,241.96186706,242.13723386,241.79740507,242.04158684,165000.8906
1705121400000,SYN_REKOP_PACKETS,5m,242.04158684,242.21565761,241.87631117,242.12073858,168927.409
1705121700000,SYN_REKOP_PACKETS,5m,242.12073858,242.29356407,241.95482643,242.19919642,171647.1614
1705122000000,SYN_REKOP_PACKETS,5m,242.19919642,242.37084732,242.0328282,242.2768514,173091.0665
1705122300000,SYN_REKOP_PACKETS,5m,242.2768514,242.44741645,242.1102098,242.35361044,173220.6274
1705122600000,SYN_REKOP_PACKETS,5m,242.35361044,242.5231937,242.18687949,242.42939451,172028.8566
1705122900000,SYN_REKOP_PACKETS,5m,242.42939451,242.59811201,242.26275868,242.50413625,169540.4437
1705123200000,SYN_REKOP_PACKETS,5m,242.50413625,242.67211213,242.33777945,242.57777698,165811.1633
1705123500000,SYN_REKOP_PACKETS,5m,242.57777698,242.74513951,242.41188169,242.65026369,160926.5364
1705123800000,SYN_REKOP_PACKETS,5m,242.65026369,242.81714124,242.48500998,242.72154591,154999.7773
1705124100000,SYN_REKOP_PACKETS,5m,242.72154591,242.8880632,242.55711057,242.79157288,148169.0757
1705124400000,SYN_REKOP_PACKETS,5m,242.79157288,242.95784777,242.62812849,242.86029122,140594.2794
1705124700000,SYN_REKOP_PACKETS,5m,242.86029122,243.02643216,242.69800531,242.92764326,132453.0566
1705125000000,SYN_REKOP_PACKETS,5m,242.92764326,243.09374752,242.76667743,242.99356613,123936.6306
1705125300000,SYN_REKOP_PACKETS,5m,242.99356613,243.15971913,242.83407527,243.05799191,117839.9352
1705125600000,SYN_REKOP_PACKETS,5m,243.05799191,243.22426745,242.90012338,243.12084864,126135.4514
1705125900000,SYN_REKOP_PACKETS,5m,243.12084864,243.28731026,242.96474155,243.18206244,134194.4396
1705126200000,SYN_REKOP_PACKETS,5m,243.18206244,243.34876574,243.02784694,243.24156052,141818.9783
1705126500000,SYN_REKOP_PACKETS,5m,243.24156052,243.40855631,243.08935712,243.29927503,148821.5345
1705126800000,SYN_REKOP_PACKETS,5m,243.29927503,243.4666133,243.149194,243.3551476,155029.4672
1705127100000,SYN_REKOP_PACKETS,5m,243.3551476,243.52288192,243.2072884,243.40913434,160289.1729
1705127400000,SYN_REKOP_PACKETS,5m,243.40913434,243.57732656,243.26358509,243.46121099,164469.7739
1705127700000,SYN_REKOP_PACKETS,5m,243.46121099,243.62993595,243.31804803,243.51137811,167466.2619
1705128000000,SYN_REKOP_PACKETS,5m,243.51137811,243.68072798,243.37066558,243.55966578,169202.019
1705128300000,SYN_REKOP_PACKETS,5m,243.55966578,243.72975383,243.42145528,243.60613769,169630.6582
1705128600000,SYN_REKOP_PACKETS,5m,243.60613769,243.77710123,243.47046802,243.65089431,168737.1377
1705128900000,SYN_REKOP_PACKETS,5m,243.65089431,243.82289637,243.51779122,243.69407474,166538.1226
1705129200000,SYN_REKOP_PACKETS,5m,243.69407474,243.86730448,243.56355083,243.73585726,163081.585
1705129500000,SYN_REKOP_PACKETS,5m,243.73585726,243.91052881,243.60791185,243.77645818,158445.6531
1705129800000,SYN_REKOP_PACKETS,5m,243.77645818,243.95280785,243.65107734,243.816129,152736.7356
1705130100000,SYN_REKOP_PACKETS,5m,243.816129,243.99441082,243.69328559,243.85515189,146086.9674
1705130400000,SYN_REKOP_PACKETS,5m,243.85515189,244.03563149,243.73480569,243.8938334,138651.0376
1705130700000,SYN_REKOP_PACKETS,5m,243.8938334,244.07678042,243.77593133,243.93249661,130602.4761
1705131000000,SYN_REKOP_PACKETS,5m,243.93249661,244.11817575,243.81697299,243.97147194,122129.4873
1705131300000,SYN_REKOP_PACKETS,5m,243.97147194,244.16013296,243.85824881,244.01108676,113430.432
1705131600000,SYN_REKOP_PACKETS,5m,244.01108676,244.20295374,243.9000743,244.05165428,119977.9872
1705131900000,SYN_REKOP_PACKETS,5m,244.05165428,244.24691452,243.94275127,244.093462,128084.2593
1705132200000,SYN_REKOP_PACKETS,5m,244.093462,244.29225501,243.98655635,244.13676019,135806.0594
1705132500000,SYN_REKOP_PACKETS,5m,244.13676019,244.33916712,244.03172951,244.18175079,142952.7776
1705132800000,SYN_REKOP_PACKETS,5m,244.18175079,244.38778488,244.07846302,244.22857726,149347.5806
1705133100000,SYN_REKOP_PACKETS,5m,244.22857726,244.43817564,244.12689139,244.27731579,154831.6579
1705133400000,SYN_REKOP_PACKETS,5m,244.27731579,244.49033305,244.17708254,244.32796819,159268.0356
1705133700000,SYN_REKOP_PACKETS,5m,244.32796819,244.54417213,244.22903079,244.38045696,162544.8657
1705134000000,SYN_REKOP_PACKETS,5m,244.38045696,244.5995268,244.28265199,244.43462277,164578.1121
1705134300000,SYN_REKOP_PACKETS,5m,244.43462277,244.65615002,244.33778098,244.4902246,165313.5689
1705134600000,SYN_REKOP_PACKETS,5m,244.4902246,244.71371673,244.39417176,244.54694258,164728.1627
1705134900000,SYN_REKOP_PACKETS,5m,244.54694258,244.77182955,244.45150041,244.60438375,162830.5069
1705135200000,SYN_REKOP_PACKETS,5m,244.60438375,244.83002731,244.50937082,244.66209053,159660.6957
1705135500000,SYN_REKOP_PACKETS,5m,244.66209053,244.88779608,244.56732317,244.7195517,155289.342
1705135800000,SYN_REKOP_PACKETS,5m,244.7195517,244.94458261,244.62484497,244.77621582,149815.8824
1705136100000,SYN_REKOP_PACKETS,5m,244.77621582,244.99980958,244.68138444,244.83150653,143366.1907
1705136400000,SYN_REKOP_PACKETS,5m,244.83150653,245.05289251,244.73636583,244.88483933,136089.5557
1705136700000,SYN_REKOP_PACKETS,5m,244.88483933,245.10325747,244.78920622,244.93563939,128155.098
1705137000000,SYN_REKOP_PACKETS,5m,244.93563939,245.15035937,244.83933324,244.9833597,119747.7094
1705137300000,SYN_REKOP_PACKETS,5m,244.9833597,245.19369985,244.88620333,245.02749911,111063.6147
1705137600000,SYN_REKOP_PACKETS,5m,245.02749911,245.23284447,244.92931963,245.06761938,113267.3814
1705137900000,SYN_REKOP_PACKETS,5m,245.06761938,245.26743842,244.96824913,245.10336098,121417.4894
1705138200000,SYN_REKOP_PACKETS,5m,245.10336098,245.29722011,245.00263831,245.13445667,129233.7572
1705138500000,SYN_REKOP_PACKETS,5m,245.13445667,245.32203234,245.03222679,245.16074268,136522.7936
1705138800000,SYN_REKOP_PACKETS,5m,245.16074268,245.34183034,245.05685844,245.18216678,143103.847
1705139100000,SYN_REKOP_PACKETS,5m,245.18216678,245.3566865,245.07648937,245.19879307,148813.146
1705139400000,SYN_REKOP_PACKETS,5m,245.19879307,245.36679148,245.09119273,245.21080313,153507.8323
1705139700000,SYN_REKOP_PACKETS,5m,245.21080313,245.37245161,245.10115973,245.2184934,157069.3912
1705140000000,SYN_REKOP_PACKETS,5m,245.2184934,245.37408249,245.10669706,245.22226895,159406.498
1705140300000,SYN_REKOP_PACKETS,5m,245.22226895,245.37219906,245.10822053,245.22263354,160457.2113
1705140600000,SYN_REKOP_PACKETS,5m,245.22263354,245.36985944,245.10378799,245.22017641,160190.4607
1705140900000,SYN_REKOP_PACKETS,5m,245.22017641,245.36498333,245.09675132,245.21555609,158606.7937
1705141200000,SYN_REKOP_PACKETS,5m,245.21555609,245.35787731,245.08819621,245.20948172,155738.3631
1705141500000,SYN_REKOP_PACKETS,5m,245.20948172,245.3492635,245.07887407,245.20269248,151648.1555
1705141800000,SYN_REKOP_PACKETS,5m,245.20269248,245.33989433,245.06954469,245.19593573,146428.4799
1705142100000,SYN_REKOP_PACKETS,5m,245.19593573,245.33053058,245.06095379,245.18994457,140198.7517
1705142400000,SYN_REKOP_PACKETS,5m,245.18994457,245.32191886,245.05381064,245.18541555,133102.6266
1705142700000,SYN_REKOP_PACKETS,5m,245.18541555,245.31476923,245.0487665,245.18298714,125304.5514
1705143000000,SYN_REKOP_PACKETS,5m,245.18298714,245.30996633,245.04616195,245.1832198,116985.817
1705143300000,SYN_REKOP_PACKETS,5m,245.1832198,245.31074436,245.043814,245.18657819,108340.2056
1705143600000,SYN_REKOP_PACKETS,5m,245.18657819,245.31504185,245.04462836,245.19341611,106206.8097
1705143900000,SYN_REKOP_PACKETS,5m,245.19341611,245.32310278,245.04897134,245.20396463,114398.1669
1705144200000,SYN_REKOP_PACKETS,5m,245.20396463,245.33503987,245.05708631,245.21832393,122306.8702
1705144500000,SYN_REKOP_PACKETS,5m,245.21832393,245.3508302,245.06908553,245.2364589,129737.0467
1705144800000,SYN_REKOP_PACKETS,5m,245.2364589,245.37031489,245.08494567,245.25819893,136504.3063
1705145100000,SYN_REKOP_PACKETS,5m,245.25819893,245.39320282,245.10450754,245.28324165,142440.1705
1705145400000,SYN_REKOP_PACKETS,5m,245.28324165,245.41907833,245.12747979,245.3111607,147396.1175
1705145700000,SYN_REKOP_PACKETS,5m,245.3111607,245.44741278,245.15344667,245.34141731,151247.1494
1705146000000,SYN_REKOP_PACKETS,5m,245.34141731,245.47757939,245.18187946,245.37337522,153894.7936
1705146300000,SYN_REKOP_PACKETS,5m,245.37337522,245.50887119,245.21215141,245.40631861,155269.4683
1705146600000,SYN_REKOP_PACKETS,5m,245.40631861,245.54052133,245.2435556,245.43947255,155332.1536
1705146900000,SYN_REKOP_PACKETS,5m,245.43947255,245.57172535,245.2753253,245.47202517,154075.3289
1705147200000,SYN_REKOP_PACKETS,5m,245.47202517,245.60166445,245.3066561,245.50315109,151774.9001
1705147500000,SYN_REKOP_PACKETS,5m,245.50315109,245.62952942,245.33672931,245.5320353,148486.1011
1705147800000,SYN_REKOP_PACKETS,5m,245.5320353,245.65454417,245.36473577,245.55789677,144042.1671
1705148100000,SYN_REKOP_PACKETS,5m,245.55789677,245.67598841,245.38989937,245.58001108,138555.813
1705148400000,SYN_REKOP_PACKETS,5m,245.58001108,245.69321858,245.4114997,245.59773144,132164.7811
1705148700000,SYN_REKOP_PACKETS,5m,245.59773144,245.70568657,245.42889302,245.61050742,125028.5326
1705149000000,SYN_REKOP_PACKETS,5m,245.61050742,245.71295563,245.44153091,245.61790085,117324.4186
1705149300000,SYN_REKOP_PACKETS,5m,245.61790085,245.71471293,245.44897618,245.61959835,109243.4211
1705149600000,SYN_REKOP_PACKETS,5m,245.61959835,245.71495648,245.44673737,245.6154203,103288.464
1705149900000,SYN_REKOP_PACKETS,5m,245.6154203,245.71120444,245.43707339,245.60532583,112020.1566
1705150200000,SYN_REKOP_PACKETS,5m,245.60532583,245.70171621,245.42177838,245.58941372,120520.3081
1705150500000,SYN_REKOP_PACKETS,5m,245.58941372,245.68658748,245.4010845,245.56791936,128590.812
1705150800000,SYN_REKOP_PACKETS,5m,245.56791936,245.66604966,245.37535246,245.54120767,136043.8709
1705151100000,SYN_REKOP_PACKETS,5m,245.54120767,245.64046286,245.34506082,245.50976244,142706.5046
1705151400000,SYN_REKOP_PACKETS,5m,245.50976244,245.61030519,245.31079198,245.47417223,148424.7031
1705151700000,SYN_REKOP_PACKETS,5m,245.47417223,245.57615878,245.27321529,245.43511348,153067.1233
1705152000000,SYN_REKOP_PACKETS,5m,245.43511348,245.53869287,245.23306781,245.39333116,156528.2425
1705152300000,SYN_REKOP_PACKETS,5m,245.39333116,245.49864451,245.19113325,245.34961774,158730.8906
1705152600000,SYN_REKOP_PACKETS,5m,245.34961774,245.45679753,245.14821983,245.30479088,159628.1032
1705152900000,SYN_REKOP_PACKETS,5m,245.30479088,245.41396037,245.10513759,245.25967075,159204.2478
1705153200000,SYN_REKOP_PACKETS,5m,245.25967075,245.37094334,245.06267586,245.21505742,157475.399
1705153500000,SYN_REKOP_PACKETS,5m,245.21505742,245.32853611,245.02158157,245.17170907,154488.9515
1705153800000,SYN_REKOP_PACKETS,5m,245.17170907,245.28748597,244.98253889,245.13032158,150322.4818
1705154100000,SYN_REKOP_PACKETS,5m,245.13032158,245.24847743,244.94615079,245.09151003,145081.8849
1705154400000,SYN_REKOP_PACKETS,5m,245.09151003,245.21211382,244.91292311,245.05579269,138898.831
1705154700000,SYN_REKOP_PACKETS,5m,245.05579269,245.17890129,244.8832514,245.02357778,131927.6033
1705155000000,SYN_REKOP_PACKETS,5m,245.02357778,245.14923561,244.85741083,244.99515334,124341.3934
1705155300000,SYN_REKOP_PACKETS,5m,244.99515334,245.12339216,244.83554961,244.97068057,116328.1419
1705155600000,SYN_REKOP_PACKETS,5m,244.97068057,245.10151925,244.81768581,244.95019061,108086.0254
1705155900000,SYN_REKOP_PACKETS,5m,244.95019061,245.083635,244.80370777,244.93358484,114798.4705
1705156200000,SYN_REKOP_PACKETS,5m,244.93358484,245.06962766,244.79337793,244.92063871,123365.5361
1705156500000,SYN_REKOP_PACKETS,5m,244.92063871,245.05925956,244.78634004,244.91100888,131551.9887
1705156800000,SYN_REKOP_PACKETS,5m,244.91100888,245.05217425,244.78212946,244.90424342,139166.9715
1705157100000,SYN_REKOP_PACKETS,5m,244.90424342,245.0479068,244.78018617,244.89979486,146033.3283
1705157400000,SYN_REKOP_PACKETS,5m,244.89979486,245.04589688,244.77987027,244.89703554,151991.8566
1705157700000,SYN_REKOP_PACKETS,5m,244.89703554,245.04550423,244.78047935,244.89527497,156905.1293
1705158000000,SYN_REKOP_PACKETS,5m,244.89527497,245.04602607,244.7812674,244.89377873,160660.7936
1705158300000,SYN_REKOP_PACKETS,5m,244.89377873,245.04671601,244.78146462,244.89178815,163174.2683
1705158600000,SYN_REKOP_PACKETS,5m,244.89178815,245.04680393,244.78029774,244.88854064,164390.7735
1705158900000,SYN_REKOP_PACKETS,5m,244.88854064,245.04551622,244.7770101,244.8832897,164286.6459
1705159200000,SYN_REKOP_PACKETS,5m,244.8832897,245.04209601,244.77088122,244.87532445,162869.9058
1705159500000,SYN_REKOP_PACKETS,5m,244.87532445,245.03582267,244.76124519,244.86398794,160180.0645
1705159800000,SYN_REKOP_PACKETS,5m,244.86398794,245.02603023,244.74750738,244.84869387,156287.1741
1705160100000,SYN_REKOP_PACKETS,5m,244.84869387,245.01212413,244.7291592,244.82894129,151290.1461
1705160400000,SYN_REKOP_PACKETS,5m,244.82894129,244.99359599,244.70579051,244.80432692,145314.3749
1705160700000,SYN_REKOP_PACKETS,5m,244.80432692,244.97003601,244.67709921,244.77455477,138508.7272
1705161000000,SYN_REKOP_PACKETS,5m,244.77455477,244.94114258,244.64289809,244.73944293,131041.9665
1705161300000,SYN_REKOP_PACKETS,5m,244.73944293,244.90672913,244.60311855,244.69892725,123098.7009
1705161600000,SYN_REKOP_PACKETS,5m,244.69892725,244.86672789,244.55781131,244.65306203,114874.9499
1705161900000,SYN_REKOP_PACKETS,5m,244.65306203,244.82119048,244.50714398,244.60201756,117244.6513
1705162200000,SYN_REKOP_PACKETS,5m,244.60201756,244.77028561,244.45139572,244.54607484,125855.1817
1705162500000,SYN_REKOP_PACKETS,5m,244.54607484,244.71429368,244.39094921,244.4856174,134134.7606
1705162800000,SYN_REKOP_PACKETS,5m,244.4856174,244.65359866,244.32627991,244.42112068,141889.77
1705163100000,SYN_REKOP_PACKETS,5m,244.42112068,244.58867747,244.25794332,244.35313924,148939.1544
1705163400000,SYN_REKOP_PACKETS,5m,244.35313924,244.52008711,244.18656028,244.28229202,155118.7675
1705163700000,SYN_REKOP_PACKETS,5m,244.28229202,244.44844998,244.11280081,244.20924632,160285.3128
1705164000000,SYN_REKOP_PACKETS,5m,244.20924632,244.37443771,244.03736703,244.13470059,164319.7836
1705164300000,SYN_REKOP_PACKETS,5m,244.13470059,244.29875403,243.96097543,244.05936678,167130.3196
1705164600000,SYN_REKOP_PACKETS,5m,244.05936678,244.22211705,243.88433903,243.98395259,168654.4125
1705164900000,SYN_REKOP_PACKETS,5m,243.98395259,244.14524137,243.80814993,243.9091439,168860.4057
1705165200000,SYN_REKOP_PACKETS,5m,243.9091439,244.06882061,243.73306255,243.83558818,167748.254
1705165500000,SYN_REKOP_PACKETS,5m,243.83558818,243.99351063,243.65967802,243.76387882,165349.5243
1705165800000,SYN_REKOP_PACKETS,5m,243.76387882,243.91991393,243.58853011,243.69454117,161726.6373
1705166100000,SYN_REKOP_PACKETS,5m,243.69454117,243.84856552,243.52007302,243.62802031,156971.3674
1705166400000,SYN_REKOP_PACKETS,5m,243.62802031,243.77992071,243.4546712,243.56467091,151202.6399
1705166700000,SYN_REKOP_PACKETS,5m,243.56467091,243.71434493,243.3925915,243.50474951,144563.6739
1705167000000,SYN_REKOP_PACKETS,5m,243.50474951,243.65210585,243.33399787,243.44840914,137218.5437
1705167300000,SYN_REKOP_PACKETS,5m,243.44840914,243.59336807,243.2789485,243.3956966,129348.2389
1705167600000,SYN_REKOP_PACKETS,5m,243.3956966,243.53819029,243.22739562,243.3465523,121146.3179
1705167900000,SYN_REKOP_PACKETS,5m,243.3465523,243.48652507,243.1791879,243.30081268,119160.3182
1705168200000,SYN_REKOP_PACKETS,5m,243.30081268,243.43822124,243.13407527,243.25821509,127791.7047
1705168500000,SYN_REKOP_PACKETS,5m,243.25821509,243.39302871,243.09171612,243.21840507,136142.3723
1705168800000,SYN_REKOP_PACKETS,5m,243.21840507,243.35060571,243.0516866,243.18094575,144016.2441
1705169100000,SYN_REKOP_PACKETS,5m,243.18094575,243.31052809,243.01349191,243.14532909,151228.6478
1705169400000,SYN_REKOP_PACKETS,5m,243.14532909,243.27230057,242.97657915,243.1109889,157610.7496
1705169700000,SYN_REKOP_PACKETS,5m,243.1109889,243.23536968,242.94035148,243.07731501,163013.6075
1705170000000,SYN_REKOP_PACKETS,5m,243.07731501,243.19913784,242.90418323,243.04366851,167311.7469
1705170300000,SYN_REKOP_PACKETS,5m,243.04366851,243.16297861,242.86743566,243.0093975,170406.1726
1705170600000,SYN_REKOP_PACKETS,5m,243.0093975,243.12625232,242.82947287,242.97385316,172226.7456
1705170900000,SYN_REKOP_PACKETS,5m,242.97385316,243.08832212,242.7896776,242.93640553,172733.8663
1705171200000,SYN_REKOP_PACKETS,5m,242.93640553,243.04856971,242.74746642,242.89645887,171919.4252
1705171500000,SYN_REKOP_PACKETS,5m,242.89645887,243.00641062,242.7023041,242.85346604,169806.9969
1705171800000,SYN_REKOP_PACKETS,5m,242.85346604,242.96130854,242.65371669,242.80694167,166451.2738
1705172100000,SYN_REKOP_PACKETS,5m,242.80694167,242.91278843,242.60130307,242.75647377,161936.7522
1705172400000,SYN_REKOP_PACKETS,5m,242.75647377,242.86044811,242.54474468,242.70173356,156375.7035
1705172700000,SYN_REKOP_PACKETS,5m,242.70173356,242.80396798,242.48381323,242.64248318,149905.478
1705173000000,SYN_REKOP_PACKETS,5m,242.64248318,242.74311874,242.41837616,242.57858126,142685.2064
1705173300000,SYN_REKOP_PACKETS,5m,242.57858126,242.67776688,242.34839978,242.50998613,134891.9788
1705173600000,SYN_REKOP_PACKETS,5m,242.50998613,242.60787784,242.27395004,242.43675657,126716.5927
1705173900000,SYN_REKOP_PACKETS,5m,242.43675657,242.53351673,242.19519087,242.35905022,120370.0024
1705174200000,SYN_REKOP_PACKETS,5m,242.35905022,242.45484673,242.11238012,242.27711958,129000.9161
1705174500000,SYN_REKOP_PACKETS,5m,242.27711958,242.37212503,242.02586336,242.19130582,137401.8557
1705174800000,SYN_REKOP_PACKETS,5m,242.19130582,242.2856966,241.93606552,242.10203039,145374.5908
1705175100000,SYN_REKOP_PACKETS,5m,242.10203039,242.19598584,241.84348067,242.0097849,152731.1204
1705175400000,SYN_REKOP_PACKETS,5m,242.0097849,242.10348638,241.74866018,241.91511922,159298.1868
1705175700000,SYN_REKOP_PACKETS,5m,241.91511922,242.0087492,241.65219962,241.8186284,164921.435
1705176000000,SYN_REKOP_PACKETS,5m,241.8186284,241.91236953,241.55472452,241.72093842,169469.1183
1705176300000,SYN_REKOP_PACKETS,5m,241.72093842,241.81497263,241.45687561,241.62269141,172835.2615
1705176600000,SYN_REKOP_PACKETS,5m,241.62269141,241.717199,241.35929363,241.52453044,174942.2048
1705176900000,SYN_REKOP_PACKETS,5m,241.52453044,241.61968915,241.26260428,241.42708444,175742.4681
1705177200000,SYN_REKOP_PACKETS,5m,241.42708444,241.52306858,241.16740349,241.33095347,175219.8908
1705177500000,SYN_REKOP_PACKETS,5m,241.33095347,241.42793303,241.07424349,241.23669471,173390.0193
1705177800000,SYN_REKOP_PACKETS,5m,241.23669471,241.33483451,240.98361991,241.14480957,170299.7336
1705178100000,SYN_REKOP_PACKETS,5m,241.14480957,241.24426843,240.89596028,241.05573209,166026.1211
1705178400000,SYN_REKOP_PACKETS,5m,241.05573209,241.15666206,240.81161409,240.96981903,160674.6257
1705178700000,SYN_REKOP_PACKETS,5m,240.96981903,241.07236459,240.73084477,240.88734176,154376.5156
1705179000000,SYN_REKOP_PACKETS,5m,240.88734176,240.9916391,240.65382364,240.80848019,147285.7313
1705179300000,SYN_REKOP_PACKETS,5m,240.80848019,240.91465651,240.58062605,240.73331884,139575.189
1705179600000,SYN_REKOP_PACKETS,5m,240.73331884,240.84149171,240.51122975,240.6618452,131432.6287
1705179900000,SYN_REKOP_PACKETS,5m,240.6618452,240.77212194,240.44551559,240.59395033,123056.1063
1705180200000,SYN_REKOP_PACKETS,5m,240.59395033,240.70642746,240.38327039,240.52943176,129339.756
1705180500000,SYN_REKOP_PACKETS,5m,240.52943176,240.64419447,240.32419211,240.46799854,137771.7471
1705180800000,SYN_REKOP_PACKETS,5m,240.46799854,240.58512024,240.26789701,240.40927841,145824.8824
1705181100000,SYN_REKOP_PACKETS,5m,240.40927841,240.52882033,240.2139288,240.35282686,153308.1256
1705181400000,SYN_REKOP_PACKETS,5m,240.35282686,240.47483771,240.16176947,240.2981379,160044.0649
1705181700000,SYN_REKOP_PACKETS,5m,240.2981379,240.4226536,240.11085151,240.24465632,165873.1729
1705182000000,SYN_REKOP_PACKETS,5m,240.24465632,240.37169974,240.06057143,240.19179102,170657.6369
1705182300000,SYN_REKOP_PACKETS,5m,240.19179102,240.32137188,240.01030403,240.13892935,174284.6666
1705182600000,SYN_REKOP_PACKETS,5m,240.13892935,240.27104411,239.95941726,240.08545185,176669.2031
1705182900000,SYN_REKOP_PACKETS,5m,240.08545185,240.22008373,239.90728727,240.03074726,177755.9601
1705183200000,SYN_REKOP_PACKETS,5m,240.03074726,240.16786627,239.85331323,239.97422727,177520.7517
1705183500000,SYN_REKOP_PACKETS,5m,239.97422727,240.1137904,239.79693171,239.91534087,175971.0725
1705183800000,SYN_REKOP_PACKETS,5m,239.91534087,240.05729227,239.73763012,239.85358771,173145.9178
1705184100000,SYN_REKOP_PACKETS,5m,239.85358771,239.99785899,239.67495901,239.78853034,169114.8467
1705184400000,SYN_REKOP_PACKETS,5m,239.78853034,239.93504094,239.60854289,239.71980497,163976.3122
1705184700000,SYN_REKOP_PACKETS,5m,239.71980497,239.86846259,239.53808926,239.64713043,157855.2968
1705185000000,SYN_REKOP_PACKETS,5m,239.64713043,239.79783156,239.46339569,239.57031523,150900.3117
1705185300000,SYN_REKOP_PACKETS,5m,239.57031523,239.72294569,239.38435479,239.48926242,143279.8309
1705185600000,SYN_REKOP_PACKETS,5m,239.48926242,239.64369801,239.30095685,239.40397221,135178.2457
1705185900000,SYN_REKOP_PACKETS,5m,239.40397221,239.56007941,239.21329019,239.31454226,126791.4373
1705186200000,SYN_REKOP_PACKETS,5m,239.31454226,239.47217895,239.12153914,239.22116558,128702.7059
1705186500000,SYN_REKOP_PACKETS,5m,239.22116558,239.38018186,239.02597972,239.1241262,137148.4242
1705186800000,SYN_REKOP_PACKETS,5m,239.1241262,239.28436518,238.92697311,239.02379257,145265.3277
1705187100000,SYN_REKOP_PACKETS,5m,239.02379257,239.18509127,238.82495709,238.92060896,152859.6417
1705187400000,SYN_REKOP_PACKETS,5m,238.92060896,239.08279919,238.72043562,238.81508505,159750.0773
1705187700000,SYN_REKOP_PACKETS,5m,238.81508505,238.97799427,238.61396684,238.70778384,165772.1833
1705188000000,SYN_REKOP_PACKETS,5m,238.70778384,238.87123614,238.50614982,238.59930838,170782.2951
1705188300000,SYN_REKOP_PACKETS,5m,238.59930838,238.76312539,238.39761023,238.49028748,174660.9839
1705188600000,SYN_REKOP_PACKETS,5m,238.49028748,238.65428927,238.2889855,238.38136076,177315.9239
1705188900000,SYN_REKOP_PACKETS,5m,238.38136076,238.54536679,238.18090959,238.27316353,178684.1092
1705189200000,SYN_REKOP_PACKETS,5m,238.27316353,238.43699352,238.07399797,238.16631162,178733.3665
1705189500000,SYN_REKOP_PACKETS,5m,238.16631162,238.3297865,237.96883295,238.06138686,177463.1274
1705189800000,SYN_REKOP_PACKETS,5m,238.06138686,238.22432959,237.86594994,237.9589232,174904.442
1705190100000,SYN_REKOP_PACKETS,5m,237.9589232,238.12115966,237.76582468,237.85939406,171119.2334
1705190400000,SYN_REKOP_PACKETS,5m,237.85939406,238.02075386,237.66886209,237.76320114,166198.8108
1705190700000,SYN_REKOP_PACKETS,5m,237.76320114,237.92351843,237.57538675,237.6706649,160261.677
1705191000000,SYN_REKOP_PACKETS,5m,237.6706649,237.82977911,237.48563526,237.58201701,153450.6834
1705191300000,SYN_REKOP_PACKETS,5m,237.58201701,237.73977363,237.39975088,237.49739493,145929.5997
1705191600000,SYN_REKOP_PACKETS,5m,237.49739493,237.65364618,237.31778031,237.41683875,137879.182
1705191900000,SYN_REKOP_PACKETS,5m,237.41683875,237.57144428,237.23967281,237.34029038,129492.8328
1705192200000,SYN_REKOP_PACKETS,5m,237.34029038,237.49311787,237.16528178,237.26759511,127026.5576
1705192500000,SYN_REKOP_PACKETS,5m,237.26759511,237.41852089,237.09436861,237.19850549,135470.7865
1705192800000,SYN_REKOP_PACKETS,5m,237.19850549,237.34741513,237.02660878,237.13268753,143636.8624
1705193100000,SYN_REKOP_PACKETS,5m,237.13268753,237.27947632,236.96160007,237.06972892,151328.5745
1705193400000,SYN_REKOP_PACKETS,5m,237.06972892,237.21430238,236.89887277,237.00914927,158361.0383
1705193700000,SYN_REKOP_PACKETS,5m,237.00914927,237.15142359,236.83790146,236.95041198,164565.135
1705194000000,SYN_REKOP_PACKETS,5m,236.95041198,237.09031444,236.7781183,236.89293753,169791.5719
1705194300000,SYN_REKOP_PACKETS,5m,236.89293753,237.03040685,236.71892732,236.8361179,173914.4672
1705194600000,SYN_REKOP_PACKETS,5m,236.8361179,236.97110454,236.65971949,236.77933168,176834.3724
1705194900000,SYN_REKOP_PACKETS,5m,236.77933168,236.9117981,236.59988821,236.72195957,178480.6599
1705195200000,SYN_REKOP_PACKETS,5m,236.72195957,236.85188046,236.53884469,236.6633999,178813.2193
1705195500000,SYN_REKOP_PACKETS,5m,236.6633999,236.79076233,236.476033,236.60308373,177823.42
1705195800000,SYN_REKOP_PACKETS,5m,236.60308373,236.72788723,236.41094436,236.54048918,175534.3189
1705196100000,SYN_REKOP_PACKETS,5m,236.54048918,236.6627458,236.34313025,236.47515465,172000.1068
1705196400000,SYN_REKOP_PACKETS,5m,236.47515465,236.59488895,236.27221407,236.40669056,167304.8072
1705196700000,SYN_REKOP_PACKETS,5m,236.40669056,236.52393949,236.19790101,236.33478928,161560.259
1705197000000,SYN_REKOP_PACKETS,5m,236.33478928,236.44960204,236.1199859,236.25923303,154903.4316
1705197300000,SYN_REKOP_PACKETS,5m,236.25923303,236.3716709,236.03835879,236.17989959,147493.1357
1705197600000,SYN_REKOP_PACKETS,5m,236.17989959,236.2900356,235.95300815,236.09676553,139506.2113
1705197900000,SYN_REKOP_PACKETS,5m,236.09676553,236.20468414,235.86402157,236.00990698,131133.2811
1705198200000,SYN_REKOP_PACKETS,5m,236.00990698,236.11570368,235.77158391,235.91949786,124293.3259
1705198500000,SYN_REKOP_PACKETS,5m,235.91949786,236.02327869,235.67597304,235.82580567,132723.0713
1705198800000,SYN_REKOP_PACKETS,5m,235.82580567,235.92768671,235.5775531,235.7291848,140925.8699
1705199100000,SYN_REKOP_PACKETS,5m,235.7291848,235.82929158,235.47676565,235.63006775,148703.3797
1705199400000,SYN_REKOP_PACKETS,5m,235.63006775,235.72853461,235.37411878,235.52895424,155867.4084
1705199700000,SYN_REKOP_PACKETS,5m,235.52895424,235.62592366,235.27017449,235.4263987,162244.4324
1705200000000,SYN_REKOP_PACKETS,5m,235.4263987,235.52202057,235.16553477,235.32299628,167679.7631
1705200300000,SYN_REKOP_PACKETS,5m,235.32299628,235.41742713,235.06082656,235.21936793,172041.2614
1705200600000,SYN_REKOP_PACKETS,5m,235.21936793,235.31277013,234.95668611,235.11614474,175222.5106
1705200900000,SYN_REKOP_PACKETS,5m,235.11614474,235.20868566,234.85374316,235.01395209,177145.3712
1705201200000,SYN_REKOP_PACKETS,5m,235.01395209,235.10580328,234.7526052,234.913394,177761.858
1705201500000,SYN_REKOP_PACKETS,5m,234.913394,235.00473027,234.65384235,234.81503798,177055.2915
1705201800000,SYN_REKOP_PACKETS,5m,234.81503798,234.90603651,234.55797326,234.71940089,175040.6996
1705202100000,SYN_REKOP_PACKETS,5m,234.71940089,234.81024037,234.4654523,234.62693618,171764.456
1705202400000,SYN_REKOP_PACKETS,5m,234.62693618,234.71779583,234.37665836,234.53802267,167303.1678
1705202700000,SYN_REKOP_PACKETS,5m,234.53802267,234.62908139,234.29188577,234.45295542,161761.836
1705203000000,SYN_REKOP_PACKETS,5m,234.45295542,234.54439086,234.21133721,234.3719387,155271.3344
1705203300000,SYN_REKOP_PACKETS,5m,234.3719387,234.46392635,234.13511916,234.29508134,147985.2681
1705203600000,SYN_REKOP_PACKETS,5m,234.29508134,234.38779365,234.06323972,234.22239463,140076.2852
1705203900000,SYN_REKOP_PACKETS,5m,234.22239463,234.3160001,233.99560906,234.15379267,131731.9321
1705204200000,SYN_REKOP_PACKETS,5m,234.15379267,234.24845503,233.93204235,234.08909532,123150.1503
1705204500000,SYN_REKOP_PACKETS,5m,234.08909532,234.18497268,233.87226517,234.02803359,128935.6846
1705204800000,SYN_REKOP_PACKETS,5m,234.02803359,234.12527763,233.81592124,233.97025734,137164.9104
1705205100000,SYN_REKOP_PACKETS,5m,233.97025734,234.06901252,233.76258223,233.91534509,145018.6923
1705205400000,SYN_REKOP_PACKETS,5m,233.91534509,234.01574791,233.71175947,233.86281564,152305.8227
1705205700000,SYN_REKOP_PACKETS,5m,233.86281564,233.96499395,233.66291711,233.81214133,158848.6427
1705206000000,SYN_REKOP_PACKETS,5m,233.81214133,233.91621365,233.61548662,233.76276235,164487.3082
1705206300000,SYN_REKOP_PACKETS,5m,233.76276235,233.86883726,233.56888187,233.71410193,169083.6282
1705206600000,SYN_REKOP_PACKETS,5m,233.71410193,233.82227751,233.52251481,233.66558188,172524.3826
1705206900000,SYN_REKOP_PACKETS,5m,233.66558188,233.77594521,233.47581095,233.61663812,174724.0415
1705207200000,SYN_REKOP_PACKETS,5m,233.61663812,233.7292648,233.42822447,233.56673567,175626.8189
1705207500000,SYN_REKOP_PACKETS,5m,233.56673567,233.68168948,233.37925241,233.51538283,175208.0124
1705207800000,SYN_REKOP_PACKETS,5m,233.51538283,233.63271539,233.3284476,233.46214409,173474.5965
1705208100000,SYN_REKOP_PACKETS,5m,233.46214409,233.58189457,233.27542998,233.40665129,170465.0559
1705208400000,SYN_REKOP_PACKETS,5m,233.40665129,233.52884631,233.21989593,233.34861307,166248.4615
1705208700000,SYN_REKOP_PACKETS,5m,233.34861307,233.47326651,233.16162554,233.28782186,160922.8125
1705209000000,SYN_REKOP_PACKETS,5m,233.28782186,233.41493487,233.10048734,233.22415874,154612.6836
1705209300000,SYN_REKOP_PACKETS,5m,233.22415874,233.35371976,233.03644066,233.15759561,147466.2344
1705209600000,SYN_REKOP_PACKETS,5m,233.15759561,233.28958047,232.96953539,233.08819494,139651.6526
1705209900000,SYN_REKOP_PACKETS,5m,233.08819494,233.22256704,232.8999092,233.01610692,131353.1158
1705210200000,SYN_REKOP_PACKETS,5m,233.01610692,233.15281745,232.82778244,232.94156423,122766.3701
1705210500000,SYN_REKOP_PACKETS,5m,232.94156423,233.08055251,232.75345066,232.86487456,124184.0075
1705210800000,SYN_REKOP_PACKETS,5m,232.86487456,233.00606838,232.67727524,232.78641116,132431.427
1705211100000,SYN_REKOP_PACKETS,5m,232.78641116,232.9297272,232.59967229,232.70660164,140353.9322
1705211400000,SYN_REKOP_PACKETS,5m,232.70660164,232.85194596,232.52110015,232.62591544,147757.5969
1705211700000,SYN_REKOP_PACKETS,5m,232.62591544,232.77318397,232.442046,232.54485032,154460.9028
1705212000000,SYN_REKOP_PACKETS,5m,232.54485032,232.69392948,232.36301178,232.46391833,160299.0985
1705212300000,SYN_REKOP_PACKETS,5m,232.46391833,232.61468558,232.28450013,232.3836316,165128.155
1705212600000,SYN_REKOP_PACKETS,5m,232.3836316,232.53595609,232.20700046,232.30448838,168828.2249
1705212900000,SYN_REKOP_PACKETS,5m,232.30448838,232.45823165,232.13097582,232.22695988,171306.5201
1705213200000,SYN_REKOP_PACKETS,5m,232.22695988,232.38197653,232.05685073,232.15147805,172499.5401
1705213500000,SYN_REKOP_PACKETS,5m,232.15147805,232.30761649,231.98500049,232.07842489,172374.597
1705213800000,SYN_REKOP_PACKETS,5m,232.07842489,232.23552804,231.91574215,232.00812331,170930.6011
1705214100000,SYN_REKOP_PACKETS,5m,232.00812331,232.16602939,231.84932746,231.94083011,168198.0872
1705214400000,SYN_REKOP_PACKETS,5m,231.94083011,232.09937341,231.78593779,231.87673087,164238.4822
1705214700000,SYN_REKOP_PACKETS,5m,231.87673087,232.03574255,231.72568142,231.81593723,159142.6302
1705215000000,SYN_REKOP_PACKETS,5m,231.81593723,231.9752461,231.66859298,231.75848624,153028.6125
1705215300000,SYN_REKOP_PACKETS,5m,231.75848624,231.91791958,231.61463504,231.70434208,146038.9123
1705215600000,SYN_REKOP_PACKETS,5m,231.70434208,231.86372644,231.56370189,231.65339969,138336.9943
1705215900000,SYN_REKOP_PACKETS,5m,231.65339969,231.81256176,231.51562515,231.60549049,130103.3806
1705216200000,SYN_REKOP_PACKETS,5m,231.60549049,231.76425788,231.47018115,231.56038966,121531.3165
1705216500000,SYN_REKOP_PACKETS,5m,231.56038966,231.71859174,231.42709959,231.51782493,118585.2318
1705216800000,SYN_REKOP_PACKETS,5m,231.51782493,231.67529366,231.38607343,231.47748636,126844.4864
1705217100000,SYN_REKOP_PACKETS,5m,231.47748636,231.63405712,231.34676942,231.43903696,134829.9499
1705217400000,SYN_REKOP_PACKETS,5m,231.43903696,231.59454933,231.30883903,231.40212362,142345.2786
1705217700000,SYN_REKOP_PACKETS,5m,231.40212362,231.55642222,231.27192941,231.36638808,149205.3764
1705218000000,SYN_REKOP_PACKETS,5m,231.36638808,231.51932334,231.23569397,231.33147758,155240.8397
1705218300000,SYN_REKOP_PACKETS,5m,231.33147758,231.48290647,231.19980228,231.29705473,160302.0253
1705218600000,SYN_REKOP_PACKETS,5m,231.29705473,231.44684155,231.16394902,231.26280653,164262.6439
1705218900000,SYN_REKOP_PACKETS,5m,231.26280653,231.41082358,231.12786156,231.22845203,167022.7927
1705219200000,SYN_REKOP_PACKETS,5m,231.22845203,231.37458028,231.09130626,231.1937486,168511.3546
1705219500000,SYN_REKOP_PACKETS,5m,231.1937486,231.33787834,231.054093,231.15849654,168687.7067
1705219800000,SYN_REKOP_PACKETS,5m,231.15849654,231.30052796,231.01607814,231.1225421,167542.6955
1705220100000,SYN_REKOP_PACKETS,5m,231.1225421,231.26238581,230.97716567,231.08577868,165098.8579
1705220400000,SYN_REKOP_PACKETS,5m,231.08577868,231.22335621,230.93730681,231.04814649,161409.8802
1705220700000,SYN_REKOP_PACKETS,5m,231.04814649,231.18339068,230.89649798,231.00963055,156559.3096
1705221000000,SYN_REKOP_PACKETS,5m,231.00963055,231.14248595,230.85477742,230.97025737,150658.5493
1705221300000,SYN_REKOP_PACKETS,5m,230.97025737,231.10068051,230.81222059,230.93009048,143844.1836
1705221600000,SYN_REKOP_PACKETS,5m,230.93009048,231.05805012,230.76893475,230.88922496,136274.6993
1705221900000,SYN_REKOP_PACKETS,5m,230.88922496,231.01470225,230.72505276,230.84778138,128126.6811
1705222200000,SYN_REKOP_PACKETS,5m,230.84778138,230.97076997,230.68072665,230.80589943,119590.5723
1705222500000,SYN_REKOP_PACKETS,5m,230.80589943,230.92640546,230.63612105,230.76373135,112293.363
1705222800000,SYN_REKOP_PACKETS,5m,230.76373135,230.88177348,230.5914069,230.72143578,120559.695
1705223100000,SYN_REKOP_PACKETS,5m,230.72143578,230.83704502,230.54675562,230.67917192,128603.8573
1705223400000,SYN_REKOP_PACKETS,5m,230.67917192,230.79239151,230.502334,230.63709452,136227.3929
1705223700000,SYN_REKOP_PACKETS,5m,230.63709452,230.74797968,230.45830001,230.59534972,143241.9149
1705224000000,SYN_REKOP_PACKETS,5m,230.59534972,230.70396737,230.4147996,230.55407195,149473.6303
1705224300000,SYN_REKOP_PACKETS,5m,230.55407195,230.66050032,230.37196464,230.5133819,154767.5134
1705224600000,SYN_REKOP_PACKETS,5m,230.5133819,230.61771018,230.32991204,230.47338565,158991.0284
1705224900000,SYN_REKOP_PACKETS,5m,230.47338565,230.57571348,230.28874383,230.43417488,162037.3122
1705225200000,SYN_REKOP_PACKETS,5m,230.43417488,230.53461188,230.24854838,230.39582812,163827.7412
1705225500000,SYN_REKOP_PACKETS,5m,230.39582812,230.49449329,230.2094024,230.35841274,164313.8192
1705225800000,SYN_REKOP_PACKETS,5m,230.35841274,230.45543388,230.17137361,230.32198777,163478.3425
1705226100000,SYN_REKOP_PACKETS,5m,230.32198777,230.41750081,230.13452391,230.286607,161335.8139
1705226400000,SYN_REKOP_PACKETS,5m,230.286607,230.38075535,230.09891267,230.25232242,157932.0948
1705226700000,SYN_REKOP_PACKETS,5m,230.25232242,230.34525622,230.06460006,230.2191875,153343.3045
1705227000000,SYN_REKOP_PACKETS,5m,230.2191875,230.31106288,230.03165003,230.18726028,147673.9938
1705227300000,SYN_REKOP_PACKETS,5m,230.18726028,230.27823856,230.00013278,230.15660579,141054.6347
1705227600000,SYN_REKOP_PACKETS,5m,230.15660579,230.24685272,229.97012645,230.12729788,133638.4886
1705227900000,SYN_REKOP_PACKETS,5m,230.12729788,230.21698275,229.94171798,230.09941996,125597.9273
1705228200000,SYN_REKOP_PACKETS,5m,230.09941996,230.18871481,229.91500284,230.07306486,117120.2945
1705228500000,SYN_REKOP_PACKETS,5m,230.07306486,230.16214362,229.89008372,230.04833352,108403.4088
1705228800000,SYN_REKOP_PACKETS,5m,230.04833352,230.1373711,229.86706809,230.02533247,113762.515
1705229100000,SYN_REKOP_PACKETS,5m,230.02533247,230.11450395,229.84606471,230.00417046,121862.2705
1705229400000,SYN_REKOP_PACKETS,5m,230.00417046,230.09365018,229.82717915,229.98495392,129591.6135
1705229700000,SYN_REKOP_PACKETS,5m,229.98495392,230.07491463,229.81050866,229.96778177,136759.1583
1705230000000,SYN_REKOP_PACKETS,5m,229.96778177,230.05839378,229.79613633,229.95273968,143186.9917
1705230300000,SYN_REKOP_PACKETS,5m,229.95273968,230.04416999,229.78412507,229.93989396,148714.9454
1705230600000,SYN_REKOP_PACKETS,5m,229.93989396,230.03230542,229.77451159,229.92928552,153204.4423
1705230900000,SYN_REKOP_PACKETS,5m,229.92928552,230.02283604,229.76730068,229.92092414,156541.8244
1705231200000,SYN_REKOP_PACKETS,5m,229.92092414,230.01576589,229.76246013,229.91478336,158641.0823
1705231500000,SYN_REKOP_PACKETS,5m,229.91478336,230.011062,229.7599166,229.91079636,159445.9212
1705231800000,SYN_REKOP_PACKETS,5m,229.91079636,230.00865027,229.75955277,229.90885296,158931.1129
1705232100000,SYN_REKOP_PACKETS,5m,229.90885296,230.0084126,229.7612059,229.90879827,157103.1023
1705232400000,SYN_REKOP_PACKETS,5m,229.90879827,230.01182004,229.7630335,229.91043285,153999.8536
1705232700000,SYN_REKOP_PACKETS,5m,229.91043285,230.01684202,229.76660643,229.91351473,149689.9387
1705233000000,SYN_REKOP_PACKETS,5m,229.91351473,230.02313343,229.77172783,229.9177633,144270.8922
1705233300000,SYN_REKOP_PACKETS,5m,229.9177633,230.03037035,229.77810702,229.92286504,137866.8698
1705233600000,SYN_REKOP_PACKETS,5m,229.92286504,230.03820295,229.78541995,229.92848096,130625.6682
1705233900000,SYN_REKOP_PACKETS,5m,229.92848096,230.04626453,229.79331671,229.93425566,122715.1768
1705234200000,SYN_REKOP_PACKETS,5m,229.93425566,230.05418195,229.80143061,229.93982768,114319.3477
1705234500000,SYN_REKOP_PACKETS,5m,229.93982768,230.0615871,229.8093886,229.94484087,105633.7791
1705234800000,SYN_REKOP_PACKETS,5m,229.94484087,230.06812887,229.81682267,229.94895636,106660.2713
1705235100000,SYN_REKOP_PACKETS,5m,229.94895636,230.07348553,229.82338194,229.95186481,114813.2611
1705235400000,SYN_REKOP_PACKETS,5m,229.95186481,230.07737665,229.82874487,229.95329834,122646.6587
1705235700000,SYN_REKOP_PACKETS,5m,229.95329834,230.07983108,229.83237471,229.95304177,129966.3762
1705236000000,SYN_REKOP_PACKETS,5m,229.95304177,230.08201324,229.8327147,229.95094275,136590.6558
1705236300000,SYN_REKOP_PACKETS,5m,229.95094275,230.08232484,229.83110509,229.94692026,142354.4347
1705236600000,SYN_REKOP_PACKETS,5m,229.94692026,230.08067258,229.82753051,229.94097113,147113.3088
1705236900000,SYN_REKOP_PACKETS,5m,229.94097113,230.07704128,229.82205786,229.93317426,150747.0007
1705237200000,SYN_REKOP_PACKETS,5m,229.93317426,230.55080649,229.21865278,229.70469979,304616.2168
1705237500000,SYN_REKOP_PACKETS,5m,229.70469979,230.33146088,229.02863592,229.50445739,308564.7574
1705237800000,SYN_REKOP_PACKETS,5m,229.50445739,230.14002623,228.87071218,229.33676473,310588.0003
1705238100000,SYN_REKOP_PACKETS,5m,229.33676473,229.9807897,228.74187618,229.19866768,310656.2483
1705238400000,SYN_REKOP_PACKETS,5m,229.19866768,229.85074855,228.63267905,229.08075178,308774.5868
1705238700000,SYN_REKOP_PACKETS,5m,229.08075178,229.74042282,228.52925907,228.96917564,304982.7933
1705239000000,SYN_REKOP_PACKETS,5m,228.96917564,229.63589377,228.41622251,228.84855643,299354.6295
1705239300000,SYN_REKOP_PACKETS,5m,228.84855643,229.52169764,228.27984966,228.70518152,291996.5279
1705239600000,SYN_REKOP_PACKETS,5m,228.70518152,229.38404711,228.11103388,228.52995317,283045.6985
1705239900000,SYN_REKOP_PACKETS,5m,228.52995317,229.21378561,227.90740149,228.32051282,272667.6868
1705240200000,SYN_REKOP_PACKETS,5m,228.32051282,229.00851907,227.67420469,228.08213691,261053.4282
1705240500000,SYN_REKOP_PACKETS,5m,228.08213691,228.77351545,227.42380784,227.82722355,248415.8504
1705240800000,SYN_REKOP_PACKETS,5m,227.82722355,228.52119072,227.17385199,227.57345548,234986.0847
1705241100000,SYN_REKOP_PACKETS,5m,227.57345548,228.26926647,226.9444318,227.34097341,221009.3535
1705241400000,SYN_REKOP_PACKETS,5m,227.34097341,228.03793447,226.75479888,227.1490745,206740.6064
1705241700000,SYN_REKOP_PACKETS,5m,227.1490745,227.84654462,226.62018432,227.01302975,218195.1337
1705242000000,SYN_REKOP_PACKETS,5m,227.01302975,227.71041183,226.5493005,226.94158096,232972.7228
1705242300000,SYN_REKOP_PACKETS,5m,226.94158096,227.63830469,226.54295221,226.93554807,247264.2358
1705242600000,SYN_REKOP_PACKETS,5m,226.93554807,227.68327903,226.54175759,226.98777887,260821.6502
1705242900000,SYN_REKOP_PACKETS,5m,226.98777887,227.77813572,226.59193211,227.08444114,273409.9988
1705243200000,SYN_REKOP_PACKETS,5m,227.08444114,227.89870093,226.6857086,227.20742816,284811.5499
1705243500000,SYN_REKOP_PACKETS,5m,227.20742816,228.02564702,226.80502354,227.33745599,294829.6811
1705243800000,SYN_REKOP_PACKETS,5m,227.33745599,228.14171168,226.93064254,227.45730535,303292.3768
1705244100000,SYN_REKOP_PACKETS,5m,227.45730535,228.23451398,227.04539694,227.55462732,310055.2891
1705244400000,SYN_REKOP_PACKETS,5m,227.55462732,228.29842247,227.13698465,227.62380293,315004.305
1705244700000,SYN_REKOP_PACKETS,5m,227.62380293,228.33513327,227.19982595,227.666516,318057.5768
1705245000000,SYN_REKOP_PACKETS,5m,227.666516,228.35285594,227.23563448,227.69093818,319166.9779
1705245300000,SYN_REKOP_PACKETS,5m,227.69093818,228.36426853,227.25260258,227.70968762,318318.9586
1705245600000,SYN_REKOP_PACKETS,5m,227.70968762,228.38363579,227.2633626,227.73695432,315534.7873
1705245900000,SYN_REKOP_PACKETS,5m,227.73695432,228.42363791,227.28211671,227.78533813,310870.1709
1705246200000,SYN_REKOP_PACKETS,5m,227.78533813,228.49250435,227.32148064,227.86299221,304414.2643
1705246500000,SYN_REKOP_PACKETS,5m,227.86299221,228.5919843,227.3896328,227.97160135,296288.0831
1705246800000,SYN_REKOP_PACKETS,5m,227.97160135,228.716529,227.48829748,228.10556919,286642.3505
1705247100000,SYN_REKOP_PACKETS,5m,228.10556919,228.85384397,227.61193494,228.25257148,275654.8151
1705247400000,SYN_REKOP_PACKETS,5m,228.25257148,228.98672678,227.74829492,228.395391,263527.0879
1705247700000,SYN_REKOP_PACKETS,5m,228.395391,229.09587699,227.88024878,228.51472134,250481.0555
1705248000000,SYN_REKOP_PACKETS,5m,228.51472134,229.16318495,227.98858792,228.59244771,236754.9311
1705248300000,SYN_REKOP_PACKETS,5m,228.59244771,229.17490848,228.05529722,228.61481522,222599.0165
1705248600000,SYN_REKOP_PACKETS,5m,228.61481522,229.1640663,228.02680184,228.57490188,218372.0051
1705248900000,SYN_REKOP_PACKETS,5m,228.57490188,229.11315909,227.91502877,228.47393109,233292.4666
1705249200000,SYN_REKOP_PACKETS,5m,228.47393109,229.00110935,227.75167372,228.32117033,247862.9215
1705249500000,SYN_REKOP_PACKETS,5m,228.32117033,228.83726873,227.55258554,228.13242875,261830.1639
1705249800000,SYN_REKOP_PACKETS,5m,228.13242875,228.63754248,227.33750995,227.92743188,274951.7068
1705250100000,SYN_REKOP_PACKETS,5m,227.92743188,228.42175664,227.12683264,227.72655954,287000.0959
1705250400000,SYN_REKOP_PACKETS,5m,227.72655954,228.21038801,226.93828433,227.54754335,297766.9566
1705250700000,SYN_REKOP_PACKETS,5m,227.54754335,228.02125451,226.78419703,227.40271408,307066.7005
1705251000000,SYN_REKOP_PACKETS,5m,227.40271408,227.86675755,226.66978782,227.29727737,314739.8277
1705251300000,SYN_REKOP_PACKETS,5m,227.29727737,227.75215546,226.59275503,227.22890388,320655.764
1705251600000,SYN_REKOP_PACKETS,5m,227.22890388,227.67515416,226.54423745,227.18868591,324715.1836
1705251900000,SYN_REKOP_PACKETS,5m,227.18868591,227.62686699,226.51094918,227.16327379,326851.7764
1705252200000,SYN_REKOP_PACKETS,5m,227.16327379,227.593956,226.47809727,227.13779878,327033.4272
1705252500000,SYN_REKOP_PACKETS,5m,227.13779878,227.5615606,226.4325482,227.09904781,325262.7868
1705252800000,SYN_REKOP_PACKETS,5m,227.09904781,227.51647789,226.3656591,227.03830446,321577.2246
1705253100000,SYN_REKOP_PACKETS,5m,227.03830446,227.45000793,226.27524435,226.95332475,316048.1634
1705253400000,SYN_REKOP_PACKETS,5m,226.95332475,227.35993213,226.16630376,226.84907233,308779.8082
1705253700000,SYN_REKOP_PACKETS,5m,226.84907233,227.25124868,226.0503696,226.73706879,299907.292
1705254000000,SYN_REKOP_PACKETS,5m,226.73706879,227.13552089,225.94359104,226.63347687,289594.2711
1705254300000,SYN_REKOP_PACKETS,5m,226.63347687,227.02895677,225.86391231,226.5562731,278030.0128
1705254600000,SYN_REKOP_PACKETS,5m,226.5562731,226.94957679,225.82786651,226.52203293,265426.0281
1705254900000,SYN_REKOP_PACKETS,5m,226.52203293,226.93487656,225.82668814,226.54291559,252012.3076
1705255200000,SYN_REKOP_PACKETS,5m,226.54291559,227.01586919,225.84698772,226.62439106,238033.2295
1705255500000,SYN_REKOP_PACKETS,5m,226.62439106,227.15598021,225.92846107,226.76411312,223743.2114
1705255800000,SYN_REKOP_PACKETS,5m,226.76411312,227.34526238,226.06876892,226.95213884,233117.2585
1705256100000,SYN_REKOP_PACKETS,5m,226.95213884,227.5676895,226.25799583,227.17246224,247884.29
1705256400000,SYN_REKOP_PACKETS,5m,227.17246224,227.80374685,226.48017867,227.4056026,262182.088
1705256700000,SYN_REKOP_PACKETS,5m,227.4056026,228.03363147,226.7158863,227.63180087,275761.8821
1705257000000,SYN_REKOP_PACKETS,5m,227.63180087,228.24049958,226.94540555,227.83426226,288387.6553
1705257300000,SYN_REKOP_PACKETS,5m,227.83426226,228.41317838,227.1519735,228.00186268,299840.3431
1705257600000,SYN_REKOP_PACKETS,5m,228.00186268,228.54784643,227.32447575,228.13082442,309921.7311
1705257900000,SYN_REKOP_PACKETS,5m,228.13082442,228.64837124,227.45911749,228.22505021,318457.9806
1705258200000,SYN_REKOP_PACKETS,5m,228.22505021,228.72524279,227.55975754,228.29505523,325302.722
1705258500000,SYN_REKOP_PACKETS,5m,228.29505523,228.79330695,227.63684475,228.35570117,330339.6584
1705258800000,SYN_REKOP_PACKETS,5m,228.35570117,228.86872752,227.70515998,228.42316134,333484.6346
1705259100000,SYN_REKOP_PACKETS,5m,228.42316134,228.9657452,227.78079102,228.51168435,334687.1338
1705259400000,SYN_REKOP_PACKETS,5m,228.51168435,229.09383021,227.87790598,228.6307525,333931.1765
1705259700000,SYN_REKOP_PACKETS,5m,228.6307525,229.25574455,228.00591969,228.78314975,331235.6043
1705260000000,SYN_REKOP_PACKETS,5m,228.78314975,229.44686023,228.16756624,228.96428463,326653.7443
1705260300000,SYN_REKOP_PACKETS,5m,228.96428463,229.65585464,228.35822256,229.16288815,320272.4602
1705260600000,SYN_REKOP_PACKETS,5m,229.16288815,229.86666158,228.56660306,229.3629648,312210.6065
1705260900000,SYN_REKOP_PACKETS,5m,229.3629648,230.06133341,228.77670427,229.54665172,302616.9133
1705261200000,SYN_REKOP_PACKETS,5m,229.54665172,230.22330209,228.97065575,229.69747413,291667.34
1705261500000,SYN_REKOP_PACKETS,5m,229.69747413,230.34044494,229.13196732,229.80340387,279561.9443
1705261800000,SYN_REKOP_PACKETS,5m,229.80340387,230.40738524,229.24858064,229.85915213,266521.3224
1705262100000,SYN_REKOP_PACKETS,5m,229.85915213,230.42659061,229.31515795,229.86726087,252782.6838
1705262400000,SYN_REKOP_PACKETS,5m,229.86726087,230.43753573,229.30469095,229.83777894,238595.6308
1705262700000,SYN_REKOP_PACKETS,5m,229.83777894,230.41881097,229.26438737,229.78657668,232267.1298
1705263000000,SYN_REKOP_PACKETS,5m,229.78657668,230.37815894,229.22121735,229.73261065,247147.9004
1705263300000,SYN_REKOP_PACKETS,5m,229.73261065,230.33452916,229.19384708,229.6946451,261695.8365
1705263600000,SYN_REKOP_PACKETS,5m,229.6946451,230.30668287,229.1975335,229.68803003,275657.1525
1705263900000,SYN_REKOP_PACKETS,5m,229.68803003,230.34404753,229.20745985,229.72211516,288788.4722
1705264200000,SYN_REKOP_PACKETS,5m,229.72211516,230.43033725,229.25103116,229.7987551,300861.1584
1705264500000,SYN_REKOP_PACKETS,5m,229.7987551,230.55311129,229.33667011,229.91216225,311665.381
1705264800000,SYN_REKOP_PACKETS,5m,229.91216225,230.70010207,229.45855906,230.05012689,321013.8493
1705265100000,SYN_REKOP_PACKETS,5m,230.05012689,230.854971,229.60447152,230.19638577,328745.1448
1705265400000,SYN_REKOP_PACKETS,5m,230.19638577,231.00041061,229.7581355,230.33371823,334726.5926
1705265700000,SYN_REKOP_PACKETS,5m,230.33371823,231.12142168,229.90232364,230.44721442,338856.6217
1705266000000,SYN_REKOP_PACKETS,5m,230.44721442,231.20816837,230.02211586,230.5271203,341066.5716
1705266300000,SYN_REKOP_PACKETS,5m,230.5271203,231.2578823,230.10774011,230.57073231,341321.9143
1705266600000,SYN_REKOP_PACKETS,5m,230.57073231,231.27545697,230.15646491,230.58298486,339622.868
1705266900000,SYN_REKOP_PACKETS,5m,230.58298486,231.27998521,230.16581935,230.57561732,336004.3928
1705267200000,SYN_REKOP_PACKETS,5m,230.57561732,231.27636314,230.15905894,230.56507609,330535.5686
1705267500000,SYN_REKOP_PACKETS,5m,230.56507609,231.27328382,230.16210255,230.569545,323318.366
1705267800000,SYN_REKOP_PACKETS,5m,230.569545,231.31167582,230.16883097,230.60565603,314485.8313
1705268100000,SYN_REKOP_PACKETS,5m,230.60565603,231.3931115,230.20637761,230.68548278,304199.7194
1705268400000,SYN_REKOP_PACKETS,5m,230.68548278,231.52295329,230.28678788,230.81435787,292647.6154
1705268700000,SYN_REKOP_PACKETS,5m,230.81435787,231.69883345,230.41538117,230.98990123,280039.5971
1705269000000,SYN_REKOP_PACKETS,5m,230.98990123,231.91106006,230.58978047,231.2024293,266604.4965
1705269300000,SYN_REKOP_PACKETS,5m,231.2024293,232.14433763,230.80032101,231.43667425,252585.8288
1705269600000,SYN_REKOP_PACKETS,5m,231.43667425,232.38050177,231.03176694,231.67451305,238237.459
1705269900000,SYN_REKOP_PACKETS,5m,231.67451305,232.60178527,231.2660362,231.89822446,245492.0216
1705270200000,SYN_REKOP_PACKETS,5m,231.89822446,232.794029,231.48545254,232.09368944,260209.1608
1705270500000,SYN_REKOP_PACKETS,5m,232.09368944,232.94924998,231.67594055,232.25294916,274474.0915
1705270800000,SYN_REKOP_PACKETS,5m,232.25294916,233.0670871,231.82957912,232.37564299,288037.319
1705271100000,SYN_REKOP_PACKETS,5m,232.37564299,233.15484867,231.94603622,232.46905235,300661.7993
1705271400000,SYN_REKOP_PACKETS,5m,232.46905235,233.22614815,232.03261169,232.54673736,312127.1561
1705271700000,SYN_REKOP_PACKETS,5m,232.54673736,233.29838154,232.10287507,232.62601949,322233.6022
1705272000000,SYN_REKOP_PACKETS,5m,232.62601949,233.38951573,232.17415172,232.7247786,330805.4931
1705272300000,SYN_REKOP_PACKETS,5m,232.7247786,233.51477989,232.26432498,232.85815457,337694.4525
1705272600000,SYN_REKOP_PACKETS,5m,232.85815457,233.68386023,232.3885437,233.03575196,342782.0115
1705272900000,SYN_REKOP_PACKETS,5m,233.03575196,233.89909895,232.55643273,233.25984657,345981.7167
1705273200000,SYN_REKOP_PACKETS,5m,233.25984657,234.15501358,232.77030389,233.52490899,347240.6677
1705273500000,SYN_REKOP_PACKETS,5m,233.52490899,234.43922012,233.02468187,233.81852768,346540.4584
1705273800000,SYN_REKOP_PACKETS,5m,233.81852768,234.73459818,233.30722683,234.1235701,343897.5041
1705274100000,SYN_REKOP_PACKETS,5m,234.1235701,235.02231761,233.60089221,234.42120236,339362.7493
1705274400000,SYN_REKOP_PACKETS,5m,234.42120236,235.28518798,233.88693854,234.69423002,333020.7612
1705274700000,SYN_REKOP_PACKETS,5m,234.69423002,235.510724,234.14826676,234.93015496,324988.2244
1705275000000,SYN_REKOP_PACKETS,5m,234.93015496,235.69336054,234.37246726,235.12338349,315411.8652
1705275300000,SYN_REKOP_PACKETS,5m,235.12338349,235.8354,234.55402132,235.27616993,304465.8404
1705275600000,SYN_REKOP_PACKETS,5m,235.27616993,235.94650903,234.69524025,235.3981131,292348.6388
1705275900000,SYN_REKOP_PACKETS,5m,235.3981131,236.04185604,234.805761,235.50429719,279279.5491
1705276200000,SYN_REKOP_PACKETS,5m,235.50429719,236.13923809,234.90068967,235.61242499,265494.7582
1705276500000,SYN_REKOP_PACKETS,5m,235.61242499,236.25573316,234.99774062,235.73947789,251243.1491
1705276800000,SYN_REKOP_PACKETS,5m,235.73947789,236.4044947,235.11390465,235.89851845,242779.2396
1705277100000,SYN_REKOP_PACKETS,5m,235.89851845,236.59227057,235.26226016,236.09621598,257584.7383
1705277400000,SYN_REKOP_PACKETS,5m,236.09621598,236.81809038,235.44950638,236.33153815,272074.7906
1705277700000,SYN_REKOP_PACKETS,5m,236.33153815,237.07335454,235.6746599,236.59584141,285995.0552
1705278000000,SYN_REKOP_PACKETS,5m,236.59584141,237.34331179,235.92914623,236.87434694,299101.2898
1705278300000,SYN_REKOP_PACKETS,5m,236.87434694,237.60966869,236.19827273,237.14874604,311163.6961
1705278600000,SYN_REKOP_PACKETS,5m,237.14874604,237.85387186,236.46382715,237.40047676,321971.0082
1705278900000,SYN_REKOP_PACKETS,5m,237.40047676,238.0604754,236.70734471,237.61408516,331334.2516
1705279200000,SYN_REKOP_PACKETS,5m,237.61408516,238.21997903,236.91345878,237.7800578,339090.1052
1705279500000,SYN_REKOP_PACKETS,5m,237.7800578,238.33060858,237.07272387,237.89659823,345103.8065
1705279800000,SYN_REKOP_PACKETS,5m,237.89659823,238.39870108,237.18338537,237.97001027,349271.5497
1705280100000,SYN_REKOP_PACKETS,5m,237.97001027,238.43761787,237.25176042,238.01361168,351522.3322
1705280400000,SYN_REKOP_PACKETS,5m,238.01361168,238.46538796,237.29115391,238.04538039,351819.2179
1705280700000,SYN_REKOP_PACKETS,5m,238.04538039,238.50152257,237.31951143,238.0847737,350159.9937
1705281000000,SYN_REKOP_PACKETS,5m,238.0847737,238.56359135,237.35624825,238.14930988,346577.2094
1705281300000,SYN_REKOP_PACKETS,5m,238.14930988,238.66418454,237.41884184,238.2515359,341137.5979
1705281600000,SYN_REKOP_PACKETS,5m,238.2515359,238.80880482,237.5198095,238.39692384,333940.8878
1705281900000,SYN_REKOP_PACKETS,5m,238.39692384,238.99505819,237.66461187,238.58306492,325118.0292
1705282200000,SYN_REKOP_PACKETS,5m,238.58306492,239.21328093,237.85084966,238.80029748,314828.8631
1705282500000,SYN_REKOP_PACKETS,5m,238.80029748,239.44848781,238.06888965,239.03365422,303259.2777
1705282800000,SYN_REKOP_PACKETS,5m,239.03365422,239.68329467,238.30380558,239.26578177,290617.901
1705283100000,SYN_REKOP_PACKETS,5m,239.26578177,239.90129181,238.53828818,239.48030964,277132.3884
1705283400000,SYN_REKOP_PACKETS,5m,239.48030964,240.09025537,238.75600327,239.66505626,263045.372
1705283700000,SYN_REKOP_PACKETS,5m,239.66505626,240.24460217,238.94478774,239.81447842,248610.1442
1705284000000,SYN_REKOP_PACKETS,5m,239.81447842,240.36662449,239.09909179,239.93090163,253715.0601
1705284300000,SYN_REKOP_PACKETS,5m,239.93090163,240.46626485,239.22120616,240.02429199,268351.7221
1705284600000,SYN_REKOP_PACKETS,5m,240.02429199,240.55946553,239.32103588,240.11060503,282553.4687
1705284900000,SYN_REKOP_PACKETS,5m,240.11060503,240.66539657,239.41445521,240.20901549,296070.1043
1705285200000,SYN_REKOP_PACKETS,5m,240.20901549,240.80307404,239.52054687,240.33853939,308663.58
1705285500000,SYN_REKOP_PACKETS,5m,240.33853939,240.98798619,239.65823485,240.51466575,320112.2288
1705285800000,SYN_REKOP_PACKETS,5m,240.51466575,241.22933436,239.84292609,240.74660363,330214.7093
1705286100000,SYN_REKOP_PACKETS,5m,240.74660363,241.52837646,240.08376501,241.03563138,338793.5881
1705286400000,SYN_REKOP_PACKETS,5m,241.03563138,241.87816152,240.38198634,241.37483553,345698.4967
1705286700000,SYN_REKOP_PACKETS,5m,241.37483553,242.26470081,240.73065329,241.75028385,350808.8061
1705287000000,SYN_REKOP_PACKETS,5m,241.75028385,242.66937184,241.11582586,242.14342847,354035.7736
1705287300000,SYN_REKOP_PACKETS,5m,242.14342847,243.07213519,241.51895623,242.53431897,355324.1214
1705287600000,SYN_REKOP_PACKETS,5m,242.53431897,243.4549938,241.92009265,242.90505539,354653.0199
1705287900000,SYN_REKOP_PACKETS,5m,242.90505539,243.8050696,242.30132358,243.24285713,352036.4581
1705288200000,SYN_REKOP_PACKETS,5m,243.24285713,244.1167308,242.64983981,243.54218241,347522.9949
1705288500000,SYN_REKOP_PACKETS,5m,243.54218241,244.3923702,242.96005022,243.80549992,341194.8949
1705288800000,SYN_REKOP_PACKETS,5m,243.80549992,244.6416849,243.23435381,244.04256461,333166.6645
1705289100000,SYN_REKOP_PACKETS,5m,244.04256461,244.87959118,243.48241938,244.2683321,323583.0144
1705289400000,SYN_REKOP_PACKETS,5m,244.2683321,245.12316649,243.71910669,244.49990391,312616.2853
1705289700000,SYN_REKOP_PACKETS,5m,244.49990391,245.38819049,243.96141998,244.75307488,300463.3808
1705290000000,SYN_REKOP_PACKETS,5m,244.75307488,245.68592476,244.22506348,245.0391214,287342.2647
1705290300000,SYN_REKOP_PACKETS,5m,245.0391214,246.02072,244.52123626,245.36241735,273488.0822
1705290600000,SYN_REKOP_PACKETS,5m,245.36241735,246.38888456,244.85425223,245.71931007,259148.9763
1705290900000,SYN_REKOP_PACKETS,5m,245.71931007,246.7790228,245.22041697,246.09846321,248526.4731
1705291200000,SYN_REKOP_PACKETS,5m,246.09846321,247.17379368,245.60836852,246.48261574,263231.7491
1705291500000,SYN_REKOP_PACKETS,5m,246.48261574,247.55278941,246.00083178,246.85145682,277639.2562
1705291800000,SYN_REKOP_PACKETS,5m,246.85145682,247.89603081,246.37748727,247.18511337,291494.121
1705292100000,SYN_REKOP_PACKETS,5m,247.18511337,248.18745419,246.71845229,247.46762673,304551.2575
1705292400000,SYN_REKOP_PACKETS,5m,247.46762673,248.41775251,247.00775192,247.68978271,316579.7275
1705292700000,SYN_REKOP_PACKETS,5m,247.68978271,248.58604012,247.23614521,247.85076666,327366.8495
1705293000000,SYN_REKOP_PACKETS,5m,247.85076666,248.70002396,247.40277877,247.95832818,336721.9824
1705293300000,SYN_REKOP_PACKETS,5m,247.95832818,248.77464448,247.51535259,248.02742009,344479.9177
1705293600000,SYN_REKOP_PACKETS,5m,248.02742009,248.82944029,247.58876249,248.07756627,350503.8188
1705293900000,SYN_REKOP_PACKETS,5m,248.07756627,248.88512992,247.64247301,248.12945086,354687.6552
1705294200000,SYN_REKOP_PACKETS,5m,248.12945086,248.96004361,247.69711253,248.20136058,356958.0894
1705294500000,SYN_REKOP_PACKETS,5m,248.20136058,249.06705461,247.77092126,248.3061274,357275.7813
1705294800000,SYN_REKOP_PACKETS,5m,248.3061274,249.21155673,247.87669855,248.44911616,355636.0884
1705295100000,SYN_REKOP_PACKETS,5m,248.44911616,249.39083953,248.0197934,248.62760654,352069.1482
1705295400000,SYN_REKOP_PACKETS,5m,248.62760654,249.59496158,248.19748709,248.83166852,346639.3416
1705295700000,SYN_REKOP_PACKETS,5m,248.83166852,249.80895897,248.39986729,249.04636819,339444.1482
1705296000000,SYN_REKOP_PACKETS,5m,249.04636819,250.01598981,248.61203037,249.25490506,330612.4111
1705296300000,SYN_REKOP_PACKETS,5m,249.25490506,250.2008442,248.8172138,249.44211191,320302.0448
1705296600000,SYN_REKOP_PACKETS,5m,249.44211191,250.35317455,249.00029047,249.59767385,308697.2254
1705296900000,SYN_REKOP_PACKETS,5m,249.59767385,250.46984119,249.15098228,249.71846393,296005.1138
1705297200000,SYN_REKOP_PACKETS,5m,249.71846393,250.55592437,249.26619135,249.80954833,282452.17
1705297500000,SYN_REKOP_PACKETS,5m,249.80954833,250.62420062,249.35100274,249.88366037,268280.1232
1705297800000,SYN_REKOP_PACKETS,5m,249.88366037,250.69317054,249.41815822,249.95923113,253741.6717
1705298100000,SYN_REKOP_PACKETS,5m,249.95923113,250.78399882,249.48608909,250.05733655,256679.1604
1705298400000,SYN_REKOP_PACKETS,5m,250.05733655,250.91692659,249.57586778,250.19812015,271217.0223
1705298700000,SYN_REKOP_PACKETS,5m,250.19812015,251.10780622,249.7076364,250.397339,285337.5885
1705299000000,SYN_REKOP_PACKETS,5m,250.397339,251.36537571,249.89715914,250.66364833,298789.9852
1705299300000,SYN_REKOP_PACKETS,5m,250.66364833,251.68975009,250.15311274,250.99710017,311335.1802
1705299600000,SYN_REKOP_PACKETS,5m,250.99710017,252.07238938,250.47558915,251.38911432,322750.2358
1705299900000,SYN_REKOP_PACKETS,5m,251.38911432,252.49754717,250.85606824,251.82392551,332832.2753
1705300200000,SYN_REKOP_PACKETS,5m,251.82392551,252.94494876,251.27886357,252.28125586,341402.0925
1705300500000,SYN_REKOP_PACKETS,5m,252.28125586,253.39323189,251.72379059,252.73974713,348307.3404
1705300800000,SYN_REKOP_PACKETS,5m,252.73974713,253.82354154,252.16959218,253.1805457,353425.2414
1705301100000,SYN_REKOP_PACKETS,5m,253.1805457,254.22263094,252.59751561,253.59039441,356664.7722
1705301400000,SYN_REKOP_PACKETS,5m,253.59039441,254.58489938,252.99439635,253.96366355,357968.2829
1705301700000,SYN_REKOP_PACKETS,5m,253.96366355,254.91298682,253.35468267,254.3029421,357312.523
1705302000000,SYN_REKOP_PACKETS,5m,254.3029421,255.21681347,253.68102328,254.61807817,354709.055
1705302300000,SYN_REKOP_PACKETS,5m,254.61807817,255.51124736,253.98330772,254.92385104,350204.0486
1705302600000,SYN_REKOP_PACKETS,5m,254.92385104,255.81284237,254.27634234,255.23671658,343877.4593
1705302900000,SYN_REKOP_PACKETS,5m,255.23671658,256.13626092,254.57660263,255.57123863,335841.6059
1705303200000,SYN_REKOP_PACKETS,5m,255.57123863,256.49104766,254.89867335,255.93687101,326239.1719
1705303500000,SYN_REKOP_PACKETS,5m,255.93687101,256.87934955,255.25203947,256.33568411,315240.6673
1705303800000,SYN_REKOP_PACKETS,5m,256.33568411,257.29500294,255.63882,256.76145577,303041.3945
1705304100000,SYN_REKOP_PACKETS,5m,256.76145577,257.72416447,256.05286267,257.20030258,289857.9734
1705304400000,SYN_REKOP_PACKETS,5m,257.20030258,258.14739062,256.48037502,257.63275672,275924.4878
1705304700000,SYN_REKOP_PACKETS,5m,257.63275672,258.54281301,256.90199641,258.0369361,261488.3201
1705305000000,SYN_REKOP_PACKETS,5m,258.0369361,258.88985386,257.29595944,258.39225323,248697.639
1705305300000,SYN_REKOP_PACKETS,5m,258.39225323,259.17281518,257.64178786,258.68299773,263291.2074
1705305600000,SYN_REKOP_PACKETS,5m,258.68299773,259.38368214,257.92386745,258.90113403,277605.0161
1705305900000,SYN_REKOP_PACKETS,5m,258.90113403,259.52361403,258.13423395,259.04778867,291383.6823
1705306200000,SYN_REKOP_PACKETS,5m,259.04778867,259.60283541,258.27405424,259.13314046,304381.2982
1705306500000,SYN_REKOP_PACKETS,5m,259.13314046,259.63894193,258.35351531,259.17472801,316365.8064
1705306800000,SYN_REKOP_PACKETS,5m,259.17472801,259.65393578,258.39013584,259.19448925,327123.1285
1705307100000,SYN_REKOP_PACKETS,5m,259.19448925,259.67054233,258.40581424,259.2150838,336460.9742
1705307400000,SYN_REKOP_PACKETS,5m,259.2150838,259.70848453,258.42316236,259.25617356,344212.2624
1705307700000,SYN_REKOP_PACKETS,5m,259.25617356,259.78138552,258.4617981,259.33133136,350238.0946
1705308000000,SYN_REKOP_PACKETS,5m,259.33133136,259.89484287,258.53526418,259.44611965,354430.2253
1705308300000,SYN_REKOP_PACKETS,5m,259.44611965,260.04599902,258.64911354,259.59766375,356712.9889
1705308600000,SYN_REKOP_PACKETS,5m,259.59766375,260.22466551,258.80048416,259.77577631,357044.6454
1705308900000,SYN_REKOP_PACKETS,5m,259.77577631,260.4157852,258.97922013,259.96541765,355418.1232
1705309200000,SYN_REKOP_PACKETS,5m,259.96541765,260.6027805,259.17032402,260.15004013,351861.1454
1705309500000,SYN_REKOP_PACKETS,5m,260.15004013,260.77117384,259.35729049,260.31520329,346435.7361
1705309800000,SYN_REKOP_PACKETS,5m,260.31520329,260.91180863,259.52570988,260.45178906,339237.117
1705310100000,SYN_REKOP_PACKETS,5m,260.45178906,261.02306345,259.66647344,260.55821048,330392.0137
1705310400000,SYN_REKOP_PACKETS,5m,260.55821048,261.11163216,259.7779756,260.64118763,320056.4005
1705310700000,SYN_REKOP_PACKETS,5m,260.64118763,261.19171016,259.86688837,260.71493172,308412.7259
1705311000000,SYN_REKOP_PACKETS,5m,260.71493172,261.282728,259.94734902,260.79887902,295666.6659
1705311300000,SYN_REKOP_PACKETS,5m,260.79887902,261.40604768,260.03870213,260.91438996,282043.4654
1705311600000,SYN_REKOP_PACKETS,5m,260.91438996,261.58122648,260.16220953,261.08101783,267783.93
1705311900000,SYN_REKOP_PACKETS,5m,261.08101783,261.82252536,260.33733076,261.31302354,253140.1421
1705312200000,SYN_REKOP_PACKETS,5m,261.31302354,262.13628596,260.57824784,261.61675915,253906.8825
1705312500000,SYN_REKOP_PACKETS,5m,261.61675915,262.51963968,260.89125568,261.9893827,268341.927
1705312800000,SYN_REKOP_PACKETS,5m,261.9893827,262.96077787,261.27347922,262.41913231,282377.6458
1705313100000,SYN_REKOP_PACKETS,5m,262.41913231,263.44074386,261.71314503,262.8871193,295762.509
1705313400000,SYN_REKOP_PACKETS,5m,262.8871193,263.93644555,262.19136785,263.37033882,308256.5221
1705313700000,SYN_REKOP_PACKETS,5m,263.37033882,264.42437138,262.68515172,263.84538086,319635.4962
1705314000000,SYN_REKOP_PACKETS,5m,263.84538086,264.88435868,263.1710905,264.29219122,329695.0369
1705314300000,SYN_REKOP_PACKETS,5m,264.29219122,265.3027401,263.6291194,264.6972094,338254.1808
1705314600000,SYN_REKOP_PACKETS,5m,264.6972094,265.6742945,264.045646,265.0553113,345158.616
1705314900000,SYN_REKOP_PACKETS,5m,265.0553113,266.00264269,264.41549011,265.37019839,350283.4269
1705315200000,SYN_REKOP_PACKETS,5m,265.37019839,266.29901802,264.74227439,265.65316507,353535.3175
1705315500000,SYN_REKOP_PACKETS,5m,265.65316507,266.57964982,265.03719708,265.92048261,354854.2709
1705315800000,SYN_REKOP_PACKETS,5m,265.92048261,266.86225898,265.31642413,266.18989914,354214.6177
1705316100000,SYN_REKOP_PACKETS,5m,266.18989914,267.16232618,265.59759844,266.47691537,351625.4928
1705316400000,SYN_REKOP_PACKETS,5m,266.47691537,267.48982693,265.89612429,266.79152881,347130.6725
1705316700000,SYN_REKOP_PACKETS,5m,266.79152881,267.84703275,266.22191824,267.13604398,340807.7964
1705317000000,SYN_REKOP_PACKETS,5m,267.13604398,268.22777926,266.57722274,267.50434749,332766.9856
1705317300000,SYN_REKOP_PACKETS,5m,267.50434749,268.6183384,266.95588127,267.88278376,323148.8842
1705317600000,SYN_REKOP_PACKETS,5m,267.88278376,268.99974701,267.34421081,268.25248259,312122.1562
1705317900000,SYN_REKOP_PACKETS,5m,268.25248259,269.35118253,267.72332378,268.59272943,299880.4856
1705318200000,SYN_REKOP_PACKETS,5m,268.59272943,269.65378075,268.07249129,268.88477379,286639.1298
1705318500000,SYN_REKOP_PACKETS,5m,268.88477379,269.89419644,268.37294483,269.11537848,272631.0904
1705318800000,SYN_REKOP_PACKETS,5m,269.11537848,270.06723971,268.61141987,269.2794445,258102.9673
1705319100000,SYN_REKOP_PACKETS,5m,269.2794445,270.17708112,268.78277748,269.38120682,243310.5717
1705319400000,SYN_REKOP_PACKETS,5m,269.38120682,270.23678295,268.89119967,269.4337603,257634.4499
1705319700000,SYN_REKOP_PACKETS,5m,269.4337603,270.26623019,268.94971769,269.45699075,271858.1018
1705320000000,SYN_REKOP_PACKETS,5m,269.45699075,270.28883891,268.97814768,269.47428842,285564.4701
1705320300000,SYN_REKOP_PACKETS,5m,269.47428842,270.32764549,268.99981037,269.50864695,298506.8465
1705320600000,SYN_REKOP_PACKETS,5m,269.50864695,270.40148669,269.03763661,269.57885552,310452.074
1705320900000,SYN_REKOP_PACKETS,5m,269.57885552,270.5219515,269.11036549,269.69646303,321184.6959
1705321200000,SYN_REKOP_PACKETS,5m,269.69646303,270.6916361,269.22951295,269.86404316,330510.7888
1705321500000,SYN_REKOP_PACKETS,5m,269.86404316,270.90399682,269.39763916,270.07505342,338261.4137
1705321800000,SYN_REKOP_PACKETS,5m,270.07505342,271.14481616,269.6082075,270.31530182,344295.6215
1705322100000,SYN_REKOP_PACKETS,5m,270.31530182,271.39501683,269.84704879,270.56575641,348502.961
1705322400000,SYN_REKOP_PACKETS,5m,270.56575641,271.63432274,270.0951664,270.80619711,350805.4445
1705322700000,SYN_REKOP_PACKETS,5m,270.80619711,271.84511013,270.33238251,271.01905499,351158.9353
1705323000000,SYN_REKOP_PACKETS,5m,271.01905499,272.01574806,270.5411712,271.19274039,349553.9333
1705323300000,SYN_REKOP_PACKETS,5m,271.19274039,272.14281117,270.70998114,271.32384527,346015.7439
1705323600000,SYN_REKOP_PACKETS,5m,271.32384527,272.23175014,270.83543375,271.4178072,340604.0283
1705323900000,SYN_REKOP_PACKETS,5m,271.4178072,272.29589393,270.92298534,271.48791031,333411.7423
1705324200000,SYN_REKOP_PACKETS,5m,271.48791031,272.35397378,270.98592865,271.55281347,324563.4819
1705324500000,SYN_REKOP_PACKETS,5m,271.55281347,272.4266378,271.04292418,271.63307359,314213.2675
1705324800000,SYN_REKOP_PACKETS,5m,271.63307359,272.53260939,271.11452875,271.74731548,302541.803
1705325100000,SYN_REKOP_PACKETS,5m,271.74731548,272.68519891,271.21937179,271.90875548,289753.2615
1705325400000,SYN_REKOP_PACKETS,5m,271.90875548,272.88980327,271.37068548,272.12271125,276071.6524
1705325700000,SYN_REKOP_PACKETS,5m,272.12271125,273.14284308,271.57382001,272.38554531,261736.8362
1705326000000,SYN_REKOP_PACKETS,5m,272.38554531,273.43232921,271.82519044,272.68523346,247000.2569
1705326300000,SYN_REKOP_PACKETS,5m,272.68523346,273.73996481,272.11284558,273.00346358,245607.7551
1705326600000,SYN_REKOP_PACKETS,5m,273.00346358,274.0444175,272.41856392,273.31890054,259950.6001
1705326900000,SYN_REKOP_PACKETS,5m,273.31890054,274.32518386,272.72111292,273.61104075,273912.4262
1705327200000,SYN_REKOP_PACKETS,5m,273.61104075,274.56634972,273.00009551,273.86396196,287241.0684
1705327500000,SYN_REKOP_PACKETS,5m,273.86396196,274.75955427,273.23969114,274.06927808,299695.5901
1705327800000,SYN_REKOP_PACKETS,5m,274.06927808,274.90559938,273.43160241,274.2277425,311050.57
1705328100000,SYN_REKOP_PACKETS,5m,274.2277425,275.01439201,273.57665254,274.3491888,321100.1131
1705328400000,SYN_REKOP_PACKETS,5m,274.3491888,275.10321964,273.68472355,274.45080879,329661.5141
1705328700000,SYN_REKOP_PACKETS,5m,274.45080879,275.19367339,273.773036,274.55408229,336578.5085
1705329000000,SYN_REKOP_PACKETS,5m,274.55408229,275.30778507,273.86308437,274.6809234,341724.053
1705329300000,SYN_REKOP_PACKETS,5m,274.6809234,275.46408292,273.97679181,274.84974607,345002.586
1705329600000,SYN_REKOP_PACKETS,5m,274.84974607,275.67427387,274.13258579,275.07215537,346351.7285
1705329900000,SYN_REKOP_PACKETS,5m,275.07215537,275.94113695,274.34209871,275.35084727,345743.3934
1705330200000,SYN_REKOP_PACKETS,5m,275.35084727,276.25799123,274.60807491,275.67907952,343184.2861
1705330500000,SYN_REKOP_PACKETS,5m,275.67907952,276.60982493,274.92384476,276.0418001,338715.7852
1705330800000,SYN_REKOP_PACKETS,5m,276.0418001,276.97588479,275.27445173,276.41823253,332413.2067
1705331100000,SYN_REKOP_PACKETS,5m,276.41823253,277.33326922,275.63923168,276.78546255,324384.4637
1705331400000,SYN_REKOP_PACKETS,5m,276.78546255,277.66088588,275.99538989,277.12238832,314768.1472
1705331700000,SYN_REKOP_PACKETS,5m,277.12238832,277.94305884,276.32193941,277.41332029,303731.0601
1705332000000,SYN_REKOP_PACKETS,5m,277.41332029,278.17212211,276.60328941,277.65056906,291465.25
1705332300000,SYN_REKOP_PACKETS,5m,277.65056906,278.34951567,276.83182373,277.83553826,278184.5922
1705332600000,SYN_REKOP_PACKETS,5m,277.83553826,278.48517837,277.00898882,277.97811723,264120.9847
1705332900000,SYN_REKOP_PACKETS,5m,277.97811723,278.59535525,277.14468656,278.09449096,249520.2227
1705333200000,SYN_REKOP_PACKETS,5m,278.09449096,278.69923867,277.25508985,278.20378622,234637.6253
1705333500000,SYN_REKOP_PACKETS,5m,278.20378622,278.81507974,277.35929838,278.3241894,246817.296
1705333800000,SYN_REKOP_PACKETS,5m,278.3241894,278.95649841,277.47546844,278.46926326,260968.4537
1705334100000,SYN_REKOP_PACKETS,5m,278.46926326,279.12967429,277.61714147,278.64514362,274620.5131
1705334400000,SYN_REKOP_PACKETS,5m,278.64514362,279.33193337,277.79045003,278.84913027,287525.9857
1705334700000,SYN_REKOP_PACKETS,5m,278.84913027,279.55199288,277.99271354,279.06993379,299450.6344
1705335000000,SYN_REKOP_PACKETS,5m,279.06993379,279.77183265,278.21268452,279.28954624,310177.6416
1705335300000,SYN_REKOP_PACKETS,5m,279.28954624,279.96987263,278.43241328,279.48641577,319511.4669
1705335600000,SYN_REKOP_PACKETS,5m,279.48641577,280.12489878,278.63041222,279.63936753,327281.3267
1705335900000,SYN_REKOP_PACKETS,5m,279.63936753,280.22003241,278.78556397,279.731567,333344.2325
1705336200000,SYN_REKOP_PACKETS,5m,279.731567,280.24601472,278.88107201,279.75379819,337587.5361
1705336500000,SYN_REKOP_PACKETS,5m,279.75379819,280.25054693,278.86037214,279.70644164,339930.9332
1705336800000,SYN_REKOP_PACKETS,5m,279.70644164,280.20847856,278.75921742,279.59977142,340327.893
1705337100000,SYN_REKOP_PACKETS,5m,279.59977142,280.10783965,278.61849462,279.45250528,338766.4864
1705337400000,SYN_REKOP_PACKETS,5m,279.45250528,279.96734618,278.46234117,279.2888723,335269.5981
1705337700000,SYN_REKOP_PACKETS,5m,279.2888723,279.81123269,278.31651254,279.13473874,329894.52
1705338000000,SYN_REKOP_PACKETS,5m,279.13473874,279.6653725,278.20428631,279.0134993,322731.9321
1705338300000,SYN_REKOP_PACKETS,5m,279.0134993,279.55316207,278.14286664,278.94246867,313904.2893
1705338600000,SYN_REKOP_PACKETS,5m,278.94246867,279.49190592,278.14091512,278.93040172,303563.6429
1705338900000,SYN_REKOP_PACKETS,5m,278.93040172,279.53648747,278.15146547,278.97655779,291888.9357
1705339200000,SYN_REKOP_PACKETS,5m,278.97655779,279.64254026,278.20856246,279.07144811,279082.8185
1705339500000,SYN_REKOP_PACKETS,5m,279.07144811,279.78196855,278.31476139,279.19911233,265368.0446
1705339800000,SYN_REKOP_PACKETS,5m,279.19911233,279.9356407,278.45409272,279.34050456,250983.5071
1705340100000,SYN_REKOP_PACKETS,5m,279.34050456,280.08520726,278.60750484,279.47737256,236179.9883
1705340400000,SYN_REKOP_PACKETS,5m,279.47737256,280.21677035,278.75673244,279.59591908,232653.1901
1705340700000,SYN_REKOP_PACKETS,5m,279.59591908,280.32365601,278.88794895,279.68956573,246927.6659
1705341000000,SYN_REKOP_PACKETS,5m,279.68956573,280.40776638,278.99452468,279.76029751,260839.7161
1705341300000,SYN_REKOP_PACKETS,5m,279.76029751,280.4792509,279.07837012,279.81832887,274136.5612
1705341600000,SYN_REKOP_PACKETS,5m,279.81832887,280.55455279,279.14960513,279.88014854,286576.3421
1705341900000,SYN_REKOP_PACKETS,5m,279.88014854,280.6531948,279.22461081,279.96530782,297932.4234
1705342200000,SYN_REKOP_PACKETS,5m,279.96530782,280.79390347,279.3228269,280.09255091,307997.426
1705342500000,SYN_REKOP_PACKETS,5m,280.09255091,280.99078783,279.4628919,280.2760026,316586.9169
1705342800000,SYN_REKOP_PACKETS,5m,280.2760026,281.25027157,279.65883907,280.52211028,323542.6916
1705343100000,SYN_REKOP_PACKETS,5m,280.52211028,281.56933631,279.91704415,280.82789631,328735.5884
1705343400000,SYN_REKOP_PACKETS,5m,280.82789631,281.93540073,280.23447976,281.18084337,332067.7872
1705343700000,SYN_REKOP_PACKETS,5m,281.18084337,282.32787598,280.59859913,281.56045217,333474.5503
1705344000000,SYN_REKOP_PACKETS,5m,281.56045217,282.72114749,280.9888889,281.94122059,332925.3742
1705344300000,SYN_REKOP_PACKETS,5m,281.94122059,283.08848003,281.37984123,282.29654153,330424.5329
1705344600000,SYN_REKOP_PACKETS,5m,282.29654153,283.40616855,281.74484375,282.60284294,326011.002
1705344900000,SYN_REKOP_PACKETS,5m,282.60284294,283.65719665,282.06031223,282.84323372,319757.7654
1705345200000,SYN_REKOP_PACKETS,5m,282.84323372,283.83373797,282.30933107,283.0099931,311770.5177
1705345500000,SYN_REKOP_PACKETS,5m,283.0099931,283.93803896,282.48413991,283.10544418,302185.783
1705345800000,SYN_REKOP_PACKETS,5m,283.10544418,283.98152143,282.58700762,283.14105187,291168.4872
1705346100000,SYN_REKOP_PACKETS,5m,283.14105187,283.98841064,282.62320278,283.13492106,278909.0229
1705346400000,SYN_REKOP_PACKETS,5m,283.13492106,283.98819922,282.60240381,283.10817328,265619.863
1705346700000,SYN_REKOP_PACKETS,5m,283.10817328,283.96643256,282.58022466,283.08088461,251531.7804
1705347000000,SYN_REKOP_PACKETS,5m,283.08088461,283.94322155,282.57188646,283.06833777,236889.7423
1705347300000,SYN_REKOP_PACKETS,5m,283.06833777,283.94380574,282.57514687,283.07826861,221948.552
1705347600000,SYN_REKOP_PACKETS,5m,283.07826861,283.97746317,282.5873608,283.10959529,232013.4868
1705347900000,SYN_REKOP_PACKETS,5m,283.10959529,284.02216115,282.61998396,283.15284642,246121.6685
1705348200000,SYN_REKOP_PACKETS,5m,283.15284642,284.06204252,282.66355452,283.19220076,259749.1971
1705348500000,SYN_REKOP_PACKETS,5m,283.19220076,284.07816218,282.70227622,283.20876415,272647.8238
1705348800000,SYN_REKOP_PACKETS,5m,283.20876415,284.07669225,282.69301012,283.18448408,284582.2499
1705349100000,SYN_REKOP_PACKETS,5m,283.18448408,284.04986876,282.61207712,283.10597796,295334.3144
1705349400000,SYN_REKOP_PACKETS,5m,283.10597796,283.96771873,282.4703876,282.96755553,304706.875
1705349700000,SYN_REKOP_PACKETS,5m,282.96755553,283.82455454,282.2716102,282.77285546,312527.3165
1705350000000,SYN_REKOP_PACKETS,5m,282.77285546,283.62405168,282.0286584,282.53477189,318650.6221
1705350300000,SYN_REKOP_PACKETS,5m,282.53477189,283.37917401,281.76190534,282.27367012,322961.9541
1705350600000,SYN_REKOP_PACKETS,5m,282.27367012,283.11038281,281.49601456,282.01421549,325378.6972
1705350900000,SYN_REKOP_PACKETS,5m,282.01421549,282.84245464,281.25596883,281.78139792,325851.9288
1705351200000,SYN_REKOP_PACKETS,5m,281.78139792,282.60049292,281.06301991,281.59647562,324367.2899
1705351500000,SYN_REKOP_PACKETS,5m,281.59647562,282.40585906,280.93128365,281.47356329,320945.2407
1705351800000,SYN_REKOP_PACKETS,5m,281.47356329,282.27275078,280.86557609,281.41746171,315640.6969
1705352100000,SYN_REKOP_PACKETS,5m,281.41746171,282.21166304,280.85522243,281.4230985,308542.0532
1705352400000,SYN_REKOP_PACKETS,5m,281.4230985,282.25421362,280.84981388,281.47666736,299769.6106
1705352700000,SYN_REKOP_PACKETS,5m,281.47666736,282.32440368,280.89172271,281.55826032,289473.4366
1705353000000,SYN_REKOP_PACKETS,5m,281.55826032,282.39988386,280.9611352,281.64552933,277830.6952
1705353300000,SYN_REKOP_PACKETS,5m,281.64552933,282.45990624,281.03580824,281.71772878,265042.4953
1705353600000,SYN_REKOP_PACKETS,5m,281.71772878,282.48903359,281.09510353,281.75941374,251330.313
1705353900000,SYN_REKOP_PACKETS,5m,281.75941374,282.47982852,281.123677,281.76312007,236932.0511
1705354200000,SYN_REKOP_PACKETS,5m,281.76312007,282.46661441,281.08156348,281.73053212,222097.8067
1705354500000,SYN_REKOP_PACKETS,5m,281.73053212,282.42058573,281.00966985,281.6719228,216472.1224
1705354800000,SYN_REKOP_PACKETS,5m,281.6719228,282.34840623,280.92843456,281.60397635,230712.2655
1705355100000,SYN_REKOP_PACKETS,5m,281.60397635,282.26687086,280.85760489,281.54640948,244608.7824
1705355400000,SYN_REKOP_PACKETS,5m,281.54640948,282.19581073,280.81600585,281.51802736,257908.2994
1705355700000,SYN_REKOP_PACKETS,5m,281.51802736,282.16905956,280.80285278,281.5329476,270368.0539
1705356000000,SYN_REKOP_PACKETS,5m,281.5329476,282.22080293,280.8047098,281.59768259,281760.2141
1705356300000,SYN_REKOP_PACKETS,5m,281.59768259,282.32010733,280.85651391,281.70960713,291875.9328
1705356600000,SYN_REKOP_PACKETS,5m,281.70960713,282.45539143,280.95570471,281.85708774,300529.0638
1705356900000,SYN_REKOP_PACKETS,5m,281.85708774,282.6078205,281.09073719,282.02125702,307559.4739
1705357200000,SYN_REKOP_PACKETS,5m,282.02125702,282.7544257,281.24285288,282.17912781,312835.8925
1705357500000,SYN_REKOP_PACKETS,5m,282.17912781,282.8720188,281.3891862,282.3075006,316258.2476
1705357800000,SYN_REKOP_PACKETS,5m,282.3075006,282.9412023,281.50666104,282.38696586,317759.4463
1705358100000,SYN_REKOP_PACKETS,5m,282.38696586,282.94974344,281.5759808,282.40527106,317306.5694
1705358400000,SYN_REKOP_PACKETS,5m,282.40527106,282.94052953,281.5391384,282.35942524,314901.4568
1705358700000,SYN_REKOP_PACKETS,5m,282.35942524,282.8860671,281.42745784,282.25614122,310580.6759
1705359000000,SYN_REKOP_PACKETS,5m,282.25614122,282.77482455,281.27438044,282.11052659,304414.8704
1705359300000,SYN_REKOP_PACKETS,5m,282.11052659,282.62197986,281.10058912,281.94326637,296507.5045
1705359600000,SYN_REKOP_PACKETS,5m,281.94326637,282.44829207,280.92852202,281.776824,286993.0221
1705359900000,SYN_REKOP_PACKETS,5m,281.776824,282.27629519,280.77830637,281.63136393,276034.455
1705360200000,SYN_REKOP_PACKETS,5m,281.63136393,282.12621401,280.66415816,281.52113863,263820.5226
1705360500000,SYN_REKOP_PACKETS,5m,281.52113863,282.01234548,280.59189015,281.45198477,250562.2749
1705360800000,SYN_REKOP_PACKETS,5m,281.45198477,281.94055141,280.5579625,281.42036538,236489.3372
1705361100000,SYN_REKOP_PACKETS,5m,281.42036538,281.90729962,280.55023385,281.41411736,221845.8253
1705361400000,SYN_REKOP_PACKETS,5m,281.41411736,281.90106043,280.54962523,281.41476479,206886.0024
1705361700000,SYN_REKOP_PACKETS,5m,281.41476479,281.90138659,280.53681476,281.40098383,214874.1139
1705362000000,SYN_REKOP_PACKETS,5m,281.40098383,281.88885799,280.48974658,281.35259713,228977.0077
1705362300000,SYN_REKOP_PACKETS,5m,281.35259713,281.84260795,280.39389051,281.25437215,242617.8611
1705362600000,SYN_REKOP_PACKETS,5m,281.25437215,281.74736472,280.24189358,281.098922,255547.6843
1705362900000,SYN_REKOP_PACKETS,5m,281.098922,281.59570983,280.03567799,280.88816498,267530.1359
1705363200000,SYN_REKOP_PACKETS,5m,280.88816498,281.38954052,279.78617741,280.63306506,278345.7277
1705363500000,SYN_REKOP_PACKETS,5m,280.63306506,281.13981064,279.51140745,280.35170058,287795.7308
1705363800000,SYN_REKOP_PACKETS,5m,280.35170058,280.86459715,279.23323432,280.06602591,295705.7113
1705364100000,SYN_REKOP_PACKETS,5m,280.06602591,280.58585725,278.97344737,279.79793296,301928.6345
1705364400000,SYN_REKOP_PACKETS,5m,279.79793296,280.32548377,278.74986166,279.56534092,306347.4811
1705364700000,SYN_REKOP_PACKETS,5m,279.56534092,280.10138827,278.5731581,279.37902439,309232.562
1705365000000,SYN_REKOP_PACKETS,5m,279.37902439,279.92432294,278.44502363,279.2407444,310532.5455
1705365300000,SYN_REKOP_PACKETS,5m,279.2407444,279.79600736,278.35791585,279.14300845,309875.3704
1705365600000,SYN_REKOP_PACKETS,5m,279.14300845,279.70888665,278.29648911,279.07049735,307279.0296
1705365900000,SYN_REKOP_PACKETS,5m,279.07049735,279.64755955,278.24042932,279.00290551,302796.0168
1705366200000,SYN_REKOP_PACKETS,5m,279.00290551,279.59162322,278.16819564,278.91869187,296512.3925
1705366500000,SYN_REKOP_PACKETS,5m,278.91869187,279.51943107,278.0609999,278.79907042,288546.2523
1705366800000,SYN_REKOP_PACKETS,5m,278.79907042,279.41209179,277.90630102,278.63151519,279045.6255
1705367100000,SYN_REKOP_PACKETS,5m,278.63151519,279.25698291,277.70016844,278.41213199,268185.841
1705367400000,SYN_REKOP_PACKETS,5m,278.41213199,279.05012967,277.44807131,278.14645187,256166.4073
1705367700000,SYN_REKOP_PACKETS,5m,278.14645187,278.79700271,277.16394289,277.84849502,243207.4627
1705368000000,SYN_REKOP_PACKETS,5m,277.84849502,278.51158243,276.86769566,277.53828103,229545.8581
1705368300000,SYN_REKOP_PACKETS,5m,277.53828103,278.21386566,276.58165381,277.23825293,215430.9426
1705368600000,SYN_REKOP_PACKETS,5m,277.23825293,277.92628269,276.32656601,276.96927986,208455.2183
1705368900000,SYN_REKOP_PACKETS,5m,276.96927986,277.66969072,276.11792676,276.74696844,223407.6976
1705369200000,SYN_REKOP_PACKETS,5m,276.74696844,277.45967559,275.96326489,276.57894319,238034.8919
1705369500000,SYN_REKOP_PACKETS,5m,276.57894319,277.30382398,275.86087307,276.4635712,252082.8141
1705369800000,SYN_REKOP_PACKETS,5m,276.4635712,277.20044302,275.80019301,276.39034633,265307.7788
1705370100000,SYN_REKOP_PACKETS,5m,276.39034633,277.13894357,275.76378061,276.34185704,277480.7365
1705370400000,SYN_REKOP_PACKETS,5m,276.34185704,277.1018119,275.73050001,276.29698606,288391.3494
1705370700000,SYN_REKOP_PACKETS,5m,276.29698606,277.06781727,275.67937658,276.23477091,297851.7333
1705371000000,SYN_REKOP_PACKETS,5m,276.23477091,277.01588315,275.59341383,276.13822849,305699.7997
1705371300000,SYN_REKOP_PACKETS,5m,276.13822849,276.92892355,275.46267457,275.997443,311802.1397
1705371600000,SYN_REKOP_PACKETS,5m,275.997443,276.79694127,275.28605219,275.81134165,316056.3971
1705371900000,SYN_REKOP_PACKETS,5m,275.81134165,276.61881057,275.07139672,275.58782225,318393.0897
1705372200000,SYN_REKOP_PACKETS,5m,275.58782225,276.40240695,274.83396936,275.3422062,318776.8442
1705372500000,SYN_REKOP_PACKETS,5m,275.3422062,276.16305702,274.59351593,275.09430771,317207.0264
1705372800000,SYN_REKOP_PACKETS,5m,275.09430771,275.92059965,274.37050755,274.86466828,313717.7511
1705373100000,SYN_REKOP_PACKETS,5m,274.86466828,275.69560939,274.18224495,274.67065426,308377.2756
1705373400000,SYN_REKOP_PACKETS,5m,274.67065426,275.50548161,274.03953679,274.52312857,301286.7844
1705373700000,SYN_REKOP_PACKETS,5m,274.52312857,275.36109347,273.94454711,274.42429323,292578.5887
1705374000000,SYN_REKOP_PACKETS,5m,274.42429323,275.26463889,273.89019207,274.36708302,282413.7721
1705374300000,SYN_REKOP_PACKETS,5m,274.36708302,275.20901986,273.86119127,274.33621642,270979.3243
1705374600000,SYN_REKOP_PACKETS,5m,274.33621642,275.17890042,273.83659122,274.31072106,258484.8134
1705374900000,SYN_REKOP_PACKETS,5m,274.31072106,275.15324008,273.79331921,274.26749166,245158.6573
1705375200000,SYN_REKOP_PACKETS,5m,274.26749166,275.10886336,273.71013826,274.18525052,231244.0592
1705375500000,SYN_REKOP_PACKETS,5m,274.18525052,275.0244332,273.57129103,274.04819755,216994.6802
1705375800000,SYN_REKOP_PACKETS,5m,274.04819755,274.88411273,273.36916506,273.84868123,223631.6675
1705376100000,SYN_REKOP_PACKETS,5m,273.84868123,274.6802446,273.10548374,273.58839404,238453.0216
1705376400000,SYN_REKOP_PACKETS,5m,273.58839404,274.41454978,272.79080073,273.27786929,252829.53
1705376700000,SYN_REKOP_PACKETS,5m,273.27786929,274.09762198,272.44239652,272.93437761,266511.4443
1705377000000,SYN_REKOP_PACKETS,5m,272.93437761,273.74681667,272.0809786,272.57862455,279261.3608
1705377300000,SYN_REKOP_PACKETS,5m,272.57862455,273.38293752,271.72680749,272.23087191,290858.4444
1705377600000,SYN_REKOP_PACKETS,5m,272.23087191,273.02634515,271.39596738,271.90720233,301102.3571
1705377900000,SYN_REKOP_PACKETS,5m,271.90720233,272.6932102,271.09746003,271.61660673,309816.8226
1705378200000,SYN_REKOP_PACKETS,5m,271.61660673,272.39259247,270.8316391,271.35941307,316852.7615
1705378500000,SYN_REKOP_PACKETS,5m,271.35941307,272.12486586,270.59025636,271.12732875,322090.9443
1705378800000,SYN_REKOP_PACKETS,5m,271.12732875,271.88176219,270.3581044,270.90508214,325444.1117
1705379100000,SYN_REKOP_PACKETS,5m,270.90508214,271.64801872,270.11595957,270.67336738,326858.5274
1705379400000,SYN_REKOP_PACKETS,5m,270.67336738,271.40433234,269.84429677,270.41256397,326314.9333
1705379700000,SYN_REKOP_PACKETS,5m,270.41256397,271.13108987,269.5271029,270.10655731,323828.8922
1705380000000,SYN_REKOP_PACKETS,5m,270.10655731,270.81219865,269.15508759,269.74595772,319450.5106
1705380300000,SYN_REKOP_PACKETS,5m,269.74595772,270.4383129,268.72769102,269.33011644,313263.5466
1705380600000,SYN_REKOP_PACKETS,5m,269.33011644,270.00885297,268.25350752,268.86755555,305383.9194
1705380900000,SYN_REKOP_PACKETS,5m,268.86755555,269.53243394,267.74904075,268.37472664,295957.6469
1705381200000,SYN_REKOP_PACKETS,5m,268.37472664,269.02561856,267.23602269,267.87332946,285158.2468
1705381500000,SYN_REKOP_PACKETS,5m,267.87332946,268.51022728,266.737797,267.38669115,273183.6497
1705381800000,SYN_REKOP_PACKETS,5m,267.38669115,268.00970727,266.27543353,266.93587354,260252.6766
1705382100000,SYN_REKOP_PACKETS,5m,266.93587354,267.54523014,265.86427673,266.53621232,246601.1456
1705382400000,SYN_REKOP_PACKETS,5m,266.53621232,267.1322238,265.51153643,266.19489877,232477.6758
1705382700000,SYN_REKOP_PACKETS,5m,266.19489877,266.77794996,265.2153329,265.91001723,223422.108
1705383000000,SYN_REKOP_PACKETS,5m,265.91001723,266.48054136,264.96534721,265.67119115,238353.9512
1705383300000,SYN_REKOP_PACKETS,5m,265.67119115,266.22965112,264.74494853,265.46171027,252977.6601
1705383600000,SYN_REKOP_PACKETS,5m,265.46171027,266.00858578,264.53441387,265.26175457,267038.6968
1705383900000,SYN_REKOP_PACKETS,5m,265.26175457,265.79753675,264.31466219,265.05213643,280292.5138
1705384200000,SYN_REKOP_PACKETS,5m,265.05213643,265.57733,264.07082734,264.81788402,292508.9048
1705384500000,SYN_REKOP_PACKETS,5m,264.81788402,265.33301568,263.79501448,264.55100866,303476.0998
1705384800000,SYN_REKOP_PACKETS,5m,264.55100866,265.05663934,263.48772757,264.25194174,313004.5333
1705385100000,SYN_REKOP_PACKETS,5m,264.25194174,264.74867986,263.15769988,263.92937107,320930.216
1705385400000,SYN_REKOP_PACKETS,5m,263.92937107,264.41788387,262.82015986,263.59850805,327117.653
1705385700000,SYN_REKOP_PACKETS,5m,263.59850805,264.07952834,262.49386029,263.27811283,331462.2535
1705386000000,SYN_REKOP_PACKETS,5m,263.27811283,263.75243978,262.19742756,262.98683556,333892.192
1705386300000,SYN_REKOP_PACKETS,5m,262.98683556,263.45532875,261.94570663,262.73955025,334369.6856
1705386600000,SYN_REKOP_PACKETS,5m,262.73955025,263.20311786,261.74676653,262.54434876,332891.666
1705386900000,SYN_REKOP_PACKETS,5m,262.54434876,263.00393114,261.60010293,262.40073342,329489.8339
1705387200000,SYN_REKOP_PACKETS,5m,262.40073342,262.85728436,261.4963563,262.29932888,324230.0944
1705387500000,SYN_REKOP_PACKETS,5m,262.29932888,262.75379686,261.41859827,262.22316706,317211.3845
1705387800000,SYN_REKOP_PACKETS,5m,262.22316706,262.67647892,261.34496639,262.15032574,308563.9123
1705388100000,SYN_REKOP_PACKETS,5m,262.15032574,262.60337451,261.25219028,262.05746308,298446.8399
1705388400000,SYN_REKOP_PACKETS,5m,262.05746308,262.51110133,261.11938773,261.92362529,287045.4516
1705388700000,SYN_REKOP_PACKETS,5m,261.92362529,262.37866432,260.93145001,261.73364438,274567.8566
1705389000000,SYN_REKOP_PACKETS,5m,261.73364438,262.19085863,260.68139842,261.48050566,261241.2865
1705389300000,SYN_REKOP_PACKETS,5m,261.48050566,261.94064112,260.37127695,261.16624793,247308.0516
1705389600000,SYN_REKOP_PACKETS,5m,261.16624793,261.63003231,260.01141803,260.80123163,233021.2297
1705389900000,SYN_REKOP_PACKETS,5m,260.80123163,261.26938414,259.6182268,260.4019202,237557.0628
1705390200000,SYN_REKOP_PACKETS,5m,260.4019202,260.87515835,259.21090923,259.9876003,252345.8512
1705390500000,SYN_REKOP_PACKETS,5m,259.9876003,260.46664199,258.80776274,259.57666153,266706.7854
1705390800000,SYN_REKOP_PACKETS,5m,259.57666153,260.06222131,258.42271859,259.18312679,280389.421
1705391100000,SYN_REKOP_PACKETS,5m,259.18312679,259.67590608,258.06276531,258.81406503,293155.3539
1705391400000,SYN_REKOP_PACKETS,5m,258.81406503,259.31473735,257.72671151,258.4683467,304782.4623
1705391700000,SYN_REKOP_PACKETS,5m,258.4683467,258.97753975,257.40550119,258.1369562,315068.8579
1705392000000,SYN_REKOP_PACKETS,5m,258.1369562,258.6552334,257.08401809,257.80479828,323836.478
1705392300000,SYN_REKOP_PACKETS,5m,257.80479828,258.33264259,256.74405218,257.45367091,330934.2531
1705392600000,SYN_REKOP_PACKETS,5m,257.45367091,257.99147371,256.36789229,257.06586711,336240.7946
1705392900000,SYN_REKOP_PACKETS,5m,257.06586711,257.61392408,255.94188889,256.62774808,339666.5543
1705393200000,SYN_REKOP_PACKETS,5m,256.62774808,257.18626299,255.45932703,256.1326253,341155.4173
1705393500000,SYN_REKOP_PACKETS,5m,256.1326253,256.70567919,254.91747582,255.58240888,340685.7004
1705393800000,SYN_REKOP_PACKETS,5m,255.58240888,256.21473507,254.28194995,254.98770576,338270.5373
1705394100000,SYN_REKOP_PACKETS,5m,254.98770576,255.66208945,253.6426641,254.36634412,333957.6447
1705394400000,SYN_REKOP_PACKETS,5m,254.36634412,255.05942076,253.02574567,253.74059794,327828.4732
1705394700000,SYN_REKOP_PACKETS,5m,253.74059794,254.42644816,252.45379363,253.13362731,319996.7581
1705395000000,SYN_REKOP_PACKETS,5m,253.13362731,253.78794389,251.94245872,252.56578572,310606.4947
1705395300000,SYN_REKOP_PACKETS,5m,252.56578572,253.19860412,251.47195795,252.05145532,299829.3772
1705395600000,SYN_REKOP_PACKETS,5m,252.05145532,252.69478461,251.03044275,251.59696045,287861.7427
1705395900000,SYN_REKOP_PACKETS,5m,251.59696045,252.25071483,250.64599648,251.19990751,274921.0782
1705396200000,SYN_REKOP_PACKETS,5m,251.19990751,251.86394587,250.30832445,250.85004565,261242.1506
1705396500000,SYN_REKOP_PACKETS,5m,250.85004565,251.52415135,250.00150456,250.53147907,247072.8295
1705396800000,SYN_REKOP_PACKETS,5m,250.53147907,251.21534426,249.7071428,250.22582872,235899.8138
1705397100000,SYN_REKOP_PACKETS,5m,250.22582872,250.91904654,249.40790721,249.91577337,250771.4637
1705397400000,SYN_REKOP_PACKETS,5m,249.91577337,250.61784015,249.09079886,249.58832779,265352.2951
1705397700000,SYN_REKOP_PACKETS,5m,249.58832779,250.29865527,248.74955987,249.23725636,279387.2435
1705398000000,SYN_REKOP_PACKETS,5m,249.23725636,249.95519224,248.38577124,248.86417419,292630.9231
1705398300000,SYN_REKOP_PACKETS,5m,248.86417419,249.58902746,248.0084359,248.47813067,304851.9924
1705398600000,SYN_REKOP_PACKETS,5m,248.47813067,249.20919733,247.63212798,248.09375635,315837.27
1705398900000,SYN_REKOP_PACKETS,5m,248.09375635,248.83034079,247.27405919,247.72832478,325395.5275
1705399200000,SYN_REKOP_PACKETS,5m,247.72832478,248.46975291,246.95061269,247.39828053,333360.8913
1705399500000,SYN_REKOP_PACKETS,5m,247.39828053,248.14390248,246.6739858,247.11587559,339595.7941
1705399800000,SYN_REKOP_PACKETS,5m,247.11587559,247.86505776,246.44955285,246.88652689,343993.4218
1705400100000,SYN_REKOP_PACKETS,5m,246.88652689,247.63863512,246.27442259,246.70736968,346479.614
1705400400000,SYN_REKOP_PACKETS,5m,246.70736968,247.46174737,246.13744948,246.56726716,347014.1833
1705400700000,SYN_REKOP_PACKETS,5m,246.56726716,247.32321285,246.02070488,246.44828208,345591.6297
1705401000000,SYN_REKOP_PACKETS,5m,246.44828208,247.20503149,245.90216023,246.32836257,342241.2388
1705401300000,SYN_REKOP_PACKETS,5m,246.32836257,247.08507932,245.75912049,246.18477988,337026.5602
1705401600000,SYN_REKOP_PACKETS,5m,246.18477988,246.94055732,245.57180505,245.99771456,330044.2765
1705401900000,SYN_REKOP_PACKETS,5m,245.99771456,246.75158942,245.32643553,245.7533497,321422.4831
1705402200000,SYN_REKOP_PACKETS,5m,245.7533497,246.50432577,245.01726848,245.44590849,311318.409
1705402500000,SYN_REKOP_PACKETS,5m,245.44590849,246.19298676,244.64720018,245.07826227,299915.6188
1705402800000,SYN_REKOP_PACKETS,5m,245.07826227,245.82047263,244.22683666,244.66100196,287420.7468
1705403100000,SYN_REKOP_PACKETS,5m,244.66100196,245.39743139,243.77221391,244.2101573,274059.8201
1705403400000,SYN_REKOP_PACKETS,5m,244.2101573,244.93997009,243.30160663,243.74400259,260074.2372
1705403700000,SYN_REKOP_PACKETS,5m,243.74400259,244.46645001,242.83202929,243.27955308,245716.4724
1705404000000,SYN_REKOP_PACKETS,5m,243.27955308,243.99397164,242.37607789,242.82940119,248116.1943
1705404300000,SYN_REKOP_PACKETS,5m,242.82940119,243.53520129,241.9396847,242.39946572,262836.7514
1705404600000,SYN_REKOP_PACKETS,5m,242.39946572,243.09611384,241.52118113,241.98805045,277146.6691
1705404900000,SYN_REKOP_PACKETS,5m,241.98805045,242.6750493,241.11182457,241.58636836,290794.8305
1705405200000,SYN_REKOP_PACKETS,5m,241.58636836,242.26323965,240.69768319,241.18042646,303541.8542
1705405500000,SYN_REKOP_PACKETS,5m,241.18042646,241.84670003,240.26253165,240.75392413,315164.3525
1705405800000,SYN_REKOP_PACKETS,5m,240.75392413,241.40913601,239.79122747,240.29163444,325458.9064
1705406100000,SYN_REKOP_PACKETS,5m,240.29163444,240.93533443,239.2729443,239.78264415,334245.6841
1705406400000,SYN_REKOP_PACKETS,5m,239.78264415,240.47401747,238.65467227,239.22284563,341371.6409
1705406700000,SYN_REKOP_PACKETS,5m,239.22284563,239.95919938,237.98762046,238.61620596,346713.2416
1705407000000,SYN_REKOP_PACKETS,5m,238.61620596,239.38114443,237.2958132,237.97456558,350178.6587
1705407300000,SYN_REKOP_PACKETS,5m,237.97456558,238.74519586,236.6048473,237.31599679,351709.4055
1705407600000,SYN_REKOP_PACKETS,5m,237.31599679,238.06671061,235.94130229,236.662025,351281.377
1705407900000,SYN_REKOP_PACKETS,5m,236.662025,237.36866761,235.3283171,236.03422484,348905.2785
1705408200000,SYN_REKOP_PACKETS,5m,236.03422484,236.67787091,234.78177013,235.45080922,344626.4348
1705408500000,SYN_REKOP_PACKETS,5m,235.45080922,236.02048823,234.30776166,234.92381643,338523.9836
1705408800000,SYN_REKOP_PACKETS,5m,234.92381643,235.45454797,233.86047707,234.45737985,330709.4676
1705409100000,SYN_REKOP_PACKETS,5m,234.45737985,234.97621201,233.440802,234.04736526,321324.8495
1705409400000,SYN_REKOP_PACKETS,5m,234.04736526,234.55468409,233.066312,233.68242053,310539.9861
1705409700000,SYN_REKOP_PACKETS,5m,233.68242053,234.17863249,232.72077646,233.34624012,298549.6059
1705410000000,SYN_REKOP_PACKETS,5m,233.34624012,233.83176242,232.38609859,233.02063824,285569.8445
1705410300000,SYN_REKOP_PACKETS,5m,233.02063824,233.4958961,232.04564045,232.68888166,271834.3989
1705410600000,SYN_REKOP_PACKETS,5m,232.68888166,233.15431219,231.68720641,232.33868251,257590.3693
1705410900000,SYN_REKOP_PACKETS,5m,232.33868251,232.79474367,231.30514233,231.96430684,244271.0106
1705411200000,SYN_REKOP_PACKETS,5m,231.96430684,232.41148909,230.90116669,231.56741311,259051.5287
1705411500000,SYN_REKOP_PACKETS,5m,231.56741311,232.0062511,230.48378535,231.15647095,273558.7958
1705411800000,SYN_REKOP_PACKETS,5m,231.15647095,231.5875526,230.06640891,230.74487831,287537.2446
1705412100000,SYN_REKOP_PACKETS,5m,230.74487831,231.16884942,229.66453592,230.34814023,300740.6739
1705412400000,SYN_REKOP_PACKETS,5m,230.34814023,230.76570331,229.29253564,229.98064363,312936.6288
1705412700000,SYN_REKOP_PACKETS,5m,229.98064363,230.39255107,228.96063002,229.65262967,323910.5367
1705413000000,SYN_REKOP_PACKETS,5m,229.65262967,230.05967195,228.67262815,229.3679185,333469.5244
1705413300000,SYN_REKOP_PACKETS,5m,229.3679185,229.77090909,228.42482335,229.12279877,341445.8502
1705413600000,SYN_REKOP_PACKETS,5m,229.12279877,229.52255784,228.20625346,228.90628382,347699.8878
1705413900000,SYN_REKOP_PACKETS,5m,228.90628382,229.30362272,228.00028515,228.70169641,352122.6105
1705414200000,SYN_REKOP_PACKETS,5m,228.70169641,229.09740501,227.7872512,228.48931075,354637.5312
1705414500000,SYN_REKOP_PACKETS,5m,228.48931075,228.88414899,227.54768027,228.24959072,355202.0627
1705414800000,SYN_REKOP_PACKETS,5m,228.24959072,228.6442852,227.26554485,227.9664484,353808.2757
1705415100000,SYN_REKOP_PACKETS,5m,227.9664484,228.36169394,226.93093862,227.62993203,350483.0393
1705415400000,SYN_REKOP_PACKETS,5m,227.62993203,228.02639741,226.54168875,227.23784705,345287.5434
1705415700000,SYN_REKOP_PACKETS,5m,227.23784705,227.63618346,226.10360157,226.79600682,338316.2094
1705416000000,SYN_REKOP_PACKETS,5m,226.79600682,227.19685713,225.62929585,226.31706637,329695.0104
1705416300000,SYN_REKOP_PACKETS,5m,226.31706637,226.73454221,225.11309715,225.8181602,319579.2298
1705416600000,SYN_REKOP_PACKETS,5m,225.8181602,226.24173731,224.61552994,225.3177887,308150.6981
1705416900000,SYN_REKOP_PACKETS,5m,225.3177887,225.73398144,224.15688984,224.83252974,295614.5578
1705417200000,SYN_REKOP_PACKETS,5m,224.83252974,225.2498979,223.71234393,224.37417192,282195.6137
1705417500000,SYN_REKOP_PACKETS,5m,224.37417192,224.79728392,223.29389134,223.94777537,268134.3322
1705417800000,SYN_REKOP_PACKETS,5m,223.94777537,224.37724579,222.90551111,223.55099001,253682.5639
1705418100000,SYN_REKOP_PACKETS,5m,223.55099001,223.98739257,222.53809182,223.17473402,253921.9135
1705418400000,SYN_REKOP_PACKETS,5m,223.17473402,223.61858582,222.17770949,222.80509641,268549.1652
1705418700000,SYN_REKOP_PACKETS,5m,222.80509641,223.25684491,221.80839754,222.4261135,282783.2893
1705419000000,SYN_REKOP_PACKETS,5m,222.4261135,222.88612819,221.41528222,222.02291288,296372.5201
1705419300000,SYN_REKOP_PACKETS,5m,222.02291288,222.49148313,220.98750839,221.58464812,309076.5203
1705419600000,SYN_REKOP_PACKETS,5m,221.58464812,222.06729343,220.51389646,221.10667982,320670.6576
1705419900000,SYN_REKOP_PACKETS,5m,221.10667982,221.63766856,219.96363798,220.59159349,330950.0009
1705420200000,SYN_REKOP_PACKETS,5m,220.59159349,221.16278329,219.39890649,220.04886217,339732.9665
1705420500000,SYN_REKOP_PACKETS,5m,220.04886217,220.64582549,218.83998374,219.49321855,346864.5488
1705420800000,SYN_REKOP_PACKETS,5m,219.49321855,220.09760503,218.30629442,218.94204606,352219.0781
1705421100000,SYN_REKOP_PACKETS,5m,218.94204606,219.53478829,217.81304549,218.41227904,355702.4566
1705421400000,SYN_REKOP_PACKETS,5m,218.41227904,218.97706694,217.36866258,217.91738539,357253.8321
1705421700000,SYN_REKOP_PACKETS,5m,217.91738539,218.45828841,216.95987807,217.4649785,356846.6814
1705422000000,SYN_REKOP_PACKETS,5m,217.4649785,218.0150028,216.56167493,217.05548253,354489.2812
1705422300000,SYN_REKOP_PACKETS,5m,217.05548253,217.61455467,216.19928854,216.68208272,350224.5617
1705422600000,SYN_REKOP_PACKETS,5m,216.68208272,217.25006745,215.85987702,216.33196629,344129.342
1705422900000,SYN_REKOP_PACKETS,5m,216.33196629,216.90865046,215.52692601,215.98863528,336312.9637
1705423200000,SYN_REKOP_PACKETS,5m,215.98863528,216.57371694,215.18322048,215.63488426,326915.3452
1705423500000,SYN_REKOP_PACKETS,5m,215.63488426,216.22796955,214.81395156,215.25591372,316104.4924
1705423800000,SYN_REKOP_PACKETS,5m,215.25591372,215.85652273,214.40939814,214.84201751,304073.5094
1705424100000,SYN_REKOP_PACKETS,5m,214.84201751,215.44959882,213.96669251,214.39035289,291037.1626
1705424400000,SYN_REKOP_PACKETS,5m,214.39035289,215.04124775,213.46536468,213.90546579,277228.0596
1705424700000,SYN_REKOP_PACKETS,5m,213.90546579,214.59395225,212.94623637,213.39847629,262892.5108
1705425000000,SYN_REKOP_PACKETS,5m,213.39847629,214.1030811,212.43454674,212.8850811,248286.1466
1705425300000,SYN_REKOP_PACKETS,5m,212.8850811,213.58113325,211.94855983,212.38275082,262080.8227
1705425600000,SYN_REKOP_PACKETS,5m,212.38275082,213.04673231,211.50263133,211.90764282,276496.0699
1705425900000,SYN_REKOP_PACKETS,5m,211.90764282,212.54418236,211.09117448,211.47179162,290399.8977
1705426200000,SYN_REKOP_PACKETS,5m,211.47179162,212.11112372,210.70534211,211.08107462,303545.3121
1705426500000,SYN_REKOP_PACKETS,5m,211.08107462,211.72265679,210.3626952,210.73430218,315698.7658
1705426800000,SYN_REKOP_PACKETS,5m,210.73430218,211.37757695,210.05532745,210.42357733,326644.3145
1705427100000,SYN_REKOP_PACKETS,5m,210.42357733,211.06795427,209.77019123,210.13584747,336187.4581
1705427400000,SYN_REKOP_PACKETS,5m,210.13584747,210.7806899,209.49155394,209.85536357,344158.6021
1705427700000,SYN_REKOP_PACKETS,5m,209.85536357,210.49998299,209.20391537,209.56660169,350416.0742
1705428000000,SYN_REKOP_PACKETS,5m,209.56660169,210.21026161,208.89485531,209.25711508,354848.6456
1705428300000,SYN_REKOP_PACKETS,5m,209.25711508,209.89904412,208.55728671,208.91979182,357377.5097
1705428600000,SYN_REKOP_PACKETS,5m,208.91979182,209.55920415,208.19069367,208.55409634,357957.6844
1705428900000,SYN_REKOP_PACKETS,5m,208.55409634,209.19021593,207.8011205,208.16606057,356578.8119
1705429200000,SYN_REKOP_PACKETS,5m,208.16606057,208.79814519,207.39991348,207.76702596,353265.3439
1705429500000,SYN_REKOP_PACKETS,5m,207.76702596,208.39438669,207.00145373,207.37137473,348076.1058
1705429800000,SYN_REKOP_PACKETS,5m,207.37137473,207.99338785,206.62030765,206.99367713,341103.2504
1705430100000,SYN_REKOP_PACKETS,5m,206.99367713,207.60978668,206.26832477,206.64578487,332470.6181
1705430400000,SYN_REKOP_PACKETS,5m,206.64578487,207.25549604,205.95221397,206.33440258,322331.5338
1705430700000,SYN_REKOP_PACKETS,5m,206.33440258,206.93726782,205.67203521,206.0595751,310866.0789
1705431000000,SYN_REKOP_PACKETS,5m,206.0595751,206.65517629,205.42087652,205.81436129,298277.887
1705431300000,SYN_REKOP_PACKETS,5m,205.81436129,206.40229171,205.18577733,205.58575584,284790.5212
1705431600000,SYN_REKOP_PACKETS,5m,205.58575584,206.16560597,204.94974279,205.35670429,270643.4962
1705431900000,SYN_REKOP_PACKETS,5m,205.35670429,205.92805429,204.69450195,205.10886412,256088.017
1705432200000,SYN_REKOP_PACKETS,5m,205.10886412,205.67128493,204.40352706,204.8256288,254156.3118
1705432500000,SYN_REKOP_PACKETS,5m,204.8256288,205.37869164,204.06477559,204.49487577,268678.6273
1705432800000,SYN_REKOP_PACKETS,5m,204.49487577,205.03816877,203.6726584,204.1109408,282825.6669
1705433100000,SYN_REKOP_PACKETS,5m,204.1109408,204.64414685,203.22882576,203.67545738,296345.0381
1705433400000,SYN_REKOP_PACKETS,5m,203.67545738,204.25112337,202.69584552,203.19691035,308995.4697
1705433700000,SYN_REKOP_PACKETS,5m,203.19691035,203.79680716,202.14608474,202.68899576,320551.1045
1705434000000,SYN_REKOP_PACKETS,5m,202.68899576,203.29269231,201.59979424,202.16810405,330805.5178
1705434300000,SYN_REKOP_PACKETS,5m,202.16810405,202.7565574,201.07402847,201.65040284,339575.3902
1705434600000,SYN_REKOP_PACKETS,5m,201.65040284,202.20905252,200.57968683,201.14905955,346703.7692
1705434900000,SYN_REKOP_PACKETS,5m,201.14905955,201.66989417,200.11979016,200.67210447,352062.862
1705435200000,SYN_REKOP_PACKETS,5m,200.67210447,201.15439468,199.68930174,200.22130664,355556.3092
1705435500000,SYN_REKOP_PACKETS,5m,200.22130664,200.6709609,199.27651378,199.79224599,357120.8989
1705435800000,SYN_REKOP_PACKETS,5m,199.79224599,200.22977405,198.85407596,199.37555068,356727.692
1705436100000,SYN_REKOP_PACKETS,5m,199.37555068,199.80324353,198.42975311,198.9590629,354382.5367
1705436400000,SYN_REKOP_PACKETS,5m,198.9590629,199.38123884,197.98851088,198.53053122,350125.965
1705436700000,SYN_REKOP_PACKETS,5m,198.53053122,198.96519885,197.50204596,198.08033033,344032.4711
1705437000000,SYN_REKOP_PACKETS,5m,198.08033033,198.53152351,196.98247161,197.60369897,336209.1862
1705437300000,SYN_REKOP_PACKETS,5m,197.60369897,198.06954094,196.43925001,197.102071,326793.9728
1705437600000,SYN_REKOP_PACKETS,5m,197.102071,197.57507799,195.88888134,196.58324126,315952.9715
1705437900000,SYN_REKOP_PACKETS,5m,196.58324126,197.0516545,195.35218568,196.06032778,303877.6453
1705438200000,SYN_REKOP_PACKETS,5m,196.06032778,196.51018721,194.85070942,195.54971923,290781.373
1705438500000,SYN_REKOP_PACKETS,5m,195.54971923,195.96727892,194.40294445,195.06838554,276895.6529
1705438800000,SYN_REKOP_PACKETS,5m,195.06838554,195.44243822,194.02107059,194.63104166,262465.9842
1705439100000,SYN_REKOP_PACKETS,5m,194.63104166,194.98165527,193.66405626,194.24767165,247747.4988
1705439400000,SYN_REKOP_PACKETS,5m,194.24767165,194.5936786,193.3354643,193.92184616,259374.7616
1705439700000,SYN_REKOP_PACKETS,5m,193.92184616,194.26396786,193.06141661,193.65011977,273693.8251
1705440000000,SYN_REKOP_PACKETS,5m,193.65011977,193.98908221,192.83204735,193.42260548,287519.2269
1705440300000,SYN_REKOP_PACKETS,5m,193.42260548,193.7591261,192.63271477,193.22462266,300603.2013
1705440600000,SYN_REKOP_PACKETS,5m,193.22462266,193.5594001,192.44643072,193.03913146,312711.1296
1705440900000,SYN_REKOP_PACKETS,5m,193.03913146,193.37283935,192.25664929,192.84952923,323625.7143
1705441200000,SYN_REKOP_PACKETS,5m,192.84952923,193.18281424,192.04992293,192.64231567,333150.8457
1705441500000,SYN_REKOP_PACKETS,5m,192.64231567,192.97579966,191.81795157,192.4091507,341115.0911
1705441800000,SYN_REKOP_PACKETS,5m,192.4091507,192.74343599,191.5586556,192.14793424,347374.7448
1705442100000,SYN_REKOP_PACKETS,5m,192.14793424,192.48361056,191.27608251,191.86271627,351816.3856
1705442400000,SYN_REKOP_PACKETS,5m,191.86271627,192.20036778,190.97917591,191.56246544,354358.8943
1705442700000,SYN_REKOP_PACKETS,5m,191.56246544,191.90267604,190.67965067,191.25893991,354954.8974
1705443000000,SYN_REKOP_PACKETS,5m,191.25893991,191.60229544,190.38938327,190.96407065,353591.6103
1705443300000,SYN_REKOP_PACKETS,5m,190.96407065,191.31115705,190.11781108,190.68735221,350291.0646
1705443600000,SYN_REKOP_PACKETS,5m,190.68735221,191.03874938,189.8698235,190.43372562,345109.716
1705443900000,SYN_REKOP_PACKETS,5m,190.43372562,190.7899974,189.64453046,190.20234056,338137.4406
1705444200000,SYN_REKOP_PACKETS,5m,190.20234056,190.56402211,189.43513155,189.98642124,329495.9354
1705444500000,SYN_REKOP_PACKETS,5m,189.98642124,190.35400538,189.22991169,189.77426237,319336.5535
1705444800000,SYN_REKOP_PACKETS,5m,189.77426237,190.14818701,189.01418978,189.55118159,307837.6111
1705445100000,SYN_REKOP_PACKETS,5m,189.55118159,189.93182009,188.77287497,189.30208215,295201.2151
1705445400000,SYN_REKOP_PACKETS,5m,189.30208215,189.68973825,188.49317075,189.01416465,281649.6675
1705445700000,SYN_REKOP_PACKETS,5m,189.01416465,189.40907296,188.16693099,188.67929067,267421.5099
1705446000000,SYN_REKOP_PACKETS,5m,188.67929067,189.08162263,187.79222784,188.29555647,252767.28
1705446300000,SYN_REKOP_PACKETS,5m,188.29555647,188.7320444,187.34176028,187.86777674,248668.694
1705446600000,SYN_REKOP_PACKETS,5m,187.86777674,188.34799362,186.84976133,187.40678219,263089.1275
1705446900000,SYN_REKOP_PACKETS,5m,187.40678219,187.91630897,186.35916055,186.9276596,277152.4824
1705447200000,SYN_REKOP_PACKETS,5m,186.9276596,187.44914537,185.887852,186.44726164,290605.7611
1705447500000,SYN_REKOP_PACKETS,5m,186.44726164,186.96329252,185.44938834,185.98144497,303206.7793
1705447800000,SYN_REKOP_PACKETS,5m,185.98144497,186.47748053,185.05102454,185.54253543,314728.4741
1705448100000,SYN_REKOP_PACKETS,5m,185.54253543,186.0093719,184.69289582,185.13746587,324962.9451
1705448400000,SYN_REKOP_PACKETS,5m,185.13746587,185.60141598,184.34219225,184.76690198,333725.1526
1705448700000,SYN_REKOP_PACKETS,5m,184.76690198,185.2385721,184.0102814,184.4254924,340856.2109
1705449000000,SYN_REKOP_PACKETS,5m,184.4254924,184.90478166,183.69722922,184.10318232,346226.2147
1705449300000,SYN_REKOP_PACKETS,5m,184.10318232,184.58992535,183.39039371,183.78734595,349736.5507
1705449600000,SYN_REKOP_PACKETS,5m,183.78734595,184.28130529,183.07713037,183.46535029,351321.6528
1705449900000,SYN_REKOP_PACKETS,5m,183.46535029,183.9662155,182.7473154,183.12708387,350950.168
1705450200000,SYN_REKOP_PACKETS,5m,183.12708387,183.63447804,182.39537082,182.76698665,348625.5152
1705450500000,SYN_REKOP_PACKETS,5m,182.76698665,183.28047945,182.02141616,182.3852049,344385.824
1705450800000,SYN_REKOP_PACKETS,5m,182.3852049,182.91561777,181.62358501,181.98765635,338303.2568
1705451100000,SYN_REKOP_PACKETS,5m,181.98765635,182.53140366,181.22275838,181.58499627,330482.7248
1705451400000,SYN_REKOP_PACKETS,5m,181.58499627,182.12340439,180.84188493,181.19068259,321060.0218
1705451700000,SYN_REKOP_PACKETS,5m,181.19068259,181.72382292,180.48193114,180.81850608,310199.4083
1705452000000,SYN_REKOP_PACKETS,5m,180.81850608,181.35539258,180.14900237,180.4800447,298090.6889
1705452300000,SYN_REKOP_PACKETS,5m,180.4800447,181.02024081,179.85639887,180.18250698,284945.8357
1705452600000,SYN_REKOP_PACKETS,5m,180.18250698,180.72558148,179.60554896,179.92735048,270995.2172
1705452900000,SYN_REKOP_PACKETS,5m,179.92735048,180.47286287,179.39177961,179.70991851,256483.4992
1705453200000,SYN_REKOP_PACKETS,5m,179.70991851,180.25740257,179.20503446,179.52015801,241665.2924
1705453500000,SYN_REKOP_PACKETS,5m,179.52015801,180.06910728,179.03154657,179.34429406,251135.5505
1705453800000,SYN_REKOP_PACKETS,5m,179.34429406,179.89415235,178.85617459,179.16716891,265368.9074
1705454100000,SYN_REKOP_PACKETS,5m,179.16716891,179.71732831,178.66499029,178.97483331,279126.7052
1705454400000,SYN_REKOP_PACKETS,5m,178.97483331,179.52464055,178.4476541,178.75692605,292160.4279
1705454700000,SYN_REKOP_PACKETS,5m,178.75692605,179.30569676,178.19914581,178.50840835,304234.4046
1705455000000,SYN_REKOP_PACKETS,5m,178.50840835,179.05544692,177.92053094,178.23033272,315130.0034
1705455300000,SYN_REKOP_PACKETS,5m,178.23033272,178.77495467,177.61862048,177.92950413,324649.521
1705455600000,SYN_REKOP_PACKETS,5m,177.92950413,178.47105711,177.30459078,177.61709943,332619.7008
1705455900000,SYN_REKOP_PACKETS,5m,177.61709943,178.15497955,176.99182526,177.30650721,338894.8155
1705456200000,SYN_REKOP_PACKETS,5m,177.30650721,177.84016817,176.69338259,177.01079286,343359.2605
1705456500000,SYN_REKOP_PACKETS,5m,177.01079286,177.53974674,176.41955768,176.74025561,345929.6104
1705456800000,SYN_REKOP_PACKETS,5m,176.74025561,177.26406595,176.17597513,176.50051802,346556.1039
1705457100000,SYN_REKOP_PACKETS,5m,176.50051802,177.01878726,175.96255108,176.29148432,345223.5294
1705457400000,SYN_REKOP_PACKETS,5m,176.29148432,176.80383845,175.77349986,176.10734486,341951.4957
1705457700000,SYN_REKOP_PACKETS,5m,176.10734486,176.61341878,175.59837786,175.93761919,336794.0836
1705458000000,SYN_REKOP_PACKETS,5m,175.93761919,176.43704594,175.42397509,175.76904892,329838.8834
1705458300000,SYN_REKOP_PACKETS,5m,175.76904892,176.26145511,175.23671563,175.58800088,321205.4372
1705458600000,SYN_REKOP_PACKETS,5m,175.58800088,176.07300939,175.02513305,175.38294694,311043.1123
1705458900000,SYN_REKOP_PACKETS,5m,175.38294694,175.86018653,174.78196775,175.14656631,299528.4434
1705459200000,SYN_REKOP_PACKETS,5m,175.14656631,175.61568645,174.50549636,174.87707974,286861.992
1705459500000,SYN_REKOP_PACKETS,5m,174.87707974,175.33776799,174.19984269,174.57856442,273264.7787
1705459800000,SYN_REKOP_PACKETS,5m,174.57856442,175.0305632,173.87421119,174.26018952,258974.3505
1705460100000,SYN_REKOP_PACKETS,5m,174.26018952,174.7033093,173.5411881,173.93451722,244240.5547
1705460400000,SYN_REKOP_PACKETS,5m,173.93451722,174.36864402,173.2144306,173.61518949,237993.6384
1705460700000,SYN_REKOP_PACKETS,5m,173.61518949,174.04028549,172.90617429,173.3144312,252329.4115
1705461000000,SYN_REKOP_PACKETS,5m,173.3144312,173.73052893,172.62501506,173.0408266,266326.6171
1705461300000,SYN_REKOP_PACKETS,5m,173.0408266,173.44801791,172.37436287,172.79776753,279731.6739
1705461600000,SYN_REKOP_PACKETS,5m,172.79776753,173.19618972,172.15183856,172.58284565,292301.5041
1705461900000,SYN_REKOP_PACKETS,5m,172.58284565,172.97266732,171.94971551,172.3882915,303807.8582
1705462200000,SYN_REKOP_PACKETS,5m,172.3882915,172.76970058,171.75632563,172.20238036,314041.3769
1705462500000,SYN_REKOP_PACKETS,5m,172.20238036,172.57557626,171.55818022,172.01155575,322815.3154
1705462800000,SYN_REKOP_PACKETS,5m,172.01155575,172.37674667,171.34242862,171.80289316,329968.8673
1705463100000,SYN_REKOP_PACKETS,5m,171.80289316,172.16029862,171.099212,171.56646043,335370.0251
1705463400000,SYN_REKOP_PACKETS,5m,171.56646043,171.91631803,170.82348226,171.29714367,338917.9293
1705463700000,SYN_REKOP_PACKETS,5m,171.29714367,171.63971858,170.51594904,170.99560041,340544.6637
1705464000000,SYN_REKOP_PACKETS,5m,170.99560041,171.33119538,170.18297868,170.66816259,340216.4634
1705464300000,SYN_REKOP_PACKETS,5m,170.66816259,170.99712641,169.83546621,170.32570957,337934.3161
1705464600000,SYN_REKOP_PACKETS,5m,170.32570957,170.64844232,169.4868955,169.98172616,333733.9449
1705464900000,SYN_REKOP_PACKETS,5m,169.98172616,170.2986801,169.15095274,169.64991108,327685.1727
1705465200000,SYN_REKOP_PACKETS,5m,169.64991108,169.96158695,168.83913442,169.34177812,319890.6803
1705465500000,SYN_REKOP_PACKETS,5m,169.34177812,169.64871726,168.55878278,169.06468418,310484.1799
1705465800000,SYN_REKOP_PACKETS,5m,169.06468418,169.36745771,168.31189518,168.82063214,299628.0361
1705466100000,SYN_REKOP_PACKETS,5m,168.82063214,169.11982869,168.09491035,168.60605283,287510.3776
1705466400000,SYN_REKOP_PACKETS,5m,168.60605283,168.90226648,167.89950074,168.41259615,274341.75
1705466700000,SYN_REKOP_PACKETS,5m,168.41259615,168.70641609,167.71422462,168.22878514,260351.3702
1705467000000,SYN_REKOP_PACKETS,5m,168.22878514,168.52078834,167.52674039,168.04223535,245783.0485
1705467300000,SYN_REKOP_PACKETS,5m,168.04223535,168.33298281,167.32618369,167.84203896,230890.8508
1705467600000,SYN_REKOP_PACKETS,5m,167.84203896,168.13207567,167.10527317,167.62087824,238227.9761
1705467900000,SYN_REKOP_PACKETS,5m,167.62087824,167.91073646,166.86175475,167.37647675,252399.339
1705468200000,SYN_REKOP_PACKETS,5m,167.37647675,167.66668141,166.59891264,167.11211507,266113.5409
1705468500000,SYN_REKOP_PACKETS,5m,167.11211507,167.40319017,166.32504918,166.83611223,279121.3356
1705468800000,SYN_REKOP_PACKETS,5m,166.83611223,167.12858654,166.05202999,166.56036901,291186.0195
1705469100000,SYN_REKOP_PACKETS,5m,166.56036901,166.85477973,165.7931664,166.29824546,302087.6435
1705469400000,SYN_REKOP_PACKETS,5m,166.29824546,166.59513876,165.56082711,166.06216538,311626.9268
1705469700000,SYN_REKOP_PACKETS,5m,166.06216538,166.36209331,165.36421384,165.86138431,319628.8025
1705470000000,SYN_REKOP_PACKETS,5m,165.86138431,166.16489786,165.20769786,165.70031895,325945.5329
1705470300000,SYN_REKOP_PACKETS,5m,165.70031895,166.00795817,165.09000765,165.57772997,330459.3386
1705470600000,SYN_REKOP_PACKETS,5m,165.57772997,165.89001209,165.00440548,165.48689646,333084.4938
1705470900000,SYN_REKOP_PACKETS,5m,165.48689646,165.8043037,164.93981847,165.41674833,333768.8522
1705471200000,SYN_REKOP_PACKETS,5m,165.41674833,165.73971695,164.88272503,165.3537568,332494.7752
1705471500000,SYN_REKOP_PACKETS,5m,165.3537568,165.68266908,164.81946406,165.28424981,329279.4455
1705471800000,SYN_REKOP_PACKETS,5m,165.28424981,165.61943011,164.73855543,165.19673953,324174.5625
1705472100000,SYN_REKOP_PACKETS,5m,165.19673953,165.53845499,164.63261165,165.08384053,317265.4218
1705472400000,SYN_REKOP_PACKETS,5m,165.08384053,165.43230622,164.49948937,164.94342611,308669.3988
1705472700000,SYN_REKOP_PACKETS,5m,164.94342611,165.29881356,164.34246742,164.77880842,298533.86
1705473000000,SYN_REKOP_PACKETS,5m,164.77880842,165.14125588,164.16942014,164.59791096,287033.5417
1705473300000,SYN_REKOP_PACKETS,5m,164.59791096,164.96753329,163.99114529,164.41159293,274367.4414
1705473600000,SYN_REKOP_PACKETS,5m,164.41159293,164.78848897,163.81916406,164.23144367,260755.277
1705473900000,SYN_REKOP_PACKETS,5m,164.23144367,164.61569946,163.66340526,164.06746039,246433.5787
1705474200000,SYN_REKOP_PACKETS,5m,164.06746039,164.45914731,163.53020053,163.92603742,231651.4801
1705474500000,SYN_REKOP_PACKETS,5m,163.92603742,164.32520522,163.42095393,163.80863111,223286.9796
1705474800000,SYN_REKOP_PACKETS,5m,163.80863111,164.215297,163.33172369,163.71133923,237567.2666
1705475100000,SYN_REKOP_PACKETS,5m,163.71133923,164.12547483,163.25379107,163.6254699,251527.7457
1705475400000,SYN_REKOP_PACKETS,5m,163.6254699,164.04698857,163.17511769,163.53900128,264914.2721
1705475700000,SYN_REKOP_PACKETS,5m,163.53900128,163.96774834,163.08243575,163.43867589,277482.8942
1705476000000,SYN_REKOP_PACKETS,5m,163.43867589,163.87442394,162.96359943,163.31235703,289004.1941
1705476300000,SYN_REKOP_PACKETS,5m,163.31235703,163.75480768,162.8097725,163.15122116,299267.3698
1705476600000,SYN_REKOP_PACKETS,5m,163.15122116,163.60001349,162.61704921,162.95138274,308083.9865
1705476900000,SYN_REKOP_PACKETS,5m,162.95138274,163.40610727,162.3872053,162.7146474,315291.3289
1705477200000,SYN_REKOP_PACKETS,5m,162.7146474,163.17486359,162.12743656,162.44825068,320755.297
1705477500000,SYN_REKOP_PACKETS,5m,162.44825068,162.91350496,161.84913407,162.16363139,324372.7925
1705477800000,SYN_REKOP_PACKETS,5m,162.16363139,162.63347278,161.565927,161.87447104,326073.5531
1705478100000,SYN_REKOP_PACKETS,5m,161.87447104,162.34846161,161.29135875,161.59436564,325821.403
1705478400000,SYN_REKOP_PACKETS,5m,161.59436564,162.07208433,161.03662315,161.33455742,323614.897
1705478700000,SYN_REKOP_PACKETS,5m,161.33455742,161.8155968,160.80876704,161.10213353,319487.3467
1705479000000,SYN_REKOP_PACKETS,5m,161.10213353,161.58609064,160.6096728,160.89900594,313506.2276
1705479300000,SYN_REKOP_PACKETS,5m,160.89900594,161.38546928,160.43599035,160.72184223,305771.9794
1705479600000,SYN_REKOP_PACKETS,5m,160.72184223,161.21037809,160.28001986,160.56294885,296416.2191
1705479900000,SYN_REKOP_PACKETS,5m,160.56294885,161.05308979,160.13138008,160.4119413,285599.3996
1705480200000,SYN_REKOP_PACKETS,5m,160.4119413,160.90317983,159.9791592,160.25789799,273507.9552
1705480500000,SYN_REKOP_PACKETS,5m,160.25789799,160.74968699,159.81415677,160.09160568,260350.9849
1705480800000,SYN_REKOP_PACKETS,5m,160.09160568,160.58336607,159.63080407,159.90748339,246356.5324
1705481100000,SYN_REKOP_PACKETS,5m,159.90748339,160.39861807,159.42840433,159.70482557,231767.5292
1705481400000,SYN_REKOP_PACKETS,5m,159.70482557,160.19473749,159.21145753,159.48812877,216837.4721
1705481700000,SYN_REKOP_PACKETS,5m,159.48812877,159.97623993,158.98900535,159.2664372,222075.8398
1705482000000,SYN_REKOP_PACKETS,5m,159.2664372,159.75220538,158.77311717,159.0518279,236219.166
1705482300000,SYN_REKOP_PACKETS,5m,159.0518279,159.53475828,158.57679852,158.85731691,249923.9449
1705482600000,SYN_REKOP_PACKETS,5m,158.85731691,159.3369668,158.41170666,158.69457189,262940.2197
1705482900000,SYN_REKOP_PACKETS,5m,158.69457189,159.17054797,158.28608713,158.571845,275030.2726
1705483200000,SYN_REKOP_PACKETS,5m,158.571845,159.04379415,158.20329732,158.49249302,285972.8548
1705483500000,SYN_REKOP_PACKETS,5m,158.49249302,158.96008879,158.1611739,158.4543421,295567.1231
1705483800000,SYN_REKOP_PACKETS,5m,158.4543421,158.91726974,158.15235142,158.45000462,303636.2138
1705484100000,SYN_REKOP_PACKETS,5m,158.45000462,158.92603492,158.14738773,158.46809178,310030.3896
1705484400000,SYN_REKOP_PACKETS,5m,158.46809178,158.94774209,158.16007657,158.49511046,314629.7045
1705484700000,SYN_REKOP_PACKETS,5m,158.49511046,158.96469182,158.18131362,158.51771213,317346.1379
1705485000000,SYN_REKOP_PACKETS,5m,158.51771213,158.96587232,158.19780502,158.52489442,318125.1609
1705485300000,SYN_REKOP_PACKETS,5m,158.52489442,158.95952146,158.18346486,158.50975731,316946.7074
1705485600000,SYN_REKOP_PACKETS,5m,158.50975731,158.9376997,158.13758778,158.47049222,313825.5307
1705485900000,SYN_REKOP_PACKETS,5m,158.47049222,158.89144772,158.07071813,158.41042099,308810.9419
1705486200000,SYN_REKOP_PACKETS,5m,158.41042099,158.824134,157.9904236,158.33708061,301985.9328
1705486500000,SYN_REKOP_PACKETS,5m,158.33708061,158.74335358,157.90678474,158.26052976,293465.6995
1705486800000,SYN_REKOP_PACKETS,5m,158.26052976,158.65922904,157.83024782,158.19119908,283395.5931
1705487100000,SYN_REKOP_PACKETS,5m,158.19119908,158.58225459,157.76942598,158.13768822,271948.5342
1705487400000,SYN_REKOP_PACKETS,5m,158.13768822,158.52108747,157.72925519,158.10491684,259321.9365
1705487700000,SYN_REKOP_PACKETS,5m,158.10491684,158.48069473,157.70984082,158.09296654,245734.1944
1705488000000,SYN_REKOP_PACKETS,5m,158.09296654,158.46505038,157.70234694,158.09682373,231420.7984
1705488300000,SYN_REKOP_PACKETS,5m,158.09682373,158.46784208,157.69872801,158.10707305,216630.1448
1705488600000,SYN_REKOP_PACKETS,5m,158.10707305,158.46484274,157.70157849,158.11142335,206187.382
1705488900000,SYN_REKOP_PACKETS,5m,158.11142335,158.45761043,157.68405251,158.09680026,220449.6636
1705489200000,SYN_REKOP_PACKETS,5m,158.09680026,158.43588164,157.63184979,158.05163305,234411.0535
1705489500000,SYN_REKOP_PACKETS,5m,158.05163305,158.38374916,157.54138971,157.96792144,247816.8636
1705489800000,SYN_REKOP_PACKETS,5m,157.96792144,158.29323464,157.4097672,157.84270002,260422.2874
1705490100000,SYN_REKOP_PACKETS,5m,157.84270002,158.16140452,157.23968425,157.67862472,271996.7565
1705490400000,SYN_REKOP_PACKETS,5m,157.67862472,157.99095631,157.03904273,157.48356854,282328.0428
1705490700000,SYN_REKOP_PACKETS,5m,157.48356854,157.78981226,156.81962445,157.26930186,291226.0349
1705491000000,SYN_REKOP_PACKETS,5m,157.26930186,157.56979606,156.59510663,157.04950508,298526.1213
1705491300000,SYN_REKOP_PACKETS,5m,157.04950508,157.34464111,156.37878189,156.83748348,304092.119
1705491600000,SYN_REKOP_PACKETS,5m,156.83748348,157.12770108,156.18139978,156.6440021,307818.6974
1705491900000,SYN_REKOP_PACKETS,5m,156.6440021,156.92978104,156.00951471,156.47562698,309633.2521
1705492200000,SYN_REKOP_PACKETS,5m,156.47562698,156.78389972,155.90620395,156.41942825,333250.0
1705492500000,SYN_REKOP_PACKETS,5m,156.41942825,156.72414587,155.87248244,156.38896682,332431.4173
1705492800000,SYN_REKOP_PACKETS,5m,156.38896682,156.6907148,155.85698205,156.37627615,329005.9108
1705493100000,SYN_REKOP_PACKETS,5m,156.37627615,156.67563762,155.84917804,156.37079202,323060.9377
1705493400000,SYN_REKOP_PACKETS,5m,156.37079202,156.668341,155.83829711,156.36169479,314740.1221
1705493700000,SYN_REKOP_PACKETS,5m,156.36169479,156.65799355,155.81569022,156.34029036,304240.0522
1705494000000,SYN_REKOP_PACKETS,5m,156.34029036,156.63589093,155.77680089,156.30198685,291805.8958
1705494300000,SYN_REKOP_PACKETS,5m,156.30198685,156.59743581,155.72235599,156.24749246,277725.9345
1705494600000,SYN_REKOP_PACKETS,5m,156.24749246,156.54333774,155.65854788,156.18300194,262325.135
1705494900000,SYN_REKOP_PACKETS,5m,156.18300194,156.47979995,155.59616621,156.11932896,245957.9033
1705495200000,SYN_REKOP_PACKETS,5m,156.11932896,156.41765046,155.54883699,156.07014196,229000.1831
1705495500000,SYN_REKOP_PACKETS,5m,156.07014196,156.37057507,155.53069302,156.04962816,229128.415
1705495800000,SYN_REKOP_PACKETS,5m,156.04962816,156.37316207,155.53351696,156.07001272,247088.2614
1705496100000,SYN_REKOP_PACKETS,5m,156.07001272,156.44586089,155.5571268,156.13937924,264465.517
1705496400000,SYN_REKOP_PACKETS,5m,156.13937924,156.57060863,155.63007979,156.26017634,280883.7827
1705496700000,SYN_REKOP_PACKETS,5m,156.26017634,156.74366166,155.75480166,156.42867041,295988.0255
1705497000000,SYN_REKOP_PACKETS,5m,156.42867041,156.95557434,155.92755442,156.63543981,309452.493
1705497300000,SYN_REKOP_PACKETS,5m,156.63543981,157.19265326,156.138928,156.86682902,320987.9741
1705497600000,SYN_REKOP_PACKETS,5m,156.86682902,157.43912672,156.37528874,157.10711615,330348.2461
1705497900000,SYN_REKOP_PACKETS,5m,157.10711615,157.67965593,156.62093922,157.3410205,337335.5627
1705498200000,SYN_REKOP_PACKETS,5m,157.3410205,157.90174585,156.86061741,157.55610859,341805.0616
1705498500000,SYN_REKOP_PACKETS,5m,157.55610859,158.09762224,157.08189532,157.74466594,343667.9932
1705498800000,SYN_REKOP_PACKETS,5m,157.74466594,158.26523108,157.27704576,157.90469176,342893.6977
1705499100000,SYN_REKOP_PACKETS,5m,157.90469176,158.40817626,157.44403513,158.03983326,339510.2882
1705499400000,SYN_REKOP_PACKETS,5m,158.03983326,158.53461143,157.58645945,158.15827612,333604.0225
1705499700000,SYN_REKOP_PACKETS,5m,158.15827612,158.65530117,157.71243959,158.27080674,325317.3792
1705500000000,SYN_REKOP_PACKETS,5m,158.27080674,158.78122251,157.83269033,158.38841718,314845.8805
1705500300000,SYN_REKOP_PACKETS,5m,158.38841718,158.92116017,157.95813276,158.51990541,302433.7315
1705500600000,SYN_REKOP_PACKETS,5m,158.51990541,159.07974315,158.09750129,158.66991776,288368.376
1705500900000,SYN_REKOP_PACKETS,5m,158.66991776,159.25628439,158.25539095,158.83779414,272974.0861
1705501200000,SYN_REKOP_PACKETS,5m,158.83779414,159.44463796,158.43110454,159.01742915,256604.7327
1705501500000,SYN_REKOP_PACKETS,5m,159.01742915,159.63410699,158.618513,159.19818163,239635.8948
1705501800000,SYN_REKOP_PACKETS,5m,159.19818163,159.81124946,158.80696145,159.36667918,239006.1708
1705502100000,SYN_REKOP_PACKETS,5m,159.36667918,159.96226659,158.98306841,159.50920229,256952.6354
1705502400000,SYN_REKOP_PACKETS,5m,159.50920229,160.07554618,159.13310397,159.61422119,274323.594
1705502700000,SYN_REKOP_PACKETS,5m,159.61422119,160.14389421,159.24552107,159.67461967,290742.2908
1705503000000,SYN_REKOP_PACKETS,5m,159.67461967,160.16603464,159.31317526,159.68918729,305853.165
1705503300000,SYN_REKOP_PACKETS,5m,159.68918729,160.17318326,159.30871877,159.66309103,319329.7768
1705503600000,SYN_REKOP_PACKETS,5m,159.66309103,160.15378535,159.25969156,159.60722848,330882.0837
1705503900000,SYN_REKOP_PACKETS,5m,159.60722848,160.10416562,159.1955764,159.53657721,340262.9063
1705504200000,SYN_REKOP_PACKETS,5m,159.53657721,160.03931336,159.13301379,159.46784467,347273.4374
1705504500000,SYN_REKOP_PACKETS,5m,159.46784467,159.97595777,159.08775613,159.41684922,351767.6734
1705504800000,SYN_REKOP_PACKETS,5m,159.41684922,159.92994069,159.07225623,159.39610321,353655.6687
1705505100000,SYN_REKOP_PACKETS,5m,159.39610321,159.93070927,159.07696184,159.4130211,352905.5393
1705505400000,SYN_REKOP_PACKETS,5m,159.4130211,159.99096137,159.09800954,159.46905458,349544.1732
1705505700000,SYN_REKOP_PACKETS,5m,159.46905458,160.08562353,159.15757599,159.55988958,343656.6301
1705506000000,SYN_REKOP_PACKETS,5m,159.55988958,160.20579411,159.25133923,159.67665504,335384.2434
1705506300000,SYN_REKOP_PACKETS,5m,159.67665504,160.33999688,159.37043067,159.80791882,324921.4692
1705506600000,SYN_REKOP_PACKETS,5m,159.80791882,160.47660818,159.50342709,159.94210833,312511.5497
1705506900000,SYN_REKOP_PACKETS,5m,159.94210833,160.60626895,159.63876699,160.06991423,298441.0895
1705507200000,SYN_REKOP_PACKETS,5m,160.06991423,160.72383528,159.76715015,160.18623231,283033.6652
1705507500000,SYN_REKOP_PACKETS,5m,160.18623231,160.82949955,159.88347638,160.29127777,266642.6106
1705507800000,SYN_REKOP_PACKETS,5m,160.29127777,160.92886627,159.98795797,160.39065686,249643.1386
1705508100000,SYN_REKOP_PACKETS,5m,160.39065686,161.03196258,160.0861913,160.49437719,248235.8414
1705508400000,SYN_REKOP_PACKETS,5m,160.49437719,161.15136627,160.1881687,160.61497928,266149.186
1705508700000,SYN_REKOP_PACKETS,5m,160.61497928,161.29979916,160.30641313,160.76513667,283494.1775
1705509000000,SYN_REKOP_PACKETS,5m,160.76513667,161.48763019,160.45358233,160.95516756,299893.7091
1705509300000,SYN_REKOP_PACKETS,5m,160.95516756,161.7207435,160.63998482,161.1909116,314991.6972
1705509600000,SYN_REKOP_PACKETS,5m,161.1909116,161.99915683,160.87146074,161.47235541,328461.0199
1705509900000,SYN_REKOP_PACKETS,5m,161.47235541,162.31664117,161.14801031,161.7932564,340010.8079
1705510200000,SYN_REKOP_PACKETS,5m,161.7932564,162.66141952,161.46341918,162.14184215,349392.9291
1705510500000,SYN_REKOP_PACKETS,5m,162.14184215,163.01783779,161.80595723,162.50247804,356407.5194
1705510800000,SYN_REKOP_PACKETS,5m,162.50247804,163.36873122,162.16004393,162.85802732,360907.4371
1705511100000,SYN_REKOP_PACKETS,5m,162.85802732,163.6980813,162.5086043,163.19249967,362801.543
1705511400000,SYN_REKOP_PACKETS,5m,163.19249967,163.99349542,162.83571229,163.49352217,362056.7313
1705511700000,SYN_REKOP_PACKETS,5m,163.49352217,164.2480614,163.12905626,163.75418632,358698.6665
1705512000000,SYN_REKOP_PACKETS,5m,163.75418632,164.46123487,163.38178117,163.97393054,352811.2105
1705512300000,SYN_REKOP_PACKETS,5m,163.97393054,164.63859438,163.59336775,164.15829404,344534.5524
1705512600000,SYN_REKOP_PACKETS,5m,164.15829404,164.79051358,163.76938529,164.31759129,334062.0821
1705512900000,SYN_REKOP_PACKETS,5m,164.31759129,164.9300054,163.92016751,164.46476183,321636.0778
1705513200000,SYN_REKOP_PACKETS,5m,164.46476183,165.07014799,164.05866615,164.61280366,307542.3043
1705513500000,SYN_REKOP_PACKETS,5m,164.61280366,165.2215735,164.19788978,164.77227017,292103.641
1705513800000,SYN_REKOP_PACKETS,5m,164.77227017,165.3904806,164.34840676,164.94928958,275672.8829
1705514100000,SYN_REKOP_PACKETS,5m,164.94928958,165.57752764,164.51637035,165.14446311,258624.8749
1705514400000,SYN_REKOP_PACKETS,5m,165.14446311,165.77780127,164.70242062,165.35283532,256422.0461
1705514700000,SYN_REKOP_PACKETS,5m,165.35283532,165.98186202,164.90165629,165.56493866,274284.2211
1705515000000,SYN_REKOP_PACKETS,5m,165.56493866,166.17767791,165.10467751,165.76872314,291585.301
1705515300000,SYN_REKOP_PACKETS,5m,165.76872314,166.35309547,165.29951105,165.95202176,307947.8332
1705515600000,SYN_REKOP_PACKETS,5m,165.95202176,166.49839462,165.47406901,166.10509926,323015.2167
1705515900000,SYN_REKOP_PACKETS,5m,166.10509926,166.60844871,165.6186897,166.2228065,336459.6519
1705516200000,SYN_REKOP_PACKETS,5m,166.2228065,166.68407517,165.72828469,166.30592725,347989.4475
1705516500000,SYN_REKOP_PACKETS,5m,166.30592725,166.73230866,165.80368005,166.36144974,357355.5228
1705516800000,SYN_REKOP_PACKETS,5m,166.36144974,166.76553124,165.8518854,166.40169796,364356.96
1705517100000,SYN_REKOP_PACKETS,5m,166.40169796,166.79961217,165.88522641,166.44247481,368845.4827
1705517400000,SYN_REKOP_PACKETS,5m,166.44247481,166.85139619,165.91949263,166.50055538,370728.7608
1705517700000,SYN_REKOP_PACKETS,5m,166.50055538,166.93599655,165.97143826,166.59098576,369972.4679
1705518000000,SYN_REKOP_PACKETS,5m,166.59098576,167.06437687,166.05608967,166.72467029,366601.0467
1705518300000,SYN_REKOP_PACKETS,5m,166.72467029,167.24164521,166.18434113,166.90666984,360697.1623
1705518600000,SYN_REKOP_PACKETS,5m,166.90666984,167.46635178,166.36125951,167.13550209,352399.8593
1705518900000,SYN_REKOP_PACKETS,5m,167.13550209,167.73090608,166.5853878,167.40355898,341901.4611
1705519200000,SYN_REKOP_PACKETS,5m,167.40355898,168.02303747,166.84916202,167.69856575,329443.2813
1705519500000,SYN_REKOP_PACKETS,5m,167.69856575,168.32804483,167.14036573,168.00582739,315310.2434
1705519800000,SYN_REKOP_PACKETS,5m,168.00582739,168.63144146,167.444369,168.31086926,299824.5281
1705520100000,SYN_REKOP_PACKETS,5m,168.31086926,168.9215249,167.74675977,168.60200233,283338.3897
1705520400000,SYN_REKOP_PACKETS,5m,168.60200233,169.19140578,168.03589987,168.87234772,266226.3025
1705520700000,SYN_REKOP_PACKETS,5m,168.87234772,169.44012113,168.30494211,169.12094692,263212.3833
1705521000000,SYN_REKOP_PACKETS,5m,169.12094692,169.67262409,168.55293633,169.3527497,281007.7644
1705521300000,SYN_REKOP_PACKETS,5m,169.3527497,169.89865299,168.78481723,169.57748352,298249.4462
1705521600000,SYN_REKOP_PACKETS,5m,169.57748352,170.13069594,169.01027772,169.80761996,314559.6353
1705521900000,SYN_REKOP_PACKETS,5m,169.80761996,170.38143624,169.24174262,170.05582357,329581.2182
1705522200000,SYN_REKOP_PACKETS,5m,170.05582357,170.66115676,169.49182662,170.33236064,342985.7224
1705522500000,SYN_REKOP_PACKETS,5m,170.33236064,170.97558234,169.77075199,170.6429461,354480.6386
1705522800000,SYN_REKOP_PACKETS,5m,170.6429461,171.32455406,170.08420283,170.98742187,363815.9415
1705523100000,SYN_REKOP_PACKETS,5m,170.98742187,171.70177804,170.4320074,171.35950854,370789.6631
1705523400000,SYN_REKOP_PACKETS,5m,171.35950854,172.09570203,170.80789004,171.74768312,375252.3947
1705523700000,SYN_REKOP_PACKETS,5m,171.74768312,172.49137566,171.20034511,172.13703833,377110.6175
1705524000000,SYN_REKOP_PACKETS,5m,172.13703833,172.87297373,171.59448946,172.51180315,376328.7868
1705524300000,SYN_REKOP_PACKETS,5m,172.51180315,173.22653637,171.97457413,172.85807842,372930.124
1705524600000,SYN_REKOP_PACKETS,5m,172.85807842,173.54242797,172.3267112,173.16629028,366996.0981
1705524900000,SYN_REKOP_PACKETS,5m,173.16629028,173.81705589,172.64131994,173.4329032,358664.6093
1705525200000,SYN_REKOP_PACKETS,5m,173.4329032,174.05351855,172.91483556,173.66106345,348126.9136
1705525500000,SYN_REKOP_PACKETS,5m,173.66106345,174.26105108,173.15035225,173.86004169,335623.359
1705525800000,SYN_REKOP_PACKETS,5m,173.86004169,174.45336455,173.35706924,174.04357178,321438.0262
1705526100000,SYN_REKOP_PACKETS,5m,174.04357178,174.64618508,173.54863609,174.22739203,305892.3951
1705526400000,SYN_REKOP_PACKETS,5m,174.22739203,174.85444671,173.74070238,174.42644254,289338.1773
1705526700000,SYN_REKOP_PACKETS,5m,174.42644254,175.08964908,173.9481237,174.6522291,272149.4741
1705527000000,SYN_REKOP_PACKETS,5m,174.6522291,175.35785256,174.18233266,174.9108248,268311.947
1705527300000,SYN_REKOP_PACKETS,5m,174.9108248,175.65866218,174.44934527,175.20185988,286027.9717
1705527600000,SYN_REKOP_PACKETS,5m,175.20185988,175.98537462,174.74875211,175.51867262,303197.8579
1705527900000,SYN_REKOP_PACKETS,5m,175.51867262,176.32625976,175.07386735,175.849592,319443.4762
1705528200000,SYN_REKOP_PACKETS,5m,175.849592,176.66675123,175.41300671,176.18012617,334407.2052
1705528500000,SYN_REKOP_PACKETS,5m,176.18012617,176.9921584,175.75166958,176.49566934,347759.904
1705528800000,SYN_REKOP_PACKETS,5m,176.49566934,177.29041256,176.07523901,176.78424063,359208.2493
1705529100000,SYN_REKOP_PACKETS,5m,176.78424063,177.55434394,176.37171454,177.03875277,368501.2744
1705529400000,SYN_REKOP_PACKETS,5m,177.03875277,177.78306353,176.63397675,177.2583861,375435.9643
1705529700000,SYN_REKOP_PACKETS,5m,177.2583861,177.98218572,176.86115978,177.44880551,379861.7806
1705530000000,SYN_REKOP_PACKETS,5m,177.44880551,178.16284612,177.05886958,177.62117581,381684.0178
1705530300000,SYN_REKOP_PACKETS,5m,177.62117581,178.33969868,177.23820307,177.79016025,380865.914
1705530600000,SYN_REKOP_PACKETS,5m,177.79016025,178.52826865,177.41375204,177.97127852,377429.4704
1705530900000,SYN_REKOP_PACKETS,5m,177.97127852,178.74215443,177.60096737,178.17811636,371454.9599
1705531200000,SYN_REKOP_PACKETS,5m,178.17811636,178.99059115,177.81337424,178.41989816,363079.1378
1705531500000,SYN_REKOP_PACKETS,5m,178.41989816,179.27681534,178.06014905,178.69985999,352492.1921
1705531800000,SYN_REKOP_PACKETS,5m,178.69985999,179.59752145,178.34449486,179.01471232,339933.5036
1705532100000,SYN_REKOP_PACKETS,5m,179.01471232,179.94350731,178.66310421,179.35528818,325686.3084
1705532400000,SYN_REKOP_PACKETS,5m,179.35528818,180.30139819,179.00680536,179.70826575,310071.3836
1705532700000,SYN_REKOP_PACKETS,5m,179.70826575,180.65614835,179.3622812,180.0586645,293439.8951
1705533000000,SYN_REKOP_PACKETS,5m,180.0586645,180.99387602,179.71456077,180.39267175,276165.5687
1705533300000,SYN_REKOP_PACKETS,5m,180.39267175,181.30451726,180.04984094,180.70028655,271495.4746
1705533600000,SYN_REKOP_PACKETS,5m,180.70028655,181.58380511,180.3581259,180.97728926,289123.1526
1705533900000,SYN_REKOP_PACKETS,5m,180.97728926,181.83419587,180.63519375,181.22616062,306212.4385
1705534200000,SYN_REKOP_PACKETS,5m,181.22616062,182.06455749,180.88351418,181.45576658,322384.8716
1705534500000,SYN_REKOP_PACKETS,5m,181.45576658,182.28866846,181.11193406,181.6798582,337282.3269
1705534800000,SYN_REKOP_PACKETS,5m,181.6798582,182.52280079,181.33417975,181.91465999,350574.9989
1705535100000,SYN_REKOP_PACKETS,5m,181.91465999,182.78283077,181.56644952,182.17598928,361968.7539
1705535400000,SYN_REKOP_PACKETS,5m,182.17598928,183.08140229,181.82453778,182.47642984,371211.6873
1705535700000,SYN_REKOP_PACKETS,5m,182.47642984,183.42564974,182.12101363,182.8230647,378099.7394
1705536000000,SYN_REKOP_PACKETS,5m,182.8230647,183.81588049,182.46295788,183.21616622,382481.2447
1705536300000,SYN_REKOP_PACKETS,5m,183.21616622,184.25297781,182.84603934,183.64907037,384260.3124
1705536600000,SYN_REKOP_PACKETS,5m,183.64907037,184.74561439,183.25000845,184.10925681,383398.9645
1705536900000,SYN_REKOP_PACKETS,5m,184.10925681,185.22567122,183.69429528,184.58044941,379917.9822
1705537200000,SYN_REKOP_PACKETS,5m,184.58044941,185.67516553,184.16416618,185.04537228,373896.4424
1705537500000,SYN_REKOP_PACKETS,5m,185.04537228,186.0821419,184.64141,185.48867441,365469.9548
1705537800000,SYN_REKOP_PACKETS,5m,185.48867441,186.47157422,185.08693856,185.89949452,354827.6381
1705538100000,SYN_REKOP_PACKETS,5m,185.89949452,186.838756,185.48908514,186.27319303,342207.904
1705538400000,SYN_REKOP_PACKETS,5m,186.27319303,187.1704338,185.85376754,186.61192503,327893.1421
1705538700000,SYN_REKOP_PACKETS,5m,186.61192503,187.47491222,186.18317977,186.92394487,312203.4236
1705539000000,SYN_REKOP_PACKETS,5m,186.92394487,187.76478361,186.48560294,187.22177483,295489.3662
1705539300000,SYN_REKOP_PACKETS,5m,187.22177483,188.05430277,186.7735764,187.51958687,278124.3171
1705539600000,SYN_REKOP_PACKETS,5m,187.51958687,188.35646842,187.06128454,187.83029292,272616.6259
1705539900000,SYN_REKOP_PACKETS,5m,187.83029292,188.68035711,187.36165341,188.16288759,290150.9024
1705540200000,SYN_REKOP_PACKETS,5m,188.16288759,189.02920226,187.68370024,188.52053446,307154.7322
1705540500000,SYN_REKOP_PACKETS,5m,188.52053446,189.39957173,188.03062539,188.89974799,323249.3274
1705540800000,SYN_REKOP_PACKETS,5m,188.89974799,189.78180051,188.3989978,189.29082702,338076.0632
1705541100000,SYN_REKOP_PACKETS,5m,189.29082702,190.1616134,188.77918875,189.67947484,351304.4733
1705541400000,SYN_REKOP_PACKETS,5m,189.67947484,190.5226612,189.15698894,190.04932985,362639.6169
1705541700000,SYN_REKOP_PACKETS,5m,190.04932985,190.84952447,189.51613301,190.38496233,371828.6541
1705542000000,SYN_REKOP_PACKETS,5m,190.38496233,191.13064304,189.8412878,190.67479651,378666.4833
1705542300000,SYN_REKOP_PACKETS,5m,190.67479651,191.36062834,190.12096537,190.9134168,383000.3132
1705542600000,SYN_REKOP_PACKETS,5m,190.9134168,191.5415185,190.3498209,191.10281897,384733.0691
1705542900000,SYN_REKOP_PACKETS,5m,191.10281897,191.6827284,190.52989825,191.25235932,383825.5577
1705543200000,SYN_REKOP_PACKETS,5m,191.25235932,191.79969299,190.67057717,191.37740025,380297.3403
1705543500000,SYN_REKOP_PACKETS,5m,191.37740025,191.91145064,190.78722121,191.49689833,374226.2972
1705543800000,SYN_REKOP_PACKETS,5m,191.49689833,192.03761021,190.898772,191.63037782,365746.8912
1705544100000,SYN_REKOP_PACKETS,5m,191.63037782,192.19525302,191.0247318,191.79483955,355047.1703
1705544400000,SYN_REKOP_PACKETS,5m,191.79483955,192.39632052,191.1820824,192.00215476,342364.575
1705544700000,SYN_REKOP_PACKETS,5m,192.00215476,192.64593939,191.38268811,192.25739473,327980.6456
1705545000000,SYN_REKOP_PACKETS,5m,192.25739473,192.94196242,191.63163196,192.55837387,312214.7447
1705545300000,SYN_REKOP_PACKETS,5m,192.55837387,193.27578901,191.92676137,192.89647005,295416.9385
1705545600000,SYN_REKOP_PACKETS,5m,192.89647005,193.63430824,192.25950667,193.25856516,277960.1918
1705545900000,SYN_REKOP_PACKETS,5m,193.25856516,194.00261252,192.61681561,193.6297546,271614.0117
1705546200000,SYN_REKOP_PACKETS,5m,193.6297546,194.36699074,192.98385382,193.9963353,289053.9684
1705546500000,SYN_REKOP_PACKETS,5m,193.9963353,194.71765228,193.34698233,194.34852449,305971.6281
1705546800000,SYN_REKOP_PACKETS,5m,194.34852449,195.05067311,193.69646653,194.68240132,321987.8795
1705547100000,SYN_REKOP_PACKETS,5m,194.68240132,195.36879216,194.02841062,195.00070025,336743.6015
1705547400000,SYN_REKOP_PACKETS,5m,195.00070025,195.68089956,194.34554791,195.31229822,349907.6702
1705547700000,SYN_REKOP_PACKETS,5m,195.31229822,196.00030605,194.65672956,195.63048515,361184.3404
1705548000000,SYN_REKOP_PACKETS,5m,195.63048515,196.34211455,194.97520118,195.97033847,370319.8398
1705548300000,SYN_REKOP_PACKETS,5m,195.97033847,196.72018206,195.3159867,196.34568956,377108.0264
1705548600000,SYN_REKOP_PACKETS,5m,196.34568956,197.14423193,195.69286545,196.76624118,381394.9847
1705548900000,SYN_REKOP_PACKETS,5m,196.76624118,197.62597035,196.1013257,197.23536261,383082.4572
1705549200000,SYN_REKOP_PACKETS,5m,197.23536261,198.18126024,196.51205159,197.74896527,382130.0351
1705549500000,SYN_REKOP_PACKETS,5m,197.74896527,198.76156109,196.98476424,198.29567199,378556.0599
1705549800000,SYN_REKOP_PACKETS,5m,198.29567199,199.34437328,197.51592744,198.85827071,372437.2142
1705550100000,SYN_REKOP_PACKETS,5m,198.85827071,199.90565583,198.09231855,199.41622064,363906.8127
1705550400000,SYN_REKOP_PACKETS,5m,199.41622064,200.4236409,198.6927911,199.94878981,353151.8303
1705550700000,SYN_REKOP_PACKETS,5m,199.94878981,200.88235301,199.2915137,200.43827883,340408.7342
1705551000000,SYN_REKOP_PACKETS,5m,200.43827883,201.30485878,199.8180825,200.87275415,325958.212
1705551300000,SYN_REKOP_PACKETS,5m,200.87275415,201.68912985,200.25951288,201.24778917,310118.9148
1705551600000,SYN_REKOP_PACKETS,5m,201.24778917,202.01780108,200.64215177,201.56688759,293240.3532
1705551900000,SYN_REKOP_PACKETS,5m,201.56688759,202.30129119,200.96944301,201.84050961,275695.106
1705552200000,SYN_REKOP_PACKETS,5m,201.84050961,202.55480548,201.25176434,202.08388807,268513.7221
1705552500000,SYN_REKOP_PACKETS,5m,202.08388807,202.79535532,201.50425191,202.31405106,285862.6084
1705552800000,SYN_REKOP_PACKETS,5m,202.31405106,203.03854231,201.74383295,202.54661166,302697.5486
1705553100000,SYN_REKOP_PACKETS,5m,202.54661166,203.29570253,201.98602535,202.79291913,318639.1114
1705553400000,SYN_REKOP_PACKETS,5m,202.79291913,203.57192834,202.24209671,203.05808794,333327.6828
1705553700000,SYN_REKOP_PACKETS,5m,203.05808794,203.86531867,202.51709782,203.34025384,346431.4839
1705554000000,SYN_REKOP_PACKETS,5m,203.34025384,204.16758504,202.80911935,203.63118319,357653.9679
1705554300000,SYN_REKOP_PACKETS,5m,203.63118319,204.46589948,203.10989806,203.9181209,366740.4318
1705554600000,SYN_REKOP_PACKETS,5m,203.9181209,204.74564848,203.4066586,204.18654064,373483.6951
1705554900000,SYN_REKOP_PACKETS,5m,204.18654064,204.99358916,203.68485618,204.42329429,377728.7191
1705555200000,SYN_REKOP_PACKETS,5m,204.42329429,205.20082114,203.93131826,204.61957487,379376.0637
1705555500000,SYN_REKOP_PACKETS,5m,204.61957487,205.36500916,204.13720135,204.7731299,378384.1051
1705555800000,SYN_REKOP_PACKETS,5m,204.7731299,205.49142271,204.30020075,204.88929294,374769.9637
1705556100000,SYN_REKOP_PACKETS,5m,204.88929294,205.59257743,204.42558171,204.98061987,368609.1235
1705556400000,SYN_REKOP_PACKETS,5m,204.98061987,205.68652884,204.52581873,205.06518172,360033.749
1705556700000,SYN_REKOP_PACKETS,5m,205.06518172,205.79412488,204.61889373,205.16382067,349229.74
1705557000000,SYN_REKOP_PACKETS,5m,205.16382067,205.93571642,204.72555911,205.29686792,336432.587
1705557300000,SYN_REKOP_PACKETS,5m,205.29686792,206.12791751,204.86606292,205.48091397,321922.1221
1705557600000,SYN_REKOP_PACKETS,5m,205.48091397,206.38098724,205.05692526,205.72620116,306016.2807
1705557900000,SYN_REKOP_PACKETS,5m,205.72620116,206.69728522,205.30833525,206.03508856,289064.0141
1705558200000,SYN_REKOP_PACKETS,5m,206.03508856,207.07106018,205.62261764,206.40184689,271437.5105
1705558500000,SYN_REKOP_PACKETS,5m,206.40184689,207.48960182,205.99402684,206.81381217,263428.2526
1705558800000,SYN_REKOP_PACKETS,5m,206.81381217,207.93555372,206.40989752,207.25369586,280693.3441
1705559100000,SYN_REKOP_PACKETS,5m,207.25369586,208.38998474,206.85294976,207.70264894,297453.031
1705559400000,SYN_REKOP_PACKETS,5m,207.70264894,208.83567768,207.30434751,208.1435402,313327.5646
1705559700000,SYN_REKOP_PACKETS,5m,208.1435402,209.26004494,207.74697123,208.56386032,327956.8409
1705560000000,SYN_REKOP_PACKETS,5m,208.56386032,209.65713705,208.16831728,208.95771982,341008.4286
1705560300000,SYN_REKOP_PACKETS,5m,208.95771982,210.02836981,208.56249299,209.32656862,352184.9814
1705560600000,SYN_REKOP_PACKETS,5m,209.32656862,210.38183297,208.93093541,209.67850169,361230.8672
1705560900000,SYN_REKOP_PACKETS,5m,209.67850169,210.73031287,209.28171856,210.02628387,367937.8682
1705561200000,SYN_REKOP_PACKETS,5m,210.02628387,211.08840556,209.62758167,210.38446976,372149.8233
1705561500000,SYN_REKOP_PACKETS,5m,210.38446976,211.46926638,209.98305419,210.76616349,373766.1101
1705561800000,SYN_REKOP_PACKETS,5m,210.76616349,211.88160411,210.36122107,211.18002418,372743.8889
1705562100000,SYN_REKOP_PACKETS,5m,211.18002418,212.32747715,210.77073372,211.62807249,369099.0585
1705562400000,SYN_REKOP_PACKETS,5m,211.62807249,212.80130086,211.21362075,212.10470522,362905.9022
1705562700000,SYN_REKOP_PACKETS,5m,212.10470522,213.29026014,211.68430502,212.59711063,354295.4325
1705563000000,SYN_REKOP_PACKETS,5m,212.59711063,213.77607494,212.17001903,213.08703171,343452.471
1705563300000,SYN_REKOP_PACKETS,5m,213.08703171,214.23782723,212.6525658,213.55358623,330611.5286
1705563600000,SYN_REKOP_PACKETS,5m,213.55358623,214.6553617,213.11113429,213.97665732,316051.578
1705563900000,SYN_REKOP_PACKETS,5m,213.97665732,215.01265564,213.52568373,214.34025178,300089.8349
1705564200000,SYN_REKOP_PACKETS,5m,214.34025178,215.30054112,213.88029496,214.63521162,283074.6869
1705564500000,SYN_REKOP_PACKETS,5m,214.63521162,215.5182683,214.16587547,214.86076958,265377.927
1705564800000,SYN_REKOP_PACKETS,5m,214.86076958,215.67360811,214.3817101,215.02464856,256551.8698
1705565100000,SYN_REKOP_PACKETS,5m,215.02464856,215.78146853,214.53555814,215.14167954,273744.1621
1705565400000,SYN_REKOP_PACKETS,5m,215.14167954,215.86128226,214.64227224,215.23119574,290439.7627
1705565700000,SYN_REKOP_PACKETS,5m,215.23119574,215.93365514,214.72119641,215.31369069,306258.6088
1705566000000,SYN_REKOP_PACKETS,5m,215.31369069,216.01689511,214.79283051,215.40735842,320840.1084
1705566300000,SYN_REKOP_PACKETS,5m,215.40735842,216.12405117,214.87537812,215.52514284,333851.18
1705566600000,SYN_REKOP_PACKETS,5m,215.52514284,216.26098498,214.98180345,215.67281737,344993.6796
1705566900000,SYN_REKOP_PACKETS,5m,215.67281737,216.42580371,215.11791689,215.84842189,354011.0476
1705567200000,SYN_REKOP_PACKETS,5m,215.84842189,216.60973788,215.281815,216.04314056,360694.0296
1705567500000,SYN_REKOP_PACKETS,5m,216.04314056,216.79929442,215.4647578,216.24345069,364885.3425
1705567800000,SYN_REKOP_PACKETS,5m,216.24345069,216.97928954,215.65331333,216.43414878,366483.1813
1705568100000,SYN_REKOP_PACKETS,5m,216.43414878,217.13620583,215.83237624,216.6016991,365443.4899
1705568400000,SYN_REKOP_PACKETS,5m,216.6016991,217.26125035,215.98850693,216.73728359,361780.9439
1705568700000,SYN_REKOP_PACKETS,5m,216.73728359,217.35253559,216.11297191,216.83897653,355568.6242
1705569000000,SYN_REKOP_PACKETS,5m,216.83897653,217.41596111,216.20391037,216.91262264,346936.3886
1705569300000,SYN_REKOP_PACKETS,5m,216.91262264,217.46461582,216.26720768,216.97123951,336067.9776
1705569600000,SYN_REKOP_PACKETS,5m,216.97123951,217.51680164,216.31589745,217.0330447,323196.9187
1705569900000,SYN_REKOP_PACKETS,5m,217.0330447,217.59304055,216.3681929,217.11846886,308601.3214
1705570200000,SYN_REKOP_PACKETS,5m,217.11846886,217.71261377,216.44450825,217.24670242,292597.6773
1705570500000,SYN_REKOP_PACKETS,5m,217.24670242,217.89025964,216.56401587,217.432401,275533.8055
1705570800000,SYN_REKOP_PACKETS,5m,217.432401,218.13361814,216.74136283,217.6831362,257781.099
1705571100000,SYN_REKOP_PACKETS,5m,217.6831362,218.44186856,216.98413089,217.99803741,248152.6096
1705571400000,SYN_REKOP_PACKETS,5m,217.99803741,218.80579635,217.2914841,218.36785996,265286.3579
1705571700000,SYN_REKOP_PACKETS,5m,218.36785996,219.20927922,217.65423803,218.77646988,281932.2738
1705572000000,SYN_REKOP_PACKETS,5m,218.77646988,219.63194049,218.05634047,219.20349344,297709.9824
1705572300000,SYN_REKOP_PACKETS,5m,219.20349344,220.05251311,218.47751248,219.62767573,312258.4059
1705572600000,SYN_REKOP_PACKETS,5m,219.62767573,220.45232426,218.89659555,220.03035914,325243.8149
1705572900000,SYN_REKOP_PACKETS,5m,220.03035914,220.81827607,219.29501763,220.39845819,336367.2686
1705573200000,SYN_REKOP_PACKETS,5m,220.39845819,221.1447765,219.65975697,220.72638581,345371.2813
1705573500000,SYN_REKOP_PACKETS,5m,220.72638581,221.43426154,219.985261,221.01657283,352045.5627
1705573800000,SYN_REKOP_PACKETS,5m,221.01657283,221.69621205,220.27396339,221.27848449,356231.7075
1705574100000,SYN_REKOP_PACKETS,5m,221.27848449,221.94485511,220.53530363,221.52632392,357826.7281
1705574400000,SYN_REKOP_PACKETS,5m,221.52632392,222.19598948,220.78343848,221.77586172,356785.3505
1705574700000,SYN_REKOP_PACKETS,5m,221.77586172,222.4635356,221.03408262,222.04099143,353121.0257
1705575000000,SYN_REKOP_PACKETS,5m,222.04099143,222.75645454,221.30107628,222.33065449,346905.6299
1705575300000,SYN_REKOP_PACKETS,5m,222.33065449,223.07660453,221.59332083,222.64670225,338267.8636
1705575600000,SYN_REKOP_PACKETS,5m,222.64670225,223.41792941,221.9126479,222.98308856,327390.3826
1705575900000,SYN_REKOP_PACKETS,5m,222.98308856,223.76713556,222.25301415,223.32654876,314505.7276
1705576200000,SYN_REKOP_PACKETS,5m,223.32654876,224.10575115,222.6011771,223.65865842,299891.1403
1705576500000,SYN_REKOP_PACKETS,5m,223.65865842,224.41321552,222.93874617,223.95891981,283862.3837
1705576800000,SYN_REKOP_PACKETS,5m,223.95891981,224.67045461,223.24525806,224.20833203,266766.7034
1705577100000,SYN_REKOP_PACKETS,5m,224.20833203,224.86329637,223.50173497,224.39279968,248975.0873
1705577400000,SYN_REKOP_PACKETS,5m,224.39279968,224.98509307,223.69408253,224.50574803,238561.2364
1705577700000,SYN_REKOP_PACKETS,5m,224.50574803,225.03805222,223.81569767,224.5494474,255653.3615
1705578000000,SYN_REKOP_PACKETS,5m,224.5494474,225.0476752,223.85413042,224.53478721,272266.6283
1705578300000,SYN_REKOP_PACKETS,5m,224.53478721,225.04296933,223.80890857,224.47953408,288020.352
1705578600000,SYN_REKOP_PACKETS,5m,224.47953408,224.99798471,223.74533082,224.40539775,302552.971
1705578900000,SYN_REKOP_PACKETS,5m,224.40539775,224.93442395,223.68534837,224.33445051,315530.1092
1705579200000,SYN_REKOP_PACKETS,5m,224.33445051,224.87435528,223.6477055,224.28555659,326652.031
1705579500000,SYN_REKOP_PACKETS,5m,224.28555659,224.83663383,223.64502942,224.27145135,335660.3249
1705579800000,SYN_REKOP_PACKETS,5m,224.27145135,224.85950024,223.65654805,224.29697842,342343.6652
1705580100000,SYN_REKOP_PACKETS,5m,224.29697842,224.93297657,223.69361767,224.35877819,346542.5246
1705580400000,SYN_REKOP_PACKETS,5m,224.35877819,225.032509,223.76694042,224.44646318,348152.7315
1705580700000,SYN_REKOP_PACKETS,5m,224.44646318,225.14304021,223.86610251,224.54505696,347127.7936
1705581000000,SYN_REKOP_PACKETS,5m,224.54505696,225.24816657,223.97611046,224.63825152,343479.935
1705581300000,SYN_REKOP_PACKETS,5m,224.63825152,225.3336276,224.08063959,224.7118887,337279.8249
1705581600000,SYN_REKOP_PACKETS,5m,224.7118887,225.39037765,224.16550687,224.75702207,328655.0033
1705581900000,SYN_REKOP_PACKETS,5m,224.75702207,225.41666218,224.22172649,224.7719834,317787.0383
1705582200000,SYN_REKOP_PACKETS,5m,224.7719834,225.42762624,224.2386465,224.76305657,304907.4793
1705582500000,SYN_REKOP_PACKETS,5m,224.76305657,225.42926347,224.22982296,224.74362211,290292.696
1705582800000,SYN_REKOP_PACKETS,5m,224.74362211,225.41997663,224.22837644,224.73192594,274257.7179
1705583100000,SYN_REKOP_PACKETS,5m,224.73192594,225.43397426,224.23817199,224.7478856,257149.2121
1705583400000,SYN_REKOP_PACKETS,5m,224.7478856,225.5049453,224.26338201,224.80952249,239337.7556
1705583700000,SYN_REKOP_PACKETS,5m,224.80952249,225.63403884,224.33364246,224.92966888,228157.6183
1705584000000,SYN_REKOP_PACKETS,5m,224.92966888,225.82646964,224.46171965,225.11353811,245227.0024
1705584300000,SYN_REKOP_PACKETS,5m,225.11353811,226.07867514,224.65278046,225.35758672,261826.5814
1705584600000,SYN_REKOP_PACKETS,5m,225.35758672,226.3786653,224.90325527,225.64986942,277575.3623
1705584900000,SYN_REKOP_PACKETS,5m,225.64986942,226.70781533,225.20119102,225.97183192,292111.3017
1705585200000,SYN_REKOP_PACKETS,5m,225.97183192,227.04379944,225.52803966,226.30123958,305099.3781
1705585500000,SYN_REKOP_PACKETS,5m,226.30123958,227.36416106,225.86158094,226.61573818,316239.0621
1705585800000,SYN_REKOP_PACKETS,5m,226.61573818,227.64989248,226.17947675,226.89642129,325271.0173
1705586100000,SYN_REKOP_PACKETS,5m,226.89642129,227.88838026,226.4628325,227.13076284,331982.8829
1705586400000,SYN_REKOP_PACKETS,5m,227.13076284,228.07517638,226.69912533,227.31437738,336214.0091
1705586700000,SYN_REKOP_PACKETS,5m,227.31437738,228.2142661,226.88396199,227.45128101,337859.04
1705587000000,SYN_REKOP_PACKETS,5m,227.45128101,228.31678618,227.02134001,227.55260794,336870.2628
1705587300000,SYN_REKOP_PACKETS,5m,227.55260794,228.39844205,227.12236689,227.63403191,333258.6733
1705587600000,SYN_REKOP_PACKETS,5m,227.63403191,228.47611928,227.20268613,227.7123864,327093.7311
1705587900000,SYN_REKOP_PACKETS,5m,227.7123864,228.56432976,227.27910331,227.80212283,318501.8125
1705588200000,SYN_REKOP_PACKETS,5m,227.80212283,228.67215459,227.36605042,227.91226586,307663.3942
1705588500000,SYN_REKOP_PACKETS,5m,227.91226586,228.80124419,227.47254654,228.0444241,294809.0302
1705588800000,SYN_REKOP_PACKETS,5m,228.0444241,228.94523912,227.60021238,228.19221762,280214.2138
1705589100000,SYN_REKOP_PACKETS,5m,228.19221762,229.09072047,227.74269929,228.34222965,264193.2358
1705589400000,SYN_REKOP_PACKETS,5m,228.34222965,229.21952729,227.88664006,228.47632017,247092.1796
1705589700000,SYN_REKOP_PACKETS,5m,228.47632017,229.31203437,228.01395884,228.57489503,229780.7609
1705590000000,SYN_REKOP_PACKETS,5m,228.57489503,229.35080293,228.10513461,228.62054515,218853.6977
1705590300000,SYN_REKOP_PACKETS,5m,228.62054515,229.3430913,228.12367807,228.60138978,236919.3219
1705590600000,SYN_REKOP_PACKETS,5m,228.60138978,229.31540178,228.02735223,228.51349753,254524.0002
1705590900000,SYN_REKOP_PACKETS,5m,228.51349753,229.21819078,227.86691808,228.36192069,271286.3397
1705591200000,SYN_REKOP_PACKETS,5m,228.36192069,229.05658033,227.6558958,228.16013625,286843.7231
1705591500000,SYN_REKOP_PACKETS,5m,228.16013625,228.84414502,227.41415847,227.92799041,300860.3915
1705591800000,SYN_REKOP_PACKETS,5m,227.92799041,228.60084807,227.16476332,227.68852761,313034.9292
1705592100000,SYN_REKOP_PACKETS,5m,227.68852761,228.34985895,226.93025669,227.46429012,323106.982
1705592400000,SYN_REKOP_PACKETS,5m,227.46429012,228.11384099,226.72912379,227.27376044,330863.0608
1705592700000,SYN_REKOP_PACKETS,5m,227.27376044,227.91138329,226.57301245,227.12857683,336141.2998
1705593000000,SYN_REKOP_PACKETS,5m,227.12857683,227.75420909,226.46520647,227.03199924,338835.0644
1705593300000,SYN_REKOP_PACKETS,5m,227.03199924,227.64563894,226.40059583,226.97887413,338895.3273
1705593600000,SYN_REKOP_PACKETS,5m,226.97887413,227.58055738,226.36712794,226.95708377,336331.7604
1705593900000,SYN_REKOP_PACKETS,5m,226.95708377,227.546868,226.34846866,226.95020913,331212.5184
1705594200000,SYN_REKOP_PACKETS,5m,226.95020913,227.5281647,226.32739063,226.94092365,323662.7181
1705594500000,SYN_REKOP_PACKETS,5m,226.94092365,227.50713491,226.28927339,226.91450198,313861.6482
1705594800000,SYN_REKOP_PACKETS,5m,226.91450198,227.46907668,226.22507189,226.86179832,302038.7709
1705595100000,SYN_REKOP_PACKETS,5m,226.86179832,227.4048832,226.1331986,226.78113817,288468.6057
1705595400000,SYN_REKOP_PACKETS,5m,226.78113817,227.31293706,226.01996163,226.67876372,273464.6079
1705595700000,SYN_REKOP_PACKETS,5m,226.67876372,227.19955448,225.89847219,226.56774493,257372.1794
1705596000000,SYN_REKOP_PACKETS,5m,226.56774493,227.07789176,225.78622564,226.46555948,240560.9677
1705596300000,SYN_REKOP_PACKETS,5m,226.46555948,226.9655181,225.70180984,226.39079541,228886.0745
1705596600000,SYN_REKOP_PACKETS,5m,226.39079541,226.88111022,225.66135212,226.35958898,246944.9389
1705596900000,SYN_REKOP_PACKETS,5m,226.35958898,226.86374327,225.6524947,226.38244972,264550.0027
1705597200000,SYN_REKOP_PACKETS,5m,226.38244972,226.93500126,225.66689839,226.46204473,281319.571
1705597500000,SYN_REKOP_PACKETS,5m,226.46204473,227.05768411,225.73846466,226.59233844,296890.5505
1705597800000,SYN_REKOP_PACKETS,5m,226.59233844,227.21772813,225.86121142,226.75924537,310926.5426
1705598100000,SYN_REKOP_PACKETS,5m,226.75924537,227.39506543,226.02113132,226.94269344,323125.3429
1705598400000,SYN_REKOP_PACKETS,5m,226.94269344,227.56675513,226.19824905,227.11975038,333225.6766
1705598700000,SYN_REKOP_PACKETS,5m,227.11975038,227.71064,226.36973747,227.26827422,341013.0232
1705599000000,SYN_REKOP_PACKETS,5m,227.26827422,227.80888304,226.51355547,227.37044335,346324.3974
1705599300000,SYN_REKOP_PACKETS,5m,227.37044335,227.85074563,226.61196526,227.4155289,349051.9821
1705599600000,SYN_REKOP_PACKETS,5m,227.4155289,227.84822579,226.64016427,227.4013989,349145.5308
1705599900000,SYN_REKOP_PACKETS,5m,227.4013989,227.83229061,226.57150959,227.33447522,346613.487
1705600200000,SYN_REKOP_PACKETS,5m,227.33447522,227.76429874,226.46447357,227.22815605,341522.7949
1705600500000,SYN_REKOP_PACKETS,5m,227.22815605,227.65767835,226.33658362,227.10000913,333997.406
1705600800000,SYN_REKOP_PACKETS,5m,227.10000913,227.53002984,226.20601686,226.9682712,324215.5145
1705601100000,SYN_REKOP_PACKETS,5m,226.9682712,227.39961923,226.08807498,226.84831037,312405.5841
1705601400000,SYN_REKOP_PACKETS,5m,226.84831037,227.28183452,225.99227281,226.74970229,298841.2533
1705601700000,SYN_REKOP_PACKETS,5m,226.74970229,227.18625676,225.9205646,226.67444607,283835.2343
1705602000000,SYN_REKOP_PACKETS,5m,226.67444607,227.11487257,225.8670189,226.61663325,267732.3398
1705602300000,SYN_REKOP_PACKETS,5m,226.61663325,227.06174209,225.81899368,226.56362216,250901.7955
1705602600000,SYN_REKOP_PACKETS,5m,226.56362216,227.01417488,225.75959771,226.498504,238459.0786
1705602900000,SYN_REKOP_PACKETS,5m,226.498504,226.95519991,225.67099458,226.40341581,256490.9418
1705603200000,SYN_REKOP_PACKETS,5m,226.40341581,226.86688444,225.53794796,226.26309726,274076.199
1705603500000,SYN_REKOP_PACKETS,5m,226.26309726,226.73389764,225.35095171,226.06803259,290832.8591
1705603800000,SYN_REKOP_PACKETS,5m,226.06803259,226.54665947,225.10835379,225.81658407,306397.3579
1705604100000,SYN_REKOP_PACKETS,5m,225.81658407,226.30347965,224.81706307,225.51570456,320432.6626
1705604400000,SYN_REKOP_PACKETS,5m,225.51570456,226.0112735,224.49169454,225.18008305,332635.7846
1705604700000,SYN_REKOP_PACKETS,5m,225.18008305,225.68470777,224.15230559,224.8298763,342744.5332
1705605000000,SYN_REKOP_PACKETS,5m,224.8298763,225.34392934,223.82114274,224.48744656,350543.3603
1705605300000,SYN_REKOP_PACKETS,5m,224.48744656,225.01129723,223.51899762,224.17370605,355868.1646
1705605600000,SYN_REKOP_PACKETS,5m,224.17370605,224.7077196,223.26183077,223.90472918,358609.9493
1705605900000,SYN_REKOP_PACKETS,5m,223.90472918,224.44925793,223.05825898,223.68923005,358717.2513
1705606200000,SYN_REKOP_PACKETS,5m,223.68923005,224.24459749,222.90833595,223.52733697,356197.2871
1705606500000,SYN_REKOP_PACKETS,5m,223.52733697,224.09381723,222.80382446,223.41086272,351115.7918
1705606800000,SYN_REKOP_PACKETS,5m,223.41086272,223.98865869,222.7298996,223.32501066,343595.5519
1705607100000,SYN_REKOP_PACKETS,5m,223.32501066,223.91423463,222.66797778,223.25121011,333813.6676
1705607400000,SYN_REKOP_PACKETS,5m,223.25121011,223.85187046,222.59916927,223.17057778,321997.6033
1705607700000,SYN_REKOP_PACKETS,5m,223.17057778,223.78257441,222.50773652,223.06738543,308420.116
1705608000000,SYN_REKOP_PACKETS,5m,223.06738543,223.69051513,222.38393005,222.93190412,293393.1731
1705608300000,SYN_REKOP_PACKETS,5m,222.93190412,223.56587524,222.22567929,222.76210066,277260.9968
1705608600000,SYN_REKOP_PACKETS,5m,222.76210066,223.40655466,222.0388239,222.56387094,260392.3893
1705608900000,SYN_REKOP_PACKETS,5m,222.56387094,223.21840687,221.83584563,222.34977001,247163.1545
1705609200000,SYN_REKOP_PACKETS,5m,222.34977001,223.01396756,221.63334568,222.13648443,265149.1059
1705609500000,SYN_REKOP_PACKETS,5m,222.13648443,222.80992084,221.44874781,221.94152794,282695.7335
1705609800000,SYN_REKOP_PACKETS,5m,221.94152794,222.62378589,221.29684531,221.77978038,299420.7553
1705610100000,SYN_REKOP_PACKETS,5m,221.77978038,222.47044501,221.18682811,221.66050733,314960.1418
1705610400000,SYN_REKOP_PACKETS,5m,221.66050733,222.35915324,221.12032834,221.58540009,328976.2307
1705610700000,SYN_REKOP_PACKETS,5m,221.58540009,222.29157089,221.09083394,221.54798649,341165.2541
1705611000000,SYN_REKOP_PACKETS,5m,221.54798649,222.26117107,221.08457752,221.53451987,351264.1096
1705611300000,SYN_REKOP_PACKETS,5m,221.53451987,222.25413051,221.08275027,221.52619586,359056.2254
1705611600000,SYN_REKOP_PACKETS,5m,221.52619586,222.25155286,221.06465733,221.50231286,364376.3873
1705611900000,SYN_REKOP_PACKETS,5m,221.50231286,222.23263967,221.01125823,221.44381856,367114.4219
1705612200000,SYN_REKOP_PACKETS,5m,221.44381856,222.17824918,220.90845447,221.3366039,367217.6511
1705612500000,SYN_REKOP_PACKETS,5m,221.3366039,222.07420225,220.74951916,221.17393798,364692.0667
1705612800000,SYN_REKOP_PACKETS,5m,221.17393798,221.91372651,220.53621199,220.95758663,359602.1952
1705613100000,SYN_REKOP_PACKETS,5m,220.95758663,221.69857965,220.27836598,220.69740028,352069.6589
1705613400000,SYN_REKOP_PACKETS,5m,220.69740028,221.43863644,219.99202174,220.40944693,342270.4636
1705613700000,SYN_REKOP_PACKETS,5m,220.40944693,221.15001543,219.69646098,220.11304208,330431.0742
1705614000000,SYN_REKOP_PACKETS,5m,220.11304208,220.85209856,219.4106943,219.82723129,316823.3646
1705614300000,SYN_REKOP_PACKETS,5m,219.82723129,220.56400118,219.15004944,219.56737252,301758.5565
1705614600000,SYN_REKOP_PACKETS,5m,219.56737252,220.30114221,218.92347391,219.34243293,285580.2795
1705614900000,SYN_REKOP_PACKETS,5m,219.34243293,220.07253148,218.73202465,219.15347387,268656.9104
1705615200000,SYN_REKOP_PACKETS,5m,219.15347387,219.87924961,218.56879961,218.99357961,254624.5387
1705615500000,SYN_REKOP_PACKETS,5m,218.99357961,219.71437688,218.42031188,218.84923091,272547.7704
1705615800000,SYN_REKOP_PACKETS,5m,218.84923091,219.56437217,218.26905621,218.70287341,290039.0828
1705616100000,SYN_REKOP_PACKETS,5m,218.70287341,219.41165067,218.09680764,218.53622046,306715.9083
1705616400000,SYN_REKOP_PACKETS,5m,218.53622046,219.23789825,217.88805695,218.33369431,322213.7572
1705616700000,SYN_REKOP_PACKETS,5m,218.33369431,219.02752405,217.63295347,218.08537563,336194.3425
1705617000000,SYN_REKOP_PACKETS,5m,218.08537563,218.77061913,217.32920797,217.7889127,348353.1215
1705617300000,SYN_REKOP_PACKETS,5m,217.7889127,218.4648707,216.9825966,217.45003038,358426.0842
1705617600000,SYN_REKOP_PACKETS,5m,217.45003038,218.11607106,216.60597074,217.08154272,366195.6386
1705617900000,SYN_REKOP_PACKETS,5m,217.08154272,217.73712517,216.21696291,216.70105856,371495.4609
1705618200000,SYN_REKOP_PACKETS,5m,216.70105856,217.34574744,215.83482459,216.32781626,374214.2033
1705618500000,SYN_REKOP_PACKETS,5m,216.32781626,216.96128549,215.47698883,215.97924063,374297.9752
1705618800000,SYN_REKOP_PACKETS,5m,215.97924063,216.6012661,215.15598934,215.66785489,371751.5444
1705619100000,SYN_REKOP_PACKETS,5m,215.66785489,216.27829841,214.87728971,215.39910243,366638.2302
1705619400000,SYN_REKOP_PACKETS,5m,215.39910243,215.9978904,214.63840335,215.17046066,359078.4906
1705619700000,SYN_REKOP_PACKETS,5m,215.17046066,215.7575618,214.42945295,214.97199673,349247.2369
1705620000000,SYN_REKOP_PACKETS,5m,214.97199673,215.54740316,214.23506674,214.78826329,337369.9333
1705620300000,SYN_REKOP_PACKETS,5m,214.78826329,215.35197836,214.03727529,214.6011986,323717.5699
1705620600000,SYN_REKOP_PACKETS,5m,214.6011986,215.15323343,213.81889362,214.39351508,308600.6204
1705620900000,SYN_REKOP_PACKETS,5m,214.39351508,214.93389406,213.56677812,214.1519651,292362.1203
1705621200000,SYN_REKOP_PACKETS,5m,214.1519651,214.68073892,213.27435989,213.86988388,275370.0183
1705621500000,SYN_REKOP_PACKETS,5m,213.86988388,214.38714732,212.94298038,213.54853383,260520.6558
1705621800000,SYN_REKOP_PACKETS,5m,213.54853383,214.05444453,212.58177503,213.19699413,278367.1479
1705622100000,SYN_REKOP_PACKETS,5m,213.19699413,213.69178884,212.20612421,212.83061372,295789.2774
1705622400000,SYN_REKOP_PACKETS,5m,212.83061372,213.31461881,211.83496211,212.46831774,312404.1961
1705622700000,SYN_REKOP_PACKETS,5m,212.46831774,212.94195217,211.487445,212.12926923,327846.9589
1705623000000,SYN_REKOP_PACKETS,5m,212.12926923,212.59303942,211.1795899,211.82949839,341778.6589
1705623300000,SYN_REKOP_PACKETS,5m,211.82949839,212.28398592,210.9214861,211.57910343,353893.9826
1705623600000,SYN_REKOP_PACKETS,5m,211.57910343,212.02494783,210.71556597,211.38051187,363928.0161
1705623900000,SYN_REKOP_PACKETS,5m,211.38051187,211.81839099,210.55622646,211.22809503,371662.1507
1705624200000,SYN_REKOP_PACKETS,5m,211.22809503,211.65870615,210.43085493,211.10919131,376928.9558
1705624500000,SYN_REKOP_PACKETS,5m,211.10919131,211.53323546,210.32207175,211.00635085,379615.9116
1705624800000,SYN_REKOP_PACKETS,5m,211.00635085,211.42452227,210.21079077,210.90040269,379667.9165
1705625100000,SYN_REKOP_PACKETS,5m,210.90040269,211.31338436,210.07955213,210.77379757,377088.5157
1705625400000,SYN_REKOP_PACKETS,5m,210.77379757,211.18226273,209.91552478,210.61362206,371939.8212
1705625700000,SYN_REKOP_PACKETS,5m,210.61362206,211.01824062,209.71262767,210.41373062,364341.1273
1705626000000,SYN_REKOP_PACKETS,5m,210.41373062,210.81517859,209.47237507,210.17559918,354466.2499
1705626300000,SYN_REKOP_PACKETS,5m,210.17559918,210.57456886,209.20328995,209.90774217,342539.6516
1705626600000,SYN_REKOP_PACKETS,5m,209.90774217,210.30495066,208.91900161,209.62380877,328831.4366
1705626900000,SYN_REKOP_PACKETS,5m,209.62380877,210.02000287,208.63539423,209.33972512,313651.3293
1705627200000,SYN_REKOP_PACKETS,5m,209.33972512,209.73568112,208.36734821,209.07042577,297341.7683
1705627500000,SYN_REKOP_PACKETS,5m,209.07042577,209.46694363,208.12568382,208.8267857,280270.2721
1705627800000,SYN_REKOP_PACKETS,5m,208.8267857,209.22467794,207.914869,208.61331739,264593.406
1705628100000,SYN_REKOP_PACKETS,5m,208.61331739,209.01339393,207.73190745,208.42705083,282352.4971
1705628400000,SYN_REKOP_PACKETS,5m,208.42705083,208.83010162,207.56660947,208.25780069,299694.9581
1705628700000,SYN_REKOP_PACKETS,5m,208.25780069,208.66457832,207.40320471,208.08978054,316237.6654
1705629000000,SYN_REKOP_PACKETS,5m,208.08978054,208.50098521,207.22302067,207.90428735,331615.2226
1705629300000,SYN_REKOP_PACKETS,5m,207.90428735,208.32055624,207.00775807,207.68298668,345488.1071
1705629600000,SYN_REKOP_PACKETS,5m,207.68298668,208.10488923,206.74277874,207.41121187,357550.2387
1705629900000,SYN_REKOP_PACKETS,5m,207.41121187,207.83925141,206.41980609,207.08067542,367535.8032
1705630200000,SYN_REKOP_PACKETS,5m,207.08067542,207.51529692,206.038536,206.69108805,375225.178
1705630500000,SYN_REKOP_PACKETS,5m,206.69108805,207.13269035,205.60685319,206.2503791,380449.8285
1705630800000,SYN_REKOP_PACKETS,5m,206.2503791,206.6993293,205.13961084,205.77347513,383096.0644
1705631100000,SYN_REKOP_PACKETS,5m,205.77347513,206.24293283,204.63870823,205.27986756,383107.5747
1705631400000,SYN_REKOP_PACKETS,5m,205.27986756,205.75469675,204.16401049,204.79042564,380486.6828
1705631700000,SYN_REKOP_PACKETS,5m,204.79042564,205.26348852,203.72195533,204.32404218,375294.2939
1705632000000,SYN_REKOP_PACKETS,5m,204.32404218,204.80581549,203.30378661,203.89471453,367648.5377
1705632300000,SYN_REKOP_PACKETS,5m,203.89471453,204.38551715,202.92992235,203.50956698,357722.1339
1705632600000,SYN_REKOP_PACKETS,5m,203.50956698,204.00968856,202.59983701,203.16814066,345738.5421
1705632900000,SYN_REKOP_PACKETS,5m,203.16814066,203.67782356,202.30609845,202.86304829,331966.979
1705633200000,SYN_REKOP_PACKETS,5m,202.86304829,203.38246947,202.03624342,202.58185324,316716.4169
1705633500000,SYN_REKOP_PACKETS,5m,202.58185324,203.11110942,201.77552246,202.309821,300328.6952
1705633800000,SYN_REKOP_PACKETS,5m,202.309821,202.84891999,201.51000964,202.03303721,283170.8988
1705634100000,SYN_REKOP_PACKETS,5m,202.03303721,202.58189727,201.22950389,201.74131727,266659.7972
1705634400000,SYN_REKOP_PACKETS,5m,201.74131727,202.29977509,200.92968064,201.43036474,284324.6163
1705634700000,SYN_REKOP_PACKETS,5m,201.43036474,201.9981907,200.61308623,201.10276969,301580.7307
1705635000000,SYN_REKOP_PACKETS,5m,201.10276969,201.6796879,200.28878299,200.76765432,318044.7452
1705635300000,SYN_REKOP_PACKETS,5m,200.76765432,201.35336358,199.97070869,200.43902962,333350.8168
1705635600000,SYN_REKOP_PACKETS,5m,200.43902962,201.03322136,199.67505788,200.13317104,347158.811
1705635900000,SYN_REKOP_PACKETS,5m,200.13317104,200.73554055,199.41717307,199.86550271,359161.8843
1705636200000,SYN_REKOP_PACKETS,5m,199.86550271,200.47575132,199.20851816,199.64756344,369093.3255
1705636500000,SYN_REKOP_PACKETS,5m,199.64756344,200.26539102,199.05428219,199.48460432,376732.5007
1705636800000,SYN_REKOP_PACKETS,5m,199.48460432,200.10969326,198.95204209,199.37424732,381909.7732
1705637100000,SYN_REKOP_PACKETS,5m,199.37424732,200.00624094,198.89172495,199.30644613,384510.2842
1705637400000,SYN_REKOP_PACKETS,5m,199.30644613,199.94492563,198.85688639,199.26476573,384476.5142
1705637700000,SYN_REKOP_PACKETS,5m,199.26476573,199.90923025,198.82709684,199.22877234,381809.5651
1705638000000,SYN_REKOP_PACKETS,5m,199.22877234,199.8786263,198.78103364,199.17713074,376569.1352
1705638300000,SYN_REKOP_PACKETS,5m,199.17713074,199.83168151,198.69974561,199.09087478,368872.1888
1705638600000,SYN_REKOP_PACKETS,5m,199.09087478,199.74934186,198.56951374,198.95627376,358890.3483
1705638900000,SYN_REKOP_PACKETS,5m,198.95627376,199.6178085,198.38379319,198.76677888,346846.0682
1705639200000,SYN_REKOP_PACKETS,5m,198.76677888,199.43049193,198.14388395,198.52369649,333007.6756
1705639500000,SYN_REKOP_PACKETS,5m,198.52369649,199.18868839,197.85821413,198.23547163,317683.3882
1705639800000,SYN_REKOP_PACKETS,5m,198.23547163,198.90086171,197.54038334,197.91572949,301214.4427
1705640100000,SYN_REKOP_PACKETS,5m,197.91572949,198.58067819,197.20634803,197.58045691,283967.4877
1705640400000,SYN_REKOP_PACKETS,5m,197.58045691,198.24417846,196.87128645,197.2448623,266619.4828
1705640700000,SYN_REKOP_PACKETS,5m,197.2448623,197.9066262,196.54672872,196.92050035,284187.2253
1705641000000,SYN_REKOP_PACKETS,5m,196.92050035,197.57962267,196.23847446,196.61318477,301354.3902
1705641300000,SYN_REKOP_PACKETS,5m,196.61318477,197.26901211,195.94566575,196.32205763,317737.3147
1705641600000,SYN_REKOP_PACKETS,5m,196.32205763,196.9739479,195.66116929,196.03996982,332969.7129
1705641900000,SYN_REKOP_PACKETS,5m,196.03996982,196.68727466,195.37318727,195.75509227,346710.8419
1705642200000,SYN_REKOP_PACKETS,5m,195.75509227,196.39714533,195.0677973,195.45345847,358653.0982
1705642500000,SYN_REKOP_PACKETS,5m,195.45345847,196.08957274,194.73195302,195.1219694,368528.876
1705642800000,SYN_REKOP_PACKETS,5m,195.1219694,195.75144477,194.35638686,194.75130183,376116.533
1705643100000,SYN_REKOP_PACKETS,5m,194.75130183,195.37344208,193.93786595,194.33817004,381245.3316
1705643400000,SYN_REKOP_PACKETS,5m,194.33817004,194.9523065,193.48036534,193.88650427,383799.2461
1705643700000,SYN_REKOP_PACKETS,5m,193.88650427,194.52788201,192.9705017,193.40731032,383719.5489
1705644000000,SYN_REKOP_PACKETS,5m,193.40731032,194.05494798,192.46217128,192.91722519,381006.1205
1705644300000,SYN_REKOP_PACKETS,5m,192.91722519,193.54447024,191.98059027,192.43603135,375717.4518
1705644600000,SYN_REKOP_PACKETS,5m,192.43603135,193.01726962,191.5468198,191.98358525,367969.3407
1705644900000,SYN_REKOP_PACKETS,5m,191.98358525,192.55025323,191.13546885,191.57671469,357932.3105
1705645200000,SYN_REKOP_PACKETS,5m,191.57671469,192.13307571,190.7772161,191.22663284,345827.8086
1705645500000,SYN_REKOP_PACKETS,5m,191.22663284,191.77261884,190.47935746,190.93731127,331923.2694
1705645800000,SYN_REKOP_PACKETS,5m,190.93731127,191.47290558,190.23825247,190.70507905,316526.1532
1705646100000,SYN_REKOP_PACKETS,5m,190.70507905,191.23029488,190.04351537,190.51950121,299977.0907
1705646400000,SYN_REKOP_PACKETS,5m,190.51950121,191.03436445,189.88000939,190.36537353,282642.2904
1705646700000,SYN_REKOP_PACKETS,5m,190.36537353,190.86991247,189.73060147,190.22548074,264905.3739
1705647000000,SYN_REKOP_PACKETS,5m,190.22548074,190.71972408,189.57919114,190.08363156,281930.9316
1705647300000,SYN_REKOP_PACKETS,5m,190.08363156,190.5676146,189.41347365,189.92742968,299010.7198
1705647600000,SYN_REKOP_PACKETS,5m,189.92742968,190.40120683,189.22693814,189.75028,315314.3331
1705647900000,SYN_REKOP_PACKETS,5m,189.75028,190.21394098,189.01973689,189.55226487,330475.0462
1705648200000,SYN_REKOP_PACKETS,5m,189.55226487,190.00595116,188.79827066,189.33973376,344151.5108
1705648500000,SYN_REKOP_PACKETS,5m,189.33973376,189.78365206,188.57357798,189.12369329,356035.3663
1705648800000,SYN_REKOP_PACKETS,5m,189.12369329,189.55812358,188.35884231,188.91731141,365858.1148
1705649100000,SYN_REKOP_PACKETS,5m,188.91731141,189.34260811,188.16649373,188.73301292,373397.107
1705649400000,SYN_REKOP_PACKETS,5m,188.73301292,189.14959911,188.00545015,188.57971228,378480.5064
1705649700000,SYN_REKOP_PACKETS,5m,188.57971228,188.98806814,187.87900798,188.46069561,380991.1209
1705650000000,SYN_REKOP_PACKETS,5m,188.46069561,188.86134321,187.7837685,188.37253955,380869.0153
1705650300000,SYN_REKOP_PACKETS,5m,188.37253955,188.76602643,187.70979835,188.3052673,378112.8482
1705650600000,SYN_REKOP_PACKETS,5m,188.3052673,188.69215154,187.64200607,188.24372448,372779.9021
1705650900000,SYN_REKOP_PACKETS,5m,188.24372448,188.62456335,187.56250262,188.1699433,364984.8072
1705651200000,SYN_REKOP_PACKETS,5m,188.1699433,188.54528699,187.45353638,188.06608489,354896.9854
1705651500000,SYN_REKOP_PACKETS,5m,188.06608489,188.43647574,187.30048118,187.91743727,342736.8746
1705651800000,SYN_REKOP_PACKETS,5m,187.91743727,188.28341416,187.09433409,187.71492374,328771.0137
1705652100000,SYN_REKOP_PACKETS,5m,187.71492374,188.07703026,186.83325842,187.45665525,313306.1016
1705652400000,SYN_REKOP_PACKETS,5m,187.45665525,187.81544977,186.52287967,187.14823259,296682.1597
1705652700000,SYN_REKOP_PACKETS,5m,187.14823259,187.50429809,186.17527641,186.80173912,279264.9521
1705653000000,SYN_REKOP_PACKETS,5m,186.80173912,187.15569065,185.80685645,186.43361405,261437.8314
1705653300000,SYN_REKOP_PACKETS,5m,186.43361405,186.78610215,185.43551804,186.06180641,277633.6171
1705653600000,SYN_REKOP_PACKETS,5m,186.06180641,186.4135156,185.07762222,185.70273751,294631.7053
1705653900000,SYN_REKOP_PACKETS,5m,185.70273751,186.05437967,184.74532489,185.36862209,310861.8826
1705654200000,SYN_REKOP_PACKETS,5m,185.36862209,185.72092539,184.44473731,185.06561928,325956.9869
1705654500000,SYN_REKOP_PACKETS,5m,185.06561928,185.41931395,184.17522495,184.79312479,339575.0675
1705654800000,SYN_REKOP_PACKETS,5m,184.79312479,185.14892769,183.92994867,184.54430967,351407.0091
1705655100000,SYN_REKOP_PACKETS,5m,184.54430967,184.90290953,183.69753451,184.30779228,361183.4236
1705655400000,SYN_REKOP_PACKETS,5m,184.30779228,184.6698376,183.4645623,184.07013289,368680.6563
1705655700000,SYN_REKOP_PACKETS,5m,184.07013289,184.43622414,183.21841744,183.81869439,373725.773
1705656000000,SYN_REKOP_PACKETS,5m,183.81869439,184.18938138,182.94998123,183.54434239,376200.4155
1705656300000,SYN_REKOP_PACKETS,5m,183.54434239,183.92012703,182.65565812,183.24348127,376043.4407
1705656600000,SYN_REKOP_PACKETS,5m,183.24348127,183.62482493,182.33835604,182.91904066,373252.2849
1705656900000,SYN_REKOP_PACKETS,5m,182.91904066,183.30637452,182.00723074,182.58022184,367883.021
1705657200000,SYN_REKOP_PACKETS,5m,182.58022184,182.97395818,181.67623926,182.24104908,360049.1093
1705657500000,SYN_REKOP_PACKETS,5m,182.24104908,182.64159091,181.3617732,181.91799688,349918.8682
1705657800000,SYN_REKOP_PACKETS,5m,181.91799688,182.32574377,181.07981221,181.6271348,337711.7229
1705658100000,SYN_REKOP_PACKETS,5m,181.6271348,182.04248329,180.84311893,181.3813129,323693.3135
1705658400000,SYN_REKOP_PACKETS,5m,181.3813129,181.80465068,180.65897858,181.1878927,308169.5739
1705658700000,SYN_REKOP_PACKETS,5m,181.1878927,181.61958707,180.52788001,181.04742207,291479.9118
1705659000000,SYN_REKOP_PACKETS,5m,181.04742207,181.48780412,180.44336463,180.95348155,273989.6424
1705659300000,SYN_REKOP_PACKETS,5m,180.95348155,181.40282837,180.39306741,180.89372637,256081.8451
1705659600000,SYN_REKOP_PACKETS,5m,180.89372637,181.35224428,180.36076993,180.85194408,271457.2305
1705659900000,SYN_REKOP_PACKETS,5m,180.85194408,181.31975567,180.32911054,180.81077166,288383.1587
1705660200000,SYN_REKOP_PACKETS,5m,180.81077166,181.28790907,180.28247619,180.75459533,304549.6225
1705660500000,SYN_REKOP_PACKETS,5m,180.75459533,181.24100125,180.20955989,180.67211559,319589.0259
1705660800000,SYN_REKOP_PACKETS,5m,180.67211559,181.16765196,180.10511876,180.55811099,333158.8182
1705661100000,SYN_REKOP_PACKETS,5m,180.55811099,181.06257405,179.97060889,180.41407591,344949.1313
1705661400000,SYN_REKOP_PACKETS,5m,180.41407591,180.927215,179.8135819,180.2476167,354689.6887
1705661700000,SYN_REKOP_PACKETS,5m,180.2476167,180.76915331,179.64596234,180.07072572,362155.8317
1705662000000,SYN_REKOP_PACKETS,5m,180.07072572,180.60036918,179.48153682,179.89726467,367173.5285
1705662300000,SYN_REKOP_PACKETS,5m,179.89726467,180.43472158,179.33312954,179.74013327,369623.2552
1705662600000,SYN_REKOP_PACKETS,5m,179.74013327,180.28510873,179.20998908,179.60864931,369442.6606
1705662900000,SYN_REKOP_PACKETS,5m,179.60864931,180.16083991,179.1158629,179.50661772,366627.9576
1705663200000,SYN_REKOP_PACKETS,5m,179.50661772,180.0656976,179.04810446,179.43143432,361234.0076
1705663500000,SYN_REKOP_PACKETS,5m,179.43143432,179.99703738,178.99797115,179.37438312,353373.099
1705663800000,SYN_REKOP_PACKETS,5m,179.37438312,179.94608504,178.95206196,179.32207555,343212.444
1705664100000,SYN_REKOP_PACKETS,5m,179.32207555,179.89937963,178.89464287,179.25877969,330970.4518
1705664400000,SYN_REKOP_PACKETS,5m,179.25877969,179.84110995,178.81044799,179.16922632,316911.8598
1705664700000,SYN_REKOP_PACKETS,5m,179.16922632,179.75593007,178.68745107,179.04138576,301341.8331
1705665000000,SYN_REKOP_PACKETS,5m,179.04138576,179.63174593,178.51909712,178.86870423,284599.1609
1705665300000,SYN_REKOP_PACKETS,5m,178.86870423,179.46196014,178.3055747,178.65137948,267048.705
1705665600000,SYN_REKOP_PACKETS,5m,178.65137948,179.24675284,178.05388494,178.39643133,249073.2664
1705665900000,SYN_REKOP_PACKETS,5m,178.39643133,178.99315316,177.77669045,178.11654987,263641.1162
1705666200000,SYN_REKOP_PACKETS,5m,178.11654987,178.71388407,177.49015989,177.82793758,280507.8877
1705666500000,SYN_REKOP_PACKETS,5m,177.82793758,178.42519703,177.2112115,177.54754872,296623.801
1705666800000,SYN_REKOP_PACKETS,5m,177.54754872,178.14410184,176.95466386,177.29023536,311620.8288
1705667100000,SYN_REKOP_PACKETS,5m,177.29023536,177.88550241,176.73080798,177.06631467,325155.8223
1705667400000,SYN_REKOP_PACKETS,5m,177.06631467,177.65975527,176.54382637,176.87998391,336918.1624
1705667700000,SYN_REKOP_PACKETS,5m,176.87998391,177.47107902,176.3913264,176.7288512,346636.6856
1705668000000,SYN_REKOP_PACKETS,5m,176.7288512,177.31708342,176.26505655,176.6046508,354085.7299
1705668300000,SYN_REKOP_PACKETS,5m,176.6046508,177.18948745,176.15266888,176.49500665,359090.1666
1705668600000,SYN_REKOP_PACKETS,5m,176.49500665,177.0758893,176.04020911,176.38592524,361529.3058
1705668900000,SYN_REKOP_PACKETS,5m,176.38592524,176.96226808,175.91488526,176.26456853,361339.5875
1705669200000,SYN_REKOP_PACKETS,5m,176.26456853,176.83576624,175.76760994,176.12180122,358515.9995
1705669500000,SYN_REKOP_PACKETS,5m,176.12180122,176.68724523,175.59484536,175.9540408,353112.1904
1705669800000,SYN_REKOP_PACKETS,5m,175.9540408,176.51314108,175.3994037,175.76406213,345239.2739
1705670100000,SYN_REKOP_PACKETS,5m,175.76406213,176.31627052,175.1900494,175.56060234,335063.353
1705670400000,SYN_REKOP_PACKETS,5m,175.56060234,176.10543342,174.97997703,175.35683911,322801.8172
1705670700000,SYN_REKOP_PACKETS,5m,175.35683911,175.89388488,174.78445072,175.16802836,308718.4976
1705671000000,SYN_REKOP_PACKETS,5m,175.16802836,175.69696438,174.61804535,175.00874148,293117.7856
1705671300000,SYN_REKOP_PACKETS,5m,175.00874148,175.5293239,174.49199541,174.89020888,276337.8474
1705671600000,SYN_REKOP_PACKETS,5m,174.89020888,175.40226333,174.41212827,174.81824742,258743.0864
1705671900000,SYN_REKOP_PACKETS,5m,174.81824742,175.32165237,174.37774625,174.7921371,240716.0199
1705672200000,SYN_REKOP_PACKETS,5m,174.7921371,175.29930964,174.36914636,174.80464165,254492.1557
1705672500000,SYN_REKOP_PACKETS,5m,174.80464165,175.32902955,174.37277766,174.84316917,271315.6943
1705672800000,SYN_REKOP_PACKETS,5m,174.84316917,175.36885915,174.40222899,174.8918727,287397.1119
1705673100000,SYN_REKOP_PACKETS,5m,174.8918727,175.40237043,174.44173533,174.93432548,302367.9515
1705673400000,SYN_REKOP_PACKETS,5m,174.93432548,175.41533532,174.47495715,174.95629844,315884.4682
1705673700000,SYN_REKOP_PACKETS,5m,174.95629844,175.40627098,174.47959152,174.94813955,327635.2935
1705674000000,SYN_REKOP_PACKETS,5m,174.94813955,175.38901633,174.42871691,174.90631786,337348.3778
1705674300000,SYN_REKOP_PACKETS,5m,174.90631786,175.33810914,174.34737783,174.83384472,344797.0566
1705674600000,SYN_REKOP_PACKETS,5m,174.83384472,175.2566184,174.2443898,174.73949381,349805.1045
1705674900000,SYN_REKOP_PACKETS,5m,174.73949381,175.15338754,174.13248158,174.63597019,352250.665
1705675200000,SYN_REKOP_PACKETS,5m,174.63597019,175.04119765,174.02576522,174.5373766,352068.9684
1705675500000,SYN_REKOP_PACKETS,5m,174.5373766,174.93422685,173.93698175,174.45645273,349253.776
1705675800000,SYN_REKOP_PACKETS,5m,174.45645273,174.84528311,173.87503076,174.40209675,343857.5211
1705676100000,SYN_REKOP_PACKETS,5m,174.40209675,174.78332073,173.84323081,174.37761783,335990.1403
1705676400000,SYN_REKOP_PACKETS,5m,174.37761783,174.75410203,173.83620744,174.38002993,325816.6239
1705676700000,SYN_REKOP_PACKETS,5m,174.38002993,174.76791115,173.83193518,174.40051074,313553.3383
1705677000000,SYN_REKOP_PACKETS,5m,174.40051074,174.78716621,173.84612927,174.425945,299463.2037
1705677300000,SYN_REKOP_PACKETS,5m,174.425945,174.79681817,173.86574615,174.44128081,283849.8332
1705677600000,SYN_REKOP_PACKETS,5m,174.44128081,174.79162808,173.86681047,174.43227993,267050.7653
1705677900000,SYN_REKOP_PACKETS,5m,174.43227993,174.77792999,173.81804487,174.38816428,249429.9394
1705678200000,SYN_REKOP_PACKETS,5m,174.38816428,174.72961438,173.72958194,174.3036697,231369.5839
1705678500000,SYN_REKOP_PACKETS,5m,174.3036697,174.64142964,173.6027853,174.18011963,244372.1262
1705678800000,SYN_REKOP_PACKETS,5m,174.18011963,174.5147211,173.44546742,174.02531158,261170.6137
1705679100000,SYN_REKOP_PACKETS,5m,174.02531158,174.35731652,173.27060589,173.85223384,277235.8138
1705679400000,SYN_REKOP_PACKETS,5m,173.85223384,174.18224001,173.09413425,173.6768523,292198.8419
1705679700000,SYN_REKOP_PACKETS,5m,173.6768523,174.00549474,172.93221908,173.51538012,305715.3585
1705680000000,SYN_REKOP_PACKETS,5m,173.51538012,173.84332778,172.79852362,173.3815317,317473.247
1705680300000,SYN_REKOP_PACKETS,5m,173.3815317,173.70947958,172.70194955,173.28425471,327199.5727
1705680600000,SYN_REKOP_PACKETS,5m,173.28425471,173.61291211,172.64525233,173.22633727,334666.6689
1705680900000,SYN_REKOP_PACKETS,5m,173.22633727,173.55641381,172.62476409,173.20412582,339697.2135
1705681200000,SYN_REKOP_PACKETS,5m,173.20412582,173.54058446,172.62699515,173.20839346,342168.1829
1705681500000,SYN_REKOP_PACKETS,5m,173.20839346,173.56117219,172.63402253,173.22619906,342013.5964
1705681800000,SYN_REKOP_PACKETS,5m,173.22619906,173.58178986,172.65514652,173.24340485,339225.9874
1705682100000,SYN_REKOP_PACKETS,5m,173.24340485,173.5897831,172.67625963,173.24740044,333856.5713
1705682400000,SYN_REKOP_PACKETS,5m,173.24740044,173.59432141,172.66690893,173.22953681,326014.1047
1705682700000,SYN_REKOP_PACKETS,5m,173.22953681,173.58149536,172.62932261,173.18681913,315862.4619
1705683000000,SYN_REKOP_PACKETS,5m,173.18681913,173.5442807,172.57076932,173.12253854,303616.9823
1705683300000,SYN_REKOP_PACKETS,5m,173.12253854,173.48594455,172.50023362,173.04572094,289539.6706
1705683600000,SYN_REKOP_PACKETS,5m,173.04572094,173.41549864,172.43078208,172.96949441,273933.3572
1705683900000,SYN_REKOP_PACKETS,5m,172.96949441,173.34606473,172.37716224,172.90868177,257134.9472
1705684200000,SYN_REKOP_PACKETS,5m,172.90868177,173.292463,172.3530766,172.87706595,239507.9112
1705684500000,SYN_REKOP_PACKETS,5m,172.87706595,173.27623543,172.36086755,172.88482923,221434.1826
1705684800000,SYN_REKOP_PACKETS,5m,172.88482923,173.33606075,172.37661756,172.93662706,233682.799
1705685100000,SYN_REKOP_PACKETS,5m,172.93662706,173.43847696,172.43654959,173.03063714,250475.919
1705685400000,SYN_REKOP_PACKETS,5m,173.03063714,173.57533552,172.53881129,173.15875052,266544.6439
1705685700000,SYN_REKOP_PACKETS,5m,173.15875052,173.73348655,172.67528001,173.30787362,281519.6631
1705686000000,SYN_REKOP_PACKETS,5m,173.30787362,173.89697023,172.83285963,173.46211788,295056.0443
1705686300000,SYN_REKOP_PACKETS,5m,173.46211788,174.04971743,172.99566319,173.605496,306840.9236
1705686600000,SYN_REKOP_PACKETS,5m,173.605496,174.17828087,173.14770131,173.72464671,316600.4822
1705686900000,SYN_REKOP_PACKETS,5m,173.72464671,174.27410203,173.27560006,173.81109428,324106.0515
1705687200000,SYN_REKOP_PACKETS,5m,173.81109428,174.05309189,173.63709524,173.86643291,182769.7301
1705687500000,SYN_REKOP_PACKETS,5m,173.86643291,174.11201508,173.69591732,173.92175782,185050.688
1705687800000,SYN_REKOP_PACKETS,5m,173.92175782,174.17072881,173.7546782,173.97692079,186269.9684
1705688100000,SYN_REKOP_PACKETS,5m,173.97692079,174.22909715,173.81321214,174.0318037,186410.726
1705688400000,SYN_REKOP_PACKETS,5m,174.0318037,174.28701436,173.8713838,174.08631826,185473.7691
1705688700000,SYN_REKOP_PACKETS,5m,174.08631826,174.34440385,173.92908806,174.14040493,183477.5463
1705689000000,SYN_REKOP_PACKETS,5m,174.14040493,174.40121648,173.98624897,174.1940311,180457.8447
1705689300000,SYN_REKOP_PACKETS,5m,174.1940311,174.45742825,174.04281807,174.24718867,176467.2032
1705689600000,SYN_REKOP_PACKETS,5m,174.24718867,174.51303737,174.09877204,174.29989108,171574.0531
1705689900000,SYN_REKOP_PACKETS,5m,174.29989108,174.568061,174.15410984,174.35216996,165861.5976
1705690200000,SYN_REKOP_PACKETS,5m,174.35216996,174.6225317,174.2088494,174.40407151,159426.4496
1705690500000,SYN_REKOP_PACKETS,5m,174.40407151,174.67649371,174.26302406,174.45565272,152377.0502
1705690800000,SYN_REKOP_PACKETS,5m,174.45565272,174.72999926,174.31667891,174.50697758,144831.8937
1705691100000,SYN_REKOP_PACKETS,5m,174.50697758,174.78310498,174.36986706,174.55811352,136917.5877
1705691400000,SYN_REKOP_PACKETS,5m,174.55811352,174.83586864,174.42264607,174.60912799,128766.7809
1705691700000,SYN_REKOP_PACKETS,5m,174.60912799,174.8883462,174.47507468,174.66008557,125195.0235
1705692000000,SYN_REKOP_PACKETS,5m,174.66008557,174.9405894,174.52720986,174.71104543,133786.9978
1705692300000,SYN_REKOP_PACKETS,5m,174.71104543,174.99264393,174.57910441,174.76205953,142203.0098
1705692600000,SYN_REKOP_PACKETS,5m,174.76205953,175.04454823,174.63080513,174.81317135,150308.3954
1705692900000,SYN_REKOP_PACKETS,5m,174.81317135,175.09633299,174.6823516,174.86441542,157973.5723
1705693200000,SYN_REKOP_PACKETS,5m,174.86441542,175.1480214,174.7337757,174.91581746,165076.1618
1705693500000,SYN_REKOP_PACKETS,5m,174.91581746,175.19963006,174.78510183,174.96739537,171502.991
1705693800000,SYN_REKOP_PACKETS,5m,174.96739537,175.25117058,174.83634782,175.01916078,177151.9458
1705694100000,SYN_REKOP_PACKETS,5m,175.01916078,175.30265186,174.88752656,175.07112132,181933.6419
1705694400000,SYN_REKOP_PACKETS,5m,175.07112132,175.3540828,174.9386482,175.12328335,185772.8879
1705694700000,SYN_REKOP_PACKETS,5m,175.12328335,175.40547554,174.9897229,175.17565517,188609.9157
1705695000000,SYN_REKOP_PACKETS,5m,175.17565517,175.4568489,175.04076402,175.22825058,190401.3591
1705695300000,SYN_REKOP_PACKETS,5m,175.22825058,175.50823212,175.09179161,175.28109247,191120.9631
1705695600000,SYN_REKOP_PACKETS,5m,175.28109247,175.55966843,175.14283604,175.33421659,190760.014
1705695900000,SYN_REKOP_PACKETS,5m,175.33421659,175.61121859,175.19394167,175.38767501,189327.4811
1705696200000,SYN_REKOP_PACKETS,5m,175.38767501,175.66296405,175.24517027,175.44153937,186849.8708
1705696500000,SYN_REKOP_PACKETS,5m,175.44153937,175.71500963,175.29660424,175.49590356,183370.7917
1705696800000,SYN_REKOP_PACKETS,5m,175.49590356,175.7674855,175.34834924,175.55088582,178950.2411
1705697100000,SYN_REKOP_PACKETS,5m,175.55088582,175.82054847,175.40053617,175.60663003,173663.6227
1705697400000,SYN_REKOP_PACKETS,5m,175.60663003,175.87438228,175.45332246,175.6633061,167600.5122
1705697700000,SYN_REKOP_PACKETS,5m,175.6633061,175.92919691,175.50689234,175.72110931,160863.191
1705698000000,SYN_REKOP_PACKETS,5m,175.72110931,175.98522682,175.56145613,175.78025869,153564.9717
1705698300000,SYN_REKOP_PACKETS,5m,175.78025869,176.04272808,175.61724855,175.8409942,145828.3434
1705698600000,SYN_REKOP_PACKETS,5m,175.8409942,176.10197442,175.67452576,175.90357279,137782.9664
1705698900000,SYN_REKOP_PACKETS,5m,175.90357279,176.1632521,175.73356145,175.96826353,129563.5497
1705699200000,SYN_REKOP_PACKETS,5m,175.96826353,176.22685397,175.79464177,176.03534158,133769.0964
1705699500000,SYN_REKOP_PACKETS,5m,176.03534158,176.29307245,175.8580593,176.1050814,142291.0738
1705699800000,SYN_REKOP_PACKETS,5m,176.1050814,176.362192,175.92410613,176.17774922,150574.241
1705700100000,SYN_REKOP_PACKETS,5m,176.17774922,176.43448088,175.9930663,176.25359497,158486.0097
1705700400000,SYN_REKOP_PACKETS,5m,176.25359497,176.51018266,176.06520756,176.33284386,165899.8657
1705700700000,SYN_REKOP_PACKETS,5m,176.33284386,176.58950772,176.14077298,176.41568795,172697.439
1705701000000,SYN_REKOP_PACKETS,5m,176.41568795,176.67262481,176.21997238,176.50227783,178770.4412
1705701300000,SYN_REKOP_PACKETS,5m,176.50227783,176.75965318,176.30297395,176.59271483,184022.4383
1705701600000,SYN_REKOP_PACKETS,5m,176.59271483,176.85065536,176.38989639,176.68704392,188370.4288
1705701900000,SYN_REKOP_PACKETS,5m,176.68704392,176.94563097,176.48080169,176.78524758,191746.2023
1705702200000,SYN_REKOP_PACKETS,5m,176.78524758,177.04451187,176.57568905,176.88724101,194097.4555
1705702500000,SYN_REKOP_PACKETS,5m,176.88724101,177.14715865,176.67448986,176.99286878,195388.6489
1705702800000,SYN_REKOP_PACKETS,5m,176.99286878,177.253359,176.77706441,177.10190316,195601.5879
1705703100000,SYN_REKOP_PACKETS,5m,177.10190316,177.36282784,176.8832001,177.21404446,194735.7205
1705703400000,SYN_REKOP_PACKETS,5m,177.21404446,177.47520953,176.99261167,177.32892317,192808.1465
1705703700000,SYN_REKOP_PACKETS,5m,177.32892317,177.59008209,177.10494338,177.44610437,189853.3371
1705704000000,SYN_REKOP_PACKETS,5m,177.44610437,177.70696358,177.21977321,177.56509407,185922.5709
1705704300000,SYN_REKOP_PACKETS,5m,177.56509407,177.82532047,177.33661925,177.68534773,181083.0941
1705704600000,SYN_REKOP_PACKETS,5m,177.68534773,177.94457798,177.45494805,177.80628056,175417.0199
1705704900000,SYN_REKOP_PACKETS,5m,177.80628056,178.06413215,177.57418495,177.92727973,169019.984
1705705200000,SYN_REKOP_PACKETS,5m,177.92727973,178.18336346,177.69372613,178.04771795,161999.5794
1705705500000,SYN_REKOP_PACKETS,5m,178.04771795,178.3016516,177.81295217,178.16696836,154473.5949
1705705800000,SYN_REKOP_PACKETS,5m,178.16696836,178.4183912,177.93124288,178.28442022,146568.0867
1705706100000,SYN_REKOP_PACKETS,5m,178.28442022,178.53300791,178.04799288,178.39949508,138415.3157
1705706400000,SYN_REKOP_PACKETS,5m,178.39949508,178.64497456,178.16262777,178.51166291,133531.6584
1705706700000,SYN_REKOP_PACKETS,5m,178.51166291,178.75382683,178.2746202,178.62045784,142115.3597
1705707000000,SYN_REKOP_PACKETS,5m,178.62045784,178.85917804,178.38350553,178.7254929,150533.2083
1705707300000,SYN_REKOP_PACKETS,5m,178.7254929,178.96073245,178.48889658,178.82647337,158650.24
1705707600000,SYN_REKOP_PACKETS,5m,178.82647337,179.05829683,178.59049697,178.9232083,166336.4063
1705707900000,SYN_REKOP_PACKETS,5m,178.9232083,179.15178959,178.68811257,179.01561967,173468.7022
1705708200000,SYN_REKOP_PACKETS,5m,179.01561967,179.2412474,178.78166072,179.10374895,179933.18
1705708500000,SYN_REKOP_PACKETS,5m,179.10374895,179.32682879,178.87117679,179.18776067,185626.8142
1705708800000,SYN_REKOP_PACKETS,5m,179.18776067,179.40881453,178.95681778,179.26794282,190459.1874
1705709100000,SYN_REKOP_PACKETS,5m,179.26794282,179.48760481,179.03886276,179.34470389,194353.9711
1705709400000,SYN_REKOP_PACKETS,5m,179.34470389,179.56371294,179.11770997,179.4185666,197250.1738
1705709700000,SYN_REKOP_PACKETS,5m,179.4185666,179.63775579,179.19387061,179.49015825,199103.1403
1705710000000,SYN_REKOP_PACKETS,5m,179.49015825,179.71044112,179.2679593,179.56019798,199885.2817
1705710300000,SYN_REKOP_PACKETS,5m,179.56019798,179.782552,179.3406814,179.62948117,199586.5275
1705710600000,SYN_REKOP_PACKETS,5m,179.62948117,179.85492874,179.4128175,179.69886124,198214.4897
1705710900000,SYN_REKOP_PACKETS,5m,179.69886124,179.92844873,179.48520536,179.76922948,195794.3388
1705711200000,SYN_REKOP_PACKETS,5m,179.76922948,180.00400474,179.55871982,179.84149326,192368.3911
1705711500000,SYN_REKOP_PACKETS,5m,179.84149326,180.08248226,179.63425113,179.91655328,187995.416
1705711800000,SYN_REKOP_PACKETS,5m,179.91655328,180.16473645,179.71268235,179.99528053,182749.6742
1705712100000,SYN_REKOP_PACKETS,5m,179.99528053,180.25156946,179.79486634,180.07849344,176719.7018
1705712400000,SYN_REKOP_PACKETS,5m,180.07849344,180.34370861,179.88160309,180.16693609,170006.8612
1705712700000,SYN_REKOP_PACKETS,5m,180.16693609,180.44178624,179.97361802,180.26125792,162723.6812
1705713000000,SYN_REKOP_PACKETS,5m,180.26125792,180.54632166,180.07154178,180.36199568,154992.0159
1705713300000,SYN_REKOP_PACKETS,5m,180.36199568,180.6577059,180.17589233,180.46955812,146941.0493
1705713600000,SYN_REKOP_PACKETS,5m,180.46955812,180.77618969,180.28705964,180.58421384,138705.1806
1705713900000,SYN_REKOP_PACKETS,5m,180.58421384,180.90187502,180.40529375,180.70608287,141588.9291
1705714200000,SYN_REKOP_PACKETS,5m,180.70608287,181.03471062,180.53069632,180.83513205,150097.9338
1705714500000,SYN_REKOP_PACKETS,5m,180.83513205,181.17449165,180.66321615,180.97117464,158378.1432
1705714800000,SYN_REKOP_PACKETS,5m,180.97117464,181.32086342,180.80264885,181.11387402,166296.5922
1705715100000,SYN_REKOP_PACKETS,5m,181.11387402,181.47332943,180.94864057,181.2627516,173726.2255
1705715400000,SYN_REKOP_PACKETS,5m,181.2627516,181.63126328,181.10069603,181.41719864,180547.9774
1705715700000,SYN_REKOP_PACKETS,5m,181.41719864,181.79392428,181.25819038,181.57649185,186652.7203
1705716000000,SYN_REKOP_PACKETS,5m,181.57649185,181.96047636,181.42038483,181.73981216,191943.0511
1705716300000,SYN_REKOP_PACKETS,5m,181.73981216,182.13000977,181.58644552,181.9062663,196334.8854
1705716600000,SYN_REKOP_PACKETS,5m,181.9062663,182.30276224,181.75466851,182.07491053,199758.8337
1705716900000,SYN_REKOP_PACKETS,5m,182.07491053,182.47682372,181.92476155,182.24477581,202161.3371
