timestamp_ms,symbol,timeframe,open,high,low,close,volume
1704817200000,SYN_REKOP_WIDTH,5m,204.6801106,205.13204428,204.38267541,204.63688811,272712.306
1704817500000,SYN_REKOP_WIDTH,5m,204.63688811,205.08847723,204.35286737,204.60727551,272534.9101
1704817800000,SYN_REKOP_WIDTH,5m,204.60727551,205.05805348,204.32948246,204.58459959,270275.9025
1704818100000,SYN_REKOP_WIDTH,5m,204.58459959,205.03408898,204.30429881,204.56062629,265977.093
1704818400000,SYN_REKOP_WIDTH,5m,204.56062629,205.00833792,204.26940727,204.52742979,259725.7484
1704818700000,SYN_REKOP_WIDTH,5m,204.52742979,204.97286614,204.21901466,204.47919795,251652.6476
1704819000000,SYN_REKOP_WIDTH,5m,204.47919795,204.92186052,204.15084351,204.41363418,241929.1669
1704819300000,SYN_REKOP_WIDTH,5m,204.41363418,204.85303389,204.0668609,204.33268822,230763.4604
1704819600000,SYN_REKOP_WIDTH,5m,204.33268822,204.76835712,203.97319304,204.2424719,218395.82
1704819900000,SYN_REKOP_WIDTH,5m,204.2424719,204.67397419,203.87923404,204.15236828,205093.319
1704820200000,SYN_REKOP_WIDTH,5m,204.15236828,204.57930887,203.79610877,204.07349385,191143.8591
1704820500000,SYN_REKOP_WIDTH,5m,204.07349385,204.49552319,203.73476912,204.01679333,176849.7527
1704820800000,SYN_REKOP_WIDTH,5m,204.01679333,204.4336078,203.70406908,203.99111254,187329.8908
1704821100000,SYN_REKOP_WIDTH,5m,203.99111254,204.41293391,203.69868132,204.00159579,200597.9084
1704821400000,SYN_REKOP_WIDTH,5m,204.00159579,204.45432943,203.70342579,204.04869393,213284.4128
1704821700000,SYN_REKOP_WIDTH,5m,204.04869393,204.52769275,203.7444592,204.12795949,225097.8519
1704822000000,SYN_REKOP_WIDTH,5m,204.12795949,204.62431728,203.81736766,204.23066765,235766.1292
1704822300000,SYN_REKOP_WIDTH,5m,204.23066765,204.73255427,203.91346812,204.345158,245042.6706
1704822600000,SYN_REKOP_WIDTH,5m,204.345158,204.83964717,204.02114865,204.45866572,252711.9222
1704822900000,SYN_REKOP_WIDTH,5m,204.45866572,204.93373636,204.1276971,204.55932258,258594.157
1704823200000,SYN_REKOP_WIDTH,5m,204.55932258,205.00567989,204.22129888,204.63797393,262549.4823
1704823500000,SYN_REKOP_WIDTH,5m,204.63797393,205.05036538,204.29285065,204.68948764,264480.9594
1704823800000,SYN_REKOP_WIDTH,5m,204.68948764,205.06727836,204.33726642,204.71332085,264336.7655
1704824100000,SYN_REKOP_WIDTH,5m,204.71332085,205.06030332,204.35396838,204.71324686,262111.35
1704824400000,SYN_REKOP_WIDTH,5m,204.71324686,205.05324394,204.33003781,204.69630144,257845.5588
1704824700000,SYN_REKOP_WIDTH,5m,204.69630144,205.02935184,204.29800133,204.67115316,252020.7216
1704825000000,SYN_REKOP_WIDTH,5m,204.67115316,204.997346,204.26628624,204.64620888,244766.6973
1704825300000,SYN_REKOP_WIDTH,5m,204.64620888,204.96568149,204.2412537,204.62781051,235858.9787
1704825600000,SYN_REKOP_WIDTH,5m,204.62781051,204.94074353,204.22582574,204.61885866,225504.9217
1704825900000,SYN_REKOP_WIDTH,5m,204.61885866,204.92546921,204.21879234,204.61811685,213944.1249
1704826200000,SYN_REKOP_WIDTH,5m,204.61811685,204.92085893,204.21271861,204.62032467,201443.0868
1704826500000,SYN_REKOP_WIDTH,5m,204.62032467,204.91505114,204.20588819,204.61710185,188289.2641
1704826800000,SYN_REKOP_WIDTH,5m,204.61710185,204.9063062,204.18175721,204.59848186,174784.6623
1704827100000,SYN_REKOP_WIDTH,5m,204.59848186,204.88246417,204.1329155,204.55479794,185468.2951
1704827400000,SYN_REKOP_WIDTH,5m,204.55479794,204.83387238,204.05193654,204.47857616,199531.0844
1704827700000,SYN_REKOP_WIDTH,5m,204.47857616,204.7530728,203.93512906,204.36608351,213018.697
1704828000000,SYN_REKOP_WIDTH,5m,204.36608351,204.63635176,203.7834433,204.21823803,225639.1682
1704828300000,SYN_REKOP_WIDTH,5m,204.21823803,204.48465056,203.60256335,204.04070374,237119.8569
1704828600000,SYN_REKOP_WIDTH,5m,204.04070374,204.30365992,203.40216016,203.84314441,247213.5225
1704828900000,SYN_REKOP_WIDTH,5m,203.84314441,204.10307246,203.19443689,203.63776768,255703.837
1704829200000,SYN_REKOP_WIDTH,5m,203.63776768,203.89512473,202.99222896,203.4374222,262410.2058
1704829500000,SYN_REKOP_WIDTH,5m,203.4374222,203.69269198,202.80700049,203.25358982,267191.7941
1704829800000,SYN_REKOP_WIDTH,5m,203.25358982,203.50727809,202.64709306,203.09462967,269950.6653
1704830100000,SYN_REKOP_WIDTH,5m,203.09462967,203.34725778,202.51653181,202.96458018,270633.9637
1704830400000,SYN_REKOP_WIDTH,5m,202.96458018,203.21667733,202.41459106,202.86272171,269235.092
1704830700000,SYN_REKOP_WIDTH,5m,202.86272171,203.114817,202.33618585,202.78396695,265793.8578
1704831000000,SYN_REKOP_WIDTH,5m,202.78396695,203.0365818,202.27301087,202.72000071,260395.585
1704831300000,SYN_REKOP_WIDTH,5m,202.72000071,202.97364266,202.21521791,202.66095996,253169.2111
1704831600000,SYN_REKOP_WIDTH,5m,202.66095996,202.91611836,202.15332753,202.59734944,244284.4116
1704831900000,SYN_REKOP_WIDTH,5m,202.59734944,202.85449325,202.08002778,202.52184482,233947.8167
1704832200000,SYN_REKOP_WIDTH,5m,202.52184482,202.78142263,201.99153151,202.43065407,222398.4034
1704832500000,SYN_REKOP_WIDTH,5m,202.43065407,202.69309584,201.88824304,202.32418703,209902.1678
1704832800000,SYN_REKOP_WIDTH,5m,202.32418703,202.58990694,201.77461289,202.20691142,196746.1933
1704833100000,SYN_REKOP_WIDTH,5m,202.20691142,202.47631094,201.65821095,202.08642527,183232.2501
1704833400000,SYN_REKOP_WIDTH,5m,202.08642527,202.3598955,201.54819502,201.97192296,193319.3099
1704833700000,SYN_REKOP_WIDTH,5m,201.97192296,202.24984542,201.45346326,201.87234392,207375.8599
1704834000000,SYN_REKOP_WIDTH,5m,201.87234392,202.15508924,201.38083523,201.7945495,220862.7399
1704834300000,SYN_REKOP_WIDTH,5m,201.7945495,202.08247366,201.33359771,201.74186474,233487.6507
1704834600000,SYN_REKOP_WIDTH,5m,201.74186474,202.03530328,201.3106826,201.71325349,244977.4844
1704834900000,SYN_REKOP_WIDTH,5m,201.71325349,202.01251408,201.30662946,201.7032796,255084.4121
1704835200000,SYN_REKOP_WIDTH,5m,201.7032796,202.00863412,201.31234556,201.70286735,263591.4083
1704835500000,SYN_REKOP_WIDTH,5m,201.70286735,202.01454454,201.31653427,201.70073197,270317.0887
1704835800000,SYN_REKOP_WIDTH,5m,201.70073197,202.01891179,201.30754258,201.68523029,275119.7529
1704836100000,SYN_REKOP_WIDTH,5m,201.68523029,202.010041,201.27529961,201.64630295,277900.5428
1704836400000,SYN_REKOP_WIDTH,5m,201.64630295,201.97782139,201.21299647,201.57715778,278605.6457
1704836700000,SYN_REKOP_WIDTH,5m,201.57715778,201.91541285,201.11820023,201.47538635,277227.4935
1704837000000,SYN_REKOP_WIDTH,5m,201.47538635,201.82036517,200.99319554,201.3433068,273804.9304
1704837300000,SYN_REKOP_WIDTH,5m,201.3433068,201.6949624,200.84448983,201.18746864,268422.3462
1704837600000,SYN_REKOP_WIDTH,5m,201.18746864,201.5457278,200.6815737,201.01741131,261207.7941
1704837900000,SYN_REKOP_WIDTH,5m,201.01741131,201.38218113,200.51516652,200.84390676,252330.1354
1704838200000,SYN_REKOP_WIDTH,5m,200.84390676,201.21507866,200.35526999,200.67700958,241995.2738
1704838500000,SYN_REKOP_WIDTH,5m,200.67700958,201.05445993,200.20938369,200.52426902,230441.5644
1704838800000,SYN_REKOP_WIDTH,5m,200.52426902,200.90785645,200.08120172,200.38942302,217934.4992
1704839100000,SYN_REKOP_WIDTH,5m,200.38942302,200.77898279,199.97001913,200.27180287,204760.7872
1704839400000,SYN_REKOP_WIDTH,5m,200.27180287,200.66713961,199.87094755,200.16654854,191221.9621
1704839700000,SYN_REKOP_WIDTH,5m,200.16654854,200.56742882,199.77589553,200.06558984,200696.7203
1704840000000,SYN_REKOP_WIDTH,5m,200.06558984,200.47173636,199.67513351,199.95921326,214731.3079
1704840300000,SYN_REKOP_WIDTH,5m,199.95921326,200.37030199,199.55915834,199.8379289,228201.7838
1704840600000,SYN_REKOP_WIDTH,5m,199.8379289,200.25359013,199.42051665,199.69429627,240815.5183
1704840900000,SYN_REKOP_WIDTH,5m,199.69429627,200.11411993,199.25525095,199.52437261,252298.941
1704841200000,SYN_REKOP_WIDTH,5m,199.52437261,199.94791706,199.06369965,199.32851428,262403.6383
1704841500000,SYN_REKOP_WIDTH,5m,199.32851428,199.75531748,198.85050108,199.11138126,270911.8914
1704841800000,SYN_REKOP_WIDTH,5m,199.11138126,199.54097245,198.62380054,198.88114361,277641.5288
1704842100000,SYN_REKOP_WIDTH,5m,198.88114361,199.31305375,198.39380905,198.64803886,282449.9875
1704842400000,SYN_REKOP_WIDTH,5m,198.64803886,199.08180803,198.1709826,198.42254916,285237.4905
1704842700000,SYN_REKOP_WIDTH,5m,198.42254916,198.85773,197.9641583,198.21353525,285949.27
1704843000000,SYN_REKOP_WIDTH,5m,198.21353525,198.6496921,197.77898788,198.02666773,284576.7886
1704843300000,SYN_REKOP_WIDTH,5m,198.02666773,198.46337204,197.61695077,197.86343845,281157.928
1704843600000,SYN_REKOP_WIDTH,5m,197.86343845,198.30026183,197.47512257,197.72092806,275776.1444
1704843900000,SYN_REKOP_WIDTH,5m,197.72092806,198.15743458,197.34673928,197.59236996,268558.6072
1704844200000,SYN_REKOP_WIDTH,5m,197.59236996,198.02810984,197.22245646,197.46841026,259673.3629
1704844500000,SYN_REKOP_WIDTH,5m,197.46841026,197.9029164,197.09207904,197.33883891,249325.5883
1704844800000,SYN_REKOP_WIDTH,5m,197.33883891,197.7716275,196.94645121,197.19448161,237753.0155
1704845100000,SYN_REKOP_WIDTH,5m,197.19448161,197.62505706,196.7791638,197.02890932,225220.6314
1704845400000,SYN_REKOP_WIDTH,5m,197.02890932,197.45677307,196.58776614,196.83965213,212014.769
1704845700000,SYN_REKOP_WIDTH,5m,196.83965213,197.26431405,196.37425756,196.62869244,198436.7237
1704846000000,SYN_REKOP_WIDTH,5m,196.62869244,197.04968296,196.14476658,196.40214504,207284.6897
1704846300000,SYN_REKOP_WIDTH,5m,196.40214504,196.81902621,195.9084768,196.16918303,221282.8538
1704846600000,SYN_REKOP_WIDTH,5m,196.16918303,196.58155671,195.67599857,195.94040857,234722.5451
1704846900000,SYN_REKOP_WIDTH,5m,195.94040857,196.34792066,195.457486,195.72596832,247310.808
1704847200000,SYN_REKOP_WIDTH,5m,195.72596832,196.12830864,195.26084204,195.53375632,258773.6134
1704847500000,SYN_REKOP_WIDTH,5m,195.53375632,195.93065462,195.09033316,195.36802632,268861.9668
1704847800000,SYN_REKOP_WIDTH,5m,195.36802632,195.75924551,194.94585732,195.22865781,277357.4592
1704848100000,SYN_REKOP_WIDTH,5m,195.22865781,195.61398608,194.8229905,195.11120111,284077.1355
1704848400000,SYN_REKOP_WIDTH,5m,195.11120111,195.49044454,194.71379846,195.00768867,288877.5728
1704848700000,SYN_REKOP_WIDTH,5m,195.00768867,195.38066607,194.6082658,194.90806492,291658.0771
1704849000000,SYN_REKOP_WIDTH,5m,194.90806492,195.27460578,194.49608482,194.80197679,292362.9276
1704849300000,SYN_REKOP_WIDTH,5m,194.80197679,195.16192281,194.3684806,194.6806014,290982.6186
1704849600000,SYN_REKOP_WIDTH,5m,194.6806014,195.03381139,194.21973971,194.53817779,287554.0705
1704849900000,SYN_REKOP_WIDTH,5m,194.53817779,194.88453485,194.0481617,194.37296136,282159.8065
1704850200000,SYN_REKOP_WIDTH,5m,194.37296136,194.71238106,193.85625792,194.18742493,274926.1117
1704850500000,SYN_REKOP_WIDTH,5m,194.18742493,194.51986302,193.6501622,193.98767074,266020.2179
1704850800000,SYN_REKOP_WIDTH,5m,193.98767074,194.31312883,193.43836629,193.78216566,255646.5739
1704851100000,SYN_REKOP_WIDTH,5m,193.78216566,194.10069414,193.23001833,193.58003832,244042.2879
1704851400000,SYN_REKOP_WIDTH,5m,193.58003832,193.89173585,193.03310237,193.38925596,231471.84
1704851700000,SYN_REKOP_WIDTH,5m,193.38925596,193.6942659,192.85283524,193.21501823,218221.1859
1704852000000,SYN_REKOP_WIDTH,5m,193.21501823,193.51352263,192.69057431,193.05866173,204591.3811
1704852300000,SYN_REKOP_WIDTH,5m,193.05866173,193.35087403,192.54343478,192.91727486,212799.8955
1704852600000,SYN_REKOP_WIDTH,5m,192.91727486,193.20343256,192.40468769,192.78409458,226749.0268
1704852900000,SYN_REKOP_WIDTH,5m,192.78409458,193.06445295,192.26487092,192.64961768,240145.4315
1704853200000,SYN_REKOP_WIDTH,5m,192.64961768,192.92444542,192.11341802,192.50323146,252695.8318
1704853500000,SYN_REKOP_WIDTH,5m,192.50323146,192.77280884,191.9405156,192.33507437,264125.7439
1704853800000,SYN_REKOP_WIDTH,5m,192.33507437,192.59969375,191.73885496,192.13779158,274185.596
1704854100000,SYN_REKOP_WIDTH,5m,192.13779158,192.39775992,191.50495886,191.9078659,282656.2924
1704854400000,SYN_REKOP_WIDTH,5m,191.9078659,192.16350846,191.23983936,191.64627894,289354.0969
1704854700000,SYN_REKOP_WIDTH,5m,191.64627894,191.89794324,190.94886492,191.35838029,294134.7292
1704855000000,SYN_REKOP_WIDTH,5m,191.35838029,191.61656267,190.62404316,191.05298967,296896.5806
1704855300000,SYN_REKOP_WIDTH,5m,191.05298967,191.31384261,190.29955102,190.74089995,297582.9788
1704855600000,SYN_REKOP_WIDTH,5m,190.74089995,190.99569871,189.9952128,190.43305813,296183.4512
1704855900000,SYN_REKOP_WIDTH,5m,190.43305813,190.67469696,189.71821722,190.13875667,292733.9575
1704856200000,SYN_REKOP_WIDTH,5m,190.13875667,190.37664532,189.44606966,189.86415972,287316.0879
1704856500000,SYN_REKOP_WIDTH,5m,189.86415972,190.10067244,189.19290396,189.61142259,280055.2435
1704856800000,SYN_REKOP_WIDTH,5m,189.61142259,189.84704742,188.96001816,189.37855273,271117.8402
1704857100000,SYN_REKOP_WIDTH,5m,189.37855273,189.61377611,188.74189436,189.160027,260707.5985
1704857400000,SYN_REKOP_WIDTH,5m,189.160027,189.39532729,188.53074379,188.94804559,249061.0007
1704857700000,SYN_REKOP_WIDTH,5m,188.94804559,189.18388818,188.31816217,188.73419034,236442.0191
1704858000000,SYN_REKOP_WIDTH,5m,188.73419034,188.97102452,188.09688269,188.51118147,223136.2301
1704858300000,SYN_REKOP_WIDTH,5m,188.51118147,188.74943942,187.86230219,188.27440782,209444.4472
1704858600000,SYN_REKOP_WIDTH,5m,188.27440782,188.51450544,187.61349548,188.02294456,217003.1998
1704858900000,SYN_REKOP_WIDTH,5m,188.02294456,188.26528368,187.3535263,187.75986634,230893.055
1704859200000,SYN_REKOP_WIDTH,5m,187.75986634,188.00483758,187.08899395,187.49179425,244236.0588
1704859500000,SYN_REKOP_WIDTH,5m,187.49179425,187.73977977,186.82889793,187.2277591,256738.6156
1704859800000,SYN_REKOP_WIDTH,5m,187.2277591,187.47913428,186.58302959,186.97759018,268125.7901
1704860100000,SYN_REKOP_WIDTH,5m,186.97759018,187.23272363,186.36018617,186.75012541,278147.4366
1704860400000,SYN_REKOP_WIDTH,5m,186.75012541,187.00937687,186.16653187,186.55156835,286583.7756
1704860700000,SYN_REKOP_WIDTH,5m,186.55156835,186.81528442,186.00440089,186.38428773,293250.2928
1704861000000,SYN_REKOP_WIDTH,5m,186.38428773,186.65279576,185.8717556,186.24627337,298001.8527
1704861300000,SYN_REKOP_WIDTH,5m,186.24627337,186.51987416,185.76239664,186.1313455,300735.9337
1704861600000,SYN_REKOP_WIDTH,5m,186.1313455,186.41030586,185.6668896,186.03008237,301394.9135
1704861900000,SYN_REKOP_WIDTH,5m,186.03008237,186.31462847,185.57404766,185.93130535,299967.3534
1704862200000,SYN_REKOP_WIDTH,5m,185.93130535,186.22161791,185.47271101,185.82386146,296488.2529
1704862500000,SYN_REKOP_WIDTH,5m,185.82386146,186.12007356,185.35350815,185.69838836,291038.2692
1704862800000,SYN_REKOP_WIDTH,5m,185.69838836,186.00058621,185.2102849,185.54874649,283741.919
1704863100000,SYN_REKOP_WIDTH,5m,185.54874649,185.85697288,185.04094411,185.3728609,274764.8018
1704863400000,SYN_REKOP_WIDTH,5m,185.3728609,185.68712085,184.84754648,185.17282289,264309.9079
1704863700000,SYN_REKOP_WIDTH,5m,185.17282289,185.49309037,184.63566025,184.95423902,252613.0928
1704864000000,SYN_REKOP_WIDTH,5m,184.95423902,185.28046334,184.41308768,184.72495548,239937.8189
1704864300000,SYN_REKOP_WIDTH,5m,184.72495548,185.05706631,184.18821171,184.49340197,226569.281
1704864600000,SYN_REKOP_WIDTH,5m,184.49340197,184.8313118,183.96827396,184.26686637,212808.0487
1704864900000,SYN_REKOP_WIDTH,5m,184.26686637,184.61047002,183.75790358,184.05002062,219709.5001
1704865200000,SYN_REKOP_WIDTH,5m,184.05002062,184.39919189,183.55816607,183.84396738,233532.618
1704865500000,SYN_REKOP_WIDTH,5m,183.84396738,184.19855354,183.36630429,183.64597982,246814.9062
1704865800000,SYN_REKOP_WIDTH,5m,183.64597982,184.00579514,183.17621742,183.44998072,259262.4545
1704866100000,SYN_REKOP_WIDTH,5m,183.44998072,183.8148005,182.97959135,183.24767401,270599.8796
1704866400000,SYN_REKOP_WIDTH,5m,183.24767401,183.61723053,182.76747617,183.03012412,280576.465
1704866700000,SYN_REKOP_WIDTH,5m,183.03012412,183.40410585,182.53202376,182.78949596,288971.7502
1704867000000,SYN_REKOP_WIDTH,5m,182.78949596,183.16755042,182.26806607,182.52063537,295600.4452
1704867300000,SYN_REKOP_WIDTH,5m,182.52063537,182.92771163,181.95778344,182.22219593,300316.5613
1704867600000,SYN_REKOP_WIDTH,5m,182.22219593,182.67016957,181.61360434,181.89709894,303016.6657
1704867900000,SYN_REKOP_WIDTH,5m,181.89709894,182.37668064,181.25587853,181.55223675,303642.187
1704868200000,SYN_REKOP_WIDTH,5m,181.55223675,182.04961404,180.89662465,181.19747078,302180.7213
1704868500000,SYN_REKOP_WIDTH,5m,181.19747078,181.6963965,180.5479632,180.84410669,298666.308
1704868800000,SYN_REKOP_WIDTH,5m,180.84410669,181.32844839,180.22025476,180.50312403,293178.6713
1704869100000,SYN_REKOP_WIDTH,5m,180.50312403,180.9593983,179.92055059,180.18347858,285841.4425
1704869400000,SYN_REKOP_WIDTH,5m,180.18347858,180.60289796,179.65161737,179.89077686,276819.4034
1704869700000,SYN_REKOP_WIDTH,5m,179.89077686,180.28710908,179.40225987,179.62655083,266314.8132
1704870000000,SYN_REKOP_WIDTH,5m,179.62655083,180.02295162,179.16494034,179.38825116,254562.8985
1704870300000,SYN_REKOP_WIDTH,5m,179.38825116,179.7843404,178.94714978,179.16995,241826.6094
1704870600000,SYN_REKOP_WIDTH,5m,179.16995,179.56533525,178.74086903,178.96362012,228390.7573
1704870900000,SYN_REKOP_WIDTH,5m,178.96362012,179.35789387,178.53760504,178.76075578,214555.6651
1704871200000,SYN_REKOP_WIDTH,5m,178.76075578,179.15349653,178.33005639,178.55404025,220795.3541
1704871500000,SYN_REKOP_WIDTH,5m,178.55404025,178.94481734,178.11352028,178.33875463,234547.3577
1704871800000,SYN_REKOP_WIDTH,5m,178.33875463,178.7271363,177.88678194,178.11366897,247764.7109
1704872100000,SYN_REKOP_WIDTH,5m,178.11366897,178.49923228,177.65232233,177.88125118,260153.1918
1704872400000,SYN_REKOP_WIDTH,5m,177.88125118,178.26359211,177.41580674,177.64715614,271436.9726
1704872700000,SYN_REKOP_WIDTH,5m,177.64715614,178.02589829,177.18495168,177.41909221,281364.7688
1704873000000,SYN_REKOP_WIDTH,5m,177.41909221,177.79389266,176.96798262,177.20527803,289715.4412
1704873300000,SYN_REKOP_WIDTH,5m,177.20527803,177.57582947,176.77196984,177.01277661,296302.9261
1704873600000,SYN_REKOP_WIDTH,5m,177.01277661,177.37880578,176.60134874,176.84601364,300980.3836
1704873900000,SYN_REKOP_WIDTH,5m,176.84601364,177.20727665,176.45689486,176.7057506,303643.4709
1704874200000,SYN_REKOP_WIDTH,5m,176.7057506,177.06202627,176.3353406,176.58869976,304232.6684
1704874500000,SYN_REKOP_WIDTH,5m,176.58869976,176.93978263,176.2297058,176.48785395,302734.6074
1704874800000,SYN_REKOP_WIDTH,5m,176.48785395,176.83354833,176.13028898,176.39347769,299182.3671
1704875100000,SYN_REKOP_WIDTH,5m,176.39347769,176.73359424,176.0261488,176.29458975,293654.7381
1704875400000,SYN_REKOP_WIDTH,5m,176.29458975,176.6289452,175.90681715,176.18067803,286274.4653
1704875700000,SYN_REKOP_WIDTH,5m,176.18067803,176.5090983,175.7639401,176.04334318,277205.5118
1704876000000,SYN_REKOP_WIDTH,5m,176.04334318,176.36566935,175.59255262,175.87757598,266649.4033
1704876300000,SYN_REKOP_WIDTH,5m,175.87757598,176.19367216,175.39175648,175.68243794,254840.7356
1704876600000,SYN_REKOP_WIDTH,5m,175.68243794,175.99219954,175.16468004,175.46102285,242041.9444
1704876900000,SYN_REKOP_WIDTH,5m,175.46102285,175.76438396,174.91773176,175.21971118,228537.4547
1704877200000,SYN_REKOP_WIDTH,5m,175.21971118,175.51664977,174.65929138,174.96686079,214627.34
1704877500000,SYN_REKOP_WIDTH,5m,174.96686079,175.257401,174.39808589,174.71118135,220204.0648
1704877800000,SYN_REKOP_WIDTH,5m,174.71118135,174.99539257,174.14155245,174.46009481,233883.8358
1704878100000,SYN_REKOP_WIDTH,5m,174.46009481,174.73808801,173.89448806,174.21838219,247035.2983
1704878400000,SYN_REKOP_WIDTH,5m,174.21838219,174.4903042,173.65822867,173.98736008,259363.9217
1704878700000,SYN_REKOP_WIDTH,5m,173.98736008,174.25338696,173.4305014,173.76473091,270593.4361
1704879000000,SYN_REKOP_WIDTH,5m,173.76473091,174.02506154,173.2059715,173.54512919,280471.9916
1704879300000,SYN_REKOP_WIDTH,5m,173.54512919,173.79998008,172.97738061,173.32126042,288777.7726
1704879600000,SYN_REKOP_WIDTH,5m,173.32126042,173.57086248,172.7370669,173.08542319,295323.9438
1704879900000,SYN_REKOP_WIDTH,5m,173.08542319,173.3300207,172.47858688,172.83113408,299962.8151
1704880200000,SYN_REKOP_WIDTH,5m,172.83113408,173.08145971,172.18257397,172.55455385,302589.1347
1704880500000,SYN_REKOP_WIDTH,5m,172.55455385,172.82064802,171.84855178,172.25544731,303142.4358
1704880800000,SYN_REKOP_WIDTH,5m,172.25544731,172.53377486,171.50042611,171.93749385,301608.3845
1704881100000,SYN_REKOP_WIDTH,5m,171.93749385,172.2217382,171.15051315,171.60788614,298019.0997
1704881400000,SYN_REKOP_WIDTH,5m,171.60788614,171.88997516,170.81228038,171.27628775,292452.4375
1704881700000,SYN_REKOP_WIDTH,5m,171.27628775,171.5476937,170.49811099,170.95333922,285030.2553
1704882000000,SYN_REKOP_WIDTH,5m,170.95333922,171.20642276,170.21726754,170.64898377,275915.6953
1704882300000,SYN_REKOP_WIDTH,5m,170.64898377,170.8781581,169.97442713,170.3709127,265309.5481
1704882600000,SYN_REKOP_WIDTH,5m,170.3709127,170.58467937,169.74939153,170.12340451,253445.7761
1704882900000,SYN_REKOP_WIDTH,5m,170.12340451,170.33573358,169.53216059,169.90675727,240586.2978
1704883200000,SYN_REKOP_WIDTH,5m,169.90675727,170.11809864,169.34257018,169.71740712,227015.149
1704883500000,SYN_REKOP_WIDTH,5m,169.71740712,169.92820791,169.17398073,169.54870499,213032.1507
1704883800000,SYN_REKOP_WIDTH,5m,169.54870499,169.75940408,169.01796486,169.3922088,217948.0157
1704884100000,SYN_REKOP_WIDTH,5m,169.3922088,169.60323281,168.86587904,169.23925815,231557.7355
1704884400000,SYN_REKOP_WIDTH,5m,169.23925815,169.45101923,168.71043305,169.08254742,244645.6494
1704884700000,SYN_REKOP_WIDTH,5m,169.08254742,169.29544278,168.54697258,168.91741201,256916.921
1704885000000,SYN_REKOP_WIDTH,5m,168.91741201,169.13182505,168.37424122,168.74259324,268094.841
1704885300000,SYN_REKOP_WIDTH,5m,168.74259324,168.95889564,168.19448315,168.56034269,277926.9957
1704885600000,SYN_REKOP_WIDTH,5m,168.56034269,168.77889686,168.01287059,168.37584961,286190.8956
1704885900000,SYN_REKOP_WIDTH,5m,168.37584961,168.59701068,167.83636597,168.19610157,292698.9348
1704886200000,SYN_REKOP_WIDTH,5m,168.19610157,168.42021839,167.67223406,168.02839378,297302.5745
1704886500000,SYN_REKOP_WIDTH,5m,168.02839378,168.25580815,167.52648184,167.87876544,299895.6548
1704886800000,SYN_REKOP_WIDTH,5m,167.87876544,168.10980948,167.40251489,167.75065259,300416.7614
1704887100000,SYN_REKOP_WIDTH,5m,167.75065259,167.98564437,167.30025684,167.64400481,298850.5954
1704887400000,SYN_REKOP_WIDTH,5m,167.64400481,167.88324246,167.21589404,167.55502822,295228.3147
1704887700000,SYN_REKOP_WIDTH,5m,167.55502822,167.79878336,167.14229578,167.47660548,289626.8395
1704888000000,SYN_REKOP_WIDTH,5m,167.47660548,167.72511689,167.07004091,167.3993238,282167.1381
1704888300000,SYN_REKOP_WIDTH,5m,167.3993238,167.65279203,166.98887374,167.31293318,273011.5302
1704888600000,SYN_REKOP_WIDTH,5m,167.31293318,167.57151724,166.8893334,167.20797896,262360.0687
1704888900000,SYN_REKOP_WIDTH,5m,167.20797896,167.47179539,166.76426611,167.0773172,250446.0798
1704889200000,SYN_REKOP_WIDTH,5m,167.0773172,167.34644179,166.60994723,166.91723939,237530.962
1704889500000,SYN_REKOP_WIDTH,5m,166.91723939,167.19171122,166.42660856,166.7280012,223898.3584
1704889800000,SYN_REKOP_WIDTH,5m,166.7280012,167.00782835,166.2182754,166.51365986,209847.8342
1704890100000,SYN_REKOP_WIDTH,5m,166.51365986,166.79882562,165.99194647,166.28125283,214108.1614
1704890400000,SYN_REKOP_WIDTH,5m,166.28125283,166.5717214,165.75627191,166.03947367,227653.2153
1704890700000,SYN_REKOP_WIDTH,5m,166.03947367,166.33519412,165.51997677,165.7970925,240683.1188
1704891000000,SYN_REKOP_WIDTH,5m,165.7970925,166.09800042,165.29032031,165.56141236,252902.7322
1704891300000,SYN_REKOP_WIDTH,5m,165.56141236,165.86742869,165.07187028,165.33704082,264034.9087
1704891600000,SYN_REKOP_WIDTH,5m,165.33704082,165.64806832,164.86580957,165.12519486,273826.6733
1704891900000,SYN_REKOP_WIDTH,5m,165.12519486,165.44111283,164.66989357,164.92365752,282054.8635
1704892200000,SYN_REKOP_WIDTH,5m,164.92365752,165.24431604,164.47905912,164.72738722,288531.1045
1704892500000,SYN_REKOP_WIDTH,5m,164.72738722,165.05260215,164.28656938,164.52966394,293106.0096
1704892800000,SYN_REKOP_WIDTH,5m,164.52966394,164.85921395,164.08548256,164.3235599,295672.5109
1704893100000,SYN_REKOP_WIDTH,5m,164.3235599,164.65718643,163.87017303,164.10346278,296168.247
1704893400000,SYN_REKOP_WIDTH,5m,164.10346278,164.44087333,163.63762147,163.86636787,294576.9532
1704893700000,SYN_REKOP_WIDTH,5m,163.86636787,164.21051238,163.38607787,163.61269571,290928.8255
1704894000000,SYN_REKOP_WIDTH,5m,163.61269571,163.97773507,163.11252973,163.34647869,285299.847
1704894300000,SYN_REKOP_WIDTH,5m,163.34647869,163.72251854,162.8398137,163.0748772,277810.0949
1704894600000,SYN_REKOP_WIDTH,5m,163.0748772,163.44882218,162.57858396,162.80711159,268621.0642
1704894900000,SYN_REKOP_WIDTH,5m,162.80711159,163.16468689,162.3388373,162.55300402,257932.0671
1704895200000,SYN_REKOP_WIDTH,5m,162.55300402,162.90603913,162.11362176,162.32139452,245975.791
1704895500000,SYN_REKOP_WIDTH,5m,162.32139452,162.67585606,161.91316761,162.11871488,233013.1108
1704895800000,SYN_REKOP_WIDTH,5m,162.11871488,162.47428615,161.74423352,161.94797182,219327.2737
1704896100000,SYN_REKOP_WIDTH,5m,161.94797182,162.30433716,161.60595969,161.80831485,205217.5852
1704896400000,SYN_REKOP_WIDTH,5m,161.80831485,162.16515274,161.49385939,161.69526018,208830.6925
1704896700000,SYN_REKOP_WIDTH,5m,161.69526018,162.05223673,161.40065512,161.60152721,222319.4423
1704897000000,SYN_REKOP_WIDTH,5m,161.60152721,161.95829152,161.31757654,161.51833751,235299.8363
1704897300000,SYN_REKOP_WIDTH,5m,161.51833751,161.87452001,161.23588888,161.43694465,247476.4335
1704897600000,SYN_REKOP_WIDTH,5m,161.43694465,161.79215907,161.14837813,161.35012117,258571.6513
1704897900000,SYN_REKOP_WIDTH,5m,161.35012117,161.70396993,161.05052537,161.25333452,268331.9551
1704898200000,SYN_REKOP_WIDTH,5m,161.25333452,161.60541681,160.94115731,161.14539903,276533.5108
1704898500000,SYN_REKOP_WIDTH,5m,161.14539903,161.49532025,160.82245618,161.02848659,282987.1758
1704898800000,SYN_REKOP_WIDTH,5m,161.02848659,161.37586767,160.69933116,160.90749836,287542.7158
1704899100000,SYN_REKOP_WIDTH,5m,160.90749836,161.25198341,160.57827324,160.78891906,290092.1553
1704899400000,SYN_REKOP_WIDTH,5m,160.78891906,161.1301802,160.46591073,160.67937136,290572.1853
1704899700000,SYN_REKOP_WIDTH,5m,160.67937136,161.01711021,160.36753669,160.58414166,288965.575
1704900000000,SYN_REKOP_WIDTH,5m,160.58414166,160.91808751,160.28588192,160.50595136,285301.5568
1704900300000,SYN_REKOP_WIDTH,5m,160.50595136,160.83585675,160.22036022,160.44420036,279655.1751
1704900600000,SYN_REKOP_WIDTH,5m,160.44420036,160.76983534,160.16692632,160.39482383,272145.6143
1704900900000,SYN_REKOP_WIDTH,5m,160.39482383,160.71597022,160.11857711,160.35079287,262933.5414
1704901200000,SYN_REKOP_WIDTH,5m,160.35079287,160.66723992,160.06641232,160.3031755,252217.5259
1704901500000,SYN_REKOP_WIDTH,5m,160.3031755,160.61471808,160.00107015,160.24257353,240229.6124
1704901800000,SYN_REKOP_WIDTH,5m,160.24257353,160.54901326,159.91428356,160.1606807,227230.1491
1704902100000,SYN_REKOP_WIDTH,5m,160.1606807,160.46183011,159.80027716,160.05168211,213501.9834
1704902400000,SYN_REKOP_WIDTH,5m,160.05168211,160.34737109,159.65675009,159.91323941,199344.1571
1704902700000,SYN_REKOP_WIDTH,5m,159.91323941,160.20332303,159.48526334,159.7468804,202321.0141
1704903000000,SYN_REKOP_WIDTH,5m,159.7468804,160.03124656,159.29095983,159.55772041,215764.4485
1704903300000,SYN_REKOP_WIDTH,5m,159.55772041,159.83629628,159.08166983,159.3535681,228706.441
1704903600000,SYN_REKOP_WIDTH,5m,159.3535681,159.62632413,158.86656823,159.14358201,240851.251
1704903900000,SYN_REKOP_WIDTH,5m,159.14358201,159.41053314,158.65463183,158.93672606,251920.8622
1704904200000,SYN_REKOP_WIDTH,5m,158.93672606,159.1979299,158.45317702,158.74030489,261661.1815
1704904500000,SYN_REKOP_WIDTH,5m,158.74030489,158.99585752,158.26673926,158.55884068,269847.7046
1704904800000,SYN_REKOP_WIDTH,5m,158.55884068,158.80887085,158.0964889,158.39348673,276290.5213
1704905100000,SYN_REKOP_WIDTH,5m,158.39348673,158.63814949,157.94027953,158.2420743,280838.5505
1704905400000,SYN_REKOP_WIDTH,5m,158.2420743,158.4815452,157.79331102,158.09977527,283382.9091
1704905700000,SYN_REKOP_WIDTH,5m,158.09977527,158.33424594,157.64928032,157.96025387,283859.3398
1704906000000,SYN_REKOP_WIDTH,5m,157.96025387,158.18992954,157.50180595,157.81709317,282249.6445
1704906300000,SYN_REKOP_WIDTH,5m,157.81709317,158.04219224,157.34586183,157.66523173,278582.091
1704906600000,SYN_REKOP_WIDTH,5m,157.66523173,157.88598725,157.17895274,157.50214227,272930.7832
1704906900000,SYN_REKOP_WIDTH,5m,157.50214227,157.71880457,157.00180976,157.32852986,265414.0097
1704907200000,SYN_REKOP_WIDTH,5m,157.32852986,157.5413697,156.81847175,157.14841534,256191.6075
1704907500000,SYN_REKOP_WIDTH,5m,157.14841534,157.35772669,156.63573376,156.96858445,245461.3997
1704907800000,SYN_REKOP_WIDTH,5m,156.96858445,157.17468609,156.46206146,156.79750143,233454.7852
1704908100000,SYN_REKOP_WIDTH,5m,156.79750143,157.00073701,156.3061697,156.64388551,220431.5812
1704908400000,SYN_REKOP_WIDTH,5m,156.64388551,156.8446216,156.17552344,156.51520875,206674.2314
1704908700000,SYN_REKOP_WIDTH,5m,156.51520875,156.71383126,156.0750308,156.41638576,192481.5102
1704909000000,SYN_REKOP_WIDTH,5m,156.41638576,156.61329478,156.00616078,156.34888829,194835.285
1704909300000,SYN_REKOP_WIDTH,5m,156.34888829,156.54449217,155.96664082,156.3104406,208246.561
1704909600000,SYN_REKOP_WIDTH,5m,156.3104406,156.50514979,155.95078719,156.29534902,221163.4042
1704909900000,SYN_REKOP_WIDTH,5m,156.29534902,156.48963,155.95035145,156.29540861,233289.7759
1704910200000,SYN_REKOP_WIDTH,5m,156.29540861,156.49536148,155.95032178,156.30122915,244347.2277
1704910500000,SYN_REKOP_WIDTH,5m,156.30122915,156.49817864,155.95642067,156.30374787,254081.1091
1704910800000,SYN_REKOP_WIDTH,5m,156.30374787,156.49885185,155.95151736,156.29566132,262266.2463
1704911100000,SYN_REKOP_WIDTH,5m,156.29566132,156.49180072,155.92943946,156.27252008,268711.9625
1704911400000,SYN_REKOP_WIDTH,5m,156.27252008,156.47004597,155.89167592,156.23329022,273266.3299
1704911700000,SYN_REKOP_WIDTH,5m,156.23329022,156.43254463,155.8405316,156.18028205,275819.5572
1704912000000,SYN_REKOP_WIDTH,5m,156.18028205,156.3816002,155.78096133,156.11846516,276306.4385
1704912300000,SYN_REKOP_WIDTH,5m,156.11846516,156.32217711,155.71940619,156.05430295,274707.8073
1704912600000,SYN_REKOP_WIDTH,5m,156.05430295,156.26073402,155.66237244,155.99432872,271050.965
1704912900000,SYN_REKOP_WIDTH,5m,155.99432872,156.20379834,155.61502017,155.94373098,265409.0726
1704913200000,SYN_REKOP_WIDTH,5m,155.94373098,156.15654987,155.58002408,155.90521106,257899.5211
1704913500000,SYN_REKOP_WIDTH,5m,155.90521106,156.12167678,155.55691614,155.8783234,248681.3142
1704913800000,SYN_REKOP_WIDTH,5m,155.8783234,156.09871489,155.5420317,155.85942042,237951.5253
1704914100000,SYN_REKOP_WIDTH,5m,155.85942042,156.08399217,155.52907115,155.8422144,225940.904
1704914400000,SYN_REKOP_WIDTH,5m,155.8422144,156.071191,155.51017909,155.81885814,212908.7329
1704914700000,SYN_REKOP_WIDTH,5m,155.81885814,156.05243016,155.47734865,155.78135168,199137.0477
1704915000000,SYN_REKOP_WIDTH,5m,155.78135168,156.01967353,155.42389711,155.72302093,184924.3506
1704915300000,SYN_REKOP_WIDTH,5m,155.72302093,155.96621091,155.34574223,155.63979667,186669.8658
1704915600000,SYN_REKOP_WIDTH,5m,155.63979667,155.88793949,155.24224131,155.5310558,200063.7614
1704915900000,SYN_REKOP_WIDTH,5m,155.5310558,155.78420689,155.11643356,155.39986461,212970.3004
1704916200000,SYN_REKOP_WIDTH,5m,155.39986461,155.65805567,154.9746364,155.25257487,225093.1477
1704916500000,SYN_REKOP_WIDTH,5m,155.25257487,155.51581944,154.82546696,155.09784377,236153.4237
1704916800000,SYN_REKOP_WIDTH,5m,155.09784377,155.36614191,154.67846635,154.94525576,245895.9219
1704917100000,SYN_REKOP_WIDTH,5m,154.94525576,155.21859686,154.54257609,154.80379612,254094.7997
1704917400000,SYN_REKOP_WIDTH,5m,154.80379612,155.08215922,154.42473924,154.68044924,260558.6143
1704917700000,SYN_REKOP_WIDTH,5m,154.68044924,154.96380086,154.32887231,154.57916823,265134.5908
1704918000000,SYN_REKOP_WIDTH,5m,154.57916823,154.86745801,154.25538379,154.50039214,267712.0298
1704918300000,SYN_REKOP_WIDTH,5m,154.50039214,154.79354708,154.20131671,154.44118812,268224.7756
1704918600000,SYN_REKOP_WIDTH,5m,154.44118812,154.7391067,154.1610821,154.39598563,266652.6923
1704918900000,SYN_REKOP_WIDTH,5m,154.39598563,154.69853283,154.12764664,154.35776559,263022.1131
1704919200000,SYN_REKOP_WIDTH,5m,154.35776559,154.66477013,154.09395753,154.31948729,257405.2543
1704919500000,SYN_REKOP_WIDTH,5m,154.31948729,154.63074157,154.05434421,154.27549215,249918.606
1704919800000,SYN_REKOP_WIDTH,5m,154.27549215,154.5907554,154.00563941,154.22262661,240720.3362
1704920100000,SYN_REKOP_WIDTH,5m,154.22262661,154.5416306,153.94781182,154.16087589,230006.7649
1704920400000,SYN_REKOP_WIDTH,5m,154.16087589,154.48333259,153.88399252,154.09339085,218007.9887
1704920700000,SYN_REKOP_WIDTH,5m,154.09339085,154.41900053,153.8198904,154.02590292,204982.7514
1704921000000,SYN_REKOP_WIDTH,5m,154.02590292,154.35436151,153.76270632,153.9656371,191212.6768
1704921300000,SYN_REKOP_WIDTH,5m,153.9656371,154.29664138,153.71974872,153.91992589,176995.9907
1704921600000,SYN_REKOP_WIDTH,5m,153.91992589,154.2531758,153.69700733,153.89478116,178149.1114
1704921900000,SYN_REKOP_WIDTH,5m,153.89478116,154.22997888,153.69794698,153.89368626,191541.4114
1704922200000,SYN_REKOP_WIDTH,5m,153.89368626,154.18452668,153.76148207,153.9550807,152094.7151
1704922500000,SYN_REKOP_WIDTH,5m,153.9550807,154.24927604,153.82370364,154.01885866,161179.2617
1704922800000,SYN_REKOP_WIDTH,5m,154.01885866,154.31557712,153.88805778,154.08443368,169713.1583
1704923100000,SYN_REKOP_WIDTH,5m,154.08443368,154.38286318,153.95395507,154.15124337,177548.664
1704923400000,SYN_REKOP_WIDTH,5m,154.15124337,154.45060844,154.02083137,154.21876501,184550.4633
1704923700000,SYN_REKOP_WIDTH,5m,154.21876501,154.5183416,154.08816347,154.28652903,190598.0736
1704924000000,SYN_REKOP_WIDTH,5m,154.28652903,154.58565671,154.15548253,154.35412987,195587.9881
1704924300000,SYN_REKOP_WIDTH,5m,154.35412987,154.65222116,154.22238493,154.42123389,199435.5179
1704924600000,SYN_REKOP_WIDTH,5m,154.42123389,154.7177805,154.28854024,154.48758425,202076.2981
1704924900000,SYN_REKOP_WIDTH,5m,154.48758425,154.78216004,154.353696,154.55300247,203467.4328
1704925200000,SYN_REKOP_WIDTH,5m,154.55300247,154.84526336,154.41767934,154.61738693,203588.2582
1704925500000,SYN_REKOP_WIDTH,5m,154.61738693,154.90706767,154.48039539,154.68070835,202440.7101
1704925800000,SYN_REKOP_WIDTH,5m,154.68070835,154.96761659,154.54182275,154.74300252,200049.2889
1704926100000,SYN_REKOP_WIDTH,5m,154.74300252,155.02701052,154.60200622,154.80436076,196460.624
1704926400000,SYN_REKOP_WIDTH,5m,154.80436076,155.0853952,154.66104717,154.86491855,191742.6434
1704926700000,SYN_REKOP_WIDTH,5m,154.86491855,155.14294896,154.71909214,154.92484281,185983.3651
1704927000000,SYN_REKOP_WIDTH,5m,154.92484281,155.19986931,154.7763201,154.98431864,179289.3311
1704927300000,SYN_REKOP_WIDTH,5m,154.98431864,155.25635941,154.83292908,155.04353583,171783.711
1704927600000,SYN_REKOP_WIDTH,5m,155.04353583,155.31261518,154.88912268,155.10267601,163604.1111
1704927900000,SYN_REKOP_WIDTH,5m,155.10267601,155.36881343,154.94509715,155.16190101,154900.1251
1704928200000,SYN_REKOP_WIDTH,5m,155.16190101,155.42510184,155.00102963,155.22134276,145830.6726
1704928500000,SYN_REKOP_WIDTH,5m,155.22134276,155.48159091,155.05706807,155.28109545,136561.1716
1704928800000,SYN_REKOP_WIDTH,5m,155.28109545,155.5383485,155.11332325,155.34121012,142854.2443
1704929100000,SYN_REKOP_WIDTH,5m,155.34121012,155.5953972,155.16986338,155.4016921,152471.7903
1704929400000,SYN_REKOP_WIDTH,5m,155.4016921,155.65271444,155.22671132,155.46250124,161783.2596
1704929700000,SYN_REKOP_WIDTH,5m,155.46250124,155.71023563,155.28384488,155.52355511,170627.0148
1704930000000,SYN_REKOP_WIDTH,5m,155.52355511,155.76786002,155.34119984,155.58473494,178849.7353
1704930300000,SYN_REKOP_WIDTH,5m,155.58473494,155.82545909,155.39867581,155.64589409,186309.1441
1704930600000,SYN_REKOP_WIDTH,5m,155.64589409,155.88288707,155.45614465,155.70686867,192876.5396
1704930900000,SYN_REKOP_WIDTH,5m,155.70686867,155.93999318,155.5134609,155.7674898,198439.0847
1704931200000,SYN_REKOP_WIDTH,5m,155.7674898,155.99663491,155.57047404,155.82759707,202901.8149
1704931500000,SYN_REKOP_WIDTH,5m,155.82759707,156.0526919,155.62704174,155.88705238,206189.3269
1704931800000,SYN_REKOP_WIDTH,5m,155.88705238,156.10807958,155.68304367,155.94575372,208247.1205
1704932100000,SYN_REKOP_WIDTH,5m,155.94575372,156.16276198,155.73839511,156.00364807,209042.5682
1704932400000,SYN_REKOP_WIDTH,5m,156.00364807,156.21676311,155.79305978,156.06074282,208565.4947
1704932700000,SYN_REKOP_WIDTH,5m,156.06074282,156.27017621,155.84706115,156.11711514,206828.3586
1704933000000,SYN_REKOP_WIDTH,5m,156.11711514,156.32317041,155.90049166,156.17291867,203866.0301
1704933300000,SYN_REKOP_WIDTH,5m,156.17291867,156.3759943,155.95351939,156.22838723,199735.1703
1704933600000,SYN_REKOP_WIDTH,5m,156.22838723,156.42897624,156.00639163,156.28383512,194513.2232
1704933900000,SYN_REKOP_WIDTH,5m,156.28383512,156.48252098,156.05943516,156.33965394,188297.0371
1704934200000,SYN_REKOP_WIDTH,5m,156.33965394,156.53710288,156.1130529,156.39630572,181201.1417
1704934500000,SYN_REKOP_WIDTH,5m,156.39630572,156.5932555,156.16771715,156.45431276,173355.7099
1704934800000,SYN_REKOP_WIDTH,5m,156.45431276,156.65155814,156.2239592,156.51424406,164904.2417
1704935100000,SYN_REKOP_WIDTH,5m,156.51424406,156.71261944,156.28235592,156.57669911,156001.0106
1704935400000,SYN_REKOP_WIDTH,5m,156.57669911,156.77705884,156.3435134,156.64228931,146808.3187
1704935700000,SYN_REKOP_WIDTH,5m,156.64228931,156.84548622,156.40804843,156.71161773,142905.5134
1704936000000,SYN_REKOP_WIDTH,5m,156.71161773,156.91848078,156.47656825,156.78525795,152608.5043
1704936300000,SYN_REKOP_WIDTH,5m,156.78525795,156.99656956,156.54964944,156.86373271,162094.0204
1704936600000,SYN_REKOP_WIDTH,5m,156.86373271,157.08020671,156.62781653,156.94749312,171197.1499
1704936900000,SYN_REKOP_WIDTH,5m,156.94749312,157.16975407,156.71152126,157.03689931,179759.7737
1704937200000,SYN_REKOP_WIDTH,5m,157.03689931,157.26546396,156.80112333,157.13220324,187633.379
1704937500000,SYN_REKOP_WIDTH,5m,157.13220324,157.36746478,156.89687308,157.23353426,194681.7014
1704937800000,SYN_REKOP_WIDTH,5m,157.23353426,157.47575011,156.99889729,157.34088827,200783.1491
1704938100000,SYN_REKOP_WIDTH,5m,157.34088827,157.59017175,157.10718817,157.45412077,205832.9661
1704938400000,SYN_REKOP_WIDTH,5m,157.45412077,157.71043713,157.22159653,157.57294418,209745.0956
1704938700000,SYN_REKOP_WIDTH,5m,157.57294418,157.8361113,157.34182914,157.69692992,212453.7112
1704939000000,SYN_REKOP_WIDTH,5m,157.69692992,157.96662356,157.46745076,157.82551493,213914.3879
1704939300000,SYN_REKOP_WIDTH,5m,157.82551493,158.10127866,157.59789069,157.95801295,214104.8919
1704939600000,SYN_REKOP_WIDTH,5m,157.95801295,158.23927241,157.73245407,158.09362995,213025.5765
1704939900000,SYN_REKOP_WIDTH,5m,158.09362995,158.37971114,157.87033734,158.23148372,210699.3755
1704940200000,SYN_REKOP_WIDTH,5m,158.23148372,158.52163465,158.01064775,158.37062664,207171.3945
1704940500000,SYN_REKOP_WIDTH,5m,158.37062664,158.66404189,158.15242624,158.51007132,202508.1087
1704940800000,SYN_REKOP_WIDTH,5m,158.51007132,158.80591855,158.29467302,158.64881819,196796.1798
1704941100000,SYN_REKOP_WIDTH,5m,158.64881819,158.94626582,158.43637519,158.7858841,190140.9139
1704941400000,SYN_REKOP_WIDTH,5m,158.7858841,159.08412933,158.5765354,158.9203312,182664.3874
1704941700000,SYN_REKOP_WIDTH,5m,158.9203312,159.21862727,158.71420072,159.05129497,174503.2754
1704942000000,SYN_REKOP_WIDTH,5m,159.05129497,159.34897692,158.84849073,159.17801061,165806.4193
1704942300000,SYN_REKOP_WIDTH,5m,159.17801061,159.47451853,158.97862397,159.29983685,156732.1782
1704942600000,SYN_REKOP_WIDTH,5m,159.29983685,159.59473584,159.1039418,159.41627627,147445.6119
1704942900000,SYN_REKOP_WIDTH,5m,159.41627627,159.70927251,159.22392886,159.52699167,152381.9766
1704943200000,SYN_REKOP_WIDTH,5m,159.52699167,159.81794384,159.33822944,159.63181764,161988.0164
1704943500000,SYN_REKOP_WIDTH,5m,159.63181764,159.9207435,159.44665923,159.73076714,171298.9596
1704943800000,SYN_REKOP_WIDTH,5m,159.73076714,160.01784484,159.54921198,159.8240327,180152.6953
1704944100000,SYN_REKOP_WIDTH,5m,159.8240327,160.1095969,159.64606082,159.9119823,188395.2323
1704944400000,SYN_REKOP_WIDTH,5m,159.9119823,160.19651513,159.73755429,159.99514998,195883.4381
1704944700000,SYN_REKOP_WIDTH,5m,159.99514998,160.27926717,159.82420705,160.0742215,202487.5861
1704945000000,SYN_REKOP_WIDTH,5m,160.0742215,160.3586542,159.90668569,160.15001558,208093.6632
1704945300000,SYN_REKOP_WIDTH,5m,160.15001558,160.43558831,159.9857901,160.22346125,212605.398
1704945600000,SYN_REKOP_WIDTH,5m,160.22346125,160.51106686,160.06243092,160.29557206,215945.9736
1704945900000,SYN_REKOP_WIDTH,5m,160.29557206,160.58614451,160.13760391,160.36741807,218059.3943
1704946200000,SYN_REKOP_WIDTH,5m,160.36741807,160.66190378,160.21236203,160.44009638,218911.4814
1704946500000,SYN_REKOP_WIDTH,5m,160.44009638,160.73942515,160.28778609,160.51470121,218490.4815
1704946800000,SYN_REKOP_WIDTH,5m,160.51470121,160.8197576,160.3649549,160.59229437,216807.275
1704947100000,SYN_REKOP_WIDTH,5m,160.59229437,160.9038904,160.44491584,160.67387704,213895.1827
1704947400000,SYN_REKOP_WIDTH,5m,160.67387704,160.992727,160.52865675,160.76036368,209809.3726
1704947700000,SYN_REKOP_WIDTH,5m,160.76036368,161.08706181,160.61707987,160.85255877,204625.8779
1704948000000,SYN_REKOP_WIDTH,5m,160.85255877,161.18756036,160.71097863,160.95113699,198440.2448
1704948300000,SYN_REKOP_WIDTH,5m,160.95113699,161.29474348,160.81101793,161.05662737,191365.8314
1704948600000,SYN_REKOP_WIDTH,5m,161.05662737,161.4089758,160.91771827,161.16940183,183531.7913
1704948900000,SYN_REKOP_WIDTH,5m,161.16940183,161.53045877,161.03144437,161.28966813,175080.7753
1704949200000,SYN_REKOP_WIDTH,5m,161.28966813,161.65922839,161.15239815,161.41746765,166166.3929
1704949500000,SYN_REKOP_WIDTH,5m,161.41746765,161.7951575,161.28061648,161.55267762,156950.4797
1704949800000,SYN_REKOP_WIDTH,5m,161.55267762,161.9379625,161.41597349,161.69501783,151678.3468
1704950100000,SYN_REKOP_WIDTH,5m,161.69501783,162.08721422,161.55818727,161.8440615,161351.1614
1704950400000,SYN_REKOP_WIDTH,5m,161.8440615,162.24235246,161.70683068,161.99924973,170817.6938
1704950700000,SYN_REKOP_WIDTH,5m,161.99924973,162.40270374,161.86134595,162.15990929,179912.6679
1704951000000,SYN_REKOP_WIDTH,5m,162.15990929,162.56750169,162.02106229,162.32527289,188477.3988
1704951300000,SYN_REKOP_WIDTH,5m,162.32527289,162.73590937,162.18521631,162.49450156,196362.6162
1704951600000,SYN_REKOP_WIDTH,5m,162.49450156,162.91056908,162.35089774,162.66670812,203431.1201
1704951900000,SYN_REKOP_WIDTH,5m,162.66670812,163.08615317,162.51976492,162.84098143,209560.2216
1704952200000,SYN_REKOP_WIDTH,5m,162.84098143,163.26133205,162.6911881,163.01641033,214643.9255
1704952500000,SYN_REKOP_WIDTH,5m,163.01641033,163.43528374,162.86426978,163.19210693,218594.8165
1704952800000,SYN_REKOP_WIDTH,5m,163.19210693,163.6072687,163.03812413,163.36722834,221345.6138
1704953100000,SYN_REKOP_WIDTH,5m,163.36722834,163.77664442,163.21189811,163.54099644,222850.3682
1704953400000,SYN_REKOP_WIDTH,5m,163.54099644,163.94287649,163.38479072,163.71271513,223085.2797
1704953700000,SYN_REKOP_WIDTH,5m,163.71271513,164.10808636,163.55429189,163.88178472,222049.1203
1704954000000,SYN_REKOP_WIDTH,5m,163.88178472,164.27119271,163.72014225,164.04771299,219763.2562
1704954300000,SYN_REKOP_WIDTH,5m,164.04771299,164.43061429,163.88269219,164.21012296,216271.2671
1704954600000,SYN_REKOP_WIDTH,5m,164.21012296,164.58610901,164.04158105,164.36875714,211638.171
1704954900000,SYN_REKOP_WIDTH,5m,164.36875714,164.73755602,164.19656832,164.52347825,205949.2668
1704955200000,SYN_REKOP_WIDTH,5m,164.52347825,164.88495307,164.34753436,164.67426679,199308.617
1704955500000,SYN_REKOP_WIDTH,5m,164.67426679,165.0284108,164.49447773,164.82121532,191837.1957
1704955800000,SYN_REKOP_WIDTH,5m,164.82121532,165.16814425,164.63750954,164.96452018,183670.7361
1704956100000,SYN_REKOP_WIDTH,5m,164.96452018,165.30446197,164.77684488,165.10447065,174957.3155
1704956400000,SYN_REKOP_WIDTH,5m,165.10447065,165.43775322,164.91279205,165.24143632,165854.7205
1704956700000,SYN_REKOP_WIDTH,5m,165.24143632,165.56847374,165.04573974,165.37585294,156527.6392
1704957000000,SYN_REKOP_WIDTH,5m,165.37585294,165.69713048,165.17614283,165.50820733,160082.7062
1704957300000,SYN_REKOP_WIDTH,5m,165.50820733,165.82426601,165.30450716,165.6390219,169652.3433
1704957600000,SYN_REKOP_WIDTH,5m,165.6390219,165.95044289,165.431374,165.76883909,178937.991
1704957900000,SYN_REKOP_WIDTH,5m,165.76883909,166.07622858,165.55730442,165.89820647,187777.0802
1704958200000,SYN_REKOP_WIDTH,5m,165.89820647,166.20218123,165.68286429,166.02766263,196014.9637
1704958500000,SYN_REKOP_WIDTH,5m,166.02766263,166.32883681,165.80861006,166.15772437,203507.6675
1704958800000,SYN_REKOP_WIDTH,5m,166.15772437,166.45669776,165.93507597,166.28887551,210124.4526
1704959100000,SYN_REKOP_WIDTH,5m,166.28887551,166.58622343,166.06276266,166.42155741,215750.1408
1704959400000,SYN_REKOP_WIDTH,5m,166.42155741,166.71782255,166.19212776,166.55616154,220287.1637
1704959700000,SYN_REKOP_WIDTH,5m,166.55616154,166.85184765,166.32357827,166.69302394,223657.2988
1704960000000,SYN_REKOP_WIDTH,5m,166.69302394,166.9885916,166.45746505,166.83242188,225803.0609
1704960300000,SYN_REKOP_WIDTH,5m,166.83242188,167.12828608,166.59407935,166.97457242,226688.7246
1704960600000,SYN_REKOP_WIDTH,5m,166.97457242,167.27110204,166.73365136,167.11963285,226300.9604
1704960900000,SYN_REKOP_WIDTH,5m,167.11963285,167.41715173,166.87635054,167.2677029,224649.0709
1704961200000,SYN_REKOP_WIDTH,5m,167.2677029,167.56649237,167.0222878,167.41882838,221764.8259
1704961500000,SYN_REKOP_WIDTH,5m,167.41882838,167.71913105,167.17151907,167.57300611,217701.8965
1704961800000,SYN_REKOP_WIDTH,5m,167.57300611,167.87503054,167.3240502,167.73018989,212534.9003
1704962100000,SYN_REKOP_WIDTH,5m,167.73018989,168.03411595,167.47984283,167.89029706,206358.0736
1704962400000,SYN_REKOP_WIDTH,5m,167.89029706,168.19628166,167.63882095,168.05321557,199283.5947
1704962700000,SYN_REKOP_WIDTH,5m,168.05321557,168.36139853,167.80087789,168.21881115,191439.5877
1704963000000,SYN_REKOP_WIDTH,5m,168.21881115,168.52932086,167.96588345,168.38693435,182967.8429
1704963300000,SYN_REKOP_WIDTH,5m,168.38693435,168.69989305,168.13369093,168.55742717,174021.2939
1704963600000,SYN_REKOP_WIDTH,5m,168.55742717,168.87295562,168.30414372,168.73012911,164761.2965
1704963900000,SYN_REKOP_WIDTH,5m,168.73012911,169.0483505,168.47708133,168.90488248,158098.7576
1704964200000,SYN_REKOP_WIDTH,5m,168.90488248,169.2261238,168.6519976,169.0815367,167719.1444
1704964500000,SYN_REKOP_WIDTH,5m,169.0815367,169.40703628,168.82718767,169.25995165,177144.5895
1704964800000,SYN_REKOP_WIDTH,5m,169.25995165,169.58976991,169.00461289,169.43999997,186209.468
1704965100000,SYN_REKOP_WIDTH,5m,169.43999997,169.77422067,169.18412409,169.62156815,194754.5443
1704965400000,SYN_REKOP_WIDTH,5m,169.62156815,169.9602965,169.36558363,169.80455672,202629.8046
1704965700000,SYN_REKOP_WIDTH,5m,169.80455672,170.14791588,169.5488672,169.98887939,209697.1264
1704966000000,SYN_REKOP_WIDTH,5m,169.98887939,170.33700547,169.73386429,170.17446129,215832.7356
1704966300000,SYN_REKOP_WIDTH,5m,170.17446129,170.52749717,169.92047763,170.36123654,220929.4083
1704966600000,SYN_REKOP_WIDTH,5m,170.36123654,170.71932456,170.10862145,170.54914519,224898.3792
1704966900000,SYN_REKOP_WIDTH,5m,170.54914519,170.91241901,170.29821896,170.73812982,227670.92
1704967200000,SYN_REKOP_WIDTH,5m,170.73812982,171.10670577,170.48919903,170.92813189,229199.5629
1704967500000,SYN_REKOP_WIDTH,5m,170.92813189,171.30210009,170.68149233,171.11908813,229458.9442
1704967800000,SYN_REKOP_WIDTH,5m,171.11908813,171.49850364,170.87502726,171.31092701,228446.2562
1704968100000,SYN_REKOP_WIDTH,5m,171.31092701,171.69580157,171.06972572,171.50356574,226181.2967
1704968400000,SYN_REKOP_WIDTH,5m,171.50356574,171.89386017,171.26549918,171.69690758,222706.1167
1704968700000,SYN_REKOP_WIDTH,5m,171.69690758,172.09252551,171.46224508,171.89084002,218084.2723
1704969000000,SYN_REKOP_WIDTH,5m,171.89084002,172.29162304,171.65984391,172.0852336,212399.6936
1704969300000,SYN_REKOP_WIDTH,5m,172.0852336,172.49095825,171.85815712,172.27994164,205755.1912
1704969600000,SYN_REKOP_WIDTH,5m,172.27994164,172.6903186,172.0570259,172.47480094,198270.6273
1704969900000,SYN_REKOP_WIDTH,5m,172.47480094,172.88947639,172.25627115,172.66963332,190080.7826
1704970200000,SYN_REKOP_WIDTH,5m,172.66963332,173.08819287,172.45569449,172.86424821,181332.9586
1704970500000,SYN_REKOP_WIDTH,5m,172.86424821,173.28622323,172.65508042,173.05844599,172184.3562
1704970800000,SYN_REKOP_WIDTH,5m,173.05844599,173.48332249,172.85419964,173.25202225,162799.279
1704971100000,SYN_REKOP_WIDTH,5m,173.25202225,173.67925201,173.0528133,173.44477263,164954.5992
1704971400000,SYN_REKOP_WIDTH,5m,173.44477263,173.87378647,173.25067821,173.63649824,174469.0155
1704971700000,SYN_REKOP_WIDTH,5m,173.63649824,174.06672105,173.44755277,173.82701156,183710.7301
1704972000000,SYN_REKOP_WIDTH,5m,173.82701156,174.2578786,173.64320345,174.01614237,192516.7308
1704972300000,SYN_REKOP_WIDTH,5m,174.01614237,174.44711647,173.83741155,174.20374389,200731.7289
1704972600000,SYN_REKOP_WIDTH,5m,174.20374389,174.63433286,174.02998007,174.38969859,208210.9224
1704972900000,SYN_REKOP_WIDTH,5m,174.38969859,174.81947232,174.22074049,174.57392377,214822.5721
1704973200000,SYN_REKOP_WIDTH,5m,174.57392377,175.00253028,174.40955904,174.75637646,220450.3459
1704973500000,SYN_REKOP_WIDTH,5m,174.75637646,175.18606956,174.59471087,174.93705766,224995.3878
1704973800000,SYN_REKOP_WIDTH,5m,174.93705766,175.36783036,174.77777027,175.11601567,228378.0772
1704974100000,SYN_REKOP_WIDTH,5m,175.11601567,175.54773524,174.95887992,175.29334836,230539.4455
1704974400000,SYN_REKOP_WIDTH,5m,175.29334836,175.72592043,175.13812515,175.46920427,231442.2247
1704974700000,SYN_REKOP_WIDTH,5m,175.46920427,175.90257406,175.31564312,175.64378257,231071.511
1704975000000,SYN_REKOP_WIDTH,5m,175.64378257,176.07793479,175.49162285,175.81733162,229435.0296
1704975300000,SYN_REKOP_WIDTH,5m,175.81733162,176.25228918,175.66630381,175.99014626,226562.9971
1704975600000,SYN_REKOP_WIDTH,5m,175.99014626,176.42596775,175.8399733,176.16256387,222507.5841
1704975900000,SYN_REKOP_WIDTH,5m,176.16256387,176.59933975,176.0129625,176.3349591,217341.9868
1704976200000,SYN_REKOP_WIDTH,5m,176.3349591,176.77280687,176.18564128,176.50773753,211159.1246
1704976500000,SYN_REKOP_WIDTH,5m,176.50773753,176.9467958,176.35841188,176.68132827,204069.9866
1704976800000,SYN_REKOP_WIDTH,5m,176.68132827,177.12174996,176.53170146,176.85617565,196201.6573
1704977100000,SYN_REKOP_WIDTH,5m,176.85617565,177.29812052,176.70595391,177.03273025,187695.0551
1704977400000,SYN_REKOP_WIDTH,5m,177.03273025,177.4763568,176.88162078,177.21143936,178702.425
1704977700000,SYN_REKOP_WIDTH,5m,177.21143936,177.65689652,177.05915182,177.39273717,169384.6298
1704978000000,SYN_REKOP_WIDTH,5m,177.39273717,177.84015573,177.23898512,177.57703485,161317.9193
1704978300000,SYN_REKOP_WIDTH,5m,177.57703485,178.02963393,177.41968715,177.76471079,170870.8701
1704978600000,SYN_REKOP_WIDTH,5m,177.76471079,178.22435464,177.60233596,177.95610115,180240.4125
1704978900000,SYN_REKOP_WIDTH,5m,177.95610115,178.42312522,177.78810784,178.15149111,189260.5883
1704979200000,SYN_REKOP_WIDTH,5m,178.15149111,178.62607552,177.97732443,178.35110683,197771.6255
1704979500000,SYN_REKOP_WIDTH,5m,178.35110683,178.8332632,178.17025792,178.55510846,205622.7809
1704979800000,SYN_REKOP_WIDTH,5m,178.55510846,179.04467104,178.36712444,178.76358434,212675.0221
1704980100000,SYN_REKOP_WIDTH,5m,178.76358434,179.26020575,178.56807849,178.97654657,218803.5013
1704980400000,SYN_REKOP_WIDTH,5m,178.97654657,179.47969826,178.77320841,179.19392806,223899.776
1704980700000,SYN_REKOP_WIDTH,5m,179.19392806,179.70290557,178.982533,179.41558116,227873.7394
1704981000000,SYN_REKOP_WIDTH,5m,179.41558116,179.92951404,179.1959994,179.64127797,230655.2225
1704981300000,SYN_REKOP_WIDTH,5m,179.64127797,180.15914406,179.4134822,179.87071239,232195.2432
1704981600000,SYN_REKOP_WIDTH,5m,179.87071239,180.39135608,179.63478393,180.10350382,232466.8775
1704981900000,SYN_REKOP_WIDTH,5m,180.10350382,180.62565783,179.85963678,180.33920261,231465.7388
1704982200000,SYN_REKOP_WIDTH,5m,180.33920261,180.86151267,180.08770569,180.57729707,229210.0554
1704982500000,SYN_REKOP_WIDTH,5m,180.57729707,181.09834884,180.31859277,180.81722201,225740.3466
1704982800000,SYN_REKOP_WIDTH,5m,180.81722201,181.33556956,180.55184288,181.05836868,221118.7017
1704983100000,SYN_REKOP_WIDTH,5m,181.05836868,181.57256376,180.78695049,181.30009584,215427.675
1704983400000,SYN_REKOP_WIDTH,5m,181.30009584,181.80871728,181.02336768,181.54174187,208768.8174
1704983700000,SYN_REKOP_WIDTH,5m,181.54174187,182.04342434,181.26051309,181.78263764,201260.8691
1704984000000,SYN_REKOP_WIDTH,5m,181.78263764,182.27609918,181.49778191,182.02211988,193037.6472
1704984300000,SYN_REKOP_WIDTH,5m,182.02211988,182.5061875,181.73455658,182.25954478,184245.6651
1704984600000,SYN_REKOP_WIDTH,5m,182.25954478,182.73317777,181.9702182,182.49430157,175041.5249
1704984900000,SYN_REKOP_WIDTH,5m,182.49430157,182.95661192,182.20415834,182.72582575,165589.132
1704985200000,SYN_REKOP_WIDTH,5m,182.72582575,183.17609545,182.4357912,182.95361167,166334.5711
1704985500000,SYN_REKOP_WIDTH,5m,182.95361167,183.39130667,182.66456582,183.17722424,175783.1823
1704985800000,SYN_REKOP_WIDTH,5m,183.17722424,183.60200486,182.88997808,183.3963094,184970.5952
1704986100000,SYN_REKOP_WIDTH,5m,183.3963094,183.8080372,183.11158235,183.6106032,193733.3686
1704986400000,SYN_REKOP_WIDTH,5m,183.6106032,184.00934433,183.3290025,183.81993915,201915.5868
1704986700000,SYN_REKOP_WIDTH,5m,183.81993915,184.20596435,183.54194192,184.02425374,209371.6326
1704987000000,SYN_REKOP_WIDTH,5m,184.02425374,184.39803509,183.75019245,184.22358994,215968.7789
1704987300000,SYN_REKOP_WIDTH,5m,184.22358994,184.58579464,183.95364181,184.4180985,221589.55
1704987600000,SYN_REKOP_WIDTH,5m,184.4180985,184.7718557,184.14853458,184.60803709,226133.8114
1704987900000,SYN_REKOP_WIDTH,5m,184.60803709,184.95577432,184.3362154,184.79376713,229520.5521
1704988200000,SYN_REKOP_WIDTH,5m,184.79376713,185.13621346,184.51996678,184.97574845,231689.3254
1704988500000,SYN_REKOP_WIDTH,5m,184.97574845,185.31373375,184.70025743,185.15453176,232601.3244
1704988800000,SYN_REKOP_WIDTH,5m,185.15453176,185.48897581,184.87764533,185.33074909,232240.0729
1704989100000,SYN_REKOP_WIDTH,5m,185.33074909,185.66264869,185.05276816,185.50510236,230611.7181
1704989400000,SYN_REKOP_WIDTH,5m,185.50510236,185.83551678,185.22633187,185.67835028,227744.9217
1704989700000,SYN_REKOP_WIDTH,5m,185.67835028,186.00838527,185.39909756,185.85129387,223690.3493
1704990000000,SYN_REKOP_WIDTH,5m,185.85129387,186.18208445,185.57186703,186.02476075,218519.7698
1704990300000,SYN_REKOP_WIDTH,5m,186.02476075,186.3574532,185.74546708,186.19958869,212324.7777
1704990600000,SYN_REKOP_WIDTH,5m,186.19958869,186.53532202,185.9207331,186.37660857,205215.1641
1704990900000,SYN_REKOP_WIDTH,5m,186.37660857,186.7164958,186.0984921,186.55662725,197316.9629
1704991200000,SYN_REKOP_WIDTH,5m,186.55662725,186.90173686,186.27954553,186.74041049,188770.2086
1704991500000,SYN_REKOP_WIDTH,5m,186.74041049,187.09174846,186.46465242,186.92866657,179726.4448
1704991800000,SYN_REKOP_WIDTH,5m,186.92866657,187.28715924,186.65451288,187.12203056,170346.0277
1704992100000,SYN_REKOP_WIDTH,5m,187.12203056,187.49157704,186.84476381,187.32105002,160870.4128
1704992400000,SYN_REKOP_WIDTH,5m,187.32105002,187.70447131,187.03782491,187.52617199,170349.8611
1704992700000,SYN_REKOP_WIDTH,5m,187.52617199,187.92452329,187.23695349,187.73773193,179657.6511
1704993000000,SYN_REKOP_WIDTH,5m,187.73773193,188.15186305,187.44267176,187.95594463,188627.5062
1704993300000,SYN_REKOP_WIDTH,5m,187.95594463,188.38647852,187.65538184,188.18089746,197099.1322
1704993600000,SYN_REKOP_WIDTH,5m,188.18089746,188.62821121,187.8753535,188.41254598,204921.0698
1704993900000,SYN_REKOP_WIDTH,5m,188.41254598,188.87675501,188.10271453,188.65071229,211953.3891
1704994200000,SYN_REKOP_WIDTH,5m,188.65071229,189.13165835,188.33744406,188.89508591,218070.1795
1704994500000,SYN_REKOP_WIDTH,5m,188.89508591,189.39232958,188.57936912,189.14522759,223161.79
1704994800000,SYN_REKOP_WIDTH,5m,189.14522759,189.65804581,188.82816457,189.40057567,227136.7799
1704995100000,SYN_REKOP_WIDTH,5m,189.40057567,189.92796504,189.08335654,189.66045521,229923.546
1704995400000,SYN_REKOP_WIDTH,5m,189.66045521,190.20114132,189.34432934,189.92408966,231471.5965
1704995700000,SYN_REKOP_WIDTH,5m,189.92408966,190.47654289,189.61033586,190.1906149,231752.4496
1704996000000,SYN_REKOP_WIDTH,5m,190.1906149,190.75307284,189.88051126,190.45909539,230760.14
1704996300000,SYN_REKOP_WIDTH,5m,190.45909539,191.02959191,190.15388964,190.72854224,228511.3253
1704996600000,SYN_REKOP_WIDTH,5m,190.72854224,191.30494285,190.42942355,190.99793279,225044.9898
1704996900000,SYN_REKOP_WIDTH,5m,190.99793279,191.577976,190.70600567,191.26623136,220421.7506
1704997200000,SYN_REKOP_WIDTH,5m,191.26623136,191.84757524,190.98249241,191.53241069,214722.7793
1704997500000,SYN_REKOP_WIDTH,5m,191.53241069,192.11268379,191.25772877,191.79547377,208048.358
1704997800000,SYN_REKOP_WIDTH,5m,191.79547377,192.37232918,191.53057383,192.05447542,200516.095
1704998100000,SYN_REKOP_WIDTH,5m,192.05447542,192.62564675,191.79992641,192.30854322,192258.8322
1704998400000,SYN_REKOP_WIDTH,5m,192.30854322,192.87190094,192.06475009,192.55689732,183422.2819
1704998700000,SYN_REKOP_WIDTH,5m,192.55689732,193.11050383,192.32409703,192.79886865,174162.4344
1704999000000,SYN_REKOP_WIDTH,5m,192.79886865,193.34103045,192.57712994,193.03391496,164642.782
1704999300000,SYN_REKOP_WIDTH,5m,193.03391496,193.56323024,192.82314172,193.2616345,163977.7127
1704999600000,SYN_REKOP_WIDTH,5m,193.2616345,193.77703442,193.0615721,193.48177676,173359.3382
1704999900000,SYN_REKOP_WIDTH,5m,193.48177676,193.98255905,193.29202098,193.69425001,182491.4956
1705000200000,SYN_REKOP_WIDTH,5m,193.69425001,194.18010343,193.51425802,193.89912552,191210.3299
1705000500000,SYN_REKOP_WIDTH,5m,193.89912552,194.37707383,193.7238983,194.0966381,199359.3112
1705000800000,SYN_REKOP_WIDTH,5m,194.0966381,194.5703344,193.9236624,194.287183,206792.0201
1705001100000,SYN_REKOP_WIDTH,5m,194.287183,194.75689308,194.11619203,194.47130918,213374.7531
1705001400000,SYN_REKOP_WIDTH,5m,194.47130918,194.93743106,194.30202375,194.64970891,218988.9009
1705001700000,SYN_REKOP_WIDTH,5m,194.64970891,195.11276085,194.48183883,194.82320411,223533.0597
1705002000000,SYN_REKOP_WIDTH,5m,194.82320411,195.28380945,194.65644959,194.99272944,226924.8345
1705002300000,SYN_REKOP_WIDTH,5m,194.99272944,195.45159876,194.8267826,195.15931268,229102.3059
1705002600000,SYN_REKOP_WIDTH,5m,195.15931268,195.61722357,194.9938591,195.32405277,230025.1316
1705002900000,SYN_REKOP_WIDTH,5m,195.32405277,195.78182764,195.15877303,195.48809586,229675.264
1705003200000,SYN_REKOP_WIDTH,5m,195.48809586,195.94657852,195.32266718,195.65261017,228057.2721
1705003500000,SYN_REKOP_WIDTH,5m,195.65261017,196.11264144,195.48670802,195.81875995,225198.2596
1705003800000,SYN_REKOP_WIDTH,5m,195.81875995,196.28115312,195.65205967,195.98767931,221147.3829
1705004100000,SYN_REKOP_WIDTH,5m,195.98767931,196.45319591,195.81985774,196.16044644,215974.977
1705004400000,SYN_REKOP_WIDTH,5m,196.16044644,196.62977301,195.99118355,196.33805885,209771.3036
1705004700000,SYN_REKOP_WIDTH,5m,196.33805885,196.81178522,196.16703937,196.52141027,202644.9459
1705005000000,SYN_REKOP_WIDTH,5m,196.52141027,197.00000988,196.34832525,196.71126958,194720.8761
1705005300000,SYN_REKOP_WIDTH,5m,196.71126958,197.19508243,196.53581801,196.90826251,186138.2326
1705005600000,SYN_REKOP_WIDTH,5m,196.90826251,197.39748118,196.73015284,197.11285643,177047.8438
1705005900000,SYN_REKOP_WIDTH,5m,197.11285643,197.61658691,196.92598749,197.32534856,167609.5456
1705006200000,SYN_REKOP_WIDTH,5m,197.32534856,197.84486276,197.12820671,197.54585812,157989.3367
1705006500000,SYN_REKOP_WIDTH,5m,197.54585812,198.08050908,197.3380001,197.77432242,166139.4259
1705006800000,SYN_REKOP_WIDTH,5m,197.77432242,198.32303536,197.5554672,198.01049724,175389.183
1705007100000,SYN_REKOP_WIDTH,5m,198.01049724,198.5717973,197.78053893,198.25396135,184312.6679
1705007400000,SYN_REKOP_WIDTH,5m,198.25396135,198.82601225,198.01297934,198.50412532,192749.078
1705007700000,SYN_REKOP_WIDTH,5m,198.50412532,199.08477754,198.25239093,198.76024428,200546.2506
1705008000000,SYN_REKOP_WIDTH,5m,198.76024428,199.34709139,198.49822308,199.02143453,207563.3706
1705008300000,SYN_REKOP_WIDTH,5m,199.02143453,199.61187573,198.74978383,199.28669357,213673.4752
1705008600000,SYN_REKOP_WIDTH,5m,199.28669357,199.87800068,199.00625449,199.55492317,218765.7137
1705008900000,SYN_REKOP_WIDTH,5m,199.55492317,200.14430989,199.26670698,199.82495484,222747.3196
1705009200000,SYN_REKOP_WIDTH,5m,199.82495484,200.40964637,199.53012361,200.09557722,225545.2612
1705009500000,SYN_REKOP_WIDTH,5m,200.09557722,200.67287824,199.79541882,200.36556474,227107.5412
1705009800000,SYN_REKOP_WIDTH,5m,200.36556474,200.9329237,200.06146263,200.63370661,227404.1219
1705010100000,SYN_REKOP_WIDTH,5m,200.63370661,201.18877482,200.32710523,200.89883572,226427.4598
1705010400000,SYN_REKOP_WIDTH,5m,200.89883572,201.43951962,200.59120231,201.15985643,224192.6398
1705010700000,SYN_REKOP_WIDTH,5m,201.15985643,201.68436182,200.85264057,201.41577066,220737.1073
1705011000000,SYN_REKOP_WIDTH,5m,201.41577066,201.92263801,201.11036281,201.66570149,216120.0017
1705011300000,SYN_REKOP_WIDTH,5m,201.66570149,202.15383164,201.36339213,201.90891365,210421.1044
1705011600000,SYN_REKOP_WIDTH,5m,201.90891365,202.37758368,201.61085456,202.1448303,203739.4196
1705011900000,SYN_REKOP_WIDTH,5m,202.1448303,202.59369956,201.85199956,202.37304569,196191.4129
1705012200000,SYN_REKOP_WIDTH,5m,202.37304569,202.80215227,202.08621787,202.5933332,187908.9391
1705012500000,SYN_REKOP_WIDTH,5m,202.5933332,203.0030815,202.31305616,202.80564869,179036.8964
1705012800000,SYN_REKOP_WIDTH,5m,202.80564869,203.20348821,202.52241466,203.01012896,169730.6488
1705013100000,SYN_REKOP_WIDTH,5m,203.01012896,203.3972505,202.72322029,203.20708537,160153.2614
1705013400000,SYN_REKOP_WIDTH,5m,203.20708537,203.58419417,202.91674996,203.39699292,158086.6308
1705013700000,SYN_REKOP_WIDTH,5m,203.39699292,203.76495992,203.10349494,203.58047497,167409.536
1705014000000,SYN_REKOP_WIDTH,5m,203.58047497,203.94031664,203.28409328,203.75828422,176494.9183
1705014300000,SYN_REKOP_WIDTH,5m,203.75828422,204.11113893,203.45931077,203.93128042,185178.5219
1705014600000,SYN_REKOP_WIDTH,5m,203.93128042,204.27838227,203.63001861,204.10040556,193303.2163
1705014900000,SYN_REKOP_WIDTH,5m,204.10040556,204.44305625,203.79716858,204.26665727,200721.7923
1705015200000,SYN_REKOP_WIDTH,5m,204.26665727,204.60619695,203.96176637,204.4310612,207299.5805
1705015500000,SYN_REKOP_WIDTH,5m,204.4310612,204.76883908,204.12484403,204.59464326,212916.8485
1705015800000,SYN_REKOP_WIDTH,5m,204.59464326,204.93198884,204.2874322,204.75840248,217470.9307
1705016100000,SYN_REKOP_WIDTH,5m,204.75840248,205.09659818,204.450533,204.92328541,220878.0553
1705016400000,SYN_REKOP_WIDTH,5m,204.92328541,205.26354137,204.61509444,205.09016262,223074.8348
1705016700000,SYN_REKOP_WIDTH,5m,205.09016262,205.43359429,204.78198697,205.25980806,224019.3943
1705017000000,SYN_REKOP_WIDTH,5m,205.25980806,205.6074173,204.95198287,205.43288194,223692.1162
1705017300000,SYN_REKOP_WIDTH,5m,205.43288194,205.78554186,205.12573919,205.60991735,222095.9897
1705017600000,SYN_REKOP_WIDTH,5m,205.60991735,205.96836142,205.30378434,205.79131112,219256.5579
1705017900000,SYN_REKOP_WIDTH,5m,205.79131112,206.15612671,205.4865091,205.97731914,215221.4629
1705018200000,SYN_REKOP_WIDTH,5m,205.97731914,206.34894537,205.67416186,206.16805595,210059.5992
1705018500000,SYN_REKOP_WIDTH,5m,206.16805595,206.54678603,205.86684829,206.36349877,203859.8872
1705018800000,SYN_REKOP_WIDTH,5m,206.36349877,206.7494864,206.0645354,206.56349555,196729.6919
1705019100000,SYN_REKOP_WIDTH,5m,206.56349555,206.95676505,206.26705963,206.76777676,188792.9124
1705019400000,SYN_REKOP_WIDTH,5m,206.76777676,207.16823654,206.47413863,206.9759704,180187.7779
1705019700000,SYN_REKOP_WIDTH,5m,206.9759704,207.38342904,206.68538632,207.18761958,171064.3884
1705020000000,SYN_REKOP_WIDTH,5m,207.18761958,207.60180399,206.90033053,207.40220214,161582.044
1705020300000,SYN_REKOP_WIDTH,5m,207.40220214,207.82308639,207.11800141,207.61915136,151906.4115
1705020600000,SYN_REKOP_WIDTH,5m,207.61915136,208.04754034,207.33668129,207.83787723,158664.6653
1705020900000,SYN_REKOP_WIDTH,5m,207.83787723,208.27284983,207.55814234,208.05778722,167869.1351
1705021200000,SYN_REKOP_WIDTH,5m,208.05778722,208.4984038,207.78171743,208.2783061,176759.2017
1705021500000,SYN_REKOP_WIDTH,5m,208.2783061,208.72364226,208.00673222,208.49889381,185173.5673
1705021800000,SYN_REKOP_WIDTH,5m,208.49889381,208.94807186,208.23252885,208.71906089,192959.3786
1705022100000,SYN_REKOP_WIDTH,5m,208.71906089,209.17127772,208.45848743,208.93838098,199974.9461
1705022400000,SYN_REKOP_WIDTH,5m,208.93838098,209.39304555,208.6839215,209.15649983,206092.2657
1705022700000,SYN_REKOP_WIDTH,5m,209.15649983,209.6147959,208.90663727,209.37314069,211199.2957
1705023000000,SYN_REKOP_WIDTH,5m,209.37314069,209.83489962,209.12790761,209.58810582,215201.9511
1705023300000,SYN_REKOP_WIDTH,5m,209.58810582,210.05321089,209.34751033,209.80127433,218025.7771
1705023600000,SYN_REKOP_WIDTH,5m,209.80127433,210.2696549,209.56529988,210.01259635,219617.2747
1705023900000,SYN_REKOP_WIDTH,5m,210.01259635,210.48421898,209.78120169,210.22208404,219944.8521
1705024200000,SYN_REKOP_WIDTH,5m,210.22208404,210.69694099,209.99520332,210.42979981,218999.3874
1705024500000,SYN_REKOP_WIDTH,5m,210.42979981,210.90789543,210.20734282,210.63584239,216794.3907
1705024800000,SYN_REKOP_WIDTH,5m,210.63584239,211.11717825,210.41769496,210.84033145,213365.7643
1705025100000,SYN_REKOP_WIDTH,5m,210.84033145,211.32489083,210.62635598,211.04339152,208771.1639
1705025400000,SYN_REKOP_WIDTH,5m,211.04339152,211.53112406,210.83342765,211.24513596,203088.973
1705025700000,SYN_REKOP_WIDTH,5m,211.24513596,211.73594336,211.03900137,211.44565188,196416.9082
1705026000000,SYN_REKOP_WIDTH,5m,211.44565188,211.93937523,211.24314321,211.64498662,188870.2815
1705026300000,SYN_REKOP_WIDTH,5m,211.64498662,212.14139625,211.44588052,211.84313663,180579.948
1705026600000,SYN_REKOP_WIDTH,5m,211.84313663,212.34192489,211.64719092,212.04003923,171689.9785
1705026900000,SYN_REKOP_WIDTH,5m,212.04003923,212.54081688,211.84699415,212.23556787,162355.0963
1705027200000,SYN_REKOP_WIDTH,5m,212.23556787,212.73786418,212.04514742,212.42953104,152737.9239
1705027500000,SYN_REKOP_WIDTH,5m,212.42953104,212.93279801,212.24144443,212.62167523,149287.1881
1705027800000,SYN_REKOP_WIDTH,5m,212.62167523,213.12529574,212.43561835,212.81169168,158567.9964
1705028100000,SYN_REKOP_WIDTH,5m,212.81169168,213.31499157,212.62734873,212.99922705,167623.4056
1705028400000,SYN_REKOP_WIDTH,5m,212.99922705,213.50149061,212.8162721,213.18389737,176288.7729
1705028700000,SYN_REKOP_WIDTH,5m,213.18389737,213.68438589,213.0019961,213.365305,184406.38
1705029000000,SYN_REKOP_WIDTH,5m,213.365305,213.86327761,213.18411635,213.54305779,191828.239
1705029300000,SYN_REKOP_WIDTH,5m,213.54305779,214.03779388,213.36223575,213.71678972,198418.7262
1705029600000,SYN_REKOP_WIDTH,5m,213.71678972,214.20761205,213.53598509,213.88618222,204056.9949
1705029900000,SYN_REKOP_WIDTH,5m,213.88618222,214.37247973,213.70504436,214.05098507,208639.1261
1705030200000,SYN_REKOP_WIDTH,5m,214.05098507,214.53223449,213.86916366,214.21103609,212079.9771
1705030500000,SYN_REKOP_WIDTH,5m,214.21103609,214.68682143,214.02818293,214.36627864,214314.6971
1705030800000,SYN_REKOP_WIDTH,5m,214.36627864,214.83630751,214.18204938,214.51677602,215299.881
1705031100000,SYN_REKOP_WIDTH,5m,214.51677602,214.98089219,214.33083182,214.66272196,215014.3419
1705031400000,SYN_REKOP_WIDTH,5m,214.66272196,215.12091338,214.47473123,214.80444672,213459.488
1705031700000,SYN_REKOP_WIDTH,5m,214.80444672,215.25684848,214.61408667,214.94241808,210659.2984
1705032000000,SYN_REKOP_WIDTH,5m,214.94241808,215.38931005,214.74937632,215.07723713,206659.896
1705032300000,SYN_REKOP_WIDTH,5m,215.07723713,215.51903617,214.88121317,215.20962862,201528.7273
1705032600000,SYN_REKOP_WIDTH,5m,215.20962862,215.64687537,215.01033528,215.34042609,195353.3627
1705032900000,SYN_REKOP_WIDTH,5m,215.34042609,215.77376682,215.13759085,215.47055206,188239.9386
1705033200000,SYN_REKOP_WIDTH,5m,215.47055206,215.90071589,215.26391836,215.60099379,180311.2692
1705033500000,SYN_REKOP_WIDTH,5m,215.60099379,216.02876622,215.39032222,215.73277546,171704.6614
1705033800000,SYN_REKOP_WIDTH,5m,215.73277546,216.15896883,215.51784484,215.86692742,162569.4722
1705034100000,SYN_REKOP_WIDTH,5m,215.86692742,216.29234957,215.64753592,216.00445379,153064.4517
1705034400000,SYN_REKOP_WIDTH,5m,216.00445379,216.42987579,215.78041983,216.14629929,143354.9183
1705034700000,SYN_REKOP_WIDTH,5m,216.14629929,216.5724235,215.91746244,216.29331654,148741.5634
1705035000000,SYN_REKOP_WIDTH,5m,216.29331654,216.72074618,216.05953838,216.44623505,157920.8937
1705035300000,SYN_REKOP_WIDTH,5m,216.44623505,216.87544633,216.20739986,216.60563287,166797.8498
1705035600000,SYN_REKOP_WIDTH,5m,216.60563287,217.03695083,216.36164834,216.77191213,175210.6519
1705035900000,SYN_REKOP_WIDTH,5m,216.77191213,217.20549108,216.52270994,216.94527927,183005.7679
1705036200000,SYN_REKOP_WIDTH,5m,216.94527927,217.38108869,216.69081564,217.12573091,190040.6457
1705036500000,SYN_REKOP_WIDTH,5m,217.12573091,217.56354738,216.86598701,217.31304581,196186.2492
1705036800000,SYN_REKOP_WIDTH,5m,217.31304581,217.7524515,217.04802815,217.5067835,201329.3546
1705037100000,SYN_REKOP_WIDTH,5m,217.5067835,217.9471714,217.2365242,217.70628977,205374.5653
1705037400000,SYN_REKOP_WIDTH,5m,217.70628977,218.1468756,217.43084668,217.91070891,208246.0089
1705037700000,SYN_REKOP_WIDTH,5m,217.91070891,218.35054958,217.63016571,218.11900261,209888.6879
1705038000000,SYN_REKOP_WIDTH,5m,218.11900261,218.55702072,217.8334687,218.32997497,210269.4581
1705038300000,SYN_REKOP_WIDTH,5m,218.32997497,218.76498866,218.03958527,218.54230292,209377.6186
1705038600000,SYN_REKOP_WIDTH,5m,218.54230292,218.97306029,218.24721749,218.75457131,207225.1025
1705038900000,SYN_REKOP_WIDTH,5m,218.75457131,219.1797882,218.45497482,218.96531144,203846.2646
1705039200000,SYN_REKOP_WIDTH,5m,218.96531144,219.38371157,218.66141249,219.17304205,199297.2706
1705039500000,SYN_REKOP_WIDTH,5m,219.17304205,219.58339811,218.86507223,219.37631128,193655.0978
1705039800000,SYN_REKOP_WIDTH,5m,219.37631128,219.7774857,219.06452418,219.57373846,187016.166
1705040100000,SYN_REKOP_WIDTH,5m,219.57373846,219.9647225,219.25840839,219.76405429,179494.6217
1705040400000,SYN_REKOP_WIDTH,5m,219.76405429,220.14400405,219.44547483,219.94613799,171220.3082
1705040700000,SYN_REKOP_WIDTH,5m,219.94613799,220.31440628,219.62462041,220.11905044,162336.4547
1705041000000,SYN_REKOP_WIDTH,5m,220.11905044,220.47521321,219.79492193,220.28206196,152997.129
1705041300000,SYN_REKOP_WIDTH,5m,220.28206196,220.62593861,219.95566374,220.43467398,143364.4959
1705041600000,SYN_REKOP_WIDTH,5m,220.43467398,220.76634058,220.10635925,220.57663383,138553.5491
1705041900000,SYN_REKOP_WIDTH,5m,220.57663383,220.89642896,220.24676563,220.70794207,147815.1518
1705042200000,SYN_REKOP_WIDTH,5m,220.70794207,221.01646503,220.37689109,220.82885235,156863.6036
1705042500000,SYN_REKOP_WIDTH,5m,220.82885235,221.12695371,220.49699464,220.93986362,165533.8874
1705042800000,SYN_REKOP_WIDTH,5m,220.93986362,221.22862849,220.60757831,221.04170512,173667.7094
1705043100000,SYN_REKOP_WIDTH,5m,221.04170512,221.32242964,220.70937215,221.1353146,181116.3151
1705043400000,SYN_REKOP_WIDTH,5m,221.1353146,221.40947651,220.80331247,221.22181065,187743.1365
1705043700000,SYN_REKOP_WIDTH,5m,221.22181065,221.49103475,220.89051421,221.30245995,193426.2222
1705044000000,SYN_REKOP_WIDTH,5m,221.30245995,221.56847971,220.97223829,221.37864059,198060.4071
1705044300000,SYN_REKOP_WIDTH,5m,221.37864059,221.64325704,221.04985503,221.45180278,201559.1841
1705044600000,SYN_REKOP_WIDTH,5m,221.45180278,221.71684199,221.12480498,221.52342806,203856.2431
1705044900000,SYN_REKOP_WIDTH,5m,221.52342806,221.79069848,221.19855818,221.59498831,204906.6514
1705045200000,SYN_REKOP_WIDTH,5m,221.59498831,221.8662393,221.27257341,221.66790597,204687.653
1705045500000,SYN_REKOP_WIDTH,5m,221.66790597,221.94478858,221.34825846,221.74351651,203199.0742
1705045800000,SYN_REKOP_WIDTH,5m,221.74351651,222.02754773,221.42693278,221.8230342,200463.3261
1705046100000,SYN_REKOP_WIDTH,5m,221.8230342,222.11556553,221.50979334,221.90752226,196525.0071
1705046400000,SYN_REKOP_WIDTH,5m,221.90752226,222.20971339,221.59788495,221.99786803,191450.1087
1705046700000,SYN_REKOP_WIDTH,5m,221.99786803,222.31066628,221.69207551,222.09476381,185324.8423
1705047000000,SYN_REKOP_WIDTH,5m,222.09476381,222.41888961,221.79303698,222.19869375,178254.1049
1705047300000,SYN_REKOP_WIDTH,5m,222.19869375,222.53463249,221.90123236,222.30992695,170359.6136
1705047600000,SYN_REKOP_WIDTH,5m,222.30992695,222.65792712,222.01690888,222.42851686,161777.7399
1705047900000,SYN_REKOP_WIDTH,5m,222.42851686,222.78859436,222.14009751,222.55430669,152657.0834
1705048200000,SYN_REKOP_WIDTH,5m,222.55430669,222.92625488,222.2706184,222.68694055,143155.8286
1705048500000,SYN_REKOP_WIDTH,5m,222.68694055,223.07034563,222.40809215,222.82587972,133438.9303
1705048800000,SYN_REKOP_WIDTH,5m,222.82587972,223.22014068,222.55195609,222.97042349,137479.2626
1705049100000,SYN_REKOP_WIDTH,5m,222.97042349,223.37477598,222.70148527,223.1197337,146658.4921
1705049400000,SYN_REKOP_WIDTH,5m,223.1197337,223.53327684,222.85581697,223.2728622,155547.4747
1705049700000,SYN_REKOP_WIDTH,5m,223.2728622,223.69445293,223.01397832,223.42864558,164214.8621
1705050000000,SYN_REKOP_WIDTH,5m,223.42864558,223.85706289,223.17478124,223.58586991,172506.4429
1705050300000,SYN_REKOP_WIDTH,5m,223.58586991,224.01998006,223.33698707,223.74343611,180047.8866
1705050600000,SYN_REKOP_WIDTH,5m,223.74343611,224.18208802,223.4994719,223.90025515,186709.1102
1705050900000,SYN_REKOP_WIDTH,5m,223.90025515,224.34230868,223.66112208,224.05527616,192375.6907
1705051200000,SYN_REKOP_WIDTH,5m,224.05527616,224.49962804,223.82086234,224.20751196,196950.9014
1705051500000,SYN_REKOP_WIDTH,5m,224.20751196,224.65311883,223.97768154,224.35606159,200357.4323
1705051800000,SYN_REKOP_WIDTH,5m,224.35606159,224.80195954,224.13065522,224.50012917,202538.7655
1705052100000,SYN_REKOP_WIDTH,5m,224.50012917,224.94544943,224.27896465,224.63903864,203460.1805
1705052400000,SYN_REKOP_WIDTH,5m,224.63903864,225.08301914,224.42191168,224.77224436,203109.3717
1705052700000,SYN_REKOP_WIDTH,5m,224.77224436,225.21423704,224.55892945,224.89933718,201496.6674
1705053000000,SYN_REKOP_WIDTH,5m,224.89933718,225.33881109,224.6895886,225.02004623,198654.8453
1705053300000,SYN_REKOP_WIDTH,5m,225.02004623,225.45658664,224.81359919,225.13423658,194638.5494
1705053600000,SYN_REKOP_WIDTH,5m,225.13423658,225.56754034,224.93080846,225.241903,189523.3178
1705053900000,SYN_REKOP_WIDTH,5m,225.241903,225.67177058,225.04119473,225.34316038,183404.2379
1705054200000,SYN_REKOP_WIDTH,5m,225.34316038,225.76948516,225.1448579,225.43823121,176394.2547
1705054500000,SYN_REKOP_WIDTH,5m,225.43823121,225.8609865,225.24200704,225.52743084,168622.1613
1705054800000,SYN_REKOP_WIDTH,5m,225.52743084,225.94665529,225.33294571,225.61115096,160230.3066
1705055100000,SYN_REKOP_WIDTH,5m,225.61115096,226.02693305,225.41805557,225.68984224,151372.0628
1705055400000,SYN_REKOP_WIDTH,5m,225.68984224,226.10230435,225.49777903,225.76399642,142209.0963
1705055700000,SYN_REKOP_WIDTH,5m,225.76399642,226.17327926,225.57260143,225.83412886,136522.1957
1705056000000,SYN_REKOP_WIDTH,5m,225.83412886,226.24037671,225.64303359,225.90076179,146247.1478
1705056300000,SYN_REKOP_WIDTH,5m,225.90076179,226.30410904,225.7095951,225.96440893,155770.7124
1705056600000,SYN_REKOP_WIDTH,5m,225.96440893,226.36496846,225.77279903,226.025562,164927.4864
1705056900000,SYN_REKOP_WIDTH,5m,226.025562,226.42341556,225.83313832,226.08467916,173558.5878
1705057200000,SYN_REKOP_WIDTH,5m,226.08467916,226.47987014,225.89107431,226.142176,181514.4819
1705057500000,SYN_REKOP_WIDTH,5m,226.142176,226.53470464,225.94702766,226.19841887,188657.6421
1705057800000,SYN_REKOP_WIDTH,5m,226.19841887,226.58823996,226.0013717,226.25372085,194864.9964
1705058100000,SYN_REKOP_WIDTH,5m,226.25372085,226.64074388,226.05442832,226.30834017,200030.1167
1705058400000,SYN_REKOP_WIDTH,5m,226.30834017,226.69243176,226.10646636,226.36248096,204065.1125
1705058700000,SYN_REKOP_WIDTH,5m,226.36248096,226.74346938,226.15770233,226.41629618,206902.1943
1705059000000,SYN_REKOP_WIDTH,5m,226.41629618,226.79397761,226.20830322,226.46989228,208494.8794
1705059300000,SYN_REKOP_WIDTH,5m,226.46989228,226.84403855,226.25839113,226.52333546,208818.8187
1705059600000,SYN_REKOP_WIDTH,5m,226.52333546,226.8937028,226.30804943,226.57665899,207872.2299
1705059900000,SYN_REKOP_WIDTH,5m,226.57665899,226.94299743,226.35733001,226.62987126,205675.929
1705060200000,SYN_REKOP_WIDTH,5m,226.62987126,226.99193425,226.40626118,226.68296413,202272.9594
1705060500000,SYN_REKOP_WIDTH,5m,226.68296413,227.040518,226.45485598,226.73592118,197727.8261
1705060800000,SYN_REKOP_WIDTH,5m,226.73592118,227.08875402,226.50312027,226.78872553,192125.3479
1705061100000,SYN_REKOP_WIDTH,5m,226.78872553,227.13665515,226.55106042,226.84136675,185569.1476
1705061400000,SYN_REKOP_WIDTH,5m,226.84136675,227.18424744,226.59869017,226.8938468,178179.8089
1705061700000,SYN_REKOP_WIDTH,5m,226.8938468,227.2315746,226.64603637,226.9461845,170092.73
1705062000000,SYN_REKOP_WIDTH,5m,226.9461845,227.27870084,226.69314331,226.9984185,161455.7146
1705062300000,SYN_REKOP_WIDTH,5m,226.9984185,227.32571207,226.74007564,227.05060865,152426.3422
1705062600000,SYN_REKOP_WIDTH,5m,227.05060865,227.37271544,226.78691952,227.10283564,143169.1638
1705062900000,SYN_REKOP_WIDTH,5m,227.10283564,227.41983722,226.83378217,227.15519902,146327.994
1705063200000,SYN_REKOP_WIDTH,5m,227.15519902,227.46721907,226.88078973,227.20781363,155970.3843
1705063500000,SYN_REKOP_WIDTH,5m,227.20781363,227.51501298,226.92808359,227.26080466,165333.5534
1705063800000,SYN_REKOP_WIDTH,5m,227.26080466,227.56337494,226.97581527,227.31430144,174254.7712
1705064100000,SYN_REKOP_WIDTH,5m,227.31430144,227.6124577,227.02414014,227.3684304,182579.1604
1705064400000,SYN_REKOP_WIDTH,5m,227.3684304,227.66240288,227.07321022,227.42330725,190162.4523
1705064700000,SYN_REKOP_WIDTH,5m,227.42330725,227.71333275,227.12316627,227.47902896,196873.5532
1705065000000,SYN_REKOP_WIDTH,5m,227.47902896,227.765342,227.17412962,227.53566562,202596.8766
1705065300000,SYN_REKOP_WIDTH,5m,227.53566562,227.81848983,227.22619395,227.59325269,207234.3998
1705065600000,SYN_REKOP_WIDTH,5m,227.59325269,227.87279277,227.27941741,227.65178391,210707.4072
1705065900000,SYN_REKOP_WIDTH,5m,227.65178391,227.92821836,227.33381547,227.71120511,212957.8913
1705066200000,SYN_REKOP_WIDTH,5m,227.71120511,227.98468013,227.38935458,227.77140933,213949.584
1705066500000,SYN_REKOP_WIDTH,5m,227.77140933,228.04203407,227.44594724,227.83223335,213668.6019
1705066800000,SYN_REKOP_WIDTH,5m,227.83223335,228.10007674,227.50344842,227.89345592,212123.6932
1705067100000,SYN_REKOP_WIDTH,5m,227.89345592,228.15854517,227.56165371,227.95479776,209346.0815
1705067400000,SYN_REKOP_WIDTH,5m,227.95479776,228.21711872,227.62029924,228.01592347,205388.9107
1705067700000,SYN_REKOP_WIDTH,5m,228.01592347,228.27542277,227.67906349,228.07644533,200326.2984
1705068000000,SYN_REKOP_WIDTH,5m,228.07644533,228.33303437,227.73757105,228.135929,194252.0178
1705068300000,SYN_REKOP_WIDTH,5m,228.135929,228.38948962,227.79539823,228.19390097,187277.8286
1705068600000,SYN_REKOP_WIDTH,5m,228.19390097,228.44429273,227.85208041,228.24985762,179531.4883
1705068900000,SYN_REKOP_WIDTH,5m,228.24985762,228.49692646,227.90712112,228.30327579,171154.4794
1705069200000,SYN_REKOP_WIDTH,5m,228.30327579,228.54686379,227.96000246,228.35362443,162299.4913
1705069500000,SYN_REKOP_WIDTH,5m,228.35362443,228.59358047,228.01019676,228.40037712,153127.704
1705069800000,SYN_REKOP_WIDTH,5m,228.40037712,228.63656807,228.05717904,228.44302526,146085.3984
1705070100000,SYN_REKOP_WIDTH,5m,228.44302526,228.67534736,228.10044018,228.48109133,155792.2712
1705070400000,SYN_REKOP_WIDTH,5m,228.48109133,228.70948143,228.13950013,228.51414207,165308.9288
1705070700000,SYN_REKOP_WIDTH,5m,228.51414207,228.73858835,228.1739211,228.54180108,174469.6228
1705071000000,SYN_REKOP_WIDTH,5m,228.54180108,228.76235294,228.20332017,228.56376062,183114.923
1705071300000,SYN_REKOP_WIDTH,5m,228.56376062,228.78053735,228.22738106,228.57979208,191094.5543
1705071600000,SYN_REKOP_WIDTH,5m,228.57979208,228.79299006,228.24586469,228.58975494,198270.0696
1705071900000,SYN_REKOP_WIDTH,5m,228.58975494,228.7996531,228.25861817,228.59360394,204517.3137
1705072200000,SYN_REKOP_WIDTH,5m,228.59360394,228.80277694,228.26337219,228.59139416,209728.6313
1705072500000,SYN_REKOP_WIDTH,5m,228.59139416,228.8039849,228.25868476,228.5832838,213814.7826
1705072800000,SYN_REKOP_WIDTH,5m,228.5832838,228.79956883,228.24864897,228.56953465,216706.531
1705073100000,SYN_REKOP_WIDTH,5m,228.56953465,228.78977181,228.23360884,228.55051009,218355.8745
1705073400000,SYN_REKOP_WIDTH,5m,228.55051009,228.77493724,228.21400405,228.5266706,218736.8996
1705073700000,SYN_REKOP_WIDTH,5m,228.5266706,228.75550452,228.19036315,228.49856691,217846.2426
1705074000000,SYN_REKOP_WIDTH,5m,228.49856691,228.73200226,228.16329457,228.46683085,215703.1485
1705074300000,SYN_REKOP_WIDTH,5m,228.46683085,228.7050393,228.13347546,228.43216406,212349.129
1705074600000,SYN_REKOP_WIDTH,5m,228.43216406,228.67529351,228.10163876,228.39532489,207847.2236
1705074900000,SYN_REKOP_WIDTH,5m,228.39532489,228.64349883,228.06855857,228.35711364,202280.8777
1705075200000,SYN_REKOP_WIDTH,5m,228.35711364,228.61043063,228.03503429,228.31835651,195752.4578
1705075500000,SYN_REKOP_WIDTH,5m,228.31835651,228.57688978,228.00187381,228.27988868,188381.4301
1705075800000,SYN_REKOP_WIDTH,5m,228.27988868,228.54368585,227.96987616,228.24253673,180302.2344
1705076100000,SYN_REKOP_WIDTH,5m,228.24253673,228.51161966,227.93981397,228.207101,171661.8925
1705076400000,SYN_REKOP_WIDTH,5m,228.207101,228.48146572,227.91241611,228.17433808,162617.3918
1705076700000,SYN_REKOP_WIDTH,5m,228.17433808,228.45395487,227.88835104,228.14494394,153332.892
1705077000000,SYN_REKOP_WIDTH,5m,228.14494394,228.42975749,227.86821104,228.1195381,155122.0736
1705077300000,SYN_REKOP_WIDTH,5m,228.1195381,228.40946778,227.85249783,228.09864907,164738.9166
1705077600000,SYN_REKOP_WIDTH,5m,228.09864907,228.39358928,227.84160992,228.08270153,174087.618
1705077900000,SYN_REKOP_WIDTH,5m,228.08270153,228.38252219,227.83583181,228.0720055,183005.0078
1705078200000,SYN_REKOP_WIDTH,5m,228.0720055,228.37655259,227.83532556,228.06674768,191335.5704
1705078500000,SYN_REKOP_WIDTH,5m,228.06674768,228.37608157,227.83988704,228.06698535,198934.2118
1705078800000,SYN_REKOP_WIDTH,5m,228.06698535,228.38608829,227.84447344,228.07264278,205668.8405
1705079100000,SYN_REKOP_WIDTH,5m,228.07264278,228.40108369,227.85424532,228.08351044,211422.7181
1705079400000,SYN_REKOP_WIDTH,5m,228.08351044,228.42070565,227.86897286,228.09924697,216096.5356
1705079700000,SYN_REKOP_WIDTH,5m,228.09924697,228.44446596,227.88829575,228.11938395,219610.1804
1705080000000,SYN_REKOP_WIDTH,5m,228.11938395,228.47175796,227.91172801,228.14333335,221904.1616
1705080300000,SYN_REKOP_WIDTH,5m,228.14333335,228.5018667,227.93866555,228.17039767,222940.668
1705080600000,SYN_REKOP_WIDTH,5m,228.17039767,228.53398163,227.96839639,228.19978247,222704.2411
1705080900000,SYN_REKOP_WIDTH,5m,228.19978247,228.56721141,228.00011322,228.23061118,221202.0496
1705081200000,SYN_REKOP_WIDTH,5m,228.23061118,228.60060082,228.03292827,228.2619418,218463.762
1705081500000,SYN_REKOP_WIDTH,5m,228.2619418,228.63314918,228.06589011,228.29278531,214541.0181
1705081800000,SYN_REKOP_WIDTH,5m,228.29278531,228.66383015,228.09800208,228.32212532,209506.5106
1705082100000,SYN_REKOP_WIDTH,5m,228.32212532,228.69161232,228.12824198,228.34893867,203452.6915
1705082400000,SYN_REKOP_WIDTH,5m,228.34893867,228.71548041,228.15558267,228.37221641,196490.1265
1705082700000,SYN_REKOP_WIDTH,5m,228.37221641,228.73445639,228.17901314,228.39098495,188745.5283
1705083000000,SYN_REKOP_WIDTH,5m,228.39098495,228.74762021,228.19755963,228.40432672,180359.5015
1705083300000,SYN_REKOP_WIDTH,5m,228.40432672,228.75412977,228.21030632,228.4114,171484.0412
1705083600000,SYN_REKOP_WIDTH,5m,228.4114,228.75323943,228.21641511,228.41145752,162279.8281
1705083900000,SYN_REKOP_WIDTH,5m,228.41145752,228.75191119,228.20755004,228.4038633,153858.4235
1705084200000,SYN_REKOP_WIDTH,5m,228.4038633,228.74261422,228.19010926,228.38810742,163522.1624
1705084500000,SYN_REKOP_WIDTH,5m,228.38810742,228.72478907,228.16378799,228.36381839,173006.9742
1705084800000,SYN_REKOP_WIDTH,5m,228.36381839,228.69807431,228.12837373,228.33077279,182146.781
1705085100000,SYN_REKOP_WIDTH,5m,228.33077279,228.6622586,228.08381035,228.28890186,190781.6198
1705085400000,SYN_REKOP_WIDTH,5m,228.28890186,228.61728725,228.03020153,228.23829506,198760.489
1705085700000,SYN_REKOP_WIDTH,5m,228.23829506,228.5632657,227.9678109,228.17920026,205944.035
1705086000000,SYN_REKOP_WIDTH,5m,228.17920026,228.50045958,227.89705886,228.11202066,212207.031
1705086300000,SYN_REKOP_WIDTH,5m,228.11202066,228.42929156,227.81851611,228.03730846,217440.6053
1705086600000,SYN_REKOP_WIDTH,5m,228.03730846,228.35033485,227.73289403,227.95575532,221554.178
1705086900000,SYN_REKOP_WIDTH,5m,227.95575532,228.26430356,227.64103202,227.8681798,224477.0726
1705087200000,SYN_REKOP_WIDTH,5m,227.8681798,228.17203998,227.54388209,227.77551214,226159.7734
1705087500000,SYN_REKOP_WIDTH,5m,227.77551214,228.07449917,227.44249101,227.67877643,226574.8059
1705087800000,SYN_REKOP_WIDTH,5m,227.67877643,227.97273102,227.33798028,227.57907081,225717.2264
1705088100000,SYN_REKOP_WIDTH,5m,227.57907081,227.86786023,227.23152454,227.47754594,223604.7087
1705088400000,SYN_REKOP_WIDTH,5m,227.47754594,227.76106463,227.12432856,227.37538211,220277.2305
1705088700000,SYN_REKOP_WIDTH,5m,227.37538211,227.65355211,227.01760354,227.27376568,215796.3613
1705089000000,SYN_REKOP_WIDTH,5m,227.27376568,227.54653693,226.91254303,227.17386513,210244.1673
1705089300000,SYN_REKOP_WIDTH,5m,227.17386513,227.44121553,226.8102991,227.07680728,203721.7507
1705089600000,SYN_REKOP_WIDTH,5m,227.07680728,227.33874265,226.71195907,226.9836542,196347.4512
1705089900000,SYN_REKOP_WIDTH,5m,226.9836542,227.24020806,226.61852345,226.89538118,188254.74
1705090200000,SYN_REKOP_WIDTH,5m,226.89538118,227.1466144,226.53088542,226.81285635,179589.8451
1705090500000,SYN_REKOP_WIDTH,5m,226.81285635,227.05885663,226.44981234,226.73682226,170509.1493
1705090800000,SYN_REKOP_WIDTH,5m,226.73682226,226.97770354,226.3759296,226.66787986,161176.4081
1705091100000,SYN_REKOP_WIDTH,5m,226.66787986,226.9037815,226.30970726,226.60647513,161574.1836
1705091400000,SYN_REKOP_WIDTH,5m,226.60647513,226.83756112,226.25144963,226.55288886,171143.168
1705091700000,SYN_REKOP_WIDTH,5m,226.55288886,226.77934678,226.20128815,226.50722952,180455.2433
1705092000000,SYN_REKOP_WIDTH,5m,226.50722952,226.72926951,226.15917766,226.46942966,189346.8147
1705092300000,SYN_REKOP_WIDTH,5m,226.46942966,226.68728325,226.12489624,226.43924581,197661.7431
1705092600000,SYN_REKOP_WIDTH,5m,226.43924581,226.65316466,226.09804857,226.41626194,205254.1229
1705092900000,SYN_REKOP_WIDTH,5m,226.41626194,226.6265165,226.07807286,226.39989652,211990.8777
1705093200000,SYN_REKOP_WIDTH,5m,226.39989652,226.60677464,226.06425134,226.38941298,217754.1282
1705093500000,SYN_REKOP_WIDTH,5m,226.38941298,226.59321843,226.0557239,226.38393357,222443.2889
1705093800000,SYN_REKOP_WIDTH,5m,226.38393357,226.58498449,226.05150494,226.38245627,225976.8585
1705094100000,SYN_REKOP_WIDTH,5m,226.38245627,226.58250172,226.0490848,226.38387442,228293.8687
1705094400000,SYN_REKOP_WIDTH,5m,226.38387442,226.58354461,226.04841803,226.3869989,229354.97
1705094700000,SYN_REKOP_WIDTH,5m,226.3869989,226.58539779,226.049805,226.39058225,229143.131
1705095000000,SYN_REKOP_WIDTH,5m,226.39058225,226.58678876,226.05200881,226.39334433,227663.9415
1705095300000,SYN_REKOP_WIDTH,5m,226.39334433,226.58643729,226.0537582,226.39399905,224945.513
1705095600000,SYN_REKOP_WIDTH,5m,226.39399905,226.58580001,226.05105663,226.39128157,221037.9784
1705095900000,SYN_REKOP_WIDTH,5m,226.39128157,226.58281635,226.04349062,226.38397535,216012.6
1705096200000,SYN_REKOP_WIDTH,5m,226.38397535,226.57561534,226.03057624,226.3709386,209960.5013
1705096500000,SYN_REKOP_WIDTH,5m,226.3709386,226.5630536,226.01127261,226.35112931,202991.0459
1705096800000,SYN_REKOP_WIDTH,5m,226.35112931,226.54408571,225.98465985,226.32362861,195229.8913
1705097100000,SYN_REKOP_WIDTH,5m,226.32362861,226.51778749,225.94995983,226.28766148,186816.7535
1705097400000,SYN_REKOP_WIDTH,5m,226.28766148,226.48337683,225.90655411,226.24261477,177902.9205
1705097700000,SYN_REKOP_WIDTH,5m,226.24261477,226.44023168,225.85399845,226.18805168,168648.5611
1705098000000,SYN_REKOP_WIDTH,5m,226.18805168,226.38790465,225.79203361,226.12372256,159219.8745
1705098300000,SYN_REKOP_WIDTH,5m,226.12372256,226.32613382,225.72059216,226.04957165,168431.9678
1705098600000,SYN_REKOP_WIDTH,5m,226.04957165,226.25484958,225.63980101,225.96573957,177866.0457
1705098900000,SYN_REKOP_WIDTH,5m,225.96573957,226.17417722,225.54997958,225.87256142,186966.2623
1705099200000,SYN_REKOP_WIDTH,5m,225.87256142,226.08443509,225.45163369,225.77056053,195572.137
1705099500000,SYN_REKOP_WIDTH,5m,225.77056053,225.9861285,225.34544512,225.66043797,203531.9559
1705099800000,SYN_REKOP_WIDTH,5m,225.66043797,225.87993929,225.23225723,225.54305794,210705.4716
1705100100000,SYN_REKOP_WIDTH,5m,225.54305794,225.76671139,225.11305676,225.4194295,216966.398
1705100400000,SYN_REKOP_WIDTH,5m,225.4194295,225.6474326,224.98895231,225.29068487,222204.6572
1705100700000,SYN_REKOP_WIDTH,5m,225.29068487,225.5232131,224.86115006,225.15805494,226328.3382
1705101000000,SYN_REKOP_WIDTH,5m,225.15805494,225.39526099,224.73092705,225.02284243,229265.3315
1705101300000,SYN_REKOP_WIDTH,5m,225.02284243,225.26485561,224.5996029,224.8863934,230964.6129
1705101600000,SYN_REKOP_WIDTH,5m,224.8863934,225.13331914,224.4685104,224.75006768,231397.1504
1705101900000,SYN_REKOP_WIDTH,5m,224.75006768,225.00198718,224.3389658,224.61520896,230556.4214
1705102200000,SYN_REKOP_WIDTH,5m,224.61520896,224.8721789,224.21223943,224.48311523,228458.5282
1705102500000,SYN_REKOP_WIDTH,5m,224.48311523,224.74516762,224.08952731,224.35501024,225141.9115
1705102800000,SYN_REKOP_WIDTH,5m,224.35501024,224.6221523,223.97192439,224.23201661,220666.6666
1705103100000,SYN_REKOP_WIDTH,5m,224.23201661,224.5042308,223.86040018,224.11513122,215113.4741
1705103400000,SYN_REKOP_WIDTH,5m,224.11513122,224.39237536,223.75577713,224.00520355,208582.1641
1705103700000,SYN_REKOP_WIDTH,5m,224.00520355,224.28741096,223.65871245,223.90291726,201189.9402
1705104000000,SYN_REKOP_WIDTH,5m,223.90291726,224.18999704,223.56968364,223.80877572,193069.294
1705104300000,SYN_REKOP_WIDTH,5m,223.80877572,224.10061306,223.48897821,223.72309149,184365.648
1705104600000,SYN_REKOP_WIDTH,5m,223.72309149,224.01954813,223.41668779,223.64598041,175234.7679
1705104900000,SYN_REKOP_WIDTH,5m,223.64598041,223.94689511,223.35270668,223.57736003,165839.991
1705105200000,SYN_REKOP_WIDTH,5m,223.57736003,223.88254917,223.29673511,223.51695277,164831.8928
1705105500000,SYN_REKOP_WIDTH,5m,223.51695277,223.82621101,223.24828694,223.46429354,174337.9273
1705105800000,SYN_REKOP_WIDTH,5m,223.46429354,223.77739462,223.20670176,223.41874177,183598.4828
1705106100000,SYN_REKOP_WIDTH,5m,223.41874177,223.73543936,223.17116105,223.3794975,192449.5552
1705106400000,SYN_REKOP_WIDTH,5m,223.3794975,223.69952619,223.14070811,223.34562125,200734.3962
1705106700000,SYN_REKOP_WIDTH,5m,223.34562125,223.66869763,223.11427127,223.3160571,208306.302
1705107000000,SYN_REKOP_WIDTH,5m,223.3160571,223.641881,223.09068973,223.28965857,215031.2236
1705107300000,SYN_REKOP_WIDTH,5m,223.28965857,223.61791433,223.06874155,223.26521649,220790.1517
1705107600000,SYN_REKOP_WIDTH,5m,223.26521649,223.59557445,223.04717306,223.24148836,225481.2342
1705107900000,SYN_REKOP_WIDTH,5m,223.24148836,223.5736064,223.02472886,223.21722831,229021.5883
1705108200000,SYN_REKOP_WIDTH,5m,223.21722831,223.55075354,223.00018177,223.19121703,231348.775
1705108500000,SYN_REKOP_WIDTH,5m,223.19121703,223.52578754,222.97236189,223.16229074,232421.91
1705108800000,SYN_REKOP_WIDTH,5m,223.16229074,223.49753753,222.94018405,223.12936864,232222.3915
1705109100000,SYN_REKOP_WIDTH,5m,223.12936864,223.46491757,222.90267287,223.09147795,230754.2305
1705109400000,SYN_REKOP_WIDTH,5m,223.09147795,223.42695179,222.85898481,223.04777594,228043.9798
1705109700000,SYN_REKOP_WIDTH,5m,223.04777594,223.38279647,222.80842662,222.99756837,224140.2615
1705110000000,SYN_REKOP_WIDTH,5m,222.99756837,223.33175852,222.75046969,222.94032382,219112.9019
1705110300000,SYN_REKOP_WIDTH,5m,222.94032382,223.27330987,222.68475993,222.87568365,213051.6891
1705110600000,SYN_REKOP_WIDTH,5m,222.87568365,223.20709734,222.61112292,222.80346709,206064.7753
1705110900000,SYN_REKOP_WIDTH,5m,222.80346709,223.1329478,222.52956423,222.72367167,198276.7528
1705111200000,SYN_REKOP_WIDTH,5m,222.72367167,223.0508685,222.44026501,222.63646881,189826.4369
1705111500000,SYN_REKOP_WIDTH,5m,222.63646881,222.9610426,222.3435729,222.54219482,180864.3965
1705111800000,SYN_REKOP_WIDTH,5m,222.54219482,222.86382009,222.23998874,222.44133762,171550.2748
1705112100000,SYN_REKOP_WIDTH,5m,222.44133762,222.75970444,222.13014937,222.33451969,162049.9489
1705112400000,SYN_REKOP_WIDTH,5m,222.33451969,222.64933536,222.01480722,222.22247767,169854.4988
1705112700000,SYN_REKOP_WIDTH,5m,222.22247767,222.53346834,221.89480731,222.10603947,179227.1699
1705113000000,SYN_REKOP_WIDTH,5m,222.10603947,222.41295154,221.77106228,221.9860994,188277.344
1705113300000,SYN_REKOP_WIDTH,5m,221.9860994,222.28870086,221.64452643,221.86359231,196844.0371
1705113600000,SYN_REKOP_WIDTH,5m,221.86359231,222.16167382,221.51616943,221.73946735,204774.837
1705113900000,SYN_REKOP_WIDTH,5m,221.73946735,222.03284329,221.38695057,221.61466238,211928.6151
1705114200000,SYN_REKOP_WIDTH,5m,221.61466238,221.90317159,221.25779427,221.49007952,218178.0375
1705114500000,SYN_REKOP_WIDTH,5m,221.49007952,221.77358601,221.12956763,221.36656282,223411.8302
1705114800000,SYN_REKOP_WIDTH,5m,221.36656282,221.64495626,221.00306059,221.24487857,227536.7593
1705115100000,SYN_REKOP_WIDTH,5m,221.24487857,221.51807466,220.87896938,221.12569876,230479.2894
1705115400000,SYN_REKOP_WIDTH,5m,221.12569876,221.39363943,220.75788345,221.00958817,232186.8927
1705115700000,SYN_REKOP_WIDTH,5m,221.00958817,221.2722417,220.64027648,220.89699549,232628.9825
1705116000000,SYN_REKOP_WIDTH,5m,220.89699549,221.15435643,220.52650138,220.78824838,231797.4584
1705116300000,SYN_REKOP_WIDTH,5m,220.78824838,221.04033743,220.41678945,220.68355278,229706.85
1705116600000,SYN_REKOP_WIDTH,5m,220.68355278,220.93041649,220.31125357,220.58299621,226394.0584
1705116900000,SYN_REKOP_WIDTH,5m,220.58299621,220.82470662,220.20989516,220.48655479,221917.6997
1705117200000,SYN_REKOP_WIDTH,5m,220.48655479,220.72320892,220.11261445,220.39410372,216357.0622
1705117500000,SYN_REKOP_WIDTH,5m,220.39410372,220.62582301,220.01922377,220.30543063,209810.6956
1705117800000,SYN_REKOP_WIDTH,5m,220.30543063,220.53236024,219.92946308,220.22025123,202394.6576
1705118100000,SYN_REKOP_WIDTH,5m,220.22025123,220.4425593,219.84301717,220.1382267,194240.4493
1705118400000,SYN_REKOP_WIDTH,5m,220.1382267,220.35610345,219.75953385,220.05898193,185492.6751
1705118700000,SYN_REKOP_WIDTH,5m,220.05898193,220.27263874,219.67864227,219.98212406,176306.4701
1705119000000,SYN_REKOP_WIDTH,5m,219.98212406,220.19179242,219.5999708,219.90726043,166844.7401
1705119300000,SYN_REKOP_WIDTH,5m,219.90726043,220.11319081,219.52316361,219.8340153,164425.3204
1705119600000,SYN_REKOP_WIDTH,5m,219.8340153,220.03647593,219.44789537,219.76204467,173862.242
1705119900000,SYN_REKOP_WIDTH,5m,219.76204467,219.96132028,219.37388344,219.69104864,183065.3372
1705120200000,SYN_REKOP_WIDTH,5m,219.69104864,219.88743906,219.30089723,219.62078078,191870.2067
1705120500000,SYN_REKOP_WIDTH,5m,219.62078078,219.8145995,219.22876413,219.55105423,200119.5071
1705120800000,SYN_REKOP_WIDTH,5m,219.55105423,219.74262692,219.15737203,219.48174432,207665.7493
1705121100000,SYN_REKOP_WIDTH,5m,219.48174432,219.67140719,219.08666828,219.41278752,214373.9238
1705121400000,SYN_REKOP_WIDTH,5m,219.41278752,219.60088572,219.01665516,219.34417701,220123.9019
1705121700000,SYN_REKOP_WIDTH,5m,219.34417701,219.53106295,218.94738213,219.275955,224812.5739
1705122000000,SYN_REKOP_WIDTH,5m,219.275955,219.46198659,218.87893523,219.20820213,228355.6831
1705122300000,SYN_REKOP_WIDTH,5m,219.20820213,219.39374102,218.81142423,219.14102461,230689.3251
1705122600000,SYN_REKOP_WIDTH,5m,219.14102461,219.3264344,218.74496797,219.07453958,231771.0849
1705122900000,SYN_REKOP_WIDTH,5m,219.07453958,219.260184,218.67967877,219.00885952,231580.7919
1705123200000,SYN_REKOP_WIDTH,5m,219.00885952,219.1951006,218.61564658,218.94407633,230120.8782
1705123500000,SYN_REKOP_WIDTH,5m,218.94407633,219.13127256,218.55292365,218.88024599,227416.3357
1705123800000,SYN_REKOP_WIDTH,5m,218.88024599,219.06875055,218.49151056,218.81737458,223514.2718
1705124100000,SYN_REKOP_WIDTH,5m,218.81737458,219.00753346,218.43134428,218.75540623,218483.0707
1705124400000,SYN_REKOP_WIDTH,5m,218.75540623,218.94755651,218.37228895,218.69421387,212411.1773
1705124700000,SYN_REKOP_WIDTH,5m,218.69421387,218.88868195,218.31412998,218.6335933,205405.5233
1705125000000,SYN_REKOP_WIDTH,5m,218.6335933,218.8306932,218.25657185,218.5732609,197589.6248
1705125300000,SYN_REKOP_WIDTH,5m,218.5732609,218.7732926,218.19923996,218.51285542,189101.3848
1705125600000,SYN_REKOP_WIDTH,5m,218.51285542,218.7161033,218.14168659,218.45194392,180090.6397
1705125900000,SYN_REKOP_WIDTH,5m,218.45194392,218.65867522,218.08340104,218.39003181,170716.4934
1705126200000,SYN_REKOP_WIDTH,5m,218.39003181,218.60049521,218.02382356,218.32657673,161144.4865
1705126500000,SYN_REKOP_WIDTH,5m,218.32657673,218.54100103,217.9623629,218.26100607,167540.1486
1705126800000,SYN_REKOP_WIDTH,5m,218.26100607,218.47959891,217.89841667,218.19273719,176850.1365
1705127100000,SYN_REKOP_WIDTH,5m,218.19273719,218.41568403,217.83139398,218.12120008,185849.2243
1705127400000,SYN_REKOP_WIDTH,5m,218.12120008,218.34866313,217.76073951,218.04586128,194375.9386
1705127700000,SYN_REKOP_WIDTH,5m,218.04586128,218.2779787,217.68595794,217.9662483,202277.1822
1705128000000,SYN_REKOP_WIDTH,5m,217.9662483,218.2031335,217.60663804,217.88197352,209410.9576
1705128300000,SYN_REKOP_WIDTH,5m,217.88197352,218.12371463,217.52247508,217.79275661,215648.894
1705128600000,SYN_REKOP_WIDTH,5m,217.79275661,218.03941608,217.43329085,217.69844436,220878.5313
1705128900000,SYN_REKOP_WIDTH,5m,217.69844436,217.95005876,217.33905021,217.59902715,225005.3205
1705129200000,SYN_REKOP_WIDTH,5m,217.59902715,217.85560714,217.23987346,217.49465118,227954.3069
1705129500000,SYN_REKOP_WIDTH,5m,217.49465118,217.75618162,217.13604372,217.38562572,229671.4632
1705129800000,SYN_REKOP_WIDTH,5m,217.38562572,217.65206594,217.02800895,217.27242495,230124.6509
1705130100000,SYN_REKOP_WIDTH,5m,217.27242495,217.54370923,216.91637817,217.15568409,229304.1925
1705130400000,SYN_REKOP_WIDTH,5m,217.15568409,217.43172221,216.80191183,217.03618957,227223.0434
1705130700000,SYN_REKOP_WIDTH,5m,217.03618957,217.31686754,216.68550648,216.91486355,223916.5616
1705131000000,SYN_REKOP_WIDTH,5m,216.91486355,217.20004447,216.56817402,216.79274304,219441.879
1705131300000,SYN_REKOP_WIDTH,5m,216.79274304,217.08226799,216.45101609,216.67095408,213876.8846
1705131600000,SYN_REKOP_WIDTH,5m,216.67095408,216.96464323,216.33519435,216.55068194,207318.8389
1705131900000,SYN_REKOP_WIDTH,5m,216.55068194,216.8483356,216.22189765,216.43313809,199882.6435
1705132200000,SYN_REKOP_WIDTH,5m,216.43313809,216.73453788,216.11230691,216.31952499,191698.7972
1705132500000,SYN_REKOP_WIDTH,5m,216.31952499,216.62443505,216.00755912,216.21099996,182911.0735
1705132800000,SYN_REKOP_WIDTH,5m,216.21099996,216.51916816,215.90871152,216.10863917,173673.9636
1705133100000,SYN_REKOP_WIDTH,5m,216.10863917,216.41979841,215.81670712,216.01340318,164149.9268
1705133400000,SYN_REKOP_WIDTH,5m,216.01340318,216.32727259,215.73234287,215.92610495,160323.4214
1705133700000,SYN_REKOP_WIDTH,5m,215.92610495,216.24239118,215.65624153,215.84738165,169694.6354
1705134000000,SYN_REKOP_WIDTH,5m,215.84738165,216.16578011,215.58882824,215.77767112,178843.8978
1705134300000,SYN_REKOP_WIDTH,5m,215.77767112,216.09786729,215.53031265,215.71719401,187606.4286
1705134600000,SYN_REKOP_WIDTH,5m,215.71719401,216.03886464,215.48067727,215.66594204,195824.3023
1705134900000,SYN_REKOP_WIDTH,5m,215.66594204,215.98875651,215.43967264,215.62367314,203349.2574
1705135200000,SYN_REKOP_WIDTH,5m,215.62367314,215.94729468,215.40681939,215.58991348,210045.3352
1705135500000,SYN_REKOP_WIDTH,5m,215.58991348,215.91400057,215.3814175,215.5639667,215791.2979
1705135800000,SYN_REKOP_WIDTH,5m,215.5639667,215.88817439,215.3625623,215.54492993,220482.7867
1705136100000,SYN_REKOP_WIDTH,5m,215.54492993,215.86891126,215.34916708,215.53171634,224034.178
1705136400000,SYN_REKOP_WIDTH,5m,215.53171634,215.85512377,215.33999145,215.52308354,226380.1076
1705136700000,SYN_REKOP_WIDTH,5m,215.52308354,215.84557051,215.33367476,215.51766703,227476.6329
1705137000000,SYN_REKOP_WIDTH,5m,215.51766703,215.83888949,215.32877361,215.51401767,227302.016
1705137300000,SYN_REKOP_WIDTH,5m,215.51401767,215.83363571,215.32380219,215.51064209,225857.1094
1705137600000,SYN_REKOP_WIDTH,5m,215.51064209,215.82832166,215.3172743,215.50604474,223165.3418
1705137900000,SYN_REKOP_WIDTH,5m,215.50604474,215.82145934,215.30774567,215.49877028,219272.3011
1705138200000,SYN_REKOP_WIDTH,5m,215.49877028,215.81160272,215.29385526,215.48744494,214244.9233
1705138500000,SYN_REKOP_WIDTH,5m,215.48744494,215.79738915,215.27436431,215.47081558,208170.3019
1705138800000,SYN_REKOP_WIDTH,5m,215.47081558,215.77757841,215.24819162,215.44778521,201154.1384
1705139100000,SYN_REKOP_WIDTH,5m,215.44778521,215.75108813,215.21444432,215.41744369,193318.8617
1705139400000,SYN_REKOP_WIDTH,5m,215.41744369,215.71702459,215.17244275,215.37909284,184801.4498
1705139700000,SYN_REKOP_WIDTH,5m,215.37909284,215.67470766,215.12173898,215.33226503,175750.9932
1705140000000,SYN_REKOP_WIDTH,5m,215.33226503,215.62368936,215.06212827,215.27673476,166326.0423
1705140300000,SYN_REKOP_WIDTH,5m,215.27673476,215.56376529,214.99365307,215.21252287,156691.7862
1705140600000,SYN_REKOP_WIDTH,5m,215.21252287,215.49497875,214.91659977,215.13989332,161686.7958
1705140900000,SYN_REKOP_WIDTH,5m,215.13989332,215.41761735,214.83148808,215.05934279,170942.2757
1705141200000,SYN_REKOP_WIDTH,5m,215.05934279,215.33220246,214.73905371,214.9715835,179898.6725
1705141500000,SYN_REKOP_WIDTH,5m,214.9715835,215.23947181,214.64022495,214.87751986,188394.0372
1705141800000,SYN_REKOP_WIDTH,5m,214.87751986,215.14035603,214.53609391,214.77821992,196274.6002
1705142100000,SYN_REKOP_WIDTH,5m,214.77821992,215.03594982,214.42788363,214.67488255,203397.5072
1705142400000,SYN_REKOP_WIDTH,5m,214.67488255,214.92747902,214.31691202,214.56880152,209633.3611
1705142700000,SYN_REKOP_WIDTH,5m,214.56880152,214.81626444,214.20455395,214.46132771,214868.5245
1705143000000,SYN_REKOP_WIDTH,5m,214.46132771,214.70368391,214.09220272,214.35383064,219007.1416
1705143300000,SYN_REKOP_WIDTH,5m,214.35383064,214.59113361,213.98123203,214.24766056,221972.844
1705143600000,SYN_REKOP_WIDTH,5m,214.24766056,214.47999003,213.87295976,214.14411229,223710.1092
1705143900000,SYN_REKOP_WIDTH,5m,214.14411229,214.37157363,213.76861453,214.04439185,224185.2491
1705144200000,SYN_REKOP_WIDTH,5m,214.04439185,214.26711531,213.66930592,213.94958679,223387.0091
1705144500000,SYN_REKOP_WIDTH,5m,213.94958679,214.16772663,213.57599931,213.860641,221326.7688
1705144800000,SYN_REKOP_WIDTH,5m,213.860641,214.07437453,213.48949573,213.7783347,218038.3397
1705145100000,SYN_REKOP_WIDTH,5m,213.7783347,213.98786117,213.41041726,213.70326988,213577.3636
1705145400000,SYN_REKOP_WIDTH,5m,213.70326988,213.90880928,213.33919817,213.63586146,208020.3227
1705145700000,SYN_REKOP_WIDTH,5m,213.63586146,213.83765327,213.27608185,213.57633432,201463.1793
1705146000000,SYN_REKOP_WIDTH,5m,213.57633432,213.77463617,213.22112334,213.52472587,194019.6684
1705146300000,SYN_REKOP_WIDTH,5m,213.52472587,213.71981214,213.17419713,213.48089397,185819.274
1705146600000,SYN_REKOP_WIDTH,5m,213.48089397,213.67305431,213.13500989,213.44452965,177004.9262
1705146900000,SYN_REKOP_WIDTH,5m,213.44452965,213.63406751,213.10311733,213.41517412,167730.4575
1705147200000,SYN_REKOP_WIDTH,5m,213.41517412,213.60240514,213.07794457,213.3922392,158157.8664
1705147500000,SYN_REKOP_WIDTH,5m,213.3922392,213.57748968,213.0588093,213.37503058,152937.7117
1705147800000,SYN_REKOP_WIDTH,5m,213.37503058,213.5586358,213.04494675,213.36277285,162255.685
1705148100000,SYN_REKOP_WIDTH,5m,213.36277285,213.54507544,213.03553567,213.3546356,171363.7799
1705148400000,SYN_REKOP_WIDTH,5m,213.3546356,213.53598384,213.02972448,213.34975963,180096.849
1705148700000,SYN_REKOP_WIDTH,5m,213.34975963,213.53050576,213.02665667,213.34728247,188296.398
1705149000000,SYN_REKOP_WIDTH,5m,213.34728247,213.52778096,213.02549477,213.3463624,195813.4052
1705149300000,SYN_REKOP_WIDTH,5m,213.3463624,213.52696822,213.0254422,213.34620034,202510.9735
1705149600000,SYN_REKOP_WIDTH,5m,213.34620034,213.52726722,213.02576225,213.34605894,208266.766
1705149900000,SYN_REKOP_WIDTH,5m,213.34605894,213.5279377,213.02579404,213.34527852,212975.183
1705150200000,SYN_REKOP_WIDTH,5m,213.34527852,213.52831529,213.02496475,213.34328939,216549.241
1705150500000,SYN_REKOP_WIDTH,5m,213.34328939,213.52782396,213.02279827,213.33962042,218922.1203
1705150800000,SYN_REKOP_WIDTH,5m,213.33962042,213.5259846,213.01891994,213.33390387,220048.3541
1705151100000,SYN_REKOP_WIDTH,5m,213.33390387,213.52241982,213.01305764,213.32587637,219904.6381
1705151400000,SYN_REKOP_WIDTH,5m,213.32587637,213.51685507,213.00503939,213.3153765,218490.2445
1705151700000,SYN_REKOP_WIDTH,5m,213.3153765,213.50911623,212.99478769,213.3023391,215827.0357
1705152000000,SYN_REKOP_WIDTH,5m,213.3023391,213.49912397,212.98231119,213.28678682,211959.0754
1705152300000,SYN_REKOP_WIDTH,5m,213.28678682,213.48688539,212.96769401,213.26881938,206951.8447
1705152600000,SYN_REKOP_WIDTH,5m,213.26881938,213.47248339,212.95108344,213.24860117,200891.0773
1705152900000,SYN_REKOP_WIDTH,5m,213.24860117,213.45606424,212.93267647,213.2263476,193881.2343
1705153200000,SYN_REKOP_WIDTH,5m,213.2263476,213.43782419,212.91270576,213.20231109,186043.6456
1705153500000,SYN_REKOP_WIDTH,5m,213.20231109,213.41799536,212.89142578,213.17676693,177514.3519
1705153800000,SYN_REKOP_WIDTH,5m,213.17676693,213.39683186,212.8690994,213.14999988,168441.6837
1705154100000,SYN_REKOP_WIDTH,5m,213.14999988,213.37459636,212.84598577,213.12229179,158983.6231
1705154400000,SYN_REKOP_WIDTH,5m,213.12229179,213.35154794,212.82232955,213.0939108,149304.9924
1705154700000,SYN_REKOP_WIDTH,5m,213.0939108,213.32793127,212.79835212,213.06510234,152916.1106
1705155000000,SYN_REKOP_WIDTH,5m,213.06510234,213.30396783,212.77424484,213.03608234,162133.6322
1705155300000,SYN_REKOP_WIDTH,5m,213.03608234,213.27984916,212.75016469,213.00703266,171064.0725
1705155600000,SYN_REKOP_WIDTH,5m,213.00703266,213.25573243,212.72623208,212.97809883,179545.02
1705155900000,SYN_REKOP_WIDTH,5m,212.97809883,213.23173832,212.7025311,212.94939015,187422.045
1705156200000,SYN_REKOP_WIDTH,5m,212.94939015,213.20795119,212.67911187,212.9209819,194551.4478
1705156500000,SYN_REKOP_WIDTH,5m,212.9209819,213.18442148,212.6559948,212.89291952,200802.8156
1705156800000,SYN_REKOP_WIDTH,5m,212.89291952,213.16116998,212.63317655,212.86522445,206061.3426
1705157100000,SYN_REKOP_WIDTH,5m,212.86522445,213.13819378,212.61063735,212.83790129,210229.8733
1705157400000,SYN_REKOP_WIDTH,5m,212.83790129,213.11547361,212.58834915,212.8109459,213230.6312
1705157700000,SYN_REKOP_WIDTH,5m,212.8109459,213.09298201,212.56628438,212.78435399,215006.6027
1705158000000,SYN_REKOP_WIDTH,5m,212.78435399,213.0706921,212.54442474,212.75812986,215522.5517
1705158300000,SYN_REKOP_WIDTH,5m,212.75812986,213.04858641,212.52276971,212.73229476,214765.6467
1705158600000,SYN_REKOP_WIDTH,5m,212.73229476,213.0266654,212.5013443,212.70689456,212745.6896
1705158900000,SYN_REKOP_WIDTH,5m,212.70689456,213.00495517,212.48020569,212.68200627,209494.9409
1705159200000,SYN_REKOP_WIDTH,5m,212.68200627,212.98351421,212.45944848,212.65774325,205067.5466
1705159500000,SYN_REKOP_WIDTH,5m,212.65774325,212.96243859,212.43920829,212.63425865,199538.5747
1705159800000,SYN_REKOP_WIDTH,5m,212.63425865,212.94186557,212.41966342,212.61174702,193002.6795
1705160100000,SYN_REKOP_WIDTH,5m,212.61174702,212.92197526,212.40103458,212.59044395,185572.4183
1705160400000,SYN_REKOP_WIDTH,5m,212.59044395,212.90299036,212.38358257,212.5706237,177376.2486
1705160700000,SYN_REKOP_WIDTH,5m,212.5706237,212.88517384,212.36760395,212.55259478,168556.2427
1705161000000,SYN_REKOP_WIDTH,5m,212.55259478,212.86882454,212.35342488,212.53669372,159265.5605
1705161300000,SYN_REKOP_WIDTH,5m,212.53669372,212.85427104,212.34139315,212.52327706,149665.7242
1705161600000,SYN_REKOP_WIDTH,5m,212.52327706,212.84186361,212.3318688,212.51271196,143072.9871
1705161900000,SYN_REKOP_WIDTH,5m,212.51271196,212.83196487,212.32521362,212.50536558,152357.6562
1705162200000,SYN_REKOP_WIDTH,5m,212.50536558,212.8249392,212.32177968,212.50159367,161444.6727
1705162500000,SYN_REKOP_WIDTH,5m,212.50159367,212.82127625,212.32176249,212.50172868,170168.5354
1705162800000,SYN_REKOP_WIDTH,5m,212.50172868,212.82524326,212.32152501,212.50606787,178370.1937
1705163100000,SYN_REKOP_WIDTH,5m,212.50606787,212.83332102,212.32513799,212.51486164,185899.8775
1705163400000,SYN_REKOP_WIDTH,5m,212.51486164,212.8457062,212.3328552,212.52830272,192619.7621
1705163700000,SYN_REKOP_WIDTH,5m,212.52830272,212.86252966,212.34487448,212.54651639,198406.4209
1705164000000,SYN_REKOP_WIDTH,5m,212.54651639,212.88384803,212.36132795,212.56955215,203153.0215
1705164300000,SYN_REKOP_WIDTH,5m,212.56955215,212.90963716,212.38227366,212.5973772,206771.2265
1705164600000,SYN_REKOP_WIDTH,5m,212.5973772,212.93978754,212.40768903,212.62987188,209192.7658
1705164900000,SYN_REKOP_WIDTH,5m,212.62987188,212.97410191,212.43746622,212.66682737,210370.6509
1705165200000,SYN_REKOP_WIDTH,5m,212.66682737,213.01229524,212.47140985,212.70794571,210280.012
1705165500000,SYN_REKOP_WIDTH,5m,212.70794571,213.0539972,212.50923692,212.75284232,208918.5397
1705165800000,SYN_REKOP_WIDTH,5m,212.75284232,213.09875701,212.55057925,212.80105091,206306.5272
1705166100000,SYN_REKOP_WIDTH,5m,212.80105091,213.14605069,212.59498835,212.85203078,202486.5089
1705166400000,SYN_REKOP_WIDTH,5m,212.85203078,213.19529057,212.64194265,212.90517643,197522.5039
1705166700000,SYN_REKOP_WIDTH,5m,212.90517643,213.24583685,212.69085697,212.95982915,191498.8774
1705167000000,SYN_REKOP_WIDTH,5m,212.95982915,213.297011,212.74109406,213.01529049,184518.8399
1705167300000,SYN_REKOP_WIDTH,5m,213.01529049,213.34811062,212.79197797,213.07083721,176702.6108
1705167600000,SYN_REKOP_WIDTH,5m,213.07083721,213.39842545,212.84280882,213.12573738,168185.2796
1705167900000,SYN_REKOP_WIDTH,5m,213.12573738,213.44725418,212.89287885,213.17926722,159114.4031
1705168200000,SYN_REKOP_WIDTH,5m,213.17926722,213.49392152,212.9414891,213.23072837,149647.38
1705168500000,SYN_REKOP_WIDTH,5m,213.23072837,213.53779529,212.98796652,213.27946493,139948.6502
1705168800000,SYN_REKOP_WIDTH,5m,213.27946493,213.57830283,213.0316809,213.32488011,142199.103
1705169100000,SYN_REKOP_WIDTH,5m,213.32488011,213.61494656,213.07206137,213.36645184,151401.5103
1705169400000,SYN_REKOP_WIDTH,5m,213.36645184,213.64731812,213.1086118,213.403747,160328.9684
1705169700000,SYN_REKOP_WIDTH,5m,213.403747,213.67511068,213.14092495,213.43643392,168818.616
1705170000000,SYN_REKOP_WIDTH,5m,213.43643392,213.69812925,213.16869476,213.46429279,176715.3756
1705170300000,SYN_REKOP_WIDTH,5m,213.46429279,213.71629849,213.19172662,213.48722358,183874.7132
1705170600000,SYN_REKOP_WIDTH,5m,213.48722358,213.72966792,213.20994513,213.5052514,190165.2102
1705170900000,SYN_REKOP_WIDTH,5m,213.5052514,213.73841433,213.22339934,213.51852905,195470.9012
1705171200000,SYN_REKOP_WIDTH,5m,213.51852905,213.7428412,213.23226511,213.5273366,199693.3382
1705171500000,SYN_REKOP_WIDTH,5m,213.5273366,213.7433753,213.2368446,213.53207806,202753.342
1705171800000,SYN_REKOP_WIDTH,5m,213.53207806,213.74056029,213.2375628,213.53327516,204592.4114
1705172100000,SYN_REKOP_WIDTH,5m,213.53327516,213.73676439,213.23324435,213.53155832,205173.7642
1705172400000,SYN_REKOP_WIDTH,5m,213.53155832,213.73148779,213.22578534,213.52765503,204482.9917
1705172700000,SYN_REKOP_WIDTH,5m,213.52765503,213.72427961,213.21721045,213.52237587,202528.3157
1705173000000,SYN_REKOP_WIDTH,5m,213.52237587,213.71596788,213.20841289,213.51659846,199340.4419
1705173300000,SYN_REKOP_WIDTH,5m,213.51659846,213.70744633,213.20033363,213.51124977,194972.0143
1705173600000,SYN_REKOP_WIDTH,5m,213.51124977,213.69965651,213.19394234,213.50728703,189496.6785
1705173900000,SYN_REKOP_WIDTH,5m,213.50728703,213.69356875,213.19021745,213.50567786,183007.7716
1705174200000,SYN_REKOP_WIDTH,5m,213.50567786,213.69186405,213.18842377,213.50737981,175616.6619
1705174500000,SYN_REKOP_WIDTH,5m,213.50737981,213.69634416,213.18866162,213.51332001,167450.7675
1705174800000,SYN_REKOP_WIDTH,5m,213.51332001,213.70628476,213.19347323,213.52437524,158651.2896
1705175100000,SYN_REKOP_WIDTH,5m,213.52437524,213.72249952,213.20373966,213.54135282,149370.7005
1705175400000,SYN_REKOP_WIDTH,5m,213.54135282,213.74571308,213.2202709,213.56497282,139770.0307
1705175700000,SYN_REKOP_WIDTH,5m,213.56497282,213.77654494,213.24378812,213.59585195,131830.9378
1705176000000,SYN_REKOP_WIDTH,5m,213.59585195,213.81549532,213.27490755,213.63448947,141107.2218
1705176300000,SYN_REKOP_WIDTH,5m,213.63448947,213.8629334,213.31412644,213.68125538,150198.1703
1705176600000,SYN_REKOP_WIDTH,5m,213.68125538,213.91908807,213.36181126,213.73638123,158937.9412
1705176900000,SYN_REKOP_WIDTH,5m,213.73638123,213.98404158,213.4181886,213.79995372,167166.94
1705177200000,SYN_REKOP_WIDTH,5m,213.79995372,214.45024121,213.19366965,214.0944255,271272.7872
1705177500000,SYN_REKOP_WIDTH,5m,214.0944255,214.78923343,213.49114489,214.42908913,285084.9848
1705177800000,SYN_REKOP_WIDTH,5m,214.42908913,215.16532632,213.82932353,214.80016101,296986.662
1705178100000,SYN_REKOP_WIDTH,5m,214.80016101,215.57391793,214.20441536,215.20306286,306704.3902
1705178400000,SYN_REKOP_WIDTH,5m,215.20306286,216.00970862,214.61183475,215.63252294,314017.1751
1705178700000,SYN_REKOP_WIDTH,5m,215.63252294,216.48365873,215.02060227,216.08269416,318761.7616
1705179000000,SYN_REKOP_WIDTH,5m,216.08269416,216.96830976,215.45838345,216.54728687,320836.5518
1705179300000,SYN_REKOP_WIDTH,5m,216.54728687,217.45569207,215.92030415,217.01971392,320204.0437
1705179600000,SYN_REKOP_WIDTH,5m,217.01971392,217.93859826,216.39962238,217.49324496,316891.7294
1705179900000,SYN_REKOP_WIDTH,5m,217.49324496,218.40993682,216.88919123,217.96116668,310991.4345
1705180200000,SYN_REKOP_WIDTH,5m,217.96116668,218.86291718,217.38163674,218.41694528,302657.1115
1705180500000,SYN_REKOP_WIDTH,5m,218.41694528,219.2912316,217.86954573,218.85438708,292101.1421
1705180800000,SYN_REKOP_WIDTH,5m,218.85438708,219.7140033,218.31575241,219.26779322,279589.2366
1705181100000,SYN_REKOP_WIDTH,5m,219.26779322,220.1085064,218.73749053,219.65210402,265434.0528
1705181400000,SYN_REKOP_WIDTH,5m,219.65210402,220.46978364,219.1304242,220.00302899,249987.6877
1705181700000,SYN_REKOP_WIDTH,5m,220.00302899,220.79436519,219.49022192,220.31715863,233633.2222
1705182000000,SYN_REKOP_WIDTH,5m,220.31715863,221.07975221,219.81342923,220.59205439,216775.5219
1705182300000,SYN_REKOP_WIDTH,5m,220.59205439,221.36689327,220.09755904,220.86872438,227622.4054
1705182600000,SYN_REKOP_WIDTH,5m,220.86872438,221.66549467,220.38347449,221.1568353,245248.5575
1705182900000,SYN_REKOP_WIDTH,5m,221.1568353,221.97416935,220.68077191,221.45502699,262129.0373
1705183200000,SYN_REKOP_WIDTH,5m,221.45502699,222.29133952,220.98804574,221.76177316,277870.6445
1705183500000,SYN_REKOP_WIDTH,5m,221.76177316,222.61529627,221.30372468,222.07541677,292107.4975
1705183800000,SYN_REKOP_WIDTH,5m,222.07541677,222.94423857,221.62610716,222.39420881,304509.8172
1705184100000,SYN_REKOP_WIDTH,5m,222.39420881,223.27631492,221.95340025,222.71634954,314791.8438
1705184400000,SYN_REKOP_WIDTH,5m,222.71634954,223.60966656,222.28376112,223.04003141,322718.6964
1705184700000,SYN_REKOP_WIDTH,5m,223.04003141,223.9424713,222.61534004,223.36348253,328112.0114
1705185000000,SYN_REKOP_WIDTH,5m,223.36348253,224.27298688,222.94632407,223.68500966,330854.2236
1705185300000,SYN_REKOP_WIDTH,5m,223.68500966,224.59959289,223.27498026,224.00303975,330891.3879
1705185600000,SYN_REKOP_WIDTH,5m,224.00303975,224.92083006,223.59969731,224.31615882,328234.4727
1705185900000,SYN_REKOP_WIDTH,5m,224.31615882,225.23543598,223.91902472,224.62314736,322959.0959
1705186200000,SYN_REKOP_WIDTH,5m,224.62314736,225.54237636,224.23170837,224.9230112,315203.7074
1705186500000,SYN_REKOP_WIDTH,5m,224.9230112,225.84087092,224.53672156,225.21500701,305166.2641
1705186800000,SYN_REKOP_WIDTH,5m,225.21500701,226.13041317,224.8332908,225.49866185,293099.4752
1705187100000,SYN_REKOP_WIDTH,5m,225.49866185,226.4107836,225.12091543,225.77378605,279304.7336
1705187400000,SYN_REKOP_WIDTH,5m,225.77378605,226.68205589,225.39938077,226.04047914,264124.878
1705187700000,SYN_REKOP_WIDTH,5m,226.04047914,226.9445958,225.66876419,226.29912859,247935.9602
1705188000000,SYN_REKOP_WIDTH,5m,226.29912859,227.19905287,225.92943399,226.5504014,231138.2143
1705188300000,SYN_REKOP_WIDTH,5m,226.5504014,227.47603781,226.18204111,226.8249213,233092.011
1705188600000,SYN_REKOP_WIDTH,5m,226.8249213,227.80128935,226.45714832,227.14835019,250811.7149
1705188900000,SYN_REKOP_WIDTH,5m,227.14835019,228.1744605,226.78036846,227.52027465,267887.8661
1705189200000,SYN_REKOP_WIDTH,5m,227.52027465,228.5940792,227.15128432,227.93922829,283921.8054
1705189500000,SYN_REKOP_WIDTH,5m,227.93922829,229.0685867,227.56223745,228.40272037,298539.8457
1705189800000,SYN_REKOP_WIDTH,5m,228.40272037,229.63012029,227.99027978,228.90728668,311402.2434
1705190100000,SYN_REKOP_WIDTH,5m,228.90728668,230.2209557,228.46181099,229.44856197,322211.3539
1705190400000,SYN_REKOP_WIDTH,5m,229.44856197,230.83469122,228.97305533,230.02137302,330718.7775
1705190700000,SYN_REKOP_WIDTH,5m,230.02137302,231.46446396,229.51941108,230.61985082,336731.3219
1705191000000,SYN_REKOP_WIDTH,5m,230.61985082,232.10310959,230.09555359,231.23756036,340115.6397
1705191300000,SYN_REKOP_WIDTH,5m,231.23756036,232.74332909,230.69555274,231.8676454,340801.4289
1705191600000,SYN_REKOP_WIDTH,5m,231.8676454,233.37785912,231.31300289,232.50298577,338783.1196
1705191900000,SYN_REKOP_WIDTH,5m,232.50298577,233.99964195,231.94116282,233.13636397,334120.0064
1705192200000,SYN_REKOP_WIDTH,5m,233.13636397,234.60199116,232.57310322,233.76063718,326934.8239
1705192500000,SYN_REKOP_WIDTH,5m,233.76063718,235.17874904,233.20185917,234.36891098,317410.7983
1705192800000,SYN_REKOP_WIDTH,5m,234.36891098,235.72443172,233.82058443,234.95471015,305787.2471
1705193100000,SYN_REKOP_WIDTH,5m,234.95471015,236.23435855,234.42270467,235.51214211,292353.8317
1705193400000,SYN_REKOP_WIDTH,5m,235.51214211,236.70476222,235.00206639,236.03604852,277443.6018
1705193700000,SYN_REKOP_WIDTH,5m,236.03604852,237.13287686,235.55307823,236.52214041,261424.9971
1705194000000,SYN_REKOP_WIDTH,5m,236.52214041,237.55169264,236.04237051,236.96711291,244693.0004
1705194300000,SYN_REKOP_WIDTH,5m,236.96711291,237.9608783,236.47639406,237.38524514,237730.4243
1705194600000,SYN_REKOP_WIDTH,5m,237.38524514,238.38231418,236.88338202,237.81594369,255495.9593
1705194900000,SYN_REKOP_WIDTH,5m,237.81594369,238.81473577,237.30271017,238.25779755,272721.151
1705195200000,SYN_REKOP_WIDTH,5m,238.25779755,239.2565907,237.73302085,238.70920731,289002.5035
1705195500000,SYN_REKOP_WIDTH,5m,238.70920731,239.70617819,238.17276962,239.16842445,303959.1078
1705195800000,SYN_REKOP_WIDTH,5m,239.16842445,240.16169201,238.62026421,239.63359434,317241.7861
1705196100000,SYN_REKOP_WIDTH,5m,239.63359434,240.62126621,239.07370723,240.10280215,328541.4744
1705196400000,SYN_REKOP_WIDTH,5m,240.10280215,241.08302252,239.53124174,240.57412033,337596.6426
1705196700000,SYN_REKOP_WIDTH,5m,240.57412033,241.54511812,239.99099833,241.04565657,344199.5724
1705197000000,SYN_REKOP_WIDTH,5m,241.04565657,242.0057926,240.45114274,241.51560098,348201.3437
1705197300000,SYN_REKOP_WIDTH,5m,241.51560098,242.46341296,240.90992255,241.98227119,349515.4091
1705197600000,SYN_REKOP_WIDTH,5m,241.98227119,242.9165152,241.36571194,242.44415423,348119.671
1705197900000,SYN_REKOP_WIDTH,5m,242.44415423,243.36384162,241.81705309,242.89994406,344057.0109
1705198200000,SYN_REKOP_WIDTH,5m,242.89994406,243.80437268,242.26269331,243.34857369,337434.259
1705198500000,SYN_REKOP_WIDTH,5m,243.34857369,244.23735254,242.70161669,243.78924095,328419.6282
1705198800000,SYN_REKOP_WIDTH,5m,243.78924095,244.66230764,243.13306961,244.22142739,317238.6739
1705199100000,SYN_REKOP_WIDTH,5m,244.22142739,245.07905768,243.55657911,244.64490954,304168.8778
1705199400000,SYN_REKOP_WIDTH,5m,244.64490954,245.48771885,243.97196392,245.05976238,289532.9843
1705199700000,SYN_REKOP_WIDTH,5m,245.05976238,245.88869915,244.37933765,245.46635494,273691.2503
1705200000000,SYN_REKOP_WIDTH,5m,245.46635494,246.28268589,244.77910409,245.86533815,257032.7947
1705200300000,SYN_REKOP_WIDTH,5m,245.86533815,246.67263358,245.17194489,246.25963281,241146.5698
1705200600000,SYN_REKOP_WIDTH,5m,246.25963281,247.11704757,245.56080172,246.70771031,258912.3282
1705200900000,SYN_REKOP_WIDTH,5m,246.70771031,247.62334573,245.99169544,247.20975655,276241.924
1705201200000,SYN_REKOP_WIDTH,5m,247.20975655,248.21875678,246.41501074,247.76475533,292727.6543
1705201500000,SYN_REKOP_WIDTH,5m,247.76475533,248.86344774,246.89477402,248.37050109,307981.9822
1705201800000,SYN_REKOP_WIDTH,5m,248.37050109,249.5534068,247.43071272,249.02363773,321646.8409
1705202100000,SYN_REKOP_WIDTH,5m,249.02363773,250.28357161,248.02129355,249.71972329,333402.2298
1705202400000,SYN_REKOP_WIDTH,5m,249.71972329,251.04791933,248.66373052,250.45331984,342973.8968
1705202700000,SYN_REKOP_WIDTH,5m,250.45331984,251.83958211,249.35402181,251.21810763,350139.9228
1705203000000,SYN_REKOP_WIDTH,5m,251.21810763,252.65098731,250.08701643,252.00702174,354736.0482
1705203300000,SYN_REKOP_WIDTH,5m,252.00702174,253.47402072,250.85651087,252.81240939,356659.6169
1705203600000,SYN_REKOP_WIDTH,5m,252.81240939,254.30021043,251.65537521,253.62620484,355872.0398
1705203900000,SYN_REKOP_WIDTH,5m,253.62620484,255.1209279,252.4757075,254.44011881,352399.7203
1705204200000,SYN_REKOP_WIDTH,5m,254.44011881,255.92760201,253.30901412,255.24583817,346333.4202
1705204500000,SYN_REKOP_WIDTH,5m,255.24583817,256.71194099,254.14641297,256.0352314,337826.0787
1705204800000,SYN_REKOP_WIDTH,5m,256.0352314,257.466156,254.97885504,256.80055477,327089.1405
1705205100000,SYN_REKOP_WIDTH,5m,256.80055477,258.18318005,255.7973591,257.53465353,314387.4776
1705205400000,SYN_REKOP_WIDTH,5m,257.53465353,258.85687504,256.59325319,258.23115256,300033.0288
1705205700000,SYN_REKOP_WIDTH,5m,258.23115256,259.48221986,257.35841576,258.88463074,284377.3098
1705206000000,SYN_REKOP_WIDTH,5m,258.88463074,260.05547249,258.08550883,259.49077341,267802.9719
1705206300000,SYN_REKOP_WIDTH,5m,259.49077341,260.57429985,258.76819516,260.04649793,250714.6142
1705206600000,SYN_REKOP_WIDTH,5m,260.04649793,261.13419548,259.33864485,260.59897505,260725.9842
1705206900000,SYN_REKOP_WIDTH,5m,260.59897505,261.71630452,259.89020104,261.16085304,278118.1941
1705207200000,SYN_REKOP_WIDTH,5m,261.16085304,262.30599916,260.45351686,261.7308476,294767.9933
1705207500000,SYN_REKOP_WIDTH,5m,261.7308476,262.90170857,261.02728529,262.30759322,310281.8218
1705207800000,SYN_REKOP_WIDTH,5m,262.30759322,263.50184045,261.61005743,262.8896803,324293.2821
1705208100000,SYN_REKOP_WIDTH,5m,262.8896803,264.10482288,262.20028522,263.47569189,336471.9359
1705208400000,SYN_REKOP_WIDTH,5m,263.47569189,264.7091441,262.7963654,264.06423918,346531.2379
1705208700000,SYN_REKOP_WIDTH,5m,264.06423918,265.31338883,263.39668348,264.65399467,354235.4141
1705209000000,SYN_REKOP_WIDTH,5m,264.65399467,265.91626994,263.99965613,265.243722,359405.1231
1705209300000,SYN_REKOP_WIDTH,5m,265.243722,266.51665478,264.60377059,265.83230175,361921.7609
1705209600000,SYN_REKOP_WIDTH,5m,265.83230175,267.11358516,265.20762003,266.41875256,361730.3085
1705209900000,SYN_REKOP_WIDTH,5m,266.41875256,267.70629075,265.80993366,267.00224705,358840.6517
1705210200000,SYN_REKOP_WIDTH,5m,267.00224705,268.29419563,266.40960091,267.58212235,353327.3437
1705210500000,SYN_REKOP_WIDTH,5m,267.58212235,268.87691822,267.00568909,268.15788516,345327.8142
1705210800000,SYN_REKOP_WIDTH,5m,268.15788516,269.45426483,267.59745435,268.72921146,335039.0694
1705211100000,SYN_REKOP_WIDTH,5m,268.72921146,270.02621768,268.18434584,269.29594126,322712.9608
1705211400000,SYN_REKOP_WIDTH,5m,269.29594126,270.59291815,268.76600353,269.85806884,308650.1383
1705211700000,SYN_REKOP_WIDTH,5m,269.85806884,271.1546463,269.34225009,270.41572921,293192.8306
1705212000000,SYN_REKOP_WIDTH,5m,270.41572921,271.71179789,269.91307774,270.96918156,276716.6278
1705212300000,SYN_REKOP_WIDTH,5m,270.96918156,272.26486011,270.47863088,271.51879055,259621.4631
1705212600000,SYN_REKOP_WIDTH,5m,271.51879055,272.89613948,271.00892253,272.09947269,260671.1848
1705212900000,SYN_REKOP_WIDTH,5m,272.09947269,273.63289561,271.54350104,272.74236333,278087.781
1705213200000,SYN_REKOP_WIDTH,5m,272.74236333,274.42925267,272.1421975,273.44607261,294864.7733
1705213500000,SYN_REKOP_WIDTH,5m,273.44607261,275.27996434,272.8045191,274.20774807,310603.1917
1705213800000,SYN_REKOP_WIDTH,5m,274.20774807,276.17839974,273.52841512,275.02312796,324928.8793
1705214100000,SYN_REKOP_WIDTH,5m,275.02312796,277.116706,274.3103287,275.88662867,337501.4754
1705214400000,SYN_REKOP_WIDTH,5m,275.88662867,278.08600392,275.14528455,276.79146539,348022.5877
1705214700000,SYN_REKOP_WIDTH,5m,276.79146539,279.07661243,276.02701062,277.72980441,356242.9559
1705215000000,SYN_REKOP_WIDTH,5m,277.72980441,280.07829678,276.94809129,278.69294456,361968.4362
1705215300000,SYN_REKOP_WIDTH,5m,278.69294456,281.08053447,277.90014871,279.67152479,365064.6627
1705215600000,SYN_REKOP_WIDTH,5m,279.67152479,282.07279216,278.87404854,280.6557536,365460.2728
1705215900000,SYN_REKOP_WIDTH,5m,280.6557536,283.04480597,279.8601256,281.63565525,363148.6204
1705216200000,SYN_REKOP_WIDTH,5m,281.63565525,283.98685737,280.84842409,282.60132703,358187.9354
1705216500000,SYN_REKOP_WIDTH,5m,282.60132703,284.8900362,281.82894705,283.54320061,350699.925
1705216800000,SYN_REKOP_WIDTH,5m,283.54320061,285.74648284,282.79190854,284.45230039,340866.8514
1705217100000,SYN_REKOP_WIDTH,5m,284.45230039,286.5496017,283.72798234,285.32049096,328927.1551
1705217400000,SYN_REKOP_WIDTH,5m,285.32049096,287.29423906,284.62854046,286.14070592,315169.7301
1705217700000,SYN_REKOP_WIDTH,5m,286.14070592,287.9768195,285.48587483,286.90715043,299926.9869
1705218000000,SYN_REKOP_WIDTH,5m,286.90715043,288.59543643,286.29339613,287.61547053,283566.8711
1705218300000,SYN_REKOP_WIDTH,5m,287.61547053,289.14989405,287.0458038,288.26288291,266484.0287
1705218600000,SYN_REKOP_WIDTH,5m,288.26288291,289.68619577,287.72232336,288.86715135,258563.2256
1705218900000,SYN_REKOP_WIDTH,5m,288.86715135,290.29946996,288.30981117,289.47935405,275970.0918
1705219200000,SYN_REKOP_WIDTH,5m,289.47935405,290.92097486,288.90382537,290.10001543,292841.3729
1705219500000,SYN_REKOP_WIDTH,5m,290.10001543,291.55112443,289.50493505,290.72961216,308773.3102
1705219800000,SYN_REKOP_WIDTH,5m,290.72961216,292.19023687,290.11369131,291.36854926,323384.5699
1705220100000,SYN_REKOP_WIDTH,5m,291.36854926,292.83850858,290.73060863,292.01713386,336325.3991
1705220400000,SYN_REKOP_WIDTH,5m,292.01713386,293.49598877,291.35614348,292.67554779,347286.0233
1705220700000,SYN_REKOP_WIDTH,5m,292.67554779,294.16255572,291.9906706,293.34382014,356004.0841
1705221000000,SYN_REKOP_WIDTH,5m,293.34382014,294.83789609,292.63445783,294.02180115,362270.9381
1705221300000,SYN_REKOP_WIDTH,5m,294.02180115,295.5214883,293.28764053,294.70913892,365936.6669
1705221600000,SYN_REKOP_WIDTH,5m,294.70913892,296.21259128,293.9501965,295.40526039,366913.6759
1705221900000,SYN_REKOP_WIDTH,5m,295.40526039,296.91023953,294.62192264,296.1093579,365178.7982
1705222200000,SYN_REKOP_WIDTH,5m,296.1093579,297.61324529,295.30241462,296.82038272,360773.8501
1705222500000,SYN_REKOP_WIDTH,5m,296.82038272,298.32020854,295.99105063,297.53704669,353804.6276
1705222800000,SYN_REKOP_WIDTH,5m,297.53704669,299.02953523,296.68698057,298.25783274,344438.3659
1705223100000,SYN_REKOP_WIDTH,5m,298.25783274,299.73946397,297.38912181,298.98101494,332899.7243
1705223400000,SYN_REKOP_WIDTH,5m,298.98101494,300.44810089,298.09616232,299.70468835,319465.3917
1705223700000,SYN_REKOP_WIDTH,5m,299.70468835,301.15346243,298.80657244,300.42680835,304457.4439
1705224000000,SYN_REKOP_WIDTH,5m,300.42680835,301.8535253,299.51862542,301.14523908,288235.61
1705224300000,SYN_REKOP_WIDTH,5m,301.14523908,302.54628247,300.23042749,301.85780984,271188.6357
1705224600000,SYN_REKOP_WIDTH,5m,301.85780984,303.23217004,300.93837424,302.56359317,254306.8302
1705224900000,SYN_REKOP_WIDTH,5m,302.56359317,304.04652015,301.54843269,303.33223546,271674.323
1705225200000,SYN_REKOP_WIDTH,5m,303.33223546,304.91630063,302.22409404,304.16060672,288611.31
1705225500000,SYN_REKOP_WIDTH,5m,304.16060672,305.83601556,302.96462391,305.04411184,304709.872
1705225800000,SYN_REKOP_WIDTH,5m,305.04411184,306.79901295,303.76773877,305.97681159,319582.0918
1705226100000,SYN_REKOP_WIDTH,5m,305.97681159,307.79763667,304.62965064,306.95157652,332869.3683
1705226400000,SYN_REKOP_WIDTH,5m,306.95157652,308.82340314,305.5451477,307.96027051,344251.027
1705226700000,SYN_REKOP_WIDTH,5m,307.96027051,309.86719982,306.50771011,308.99395965,353452.0194
1705227000000,SYN_REKOP_WIDTH,5m,308.99395965,310.91950187,307.50965987,310.0431418,360249.5273
1705227300000,SYN_REKOP_WIDTH,5m,310.0431418,311.97060246,308.54234253,311.09799101,364478.3129
1705227600000,SYN_REKOP_WIDTH,5m,311.09799101,313.01085151,309.59633748,312.14861072,366034.6862
1705227900000,SYN_REKOP_WIDTH,5m,312.14861072,314.0308971,310.66169257,313.18528903,364878.9953
1705228200000,SYN_REKOP_WIDTH,5m,313.18528903,315.02192298,311.72817784,314.19874907,361036.5781
1705228500000,SYN_REKOP_WIDTH,5m,314.19874907,315.97587563,312.78555157,315.18038724,354597.1547
1705228800000,SYN_REKOP_WIDTH,5m,315.18038724,316.88567383,313.82383174,316.1224925,345712.6734
1705229100000,SYN_REKOP_WIDTH,5m,316.1224925,317.74539419,314.83356443,317.01844012,334593.6624
1705229400000,SYN_REKOP_WIDTH,5m,317.01844012,318.55042649,315.80608093,317.86285414,321504.1756
1705229700000,SYN_REKOP_WIDTH,5m,317.86285414,319.29759344,316.73373497,318.65173367,306755.4528
1705230000000,SYN_REKOP_WIDTH,5m,318.65173367,319.98523063,317.61011179,319.38253946,290698.4471
1705230300000,SYN_REKOP_WIDTH,5m,319.38253946,320.6132238,318.43020189,320.05423851,273715.3988
1705230600000,SYN_REKOP_WIDTH,5m,320.05423851,321.20574819,319.15243671,320.66730592,256210.6583
1705230900000,SYN_REKOP_WIDTH,5m,320.66730592,321.82884782,319.77045146,321.2826994,265203.7279
1705231200000,SYN_REKOP_WIDTH,5m,321.2826994,322.47588905,320.39169663,321.92111967,282182.3066
1705231500000,SYN_REKOP_WIDTH,5m,321.92111967,323.1655801,321.01020525,322.58431194,298424.9106
1705231800000,SYN_REKOP_WIDTH,5m,322.58431194,323.88717156,321.64778322,323.2733545,313537.6426
1705232100000,SYN_REKOP_WIDTH,5m,323.2733545,324.63687173,322.3123232,323.9886002,327153.6107
1705232400000,SYN_REKOP_WIDTH,5m,323.9886002,325.41361622,323.00524237,324.72963831,338941.7388
1705232700000,SYN_REKOP_WIDTH,5m,324.72963831,326.21548266,323.72715074,325.4952789,348614.7158
1705233000000,SYN_REKOP_WIDTH,5m,325.4952789,327.03971233,324.47779555,326.28356099,355935.8949
1705233300000,SYN_REKOP_WIDTH,5m,326.28356099,327.88276078,325.25603285,327.09178496,360724.9755
1705233600000,SYN_REKOP_WIDTH,5m,327.09178496,328.74037721,326.05982822,327.91656927,362862.333
1705233900000,SYN_REKOP_WIDTH,5m,327.91656927,329.60771122,326.88628786,328.7539303,362291.8916
1705234200000,SYN_REKOP_WIDTH,5m,328.7539303,330.47944455,327.73172019,329.59938395,359022.4713
1705234500000,SYN_REKOP_WIDTH,5m,329.59938395,331.34994426,328.59172699,330.44806619,353127.576
1705234800000,SYN_REKOP_WIDTH,5m,330.44806619,332.2134328,329.46132181,331.29486957,344743.6302
1705235100000,SYN_REKOP_WIDTH,5m,331.29486957,333.0641695,330.33507258,332.1345917,334066.7033
1705235400000,SYN_REKOP_WIDTH,5m,332.1345917,333.89663723,331.20726392,332.96209118,321347.8025
1705235700000,SYN_REKOP_WIDTH,5m,332.96209118,334.70572752,332.07207396,333.77244612,306886.8473
1705236000000,SYN_REKOP_WIDTH,5m,333.77244612,335.48691705,332.92375957,334.56110996,291025.4681
1705236300000,SYN_REKOP_WIDTH,5m,334.56110996,336.23642856,333.75684346,335.32405922,274138.8049
1705236600000,SYN_REKOP_WIDTH,5m,335.32405922,336.95136964,334.5662961,336.057928,256626.5005
1705236900000,SYN_REKOP_WIDTH,5m,336.057928,337.72223367,335.30596195,336.80139622,256655.762
1705237200000,SYN_REKOP_WIDTH,5m,336.80139622,338.58760789,336.01794826,337.59206072,273656.2263
1705237500000,SYN_REKOP_WIDTH,5m,337.59206072,339.49427186,336.78160702,338.42672683,290024.5287
1705237800000,SYN_REKOP_WIDTH,5m,338.42672683,340.43655644,337.59424883,339.30128302,305361.4032
1705238100000,SYN_REKOP_WIDTH,5m,339.30128302,341.40803658,338.45211079,340.21079864,319292.2372
1705238400000,SYN_REKOP_WIDTH,5m,340.21079864,342.4016809,339.35046395,341.14963463,331476.0671
1705238700000,SYN_REKOP_WIDTH,5m,341.14963463,343.41001049,340.28373683,342.11156499,341613.7653
1705239000000,SYN_REKOP_WIDTH,5m,342.11156499,344.42526342,341.24565199,343.08990696,349455.2234
1705239300000,SYN_REKOP_WIDTH,5m,343.08990696,345.43956192,342.22937235,344.0776576,354805.3577
1705239600000,SYN_REKOP_WIDTH,5m,344.0776576,346.44507881,343.22765424,345.06763439,357528.7942
1705239900000,SYN_REKOP_WIDTH,5m,345.06763439,347.43420014,344.23300402,346.05261781,357553.1196
1705240200000,SYN_REKOP_WIDTH,5m,346.05261781,348.39968096,345.23783539,347.02549337,354870.6208
1705240500000,SYN_REKOP_WIDTH,5m,347.02549337,349.33479138,346.23462438,347.97939091,349538.4708
1705240800000,SYN_REKOP_WIDTH,5m,347.97939091,350.23345021,347.21605949,348.90781882,341677.3568
1705241100000,SYN_REKOP_WIDTH,5m,348.90781882,351.09034384,348.17518424,349.804791,331468.5834
1705241400000,SYN_REKOP_WIDTH,5m,349.804791,351.90102814,349.10552995,350.66494429,319149.72
1705241700000,SYN_REKOP_WIDTH,5m,350.66494429,352.6620117,350.00123665,351.48364431,305008.8978
1705242000000,SYN_REKOP_WIDTH,5m,351.48364431,353.37081891,350.85716007,352.2570778,289377.8924
1705242300000,SYN_REKOP_WIDTH,5m,352.2570778,354.02603191,351.66896349,352.98232962,272624.1588
1705242600000,SYN_REKOP_WIDTH,5m,352.98232962,354.67163198,352.40809824,353.65744287,255142.0094
1705242900000,SYN_REKOP_WIDTH,5m,353.65744287,355.31643186,353.07924206,354.30317418,246218.099
1705243200000,SYN_REKOP_WIDTH,5m,354.30317418,355.99414373,353.71994315,354.98301049,263224.888
1705243500000,SYN_REKOP_WIDTH,5m,354.98301049,356.70811508,354.39115275,355.69592197,279704.5091
1705243800000,SYN_REKOP_WIDTH,5m,355.69592197,357.48971833,355.07188835,356.43986966,295252.9473
1705244100000,SYN_REKOP_WIDTH,5m,356.43986966,358.29352052,355.78454786,357.21186125,309488.4508
1705244400000,SYN_REKOP_WIDTH,5m,357.21186125,359.1144596,356.52689683,358.0080344,322060.6973
1705244700000,SYN_REKOP_WIDTH,5m,358.0080344,359.94694176,357.29581677,358.82376517,332659.2069
1705245000000,SYN_REKOP_WIDTH,5m,358.82376517,360.78500428,358.0873962,359.65379843,341020.7971
1705245300000,SYN_REKOP_WIDTH,5m,359.65379843,361.62248639,358.8970417,360.49239679,346935.9034
1705245600000,SYN_REKOP_WIDTH,5m,360.49239679,362.45320303,359.71960548,361.33350373,350253.6114
1705245900000,SYN_REKOP_WIDTH,5m,361.33350373,363.27111664,360.54952638,362.17091612,350885.2816
1705246200000,SYN_REKOP_WIDTH,5m,362.17091612,364.07050217,361.38098031,362.99846131,348806.6787
1705246500000,SYN_REKOP_WIDTH,5m,362.99846131,364.84610072,362.20803665,363.81017333,344058.5541
1705246800000,SYN_REKOP_WIDTH,5m,363.81017333,365.59325787,363.0248163,364.60046304,336745.6688
1705247100000,SYN_REKOP_WIDTH,5m,364.60046304,366.30804282,363.82564768,365.36427693,327034.279
1705247400000,SYN_REKOP_WIDTH,5m,365.36427693,366.98734567,364.60521655,366.09723973,315148.1454
1705247700000,SYN_REKOP_WIDTH,5m,366.09723973,367.66909541,365.32312106,366.79577651,301363.1613
1705248000000,SYN_REKOP_WIDTH,5m,366.79577651,368.31606091,366.00404612,367.4572103,286000.73
1705248300000,SYN_REKOP_WIDTH,5m,367.4572103,368.92389882,366.64771906,368.07983261,269420.0483
1705248600000,SYN_REKOP_WIDTH,5m,368.07983261,369.49199282,367.25252169,368.6629445,252009.4835
1705248900000,SYN_REKOP_WIDTH,5m,368.6629445,370.02075052,367.81784443,369.20686733,234177.25
1705249200000,SYN_REKOP_WIDTH,5m,369.20686733,370.60051979,368.34409634,369.80185988,251161.9376
1705249500000,SYN_REKOP_WIDTH,5m,369.80185988,371.23215771,368.92140974,370.44849947,267741.9983
1705249800000,SYN_REKOP_WIDTH,5m,370.44849947,371.91506063,369.55043683,371.14610502,283492.7374
1705250100000,SYN_REKOP_WIDTH,5m,371.14610502,372.65183414,370.22518525,371.89276622,298025.8558
1705250400000,SYN_REKOP_WIDTH,5m,371.89276622,373.47470333,370.89878459,372.6853566,310982.216
1705250700000,SYN_REKOP_WIDTH,5m,372.6853566,374.33364354,371.62243848,373.51957354,322040.4668
1705251000000,SYN_REKOP_WIDTH,5m,373.51957354,375.2226108,372.39370681,374.39000553,330924.7595
1705251300000,SYN_REKOP_WIDTH,5m,374.39000553,376.13471031,373.2089917,375.29022665,337411.3727
1705251600000,SYN_REKOP_WIDTH,5m,375.29022665,377.06231746,374.06357279,376.21291731,341334.0848
1705251900000,SYN_REKOP_WIDTH,5m,376.21291731,377.99721969,374.95166792,377.15001017,342588.1663
1705252200000,SYN_REKOP_WIDTH,5m,377.15001017,378.93077749,375.86652006,378.09285861,341132.8953
1705252500000,SYN_REKOP_WIDTH,5m,378.09285861,379.85410263,376.80051089,379.03242529,336992.5367
1705252800000,SYN_REKOP_WIDTH,5m,379.03242529,380.75825042,377.74530043,379.95948683,330255.7605
1705253100000,SYN_REKOP_WIDTH,5m,379.95948683,381.63442275,378.69199186,380.86485018,321073.5142
1705253400000,SYN_REKOP_WIDTH,5m,380.86485018,382.47417734,379.63131909,381.7395758,309655.3996
1705253700000,SYN_REKOP_WIDTH,5m,381.7395758,383.26963844,380.55385426,382.5752017,296264.6416
1705254000000,SYN_REKOP_WIDTH,5m,382.5752017,384.01370331,381.45023083,383.36396246,281211.7691
1705254300000,SYN_REKOP_WIDTH,5m,383.36396246,384.72616339,382.26599123,384.0989968,264847.1602
1705254600000,SYN_REKOP_WIDTH,5m,384.0989968,385.39966168,382.99567562,384.77453738,247552.6315
1705254900000,SYN_REKOP_WIDTH,5m,384.77453738,386.01025703,383.66723214,385.38607685,229732.2709
1705255200000,SYN_REKOP_WIDTH,5m,385.38607685,386.62418962,384.27618405,385.99984507,237811.1344
1705255500000,SYN_REKOP_WIDTH,5m,385.99984507,387.26239164,384.88858091,386.6366565,254483.6262
1705255800000,SYN_REKOP_WIDTH,5m,386.6366565,387.92135778,385.5251812,387.29296813,270430.0794
1705256100000,SYN_REKOP_WIDTH,5m,387.29296813,388.59695456,386.18245023,387.9646541,285256.2497
1705256400000,SYN_REKOP_WIDTH,5m,387.9646541,389.28457117,386.8562662,388.64711812,298594.7409
1705256700000,SYN_REKOP_WIDTH,5m,388.64711812,389.97924246,387.54203217,389.33541638,310113.8281
1705257000000,SYN_REKOP_WIDTH,5m,389.33541638,390.67577933,388.23479848,390.02438786,319525.4238
1705257300000,SYN_REKOP_WIDTH,5m,390.02438786,391.3689032,388.92939264,390.70878867,326591.9954
1705257600000,SYN_REKOP_WIDTH,5m,390.70878867,392.05338107,389.62055321,391.38342698,331132.2708
1705257900000,SYN_REKOP_WIDTH,5m,391.38342698,392.72415779,390.30306431,392.04329503,333025.5909
1705258200000,SYN_REKOP_WIDTH,5m,392.04329503,393.37648215,390.9718874,392.68369495,332214.809
1705258500000,SYN_REKOP_WIDTH,5m,392.68369495,394.00602354,391.62228676,393.30035511,328707.6633
1705258800000,SYN_REKOP_WIDTH,5m,393.30035511,394.60897636,392.24994582,393.88953405,322576.5929
1705259100000,SYN_REKOP_WIDTH,5m,393.88953405,395.18214938,392.85107099,394.44810954,313956.9998
1705259400000,SYN_REKOP_WIDTH,5m,394.44810954,395.72303806,393.42248085,394.97365026,303043.9989
1705259700000,SYN_REKOP_WIDTH,5m,394.97365026,396.22987806,393.96167806,395.46446883,290087.7349
1705260000000,SYN_REKOP_WIDTH,5m,395.46446883,396.70167869,394.46690272,395.91965469,275387.3771
1705260300000,SYN_REKOP_WIDTH,5m,395.91965469,397.13823586,394.93716568,396.33908642,259283.9383
1705260600000,SYN_REKOP_WIDTH,5m,396.33908642,397.54012447,395.37226149,396.72342351,242152.0877
1705260900000,SYN_REKOP_WIDTH,5m,396.72342351,397.90867076,395.77276074,397.07407813,224391.1567
1705261200000,SYN_REKOP_WIDTH,5m,397.07407813,398.29303241,396.1399826,397.44029459,223571.5649
1705261500000,SYN_REKOP_WIDTH,5m,397.44029459,398.74387497,396.52296629,397.87272194,240330.5828
1705261800000,SYN_REKOP_WIDTH,5m,397.87272194,399.26140206,396.97215994,398.37153682,256468.0645
1705262100000,SYN_REKOP_WIDTH,5m,398.37153682,399.84399572,397.4876594,398.93520122,271584.431
1705262400000,SYN_REKOP_WIDTH,5m,398.93520122,400.4883398,398.06784916,399.56048346,285304.5969
1705262700000,SYN_REKOP_WIDTH,5m,399.56048346,401.18948004,398.70942308,400.24251824,297286.9776
1705263000000,SYN_REKOP_WIDTH,5m,400.24251824,401.94092264,399.40744439,400.97490516,307231.6919
1705263300000,SYN_REKOP_WIDTH,5m,400.97490516,402.73477005,400.1554439,401.74984423,314887.764
1705263600000,SYN_REKOP_WIDTH,5m,401.74984423,403.56809022,400.94058793,402.55830648,320059.1502
1705263900000,SYN_REKOP_WIDTH,5m,402.55830648,404.44616075,401.74238855,403.39023639,322609.448
1705264200000,SYN_REKOP_WIDTH,5m,403.39023639,405.32319098,402.57841529,404.23478275,322465.1718
1705264500000,SYN_REKOP_WIDTH,5m,404.23478275,406.18633528,403.43758156,405.08055313,319617.5193
1705264800000,SYN_REKOP_WIDTH,5m,405.08055313,407.02285669,404.30802329,405.91588648,314122.5835
1705265100000,SYN_REKOP_WIDTH,5m,405.91588648,407.82046652,405.17739969,406.72913781,306100.008
1705265400000,SYN_REKOP_WIDTH,5m,406.72913781,408.61330975,406.00319861,407.50896783,295730.115
1705265700000,SYN_REKOP_WIDTH,5m,407.50896783,409.36289422,406.79344151,408.24463019,283249.5775
1705266000000,SYN_REKOP_WIDTH,5m,408.24463019,410.05734081,407.53862169,408.92624847,268945.7382
1705266300000,SYN_REKOP_WIDTH,5m,408.92624847,410.68781074,408.22881602,409.54507508,253149.7111
1705266600000,SYN_REKOP_WIDTH,5m,409.54507508,411.24683523,408.85523318,410.0937243,236228.4335
1705266900000,SYN_REKOP_WIDTH,5m,410.0937243,411.72851692,409.41044706,410.5663724,218575.8565
