timestamp_ms,symbol,timeframe,open,high,low,close,volume
1738689600000000,DOGEUSDT,5m,0.26986,0.27065,0.26887,0.27065,3924263
1738689900000000,DOGEUSDT,5m,0.27065,0.27081095,0.26904054,0.26921155,4364144
1738690200000000,DOGEUSDT,5m,0.26921155,0.27011687,0.26872871,0.26895001,4754995
1738690500000000,DOGEUSDT,5m,0.26895001,0.2699962,0.26874882,0.26874882,3882727
1738690800000000,DOGEUSDT,5m,0.26874882,0.26923094,0.26773437,0.26922089,2560565
1738691100000000,DOGEUSDT,5m,0.26922089,0.27008465,0.26854797,0.26865845,2331258
1738691400000000,DOGEUSDT,5m,0.26865845,0.26924855,0.26805834,0.26924855,2607079
1738691700000000,DOGEUSDT,5m,0.26924855,0.26974864,0.2689685,0.26905852,2077633
1738692000000000,DOGEUSDT,5m,0.26905852,0.26998738,0.26863904,0.26946802,2780486
1738692300000000,DOGEUSDT,5m,0.26946802,0.26998898,0.26854631,0.26998898,3830120
1738692600000000,DOGEUSDT,5m,0.26998898,0.27118576,0.26962693,0.27056222,3501992
1738692900000000,DOGEUSDT,5m,0.27056222,0.27159805,0.26967725,0.26967725,3075215
1738693200000000,DOGEUSDT,5m,0.26967725,0.27020679,0.26921764,0.26991704,2748544
1738693500000000,DOGEUSDT,5m,0.26991704,0.27072775,0.26955672,0.26955672,4009261
1738693800000000,DOGEUSDT,5m,0.26955672,0.26989613,0.26847862,0.26986618,3241579
1738694100000000,DOGEUSDT,5m,0.26986618,0.27122385,0.26975637,0.27122385,2687282
1738694400000000,DOGEUSDT,5m,0.27122385,0.27142351,0.27020556,0.27028542,2570429
1738694700000000,DOGEUSDT,5m,0.27028542,0.27137355,0.27028542,0.27059489,2668531
1738695000000000,DOGEUSDT,5m,0.27059489,0.27113397,0.2700059,0.27096426,3014445
1738695300000000,DOGEUSDT,5m,0.27096426,0.27173507,0.27057385,0.27057385,1293883
1738695600000000,DOGEUSDT,5m,0.27057385,0.27166185,0.26979528,0.26979528,3295627
1738695900000000,DOGEUSDT,5m,0.26979528,0.2702121,0.26888223,0.2702121,3971777
1738696200000000,DOGEUSDT,5m,0.2702121,0.27299954,0.2702121,0.27284026,10051599
1738696500000000,DOGEUSDT,5m,0.27284026,0.27440315,0.27192442,0.27192442,8891397
1738696800000000,DOGEUSDT,5m,0.27192442,0.27222107,0.27118278,0.27180575,5741461
1738697100000000,DOGEUSDT,5m,0.27180575,0.27269494,0.27026449,0.27269494,3979737
1738697400000000,DOGEUSDT,5m,0.27269494,0.27386843,0.27249605,0.27375903,4373031
1738697700000000,DOGEUSDT,5m,0.27375903,0.27544958,0.27173038,0.27544958,9037490
1738698000000000,DOGEUSDT,5m,0.27544958,0.2763557,0.27373802,0.27490591,9530839
1738698300000000,DOGEUSDT,5m,0.27490591,0.27915791,0.26901929,0.27915791,23889283
1738698600000000,DOGEUSDT,5m,0.27915791,0.27984057,0.27586871,0.27631348,15738408
1738698900000000,DOGEUSDT,5m,0.27631348,0.2784649,0.27451372,0.27454475,11680434
1738699200000000,DOGEUSDT,5m,0.27454475,0.27708923,0.2743896,0.27581699,13076355
1738699500000000,DOGEUSDT,5m,0.27581699,0.27719266,0.27106937,0.27719266,29956711
1738699800000000,DOGEUSDT,5m,0.27719266,0.27938647,0.27274237,0.27938647,29439334
1738700100000000,DOGEUSDT,5m,0.27938647,0.28098903,0.27765656,0.27808108,15911798
1738700400000000,DOGEUSDT,5m,0.27808108,0.27934402,0.27735939,0.27865418,18745917
1738700700000000,DOGEUSDT,5m,0.27865418,0.28109468,0.27778028,0.2803167,18649348
1738701000000000,DOGEUSDT,5m,0.2803167,0.28219237,0.27879272,0.28121191,9980426
1738701300000000,DOGEUSDT,5m,0.28121191,0.2837325,0.27893801,0.27893801,8035209
1738701600000000,DOGEUSDT,5m,0.27893801,0.2796662,0.27845256,0.27852643,6931887
1738701900000000,DOGEUSDT,5m,0.27852643,0.27907521,0.27723891,0.2779882,4964021
1738702200000000,DOGEUSDT,5m,0.2779882,0.27967682,0.27762937,0.27944463,4684587
1738702500000000,DOGEUSDT,5m,0.27944463,0.28146042,0.27727054,0.28146042,3493075
1738702800000000,DOGEUSDT,5m,0.28146042,0.28446914,0.27631025,0.28446914,26948224
1738703100000000,DOGEUSDT,5m,0.28446914,0.28455666,0.28228134,0.28452384,11796095
1738703400000000,DOGEUSDT,5m,0.28452384,0.28672351,0.28442535,0.28671257,8234019
1738703700000000,DOGEUSDT,5m,0.28671257,0.2869205,0.28543216,0.2869205,6102062
1738704000000000,DOGEUSDT,5m,0.2869205,0.28704106,0.28526555,0.28573682,9380571
1738704300000000,DOGEUSDT,5m,0.28573682,0.28596699,0.28436678,0.28542993,6947520
1738704600000000,DOGEUSDT,5m,0.28542993,0.28596699,0.2838626,0.28596699,8742897
1738704900000000,DOGEUSDT,5m,0.28596699,0.28917936,0.28267761,0.28917936,15105841
1738705200000000,DOGEUSDT,5m,0.28917936,0.29025948,0.28718789,0.28811049,19353934
1738705500000000,DOGEUSDT,5m,0.28811049,0.2910357,0.28776172,0.29065317,18550762
1738705800000000,DOGEUSDT,5m,0.29065317,0.29092318,0.28914563,0.28962939,9224020
1738706100000000,DOGEUSDT,5m,0.28962939,0.29077693,0.28736807,0.29077693,10995603
1738706400000000,DOGEUSDT,5m,0.29077693,0.29288606,0.29007388,0.29211498,10491385
1738706700000000,DOGEUSDT,5m,0.29211498,0.29375901,0.29098117,0.2928633,10203446
1738707000000000,DOGEUSDT,5m,0.2928633,0.2947095,0.29115384,0.29115384,17739912
1738707300000000,DOGEUSDT,5m,0.29115384,0.29303509,0.2894979,0.2894979,16439453
1738707600000000,DOGEUSDT,5m,0.2894979,0.2894979,0.28827277,0.28918605,3902820
1738707900000000,DOGEUSDT,5m,0.28918605,0.2896761,0.28796092,0.2896761,4415567
1738708200000000,DOGEUSDT,5m,0.2896761,0.29053657,0.28837981,0.28881563,3919704
1738708500000000,DOGEUSDT,5m,0.28881563,0.28934085,0.28835746,0.28874858,2706945
1738708800000000,DOGEUSDT,5m,0.28874858,0.28981016,0.28785462,0.28785462,1659017
1738709100000000,DOGEUSDT,5m,0.28785462,0.2908641,0.28484515,0.28484515,3781626
1738709400000000,DOGEUSDT,5m,0.28484515,0.28595447,0.28364882,0.28595447,4738732
1738709700000000,DOGEUSDT,5m,0.28595447,0.28709434,0.28481459,0.28481459,800458
1738710000000000,DOGEUSDT,5m,0.28481459,0.28560834,0.28385775,0.28435792,5382378
1738710300000000,DOGEUSDT,5m,0.28435792,0.28518167,0.28408694,0.28514915,4377213
1738710600000000,DOGEUSDT,5m,0.28514915,0.2878373,0.28479146,0.28594042,14830879
1738710900000000,DOGEUSDT,5m,0.28594042,0.2874796,0.28397851,0.2874796,4202364
1738711200000000,DOGEUSDT,5m,0.2874796,0.28870674,0.28696464,0.28696464,2571613
1738711500000000,DOGEUSDT,5m,0.28696464,0.28713933,0.2861458,0.28688822,917102
1738711800000000,DOGEUSDT,5m,0.28688822,0.28778345,0.28616767,0.28743409,2027704
1738712100000000,DOGEUSDT,5m,0.28743409,0.28829656,0.28739042,0.28771794,1563421
1738712400000000,DOGEUSDT,5m,0.28771794,0.28820922,0.28740134,0.28747776,1640027
1738712700000000,DOGEUSDT,5m,0.28747776,0.28812081,0.2869001,0.28698729,2314709
1738713000000000,DOGEUSDT,5m,0.28698729,0.28830165,0.28646589,0.28646589,2967101
1738713300000000,DOGEUSDT,5m,0.28646589,0.28779713,0.28510218,0.28779713,1528888
1738713600000000,DOGEUSDT,5m,0.28779713,0.28934831,0.28673753,0.28673753,6199578
1738713900000000,DOGEUSDT,5m,0.28673753,0.28761586,0.28588089,0.28606523,4143297
1738714200000000,DOGEUSDT,5m,0.28606523,0.28694373,0.28587,0.28590254,2819453
1738714500000000,DOGEUSDT,5m,0.28590254,0.28637923,0.28419081,0.28512251,3657351
1738714800000000,DOGEUSDT,5m,0.28512251,0.28570753,0.28435332,0.28537169,4138153
1738715100000000,DOGEUSDT,5m,0.28537169,0.28749882,0.28510037,0.28740114,8887493
1738715400000000,DOGEUSDT,5m,0.28740114,0.28888796,0.28568642,0.28888796,3419351
1738715700000000,DOGEUSDT,5m,0.28888796,0.28910727,0.28815327,0.28900858,2273236
1738716000000000,DOGEUSDT,5m,0.28900858,0.28971038,0.28885507,0.28934852,2828701
1738716300000000,DOGEUSDT,5m,0.28934852,0.29101535,0.28890988,0.28890988,4503693
1738716600000000,DOGEUSDT,5m,0.28890988,0.28922693,0.28814458,0.28814458,1647971
1738716900000000,DOGEUSDT,5m,0.28814458,0.28901924,0.28784938,0.28810085,2554071
1738717200000000,DOGEUSDT,5m,0.28810085,0.29157774,0.28800245,0.29135907,6454938
1738717500000000,DOGEUSDT,5m,0.29135907,0.29190575,0.29046251,0.29190575,5028286
1738717800000000,DOGEUSDT,5m,0.29190575,0.2923667,0.29068751,0.29078628,1441347
1738718100000000,DOGEUSDT,5m,0.29078628,0.29213623,0.29069848,0.29075336,2271222
1738718400000000,DOGEUSDT,5m,0.29075336,0.29134588,0.28975485,0.29134588,5623483
1738718700000000,DOGEUSDT,5m,0.29134588,0.29189678,0.29103738,0.29130181,1158648
1738719000000000,DOGEUSDT,5m,0.29130181,0.29195167,0.29062992,0.2909934,3077940
1738719300000000,DOGEUSDT,5m,0.2909934,0.29148801,0.29037789,0.29067466,1488572
1738719600000000,DOGEUSDT,5m,0.29067466,0.29161994,0.29025697,0.29038887,7227239
1738719900000000,DOGEUSDT,5m,0.29038887,0.29096044,0.28967441,0.2908835,3478029
1738720200000000,DOGEUSDT,5m,0.2908835,0.29121326,0.28915774,0.28927865,1808450
1738720500000000,DOGEUSDT,5m,0.28927865,0.28971834,0.28831135,0.28872905,3827691
1738720800000000,DOGEUSDT,5m,0.28872905,0.29009207,0.28856417,0.28874004,6363381
1738721100000000,DOGEUSDT,5m,0.28874004,0.28986132,0.2886521,0.28963047,3970479
1738721400000000,DOGEUSDT,5m,0.28963047,0.28987232,0.28867405,0.28867405,3067553
1738721700000000,DOGEUSDT,5m,0.28867405,0.28935566,0.2878715,0.28932268,3494737
1738722000000000,DOGEUSDT,5m,0.28932268,0.2902724,0.28807479,0.2902724,5645716
1738722300000000,DOGEUSDT,5m,0.2902724,0.29237325,0.28985001,0.29210647,4410071
1738722600000000,DOGEUSDT,5m,0.29210647,0.29307357,0.29177299,0.29223986,2599064
1738722900000000,DOGEUSDT,5m,0.29223986,0.29342937,0.29117265,0.29117265,5564894
1738723200000000,DOGEUSDT,5m,0.29117265,0.29176859,0.29056567,0.29173548,3240677
1738723500000000,DOGEUSDT,5m,0.29173548,0.2936447,0.29035599,0.29035599,5365424
1738723800000000,DOGEUSDT,5m,0.29035599,0.29082607,0.2894049,0.29011548,3194178
1738724100000000,DOGEUSDT,5m,0.29011548,0.29091217,0.2898099,0.28995178,3409687
1738724400000000,DOGEUSDT,5m,0.28995178,0.29070481,0.28906778,0.28906778,1789568
1738724700000000,DOGEUSDT,5m,0.28906778,0.28960254,0.28884951,0.28884951,1751180
1738725000000000,DOGEUSDT,5m,0.28884951,0.2891982,0.2882175,0.2891982,1121210
1738725300000000,DOGEUSDT,5m,0.2891982,0.28953681,0.2882042,0.28953681,2423015
1738725600000000,DOGEUSDT,5m,0.28953681,0.29023753,0.28886895,0.28886895,729697
1738725900000000,DOGEUSDT,5m,0.28886895,0.28904332,0.288542,0.2885638,489820
1738726200000000,DOGEUSDT,5m,0.2885638,0.28930488,0.28816056,0.28816056,1420989
1738726500000000,DOGEUSDT,5m,0.28816056,0.28888871,0.2879106,0.2879106,6464472
1738726800000000,DOGEUSDT,5m,0.2879106,0.28792145,0.2870318,0.28757427,1057803
1738727100000000,DOGEUSDT,5m,0.28757427,0.28837712,0.28661952,0.28837712,903186
1738727400000000,DOGEUSDT,5m,0.28837712,0.28871534,0.28765705,0.28801709,2442883
1738727700000000,DOGEUSDT,5m,0.28801709,0.28830076,0.28791889,0.28797345,617014
1738728000000000,DOGEUSDT,5m,0.28797345,0.28824614,0.28706811,0.28774439,1164521
1738728300000000,DOGEUSDT,5m,0.28774439,0.28807111,0.2872543,0.28807111,987918
1738728600000000,DOGEUSDT,5m,0.28807111,0.28834401,0.2875144,0.2879292,1013805
1738728900000000,DOGEUSDT,5m,0.2879292,0.28854047,0.28771089,0.28796195,865034
1738729200000000,DOGEUSDT,5m,0.28796195,0.28814755,0.2875689,0.28814755,370865
1738729500000000,DOGEUSDT,5m,0.28814755,0.28866136,0.28786332,0.28828967,1023075
1738729800000000,DOGEUSDT,5m,0.28828967,0.28912133,0.28745801,0.28745801,1833730
1738730100000000,DOGEUSDT,5m,0.28745801,0.28798027,0.28734921,0.28765386,1057419
1738730400000000,DOGEUSDT,5m,0.28765386,0.28826316,0.28759946,0.28820876,1391231
1738730700000000,DOGEUSDT,5m,0.28820876,0.28869839,0.28781705,0.28809995,1413792
1738731000000000,DOGEUSDT,5m,0.28809995,0.2884046,0.28756681,0.28776266,1579192
1738731300000000,DOGEUSDT,5m,0.28776266,0.28781706,0.2870228,0.28740361,1684874
1738731600000000,DOGEUSDT,5m,0.28740361,0.28809995,0.28716424,0.28716424,2814074
1738731900000000,DOGEUSDT,5m,0.28716424,0.28776266,0.28638086,0.28776266,1138585
1738732200000000,DOGEUSDT,5m,0.28776266,0.28809043,0.28744581,0.28744581,1407015
1738732500000000,DOGEUSDT,5m,0.28744581,0.28760933,0.28639929,0.28641019,1080170
1738732800000000,DOGEUSDT,5m,0.28641019,0.28702066,0.28597413,0.28686804,2646753
1738733100000000,DOGEUSDT,5m,0.28686804,0.28784916,0.28662821,0.28776195,4009145
1738733400000000,DOGEUSDT,5m,0.28776195,0.28807808,0.28665006,0.2871951,1358730
1738733700000000,DOGEUSDT,5m,0.2871951,0.28746762,0.28663918,0.28669368,792404
1738734000000000,DOGEUSDT,5m,0.28669368,0.28745671,0.28623586,0.28623586,2426863
1738734300000000,DOGEUSDT,5m,0.28623586,0.28773539,0.28614893,0.28764846,2505084
1738734600000000,DOGEUSDT,5m,0.28764846,0.29010421,0.2874094,0.28976736,5012329
1738734900000000,DOGEUSDT,5m,0.28976736,0.29096259,0.28976736,0.29010419,6892761
1738735200000000,DOGEUSDT,5m,0.29010419,0.29010419,0.28889805,0.28975648,3483511
1738735500000000,DOGEUSDT,5m,0.28975648,0.29022374,0.28850682,0.28990861,3445058
1738735800000000,DOGEUSDT,5m,0.28990861,0.29157119,0.28990861,0.29037587,4922135
1738736100000000,DOGEUSDT,5m,0.29037587,0.29037587,0.28921315,0.28969128,2585319
1738736400000000,DOGEUSDT,5m,0.28969128,0.29031067,0.28857202,0.29031067,2017921
1738736700000000,DOGEUSDT,5m,0.29031067,0.29045255,0.28974317,0.29044163,1365785
1738737000000000,DOGEUSDT,5m,0.29044163,0.29127106,0.288881,0.29127106,2768569
1738737300000000,DOGEUSDT,5m,0.29127106,0.29156741,0.28959173,0.28991003,4168888
1738737600000000,DOGEUSDT,5m,0.28991003,0.29077711,0.28980028,0.29025028,4198698
1738737900000000,DOGEUSDT,5m,0.29025028,0.29038199,0.28967952,0.29038199,2311744
1738738200000000,DOGEUSDT,5m,0.29038199,0.29052468,0.28962461,0.28998684,1029688
1738738500000000,DOGEUSDT,5m,0.28998684,0.29017344,0.28945995,0.28998684,1344419
1738738800000000,DOGEUSDT,5m,0.28998684,0.29003074,0.28890017,0.28973438,2669957
1738739100000000,DOGEUSDT,5m,0.28973438,0.29056859,0.288977,0.288977,1181571
1738739400000000,DOGEUSDT,5m,0.288977,0.28941377,0.28857299,0.28893333,1721078
1738739700000000,DOGEUSDT,5m,0.28893333,0.28896607,0.28777628,0.28777628,2121796
1738740000000000,DOGEUSDT,5m,0.28777628,0.28832204,0.28729602,0.28811465,1510509
1738740300000000,DOGEUSDT,5m,0.28811465,0.28910789,0.28723056,0.28723056,1961464
1738740600000000,DOGEUSDT,5m,0.28723056,0.28724141,0.28630849,0.28682919,925487
1738740900000000,DOGEUSDT,5m,0.28682919,0.28726309,0.28659055,0.28707868,996711
1738741200000000,DOGEUSDT,5m,0.28707868,0.28746919,0.28656885,0.28736072,1527618
1738741500000000,DOGEUSDT,5m,0.28736072,0.28793563,0.28688343,0.28688343,1633279
1738741800000000,DOGEUSDT,5m,0.28688343,0.28785646,0.28684018,0.28731589,6167406
1738742100000000,DOGEUSDT,5m,0.28731589,0.28760781,0.28677529,0.28760781,3174188
1738742400000000,DOGEUSDT,5m,0.28760781,0.28845286,0.2873803,0.28844202,3421915
1738742700000000,DOGEUSDT,5m,0.28844202,0.28889705,0.28807367,0.28849619,1971225
1738743000000000,DOGEUSDT,5m,0.28849619,0.2886262,0.28788949,0.28818201,1537599
1738743300000000,DOGEUSDT,5m,0.28818201,0.28819284,0.2873803,0.28769448,3365737
1738743600000000,DOGEUSDT,5m,0.28769448,0.28809534,0.28713112,0.28722862,1886889
1738743900000000,DOGEUSDT,5m,0.28722862,0.28728279,0.28650275,0.28689277,2039161
1738744200000000,DOGEUSDT,5m,0.28689277,0.2874778,0.28575521,0.2874778,2285632
1738744500000000,DOGEUSDT,5m,0.2874778,0.28814137,0.28723848,0.28723848,1576135
1738744800000000,DOGEUSDT,5m,0.28723848,0.28737967,0.28671718,0.28717332,1243075
1738745100000000,DOGEUSDT,5m,0.28717332,0.28785722,0.28669567,0.28669567,2041578
1738745400000000,DOGEUSDT,5m,0.28669567,0.28783172,0.28638191,0.28638191,7914401
1738745700000000,DOGEUSDT,5m,0.28638191,0.28670578,0.28633873,0.28669499,921155
1738746000000000,DOGEUSDT,5m,0.28669499,0.28827124,0.2852051,0.2852051,2696148
1738746300000000,DOGEUSDT,5m,0.2852051,0.2852051,0.28382673,0.28432893,2820386
1738746600000000,DOGEUSDT,5m,0.28432893,0.28524781,0.2839336,0.2839336,1300763
1738746900000000,DOGEUSDT,5m,0.2839336,0.2850311,0.28359263,0.28395491,3572286
1738747200000000,DOGEUSDT,5m,0.28395491,0.28441309,0.2834328,0.28441309,1319533
1738747500000000,DOGEUSDT,5m,0.28441309,0.28456275,0.28409238,0.28456275,1087977
1738747800000000,DOGEUSDT,5m,0.28456275,0.28456275,0.28265782,0.28292537,4571374
1738748100000000,DOGEUSDT,5m,0.28292537,0.28327852,0.28251871,0.28267923,3109057
1738748400000000,DOGEUSDT,5m,0.28267923,0.28283975,0.28204785,0.28263643,3230593
1738748700000000,DOGEUSDT,5m,0.28263643,0.28298958,0.28187662,0.28281835,2344390
1738749000000000,DOGEUSDT,5m,0.28281835,0.28376133,0.28217541,0.28217541,6828477
1738749300000000,DOGEUSDT,5m,0.28217541,0.2824741,0.28197273,0.28221808,975634
1738749600000000,DOGEUSDT,5m,0.28221808,0.28286882,0.28167402,0.28167402,2875334
1738749900000000,DOGEUSDT,5m,0.28167402,0.28188656,0.28118519,0.28178029,1415339
1738750200000000,DOGEUSDT,5m,0.28178029,0.28191843,0.2808452,0.28091958,885313
1738750500000000,DOGEUSDT,5m,0.28091958,0.28197152,0.28010141,0.28010141,1031745
1738750800000000,DOGEUSDT,5m,0.28010141,0.2806613,0.27991126,0.28047115,3796633
1738751100000000,DOGEUSDT,5m,0.28047115,0.28080918,0.28015424,0.28060847,788736
1738751400000000,DOGEUSDT,5m,0.28060847,0.28116836,0.28023874,0.28088313,1550039
1738751700000000,DOGEUSDT,5m,0.28088313,0.28162403,0.28054444,0.28156052,769609
1738752000000000,DOGEUSDT,5m,0.28156052,0.28174045,0.28117951,0.28166636,1122192
1738752300000000,DOGEUSDT,5m,0.28166636,0.2817511,0.28109438,0.2817511,958818
1738752600000000,DOGEUSDT,5m,0.2817511,0.28200545,0.2811576,0.28200545,1590946
1738752900000000,DOGEUSDT,5m,0.28200545,0.28223902,0.28150646,0.28152769,2103807
1738753200000000,DOGEUSDT,5m,0.28152769,0.28271674,0.28151708,0.28155954,4009572
1738753500000000,DOGEUSDT,5m,0.28155954,0.28327941,0.28142153,0.28327941,5489228
1738753800000000,DOGEUSDT,5m,0.28327941,0.2835342,0.28259998,0.2835342,2190191
1738754100000000,DOGEUSDT,5m,0.2835342,0.28524646,0.28332149,0.28447009,5392806
1738754400000000,DOGEUSDT,5m,0.28447009,0.28516136,0.28369375,0.28516136,1972944
1738754700000000,DOGEUSDT,5m,0.28516136,0.28516136,0.2843278,0.28452016,1571479
1738755000000000,DOGEUSDT,5m,0.28452016,0.28544986,0.28408203,0.28537506,4111598
1738755300000000,DOGEUSDT,5m,0.28537506,0.28553536,0.28463768,0.28473386,2736576
1738755600000000,DOGEUSDT,5m,0.28473386,0.28540709,0.28437053,0.28437053,2113443
1738755900000000,DOGEUSDT,5m,0.28437053,0.28536185,0.28364569,0.28364569,3363144
1738756200000000,DOGEUSDT,5m,0.28364569,0.284229,0.283476,0.283476,2741565
1738756500000000,DOGEUSDT,5m,0.283476,0.28394209,0.28306288,0.28311585,2843481
1738756800000000,DOGEUSDT,5m,0.28311585,0.28361245,0.28264038,0.2832532,3768940
1738757100000000,DOGEUSDT,5m,0.2832532,0.28375031,0.28254457,0.28375031,2028918
1738757400000000,DOGEUSDT,5m,0.28375031,0.2845145,0.28350619,0.28440836,3488901
1738757700000000,DOGEUSDT,5m,0.28440836,0.28567146,0.28432345,0.28536364,5286925
1738758000000000,DOGEUSDT,5m,0.28536364,0.28560777,0.28456758,0.28549102,2045625
1738758300000000,DOGEUSDT,5m,0.28549102,0.28630828,0.28454638,0.28630828,2376602
1738758600000000,DOGEUSDT,5m,0.28630828,0.28738647,0.28515536,0.28738647,2185475
1738758900000000,DOGEUSDT,5m,0.28738647,0.28777367,0.2868487,0.28749403,1938381
1738759200000000,DOGEUSDT,5m,0.28749403,0.28777388,0.28719265,0.28775235,1843330
1738759500000000,DOGEUSDT,5m,0.28775235,0.28889333,0.28655756,0.28889333,3604121
1738759800000000,DOGEUSDT,5m,0.28889333,0.28931644,0.28864381,0.28889333,3558379
1738760100000000,DOGEUSDT,5m,0.28889333,0.28938151,0.28786273,0.28938151,2655950
1738760400000000,DOGEUSDT,5m,0.28938151,0.28955567,0.28878283,0.28954479,2754325
1738760700000000,DOGEUSDT,5m,0.28954479,0.29020876,0.28905497,0.28905497,2716430
1738761000000000,DOGEUSDT,5m,0.28905497,0.28940212,0.28817626,0.28940212,2216532
1738761300000000,DOGEUSDT,5m,0.28940212,0.29003282,0.28843433,0.28979359,2993338
1738761600000000,DOGEUSDT,5m,0.28979359,0.29006545,0.28915199,0.28995671,1884167
1738761900000000,DOGEUSDT,5m,0.28995671,0.29094628,0.28992408,0.29007632,1998607
1738762200000000,DOGEUSDT,5m,0.29007632,0.29096806,0.2900437,0.29047869,1614135
1738762500000000,DOGEUSDT,5m,0.29047869,0.29131603,0.28969573,0.28969573,1337147
1738762800000000,DOGEUSDT,5m,0.28969573,0.2899445,0.28899269,0.2899445,2819287
1738763100000000,DOGEUSDT,5m,0.2899445,0.29093041,0.28976032,0.29084374,11740965
1738763400000000,DOGEUSDT,5m,0.29084374,0.29127709,0.29025871,0.29127709,2043716
1738763700000000,DOGEUSDT,5m,0.29127709,0.29138575,0.29104889,0.29116842,1638090
1738764000000000,DOGEUSDT,5m,0.29116842,0.29170088,0.28991877,0.2902665,7257267
1738764300000000,DOGEUSDT,5m,0.2902665,0.29064683,0.29003831,0.29030997,2115852
1738764600000000,DOGEUSDT,5m,0.29030997,0.29065782,0.28969037,0.29032084,1740863
1738764900000000,DOGEUSDT,5m,0.29032084,0.29131003,0.28949471,0.28949471,14902963
1738765200000000,DOGEUSDT,5m,0.28949471,0.28976492,0.28892186,0.28976492,3704216
1738765500000000,DOGEUSDT,5m,0.28976492,0.29019807,0.28946171,0.29018724,2018313
1738765800000000,DOGEUSDT,5m,0.29018724,0.29039298,0.2885521,0.28965663,5988114
1738766100000000,DOGEUSDT,5m,0.28965663,0.29003565,0.28898523,0.2896458,2705692
1738766400000000,DOGEUSDT,5m,0.2896458,0.29017637,0.28893116,0.28902861,6728147
1738766700000000,DOGEUSDT,5m,0.28902861,0.28931014,0.28767513,0.28931014,5635158
1738767000000000,DOGEUSDT,5m,0.28931014,0.29092658,0.2872706,0.29092658,3697755
1738767300000000,DOGEUSDT,5m,0.29092658,0.29218818,0.28888607,0.29218818,8864507
1738767600000000,DOGEUSDT,5m,0.29218818,0.29318409,0.29061686,0.29082711,12174489
1738767900000000,DOGEUSDT,5m,0.29082711,0.29125865,0.28873578,0.29055048,15736617
1738768200000000,DOGEUSDT,5m,0.29055048,0.29127937,0.2898989,0.2898989,4341895
1738768500000000,DOGEUSDT,5m,0.2898989,0.2898989,0.28791992,0.28859057,5095380
1738768800000000,DOGEUSDT,5m,0.28859057,0.29040464,0.28684247,0.28684247,4633929
1738769100000000,DOGEUSDT,5m,0.28684247,0.28820021,0.28556076,0.28556076,4080819
1738769400000000,DOGEUSDT,5m,0.28556076,0.28610979,0.28389214,0.28469953,5084124
1738769700000000,DOGEUSDT,5m,0.28469953,0.28524859,0.28384904,0.28524859,1452622
1738770000000000,DOGEUSDT,5m,0.28524859,0.28559442,0.28457853,0.28457853,5050556
1738770300000000,DOGEUSDT,5m,0.28457853,0.28492437,0.28311954,0.28492437,2548828
1738770600000000,DOGEUSDT,5m,0.28492437,0.28526021,0.28398184,0.28494603,3081135
1738770900000000,DOGEUSDT,5m,0.28494603,0.28545521,0.28468603,0.28468603,1129561
1738771200000000,DOGEUSDT,5m,0.28468603,0.28584311,0.28352894,0.28584311,6089000
1738771500000000,DOGEUSDT,5m,0.28584311,0.28633373,0.28461112,0.28534159,7427157
1738771800000000,DOGEUSDT,5m,0.28534159,0.28656263,0.28372808,0.28656263,5945709
1738772100000000,DOGEUSDT,5m,0.28656263,0.28805812,0.28369261,0.28805812,15744577
1738772400000000,DOGEUSDT,5m,0.28805812,0.28901376,0.28729139,0.28821369,10090610
1738772700000000,DOGEUSDT,5m,0.28821369,0.28896934,0.28814702,0.28882488,5357716
1738773000000000,DOGEUSDT,5m,0.28882488,0.2892694,0.28602442,0.28615778,6256805
1738773300000000,DOGEUSDT,5m,0.28615778,0.28759129,0.28613555,0.28670229,11908602
1738773600000000,DOGEUSDT,5m,0.28670229,0.28780243,0.28574662,0.28574662,4052312
1738773900000000,DOGEUSDT,5m,0.28574662,0.28724793,0.28529401,0.28719274,6348337
1738774200000000,DOGEUSDT,5m,0.28719274,0.28890379,0.28719274,0.28791028,5306083
1738774500000000,DOGEUSDT,5m,0.28791028,0.28831871,0.28700511,0.28713757,2542043
1738774800000000,DOGEUSDT,5m,0.28713757,0.28852839,0.28603375,0.28603375,2540013
1738775100000000,DOGEUSDT,5m,0.28603375,0.28661429,0.28499315,0.28561751,4945953
1738775400000000,DOGEUSDT,5m,0.28561751,0.28604346,0.28490759,0.28510418,2680947
1738775700000000,DOGEUSDT,5m,0.28510418,0.28510418,0.28196949,0.28217701,4263179
1738776000000000,DOGEUSDT,5m,0.28217701,0.28250469,0.28064783,0.2819804,5493871
1738776300000000,DOGEUSDT,5m,0.2819804,0.28230809,0.28104101,0.28230809,2447385
1738776600000000,DOGEUSDT,5m,0.28230809,0.28332631,0.27986657,0.28004175,7400701
1738776900000000,DOGEUSDT,5m,0.28004175,0.2819249,0.27824619,0.27824619,14732234
1738777200000000,DOGEUSDT,5m,0.27824619,0.27834348,0.27667875,0.27764083,5467656
1738777500000000,DOGEUSDT,5m,0.27764083,0.27867854,0.2773706,0.27761921,5251515
1738777800000000,DOGEUSDT,5m,0.27761921,0.27825697,0.27699227,0.27711117,3044134
1738778100000000,DOGEUSDT,5m,0.27711117,0.27746659,0.27586181,0.27605567,3752835
1738778400000000,DOGEUSDT,5m,0.27605567,0.2772835,0.27588335,0.27598028,4893547
1738778700000000,DOGEUSDT,5m,0.27598028,0.27756266,0.27518371,0.27518371,5094995
1738779000000000,DOGEUSDT,5m,0.27518371,0.27571883,0.27322514,0.27364254,6825964
1738779300000000,DOGEUSDT,5m,0.27364254,0.27488404,0.27280774,0.27280774,5387704
1738779600000000,DOGEUSDT,5m,0.27280774,0.27372253,0.27221207,0.27371189,5052030
1738779900000000,DOGEUSDT,5m,0.27371189,0.27421183,0.27332896,0.27372253,2278792
1738780200000000,DOGEUSDT,5m,0.27372253,0.27537133,0.27293536,0.27293536,2982727
1738780500000000,DOGEUSDT,5m,0.27293536,0.27335843,0.27255459,0.27255459,1647004
1738780800000000,DOGEUSDT,5m,0.27255459,0.27325074,0.27164748,0.27325074,1579820
1738781100000000,DOGEUSDT,5m,0.27325074,0.27330375,0.27080182,0.27114107,3697409
1738781400000000,DOGEUSDT,5m,0.27114107,0.27176655,0.26885117,0.2698583,9502773
1738781700000000,DOGEUSDT,5m,0.2698583,0.27063217,0.26920104,0.27035655,6027472
1738782000000000,DOGEUSDT,5m,0.27035655,0.27103503,0.26946603,0.27022933,7529773
1738782300000000,DOGEUSDT,5m,0.27022933,0.27196796,0.26878754,0.26878754,3465192
1738782600000000,DOGEUSDT,5m,0.26878754,0.26939589,0.26832603,0.26846239,3015614
1738782900000000,DOGEUSDT,5m,0.26846239,0.26970007,0.26840994,0.26896585,2497519
1738783200000000,DOGEUSDT,5m,0.26896585,0.27011963,0.26830505,0.26830505,3284071
1738783500000000,DOGEUSDT,5m,0.26830505,0.26898349,0.26768924,0.26768924,1732600
1738783800000000,DOGEUSDT,5m,0.26768924,0.26979842,0.26683726,0.26683726,7009747
1738784100000000,DOGEUSDT,5m,0.26683726,0.26745673,0.26645525,0.26745673,1862084
1738784400000000,DOGEUSDT,5m,0.26745673,0.26800395,0.26670301,0.26681659,2807913
1738784700000000,DOGEUSDT,5m,0.26681659,0.26779745,0.26583572,0.26583572,4209989
1738785000000000,DOGEUSDT,5m,0.26583572,0.26653267,0.26514902,0.26597921,2751277
1738785300000000,DOGEUSDT,5m,0.26597921,0.26637936,0.26575348,0.26579452,3777015
1738785600000000,DOGEUSDT,5m,0.26579452,0.26693184,0.26543591,0.26653224,4372715
1738785900000000,DOGEUSDT,5m,0.26653224,0.26702406,0.26568181,0.26698307,10144681
1738786200000000,DOGEUSDT,5m,0.26698307,0.26789501,0.2658662,0.26789501,4770126
1738786500000000,DOGEUSDT,5m,0.26789501,0.26827672,0.26714192,0.26822513,3094357
1738786800000000,DOGEUSDT,5m,0.26822513,0.2683389,0.26777008,0.26791487,1678550
1738787100000000,DOGEUSDT,5m,0.26791487,0.26803897,0.26736673,0.26784247,1765733
1738787400000000,DOGEUSDT,5m,0.26784247,0.26862848,0.26648764,0.26862848,2395556
1738787700000000,DOGEUSDT,5m,0.26862848,0.26896137,0.26796271,0.26811875,1974302
1738788000000000,DOGEUSDT,5m,0.26811875,0.27122915,0.26493553,0.27122915,5976739
1738788300000000,DOGEUSDT,5m,0.27122915,0.27292207,0.2696427,0.2696427,7384747
1738788600000000,DOGEUSDT,5m,0.2696427,0.27074771,0.26913756,0.26913756,3370204
1738788900000000,DOGEUSDT,5m,0.26913756,0.27038526,0.26852943,0.26852943,2134993
1738789200000000,DOGEUSDT,5m,0.26852943,0.26922876,0.26817455,0.26817455,1879609
1738789500000000,DOGEUSDT,5m,0.26817455,0.26848686,0.26735215,0.26848686,1105102
1738789800000000,DOGEUSDT,5m,0.26848686,0.26872685,0.26783992,0.26787123,764122
1738790100000000,DOGEUSDT,5m,0.26787123,0.26937384,0.26656688,0.26656688,7636859
1738790400000000,DOGEUSDT,5m,0.26656688,0.2668459,0.2658745,0.26633953,1131539
1738790700000000,DOGEUSDT,5m,0.26633953,0.26676324,0.26588482,0.26664956,991090
1738791000000000,DOGEUSDT,5m,0.26664956,0.26809976,0.26648383,0.26802725,3207684
1738791300000000,DOGEUSDT,5m,0.26802725,0.26859699,0.26741607,0.26746787,1490677
1738791600000000,DOGEUSDT,5m,0.26746787,0.26839632,0.26639498,0.26839632,897394
1738791900000000,DOGEUSDT,5m,0.26839632,0.26839632,0.26777302,0.26804312,837800
1738792200000000,DOGEUSDT,5m,0.26804312,0.26830284,0.26737823,0.26830284,671016
1738792500000000,DOGEUSDT,5m,0.26830284,0.2685943,0.26699125,0.26782401,2706753
1738792800000000,DOGEUSDT,5m,0.26782401,0.26787605,0.26592949,0.26685593,4073661
1738793100000000,DOGEUSDT,5m,0.26685593,0.26725147,0.2664812,0.26699125,1872239
1738793400000000,DOGEUSDT,5m,0.26699125,0.26861512,0.2653882,0.2653882,2689448
1738793700000000,DOGEUSDT,5m,0.2653882,0.26710582,0.26334145,0.26710582,5027369
1738794000000000,DOGEUSDT,5m,0.26710582,0.26711624,0.26550139,0.26602231,1698065
1738794300000000,DOGEUSDT,5m,0.26602231,0.26670995,0.26588687,0.26591812,1303978
1738794600000000,DOGEUSDT,5m,0.26591812,0.26711633,0.26544926,0.26544926,1422551
1738794900000000,DOGEUSDT,5m,0.26544926,0.26696504,0.26300947,0.26696504,6636565
1738795200000000,DOGEUSDT,5m,0.26696504,0.26767914,0.26696504,0.26717507,1921649
1738795500000000,DOGEUSDT,5m,0.26717507,0.2681832,0.26700705,0.2681517,1118460
1738795800000000,DOGEUSDT,5m,0.2681517,0.26834072,0.26805718,0.26805718,468854
1738796100000000,DOGEUSDT,5m,0.26805718,0.26806769,0.26677597,0.26713303,5162605
1738796400000000,DOGEUSDT,5m,0.26713303,0.26857177,0.266944,0.26798367,3139538
1738796700000000,DOGEUSDT,5m,0.26798367,0.26927544,0.26697546,0.26697546,1551775
1738797000000000,DOGEUSDT,5m,0.26697546,0.26753831,0.26657939,0.26657939,3068410
1738797300000000,DOGEUSDT,5m,0.26657939,0.26657939,0.26584155,0.26634037,1256176
1738797600000000,DOGEUSDT,5m,0.26634037,0.26704704,0.26595586,0.26657939,680976
1738797900000000,DOGEUSDT,5m,0.26657939,0.26819017,0.26490625,0.26819017,1013871
1738798200000000,DOGEUSDT,5m,0.26819017,0.26834795,0.2671278,0.26829536,2717405
1738798500000000,DOGEUSDT,5m,0.26829536,0.26950498,0.26810602,0.26891595,4055063
1738798800000000,DOGEUSDT,5m,0.26891595,0.26950501,0.26842156,0.26842156,1762474
1738799100000000,DOGEUSDT,5m,0.26842156,0.26884077,0.26813859,0.26830628,958668
1738799400000000,DOGEUSDT,5m,0.26830628,0.26862043,0.26776175,0.2682225,1240472
1738799700000000,DOGEUSDT,5m,0.2682225,0.26844227,0.2678039,0.26810739,1336532
1738800000000000,DOGEUSDT,5m,0.26810739,0.27023198,0.26781434,0.27006453,6194819
1738800300000000,DOGEUSDT,5m,0.27006453,0.27087044,0.26891322,0.27087044,4023696
1738800600000000,DOGEUSDT,5m,0.27087044,0.27176537,0.27064934,0.27130211,2251358
1738800900000000,DOGEUSDT,5m,0.27130211,0.27175485,0.2708178,0.27128106,2043884
1738801200000000,DOGEUSDT,5m,0.27128106,0.27236546,0.27093362,0.27093362,3328178
1738801500000000,DOGEUSDT,5m,0.27093362,0.27138518,0.27027204,0.27138518,1135927
1738801800000000,DOGEUSDT,5m,0.27138518,0.27169074,0.27087943,0.27138518,1934396
1738802100000000,DOGEUSDT,5m,0.27138518,0.27219648,0.27130089,0.27139572,1960944
1738802400000000,DOGEUSDT,5m,0.27139572,0.27148001,0.2709848,0.2714484,1135001
1738802700000000,DOGEUSDT,5m,0.2714484,0.27156434,0.27026791,0.27038385,1760227
1738803000000000,DOGEUSDT,5m,0.27038385,0.27074222,0.27000441,0.27022575,692525
1738803300000000,DOGEUSDT,5m,0.27022575,0.2704998,0.27012035,0.27029954,685678
1738803600000000,DOGEUSDT,5m,0.27029954,0.27035224,0.26868691,0.26962497,7724385
1738803900000000,DOGEUSDT,5m,0.26962497,0.27189108,0.26943525,0.27183838,1683688
1738804200000000,DOGEUSDT,5m,0.27183838,0.27222838,0.27154325,0.2721546,1435657
1738804500000000,DOGEUSDT,5m,0.2721546,0.27217568,0.27160647,0.27185945,2989565
1738804800000000,DOGEUSDT,5m,0.27185945,0.27398871,0.2704786,0.2704786,4963657
1738805100000000,DOGEUSDT,5m,0.2704786,0.27111512,0.26984208,0.27111512,682260
1738805400000000,DOGEUSDT,5m,0.27111512,0.27117802,0.26986748,0.27056993,1608012
1738805700000000,DOGEUSDT,5m,0.27056993,0.27073768,0.26906018,0.26955295,3010512
1738806000000000,DOGEUSDT,5m,0.26955295,0.2701401,0.26921744,0.26929083,1394965
1738806300000000,DOGEUSDT,5m,0.26929083,0.27017158,0.26887142,0.26908113,1272881
1738806600000000,DOGEUSDT,5m,0.26908113,0.26965693,0.26851578,0.26851578,889937
1738806900000000,DOGEUSDT,5m,0.26851578,0.26907873,0.26819261,0.26819261,1086301
1738807200000000,DOGEUSDT,5m,0.26819261,0.26912864,0.26741259,0.26741259,1982533
1738807500000000,DOGEUSDT,5m,0.26741259,0.26795027,0.26696797,0.26751599,3801767
1738807800000000,DOGEUSDT,5m,0.26751599,0.26812607,0.26731952,0.26806403,2057602
1738808100000000,DOGEUSDT,5m,0.26806403,0.2688499,0.26760905,0.26786756,6472833
1738808400000000,DOGEUSDT,5m,0.26786756,0.2686729,0.26771269,0.26797081,2511913
1738808700000000,DOGEUSDT,5m,0.26797081,0.26848705,0.26768171,0.26768171,3346591
1738809000000000,DOGEUSDT,5m,0.26768171,0.26820826,0.26725841,0.26737198,1200260
1738809300000000,DOGEUSDT,5m,0.26737198,0.26748529,0.26674365,0.26680545,1167167
1738809600000000,DOGEUSDT,5m,0.26680545,0.26714537,0.26639343,0.26695996,1471405
1738809900000000,DOGEUSDT,5m,0.26695996,0.26700116,0.26623892,0.26659944,1247745
1738810200000000,DOGEUSDT,5m,0.26659944,0.26693936,0.26647583,0.26671274,741604
1738810500000000,DOGEUSDT,5m,0.26671274,0.26693936,0.26641403,0.26676425,371976
1738810800000000,DOGEUSDT,5m,0.26676425,0.26689821,0.26614595,0.26679516,1373276
1738811100000000,DOGEUSDT,5m,0.26679516,0.26743404,0.26583684,0.26743404,2221278
1738811400000000,DOGEUSDT,5m,0.26743404,0.26774466,0.26707165,0.26774466,1893008
1738811700000000,DOGEUSDT,5m,0.26774466,0.26826359,0.26745407,0.2680664,1118604
1738812000000000,DOGEUSDT,5m,0.2680664,0.26878249,0.26769279,0.26769279,621313
1738812300000000,DOGEUSDT,5m,0.26769279,0.2680136,0.26733058,0.26747546,1953267
1738812600000000,DOGEUSDT,5m,0.26747546,0.26825036,0.26744447,0.26790941,910396
1738812900000000,DOGEUSDT,5m,0.26790941,0.26859132,0.26788874,0.26856032,1903783
1738813200000000,DOGEUSDT,5m,0.26856032,0.26906659,0.26846734,0.26889095,2049839
1738813500000000,DOGEUSDT,5m,0.26889095,0.26889095,0.26821939,0.26860166,1699115
1738813800000000,DOGEUSDT,5m,0.26860166,0.26894261,0.26837437,0.268581,2698224
1738814100000000,DOGEUSDT,5m,0.268581,0.26877726,0.26837441,0.26863265,703894
1738814400000000,DOGEUSDT,5m,0.26863265,0.269387,0.26848798,0.26853965,1842698
1738814700000000,DOGEUSDT,5m,0.26853965,0.26858095,0.26792006,0.26809561,721329
1738815000000000,DOGEUSDT,5m,0.26809561,0.26897332,0.26800267,0.26897332,1356221
1738815300000000,DOGEUSDT,5m,0.26897332,0.27043968,0.26873581,0.27010923,7408956
1738815600000000,DOGEUSDT,5m,0.27010923,0.2707598,0.26988205,0.27029511,5927439
1738815900000000,DOGEUSDT,5m,0.27029511,0.27042935,0.2697375,0.27032609,1444457
1738816200000000,DOGEUSDT,5m,0.27032609,0.27032609,0.26948949,0.26966507,2361875
1738816500000000,DOGEUSDT,5m,0.26966507,0.27009886,0.2693862,0.2693862,838606
1738816800000000,DOGEUSDT,5m,0.2693862,0.26962327,0.26908728,0.26941712,711373
1738817100000000,DOGEUSDT,5m,0.26941712,0.26946867,0.2688707,0.26920062,857620
1738817400000000,DOGEUSDT,5m,0.26920062,0.26942743,0.26903566,0.26903566,768957
1738817700000000,DOGEUSDT,5m,0.26903566,0.26923131,0.26853109,0.26923131,936109
1738818000000000,DOGEUSDT,5m,0.26923131,0.27004597,0.26921068,0.26977785,2408538
1738818300000000,DOGEUSDT,5m,0.26977785,0.26999442,0.26956129,0.26999442,818972
1738818600000000,DOGEUSDT,5m,0.26999442,0.27070713,0.26961224,0.26961224,2041248
1738818900000000,DOGEUSDT,5m,0.26961224,0.26990064,0.26889124,0.26990064,709478
1738819200000000,DOGEUSDT,5m,0.26990064,0.27034447,0.26971485,0.27007611,1280058
1738819500000000,DOGEUSDT,5m,0.27007611,0.27062386,0.26998309,0.27061353,1429688
1738819800000000,DOGEUSDT,5m,0.27061353,0.27065487,0.2698591,0.26992111,4581198
1738820100000000,DOGEUSDT,5m,0.26992111,0.27139897,0.26976609,0.27139897,2282720
1738820400000000,DOGEUSDT,5m,0.27139897,0.27196737,0.27115093,0.27119227,5921796
1738820700000000,DOGEUSDT,5m,0.27119227,0.27163666,0.27082022,0.27096491,1432342
1738821000000000,DOGEUSDT,5m,0.27096491,0.27115094,0.27077888,0.27115094,523485
1738821300000000,DOGEUSDT,5m,0.27115094,0.27144032,0.27096491,0.27098558,888136
1738821600000000,DOGEUSDT,5m,0.27098558,0.27174004,0.27020011,0.27021045,1308146
1738821900000000,DOGEUSDT,5m,0.27021045,0.27117161,0.26940431,0.26940431,1273415
1738822200000000,DOGEUSDT,5m,0.26940431,0.27009262,0.26932213,0.2697536,3070477
1738822500000000,DOGEUSDT,5m,0.2697536,0.27133561,0.26957896,0.27105825,3387964
1738822800000000,DOGEUSDT,5m,0.27105825,0.27140754,0.27078087,0.27078087,2572521
1738823100000000,DOGEUSDT,5m,0.27078087,0.27080138,0.26979662,0.26985814,8688939
1738823400000000,DOGEUSDT,5m,0.26985814,0.2710987,0.26985814,0.27066809,1402853
1738823700000000,DOGEUSDT,5m,0.27066809,0.27213421,0.27065784,0.27190866,3537156
1738824000000000,DOGEUSDT,5m,0.27190866,0.27203169,0.27145754,0.27200093,1976308
1738824300000000,DOGEUSDT,5m,0.27200093,0.27201119,0.27145719,0.27172393,1791786
1738824600000000,DOGEUSDT,5m,0.27172393,0.272083,0.27139564,0.27207274,1424922
1738824900000000,DOGEUSDT,5m,0.27207274,0.27285244,0.27157004,0.27157004,2768985
1738825200000000,DOGEUSDT,5m,0.27157004,0.27157004,0.27041504,0.27053769,1816037
1738825500000000,DOGEUSDT,5m,0.27053769,0.27124294,0.26964847,0.27124294,3291174
1738825800000000,DOGEUSDT,5m,0.27124294,0.27143816,0.27089359,0.27143816,2622142
1738826100000000,DOGEUSDT,5m,0.27143816,0.27209671,0.27143816,0.27161308,3717613
1738826400000000,DOGEUSDT,5m,0.27161308,0.27182916,0.27112948,0.27153077,6550569
1738826700000000,DOGEUSDT,5m,0.27153077,0.27205522,0.27094462,0.27205522,1796766
1738827000000000,DOGEUSDT,5m,0.27205522,0.27258168,0.27150811,0.27184876,2482246
1738827300000000,DOGEUSDT,5m,0.27184876,0.27222038,0.27174554,0.27208619,1921962
1738827600000000,DOGEUSDT,5m,0.27208619,0.27255071,0.27121908,0.27255071,3494402
1738827900000000,DOGEUSDT,5m,0.27255071,0.27298576,0.27221924,0.27287182,2036420
1738828200000000,DOGEUSDT,5m,0.27287182,0.27310024,0.27228,0.27291335,2534590
1738828500000000,DOGEUSDT,5m,0.27291335,0.27347422,0.27248751,0.27248751,2812146
1738828800000000,DOGEUSDT,5m,0.27248751,0.27332618,0.27146246,0.27332618,2605180
1738829100000000,DOGEUSDT,5m,0.27332618,0.27484715,0.27332618,0.2745763,3012433
1738829400000000,DOGEUSDT,5m,0.2745763,0.27469089,0.2741179,0.27430543,1304144
1738829700000000,DOGEUSDT,5m,0.27430543,0.27479507,0.2742325,0.27477424,1197369
1738830000000000,DOGEUSDT,5m,0.27477424,0.27521181,0.27427415,0.27521181,837442
1738830300000000,DOGEUSDT,5m,0.27521181,0.27548356,0.2749087,0.27548356,590629
1738830600000000,DOGEUSDT,5m,0.27548356,0.27580821,0.27484473,0.27484473,1507136
1738830900000000,DOGEUSDT,5m,0.27484473,0.27517985,0.27438393,0.27509607,2471113
1738831200000000,DOGEUSDT,5m,0.27509607,0.27548358,0.27464573,0.27548358,1054192
1738831500000000,DOGEUSDT,5m,0.27548358,0.27590368,0.27504247,0.27588267,2116508
1738831800000000,DOGEUSDT,5m,0.27588267,0.27610322,0.27557811,0.27604021,893751
1738832100000000,DOGEUSDT,5m,0.27604021,0.2764603,0.27542058,0.2764603,778853
1738832400000000,DOGEUSDT,5m,0.2764603,0.27699756,0.27585982,0.27675527,2145609
1738832700000000,DOGEUSDT,5m,0.27675527,0.2771556,0.27635494,0.27644975,1918440
1738833000000000,DOGEUSDT,5m,0.27644975,0.27869919,0.27643924,0.27835231,4617919
1738833300000000,DOGEUSDT,5m,0.27835231,0.2786151,0.27734322,0.2777847,2865679
1738833600000000,DOGEUSDT,5m,0.2777847,0.27842589,0.27713299,0.27842589,2707297
1738833900000000,DOGEUSDT,5m,0.27842589,0.27866877,0.27813021,0.27813021,1245051
1738834200000000,DOGEUSDT,5m,0.27813021,0.27902785,0.27743322,0.27743322,2859673
1738834500000000,DOGEUSDT,5m,0.27743322,0.27789561,0.27705491,0.27761187,1428957
1738834800000000,DOGEUSDT,5m,0.27761187,0.27778023,0.27686478,0.27686478,1363585
1738835100000000,DOGEUSDT,5m,0.27686478,0.27752769,0.27641232,0.27641232,2034341
1738835400000000,DOGEUSDT,5m,0.27641232,0.27711502,0.27638086,0.27681087,1486511
1738835700000000,DOGEUSDT,5m,0.27681087,0.27764994,0.27630742,0.27630742,1195270
1738836000000000,DOGEUSDT,5m,0.27630742,0.27653734,0.27587894,0.27627607,5563696
1738836300000000,DOGEUSDT,5m,0.27627607,0.27687176,0.27568038,0.27568038,6577570
1738836600000000,DOGEUSDT,5m,0.27568038,0.27568038,0.27507687,0.27522254,2392517
1738836900000000,DOGEUSDT,5m,0.27522254,0.27530578,0.27458784,0.27485837,1367310
1738837200000000,DOGEUSDT,5m,0.27485837,0.27523295,0.27453581,0.27459824,861177
1738837500000000,DOGEUSDT,5m,0.27459824,0.27526414,0.27452541,0.27476471,876134
1738837800000000,DOGEUSDT,5m,0.27476471,0.27524331,0.27446299,0.27502482,1447124
1738838100000000,DOGEUSDT,5m,0.27502482,0.27643205,0.27352377,0.27643205,2477774
1738838400000000,DOGEUSDT,5m,0.27643205,0.27692699,0.27605294,0.27609507,1546852
1738838700000000,DOGEUSDT,5m,0.27609507,0.2767254,0.27548575,0.27548575,1772678
1738839000000000,DOGEUSDT,5m,0.27548575,0.27601919,0.27526609,0.27559034,1971539
1738839300000000,DOGEUSDT,5m,0.27559034,0.27598811,0.27525538,0.27590437,1096240
1738839600000000,DOGEUSDT,5m,0.27590437,0.27668947,0.27473196,0.27668947,1983526
1738839900000000,DOGEUSDT,5m,0.27668947,0.27717374,0.27660525,0.27673158,590991
1738840200000000,DOGEUSDT,5m,0.27673158,0.27707899,0.27593147,0.27707899,1727624
1738840500000000,DOGEUSDT,5m,0.27707899,0.27823991,0.27536928,0.27823991,6885950
1738840800000000,DOGEUSDT,5m,0.27823991,0.27844211,0.27739918,0.27780358,3068199
1738841100000000,DOGEUSDT,5m,0.27780358,0.27826118,0.27730342,0.27796321,3315604
1738841400000000,DOGEUSDT,5m,0.27796321,0.27808027,0.27642015,0.27677133,3738276
1738841700000000,DOGEUSDT,5m,0.27677133,0.27820797,0.27662234,0.27767588,2274614
1738842000000000,DOGEUSDT,5m,0.27767588,0.27893166,0.27652652,0.27652652,6729739
1738842300000000,DOGEUSDT,5m,0.27652652,0.27823634,0.27524943,0.27524943,2211718
1738842600000000,DOGEUSDT,5m,0.27524943,0.275605,0.27508211,0.2752076,2547748
1738842900000000,DOGEUSDT,5m,0.2752076,0.27581395,0.27439217,0.27581395,1739230
1738843200000000,DOGEUSDT,5m,0.27581395,0.27647547,0.27576145,0.27617096,1436481
1738843500000000,DOGEUSDT,5m,0.27617096,0.27646498,0.27441733,0.27452234,1710280
1738843800000000,DOGEUSDT,5m,0.27452234,0.2753939,0.27392379,0.27392379,2394302
1738844100000000,DOGEUSDT,5m,0.27392379,0.27392379,0.27265868,0.27276323,6684357
1738844400000000,DOGEUSDT,5m,0.27276323,0.27320236,0.27248093,0.27249139,1414794
1738844700000000,DOGEUSDT,5m,0.27249139,0.27340102,0.27198952,0.27198952,2368940
1738845000000000,DOGEUSDT,5m,0.27198952,0.27491661,0.26894786,0.27491661,8676924
1738845300000000,DOGEUSDT,5m,0.27491661,0.27663018,0.27326689,0.27326689,6662685
1738845600000000,DOGEUSDT,5m,0.27326689,0.27374011,0.27302503,0.27315122,3427124
1738845900000000,DOGEUSDT,5m,0.27315122,0.27356098,0.27231069,0.2724893,2590589
1738846200000000,DOGEUSDT,5m,0.2724893,0.27340338,0.27213208,0.27318274,1697729
1738846500000000,DOGEUSDT,5m,0.27318274,0.27406526,0.27192199,0.27406526,2936725
1738846800000000,DOGEUSDT,5m,0.27406526,0.27533418,0.27344138,0.27344138,3440708
1738847100000000,DOGEUSDT,5m,0.27344138,0.27393613,0.2732519,0.2734519,3963354
1738847400000000,DOGEUSDT,5m,0.2734519,0.27405197,0.27286236,0.27286236,3595991
1738847700000000,DOGEUSDT,5m,0.27286236,0.27327115,0.27235924,0.27319778,4629241
1738848000000000,DOGEUSDT,5m,0.27319778,0.27358656,0.27288255,0.27298763,2275483
1738848300000000,DOGEUSDT,5m,0.27298763,0.27388077,0.27265138,0.27290357,1486680
1738848600000000,DOGEUSDT,5m,0.27290357,0.27574938,0.27092935,0.27092935,6713656
1738848900000000,DOGEUSDT,5m,0.27092935,0.27119847,0.26995639,0.27119847,3673501
1738849200000000,DOGEUSDT,5m,0.27119847,0.27204892,0.27001615,0.27204892,3008724
1738849500000000,DOGEUSDT,5m,0.27204892,0.27277947,0.27133923,0.27234114,15369788
1738849800000000,DOGEUSDT,5m,0.27234114,0.27372172,0.27205875,0.27372172,8245624
1738850100000000,DOGEUSDT,5m,0.27372172,0.27431788,0.27350208,0.27383677,5818141
1738850400000000,DOGEUSDT,5m,0.27383677,0.27444339,0.27308373,0.27309418,7730074
1738850700000000,DOGEUSDT,5m,0.27309418,0.27320924,0.27153574,0.27252938,3148886
1738851000000000,DOGEUSDT,5m,0.27252938,0.27269672,0.27201689,0.27269672,1732241
1738851300000000,DOGEUSDT,5m,0.27269672,0.27494825,0.26972261,0.27494825,8941243
1738851600000000,DOGEUSDT,5m,0.27494825,0.27552317,0.27490566,0.27490566,3036197
1738851900000000,DOGEUSDT,5m,0.27490566,0.27594871,0.27487373,0.27586356,2722541
1738852200000000,DOGEUSDT,5m,0.27586356,0.27667242,0.27364984,0.27523563,6965387
1738852500000000,DOGEUSDT,5m,0.27523563,0.27546871,0.27312732,0.27344515,4240336
1738852800000000,DOGEUSDT,5m,0.27344515,0.27378418,0.27083889,0.27209965,11081124
1738853100000000,DOGEUSDT,5m,0.27209965,0.27305312,0.2714534,0.2714534,4537110
1738853400000000,DOGEUSDT,5m,0.2714534,0.27325634,0.26909166,0.27325634,6901875
1738853700000000,DOGEUSDT,5m,0.27325634,0.27419658,0.27277554,0.27322429,2903378
1738854000000000,DOGEUSDT,5m,0.27322429,0.27406837,0.27245501,0.27351277,5941520
1738854300000000,DOGEUSDT,5m,0.27351277,0.27463697,0.27245281,0.27439072,6814518
1738854600000000,DOGEUSDT,5m,0.27439072,0.27448708,0.27338425,0.27404809,5524277
1738854900000000,DOGEUSDT,5m,0.27404809,0.27522587,0.27078243,0.27522587,15715064
1738855200000000,DOGEUSDT,5m,0.27522587,0.27523667,0.27304446,0.2737572,11801252
1738855500000000,DOGEUSDT,5m,0.2737572,0.27454534,0.27322817,0.27361684,9481967
1738855800000000,DOGEUSDT,5m,0.27361684,0.27369242,0.2693738,0.27117682,40930582
1738856100000000,DOGEUSDT,5m,0.27117682,0.27233201,0.26892043,0.27233201,27987761
1738856400000000,DOGEUSDT,5m,0.27233201,0.27329019,0.27003454,0.27329019,29091879
1738856700000000,DOGEUSDT,5m,0.27329019,0.27388235,0.27219361,0.27295025,18626786
1738857000000000,DOGEUSDT,5m,0.27295025,0.27384722,0.27062034,0.27384722,16343042
1738857300000000,DOGEUSDT,5m,0.27384722,0.27470602,0.27324165,0.27443076,8327839
1738857600000000,DOGEUSDT,5m,0.27443076,0.27590619,0.27352788,0.27352788,12329022
1738857900000000,DOGEUSDT,5m,0.27352788,0.27423888,0.27292627,0.27315597,8476924
1738858200000000,DOGEUSDT,5m,0.27315597,0.27396322,0.27240327,0.27373414,13081823
1738858500000000,DOGEUSDT,5m,0.27373414,0.27386505,0.27045046,0.27045046,10694585
1738858800000000,DOGEUSDT,5m,0.27045046,0.27132317,0.26961049,0.27004684,15180469
1738859100000000,DOGEUSDT,5m,0.27004684,0.27067769,0.26936161,0.27067769,7796944
1738859400000000,DOGEUSDT,5m,0.27067769,0.27159565,0.26959581,0.27130059,11361021
1738859700000000,DOGEUSDT,5m,0.27130059,0.27233257,0.27094928,0.2716519,13343378
1738860000000000,DOGEUSDT,5m,0.2716519,0.27205811,0.27083949,0.27187147,6672282
1738860300000000,DOGEUSDT,5m,0.27187147,0.2730921,0.27062884,0.27242131,17541995
1738860600000000,DOGEUSDT,5m,0.27242131,0.2724543,0.27043082,0.27087071,8608315
1738860900000000,DOGEUSDT,5m,0.27087071,0.27182742,0.2705628,0.27178343,7840337
1738861200000000,DOGEUSDT,5m,0.27178343,0.2729051,0.27007895,0.27248722,8866920
1738861500000000,DOGEUSDT,5m,0.27248722,0.27316905,0.27200335,0.2725642,4770893
1738861800000000,DOGEUSDT,5m,0.2725642,0.27283929,0.27185999,0.27242116,2850656
1738862100000000,DOGEUSDT,5m,0.27242116,0.27324551,0.27148689,0.2718606,2714209
1738862400000000,DOGEUSDT,5m,0.2718606,0.27368517,0.27180564,0.27366318,5881659
1738862700000000,DOGEUSDT,5m,0.27366318,0.27433366,0.27292676,0.27422374,5851130
1738863000000000,DOGEUSDT,5m,0.27422374,0.2747623,0.27347636,0.27461942,5970263
1738863300000000,DOGEUSDT,5m,0.27461942,0.27749634,0.27228261,0.27228261,9102109
1738863600000000,DOGEUSDT,5m,0.27228261,0.2723693,0.27028874,0.27057048,5814373
1738863900000000,DOGEUSDT,5m,0.27057048,0.27060299,0.26979027,0.27021288,3330141
1738864200000000,DOGEUSDT,5m,0.27021288,0.27076551,0.27002867,0.27010452,2987373
1738864500000000,DOGEUSDT,5m,0.27010452,0.27010452,0.26928166,0.26929249,1682062
1738864800000000,DOGEUSDT,5m,0.26929249,0.26967145,0.26728939,0.26919504,9461232
1738865100000000,DOGEUSDT,5m,0.26919504,0.26963863,0.26847015,0.26963863,4344183
1738865400000000,DOGEUSDT,5m,0.26963863,0.27077836,0.26828181,0.27077836,9400778
1738865700000000,DOGEUSDT,5m,0.27077836,0.2716541,0.27007777,0.27142422,9180019
1738866000000000,DOGEUSDT,5m,0.27142422,0.27217957,0.27118338,0.27118338,3034238
1738866300000000,DOGEUSDT,5m,0.27118338,0.27181722,0.27032005,0.27181722,4633466
1738866600000000,DOGEUSDT,5m,0.27181722,0.2726077,0.26983003,0.27200386,12072795
1738866900000000,DOGEUSDT,5m,0.27200386,0.27257479,0.27024716,0.27041185,4644137
1738867200000000,DOGEUSDT,5m,0.27041185,0.27085102,0.26991777,0.27085102,4587123
1738867500000000,DOGEUSDT,5m,0.27085102,0.27142383,0.27021212,0.27135774,3266659
1738867800000000,DOGEUSDT,5m,0.27135774,0.27183141,0.27046548,0.27183141,2017959
1738868100000000,DOGEUSDT,5m,0.27183141,0.27217413,0.27086958,0.27095803,2111598
1738868400000000,DOGEUSDT,5m,0.27095803,0.27158821,0.26837095,0.27032784,21650005
1738868700000000,DOGEUSDT,5m,0.27032784,0.27073501,0.26907332,0.27008574,3500251
1738869000000000,DOGEUSDT,5m,0.27008574,0.2721546,0.27001971,0.27164839,2620024
1738869300000000,DOGEUSDT,5m,0.27164839,0.2735852,0.27149433,0.27225365,6351658
1738869600000000,DOGEUSDT,5m,0.27225365,0.27336515,0.27205556,0.27288093,3249463
1738869900000000,DOGEUSDT,5m,0.27288093,0.27417958,0.27150525,0.27417958,1697028
1738870200000000,DOGEUSDT,5m,0.27417958,0.2755462,0.27210187,0.2755462,4236745
1738870500000000,DOGEUSDT,5m,0.2755462,0.27578185,0.27433427,0.27499634,3291765
1738870800000000,DOGEUSDT,5m,0.27499634,0.27590533,0.27455868,0.27556867,1441947
1738871100000000,DOGEUSDT,5m,0.27556867,0.27570334,0.2730436,0.27401996,6549051
1738871400000000,DOGEUSDT,5m,0.27401996,0.27460356,0.27304356,0.27372816,3191324
1738871700000000,DOGEUSDT,5m,0.27372816,0.27433291,0.27287703,0.27433291,2267811
1738872000000000,DOGEUSDT,5m,0.27433291,0.27595273,0.27372549,0.27541279,4244485
1738872300000000,DOGEUSDT,5m,0.27541279,0.2761777,0.27472662,0.27472662,1905129
1738872600000000,DOGEUSDT,5m,0.27472662,0.27620406,0.27470423,0.27602498,2654127
1738872900000000,DOGEUSDT,5m,0.27602498,0.27657343,0.27511837,0.27653985,2706099
1738873200000000,DOGEUSDT,5m,0.27653985,0.27768582,0.27633762,0.2769106,3068458
1738873500000000,DOGEUSDT,5m,0.2769106,0.27764088,0.27644997,0.27730383,1790456
1738873800000000,DOGEUSDT,5m,0.27730383,0.27921387,0.27586569,0.27586569,3118326
1738874100000000,DOGEUSDT,5m,0.27586569,0.27656622,0.2753653,0.27625487,3113568
1738874400000000,DOGEUSDT,5m,0.27625487,0.27665518,0.27546538,0.27562105,1689510
1738874700000000,DOGEUSDT,5m,0.27562105,0.27872342,0.27526523,0.277011,6570381
1738875000000000,DOGEUSDT,5m,0.277011,0.2773557,0.27636609,0.27694429,2855077
1738875300000000,DOGEUSDT,5m,0.27694429,0.27848979,0.27542103,0.27542103,5714853
1738875600000000,DOGEUSDT,5m,0.27542103,0.27548701,0.27417836,0.2747612,5341479
1738875900000000,DOGEUSDT,5m,0.2747612,0.27545402,0.27422235,0.27488217,3268776
1738876200000000,DOGEUSDT,5m,0.27488217,0.27512433,0.27397958,0.2740016,2544692
1738876500000000,DOGEUSDT,5m,0.2740016,0.27439784,0.27243864,0.27292294,6193814
1738876800000000,DOGEUSDT,5m,0.27292294,0.27327514,0.27225155,0.27287891,3327086
1738877100000000,DOGEUSDT,5m,0.27287891,0.27308796,0.27241682,0.27248283,993350
1738877400000000,DOGEUSDT,5m,0.27248283,0.27248283,0.27070046,0.27236181,4011468
1738877700000000,DOGEUSDT,5m,0.27236181,0.27353905,0.2718667,0.2718667,5314807
1738878000000000,DOGEUSDT,5m,0.2718667,0.27231614,0.27154881,0.27154881,1330836
1738878300000000,DOGEUSDT,5m,0.27154881,0.27204094,0.27099105,0.27196439,2029109
1738878600000000,DOGEUSDT,5m,0.27196439,0.27243611,0.27163528,0.27171207,1570030
1738878900000000,DOGEUSDT,5m,0.27171207,0.27353306,0.2717011,0.27290778,3262294
1738879200000000,DOGEUSDT,5m,0.27290778,0.27364273,0.27159145,0.27364273,2331471
1738879500000000,DOGEUSDT,5m,0.27364273,0.27423826,0.27250683,0.27423826,1920182
1738879800000000,DOGEUSDT,5m,0.27423826,0.27562279,0.27234421,0.27562279,7761515
1738880100000000,DOGEUSDT,5m,0.27562279,0.27715559,0.27497387,0.27497387,3715365
1738880400000000,DOGEUSDT,5m,0.27497387,0.27574227,0.27443934,0.27560864,4008903
1738880700000000,DOGEUSDT,5m,0.27560864,0.27658866,0.27505181,0.27652184,3987446
1738881000000000,DOGEUSDT,5m,0.27652184,0.27663321,0.27548609,0.27643274,1951011
1738881300000000,DOGEUSDT,5m,0.27643274,0.27799099,0.27531971,0.27531971,3603146
1738881600000000,DOGEUSDT,5m,0.27531971,0.27579447,0.27508785,0.27540804,5145048
1738881900000000,DOGEUSDT,5m,0.27540804,0.27556261,0.27505472,0.27556261,1052440
1738882200000000,DOGEUSDT,5m,0.27556261,0.27640271,0.27472251,0.27472251,2475837
1738882500000000,DOGEUSDT,5m,0.27472251,0.2755905,0.27444784,0.27444784,5294022
1738882800000000,DOGEUSDT,5m,0.27444784,0.27467811,0.27365831,0.27440397,4047405
1738883100000000,DOGEUSDT,5m,0.27440397,0.27476584,0.27380086,0.27448073,4886886
1738883400000000,DOGEUSDT,5m,0.27448073,0.27482087,0.27371268,0.27376754,4282959
1738883700000000,DOGEUSDT,5m,0.27376754,0.27429416,0.27331772,0.27331772,3514440
1738884000000000,DOGEUSDT,5m,0.27331772,0.27354735,0.2725304,0.27258508,2543168
1738884300000000,DOGEUSDT,5m,0.27258508,0.27258508,0.27169935,0.27169935,2137794
1738884600000000,DOGEUSDT,5m,0.27169935,0.27203833,0.27109793,0.27126195,2882402
1738884900000000,DOGEUSDT,5m,0.27126195,0.27163374,0.27074801,0.27097765,2727152
1738885200000000,DOGEUSDT,5m,0.27097765,0.27219147,0.26916238,0.27219147,10655726
1738885500000000,DOGEUSDT,5m,0.27219147,0.27287559,0.27192665,0.27200389,2557955
1738885800000000,DOGEUSDT,5m,0.27200389,0.27323807,0.27180554,0.27313889,2045261
1738886100000000,DOGEUSDT,5m,0.27313889,0.2734915,0.27295157,0.27314991,1761489
1738886400000000,DOGEUSDT,5m,0.27314991,0.27602598,0.27106724,0.27106724,6859648
1738886700000000,DOGEUSDT,5m,0.27106724,0.27213084,0.27102382,0.27142539,4466829
1738887000000000,DOGEUSDT,5m,0.27142539,0.27175099,0.27120832,0.27125173,1082693
1738887300000000,DOGEUSDT,5m,0.27125173,0.27155563,0.27073076,0.27150136,1778740
1738887600000000,DOGEUSDT,5m,0.27150136,0.27391529,0.27149049,0.2732955,4399049
1738887900000000,DOGEUSDT,5m,0.2732955,0.27368696,0.27262131,0.2727083,2112532
1738888200000000,DOGEUSDT,5m,0.2727083,0.2734912,0.2723386,0.27287141,1897303
1738888500000000,DOGEUSDT,5m,0.27287141,0.27353551,0.2718698,0.27353551,1255779
1738888800000000,DOGEUSDT,5m,0.27353551,0.2745967,0.2724415,0.2745967,2140870
1738889100000000,DOGEUSDT,5m,0.2745967,0.27531335,0.27353827,0.27531335,7675130
1738889400000000,DOGEUSDT,5m,0.27531335,0.27560151,0.2746927,0.27542418,1654733
1738889700000000,DOGEUSDT,5m,0.27542418,0.27613346,0.27510278,0.2756015,2814799
1738890000000000,DOGEUSDT,5m,0.2756015,0.27705332,0.27554609,0.27693141,1800147
1738890300000000,DOGEUSDT,5m,0.27693141,0.27817266,0.27651027,0.27651027,2046886
1738890600000000,DOGEUSDT,5m,0.27651027,0.2773831,0.2759689,0.2759689,2131247
1738890900000000,DOGEUSDT,5m,0.2759689,0.27599091,0.27518752,0.27564974,953829
1738891200000000,DOGEUSDT,5m,0.27564974,0.27672822,0.27544065,0.27639807,1126893
1738891500000000,DOGEUSDT,5m,0.27639807,0.2771464,0.27515452,0.2771464,2500458
1738891800000000,DOGEUSDT,5m,0.2771464,0.27732344,0.27561949,0.27626123,2030234
1738892100000000,DOGEUSDT,5m,0.27626123,0.27772176,0.27617272,0.27725705,2230791
1738892400000000,DOGEUSDT,5m,0.27725705,0.27755579,0.27675914,0.27703576,834005
1738892700000000,DOGEUSDT,5m,0.27703576,0.27747765,0.27651653,0.27670433,1920265
1738893000000000,DOGEUSDT,5m,0.27670433,0.28094671,0.27264978,0.27264978,9026327
1738893300000000,DOGEUSDT,5m,0.27264978,0.27273561,0.27133009,0.271373,3991388
1738893600000000,DOGEUSDT,5m,0.271373,0.27271415,0.27108332,0.27201675,4430190
1738893900000000,DOGEUSDT,5m,0.27201675,0.27256392,0.27187728,0.27188801,3032961
1738894200000000,DOGEUSDT,5m,0.27188801,0.27266051,0.27100822,0.27266051,1636861
1738894500000000,DOGEUSDT,5m,0.27266051,0.27286552,0.27182969,0.27262814,2826067
1738894800000000,DOGEUSDT,5m,0.27262814,0.27346955,0.27234767,0.27234767,2593864
1738895100000000,DOGEUSDT,5m,0.27234767,0.27291825,0.27196011,0.2720247,1480960
1738895400000000,DOGEUSDT,5m,0.2720247,0.27278903,0.27163716,0.27255219,1751779
1738895700000000,DOGEUSDT,5m,0.27255219,0.27284285,0.27174481,0.27182016,1054849
1738896000000000,DOGEUSDT,5m,0.27182016,0.27189552,0.2714111,0.27174481,1136448
1738896300000000,DOGEUSDT,5m,0.27174481,0.27221844,0.27138959,0.27138959,1685000
1738896600000000,DOGEUSDT,5m,0.27138959,0.27205521,0.27098163,0.27119634,2201827
1738896900000000,DOGEUSDT,5m,0.27119634,0.2717224,0.27072397,0.27072397,1513191
1738897200000000,DOGEUSDT,5m,0.27072397,0.27130169,0.27015695,0.27018905,2940288
1738897500000000,DOGEUSDT,5m,0.27018905,0.27168683,0.2691406,0.2691406,3226969
1738897800000000,DOGEUSDT,5m,0.2691406,0.26958648,0.2687478,0.26950155,1790751
1738898100000000,DOGEUSDT,5m,0.26950155,0.26973573,0.26906512,0.26917157,1166748
1738898400000000,DOGEUSDT,5m,0.26917157,0.27004446,0.26828802,0.27004446,1990954
1738898700000000,DOGEUSDT,5m,0.27004446,0.27032305,0.26955158,0.27024804,2898882
1738899000000000,DOGEUSDT,5m,0.27024804,0.27024804,0.26917495,0.26957199,3492366
1738899300000000,DOGEUSDT,5m,0.26957199,0.26974369,0.26875644,0.26915349,2610081
1738899600000000,DOGEUSDT,5m,0.26915349,0.26933591,0.26859548,0.26933591,1170407
1738899900000000,DOGEUSDT,5m,0.26933591,0.26998062,0.2689276,0.2689276,1249441
1738900200000000,DOGEUSDT,5m,0.2689276,0.26955962,0.26838128,0.26838128,1288218
1738900500000000,DOGEUSDT,5m,0.26838128,0.26871201,0.26826393,0.26829593,764798
1738900800000000,DOGEUSDT,5m,0.26829593,0.26897827,0.26799741,0.26881835,1926702
1738901100000000,DOGEUSDT,5m,0.26881835,0.26973523,0.26862644,0.26949002,976806
1738901400000000,DOGEUSDT,5m,0.26949002,0.2696606,0.26934076,0.26958597,778617
1738901700000000,DOGEUSDT,5m,0.26958597,0.27009808,0.26934058,0.2700234,1495637
1738902000000000,DOGEUSDT,5m,0.2700234,0.27033282,0.26970332,0.27018344,1148924
1738902300000000,DOGEUSDT,5m,0.27018344,0.27024754,0.26945706,0.26972411,2190028
1738902600000000,DOGEUSDT,5m,0.26972411,0.2700873,0.2695532,0.26960661,1185055
1738902900000000,DOGEUSDT,5m,0.26960661,0.27032166,0.26943585,0.26943585,1007327
1738903200000000,DOGEUSDT,5m,0.26943585,0.26994812,0.26873147,0.26994812,1005860
1738903500000000,DOGEUSDT,5m,0.26994812,0.27024809,0.26931605,0.26944461,941092
1738903800000000,DOGEUSDT,5m,0.26944461,0.26972315,0.26931605,0.26964816,1390116
1738904100000000,DOGEUSDT,5m,0.26964816,0.2700124,0.26957317,0.26981957,1788301
1738904400000000,DOGEUSDT,5m,0.26981957,0.27047307,0.26980885,0.2702588,993299
1738904700000000,DOGEUSDT,5m,0.2702588,0.27046236,0.26919817,0.26935887,1463505
1738905000000000,DOGEUSDT,5m,0.26935887,0.26963743,0.26919816,0.26932673,1501857
1738905300000000,DOGEUSDT,5m,0.26932673,0.2697017,0.26921959,0.26929459,905329
1738905600000000,DOGEUSDT,5m,0.26929459,0.26929459,0.2673233,0.26800897,6122147
1738905900000000,DOGEUSDT,5m,0.26800897,0.26846963,0.26771971,0.26771971,1725600
1738906200000000,DOGEUSDT,5m,0.26771971,0.26867112,0.26744177,0.26848939,1107861
1738906500000000,DOGEUSDT,5m,0.26848939,0.26867112,0.26786937,0.26838249,751369
1738906800000000,DOGEUSDT,5m,0.26838249,0.26869251,0.26817937,0.26817937,1411898
1738907100000000,DOGEUSDT,5m,0.26817937,0.26828612,0.26736813,0.26794454,757147
1738907400000000,DOGEUSDT,5m,0.26794454,0.26817937,0.26734678,0.26777375,1989807
1738907700000000,DOGEUSDT,5m,0.26777375,0.26794454,0.26757094,0.26764566,824946
1738908000000000,DOGEUSDT,5m,0.26764566,0.26783761,0.26601413,0.26667528,3111985
1738908300000000,DOGEUSDT,5m,0.26667528,0.26692054,0.26609944,0.26692054,1736137
1738908600000000,DOGEUSDT,5m,0.26692054,0.26743333,0.26679234,0.26736923,845507
1738908900000000,DOGEUSDT,5m,0.26736923,0.26791408,0.26695259,0.26717694,2242119
1738909200000000,DOGEUSDT,5m,0.26717694,0.26718762,0.26558513,0.26608725,3197381
1738909500000000,DOGEUSDT,5m,0.26608725,0.26754011,0.26407888,0.26754011,4653801
1738909800000000,DOGEUSDT,5m,0.26754011,0.26835008,0.26695693,0.26806929,4626621
1738910100000000,DOGEUSDT,5m,0.26806929,0.26844876,0.26678993,0.26828613,8644855
1738910400000000,DOGEUSDT,5m,0.26828613,0.26856801,0.26729955,0.267679,6662295
1738910700000000,DOGEUSDT,5m,0.267679,0.26875228,0.26669246,0.26832947,11449077
1738911000000000,DOGEUSDT,5m,0.26832947,0.26927254,0.26753816,0.26753816,3145251
1738911300000000,DOGEUSDT,5m,0.26753816,0.26768902,0.26723644,0.26763514,2726715
1738911600000000,DOGEUSDT,5m,0.26763514,0.26858405,0.26761358,0.26824978,10606792
1738911900000000,DOGEUSDT,5m,0.26824978,0.26932808,0.2679155,0.26884285,5423862
1738912200000000,DOGEUSDT,5m,0.26884285,0.26937124,0.26861639,0.2689399,4091333
1738912500000000,DOGEUSDT,5m,0.2689399,0.2721449,0.26890752,0.27155138,10395722
1738912800000000,DOGEUSDT,5m,0.27155138,0.27184275,0.2702996,0.27083916,9090184
1738913100000000,DOGEUSDT,5m,0.27083916,0.27111974,0.27022403,0.27038591,3937848
1738913400000000,DOGEUSDT,5m,0.27038591,0.27074203,0.26992186,0.27024562,6105754
1738913700000000,DOGEUSDT,5m,0.27024562,0.27117274,0.26923225,0.27117274,5800433
1738914000000000,DOGEUSDT,5m,0.27117274,0.27169374,0.2708254,0.2708254,3870886
1738914300000000,DOGEUSDT,5m,0.2708254,0.27097697,0.26973192,0.27027325,3928782
1738914600000000,DOGEUSDT,5m,0.27027325,0.27040316,0.26942881,0.26961286,9900887
1738914900000000,DOGEUSDT,5m,0.26961286,0.26993764,0.26921229,0.26938551,5013664
1738915200000000,DOGEUSDT,5m,0.26938551,0.26962367,0.26808643,0.26908239,7737325
1738915500000000,DOGEUSDT,5m,0.26908239,0.27055468,0.26903909,0.27031652,11938709
1738915800000000,DOGEUSDT,5m,0.27031652,0.27044642,0.26947212,0.26969945,5083495
1738916100000000,DOGEUSDT,5m,0.26969945,0.27013248,0.26938551,0.26971028,2164947
1738916400000000,DOGEUSDT,5m,0.26971028,0.26994845,0.26897411,0.26926641,2970897
1738916700000000,DOGEUSDT,5m,0.26926641,0.2700784,0.26912567,0.26981856,1390140
1738917000000000,DOGEUSDT,5m,0.26981856,0.2707063,0.26949378,0.26949378,2460821
1738917300000000,DOGEUSDT,5m,0.26949378,0.27093024,0.26889975,0.26889975,4334686
1738917600000000,DOGEUSDT,5m,0.26889975,0.26968469,0.26820084,0.26820084,3010785
1738917900000000,DOGEUSDT,5m,0.26820084,0.26980542,0.26785853,0.26786922,8182717
1738918200000000,DOGEUSDT,5m,0.26786922,0.26805063,0.2675491,0.26769849,2608145
1738918500000000,DOGEUSDT,5m,0.26769849,0.26795458,0.2673357,0.26795458,2638222
1738918800000000,DOGEUSDT,5m,0.26795458,0.26843567,0.26752695,0.26752695,3849117
1738919100000000,DOGEUSDT,5m,0.26752695,0.26825158,0.26721791,0.26781467,2895922
1738919400000000,DOGEUSDT,5m,0.26781467,0.26785729,0.26721794,0.26772942,2236259
1738919700000000,DOGEUSDT,5m,0.26772942,0.26881637,0.26701545,0.26701545,4636974
1738920000000000,DOGEUSDT,5m,0.26701545,0.26847814,0.26689886,0.26750301,4663036
1738920300000000,DOGEUSDT,5m,0.26750301,0.26775739,0.26720623,0.26747121,8646842
1738920600000000,DOGEUSDT,5m,0.26747121,0.2675878,0.26607217,0.26654912,13847172
1738920900000000,DOGEUSDT,5m,0.26654912,0.26708966,0.26645373,0.26650672,6975554
1738921200000000,DOGEUSDT,5m,0.26650672,0.26732257,0.26650672,0.26667625,8493725
1738921500000000,DOGEUSDT,5m,0.26667625,0.26694112,0.26619947,0.26694112,6199346
1738921800000000,DOGEUSDT,5m,0.26694112,0.26785407,0.26616618,0.26616618,2584859
1738922100000000,DOGEUSDT,5m,0.26616618,0.2670844,0.26616618,0.26692608,2789837
1738922400000000,DOGEUSDT,5m,0.26692608,0.26780212,0.26643002,0.26692608,8148012
1738922700000000,DOGEUSDT,5m,0.26692608,0.26718994,0.26644059,0.26710551,2585828
1738923000000000,DOGEUSDT,5m,0.26710551,0.26758043,0.26655671,0.26753821,2501195
1738923300000000,DOGEUSDT,5m,0.26753821,0.26787703,0.26723116,0.26759115,1313749
1738923600000000,DOGEUSDT,5m,0.26759115,0.26896808,0.26683913,0.26683913,1648410
1738923900000000,DOGEUSDT,5m,0.26683913,0.26696552,0.2665337,0.26680754,1588066
1738924200000000,DOGEUSDT,5m,0.26680754,0.2673552,0.26666009,0.26666009,1245755
1738924500000000,DOGEUSDT,5m,0.26666009,0.26742808,0.26603939,0.26603939,2320754
1738924800000000,DOGEUSDT,5m,0.26603939,0.26618599,0.26518069,0.26524352,3113543
1738925100000000,DOGEUSDT,5m,0.26524352,0.26586136,0.2652121,0.26578806,2421882
1738925400000000,DOGEUSDT,5m,0.26578806,0.26611268,0.26545297,0.26596608,1500481
1738925700000000,DOGEUSDT,5m,0.26596608,0.26638548,0.26548376,0.26638548,1933574
1738926000000000,DOGEUSDT,5m,0.26638548,0.26672207,0.26574387,0.2665117,3291622
1738926300000000,DOGEUSDT,5m,0.2665117,0.26800529,0.26509174,0.26509174,6726273
1738926600000000,DOGEUSDT,5m,0.26509174,0.26589306,0.26494604,0.26508133,3238852
1738926900000000,DOGEUSDT,5m,0.26508133,0.26520621,0.26454015,0.26520621,2312399
1738927200000000,DOGEUSDT,5m,0.26520621,0.26529996,0.2645708,0.26496663,1752156
1738927500000000,DOGEUSDT,5m,0.26496663,0.2650083,0.26449791,0.26499788,1244818
1738927800000000,DOGEUSDT,5m,0.26499788,0.26556051,0.264404,0.26556051,2440013
1738928100000000,DOGEUSDT,5m,0.26556051,0.26624063,0.26555005,0.26624063,4052579
1738928400000000,DOGEUSDT,5m,0.26624063,0.26674285,0.26599998,0.26637665,2592073
1738928700000000,DOGEUSDT,5m,0.26637665,0.26696317,0.26598912,0.26631381,2806375
1738929000000000,DOGEUSDT,5m,0.26631381,0.26717224,0.26626146,0.2667849,3145897
1738929300000000,DOGEUSDT,5m,0.2667849,0.26752818,0.26604162,0.26604162,3398423
1738929600000000,DOGEUSDT,5m,0.26604162,0.26647888,0.26532326,0.26568765,6529090
1738929900000000,DOGEUSDT,5m,0.26568765,0.26620821,0.26496926,0.26620821,1478500
1738930200000000,DOGEUSDT,5m,0.26620821,0.26644861,0.26540342,0.26559156,2606606
1738930500000000,DOGEUSDT,5m,0.26559156,0.26655313,0.26459863,0.26655313,2606259
1738930800000000,DOGEUSDT,5m,0.26655313,0.26721635,0.26648996,0.26715319,1517105
1738931100000000,DOGEUSDT,5m,0.26715319,0.26758479,0.26705844,0.2672374,3515840
1738931400000000,DOGEUSDT,5m,0.2672374,0.26790063,0.2672374,0.26770061,1530417
1738931700000000,DOGEUSDT,5m,0.26770061,0.26864807,0.26770061,0.26825856,5331585
1738932000000000,DOGEUSDT,5m,0.26825856,0.2686586,0.2680059,0.26863754,1823947
1738932300000000,DOGEUSDT,5m,0.26863754,0.26955339,0.26790065,0.26821646,2255926
1738932600000000,DOGEUSDT,5m,0.26821646,0.26821646,0.26721957,0.26737698,2260413
1738932900000000,DOGEUSDT,5m,0.26737698,0.26740846,0.26692575,0.26709365,762782
1738933200000000,DOGEUSDT,5m,0.26709365,0.26771275,0.26635913,0.26771275,2156721
1738933500000000,DOGEUSDT,5m,0.26771275,0.26788142,0.26725944,0.26725944,1870958
1738933800000000,DOGEUSDT,5m,0.26725944,0.2673754,0.26672182,0.26717511,2965877
1738934100000000,DOGEUSDT,5m,0.26717511,0.2674808,0.26679563,0.26740702,1400824
1738934400000000,DOGEUSDT,5m,0.26740702,0.26759708,0.2662666,0.26669953,4900373
1738934700000000,DOGEUSDT,5m,0.26669953,0.26726972,0.26646724,0.26671009,4465139
1738935000000000,DOGEUSDT,5m,0.26671009,0.27049037,0.26526345,0.26675233,38020563
1738935300000000,DOGEUSDT,5m,0.26675233,0.26948798,0.26619253,0.26938236,10330364
1738935600000000,DOGEUSDT,5m,0.26938236,0.27298412,0.26887536,0.27037522,24608651
1738935900000000,DOGEUSDT,5m,0.27037522,0.27256171,0.26857955,0.26857955,16190048
1738936200000000,DOGEUSDT,5m,0.26857955,0.27027856,0.26794372,0.26860039,16763049
1738936500000000,DOGEUSDT,5m,0.26860039,0.26987225,0.26819382,0.26944482,10100820
1738936800000000,DOGEUSDT,5m,0.26944482,0.27053949,0.26861079,0.26900695,14678934
1738937100000000,DOGEUSDT,5m,0.26900695,0.27184386,0.26872638,0.27150093,21645412
1738937400000000,DOGEUSDT,5m,0.27150093,0.27150093,0.26997331,0.27065918,11343385
1738937700000000,DOGEUSDT,5m,0.27065918,0.27204132,0.26995253,0.27070075,12746842
1738938000000000,DOGEUSDT,5m,0.27070075,0.27198975,0.26987953,0.27031613,11569071
1738938300000000,DOGEUSDT,5m,0.27031613,0.27062798,0.26967163,0.27052403,5005406
1738938600000000,DOGEUSDT,5m,0.27052403,0.27065938,0.26898318,0.26931634,10730780
1738938900000000,DOGEUSDT,5m,0.26931634,0.26971196,0.26786918,0.26898318,8540786
1738939200000000,DOGEUSDT,5m,0.26898318,0.2696998,0.26856774,0.26928437,7418691
1738939500000000,DOGEUSDT,5m,0.26928437,0.27060342,0.26885853,0.27052033,8495457
1738939800000000,DOGEUSDT,5m,0.27052033,0.27122657,0.27011528,0.270323,12073849
1738940100000000,DOGEUSDT,5m,0.270323,0.27089341,0.26964888,0.26996001,8125010
1738940400000000,DOGEUSDT,5m,0.26996001,0.27344471,0.26562489,0.27344471,22810463
1738940700000000,DOGEUSDT,5m,0.27344471,0.27462596,0.27176328,0.27301903,19728790
1738941000000000,DOGEUSDT,5m,0.27301903,0.27507715,0.27005916,0.27507715,16394822
1738941300000000,DOGEUSDT,5m,0.27507715,0.27613257,0.27358017,0.27377402,12770991
1738941600000000,DOGEUSDT,5m,0.27377402,0.27411867,0.27185696,0.27407559,28289863
1738941900000000,DOGEUSDT,5m,0.27407559,0.27572697,0.27312577,0.27312577,5436055
1738942200000000,DOGEUSDT,5m,0.27312577,0.27426201,0.27172155,0.27359742,4377868
1738942500000000,DOGEUSDT,5m,0.27359742,0.27424285,0.27301653,0.27374802,5351092
1738942800000000,DOGEUSDT,5m,0.27374802,0.27523408,0.27374802,0.27441567,3346960
1738943100000000,DOGEUSDT,5m,0.27441567,0.27544945,0.27369417,0.27369417,1861388
1738943400000000,DOGEUSDT,5m,0.27369417,0.27475467,0.27055553,0.27106971,11684216
1738943700000000,DOGEUSDT,5m,0.27106971,0.27268717,0.27066267,0.27264433,9493400
1738944000000000,DOGEUSDT,5m,0.27264433,0.2729014,0.26990224,0.27094124,10674009
1738944300000000,DOGEUSDT,5m,0.27094124,0.2720981,0.2700843,0.27012715,10147149
1738944600000000,DOGEUSDT,5m,0.27012715,0.27041463,0.26940312,0.2697119,3385838
1738944900000000,DOGEUSDT,5m,0.2697119,0.27172419,0.26930731,0.27112796,5221058
1738945200000000,DOGEUSDT,5m,0.27112796,0.27183064,0.27054239,0.27146865,2910647
1738945500000000,DOGEUSDT,5m,0.27146865,0.27194896,0.2709243,0.27194896,2392484
1738945800000000,DOGEUSDT,5m,0.27194896,0.27228101,0.27158477,0.2720882,2144170
1738946100000000,DOGEUSDT,5m,0.2720882,0.27279515,0.27128486,0.27183113,2483665
1738946400000000,DOGEUSDT,5m,0.27183113,0.27276133,0.27151037,0.27207705,2263886
1738946700000000,DOGEUSDT,5m,0.27207705,0.27207705,0.27048107,0.2710809,8623921
1738947000000000,DOGEUSDT,5m,0.2710809,0.27116659,0.2698491,0.27054533,3797955
1738947300000000,DOGEUSDT,5m,0.27054533,0.27145579,0.270224,0.27044893,4613825
1738947600000000,DOGEUSDT,5m,0.27044893,0.27105906,0.26988162,0.2706202,4346770
1738947900000000,DOGEUSDT,5m,0.2706202,0.27132759,0.2689589,0.27081312,7468375
1738948200000000,DOGEUSDT,5m,0.27081312,0.27083456,0.26876605,0.26977351,3594415
1738948500000000,DOGEUSDT,5m,0.26977351,0.27005216,0.26697632,0.26773724,12602988
1738948800000000,DOGEUSDT,5m,0.26773724,0.2681445,0.2669656,0.26799446,6798992
1738949100000000,DOGEUSDT,5m,0.26799446,0.26838102,0.26695289,0.26825216,4649539
1738949400000000,DOGEUSDT,5m,0.26825216,0.26867094,0.2677797,0.26853135,3705570
1738949700000000,DOGEUSDT,5m,0.26853135,0.26901455,0.26845618,0.26875684,2784412
1738950000000000,DOGEUSDT,5m,0.26875684,0.26896087,0.26823067,0.26859577,2363676
1738950300000000,DOGEUSDT,5m,0.26859577,0.26944405,0.26844544,0.26918635,2335759
1738950600000000,DOGEUSDT,5m,0.26918635,0.26951922,0.26827363,0.26890716,1454316
1738950900000000,DOGEUSDT,5m,0.26890716,0.26922862,0.26840355,0.26922862,875539
1738951200000000,DOGEUSDT,5m,0.26922862,0.27053905,0.26879897,0.27030274,4675202
1738951500000000,DOGEUSDT,5m,0.27030274,0.27119426,0.27024903,0.27088277,3682429
1738951800000000,DOGEUSDT,5m,0.27088277,0.27118351,0.27061425,0.27104388,1796572
1738952100000000,DOGEUSDT,5m,0.27104388,0.27165608,0.27096869,0.27154867,3213315
1738952400000000,DOGEUSDT,5m,0.27154867,0.27220384,0.27089351,0.27089351,2460858
1738952700000000,DOGEUSDT,5m,0.27089351,0.27092558,0.27039116,0.27073319,1022110
1738953000000000,DOGEUSDT,5m,0.27073319,0.27188752,0.26976056,0.26976056,2506520
1738953300000000,DOGEUSDT,5m,0.26976056,0.27014258,0.2693467,0.26972872,1975206
1738953600000000,DOGEUSDT,5m,0.26972872,0.26973933,0.26862536,0.26869963,2284064
1738953900000000,DOGEUSDT,5m,0.26869963,0.26917704,0.26812673,0.26893303,4220984
1738954200000000,DOGEUSDT,5m,0.26893303,0.2691137,0.26823161,0.26850793,2031517
1738954500000000,DOGEUSDT,5m,0.26850793,0.26879487,0.26813596,0.26863546,1896642
1738954800000000,DOGEUSDT,5m,0.26863546,0.26905033,0.26783763,0.26905033,3155459
1738955100000000,DOGEUSDT,5m,0.26905033,0.26911416,0.26805038,0.26891204,1716772
1738955400000000,DOGEUSDT,5m,0.26891204,0.26920989,0.26860356,0.26867802,746304
1738955700000000,DOGEUSDT,5m,0.26867802,0.26919923,0.26788025,0.26919923,3313134
1738956000000000,DOGEUSDT,5m,0.26919923,0.27019231,0.2690177,0.27006417,1278075
1738956300000000,DOGEUSDT,5m,0.27006417,0.27029908,0.26959434,0.26959434,860931
1738956600000000,DOGEUSDT,5m,0.26959434,0.27003215,0.26919925,0.26958366,1090923
1738956900000000,DOGEUSDT,5m,0.26958366,0.26962637,0.26894307,0.26919931,763976
1738957200000000,DOGEUSDT,5m,0.26919931,0.26927404,0.26779,0.26867615,2330645
1738957500000000,DOGEUSDT,5m,0.26867615,0.2688363,0.26803558,0.26859074,2084101
1738957800000000,DOGEUSDT,5m,0.26859074,0.26917756,0.26795058,0.26917756,1538778
1738958100000000,DOGEUSDT,5m,0.26917756,0.2693919,0.26883462,0.26896322,1933162
1738958400000000,DOGEUSDT,5m,0.26896322,0.27136382,0.26632685,0.27136382,12458020
1738958700000000,DOGEUSDT,5m,0.27136382,0.27195296,0.26982551,0.27195296,11521169
1738959000000000,DOGEUSDT,5m,0.27195296,0.27248989,0.2711092,0.27217211,5330665
1738959300000000,DOGEUSDT,5m,0.27217211,0.27338839,0.27137222,0.27137222,3329323
1738959600000000,DOGEUSDT,5m,0.27137222,0.27210207,0.27015218,0.27210207,2412086
1738959900000000,DOGEUSDT,5m,0.27210207,0.27261679,0.27114928,0.27114928,3364589
1738960200000000,DOGEUSDT,5m,0.27114928,0.27119309,0.26973653,0.27112738,7467194
1738960500000000,DOGEUSDT,5m,0.27112738,0.27263869,0.2687728,0.27263869,7497198
1738960800000000,DOGEUSDT,5m,0.27263869,0.27294876,0.27197426,0.2728491,2700932
1738961100000000,DOGEUSDT,5m,0.2728491,0.27507829,0.27043136,0.27507829,7848667
1738961400000000,DOGEUSDT,5m,0.27507829,0.27645363,0.27467245,0.27467245,4708239
1738961700000000,DOGEUSDT,5m,0.27467245,0.27556042,0.27313257,0.27556042,5209423
1738962000000000,DOGEUSDT,5m,0.27556042,0.27784554,0.27537942,0.2772686,4194964
1738962300000000,DOGEUSDT,5m,0.2772686,0.27748354,0.27640885,0.27646541,2663273
1738962600000000,DOGEUSDT,5m,0.27646541,0.27739307,0.27579795,0.27579795,3079327
1738962900000000,DOGEUSDT,5m,0.27579795,0.27643968,0.27512244,0.27539265,4662029
1738963200000000,DOGEUSDT,5m,0.27539265,0.27583173,0.27364759,0.27583173,3084675
1738963500000000,DOGEUSDT,5m,0.27583173,0.27638515,0.2744764,0.27638515,2399778
1738963800000000,DOGEUSDT,5m,0.27638515,0.27702018,0.27528519,0.27650989,3323775
1738964100000000,DOGEUSDT,5m,0.27650989,0.27809746,0.27472954,0.27809746,4456771
1738964400000000,DOGEUSDT,5m,0.27809746,0.27859069,0.27677838,0.27767306,12194713
1738964700000000,DOGEUSDT,5m,0.27767306,0.27825624,0.27609505,0.27825624,3049457
1738965000000000,DOGEUSDT,5m,0.27825624,0.27854333,0.27730311,0.27831366,2765847
1738965300000000,DOGEUSDT,5m,0.27831366,0.27849747,0.27727972,0.27784264,3085336
1738965600000000,DOGEUSDT,5m,0.27784264,0.28015187,0.2753381,0.28015187,18000427
1738965900000000,DOGEUSDT,5m,0.28015187,0.28217281,0.28015187,0.28217281,8727317
1738966200000000,DOGEUSDT,5m,0.28217281,0.28220786,0.28017532,0.28102805,5289239
1738966500000000,DOGEUSDT,5m,0.28102805,0.28162379,0.28023372,0.28109814,4276860
1738966800000000,DOGEUSDT,5m,0.28109814,0.28316684,0.27893593,0.28316684,9298157
1738967100000000,DOGEUSDT,5m,0.28316684,0.28493411,0.28175539,0.28175539,2961802
1738967400000000,DOGEUSDT,5m,0.28175539,0.28206065,0.28052261,0.28204891,4101827
1738967700000000,DOGEUSDT,5m,0.28204891,0.28253028,0.28080439,0.28163798,4287414
1738968000000000,DOGEUSDT,5m,0.28163798,0.28253939,0.28084193,0.28084193,2085111
1738968300000000,DOGEUSDT,5m,0.28084193,0.28128428,0.28013186,0.28128428,1249845
1738968600000000,DOGEUSDT,5m,0.28128428,0.2823819,0.28128428,0.28232352,1391080
1738968900000000,DOGEUSDT,5m,0.28232352,0.28378313,0.28093397,0.28093397,2539013
1738969200000000,DOGEUSDT,5m,0.28093397,0.28116522,0.27995116,0.2808646,3974957
1738969500000000,DOGEUSDT,5m,0.2808646,0.28138467,0.28017116,0.28137312,2201260
1738969800000000,DOGEUSDT,5m,0.28137312,0.28154648,0.28098015,0.28144246,6066942
1738970100000000,DOGEUSDT,5m,0.28144246,0.28282933,0.28052944,0.28052944,12497927
1738970400000000,DOGEUSDT,5m,0.28052944,0.28085098,0.28009307,0.28032274,1901560
1738970700000000,DOGEUSDT,5m,0.28032274,0.28080435,0.28010486,0.28010486,1945040
1738971000000000,DOGEUSDT,5m,0.28010486,0.28096359,0.27948658,0.27948658,2043755
1738971300000000,DOGEUSDT,5m,0.27948658,0.28020473,0.27909901,0.28012494,2433885
1738971600000000,DOGEUSDT,5m,0.28012494,0.28093425,0.27963479,0.27963479,3585147
1738971900000000,DOGEUSDT,5m,0.27963479,0.28066841,0.27950985,0.2803163,2631491
1738972200000000,DOGEUSDT,5m,0.2803163,0.28035038,0.27931671,0.2803163,2629164
1738972500000000,DOGEUSDT,5m,0.2803163,0.28063434,0.27968023,0.28063434,868782
1738972800000000,DOGEUSDT,5m,0.28063434,0.28113523,0.27971225,0.28113523,4122884
1738973100000000,DOGEUSDT,5m,0.28113523,0.2836372,0.27934157,0.27934157,3996606
1738973400000000,DOGEUSDT,5m,0.27934157,0.27990558,0.27907085,0.27946566,2866868
1738973700000000,DOGEUSDT,5m,0.27946566,0.28009788,0.27867538,0.27883343,1937447
1738974000000000,DOGEUSDT,5m,0.27883343,0.27958649,0.27829393,0.27829393,2110292
1738974300000000,DOGEUSDT,5m,0.27829393,0.27952552,0.27813718,0.27887613,7082135
1738974600000000,DOGEUSDT,5m,0.27887613,0.27924561,0.27761096,0.27924561,4862326
1738974900000000,DOGEUSDT,5m,0.27924561,0.27986304,0.27886393,0.27886393,1202981
1738975200000000,DOGEUSDT,5m,0.27886393,0.27986031,0.27814743,0.27814743,8930204
1738975500000000,DOGEUSDT,5m,0.27814743,0.27837018,0.27747918,0.27805833,5234895
1738975800000000,DOGEUSDT,5m,0.27805833,0.27841471,0.27710054,0.2772676,2397447
1738976100000000,DOGEUSDT,5m,0.2772676,0.27757943,0.27676643,0.27737897,2381874
1738976400000000,DOGEUSDT,5m,0.27737897,0.27737897,0.27612048,0.2770894,3625049
1738976700000000,DOGEUSDT,5m,0.2770894,0.27732329,0.27622068,0.27643229,2565979
1738977000000000,DOGEUSDT,5m,0.27643229,0.27690005,0.27570839,0.27690005,6550128
1738977300000000,DOGEUSDT,5m,0.27690005,0.27763758,0.27586079,0.27763758,4738398
1738977600000000,DOGEUSDT,5m,0.27763758,0.27894078,0.27687364,0.27687364,2726997
1738977900000000,DOGEUSDT,5m,0.27687364,0.27740996,0.27666135,0.27739878,1475879
1738978200000000,DOGEUSDT,5m,0.27739878,0.27775633,0.27708593,0.27728705,2072889
1738978500000000,DOGEUSDT,5m,0.27728705,0.27797921,0.2770861,0.27739869,3372158
1738978800000000,DOGEUSDT,5m,0.27739869,0.27780059,0.27717541,0.27723123,2786140
1738979100000000,DOGEUSDT,5m,0.27723123,0.27776712,0.27662836,0.27743219,3554015
1738979400000000,DOGEUSDT,5m,0.27743219,0.27761082,0.2767735,0.27761082,3207468
1738979700000000,DOGEUSDT,5m,0.27761082,0.27761082,0.27613518,0.27643701,5346710
1738980000000000,DOGEUSDT,5m,0.27643701,0.27707422,0.27629168,0.27640347,2739774
1738980300000000,DOGEUSDT,5m,0.27640347,0.27653759,0.27571057,0.27650406,3462182
1738980600000000,DOGEUSDT,5m,0.27650406,0.27679463,0.27603467,0.2767611,4194719
1738980900000000,DOGEUSDT,5m,0.2767611,0.27698505,0.27619005,0.27685068,2246438
1738981200000000,DOGEUSDT,5m,0.27685068,0.27746655,0.27682829,0.27696266,8489712
1738981500000000,DOGEUSDT,5m,0.27696266,0.27769048,0.27649238,0.27649238,2152076
1738981800000000,DOGEUSDT,5m,0.27649238,0.27652585,0.27601253,0.27613528,2159509
1738982100000000,DOGEUSDT,5m,0.27613528,0.27613528,0.27489661,0.27504168,2541496
1738982400000000,DOGEUSDT,5m,0.27504168,0.275555,0.27498588,0.27551036,2228191
1738982700000000,DOGEUSDT,5m,0.27551036,0.27570007,0.27466226,0.27570007,1671778
1738983000000000,DOGEUSDT,5m,0.27570007,0.2760353,0.27554363,0.27602412,1915401
1738983300000000,DOGEUSDT,5m,0.27602412,0.27683983,0.27592355,0.2766834,5660170
1738983600000000,DOGEUSDT,5m,0.2766834,0.27809134,0.27606882,0.27606882,5361244
1738983900000000,DOGEUSDT,5m,0.27606882,0.27638031,0.27584632,0.27615781,2153334
1738984200000000,DOGEUSDT,5m,0.27615781,0.27615781,0.27551214,0.2756346,1334383
1738984500000000,DOGEUSDT,5m,0.2756346,0.27614668,0.27487761,0.27614668,6030635
1738984800000000,DOGEUSDT,5m,0.27614668,0.27641485,0.27512988,0.27542039,3983075
1738985100000000,DOGEUSDT,5m,0.27542039,0.27580028,0.27521927,0.27553212,2146089
1738985400000000,DOGEUSDT,5m,0.27553212,0.27602415,0.27536439,0.27600178,2051117
1738985700000000,DOGEUSDT,5m,0.27600178,0.2763149,0.27567748,0.27604651,2082665
1738986000000000,DOGEUSDT,5m,0.27604651,0.27625899,0.27552092,0.27585641,2393766
1738986300000000,DOGEUSDT,5m,0.27585641,0.27619141,0.27528689,0.27576707,2593869
1738986600000000,DOGEUSDT,5m,0.27576707,0.27619116,0.27516442,0.27619116,2253646
1738986900000000,DOGEUSDT,5m,0.27619116,0.27656057,0.27601204,0.27616877,1168930
1738987200000000,DOGEUSDT,5m,0.27616877,0.27668363,0.27579941,0.27629189,1574529
1738987500000000,DOGEUSDT,5m,0.27629189,0.27680675,0.27609042,0.27609042,1957715
1738987800000000,DOGEUSDT,5m,0.27609042,0.27648159,0.27545336,0.27648159,1557391
1738988100000000,DOGEUSDT,5m,0.27648159,0.27661609,0.27595479,0.27620138,1894815
1738988400000000,DOGEUSDT,5m,0.27620138,0.2769187,0.27548406,0.27548406,2986920
1738988700000000,DOGEUSDT,5m,0.27548406,0.27548406,0.27454749,0.27458094,1707336
1738989000000000,DOGEUSDT,5m,0.27458094,0.27487083,0.27407921,0.27487083,2001530
1738989300000000,DOGEUSDT,5m,0.27487083,0.27502726,0.27432335,0.27484848,2377436
1738989600000000,DOGEUSDT,5m,0.27484848,0.27492668,0.27450217,0.27474794,6572243
1738989900000000,DOGEUSDT,5m,0.27474794,0.27536239,0.27449099,0.2746474,2440191
1738990200000000,DOGEUSDT,5m,0.2746474,0.27533951,0.27455809,0.27465856,1567416
1738990500000000,DOGEUSDT,5m,0.27465856,0.27494881,0.27445761,0.27471438,2257700
1738990800000000,DOGEUSDT,5m,0.27471438,0.27556278,0.27351992,0.27556278,2553917
1738991100000000,DOGEUSDT,5m,0.27556278,0.27596713,0.27532691,0.27547292,1839029
1738991400000000,DOGEUSDT,5m,0.27547292,0.2758997,0.27504615,0.27504615,1846102
1738991700000000,DOGEUSDT,5m,0.27504615,0.27600902,0.27388174,0.27600902,2909719
1738992000000000,DOGEUSDT,5m,0.27600902,0.27709141,0.27500556,0.27500556,2266362
1738992300000000,DOGEUSDT,5m,0.27500556,0.27527419,0.27465857,0.27520703,962876
1738992600000000,DOGEUSDT,5m,0.27520703,0.27568907,0.27434386,0.27568907,1829757
1738992900000000,DOGEUSDT,5m,0.27568907,0.27615029,0.27530659,0.27552033,1871663
1738993200000000,DOGEUSDT,5m,0.27552033,0.27605966,0.27548662,0.27605966,1679953
1738993500000000,DOGEUSDT,5m,0.27605966,0.27681248,0.27605966,0.27659899,1774219
1738993800000000,DOGEUSDT,5m,0.27659899,0.27676753,0.27638551,0.27638551,1286925
1738994100000000,DOGEUSDT,5m,0.27638551,0.27659898,0.27596981,0.27659898,1690320
1738994400000000,DOGEUSDT,5m,0.27659898,0.27680153,0.2760251,0.27658773,3209770
1738994700000000,DOGEUSDT,5m,0.27658773,0.2775667,0.27626141,0.27626141,2608394
1738995000000000,DOGEUSDT,5m,0.27626141,0.27650837,0.27611547,0.27629508,999744
1738995300000000,DOGEUSDT,5m,0.27629508,0.27695739,0.27626141,0.27684514,950147
1738995600000000,DOGEUSDT,5m,0.27684514,0.27701351,0.27632878,0.27677779,1761329
1738995900000000,DOGEUSDT,5m,0.27677779,0.27790034,0.2761716,0.2761716,2747237
1738996200000000,DOGEUSDT,5m,0.2761716,0.27620514,0.27570217,0.27571335,1023806
1738996500000000,DOGEUSDT,5m,0.27571335,0.27650695,0.27529978,0.27529978,2325482
1738996800000000,DOGEUSDT,5m,0.27529978,0.2759127,0.27493203,0.27493203,2860863
1738997100000000,DOGEUSDT,5m,0.27493203,0.27525435,0.27448747,0.27518766,2046516
1738997400000000,DOGEUSDT,5m,0.27518766,0.27555511,0.27496496,0.27539922,2987082
1738997700000000,DOGEUSDT,5m,0.27539922,0.27539922,0.2741502,0.27477471,3258156
1738998000000000,DOGEUSDT,5m,0.27477471,0.27508697,0.2741502,0.27508697,3106467
1738998300000000,DOGEUSDT,5m,0.27508697,0.2751205,0.2743269,0.27458398,2711865
1738998600000000,DOGEUSDT,5m,0.27458398,0.27480752,0.2740922,0.27476282,2852924
1738998900000000,DOGEUSDT,5m,0.27476282,0.27535599,0.27373315,0.27535599,4840752
1738999200000000,DOGEUSDT,5m,0.27535599,0.27628894,0.27531103,0.27617654,3476785
1738999500000000,DOGEUSDT,5m,0.27617654,0.27695206,0.27617654,0.27646877,3035273
1738999800000000,DOGEUSDT,5m,0.27646877,0.27740168,0.27646877,0.27733424,1949392
1739000100000000,DOGEUSDT,5m,0.27733424,0.27891914,0.27634509,0.27634509,4796463
1739000400000000,DOGEUSDT,5m,0.27634509,0.27660178,0.27593215,0.27660178,1538207
1739000700000000,DOGEUSDT,5m,0.27660178,0.2786255,0.27652351,0.27763041,4219890
1739001000000000,DOGEUSDT,5m,0.27763041,0.27802172,0.27736208,0.27748507,2636407
1739001300000000,DOGEUSDT,5m,0.27748507,0.2780329,0.27731736,0.27733972,2084235
1739001600000000,DOGEUSDT,5m,0.27733972,0.27818943,0.27702667,0.27725028,1977541
1739001900000000,DOGEUSDT,5m,0.27725028,0.27775342,0.27666888,0.27775342,1491935
1739002200000000,DOGEUSDT,5m,0.27775342,0.27806763,0.27704644,0.27806763,1516535
1739002500000000,DOGEUSDT,5m,0.27806763,0.27812387,0.27759524,0.27774146,1448023
1739002800000000,DOGEUSDT,5m,0.27774146,0.27833756,0.27759524,0.27800014,992600
1739003100000000,DOGEUSDT,5m,0.27800014,0.27854004,0.27782018,0.27815761,834162
1739003400000000,DOGEUSDT,5m,0.27815761,0.27866376,0.27786517,0.27845006,621397
1739003700000000,DOGEUSDT,5m,0.27845006,0.27867549,0.27760466,0.27842751,3578112
1739004000000000,DOGEUSDT,5m,0.27842751,0.27854024,0.27808934,0.27832606,491091
1739004300000000,DOGEUSDT,5m,0.27832606,0.278664,0.27785295,0.27798812,1258629
1739004600000000,DOGEUSDT,5m,0.27798812,0.27837112,0.27736857,0.27837112,741540
1739004900000000,DOGEUSDT,5m,0.27837112,0.27864222,0.27797577,0.27798707,950013
1739005200000000,DOGEUSDT,5m,0.27798707,0.27884554,0.27798707,0.27881165,1464172
1739005500000000,DOGEUSDT,5m,0.27881165,0.2789359,0.27824687,0.27845019,1287803
1739005800000000,DOGEUSDT,5m,0.27845019,0.27899238,0.27839371,0.27886813,1065353
1739006100000000,DOGEUSDT,5m,0.27886813,0.27971531,0.27803225,0.27803225,1120333
1739006400000000,DOGEUSDT,5m,0.27803225,0.27835787,0.27770663,0.27830172,1023787
1739006700000000,DOGEUSDT,5m,0.27830172,0.2785263,0.27798732,0.27823435,1468481
1739007000000000,DOGEUSDT,5m,0.27823435,0.27823435,0.27765046,0.27795364,955202
1739007300000000,DOGEUSDT,5m,0.27795364,0.27824557,0.27758311,0.27824557,499761
1739007600000000,DOGEUSDT,5m,0.27824557,0.27838059,0.27790803,0.27835808,775816
1739007900000000,DOGEUSDT,5m,0.27835808,0.27836933,0.27786302,0.27816681,842625
1739008200000000,DOGEUSDT,5m,0.27816681,0.27875188,0.27786302,0.27870687,749257
1739008500000000,DOGEUSDT,5m,0.27870687,0.2789544,0.27857186,0.27894315,653269
1739008800000000,DOGEUSDT,5m,0.27894315,0.27975322,0.27879689,0.27928068,2528437
1739009100000000,DOGEUSDT,5m,0.27928068,0.27965196,0.27869563,0.27965196,638289
1739009400000000,DOGEUSDT,5m,0.27965196,0.28019344,0.27938122,0.27988886,507164
1739009700000000,DOGEUSDT,5m,0.27988886,0.28043036,0.27985501,0.28038523,698204
1739010000000000,DOGEUSDT,5m,0.28038523,0.28048676,0.28009192,0.28043036,3102302
1739010300000000,DOGEUSDT,5m,0.28043036,0.28074622,0.28011449,0.28074622,2206390
1739010600000000,DOGEUSDT,5m,0.28074622,0.28085928,0.27972866,0.28066708,3593150
1739010900000000,DOGEUSDT,5m,0.28066708,0.28067838,0.27985348,0.27992128,919030
1739011200000000,DOGEUSDT,5m,0.27992128,0.28046366,0.27975179,0.28005688,634911
1739011500000000,DOGEUSDT,5m,0.28005688,0.28055403,0.27953712,0.28055403,555105
1739011800000000,DOGEUSDT,5m,0.28055403,0.28055403,0.27999841,0.28047466,931116
1739012100000000,DOGEUSDT,5m,0.28047466,0.28071278,0.28027055,0.28032725,821238
1739012400000000,DOGEUSDT,5m,0.28032725,0.28059911,0.27993078,0.28016866,1129757
1739012700000000,DOGEUSDT,5m,0.28016866,0.28097286,0.27939844,0.27939844,873074
1739013000000000,DOGEUSDT,5m,0.27939844,0.27987156,0.27891406,0.27987156,487029
1739013300000000,DOGEUSDT,5m,0.27987156,0.28052712,0.27982634,0.28014283,867049
1739013600000000,DOGEUSDT,5m,0.28014283,0.28032368,0.27931768,0.27931768,1664622
1739013900000000,DOGEUSDT,5m,0.27931768,0.27958896,0.27875251,0.27877512,2134807
1739014200000000,DOGEUSDT,5m,0.27877512,0.27955505,0.27799518,0.27799518,875790
1739014500000000,DOGEUSDT,5m,0.27799518,0.27811883,0.27728702,0.27734322,1434461
1739014800000000,DOGEUSDT,5m,0.27734322,0.27768046,0.27724205,0.27768046,815005
1739015100000000,DOGEUSDT,5m,0.27768046,0.27809636,0.27717462,0.27806264,1250345
1739015400000000,DOGEUSDT,5m,0.27806264,0.27829871,0.27770292,0.27783782,1047589
1739015700000000,DOGEUSDT,5m,0.27783782,0.2789713,0.27783782,0.27857851,2442196
1739016000000000,DOGEUSDT,5m,0.27857851,0.2793192,0.27803982,0.27874685,2111230
1739016300000000,DOGEUSDT,5m,0.27874685,0.27918453,0.2782755,0.27918453,883511
1739016600000000,DOGEUSDT,5m,0.27918453,0.27918453,0.27843025,0.27843025,1806143
1739016900000000,DOGEUSDT,5m,0.27843025,0.27877926,0.27793488,0.27875674,1454091
1739017200000000,DOGEUSDT,5m,0.27875674,0.27875674,0.27776605,0.27809253,1525902
1739017500000000,DOGEUSDT,5m,0.27809253,0.27827265,0.27785611,0.27811504,991692
1739017800000000,DOGEUSDT,5m,0.27811504,0.27872294,0.27803624,0.27809253,1282811
1739018100000000,DOGEUSDT,5m,0.27809253,0.27929688,0.27795746,0.27795746,1754898
1739018400000000,DOGEUSDT,5m,0.27795746,0.27802493,0.27759762,0.27781127,1050670
1739018700000000,DOGEUSDT,5m,0.27781127,0.2783848,0.27767633,0.27827234,1295965
1739019000000000,DOGEUSDT,5m,0.27827234,0.27864343,0.27793499,0.27864343,574067
1739019300000000,DOGEUSDT,5m,0.27864343,0.27889083,0.27831732,0.27885709,1684156
1739019600000000,DOGEUSDT,5m,0.27885709,0.27973556,0.27839533,0.27839533,2089355
1739019900000000,DOGEUSDT,5m,0.27839533,0.27884434,0.27801368,0.27801368,2257819
1739020200000000,DOGEUSDT,5m,0.27801368,0.27809204,0.2775659,0.27800248,1199230
1739020500000000,DOGEUSDT,5m,0.27800248,0.27867412,0.2777786,0.27811442,7316101
1739020800000000,DOGEUSDT,5m,0.27811442,0.27857339,0.27773381,0.27838309,1904124
1739021100000000,DOGEUSDT,5m,0.27838309,0.27998699,0.27836066,0.27997577,3494833
1739021400000000,DOGEUSDT,5m,0.27997577,0.28060385,0.2792804,0.28024495,5650760
1739021700000000,DOGEUSDT,5m,0.28024495,0.28203166,0.27997525,0.28154846,8740051
1739022000000000,DOGEUSDT,5m,0.28154846,0.28240249,0.28122258,0.28190805,4970451
1739022300000000,DOGEUSDT,5m,0.28190805,0.28267219,0.28109898,0.28205414,3535180
1739022600000000,DOGEUSDT,5m,0.28205414,0.28205414,0.2810765,0.28121135,5884526
1739022900000000,DOGEUSDT,5m,0.28121135,0.28149228,0.28053711,0.28080681,2080359
1739023200000000,DOGEUSDT,5m,0.28080681,0.280863,0.28023369,0.28078433,3089954
1739023500000000,DOGEUSDT,5m,0.28078433,0.28200904,0.27968322,0.27968322,3353706
1739023800000000,DOGEUSDT,5m,0.27968322,0.28027407,0.27894744,0.28027407,2120875
1739024100000000,DOGEUSDT,5m,0.28027407,0.28028526,0.27886346,0.279009,3445768
1739024400000000,DOGEUSDT,5m,0.279009,0.27921051,0.27837089,0.27919931,1746791
1739024700000000,DOGEUSDT,5m,0.27919931,0.27919931,0.27827014,0.27877391,1623258
1739025000000000,DOGEUSDT,5m,0.27877391,0.27934484,0.27823655,0.27934484,2216212
1739025300000000,DOGEUSDT,5m,0.27934484,0.27965831,0.27903138,0.27956875,1518162
1739025600000000,DOGEUSDT,5m,0.27956875,0.28001728,0.27925478,0.27925478,1766487
1739025900000000,DOGEUSDT,5m,0.27925478,0.27944498,0.27878488,0.27919884,2393592
1739026200000000,DOGEUSDT,5m,0.27919884,0.28000403,0.27857258,0.27857258,2174685
1739026500000000,DOGEUSDT,5m,0.27857258,0.27876185,0.27837218,0.27852805,906052
1739026800000000,DOGEUSDT,5m,0.27852805,0.27888422,0.27770439,0.27868387,1256569
1739027100000000,DOGEUSDT,5m,0.27868387,0.28019931,0.27868387,0.27993188,6129225
1739027400000000,DOGEUSDT,5m,0.27993188,0.28062271,0.27916305,0.28062271,1842859
1739027700000000,DOGEUSDT,5m,0.28062271,0.28116017,0.28008525,0.28116017,2166091
1739028000000000,DOGEUSDT,5m,0.28116017,0.28116017,0.28080049,0.28104777,1134460
1739028300000000,DOGEUSDT,5m,0.28104777,0.28163223,0.28045207,0.28163223,1144716
1739028600000000,DOGEUSDT,5m,0.28163223,0.28165481,0.28034557,0.28069545,5467248
1739028900000000,DOGEUSDT,5m,0.28069545,0.28097762,0.28046972,0.2808196,1878351
1739029200000000,DOGEUSDT,5m,0.2808196,0.28147483,0.27943008,0.28147483,4049834
1739029500000000,DOGEUSDT,5m,0.28147483,0.28191749,0.28107757,0.28107757,2286722
1739029800000000,DOGEUSDT,5m,0.28107757,0.28146241,0.28087383,0.28124735,1056524
1739030100000000,DOGEUSDT,5m,0.28124735,0.28145108,0.2810323,0.28110021,2113918
1739030400000000,DOGEUSDT,5m,0.28110021,0.28150723,0.28071581,0.28124719,2716233
1739030700000000,DOGEUSDT,5m,0.28124719,0.28215261,0.28096425,0.28212998,1748585
1739031000000000,DOGEUSDT,5m,0.28212998,0.28267325,0.28143956,0.28267325,2651546
1739031300000000,DOGEUSDT,5m,0.28267325,0.28291184,0.2811849,0.2814803,2529671
1739031600000000,DOGEUSDT,5m,0.2814803,0.28248011,0.28060547,0.28060547,1248232
1739031900000000,DOGEUSDT,5m,0.28060547,0.28227654,0.27914892,0.27914892,4032115
1739032200000000,DOGEUSDT,5m,0.27914892,0.27957355,0.27862372,0.27893661,3101331
1739032500000000,DOGEUSDT,5m,0.27893661,0.27928249,0.27822253,0.27928249,2383052
1739032800000000,DOGEUSDT,5m,0.27928249,0.27986414,0.27921537,0.27926012,2041544
1739033100000000,DOGEUSDT,5m,0.27926012,0.27965163,0.27904758,0.27910351,1672877
1739033400000000,DOGEUSDT,5m,0.27910351,0.28101418,0.27812024,0.27812024,6737366
1739033700000000,DOGEUSDT,5m,0.27812024,0.27860844,0.27799819,0.27802038,2601396
1739034000000000,DOGEUSDT,5m,0.27802038,0.27911809,0.27799821,0.27890742,3916297
1739034300000000,DOGEUSDT,5m,0.27890742,0.27975011,0.27881872,0.27881872,3773622
1739034600000000,DOGEUSDT,5m,0.27881872,0.27960546,0.27861926,0.27861926,9010427
1739034900000000,DOGEUSDT,5m,0.27861926,0.27959299,0.27816559,0.27867459,2822979
1739035200000000,DOGEUSDT,5m,0.27867459,0.2788959,0.27848647,0.27863032,2386163
1739035500000000,DOGEUSDT,5m,0.27863032,0.27918345,0.27827632,0.27827632,1160447
1739035800000000,DOGEUSDT,5m,0.27827632,0.27900459,0.2777246,0.2777246,2037169
1739036100000000,DOGEUSDT,5m,0.2777246,0.27879075,0.27755974,0.2782302,4072246
1739036400000000,DOGEUSDT,5m,0.2782302,0.27855993,0.27787848,0.27855993,1754552
1739036700000000,DOGEUSDT,5m,0.27855993,0.27884637,0.27802011,0.27836163,2240202
1739037000000000,DOGEUSDT,5m,0.27836163,0.27904467,0.2782735,0.27868112,1442510
1739037300000000,DOGEUSDT,5m,0.27868112,0.27913281,0.27777774,0.27913281,1346759
1739037600000000,DOGEUSDT,5m,0.27913281,0.27933175,0.27850281,0.2788786,2153618
1739037900000000,DOGEUSDT,5m,0.2788786,0.27901122,0.2783923,0.27852493,901167
1739038200000000,DOGEUSDT,5m,0.27852493,0.27870176,0.27778444,0.27807179,1431481
1739038500000000,DOGEUSDT,5m,0.27807179,0.27837021,0.2772318,0.27780653,2246995
1739038800000000,DOGEUSDT,5m,0.27780653,0.27848071,0.27780653,0.27825967,1443768
1739039100000000,DOGEUSDT,5m,0.27825967,0.27922116,0.27825967,0.27901118,2066516
1739039400000000,DOGEUSDT,5m,0.27901118,0.27970741,0.27804972,0.2782818,4117571
1739039700000000,DOGEUSDT,5m,0.2782818,0.27891172,0.27809393,0.27809393,2821684
1739040000000000,DOGEUSDT,5m,0.27809393,0.27877821,0.27798356,0.27851333,838393
1739040300000000,DOGEUSDT,5m,0.27851333,0.27868991,0.27791734,0.27814911,2326388
1739040600000000,DOGEUSDT,5m,0.27814911,0.27864577,0.27810496,0.27810496,953985
1739040900000000,DOGEUSDT,5m,0.27810496,0.2787672,0.27749792,0.27749792,608280
1739041200000000,DOGEUSDT,5m,0.27749792,0.27811329,0.27727814,0.27727814,2069928
1739041500000000,DOGEUSDT,5m,0.27727814,0.27803519,0.2764004,0.27803519,1717932
1739041800000000,DOGEUSDT,5m,0.27803519,0.27901703,0.2772409,0.2772409,854258
1739042100000000,DOGEUSDT,5m,0.2772409,0.27750416,0.27678021,0.277208,872219
1739042400000000,DOGEUSDT,5m,0.277208,0.2784472,0.27641842,0.27641842,4403238
1739042700000000,DOGEUSDT,5m,0.27641842,0.27669102,0.27629847,0.27641842,2625743
1739043000000000,DOGEUSDT,5m,0.27641842,0.27706176,0.27605858,0.27678916,2065227
1739043300000000,DOGEUSDT,5m,0.27678916,0.27678916,0.27638569,0.27638569,817992
1739043600000000,DOGEUSDT,5m,0.27638569,0.27741075,0.27528429,0.27741075,2778546
1739043900000000,DOGEUSDT,5m,0.27741075,0.27775131,0.27694935,0.27775131,709121
1739044200000000,DOGEUSDT,5m,0.27775131,0.27798258,0.27752004,0.27798258,713701
1739044500000000,DOGEUSDT,5m,0.27798258,0.27826892,0.27763016,0.27803764,1427105
1739044800000000,DOGEUSDT,5m,0.27803764,0.27855524,0.27753106,0.27850017,1175056
1739045100000000,DOGEUSDT,5m,0.27850017,0.27871011,0.27816871,0.27854437,1207809
1739045400000000,DOGEUSDT,5m,0.27854437,0.27879857,0.27824597,0.27873226,553288
1739045700000000,DOGEUSDT,5m,0.27873226,0.27873226,0.27820174,0.27851121,469641
1739046000000000,DOGEUSDT,5m,0.27851121,0.27879858,0.2783012,0.27878753,1128902
1739046300000000,DOGEUSDT,5m,0.27878753,0.27921858,0.27856648,0.27856648,570959
1739046600000000,DOGEUSDT,5m,0.27856648,0.27893063,0.27812508,0.27877614,672052
1739046900000000,DOGEUSDT,5m,0.27877614,0.27907454,0.27863247,0.27865458,1104567
1739047200000000,DOGEUSDT,5m,0.27865458,0.27899689,0.27810246,0.27899689,731261
1739047500000000,DOGEUSDT,5m,0.27899689,0.27904117,0.27841018,0.27848767,1675855
1739047800000000,DOGEUSDT,5m,0.27848767,0.27879763,0.27848767,0.27873121,499475
1739048100000000,DOGEUSDT,5m,0.27873121,0.27916294,0.27865372,0.2790301,1738048
1739048400000000,DOGEUSDT,5m,0.2790301,0.27918509,0.27881976,0.27911866,1084032
1739048700000000,DOGEUSDT,5m,0.27911866,0.27915188,0.27856512,0.27859833,865738
1739049000000000,DOGEUSDT,5m,0.27859833,0.27893046,0.278078,0.27893046,1206735
1739049300000000,DOGEUSDT,5m,0.27893046,0.2791635,0.27838669,0.2791635,817277
1739049600000000,DOGEUSDT,5m,0.2791635,0.27948586,0.27907457,0.27945251,1135170
1739049900000000,DOGEUSDT,5m,0.27945251,0.27961926,0.27913014,0.27951921,936633
1739050200000000,DOGEUSDT,5m,0.27951921,0.2795748,0.27918571,0.27937469,515286
1739050500000000,DOGEUSDT,5m,0.27937469,0.27960815,0.27934134,0.2795748,670289
1739050800000000,DOGEUSDT,5m,0.2795748,0.28007503,0.27941917,0.27999721,994018
1739051100000000,DOGEUSDT,5m,0.27999721,0.28025288,0.27971932,0.27984159,1391278
1739051400000000,DOGEUSDT,5m,0.27984159,0.27985271,0.27931913,0.27933024,462039
1739051700000000,DOGEUSDT,5m,0.27933024,0.27956369,0.27916349,0.27916349,728295
1739052000000000,DOGEUSDT,5m,0.27916349,0.27987409,0.27889702,0.27889702,1536992
1739052300000000,DOGEUSDT,5m,0.27889702,0.27938462,0.27840942,0.27840942,277498
1739052600000000,DOGEUSDT,5m,0.27840942,0.27887323,0.27838733,0.27881802,1059558
1739052900000000,DOGEUSDT,5m,0.27881802,0.27888427,0.27802294,0.27802294,866467
1739053200000000,DOGEUSDT,5m,0.27802294,0.27842049,0.27753704,0.27842049,2856000
1739053500000000,DOGEUSDT,5m,0.27842049,0.27875274,0.27836512,0.27871951,913734
1739053800000000,DOGEUSDT,5m,0.27871951,0.2795169,0.27768956,0.2795169,1848927
1739054100000000,DOGEUSDT,5m,0.2795169,0.279606,0.27913819,0.279606,1045098
1739054400000000,DOGEUSDT,5m,0.279606,0.27987348,0.27955028,0.27979547,443006
1739054700000000,DOGEUSDT,5m,0.27979547,0.27980662,0.27942767,0.27963943,1173013
1739055000000000,DOGEUSDT,5m,0.27963943,0.28044191,0.27891498,0.27891498,452923
1739055300000000,DOGEUSDT,5m,0.27891498,0.27911455,0.2788041,0.27895933,596568
1739055600000000,DOGEUSDT,5m,0.27895933,0.27949169,0.27842696,0.27842696,473808
1739055900000000,DOGEUSDT,5m,0.27842696,0.27871424,0.27840487,0.2785485,1327734
1739056200000000,DOGEUSDT,5m,0.2785485,0.27895732,0.27813969,0.27813969,343207
1739056500000000,DOGEUSDT,5m,0.27813969,0.27873461,0.27796341,0.2787236,878897
1739056800000000,DOGEUSDT,5m,0.2787236,0.2789219,0.27842614,0.2786575,1145509
1739057100000000,DOGEUSDT,5m,0.2786575,0.27873458,0.27841524,0.27864648,793966
1739057400000000,DOGEUSDT,5m,0.27864648,0.27932914,0.27864648,0.279175,968087
1739057700000000,DOGEUSDT,5m,0.279175,0.27939522,0.27874556,0.27895477,1031998
1739058000000000,DOGEUSDT,5m,0.27895477,0.2794275,0.27881186,0.2790867,1922959
1739058300000000,DOGEUSDT,5m,0.2790867,0.2790867,0.27840444,0.27870155,1724042
1739058600000000,DOGEUSDT,5m,0.27870155,0.27902067,0.27837143,0.27871256,659749
1739058900000000,DOGEUSDT,5m,0.27871256,0.27913075,0.27827236,0.27913075,778344
1739059200000000,DOGEUSDT,5m,0.27913075,0.28012421,0.27913075,0.27915283,2372112
1739059500000000,DOGEUSDT,5m,0.27915283,0.27950606,0.27867817,0.27950606,3419475
1739059800000000,DOGEUSDT,5m,0.27950606,0.27957246,0.27928473,0.27941753,4350025
1739060100000000,DOGEUSDT,5m,0.27941753,0.27992656,0.27912981,0.27964991,846594
1739060400000000,DOGEUSDT,5m,0.27964991,0.28008219,0.27948365,0.27958341,840376
1739060700000000,DOGEUSDT,5m,0.27958341,0.27990486,0.27955015,0.27976076,837532
1739061000000000,DOGEUSDT,5m,0.27976076,0.28011548,0.27929519,0.27962774,1428949
1739061300000000,DOGEUSDT,5m,0.27962774,0.28001536,0.27960559,0.28000428,545305
1739061600000000,DOGEUSDT,5m,0.28000428,0.28018148,0.27967204,0.27974956,416644
1739061900000000,DOGEUSDT,5m,0.27974956,0.28036973,0.27953915,0.27969419,833786
1739062200000000,DOGEUSDT,5m,0.27969419,0.28057983,0.27969419,0.2804027,850311
1739062500000000,DOGEUSDT,5m,0.2804027,0.2806684,0.28003736,0.28052448,2235601
1739062800000000,DOGEUSDT,5m,0.28052448,0.28079041,0.28012558,0.28044692,7291325
1739063100000000,DOGEUSDT,5m,0.28044692,0.28135551,0.27975993,0.27975993,8944449
1739063400000000,DOGEUSDT,5m,0.27975993,0.28063097,0.27969377,0.28049866,2646820
1739063700000000,DOGEUSDT,5m,0.28049866,0.28096173,0.27989226,0.28096173,1247354
1739064000000000,DOGEUSDT,5m,0.28096173,0.28154801,0.28037545,0.28037545,895324
1739064300000000,DOGEUSDT,5m,0.28037545,0.28101437,0.28037545,0.28057373,2112584
1739064600000000,DOGEUSDT,5m,0.28057373,0.28128973,0.28048561,0.28088216,2210101
1739064900000000,DOGEUSDT,5m,0.28088216,0.2813228,0.28016613,0.2813228,2142615
1739065200000000,DOGEUSDT,5m,0.2813228,0.28162116,0.28096918,0.28162116,1434670
1739065500000000,DOGEUSDT,5m,0.28162116,0.28201981,0.28098997,0.28201981,1522527
1739065800000000,DOGEUSDT,5m,0.28201981,0.2822419,0.28180881,0.28216417,1080171
1739066100000000,DOGEUSDT,5m,0.28216417,0.28288602,0.28216417,0.28288602,1264923
1739066400000000,DOGEUSDT,5m,0.28288602,0.2832414,0.28243068,0.28291933,4430150
1739066700000000,DOGEUSDT,5m,0.28291933,0.28326369,0.28248611,0.28326369,1110562
1739067000000000,DOGEUSDT,5m,0.28326369,0.28336392,0.28297416,0.28306325,3029676
1739067300000000,DOGEUSDT,5m,0.28306325,0.28343073,0.28292962,0.28313006,1335520
1739067600000000,DOGEUSDT,5m,0.28313006,0.28318574,0.28213901,0.28228377,1828572
1739067900000000,DOGEUSDT,5m,0.28228377,0.2825176,0.28220582,0.28220582,691712
1739068200000000,DOGEUSDT,5m,0.28220582,0.28257309,0.28213905,0.28252857,855395
1739068500000000,DOGEUSDT,5m,0.28252857,0.28275115,0.28222809,0.28231713,1049700
1739068800000000,DOGEUSDT,5m,0.28231713,0.28286244,0.28227261,0.28272889,978127
1739069100000000,DOGEUSDT,5m,0.28272889,0.28314066,0.28263986,0.2828068,3342055
1739069400000000,DOGEUSDT,5m,0.2828068,0.28310744,0.28235026,0.28310744,885823
1739069700000000,DOGEUSDT,5m,0.28310744,0.28341988,0.28295122,0.28296238,1540063
1739070000000000,DOGEUSDT,5m,0.28296238,0.28364308,0.28232631,0.28232631,1348215
1739070300000000,DOGEUSDT,5m,0.28232631,0.28248183,0.28218189,0.28245962,885796
1739070600000000,DOGEUSDT,5m,0.28245962,0.28268181,0.28217077,0.28268181,792236
1739070900000000,DOGEUSDT,5m,0.28268181,0.28324928,0.28223672,0.28223672,1098005
1739071200000000,DOGEUSDT,5m,0.28223672,0.28284681,0.28223672,0.28284681,1398587
1739071500000000,DOGEUSDT,5m,0.28284681,0.28321286,0.28253622,0.28266933,4129160
1739071800000000,DOGEUSDT,5m,0.28266933,0.28352235,0.28186063,0.28186063,3854080
1739072100000000,DOGEUSDT,5m,0.28186063,0.28347982,0.28038463,0.28038463,6171029
1739072400000000,DOGEUSDT,5m,0.28038463,0.28187801,0.27952348,0.27952348,7320538
1739072700000000,DOGEUSDT,5m,0.27952348,0.28167942,0.27742172,0.27742172,11139393
1739073000000000,DOGEUSDT,5m,0.27742172,0.27838225,0.27633312,0.27838225,6816743
1739073300000000,DOGEUSDT,5m,0.27838225,0.27861868,0.27789865,0.27815657,2254645
1739073600000000,DOGEUSDT,5m,0.27815657,0.27815657,0.27700849,0.27720163,3017318
1739073900000000,DOGEUSDT,5m,0.27720163,0.27803851,0.27632183,0.27803851,2520235
1739074200000000,DOGEUSDT,5m,0.27803851,0.27827599,0.27734765,0.27753116,2193221
1739074500000000,DOGEUSDT,5m,0.27753116,0.27759593,0.27673239,0.27731528,3543089
1739074800000000,DOGEUSDT,5m,0.27731528,0.27811408,0.2772613,0.27769309,1774039
1739075100000000,DOGEUSDT,5m,0.27769309,0.27797375,0.27753117,0.27785501,802088
1739075400000000,DOGEUSDT,5m,0.27785501,0.27820043,0.27709941,0.27820043,3024008
1739075700000000,DOGEUSDT,5m,0.27820043,0.27903362,0.27805976,0.27889295,1118905
1739076000000000,DOGEUSDT,5m,0.27889295,0.2792825,0.27850341,0.27850341,667801
1739076300000000,DOGEUSDT,5m,0.27850341,0.27881632,0.2781797,0.27825523,5583668
1739076600000000,DOGEUSDT,5m,0.27825523,0.27922634,0.27825523,0.27904291,2670141
1739076900000000,DOGEUSDT,5m,0.27904291,0.27921556,0.2788271,0.27903212,713521
1739077200000000,DOGEUSDT,5m,0.27903212,0.27965792,0.27839553,0.27965792,1062315
1739077500000000,DOGEUSDT,5m,0.27965792,0.27983133,0.279452,0.27946283,1113341
1739077800000000,DOGEUSDT,5m,0.27946283,0.27948451,0.27898594,0.27944116,784394
1739078100000000,DOGEUSDT,5m,0.27944116,0.27966873,0.27885596,0.27898601,1452618
1739078400000000,DOGEUSDT,5m,0.27898601,0.27985293,0.27898601,0.27966871,1003730
1739078700000000,DOGEUSDT,5m,0.27966871,0.28069818,0.27857422,0.28069818,2255699
1739079000000000,DOGEUSDT,5m,0.28069818,0.28121123,0.28025061,0.28059993,1311579
1739079300000000,DOGEUSDT,5m,0.28059993,0.2809165,0.28047985,0.28047985,940144
1739079600000000,DOGEUSDT,5m,0.28047985,0.28093796,0.28030534,0.28030534,1958617
1739079900000000,DOGEUSDT,5m,0.28030534,0.28064305,0.28023997,0.28043607,1188874
1739080200000000,DOGEUSDT,5m,0.28043607,0.28115505,0.27937938,0.28115505,1250303
1739080500000000,DOGEUSDT,5m,0.28115505,0.28139594,0.28097985,0.28097985,413555
1739080800000000,DOGEUSDT,5m,0.28097985,0.28106734,0.28006126,0.28030184,2797740
1739081100000000,DOGEUSDT,5m,0.28030184,0.28057524,0.27999565,0.28032372,1346817
1739081400000000,DOGEUSDT,5m,0.28032372,0.28066272,0.27973319,0.28066272,1517680
1739081700000000,DOGEUSDT,5m,0.28066272,0.28105737,0.28031192,0.2805531,1883777
1739082000000000,DOGEUSDT,5m,0.2805531,0.2810245,0.27938006,0.2810245,6500198
1739082300000000,DOGEUSDT,5m,0.2810245,0.28166247,0.28047453,0.28047453,1559953
1739082600000000,DOGEUSDT,5m,0.28047453,0.2805074,0.27988288,0.28001436,2474141
1739082900000000,DOGEUSDT,5m,0.28001436,0.28016775,0.27951036,0.28016775,1325702
1739083200000000,DOGEUSDT,5m,0.28016775,0.28091364,0.28016775,0.28086976,1974680
1739083500000000,DOGEUSDT,5m,0.28086976,0.28101236,0.28065037,0.28080394,1598127
1739083800000000,DOGEUSDT,5m,0.28080394,0.28125348,0.28048598,0.28048598,763657
1739084100000000,DOGEUSDT,5m,0.28048598,0.28070477,0.28032189,0.28056256,908563
1739084400000000,DOGEUSDT,5m,0.28056256,0.2805735,0.28011382,0.28021232,674382
1739084700000000,DOGEUSDT,5m,0.28021232,0.28023421,0.28002625,0.28008098,1330347
1739085000000000,DOGEUSDT,5m,0.28008098,0.28104417,0.28002625,0.2809566,2940260
1739085300000000,DOGEUSDT,5m,0.2809566,0.28144917,0.28079242,0.28079242,3170390
1739085600000000,DOGEUSDT,5m,0.28079242,0.28119741,0.28037648,0.28119741,2780847
1739085900000000,DOGEUSDT,5m,0.28119741,0.28148284,0.28104372,0.28146088,1004503
1739086200000000,DOGEUSDT,5m,0.28146088,0.28168043,0.2811096,0.28155968,2395187
1739086500000000,DOGEUSDT,5m,0.28155968,0.28157065,0.28092299,0.28117547,2957711
1739086800000000,DOGEUSDT,5m,0.28117547,0.28139502,0.28093396,0.28139502,1043493
1739087100000000,DOGEUSDT,5m,0.28139502,0.28179086,0.28092222,0.28109815,8232013
1739087400000000,DOGEUSDT,5m,0.28109815,0.28165889,0.28107616,0.28159292,633532
1739087700000000,DOGEUSDT,5m,0.28159292,0.28159292,0.28109817,0.28137303,1229110
1739088000000000,DOGEUSDT,5m,0.28137303,0.28210964,0.28127408,0.28159291,2307549
1739088300000000,DOGEUSDT,5m,0.28159291,0.28251642,0.28112017,0.28112017,6723189
1739088600000000,DOGEUSDT,5m,0.28112017,0.28117495,0.28082432,0.28117495,827793
1739088900000000,DOGEUSDT,5m,0.28117495,0.28144898,0.28075843,0.28109822,2375210
1739089200000000,DOGEUSDT,5m,0.28109822,0.28142687,0.28098868,0.28114204,2943464
1739089500000000,DOGEUSDT,5m,0.28114204,0.28129541,0.28098868,0.28128445,878000
1739089800000000,DOGEUSDT,5m,0.28128445,0.28137209,0.28063813,0.28126255,2429002
1739090100000000,DOGEUSDT,5m,0.28126255,0.28174457,0.28114204,0.2813721,2166629
1739090400000000,DOGEUSDT,5m,0.2813721,0.2813721,0.28101058,0.28106535,818991
1739090700000000,DOGEUSDT,5m,0.28106535,0.2825552,0.2801342,0.2801342,8520784
1739091000000000,DOGEUSDT,5m,0.2801342,0.2808742,0.27982949,0.27982949,1312531
1739091300000000,DOGEUSDT,5m,0.27982949,0.28018783,0.27956889,0.27999238,2005636
1739091600000000,DOGEUSDT,5m,0.27999238,0.2805142,0.27914441,0.2805142,2081087
1739091900000000,DOGEUSDT,5m,0.2805142,0.28126713,0.27956486,0.28126713,1991291
1739092200000000,DOGEUSDT,5m,0.28126713,0.28185955,0.28098189,0.28098189,971752
1739092500000000,DOGEUSDT,5m,0.28098189,0.28170446,0.28021553,0.28170446,1539597
1739092800000000,DOGEUSDT,5m,0.28170446,0.28211161,0.28120928,0.28134133,3549418
1739093100000000,DOGEUSDT,5m,0.28134133,0.28163767,0.28134133,0.28159377,673680
1739093400000000,DOGEUSDT,5m,0.28159377,0.28235113,0.28125351,0.28127546,2148031
1739093700000000,DOGEUSDT,5m,0.28127546,0.28189013,0.2811657,0.28130839,1276387
1739094000000000,DOGEUSDT,5m,0.28130839,0.2816267,0.28125351,0.28135229,769414
1739094300000000,DOGEUSDT,5m,0.28135229,0.28182443,0.28089113,0.28089113,1037049
1739094600000000,DOGEUSDT,5m,0.28089113,0.28112096,0.28060659,0.28084736,1811691
1739094900000000,DOGEUSDT,5m,0.28084736,0.28115368,0.28037692,0.28115368,629563
1739095200000000,DOGEUSDT,5m,0.28115368,0.28118658,0.28023269,0.28063837,2327622
1739095500000000,DOGEUSDT,5m,0.28063837,0.28110981,0.28049584,0.28075897,2352234
1739095800000000,DOGEUSDT,5m,0.28075897,0.28114268,0.28072608,0.28110979,1142775
1739096100000000,DOGEUSDT,5m,0.28110979,0.28154833,0.28050681,0.28154833,1012034
1739096400000000,DOGEUSDT,5m,0.28154833,0.28191126,0.2811524,0.28190026,2208083
1739096700000000,DOGEUSDT,5m,0.28190026,0.28232918,0.28160332,0.28160332,1869500
1739097000000000,DOGEUSDT,5m,0.28160332,0.28222888,0.28133992,0.28133992,6424159
1739097300000000,DOGEUSDT,5m,0.28133992,0.28187666,0.28132897,0.28166854,1727221
1739097600000000,DOGEUSDT,5m,0.28166854,0.28216146,0.28108798,0.28216146,1001329
1739097900000000,DOGEUSDT,5m,0.28216146,0.28241429,0.28199657,0.28208451,713667
1739098200000000,DOGEUSDT,5m,0.28208451,0.28293049,0.28109571,0.28293049,1739336
1739098500000000,DOGEUSDT,5m,0.28293049,0.28298576,0.28273154,0.28298576,1362462
1739098800000000,DOGEUSDT,5m,0.28298576,0.28371553,0.28288624,0.28295258,1172341
1739099100000000,DOGEUSDT,5m,0.28295258,0.28357166,0.28209029,0.28357166,1362686
1739099400000000,DOGEUSDT,5m,0.28357166,0.28378263,0.28291656,0.28308311,2617535
1739099700000000,DOGEUSDT,5m,0.28308311,0.28353837,0.28270558,0.28270558,1667816
1739100000000000,DOGEUSDT,5m,0.28270558,0.28292706,0.28239551,0.28271665,5060661
1739100300000000,DOGEUSDT,5m,0.28271665,0.28281632,0.28242873,0.28266128,1385251
1739100600000000,DOGEUSDT,5m,0.28266128,0.28315943,0.28212992,0.28315943,1715444
1739100900000000,DOGEUSDT,5m,0.28315943,0.2837371,0.28261509,0.28261509,770351
1739101200000000,DOGEUSDT,5m,0.28261509,0.28264829,0.28125386,0.28172974,6953199
1739101500000000,DOGEUSDT,5m,0.28172974,0.28209494,0.28149733,0.28149733,1531274
1739101800000000,DOGEUSDT,5m,0.28149733,0.28154153,0.28069075,0.28127635,2785927
1739102100000000,DOGEUSDT,5m,0.28127635,0.28190617,0.28052498,0.28190617,7976936
1739102400000000,DOGEUSDT,5m,0.28190617,0.2828163,0.28147331,0.2828163,9510917
1739102700000000,DOGEUSDT,5m,0.2828163,0.28312706,0.2819728,0.28270531,2365346
1739103000000000,DOGEUSDT,5m,0.28270531,0.28299388,0.28249444,0.28263872,1235121
1739103300000000,DOGEUSDT,5m,0.28263872,0.28310464,0.28219498,0.2823281,806760
1739103600000000,DOGEUSDT,5m,0.2823281,0.28257161,0.2819407,0.28196284,2846495
1739103900000000,DOGEUSDT,5m,0.28196284,0.28219529,0.2816197,0.28201818,1203059
1739104200000000,DOGEUSDT,5m,0.28201818,0.28249434,0.28127626,0.28249434,747332
1739104500000000,DOGEUSDT,5m,0.28249434,0.28300542,0.28154995,0.28300542,6296868
1739104800000000,DOGEUSDT,5m,0.28300542,0.2834849,0.28278241,0.28301657,1482696
1739105100000000,DOGEUSDT,5m,0.28301657,0.28309463,0.28232517,0.28244784,2528949
1739105400000000,DOGEUSDT,5m,0.28244784,0.28312809,0.28177874,0.28177874,1324423
1739105700000000,DOGEUSDT,5m,0.28177874,0.2820673,0.28156787,0.28156787,1113181
1739106000000000,DOGEUSDT,5m,0.28156787,0.28192249,0.28110244,0.28118001,983540
1739106300000000,DOGEUSDT,5m,0.28118001,0.28157897,0.28103594,0.28103594,1013553
1739106600000000,DOGEUSDT,5m,0.28103594,0.28140128,0.28062631,0.28062631,2573647
1739106900000000,DOGEUSDT,5m,0.28062631,0.28078131,0.27937525,0.2798956,14743547
1739107200000000,DOGEUSDT,5m,0.2798956,0.28024989,0.27944168,0.28007275,2297128
1739107500000000,DOGEUSDT,5m,0.28007275,0.28007275,0.279176,0.27950813,1886080
1739107800000000,DOGEUSDT,5m,0.27950813,0.2797074,0.27847857,0.2797074,4323984
1739108100000000,DOGEUSDT,5m,0.2797074,0.27977392,0.27884263,0.2792861,4887964
1739108400000000,DOGEUSDT,5m,0.2792861,0.27955219,0.2779889,0.27814412,6794364
1739108700000000,DOGEUSDT,5m,0.27814412,0.27958545,0.27648104,0.27958545,14385034
1739109000000000,DOGEUSDT,5m,0.27958545,0.28031363,0.27856601,0.28031363,8741319
1739109300000000,DOGEUSDT,5m,0.28031363,0.28120323,0.28007715,0.28076406,4695844
1739109600000000,DOGEUSDT,5m,0.28076406,0.28222795,0.27946907,0.27946907,4693654
1739109900000000,DOGEUSDT,5m,0.27946907,0.27965876,0.27887771,0.27958065,3189867
1739110200000000,DOGEUSDT,5m,0.27958065,0.27985961,0.27932401,0.27984845,2075320
1739110500000000,DOGEUSDT,5m,0.27984845,0.28078574,0.27895579,0.27895579,3544199
1739110800000000,DOGEUSDT,5m,0.27895579,0.27969864,0.27779163,0.27969864,3507456
1739111100000000,DOGEUSDT,5m,0.27969864,0.27982125,0.27898526,0.27982125,1549828
1739111400000000,DOGEUSDT,5m,0.27982125,0.28023403,0.27953119,0.2800109,2426065
1739111700000000,DOGEUSDT,5m,0.2800109,0.28051364,0.27982098,0.28050247,1533693
1739112000000000,DOGEUSDT,5m,0.28050247,0.28119509,0.27969813,0.28119509,6828470
1739112300000000,DOGEUSDT,5m,0.28119509,0.28153188,0.28072359,0.28143084,1684853
1739112600000000,DOGEUSDT,5m,0.28143084,0.2817682,0.28112723,0.28154329,3724549
1739112900000000,DOGEUSDT,5m,0.28154329,0.28233102,0.28153204,0.28212846,1073996
1739113200000000,DOGEUSDT,5m,0.28212846,0.28324252,0.28104815,0.28104815,1688707
1739113500000000,DOGEUSDT,5m,0.28104815,0.2818857,0.28093648,0.28112633,3520745
1739113800000000,DOGEUSDT,5m,0.28112633,0.28227656,0.28112633,0.28165119,2894024
1739114100000000,DOGEUSDT,5m,0.28165119,0.28205321,0.28126033,0.28205321,1290978
1739114400000000,DOGEUSDT,5m,0.28205321,0.28295777,0.28191921,0.28258925,5290021
1739114700000000,DOGEUSDT,5m,0.28258925,0.28306944,0.28191921,0.28306944,1267753
1739115000000000,DOGEUSDT,5m,0.28306944,0.28395463,0.28239715,0.28380896,1619191
1739115300000000,DOGEUSDT,5m,0.28380896,0.28380896,0.28317028,0.28368571,2174575
1739115600000000,DOGEUSDT,5m,0.28368571,0.28449243,0.2836633,0.28401064,1938397
1739115900000000,DOGEUSDT,5m,0.28401064,0.2841451,0.28354003,0.28365208,1244080
1739116200000000,DOGEUSDT,5m,0.28365208,0.28412269,0.28361847,0.28364088,761051
1739116500000000,DOGEUSDT,5m,0.28364088,0.28402184,0.28325991,0.28350642,2583835
1739116800000000,DOGEUSDT,5m,0.28350642,0.28361836,0.28261091,0.28343926,2525319
1739117100000000,DOGEUSDT,5m,0.28343926,0.28444674,0.28294671,0.28294671,2824201
1739117400000000,DOGEUSDT,5m,0.28294671,0.28403994,0.28286862,0.28403994,1098796
1739117700000000,DOGEUSDT,5m,0.28403994,0.28410687,0.28312519,0.28410687,2125394
1739118000000000,DOGEUSDT,5m,0.28410687,0.28436357,0.28374973,0.28386134,1416810
1739118300000000,DOGEUSDT,5m,0.28386134,0.28389482,0.2831917,0.28322518,1429503
1739118600000000,DOGEUSDT,5m,0.28322518,0.2832475,0.28236584,0.28302429,2120876
1739118900000000,DOGEUSDT,5m,0.28302429,0.28328098,0.28284573,0.28284573,865514
1739119200000000,DOGEUSDT,5m,0.28284573,0.28316896,0.28282344,0.28286802,609585
1739119500000000,DOGEUSDT,5m,0.28286802,0.28346989,0.28253365,0.28253365,1150306
1739119800000000,DOGEUSDT,5m,0.28253365,0.28280051,0.28243357,0.28265596,751740
1739120100000000,DOGEUSDT,5m,0.28265596,0.28291172,0.28261148,0.28268932,589692
1739120400000000,DOGEUSDT,5m,0.28268932,0.283023,0.28235565,0.28273381,1559786
1739120700000000,DOGEUSDT,5m,0.28273381,0.28282282,0.2825558,0.28282282,1847275
1739121000000000,DOGEUSDT,5m,0.28282282,0.28345743,0.28215481,0.28345743,1432286
1739121300000000,DOGEUSDT,5m,0.28345743,0.28346861,0.28220482,0.28220482,2946784
1739121600000000,DOGEUSDT,5m,0.28220482,0.2828982,0.28191405,0.28230547,3295193
1739121900000000,DOGEUSDT,5m,0.28230547,0.28277552,0.28185781,0.28185781,470417
1739122200000000,DOGEUSDT,5m,0.28185781,0.28189128,0.28018434,0.28059713,1944623
1739122500000000,DOGEUSDT,5m,0.28059713,0.28099876,0.28031822,0.28071985,1280188
1739122800000000,DOGEUSDT,5m,0.28071985,0.28093201,0.28036253,0.28067519,2628665
1739123100000000,DOGEUSDT,5m,0.28067519,0.28079798,0.27977101,0.28044077,2526971
1739123400000000,DOGEUSDT,5m,0.28044077,0.28115518,0.28012821,0.28012821,1810442
1739123700000000,DOGEUSDT,5m,0.28012821,0.28021732,0.27982749,0.28021732,1709201
1739124000000000,DOGEUSDT,5m,0.28021732,0.2802619,0.27970465,0.280039,1784461
1739124300000000,DOGEUSDT,5m,0.280039,0.28025076,0.27952631,0.28012816,1835555
1739124600000000,DOGEUSDT,5m,0.28012816,0.28025076,0.27983838,0.280039,585046
1739124900000000,DOGEUSDT,5m,0.280039,0.28057363,0.27959347,0.27963802,2110343
1739125200000000,DOGEUSDT,5m,0.27963802,0.27970465,0.27852742,0.2788606,1740583
1739125500000000,DOGEUSDT,5m,0.2788606,0.279427,0.27872733,0.27872733,704844
1739125800000000,DOGEUSDT,5m,0.27872733,0.27909347,0.27860528,0.27887157,480844
1739126100000000,DOGEUSDT,5m,0.27887157,0.27934869,0.27880499,0.27913787,1594895
1739126400000000,DOGEUSDT,5m,0.27913787,0.27981471,0.27896033,0.27955951,1598673
1739126700000000,DOGEUSDT,5m,0.27955951,0.28029183,0.27867184,0.28029183,1003401
1739127000000000,DOGEUSDT,5m,0.28029183,0.28071567,0.2802026,0.2802026,485513
1739127300000000,DOGEUSDT,5m,0.2802026,0.28028068,0.27999069,0.28028068,504510
1739127600000000,DOGEUSDT,5m,0.28028068,0.28058199,0.2799124,0.28041459,1548771
1739127900000000,DOGEUSDT,5m,0.28041459,0.28093909,0.2803588,0.28081633,1091984
1739128200000000,DOGEUSDT,5m,0.28081633,0.28096141,0.28054851,0.28096141,512262
1739128500000000,DOGEUSDT,5m,0.28096141,0.28186629,0.28004535,0.28186629,732348
1739128800000000,DOGEUSDT,5m,0.28186629,0.28186629,0.28068571,0.28107924,5628632
1739129100000000,DOGEUSDT,5m,0.28107924,0.28125914,0.28071944,0.28112421,4213560
1739129400000000,DOGEUSDT,5m,0.28112421,0.28151773,0.28046087,0.281484,2175967
1739129700000000,DOGEUSDT,5m,0.281484,0.28175452,0.28131492,0.28147272,972728
1739130000000000,DOGEUSDT,5m,0.28147272,0.28163052,0.2807401,0.28088663,4597590
1739130300000000,DOGEUSDT,5m,0.28088663,0.28125857,0.28025545,0.28052595,1264014
1739130600000000,DOGEUSDT,5m,0.28052595,0.28066085,0.28004256,0.28017746,990597
1739130900000000,DOGEUSDT,5m,0.28017746,0.28073952,0.28016622,0.28054842,685352
1739131200000000,DOGEUSDT,5m,0.28054842,0.28124538,0.28026739,0.28109924,2263128
1739131500000000,DOGEUSDT,5m,0.28109924,0.28194231,0.28102056,0.28190858,1097611
1739131800000000,DOGEUSDT,5m,0.28190858,0.28212217,0.28167252,0.28187486,605755
1739132100000000,DOGEUSDT,5m,0.28187486,0.28287533,0.28148141,0.28148141,1262293
1739132400000000,DOGEUSDT,5m,0.28148141,0.28176166,0.28121238,0.28168319,1554752
1739132700000000,DOGEUSDT,5m,0.28168319,0.2828732,0.28067281,0.28067281,1953713
1739133000000000,DOGEUSDT,5m,0.28067281,0.28081771,0.28002633,0.28081771,1747992
1739133300000000,DOGEUSDT,5m,0.28081771,0.28191117,0.28077308,0.28104087,2195740
1739133600000000,DOGEUSDT,5m,0.28104087,0.28164341,0.28097392,0.28105203,1214261
1739133900000000,DOGEUSDT,5m,0.28105203,0.28146493,0.2806168,0.28146493,1020825
1739134200000000,DOGEUSDT,5m,0.28146493,0.28155447,0.28080458,0.281062,797078
1739134500000000,DOGEUSDT,5m,0.281062,0.28131943,0.2809165,0.2812187,599334
1739134800000000,DOGEUSDT,5m,0.2812187,0.28135301,0.28053594,0.28135301,755697
1739135100000000,DOGEUSDT,5m,0.28135301,0.28177876,0.28101689,0.28101689,618702
1739135400000000,DOGEUSDT,5m,0.28101689,0.28116219,0.28078217,0.28116219,504438
1739135700000000,DOGEUSDT,5m,0.28116219,0.28247133,0.27957333,0.28247133,1250948
1739136000000000,DOGEUSDT,5m,0.28247133,0.28339747,0.28144355,0.28339747,4938886
1739136300000000,DOGEUSDT,5m,0.28339747,0.28367032,0.28237425,0.28367032,2252901
1739136600000000,DOGEUSDT,5m,0.28367032,0.28550428,0.28135795,0.28550428,11553708
1739136900000000,DOGEUSDT,5m,0.28550428,0.28784675,0.28283871,0.28784675,10459169
1739137200000000,DOGEUSDT,5m,0.28784675,0.29054469,0.28484382,0.29054469,16754438
1739137500000000,DOGEUSDT,5m,0.29054469,0.2920148,0.28750884,0.28842916,25060361
1739137800000000,DOGEUSDT,5m,0.28842916,0.28962432,0.28722204,0.2890865,28221319
1739138100000000,DOGEUSDT,5m,0.2890865,0.29141581,0.2887383,0.29043125,8194866
1739138400000000,DOGEUSDT,5m,0.29043125,0.29043125,0.28786181,0.28901446,15958327
1739138700000000,DOGEUSDT,5m,0.28901446,0.29001102,0.28796987,0.2880299,5680705
1739139000000000,DOGEUSDT,5m,0.2880299,0.29000957,0.28787487,0.28948484,12002909
1739139300000000,DOGEUSDT,5m,0.28948484,0.28998572,0.28845923,0.28980684,10877605
1739139600000000,DOGEUSDT,5m,0.28980684,0.29251397,0.28980684,0.29191769,6701937
1739139900000000,DOGEUSDT,5m,0.29191769,0.29212043,0.29129752,0.29195347,3040752
1739140200000000,DOGEUSDT,5m,0.29195347,0.29198925,0.28998516,0.2918461,3119544
1739140500000000,DOGEUSDT,5m,0.2918461,0.29237099,0.29109457,0.29132122,1828114
1739140800000000,DOGEUSDT,5m,0.29132122,0.29514877,0.28749368,0.28749368,10199790
1739141100000000,DOGEUSDT,5m,0.28749368,0.28757473,0.28509693,0.28520114,4529962
1739141400000000,DOGEUSDT,5m,0.28520114,0.28734307,0.28366126,0.28505063,4714130
1739141700000000,DOGEUSDT,5m,0.28505063,0.28560583,0.28399805,0.28457639,5496732
1739142000000000,DOGEUSDT,5m,0.28457639,0.28517788,0.2834775,0.28462266,4599868
1739142300000000,DOGEUSDT,5m,0.28462266,0.28538631,0.28428711,0.28523589,2493647
1739142600000000,DOGEUSDT,5m,0.28523589,0.28617307,0.28523589,0.28590696,2656080
1739142900000000,DOGEUSDT,5m,0.28590696,0.28691355,0.28553671,0.28553671,2014375
1739143200000000,DOGEUSDT,5m,0.28553671,0.28592908,0.28499433,0.28592908,1450847
1739143500000000,DOGEUSDT,5m,0.28592908,0.28631093,0.28545465,0.28563979,2125456
1739143800000000,DOGEUSDT,5m,0.28563979,0.28596314,0.28495846,0.28557051,11574496
1739144100000000,DOGEUSDT,5m,0.28557051,0.28707096,0.28428935,0.28428935,1927108
1739144400000000,DOGEUSDT,5m,0.28428935,0.28482698,0.28409489,0.2841864,1379807
1739144700000000,DOGEUSDT,5m,0.2841864,0.28554768,0.28356868,0.28356868,3213536
1739145000000000,DOGEUSDT,5m,0.28356868,0.28432043,0.28355729,0.28395594,1854796
1739145300000000,DOGEUSDT,5m,0.28395594,0.28442292,0.28343202,0.28442292,1412741
1739145600000000,DOGEUSDT,5m,0.28442292,0.28653695,0.28422866,0.28644553,9425594
1739145900000000,DOGEUSDT,5m,0.28644553,0.28802255,0.28540562,0.28540562,8109792
1739146200000000,DOGEUSDT,5m,0.28540562,0.28568924,0.28437323,0.28517872,11655405
1739146500000000,DOGEUSDT,5m,0.28517872,0.28765192,0.2837606,0.2837606,5440110
1739146800000000,DOGEUSDT,5m,0.2837606,0.28469295,0.28333374,0.28360333,3494981
1739147100000000,DOGEUSDT,5m,0.28360333,0.28363703,0.28262601,0.28271588,3872130
1739147400000000,DOGEUSDT,5m,0.28271588,0.28396281,0.28209803,0.28209803,2350377
1739147700000000,DOGEUSDT,5m,0.28209803,0.28220988,0.28159472,0.28162828,930710
1739148000000000,DOGEUSDT,5m,0.28162828,0.28201975,0.28130391,0.28130391,2190662
1739148300000000,DOGEUSDT,5m,0.28130391,0.28185074,0.28071244,0.28185074,1927026
1739148600000000,DOGEUSDT,5m,0.28185074,0.28217563,0.28148103,0.28176111,1173933
1739148900000000,DOGEUSDT,5m,0.28176111,0.28189555,0.28099929,0.28130178,3550316
1739149200000000,DOGEUSDT,5m,0.28130178,0.28226518,0.28025996,0.28226518,2235840
1739149500000000,DOGEUSDT,5m,0.28226518,0.28270508,0.28166738,0.28270508,2171308
1739149800000000,DOGEUSDT,5m,0.28270508,0.28359896,0.28172067,0.28359896,1975292
1739150100000000,DOGEUSDT,5m,0.28359896,0.28374698,0.28247171,0.2825628,1486166
1739150400000000,DOGEUSDT,5m,0.2825628,0.2825628,0.28132165,0.28159493,2653946
1739150700000000,DOGEUSDT,5m,0.28159493,0.28232371,0.28102557,0.2811736,2253169
1739151000000000,DOGEUSDT,5m,0.2811736,0.28203645,0.28071947,0.28159367,2006327
1739151300000000,DOGEUSDT,5m,0.28159367,0.28244516,0.2802994,0.28244516,2299659
1739151600000000,DOGEUSDT,5m,0.28244516,0.2862714,0.27807068,0.2862714,9789142
1739151900000000,DOGEUSDT,5m,0.2862714,0.28652957,0.28413566,0.28603671,7820994
1739152200000000,DOGEUSDT,5m,0.28603671,0.28727856,0.28560323,0.2858844,4607855
1739152500000000,DOGEUSDT,5m,0.2858844,0.2858844,0.2844551,0.28528691,3954385
1739152800000000,DOGEUSDT,5m,0.28528691,0.28635303,0.28409191,0.28635303,4362216
1739153100000000,DOGEUSDT,5m,0.28635303,0.28755708,0.28560935,0.28582183,6572686
1739153400000000,DOGEUSDT,5m,0.28582183,0.28623497,0.28518441,0.28526704,5617920
1739153700000000,DOGEUSDT,5m,0.28526704,0.28737995,0.28519621,0.28677795,3246870
1739154000000000,DOGEUSDT,5m,0.28677795,0.28696681,0.28531431,0.28665991,4659153
1739154300000000,DOGEUSDT,5m,0.28665991,0.28762697,0.28543341,0.28762697,2245997
1739154600000000,DOGEUSDT,5m,0.28762697,0.2888262,0.28686705,0.28686705,2390569
1739154900000000,DOGEUSDT,5m,0.28686705,0.28733951,0.28534336,0.28733951,3917105
1739155200000000,DOGEUSDT,5m,0.28733951,0.29038497,0.28709066,0.28986357,6443682
1739155500000000,DOGEUSDT,5m,0.28986357,0.29139222,0.28808607,0.29139222,3860480
1739155800000000,DOGEUSDT,5m,0.29139222,0.29139222,0.29018263,0.29054192,3566182
1739156100000000,DOGEUSDT,5m,0.29054192,0.29146404,0.28982338,0.28982338,6847448
1739156400000000,DOGEUSDT,5m,0.28982338,0.29056217,0.28896542,0.28937056,4257698
1739156700000000,DOGEUSDT,5m,0.28937056,0.29068896,0.28896673,0.28913301,2357937
1739157000000000,DOGEUSDT,5m,0.28913301,0.28988133,0.28899048,0.28933494,3566155
1739157300000000,DOGEUSDT,5m,0.28933494,0.29032077,0.28923992,0.28962,2996135
1739157600000000,DOGEUSDT,5m,0.28962,0.2907246,0.28882421,0.28882421,2503343
1739157900000000,DOGEUSDT,5m,0.28882421,0.29063158,0.28739485,0.28739485,5364156
1739158200000000,DOGEUSDT,5m,0.28739485,0.2939215,0.28734807,0.29276355,15481273
1739158500000000,DOGEUSDT,5m,0.29276355,0.29375779,0.291781,0.29185119,9684364
1739158800000000,DOGEUSDT,5m,0.29185119,0.29289222,0.29153537,0.29215531,4171184
1739159100000000,DOGEUSDT,5m,0.29215531,0.29255302,0.29015505,0.29059955,4930760
1739159400000000,DOGEUSDT,5m,0.29059955,0.29140664,0.29050597,0.29051767,3191332
1739159700000000,DOGEUSDT,5m,0.29051767,0.29106714,0.28814443,0.29106714,10365334
1739160000000000,DOGEUSDT,5m,0.29106714,0.29170081,0.28988194,0.29059775,2992534
1739160300000000,DOGEUSDT,5m,0.29059775,0.29118262,0.29049248,0.29101886,2721255
1739160600000000,DOGEUSDT,5m,0.29101886,0.29154524,0.2908317,0.29086679,1616882
1739160900000000,DOGEUSDT,5m,0.29086679,0.29224564,0.2899904,0.2899904,1808925
1739161200000000,DOGEUSDT,5m,0.2899904,0.29025755,0.28928189,0.2898278,1166831
1739161500000000,DOGEUSDT,5m,0.2898278,0.29043112,0.28972337,0.29001343,2881138
1739161800000000,DOGEUSDT,5m,0.29001343,0.29126649,0.28981619,0.2903267,2179711
1739162100000000,DOGEUSDT,5m,0.2903267,0.29037311,0.28914321,0.28946809,2104011
1739162400000000,DOGEUSDT,5m,0.28946809,0.28946809,0.2882962,0.28876031,1043336
1739162700000000,DOGEUSDT,5m,0.28876031,0.28886473,0.28780899,0.28822665,2559563
1739163000000000,DOGEUSDT,5m,0.28822665,0.2894796,0.28815704,0.28888793,2558976
1739163300000000,DOGEUSDT,5m,0.28888793,0.28922437,0.28835426,0.28922437,1462849
1739163600000000,DOGEUSDT,5m,0.28922437,0.2898872,0.288422,0.289236,3805799
1739163900000000,DOGEUSDT,5m,0.289236,0.28927089,0.28838705,0.28927089,1967676
1739164200000000,DOGEUSDT,5m,0.28927089,0.29085243,0.28925926,0.29053845,4638589
1739164500000000,DOGEUSDT,5m,0.29053845,0.29120133,0.28986394,0.29116644,2188504
1739164800000000,DOGEUSDT,5m,0.29116644,0.2914234,0.29088611,0.29107299,557386
1739165100000000,DOGEUSDT,5m,0.29107299,0.29148153,0.29101463,0.29139982,1242178
1739165400000000,DOGEUSDT,5m,0.29139982,0.29212353,0.29074614,0.2918784,2705561
1739165700000000,DOGEUSDT,5m,0.2918784,0.2918784,0.29110803,0.29136482,2756028
1739166000000000,DOGEUSDT,5m,0.29136482,0.29264873,0.29135315,0.29252034,1894605
1739166300000000,DOGEUSDT,5m,0.29252034,0.29406096,0.29252034,0.29288215,3751245
1739166600000000,DOGEUSDT,5m,0.29288215,0.29488971,0.29284713,0.29361748,3658584
1739166900000000,DOGEUSDT,5m,0.29361748,0.29361748,0.29176158,0.29198335,4781254
1739167200000000,DOGEUSDT,5m,0.29198335,0.29264865,0.29158651,0.29177326,2099582
1739167500000000,DOGEUSDT,5m,0.29177326,0.29224011,0.29071116,0.29224011,3069423
1739167800000000,DOGEUSDT,5m,0.29224011,0.29256795,0.29156103,0.29256795,2318312
1739168100000000,DOGEUSDT,5m,0.29256795,0.29322509,0.29239193,0.2924506,1099227
1739168400000000,DOGEUSDT,5m,0.2924506,0.29282579,0.2923099,0.2923099,697462
1739168700000000,DOGEUSDT,5m,0.2923099,0.292755,0.2918531,0.292755,1220608
1739169000000000,DOGEUSDT,5m,0.292755,0.29345995,0.2920618,0.2920618,1851632
1739169300000000,DOGEUSDT,5m,0.2920618,0.29254126,0.29180452,0.29182791,2309789
1739169600000000,DOGEUSDT,5m,0.29182791,0.29206179,0.2913017,0.29180452,1175747
1739169900000000,DOGEUSDT,5m,0.29180452,0.29248281,0.29176944,0.29217875,1713819
1739170200000000,DOGEUSDT,5m,0.29217875,0.2925881,0.29207349,0.29255301,2681589
1739170500000000,DOGEUSDT,5m,0.29255301,0.2925764,0.29201504,0.29247115,1200071
1739170800000000,DOGEUSDT,5m,0.29247115,0.29390964,0.29247115,0.29379269,1589074
1739171100000000,DOGEUSDT,5m,0.29379269,0.29423712,0.29313774,0.29316113,2795022
1739171400000000,DOGEUSDT,5m,0.29316113,0.29352371,0.29278686,0.29352371,2276812
1739171700000000,DOGEUSDT,5m,0.29352371,0.29387546,0.29300781,0.29387546,3966746
1739172000000000,DOGEUSDT,5m,0.29387546,0.29403961,0.29353543,0.29385201,2104514
1739172300000000,DOGEUSDT,5m,0.29385201,0.29385201,0.29308991,0.29321888,2893528
1739172600000000,DOGEUSDT,5m,0.29321888,0.29365269,0.29244506,0.29345337,2220758
1739172900000000,DOGEUSDT,5m,0.29345337,0.29372304,0.29325406,0.29325406,538491
1739173200000000,DOGEUSDT,5m,0.29325406,0.29349995,0.29270373,0.29309013,2461637
1739173500000000,DOGEUSDT,5m,0.29309013,0.29334773,0.29252809,0.29289108,1193859
1739173800000000,DOGEUSDT,5m,0.29289108,0.29323018,0.29243504,0.29313663,991871
1739174100000000,DOGEUSDT,5m,0.29313663,0.29396688,0.2930197,0.29330034,4415284
1739174400000000,DOGEUSDT,5m,0.29330034,0.29368623,0.29269227,0.29331204,1302389
1739174700000000,DOGEUSDT,5m,0.29331204,0.29532327,0.29324188,0.29512448,4570316
1739175000000000,DOGEUSDT,5m,0.29512448,0.29594304,0.29496077,0.29528819,3736693
1739175300000000,DOGEUSDT,5m,0.29528819,0.29622372,0.29456316,0.29541683,3645283
1739175600000000,DOGEUSDT,5m,0.29541683,0.29610747,0.29513589,0.29517101,1389543
1739175900000000,DOGEUSDT,5m,0.29517101,0.29565092,0.29496031,0.29535829,1585832
1739176200000000,DOGEUSDT,5m,0.29535829,0.29561581,0.29410583,0.29432823,4965112
1739176500000000,DOGEUSDT,5m,0.29432823,0.29514757,0.2935206,0.2935206,1403825
1739176800000000,DOGEUSDT,5m,0.2935206,0.29480113,0.29250782,0.29250782,3353617
1739177100000000,DOGEUSDT,5m,0.29250782,0.29307434,0.29183725,0.29300497,1893774
1739177400000000,DOGEUSDT,5m,0.29300497,0.29361982,0.29269174,0.29320218,4823053
1739177700000000,DOGEUSDT,5m,0.29320218,0.29414316,0.29281882,0.29281882,4529265
1739178000000000,DOGEUSDT,5m,0.29281882,0.29328229,0.29262185,0.29267978,1616120
1739178300000000,DOGEUSDT,5m,0.29267978,0.29307336,0.29204312,0.29207785,3726309
1739178600000000,DOGEUSDT,5m,0.29207785,0.29257558,0.29180004,0.29193894,2500137
1739178900000000,DOGEUSDT,5m,0.29193894,0.29239036,0.2916843,0.29236721,1447587
1739179200000000,DOGEUSDT,5m,0.29236721,0.29258713,0.2917769,0.29215886,2408154
1739179500000000,DOGEUSDT,5m,0.29215886,0.29301421,0.29119949,0.29301421,852449
1739179800000000,DOGEUSDT,5m,0.29301421,0.29333976,0.29228173,0.29333976,2986976
1739180100000000,DOGEUSDT,5m,0.29333976,0.29368933,0.29255904,0.29368933,1664057
1739180400000000,DOGEUSDT,5m,0.29368933,0.29406312,0.29359588,0.29373605,1032949
1739180700000000,DOGEUSDT,5m,0.29373605,0.29409817,0.29329217,0.293958,1661994
1739181000000000,DOGEUSDT,5m,0.293958,0.29469394,0.29315196,0.29469394,2163035
1739181300000000,DOGEUSDT,5m,0.29469394,0.29592668,0.29404823,0.29404823,1734221
1739181600000000,DOGEUSDT,5m,0.29404823,0.29443396,0.29331182,0.29389627,1036024
1739181900000000,DOGEUSDT,5m,0.29389627,0.29538083,0.29389627,0.29527562,7051789
1739182200000000,DOGEUSDT,5m,0.29527562,0.2955211,0.29476129,0.2955211,914111
1739182500000000,DOGEUSDT,5m,0.2955211,0.29577871,0.29509957,0.29515811,1708647
1739182800000000,DOGEUSDT,5m,0.29515811,0.29566164,0.29459604,0.29473656,1510963
1739183100000000,DOGEUSDT,5m,0.29473656,0.29513357,0.29433954,0.2947132,1097435
1739183400000000,DOGEUSDT,5m,0.2947132,0.29544894,0.29369719,0.29544894,3308498
1739183700000000,DOGEUSDT,5m,0.29544894,0.29589491,0.29465087,0.29589491,1317224
1739184000000000,DOGEUSDT,5m,0.29589491,0.29664834,0.29442339,0.29664834,2853147
1739184300000000,DOGEUSDT,5m,0.29664834,0.29697963,0.29621056,0.29668383,1513134
1739184600000000,DOGEUSDT,5m,0.29668383,0.29706247,0.29647085,0.2966365,1111079
1739184900000000,DOGEUSDT,5m,0.2966365,0.29707416,0.29645908,0.29664833,2945309
1739185200000000,DOGEUSDT,5m,0.29664833,0.2969914,0.29595036,0.29694408,929457
1739185500000000,DOGEUSDT,5m,0.29694408,0.29787865,0.29690859,0.29739362,1266198
1739185800000000,DOGEUSDT,5m,0.29739362,0.2985293,0.29625794,0.2985293,1698252
1739186100000000,DOGEUSDT,5m,0.2985293,0.2992803,0.29767101,0.29914917,8048379
1739186400000000,DOGEUSDT,5m,0.29914917,0.29931607,0.29874385,0.29926838,970532
1739186700000000,DOGEUSDT,5m,0.29926838,0.29993597,0.29889883,0.29986444,1376851
1739187000000000,DOGEUSDT,5m,0.29986444,0.30026978,0.29935181,0.29950679,855229
1739187300000000,DOGEUSDT,5m,0.29950679,0.30000629,0.29907865,0.29911433,1690666
1739187600000000,DOGEUSDT,5m,0.29911433,0.2994949,0.29876944,0.29876944,924736
1739187900000000,DOGEUSDT,5m,0.29876944,0.29904236,0.29835414,0.29893556,1525397
1739188200000000,DOGEUSDT,5m,0.29893556,0.2992563,0.29861483,0.2992563,855007
1739188500000000,DOGEUSDT,5m,0.2992563,0.29963723,0.29917297,0.29930391,1246974
1739188800000000,DOGEUSDT,5m,0.29930391,0.29994694,0.29905385,0.29905385,1437637
1739189100000000,DOGEUSDT,5m,0.29905385,0.29919651,0.29851887,0.29857831,673368
1739189400000000,DOGEUSDT,5m,0.29857831,0.29924404,0.29788881,0.29924404,2986151
1739189700000000,DOGEUSDT,5m,0.29924404,0.29960228,0.29888579,0.29941122,1668078
1739190000000000,DOGEUSDT,5m,0.29941122,0.30006874,0.29882543,0.29882543,2657741
1739190300000000,DOGEUSDT,5m,0.29882543,0.29920649,0.29811093,0.29853963,1558068
1739190600000000,DOGEUSDT,5m,0.29853963,0.29853963,0.29758697,0.29797994,1793787
1739190900000000,DOGEUSDT,5m,0.29797994,0.29855156,0.29731305,0.29855156,1166281
1739191200000000,DOGEUSDT,5m,0.29855156,0.29885041,0.29843202,0.29865915,1180812
1739191500000000,DOGEUSDT,5m,0.29865915,0.29965129,0.29729644,0.29965129,3435581
1739191800000000,DOGEUSDT,5m,0.29965129,0.30069814,0.29965129,0.30054171,5151858
1739192100000000,DOGEUSDT,5m,0.30054171,0.30073425,0.29974752,0.30031308,2786695
1739192400000000,DOGEUSDT,5m,0.30031308,0.30091474,0.29997615,0.29997615,2542100
1739192700000000,DOGEUSDT,5m,0.29997615,0.30050445,0.29974802,0.29991612,1542036
1739193000000000,DOGEUSDT,5m,0.29991612,0.30147637,0.2998201,0.30096029,6663208
1739193300000000,DOGEUSDT,5m,0.30096029,0.30162042,0.30025214,0.30162042,1242864
1739193600000000,DOGEUSDT,5m,0.30162042,0.30209057,0.30141548,0.30141548,1904995
1739193900000000,DOGEUSDT,5m,0.30141548,0.30187297,0.30107838,0.30134324,1685568
1739194200000000,DOGEUSDT,5m,0.30134324,0.30147562,0.30065731,0.30147562,2005644
1739194500000000,DOGEUSDT,5m,0.30147562,0.3020658,0.30071681,0.3020658,799463
1739194800000000,DOGEUSDT,5m,0.3020658,0.30387965,0.30188442,0.30364989,1625212
1739195100000000,DOGEUSDT,5m,0.30364989,0.30622566,0.30160621,0.30160621,7420740
1739195400000000,DOGEUSDT,5m,0.30160621,0.30271589,0.30092609,0.30092609,6570906
1739195700000000,DOGEUSDT,5m,0.30092609,0.3034444,0.29986887,0.29986887,18926749
1739196000000000,DOGEUSDT,5m,0.29986887,0.30060023,0.29861848,0.29909033,8045494
1739196300000000,DOGEUSDT,5m,0.29909033,0.30003402,0.29780455,0.30003402,7282783
1739196600000000,DOGEUSDT,5m,0.30003402,0.30003402,0.29917929,0.29923864,2180952
1739196900000000,DOGEUSDT,5m,0.29923864,0.30023579,0.29825337,0.29825337,3147005
1739197200000000,DOGEUSDT,5m,0.29825337,0.29909063,0.29683828,0.29909063,3638941
1739197500000000,DOGEUSDT,5m,0.29909063,0.2995531,0.29882975,0.29945824,1524851
1739197800000000,DOGEUSDT,5m,0.29945824,0.3011302,0.29881791,0.30035943,3016842
1739198100000000,DOGEUSDT,5m,0.30035943,0.302755,0.29702698,0.302755,6821570
1739198400000000,DOGEUSDT,5m,0.302755,0.30321288,0.30181515,0.30304419,2320365
1739198700000000,DOGEUSDT,5m,0.30304419,0.30374309,0.3012608,0.3014536,4572092
1739199000000000,DOGEUSDT,5m,0.3014536,0.30258625,0.30032095,0.30032095,1261298
1739199300000000,DOGEUSDT,5m,0.30032095,0.30078736,0.29992629,0.30004589,8402921
1739199600000000,DOGEUSDT,5m,0.30004589,0.3014331,0.29930444,0.29930444,3545185
1739199900000000,DOGEUSDT,5m,0.29930444,0.30017313,0.29918544,0.30010173,2883246
1739200200000000,DOGEUSDT,5m,0.30010173,0.30095852,0.29964954,0.29964954,3897610
1739200500000000,DOGEUSDT,5m,0.29964954,0.30090712,0.29828517,0.30090712,3579282
1739200800000000,DOGEUSDT,5m,0.30090712,0.3010507,0.29987818,0.3006439,2399946
1739201100000000,DOGEUSDT,5m,0.3006439,0.30097892,0.29935169,0.30097892,2132212
1739201400000000,DOGEUSDT,5m,0.30097892,0.30161446,0.30082304,0.30103888,1251237
1739201700000000,DOGEUSDT,5m,0.30103888,0.30231,0.29952793,0.30231,3821086
1739202000000000,DOGEUSDT,5m,0.30231,0.3030235,0.30210441,0.30299932,3475315
1739202300000000,DOGEUSDT,5m,0.30299932,0.30354352,0.30260024,0.30283001,1524359
1739202600000000,DOGEUSDT,5m,0.30283001,0.30428127,0.30152387,0.30152387,1177403
1739202900000000,DOGEUSDT,5m,0.30152387,0.30191954,0.30121213,0.30143994,917139
1739203200000000,DOGEUSDT,5m,0.30143994,0.30259098,0.30072055,0.30072055,3494717
1739203500000000,DOGEUSDT,5m,0.30072055,0.30173488,0.30036255,0.30171101,3101670
1739203800000000,DOGEUSDT,5m,0.30171101,0.30247472,0.30144849,0.30163942,2477394
1739204100000000,DOGEUSDT,5m,0.30163942,0.3022599,0.30092347,0.30155589,1391446
1739204400000000,DOGEUSDT,5m,0.30155589,0.30224759,0.30112656,0.30224759,1947981
1739204700000000,DOGEUSDT,5m,0.30224759,0.30290351,0.30146048,0.30290351,2179831
1739205000000000,DOGEUSDT,5m,0.30290351,0.30410123,0.30139438,0.30410123,2927145
1739205300000000,DOGEUSDT,5m,0.30410123,0.30470484,0.30379942,0.30431853,2739196
1739205600000000,DOGEUSDT,5m,0.30431853,0.3052481,0.30431853,0.3052481,2875147
1739205900000000,DOGEUSDT,5m,0.3052481,0.30635875,0.30517566,0.30635875,3774146
1739206200000000,DOGEUSDT,5m,0.30635875,0.3070348,0.30608108,0.30661226,4218898
1739206500000000,DOGEUSDT,5m,0.30661226,0.30722897,0.30660017,0.30674528,2085619
1739206800000000,DOGEUSDT,5m,0.30674528,0.30695084,0.30593513,0.30695084,3227521
1739207100000000,DOGEUSDT,5m,0.30695084,0.3074957,0.30635755,0.30727776,2916252
1739207400000000,DOGEUSDT,5m,0.30727776,0.30727776,0.30580956,0.30623425,2198932
1739207700000000,DOGEUSDT,5m,0.30623425,0.30658613,0.30567609,0.30650119,705536
1739208000000000,DOGEUSDT,5m,0.30650119,0.30707148,0.3059309,0.3059309,1096346
1739208300000000,DOGEUSDT,5m,0.3059309,0.30757498,0.30503633,0.30503633,2907229
1739208600000000,DOGEUSDT,5m,0.30503633,0.30578146,0.30463973,0.30539688,1359621
1739208900000000,DOGEUSDT,5m,0.30539688,0.30581851,0.30487887,0.30518004,1596116
1739209200000000,DOGEUSDT,5m,0.30518004,0.30526436,0.30430066,0.30486683,1670539
1739209500000000,DOGEUSDT,5m,0.30486683,0.3050114,0.30431268,0.30486683,1387591
1739209800000000,DOGEUSDT,5m,0.30486683,0.30597509,0.30474637,0.30581849,1678061
1739210100000000,DOGEUSDT,5m,0.30581849,0.30617989,0.30526434,0.305951,1027160
1739210400000000,DOGEUSDT,5m,0.305951,0.30792846,0.30587866,0.30732558,6846457
1739210700000000,DOGEUSDT,5m,0.30732558,0.30767523,0.30667449,0.30767523,2948764
1739211000000000,DOGEUSDT,5m,0.30767523,0.30789277,0.30724017,0.30724017,2837831
1739211300000000,DOGEUSDT,5m,0.30724017,0.30779606,0.30608004,0.30779606,3073786
1739211600000000,DOGEUSDT,5m,0.30779606,0.30825696,0.30748071,0.30790522,1754653
1739211900000000,DOGEUSDT,5m,0.30790522,0.3088755,0.30769904,0.30886337,1120535
1739212200000000,DOGEUSDT,5m,0.30886337,0.30965172,0.30784458,0.30965172,1976419
1739212500000000,DOGEUSDT,5m,0.30965172,0.31007837,0.30912755,0.31007837,1205797
1739212800000000,DOGEUSDT,5m,0.31007837,0.31048176,0.30995614,0.3100906,1442337
1739213100000000,DOGEUSDT,5m,0.3100906,0.31057957,0.30984612,0.30984612,2027284
1739213400000000,DOGEUSDT,5m,0.30984612,0.31029768,0.3095166,0.31017563,2786575
1739213700000000,DOGEUSDT,5m,0.31017563,0.31052955,0.30995596,0.31049294,1777207
1739214000000000,DOGEUSDT,5m,0.31049294,0.31074922,0.30984613,0.310676,1402974
1739214300000000,DOGEUSDT,5m,0.310676,0.31116415,0.3100658,0.31010241,866589
1739214600000000,DOGEUSDT,5m,0.31010241,0.31143259,0.31010241,0.31095665,1779719
1739214900000000,DOGEUSDT,5m,0.31095665,0.31131055,0.31072479,0.31106649,1976396
1739215200000000,DOGEUSDT,5m,0.31106649,0.31121292,0.31066379,0.31094446,540248
1739215500000000,DOGEUSDT,5m,0.31094446,0.31127392,0.31077362,0.31110309,833354
1739215800000000,DOGEUSDT,5m,0.31110309,0.31179937,0.31027244,0.31179937,1155629
1739216100000000,DOGEUSDT,5m,0.31179937,0.31198343,0.31127173,0.31192208,1080228
1739216400000000,DOGEUSDT,5m,0.31192208,0.31208172,0.31156594,0.31168875,909038
1739216700000000,DOGEUSDT,5m,0.31168875,0.31170103,0.31047304,0.31047304,1186575
1739217000000000,DOGEUSDT,5m,0.31047304,0.31106243,0.31039936,0.3106695,918005
1739217300000000,DOGEUSDT,5m,0.3106695,0.31111154,0.31038708,0.31109926,737601
1739217600000000,DOGEUSDT,5m,0.31109926,0.31133256,0.31075545,0.31128345,962591
1739217900000000,DOGEUSDT,5m,0.31128345,0.31223001,0.31050899,0.31050899,1272772
1739218200000000,DOGEUSDT,5m,0.31050899,0.3107414,0.31015426,0.31028881,2621421
1739218500000000,DOGEUSDT,5m,0.31028881,0.31094838,0.30962925,0.31094838,714070
1739218800000000,DOGEUSDT,5m,0.31094838,0.31125503,0.31088705,0.3112305,248548
1739219100000000,DOGEUSDT,5m,0.3112305,0.31197871,0.31062948,0.31062948,2180414
1739219400000000,DOGEUSDT,5m,0.31062948,0.31122821,0.31032401,0.31032401,2178236
1739219700000000,DOGEUSDT,5m,0.31032401,0.31038498,0.30997037,0.31008012,444339
1739220000000000,DOGEUSDT,5m,0.31008012,0.31171417,0.30847045,0.30847045,2404316
1739220300000000,DOGEUSDT,5m,0.30847045,0.3095083,0.30809634,0.30888076,5792307
1739220600000000,DOGEUSDT,5m,0.30888076,0.30896524,0.30758954,0.30785502,3330125
1739220900000000,DOGEUSDT,5m,0.30785502,0.30857905,0.30742061,0.30742061,2312458
1739221200000000,DOGEUSDT,5m,0.30742061,0.30779362,0.30689118,0.30779362,768289
1739221500000000,DOGEUSDT,5m,0.30779362,0.30784187,0.30710612,0.30732323,519856
1739221800000000,DOGEUSDT,5m,0.30732323,0.30774539,0.30670807,0.30774539,619873
1739222100000000,DOGEUSDT,5m,0.30774539,0.30821711,0.30715271,0.30821711,1063237
1739222400000000,DOGEUSDT,5m,0.30821711,0.30858111,0.30795019,0.30795019,1950826
1739222700000000,DOGEUSDT,5m,0.30795019,0.30851946,0.30795019,0.30843467,809212
1739223000000000,DOGEUSDT,5m,0.30843467,0.30893129,0.30765947,0.30893129,1348491
1739223300000000,DOGEUSDT,5m,0.30893129,0.30959965,0.30863964,0.30863964,545753
1739223600000000,DOGEUSDT,5m,0.30863964,0.30865177,0.30834852,0.30836065,752512
1739223900000000,DOGEUSDT,5m,0.30836065,0.30910053,0.30741458,0.30910053,2056248
1739224200000000,DOGEUSDT,5m,0.30910053,0.30970994,0.30855207,0.30855207,1105968
1739224500000000,DOGEUSDT,5m,0.30855207,0.30874639,0.30840633,0.30840633,1442892
1739224800000000,DOGEUSDT,5m,0.30840633,0.30858834,0.30755696,0.30800592,1512448
1739225100000000,DOGEUSDT,5m,0.30800592,0.30832141,0.30781177,0.30804232,1069980
1739225400000000,DOGEUSDT,5m,0.30804232,0.3082001,0.30761753,0.30817582,1162069
1739225700000000,DOGEUSDT,5m,0.30817582,0.30891616,0.30732625,0.30891616,1768939
1739226000000000,DOGEUSDT,5m,0.30891616,0.30972105,0.30812348,0.30812348,856326
1739226300000000,DOGEUSDT,5m,0.30812348,0.30904553,0.30805068,0.30896061,904845
1739226600000000,DOGEUSDT,5m,0.30896061,0.30932457,0.30888781,0.30902127,817150
1739226900000000,DOGEUSDT,5m,0.30902127,0.3090334,0.30783179,0.30792889,978453
1739227200000000,DOGEUSDT,5m,0.30792889,0.30864498,0.30792889,0.30828086,1622884
1739227500000000,DOGEUSDT,5m,0.30828086,0.30851146,0.30809882,0.30809882,335804
1739227800000000,DOGEUSDT,5m,0.30809882,0.30966265,0.30648649,0.30966265,729506
1739228100000000,DOGEUSDT,5m,0.30966265,0.311022,0.30966265,0.31045866,1494147
1739228400000000,DOGEUSDT,5m,0.31045866,0.31072807,0.30965043,0.31010353,3432801
1739228700000000,DOGEUSDT,5m,0.31010353,0.31064233,0.3090994,0.31064233,2824807
1739229000000000,DOGEUSDT,5m,0.31064233,0.31107241,0.31044572,0.3109864,664319
1739229300000000,DOGEUSDT,5m,0.3109864,0.31205542,0.3109864,0.31204313,2144439
1739229600000000,DOGEUSDT,5m,0.31204313,0.31230117,0.31171136,0.31230117,584054
1739229900000000,DOGEUSDT,5m,0.31230117,0.3126581,0.31166116,0.3126581,695733
1739230200000000,DOGEUSDT,5m,0.3126581,0.31307752,0.31241137,0.31286781,821830
1739230500000000,DOGEUSDT,5m,0.31286781,0.31375717,0.31286781,0.31317661,691567
1739230800000000,DOGEUSDT,5m,0.31317661,0.31411538,0.31315191,0.31406597,1908194
1739231100000000,DOGEUSDT,5m,0.31406597,0.31496764,0.31358425,0.31358425,2383221
1739231400000000,DOGEUSDT,5m,0.31358425,0.31410144,0.31306707,0.31306707,947856
1739231700000000,DOGEUSDT,5m,0.31306707,0.31364394,0.31301798,0.31349665,1828250
1739232000000000,DOGEUSDT,5m,0.31349665,0.31460134,0.31304251,0.31321435,2658980
1739232300000000,DOGEUSDT,5m,0.31321435,0.31471181,0.31312843,0.31407354,2325055
1739232600000000,DOGEUSDT,5m,0.31407354,0.31487137,0.3139508,0.31441722,1779815
1739232900000000,DOGEUSDT,5m,0.31441722,0.31554645,0.31380351,0.31382806,4220315
1739233200000000,DOGEUSDT,5m,0.31382806,0.31398703,0.31326553,0.31398703,992477
1739233500000000,DOGEUSDT,5m,0.31398703,0.31597003,0.31391359,0.31513766,7220801
1739233800000000,DOGEUSDT,5m,0.31513766,0.31568852,0.31442767,0.3147337,4061917
1739234100000000,DOGEUSDT,5m,0.3147337,0.31713298,0.31343614,0.31343614,17943702
1739234400000000,DOGEUSDT,5m,0.31343614,0.31444381,0.31308406,0.31371537,4702990
1739234700000000,DOGEUSDT,5m,0.31371537,0.31449237,0.31228277,0.31449237,5302604
1739235000000000,DOGEUSDT,5m,0.31449237,0.3146876,0.31402872,0.31432155,2960078
1739235300000000,DOGEUSDT,5m,0.31432155,0.31494385,0.31415073,0.31487064,1622663
1739235600000000,DOGEUSDT,5m,0.31487064,0.31628612,0.3141629,0.3141629,4065359
1739235900000000,DOGEUSDT,5m,0.3141629,0.31417505,0.31336119,0.3135434,1979015
1739236200000000,DOGEUSDT,5m,0.3135434,0.31434508,0.31262024,0.31434508,1163156
1739236500000000,DOGEUSDT,5m,0.31434508,0.31479679,0.31395441,0.31401545,1260883
1739236800000000,DOGEUSDT,5m,0.31401545,0.31485784,0.31324631,0.31324631,6602099
1739237100000000,DOGEUSDT,5m,0.31324631,0.31365937,0.31303978,0.31328276,1832185
1739237400000000,DOGEUSDT,5m,0.31328276,0.31420607,0.31235944,0.31235944,1471529
1739237700000000,DOGEUSDT,5m,0.31235944,0.31269763,0.31200918,0.31209373,3353590
1739238000000000,DOGEUSDT,5m,0.31209373,0.31262426,0.31180435,0.31235899,6689842
1739238300000000,DOGEUSDT,5m,0.31235899,0.31276963,0.31175512,0.31223822,1880098
1739238600000000,DOGEUSDT,5m,0.31223822,0.31321574,0.31180377,0.31290196,1941209
1739238900000000,DOGEUSDT,5m,0.31290196,0.31304678,0.31255199,0.31304678,1076214
1739239200000000,DOGEUSDT,5m,0.31304678,0.3148466,0.31293807,0.31362659,10341281
1739239500000000,DOGEUSDT,5m,0.31362659,0.31400103,0.31303473,0.31400103,2316206
1739239800000000,DOGEUSDT,5m,0.31400103,0.31467904,0.31305667,0.31467904,2039970
1739240100000000,DOGEUSDT,5m,0.31467904,0.31500733,0.31358471,0.31421699,3198614
1739240400000000,DOGEUSDT,5m,0.31421699,0.31425346,0.31295248,0.3133294,3750447
1739240700000000,DOGEUSDT,5m,0.3133294,0.31410756,0.31253909,0.31410756,1698930
1739241000000000,DOGEUSDT,5m,0.31410756,0.31487737,0.31320334,0.31487737,4878887
1739241300000000,DOGEUSDT,5m,0.31487737,0.31567549,0.31482826,0.31523346,1308273
1739241600000000,DOGEUSDT,5m,0.31523346,0.31590876,0.31496333,0.31576142,3135535
1739241900000000,DOGEUSDT,5m,0.31576142,0.31680508,0.31561408,0.31630167,3354847
1739242200000000,DOGEUSDT,5m,0.31630167,0.31675599,0.316228,0.31631395,1111048
1739242500000000,DOGEUSDT,5m,0.31631395,0.31651042,0.31587188,0.31590872,752082
1739242800000000,DOGEUSDT,5m,0.31590872,0.31593328,0.3148895,0.31492634,1375738
1739243100000000,DOGEUSDT,5m,0.31492634,0.31523332,0.31468075,0.31480354,7597422
1739243400000000,DOGEUSDT,5m,0.31480354,0.31513483,0.3146195,0.31512256,949488
1739243700000000,DOGEUSDT,5m,0.31512256,0.31533113,0.31453363,0.3145459,1081552
1739244000000000,DOGEUSDT,5m,0.3145459,0.31511031,0.31396923,0.31508577,1332407
1739244300000000,DOGEUSDT,5m,0.31508577,0.31528209,0.31463179,0.31486492,1505261
1739244600000000,DOGEUSDT,5m,0.31486492,0.31522072,0.31460726,0.31498761,527766
1739244900000000,DOGEUSDT,5m,0.31498761,0.31512268,0.31461923,0.31487709,1313475
1739245200000000,DOGEUSDT,5m,0.31487709,0.3152452,0.31457034,0.31457034,761110
1739245500000000,DOGEUSDT,5m,0.31457034,0.3156603,0.31447237,0.31540312,1725307
1739245800000000,DOGEUSDT,5m,0.31540312,0.3154766,0.31503573,0.31530515,1906560
1739246100000000,DOGEUSDT,5m,0.31530515,0.31589297,0.31479081,0.31479081,1293091
1739246400000000,DOGEUSDT,5m,0.31479081,0.31540113,0.31472977,0.3149617,1511636
1739246700000000,DOGEUSDT,5m,0.3149617,0.31563305,0.31475419,0.31475419,1956483
1739247000000000,DOGEUSDT,5m,0.31475419,0.31548563,0.31398617,0.31548563,2019219
1739247300000000,DOGEUSDT,5m,0.31548563,0.31609799,0.31538766,0.31609799,847096
1739247600000000,DOGEUSDT,5m,0.31609799,0.31701656,0.316049,0.316049,1658309
1739247900000000,DOGEUSDT,5m,0.316049,0.31647755,0.31574289,0.31576738,862429
1739248200000000,DOGEUSDT,5m,0.31576738,0.3171363,0.31466736,0.31466736,8765701
1739248500000000,DOGEUSDT,5m,0.31466736,0.31541989,0.31421827,0.31421827,5687697
1739248800000000,DOGEUSDT,5m,0.31421827,0.31465398,0.31406093,0.3143393,3026867
1739249100000000,DOGEUSDT,5m,0.3143393,0.31631201,0.31321376,0.31321376,13300368
1739249400000000,DOGEUSDT,5m,0.31321376,0.31477569,0.31182005,0.31182005,8179295
1739249700000000,DOGEUSDT,5m,0.31182005,0.31234403,0.31087925,0.31234403,7626732
1739250000000000,DOGEUSDT,5m,0.31234403,0.3149011,0.3116271,0.31414832,12941088
1739250300000000,DOGEUSDT,5m,0.31414832,0.31493694,0.31386154,0.31476966,8574850
1739250600000000,DOGEUSDT,5m,0.31476966,0.31486525,0.31378989,0.31394522,4089670
1739250900000000,DOGEUSDT,5m,0.31394522,0.31441117,0.31291773,0.31441117,4420748
1739251200000000,DOGEUSDT,5m,0.31441117,0.31557348,0.31403971,0.31539374,9580407
1739251500000000,DOGEUSDT,5m,0.31539374,0.31590901,0.31461484,0.31489045,6492480
1739251800000000,DOGEUSDT,5m,0.31489045,0.31517713,0.31409015,0.31463961,5325403
1739252100000000,DOGEUSDT,5m,0.31463961,0.31725544,0.31360045,0.31360045,11047941
1739252400000000,DOGEUSDT,5m,0.31360045,0.31418187,0.31312582,0.31417001,3826621
1739252700000000,DOGEUSDT,5m,0.31417001,0.31417001,0.31324448,0.31336313,3639786
1739253000000000,DOGEUSDT,5m,0.31336313,0.31616377,0.31300712,0.31571282,7823927
1739253300000000,DOGEUSDT,5m,0.31571282,0.31743355,0.31471598,0.31471598,12173859
1739253600000000,DOGEUSDT,5m,0.31471598,0.31484571,0.31289988,0.31295885,3453548
1739253900000000,DOGEUSDT,5m,0.31295885,0.31297064,0.31206256,0.3125107,3278989
1739254200000000,DOGEUSDT,5m,0.3125107,0.31275836,0.31209794,0.31247532,3656114
1739254500000000,DOGEUSDT,5m,0.31247532,0.31262865,0.31200354,0.31261686,4469602
1739254800000000,DOGEUSDT,5m,0.31261686,0.31371376,0.31261686,0.31352505,3869021
1739255100000000,DOGEUSDT,5m,0.31352505,0.31371375,0.31291175,0.31352505,3779002
1739255400000000,DOGEUSDT,5m,0.31352505,0.31456297,0.31304147,0.31445682,2058031
1739255700000000,DOGEUSDT,5m,0.31445682,0.3164855,0.31433888,0.31606089,8243412
1739256000000000,DOGEUSDT,5m,0.31606089,0.31614346,0.31523527,0.31609628,7011610
1739256300000000,DOGEUSDT,5m,0.31609628,0.3182315,0.31523511,0.3171108,11477605
1739256600000000,DOGEUSDT,5m,0.3171108,0.31891572,0.31666253,0.31680409,19181839
1739256900000000,DOGEUSDT,5m,0.31680409,0.31766522,0.31623786,0.31623786,3735249
1739257200000000,DOGEUSDT,5m,0.31623786,0.31669628,0.31456875,0.31669628,5247378
1739257500000000,DOGEUSDT,5m,0.31669628,0.31778081,0.31543492,0.31778081,2620807
1739257800000000,DOGEUSDT,5m,0.31778081,0.31811315,0.31749596,0.3175553,1950063
1739258100000000,DOGEUSDT,5m,0.3175553,0.31806567,0.31727045,0.31803006,4669522
1739258400000000,DOGEUSDT,5m,0.31803006,0.31889653,0.31683125,0.31772146,4469100
1739258700000000,DOGEUSDT,5m,0.31772146,0.31806566,0.31750782,0.31780454,2770071
1739259000000000,DOGEUSDT,5m,0.31780454,0.3185764,0.3173058,0.31799454,2753095
1739259300000000,DOGEUSDT,5m,0.31799454,0.31839875,0.31781621,0.31807776,2217623
1739259600000000,DOGEUSDT,5m,0.31807776,0.31873163,0.31807776,0.31848197,2971892
1739259900000000,DOGEUSDT,5m,0.31848197,0.3195282,0.31743574,0.3195282,4399996
1739260200000000,DOGEUSDT,5m,0.3195282,0.31985132,0.31864261,0.31985132,3205774
1739260500000000,DOGEUSDT,5m,0.31985132,0.32005517,0.31920377,0.31952754,2290005
1739260800000000,DOGEUSDT,5m,0.31952754,0.3204389,0.31943161,0.31977937,7022601
1739261100000000,DOGEUSDT,5m,0.31977937,0.32007917,0.3191198,0.32007917,3244814
1739261400000000,DOGEUSDT,5m,0.32007917,0.32013924,0.31929819,0.32007917,3671166
1739261700000000,DOGEUSDT,5m,0.32007917,0.32048768,0.31939431,0.32048768,3049356
1739262000000000,DOGEUSDT,5m,0.32048768,0.32101769,0.31975289,0.32101769,3773280
1739262300000000,DOGEUSDT,5m,0.32101769,0.32130774,0.32052218,0.32084849,4557879
1739262600000000,DOGEUSDT,5m,0.32084849,0.32261292,0.32077598,0.32221411,4851299
1739262900000000,DOGEUSDT,5m,0.32221411,0.32308424,0.32142857,0.32142857,2638377
1739263200000000,DOGEUSDT,5m,0.32142857,0.3227876,0.32141655,0.3219337,4593385
1739263500000000,DOGEUSDT,5m,0.3219337,0.32266739,0.32077904,0.32266739,1973124
1739263800000000,DOGEUSDT,5m,0.32266739,0.32319901,0.32229284,0.32288487,3937378
1739264100000000,DOGEUSDT,5m,0.32288487,0.32288487,0.32252239,0.32275196,2764527
1739264400000000,DOGEUSDT,5m,0.32275196,0.32347695,0.32254655,0.32271571,2102911
1739264700000000,DOGEUSDT,5m,0.32271571,0.32315061,0.32196673,0.32212377,1511769
1739265000000000,DOGEUSDT,5m,0.32212377,0.32265533,0.32199088,0.32231707,1457502
1739265300000000,DOGEUSDT,5m,0.32231707,0.32331978,0.32187008,0.32206337,2361394
1739265600000000,DOGEUSDT,5m,0.32206337,0.32357342,0.32182176,0.32318685,1999773
1739265900000000,DOGEUSDT,5m,0.32318685,0.32360968,0.3227761,0.32310228,2059677
1739266200000000,DOGEUSDT,5m,0.32310228,0.32335584,0.32231746,0.32255895,3077221
1739266500000000,DOGEUSDT,5m,0.32255895,0.32260724,0.32168965,0.32208807,1792797
1739266800000000,DOGEUSDT,5m,0.32208807,0.3223054,0.3203374,0.32075998,12609926
1739267100000000,DOGEUSDT,5m,0.32075998,0.32149647,0.32018044,0.32018044,3350811
1739267400000000,DOGEUSDT,5m,0.32018044,0.32109473,0.31835187,0.32109473,2851733
1739267700000000,DOGEUSDT,5m,0.32109473,0.3214819,0.32058657,0.3214819,3375972
1739268000000000,DOGEUSDT,5m,0.3214819,0.32213684,0.32074205,0.3220762,3947758
1739268300000000,DOGEUSDT,5m,0.3220762,0.32269705,0.32138231,0.32158926,3521974
1739268600000000,DOGEUSDT,5m,0.32158926,0.32243877,0.32154071,0.32168634,1947796
1739268900000000,DOGEUSDT,5m,0.32168634,0.3227058,0.32116448,0.32249948,1778229
1739269200000000,DOGEUSDT,5m,0.32249948,0.32266939,0.32178343,0.3219048,1698907
1739269500000000,DOGEUSDT,5m,0.3219048,0.32217181,0.32008428,0.3203877,4196254
1739269800000000,DOGEUSDT,5m,0.3203877,0.32100665,0.32030274,0.3207882,3902415
1739270100000000,DOGEUSDT,5m,0.3207882,0.32145572,0.32033913,0.32033913,2700759
1739270400000000,DOGEUSDT,5m,0.32033913,0.32033913,0.31963719,0.32010919,2868634
1739270700000000,DOGEUSDT,5m,0.32010919,0.32096843,0.31939517,0.31939517,3295360
1739271000000000,DOGEUSDT,5m,0.31939517,0.31956385,0.31881684,0.31898552,2024462
1739271300000000,DOGEUSDT,5m,0.31898552,0.31937106,0.31879275,0.31887709,2454928
1739271600000000,DOGEUSDT,5m,0.31887709,0.31921443,0.31859998,0.31859998,1057372
1739271900000000,DOGEUSDT,5m,0.31859998,0.31906904,0.31780619,0.3178543,3332549
1739272200000000,DOGEUSDT,5m,0.3178543,0.31802268,0.31722886,0.31802268,2310183
1739272500000000,DOGEUSDT,5m,0.31802268,0.31866082,0.31754107,0.31754107,3433405
1739272800000000,DOGEUSDT,5m,0.31754107,0.31826133,0.31701287,0.31701287,3358455
1739273100000000,DOGEUSDT,5m,0.31701287,0.31731197,0.31696502,0.31712055,2668983
1739273400000000,DOGEUSDT,5m,0.31712055,0.31739573,0.31684536,0.31739573,2554311
1739273700000000,DOGEUSDT,5m,0.31739573,0.31783919,0.31706014,0.31765941,2249883
1739274000000000,DOGEUSDT,5m,0.31765941,0.31768342,0.31687904,0.31731125,2092051
1739274300000000,DOGEUSDT,5m,0.31731125,0.31815165,0.31731125,0.31791153,1661877
1739274600000000,DOGEUSDT,5m,0.31791153,0.31825968,0.31780348,0.31824768,999415
1739274900000000,DOGEUSDT,5m,0.31824768,0.31846377,0.31788752,0.31811562,2426034
1739275200000000,DOGEUSDT,5m,0.31811562,0.3183915,0.31674821,0.31725199,3148216
1739275500000000,DOGEUSDT,5m,0.31725199,0.31752787,0.31668823,0.31752787,1534699
1739275800000000,DOGEUSDT,5m,0.31752787,0.317624,0.31645843,0.31651851,3646844
1739276100000000,DOGEUSDT,5m,0.31651851,0.31651851,0.31483618,0.31579751,6979096
1739276400000000,DOGEUSDT,5m,0.31579751,0.31674683,0.31543701,0.31638633,4363090
1739276700000000,DOGEUSDT,5m,0.31638633,0.31645843,0.31564127,0.31582153,2591030
1739277000000000,DOGEUSDT,5m,0.31582153,0.31596574,0.31499231,0.31590565,5641382
1739277300000000,DOGEUSDT,5m,0.31590565,0.31679539,0.3153165,0.3153165,1822297
1739277600000000,DOGEUSDT,5m,0.3153165,0.31573577,0.31506493,0.31569983,1274605
1739277900000000,DOGEUSDT,5m,0.31569983,0.31641858,0.31524462,0.31635869,1359417
1739278200000000,DOGEUSDT,5m,0.31635869,0.31671808,0.31596336,0.31617899,1573890
1739278500000000,DOGEUSDT,5m,0.31617899,0.3166462,0.31584356,0.31651442,583524
1739278800000000,DOGEUSDT,5m,0.31651442,0.3174028,0.31565006,0.31565006,1676699
1739279100000000,DOGEUSDT,5m,0.31565006,0.31585304,0.31520827,0.31526797,2398861
1739279400000000,DOGEUSDT,5m,0.31526797,0.31547095,0.31440828,0.31547095,2782991
1739279700000000,DOGEUSDT,5m,0.31547095,0.31547095,0.31462211,0.31463407,1800774
1739280000000000,DOGEUSDT,5m,0.31463407,0.31464602,0.31335477,0.31413191,2790499
1739280300000000,DOGEUSDT,5m,0.31413191,0.3153872,0.31233865,0.3153872,6907638
1739280600000000,DOGEUSDT,5m,0.3153872,0.31561614,0.31365205,0.31417018,7352620
1739280900000000,DOGEUSDT,5m,0.31417018,0.31538724,0.31341103,0.31341103,3204437
1739281200000000,DOGEUSDT,5m,0.31341103,0.31511396,0.31156419,0.31511396,5121964
1739281500000000,DOGEUSDT,5m,0.31511396,0.31755078,0.31225281,0.31755078,10655260
1739281800000000,DOGEUSDT,5m,0.31755078,0.31788322,0.31587629,0.31607329,18008188
1739282100000000,DOGEUSDT,5m,0.31607329,0.31704597,0.31433723,0.31567929,14417237
1739282400000000,DOGEUSDT,5m,0.31567929,0.31698441,0.31498979,0.31655347,6919646
1739282700000000,DOGEUSDT,5m,0.31655347,0.31891746,0.31631953,0.31857272,11243445
1739283000000000,DOGEUSDT,5m,0.31857272,0.31857272,0.31750149,0.31793244,3482150
1739283300000000,DOGEUSDT,5m,0.31793244,0.31926229,0.31740297,0.31891752,4696806
1739283600000000,DOGEUSDT,5m,0.31891752,0.31960709,0.31768613,0.31960709,3192139
1739283900000000,DOGEUSDT,5m,0.31960709,0.31976787,0.3190753,0.31943395,2582084
1739284200000000,DOGEUSDT,5m,0.31943395,0.31990389,0.31837041,0.31884035,2915128
1739284500000000,DOGEUSDT,5m,0.31884035,0.31954525,0.31844461,0.31871668,1824644
1739284800000000,DOGEUSDT,5m,0.31871668,0.32019948,0.31753043,0.31753043,2058305
1739285100000000,DOGEUSDT,5m,0.31753043,0.31840125,0.3170153,0.31707663,4108361
1739285400000000,DOGEUSDT,5m,0.31707663,0.31876921,0.31677,0.31867109,4869617
1739285700000000,DOGEUSDT,5m,0.31867109,0.31901451,0.31819275,0.31901451,1880225
1739286000000000,DOGEUSDT,5m,0.31901451,0.32203823,0.31812952,0.31812952,11594785
1739286300000000,DOGEUSDT,5m,0.31812952,0.31919296,0.315367,0.31919296,5557244
1739286600000000,DOGEUSDT,5m,0.31919296,0.32037434,0.31850383,0.31924219,2616082
1739286900000000,DOGEUSDT,5m,0.31924219,0.32177722,0.31924219,0.32034973,3285568
1739287200000000,DOGEUSDT,5m,0.32034973,0.32114962,0.31951292,0.32114962,5984391
1739287500000000,DOGEUSDT,5m,0.32114962,0.3218546,0.32043227,0.32152066,3532027
1739287800000000,DOGEUSDT,5m,0.32152066,0.32205372,0.32111157,0.32191735,3161479
1739288100000000,DOGEUSDT,5m,0.32191735,0.32232747,0.32110955,0.32206649,4501842
1739288400000000,DOGEUSDT,5m,0.32206649,0.322166,0.3215316,0.32207893,1023158
1739288700000000,DOGEUSDT,5m,0.32207893,0.32317359,0.32124549,0.32124549,1684373
1739289000000000,DOGEUSDT,5m,0.32124549,0.32162914,0.32040395,0.32092373,1389828
1739289300000000,DOGEUSDT,5m,0.32092373,0.32177597,0.3196639,0.32177597,1698542
1739289600000000,DOGEUSDT,5m,0.32177597,0.32204913,0.32090681,0.32204913,1281650
1739289900000000,DOGEUSDT,5m,0.32204913,0.32238496,0.32152673,0.32238496,2147482
1739290200000000,DOGEUSDT,5m,0.32238496,0.32351684,0.32236009,0.32347952,1532302
1739290500000000,DOGEUSDT,5m,0.32347952,0.32395217,0.32270836,0.32367853,1449054
1739290800000000,DOGEUSDT,5m,0.32367853,0.32431364,0.32335475,0.32335475,1587369
1739291100000000,DOGEUSDT,5m,0.32335475,0.32335475,0.32082679,0.32161133,4440400
1739291400000000,DOGEUSDT,5m,0.32161133,0.32188531,0.31950669,0.32034108,6543192
1739291700000000,DOGEUSDT,5m,0.32034108,0.32080184,0.31974333,0.32030372,3285776
1739292000000000,DOGEUSDT,5m,0.32030372,0.32096355,0.32009208,0.32010453,2318128
1739292300000000,DOGEUSDT,5m,0.32010453,0.32022887,0.3192217,0.31937091,2015784
1739292600000000,DOGEUSDT,5m,0.31937091,0.31971907,0.31850052,0.31915953,4146206
1739292900000000,DOGEUSDT,5m,0.31915953,0.31918437,0.31847658,0.31888635,1452834
1739293200000000,DOGEUSDT,5m,0.31888635,0.31897327,0.3172597,0.31763221,4559597
1739293500000000,DOGEUSDT,5m,0.31763221,0.31783087,0.31547179,0.31642784,8269310
1739293800000000,DOGEUSDT,5m,0.31642784,0.31702379,0.3160057,0.31632851,1727818
1739294100000000,DOGEUSDT,5m,0.31632851,0.3183522,0.31614228,0.3183522,6813444
1739294400000000,DOGEUSDT,5m,0.3183522,0.31866258,0.31759487,0.31866258,2189243
1739294700000000,DOGEUSDT,5m,0.31866258,0.31889892,0.31814014,0.31848844,876310
1739295000000000,DOGEUSDT,5m,0.31848844,0.31857541,0.31705957,0.31717139,905893
1739295300000000,DOGEUSDT,5m,0.31717139,0.31748203,0.31650042,0.31718382,5006573
1739295600000000,DOGEUSDT,5m,0.31718382,0.31727081,0.31579201,0.31656247,2161963
1739295900000000,DOGEUSDT,5m,0.31656247,0.31702229,0.31551857,0.31681102,2433739
1739296200000000,DOGEUSDT,5m,0.31681102,0.31758276,0.31638781,0.3169355,1596210
1739296500000000,DOGEUSDT,5m,0.3169355,0.31781926,0.31661186,0.31763255,2624364
1739296800000000,DOGEUSDT,5m,0.31763255,0.31763255,0.31523011,0.31637531,6732519
1739297100000000,DOGEUSDT,5m,0.31637531,0.31661181,0.31545421,0.31661181,3515802
1739297400000000,DOGEUSDT,5m,0.31661181,0.31704812,0.31592618,0.31652455,1058614
1739297700000000,DOGEUSDT,5m,0.31652455,0.31653701,0.31525367,0.31588911,2615511
1739298000000000,DOGEUSDT,5m,0.31588911,0.31596387,0.3147179,0.31520383,3999405
1739298300000000,DOGEUSDT,5m,0.31520383,0.3157147,0.31475527,0.31501693,5975408
1739298600000000,DOGEUSDT,5m,0.31501693,0.31627545,0.31387055,0.31387055,4223111
1739298900000000,DOGEUSDT,5m,0.31387055,0.31431586,0.313685,0.31374685,4786819
1739299200000000,DOGEUSDT,5m,0.31374685,0.31383338,0.31217707,0.31228831,1889031
1739299500000000,DOGEUSDT,5m,0.31228831,0.31373449,0.31061964,0.31373449,7397159
1739299800000000,DOGEUSDT,5m,0.31373449,0.31403389,0.31274897,0.31375944,3649173
1739300100000000,DOGEUSDT,5m,0.31375944,0.31388419,0.31313569,0.31388419,1970231
1739300400000000,DOGEUSDT,5m,0.31388419,0.31474566,0.31343474,0.31373437,2438869
1739300700000000,DOGEUSDT,5m,0.31373437,0.31412102,0.31347245,0.31392146,1426648
1739301000000000,DOGEUSDT,5m,0.31392146,0.31393395,0.31305983,0.3135843,3784594
1739301300000000,DOGEUSDT,5m,0.3135843,0.31405882,0.31173616,0.31319719,13570413
1739301600000000,DOGEUSDT,5m,0.31319719,0.31440549,0.31193907,0.31440549,1244496
1739301900000000,DOGEUSDT,5m,0.31440549,0.31534701,0.31278607,0.31534701,4501475
1739302200000000,DOGEUSDT,5m,0.31534701,0.31653414,0.31394518,0.31482922,9060624
1739302500000000,DOGEUSDT,5m,0.31482922,0.31534701,0.31421039,0.31436194,6248564
1739302800000000,DOGEUSDT,5m,0.31436194,0.31514491,0.31368,0.3139452,2723772
1739303100000000,DOGEUSDT,5m,0.3139452,0.31428527,0.31308873,0.31428527,2448090
1739303400000000,DOGEUSDT,5m,0.31428527,0.31675926,0.31220257,0.31220257,5876503
1739303700000000,DOGEUSDT,5m,0.31220257,0.31247662,0.31146763,0.31206555,1965913
1739304000000000,DOGEUSDT,5m,0.31206555,0.31361024,0.31145514,0.31329881,7788293
1739304300000000,DOGEUSDT,5m,0.31329881,0.31483105,0.31241435,0.31241435,4972164
1739304600000000,DOGEUSDT,5m,0.31241435,0.31292224,0.31168348,0.31292224,4050809
1739304900000000,DOGEUSDT,5m,0.31292224,0.31376734,0.31177887,0.31376734,2382930
1739305200000000,DOGEUSDT,5m,0.31376734,0.31417966,0.31324256,0.3138548,5628814
1739305500000000,DOGEUSDT,5m,0.3138548,0.31516748,0.31346725,0.31496745,4257155
1739305800000000,DOGEUSDT,5m,0.31496745,0.31661774,0.31459238,0.31644271,2938046
1739306100000000,DOGEUSDT,5m,0.31644271,0.31654273,0.31548,0.31569255,2864551
1739306400000000,DOGEUSDT,5m,0.31569255,0.31580507,0.31424229,0.31424229,2667782
1739306700000000,DOGEUSDT,5m,0.31424229,0.31512995,0.31351717,0.31501743,1661384
1739307000000000,DOGEUSDT,5m,0.31501743,0.31544249,0.31444235,0.31464238,1653133
1739307300000000,DOGEUSDT,5m,0.31464238,0.31506641,0.31431812,0.31453014,2037971
1739307600000000,DOGEUSDT,5m,0.31453014,0.31581378,0.31440551,0.31495386,2463912
1739307900000000,DOGEUSDT,5m,0.31495386,0.31495386,0.31428088,0.31459245,1331388
1739308200000000,DOGEUSDT,5m,0.31459245,0.31495386,0.31445536,0.31471707,1594151
1739308500000000,DOGEUSDT,5m,0.31471707,0.31598931,0.3141059,0.31564007,7713342
1739308800000000,DOGEUSDT,5m,0.31564007,0.31603922,0.31517855,0.31575233,6961260
1739309100000000,DOGEUSDT,5m,0.31575233,0.31632652,0.31537786,0.31611432,3184320
1739309400000000,DOGEUSDT,5m,0.31611432,0.31819122,0.315764,0.31804108,3469377
1739309700000000,DOGEUSDT,5m,0.31804108,0.31885439,0.31794098,0.31872927,3320276
1739310000000000,DOGEUSDT,5m,0.31872927,0.3189795,0.31840396,0.31870424,5643413
1739310300000000,DOGEUSDT,5m,0.31870424,0.31921715,0.31774097,0.318404,4455351
1739310600000000,DOGEUSDT,5m,0.318404,0.31892944,0.31752827,0.31892944,3133945
1739310900000000,DOGEUSDT,5m,0.31892944,0.31965742,0.31877883,0.31884158,2078168
1739311200000000,DOGEUSDT,5m,0.31884158,0.31992045,0.31855305,0.31963191,1273147
1739311500000000,DOGEUSDT,5m,0.31963191,0.32009606,0.31910505,0.31936848,2115533
1739311800000000,DOGEUSDT,5m,0.31936848,0.32027019,0.31901781,0.31901781,2364072
1739312100000000,DOGEUSDT,5m,0.31901781,0.31978009,0.31864293,0.31930523,1918001
1739312400000000,DOGEUSDT,5m,0.31930523,0.31983007,0.3190553,0.31978009,1975794
1739312700000000,DOGEUSDT,5m,0.31978009,0.32046738,0.31911778,0.3204299,3759037
1739313000000000,DOGEUSDT,5m,0.3204299,0.3204299,0.31938848,0.31970216,3705885
1739313300000000,DOGEUSDT,5m,0.31970216,0.31971471,0.3172931,0.31893678,4271036
1739313600000000,DOGEUSDT,5m,0.31893678,0.31902461,0.31766947,0.31788278,1626857
1739313900000000,DOGEUSDT,5m,0.31788278,0.31891165,0.31788278,0.31877363,288606
1739314200000000,DOGEUSDT,5m,0.31877363,0.32014127,0.31736834,0.32014127,2079992
1739314500000000,DOGEUSDT,5m,0.32014127,0.32090059,0.31812907,0.32090059,6863893
1739314800000000,DOGEUSDT,5m,0.32090059,0.32189236,0.320659,0.3210786,3243034
1739315100000000,DOGEUSDT,5m,0.3210786,0.32210851,0.32098959,0.32208308,1441274
1739315400000000,DOGEUSDT,5m,0.32208308,0.32262982,0.32181607,0.32235009,1121292
1739315700000000,DOGEUSDT,5m,0.32235009,0.32261711,0.32199407,0.32210851,1314385
1739316000000000,DOGEUSDT,5m,0.32210851,0.3234181,0.32201951,0.32327824,6369820
1739316300000000,DOGEUSDT,5m,0.32327824,0.32330367,0.32282054,0.32304939,1168934
1739316600000000,DOGEUSDT,5m,0.32304939,0.32345622,0.32275698,0.32345622,1015673
1739316900000000,DOGEUSDT,5m,0.32345622,0.3241682,0.32241368,0.3241682,1000439
1739317200000000,DOGEUSDT,5m,0.3241682,0.32471729,0.32359357,0.32471729,873054
1739317500000000,DOGEUSDT,5m,0.32471729,0.32528104,0.32453792,0.32453792,752488
1739317800000000,DOGEUSDT,5m,0.32453792,0.32528022,0.32379562,0.32528022,1917765
1739318100000000,DOGEUSDT,5m,0.32528022,0.32551164,0.32498451,0.32521594,1408939
1739318400000000,DOGEUSDT,5m,0.32521594,0.32628264,0.32402071,0.32626979,2371855
1739318700000000,DOGEUSDT,5m,0.32626979,0.32702805,0.32581997,0.3266939,1384577
1739319000000000,DOGEUSDT,5m,0.3266939,0.32684851,0.32635889,0.3266037,631143
1739319300000000,DOGEUSDT,5m,0.3266037,0.32759529,0.32518716,0.32759529,1366014
1739319600000000,DOGEUSDT,5m,0.32759529,0.32860586,0.32587212,0.32860586,1840339
1739319900000000,DOGEUSDT,5m,0.32860586,0.32970095,0.3276281,0.3276281,651899
1739320200000000,DOGEUSDT,5m,0.3276281,0.32861302,0.32723932,0.3281076,1390767
1739320500000000,DOGEUSDT,5m,0.3281076,0.32989601,0.3263192,0.32989601,976356
1739320800000000,DOGEUSDT,5m,0.32989601,0.33108829,0.32904437,0.33108829,995179
1739321100000000,DOGEUSDT,5m,0.33108829,0.33238539,0.32980429,0.32980429,1209383
1739321400000000,DOGEUSDT,5m,0.32980429,0.33027232,0.32923226,0.3298563,2024354
1739321700000000,DOGEUSDT,5m,0.3298563,0.33080535,0.32957028,0.32975229,1510163
1739322000000000,DOGEUSDT,5m,0.32975229,0.33041533,0.32945327,0.32945327,2646782
1739322300000000,DOGEUSDT,5m,0.32945327,0.32966091,0.32884334,0.3289212,594875
1739322600000000,DOGEUSDT,5m,0.3289212,0.32993347,0.32779214,0.32993347,413757
1739322900000000,DOGEUSDT,5m,0.32993347,0.33028603,0.32951562,0.32980289,493265
1739323200000000,DOGEUSDT,5m,0.32980289,0.33015517,0.32855032,0.32885042,2602042
1739323500000000,DOGEUSDT,5m,0.32885042,0.32967238,0.32831549,0.32831549,279773
1739323800000000,DOGEUSDT,5m,0.32831549,0.32864059,0.32734018,0.32857557,1432720
1739324100000000,DOGEUSDT,5m,0.32857557,0.32878363,0.32788638,0.32860158,2957584
1739324400000000,DOGEUSDT,5m,0.32860158,0.32944692,0.32860158,0.32921282,2653927
1739324700000000,DOGEUSDT,5m,0.32921282,0.33055241,0.32788624,0.32788624,2330636
1739325000000000,DOGEUSDT,5m,0.32788624,0.32890541,0.32756372,0.32800235,4304351
1739325300000000,DOGEUSDT,5m,0.32800235,0.32840256,0.32757632,0.32818309,780758
1739325600000000,DOGEUSDT,5m,0.32818309,0.3284028,0.32774367,0.3284028,1348849
1739325900000000,DOGEUSDT,5m,0.3284028,0.32851927,0.32763928,0.32850633,1482892
1739326200000000,DOGEUSDT,5m,0.32850633,0.32862287,0.32800133,0.32802723,558286
1739326500000000,DOGEUSDT,5m,0.32802723,0.32859699,0.32745747,0.32859699,1915570
1739326800000000,DOGEUSDT,5m,0.32859699,0.32875292,0.3281292,0.32864897,1133156
1739327100000000,DOGEUSDT,5m,0.32864897,0.32910376,0.32853202,0.32875292,742850
1739327400000000,DOGEUSDT,5m,0.32875292,0.32992314,0.32841486,0.32853188,1599163
1739327700000000,DOGEUSDT,5m,0.32853188,0.32950575,0.3285189,0.32936292,469632
1739328000000000,DOGEUSDT,5m,0.32936292,0.32983039,0.32897335,0.32963561,777514
1739328300000000,DOGEUSDT,5m,0.32963561,0.33045505,0.32821785,0.33045505,2399790
1739328600000000,DOGEUSDT,5m,0.33045505,0.33118704,0.32969692,0.33118704,3774900
1739328900000000,DOGEUSDT,5m,0.33118704,0.33218483,0.32881073,0.33218483,7980947
1739329200000000,DOGEUSDT,5m,0.33218483,0.33235654,0.33144517,0.33157726,1206940
1739329500000000,DOGEUSDT,5m,0.33157726,0.33225087,0.3297017,0.33065269,6505691
1739329800000000,DOGEUSDT,5m,0.33065269,0.33173575,0.32982057,0.33045456,2666495
1739330100000000,DOGEUSDT,5m,0.33045456,0.33223766,0.32909412,0.32909412,3384199
1739330400000000,DOGEUSDT,5m,0.32909412,0.33095437,0.32749588,0.32749588,7399391
1739330700000000,DOGEUSDT,5m,0.32749588,0.32815754,0.32701585,0.32701585,1643388
1739331000000000,DOGEUSDT,5m,0.32701585,0.32722283,0.32604563,0.32698998,1567623
1739331300000000,DOGEUSDT,5m,0.32698998,0.32724872,0.32665362,0.32701585,575030
1739331600000000,DOGEUSDT,5m,0.32701585,0.32722285,0.32645955,0.32658892,725870
1739331900000000,DOGEUSDT,5m,0.32658892,0.32702877,0.32574803,0.32702877,1123281
1739332200000000,DOGEUSDT,5m,0.32702877,0.32787193,0.32587429,0.32787193,2236372
1739332500000000,DOGEUSDT,5m,0.32787193,0.32800232,0.32672452,0.32699834,1987037
1739332800000000,DOGEUSDT,5m,0.32699834,0.32815878,0.32625513,0.32780674,3989920
1739333100000000,DOGEUSDT,5m,0.32780674,0.32810663,0.32667237,0.32778066,1621761
1739333400000000,DOGEUSDT,5m,0.32778066,0.32797622,0.32692021,0.32754599,3152567
1739333700000000,DOGEUSDT,5m,0.32754599,0.32851074,0.32615101,0.32851074,3644047
1739334000000000,DOGEUSDT,5m,0.32851074,0.3291402,0.3282747,0.3282747,1521937
1739334300000000,DOGEUSDT,5m,0.3282747,0.32856278,0.32741044,0.32856278,1612021
1739334600000000,DOGEUSDT,5m,0.32856278,0.32878579,0.32763142,0.32801183,1577198
1739334900000000,DOGEUSDT,5m,0.32801183,0.32839225,0.3273297,0.32807742,1626973
1739335200000000,DOGEUSDT,5m,0.32807742,0.32885141,0.32803807,0.32844474,2161679
1739335500000000,DOGEUSDT,5m,0.32844474,0.32988776,0.32844474,0.32949421,1623850
1739335800000000,DOGEUSDT,5m,0.32949421,0.33001892,0.32898261,0.32923185,503124
1739336100000000,DOGEUSDT,5m,0.32923185,0.32959915,0.32893014,0.32914002,1725817
1739336400000000,DOGEUSDT,5m,0.32914002,0.33000577,0.32837922,0.33000577,1443149
1739336700000000,DOGEUSDT,5m,0.33000577,0.33041239,0.32961226,0.33025499,1684908
1739337000000000,DOGEUSDT,5m,0.33025499,0.33101573,0.32963852,0.32963852,1601256
1739337300000000,DOGEUSDT,5m,0.32963852,0.33016124,0.32915501,0.3301351,1396786
1739337600000000,DOGEUSDT,5m,0.3301351,0.33046181,0.32972998,0.3300959,1842099
1739337900000000,DOGEUSDT,5m,0.3300959,0.33063173,0.32997828,0.33051411,799097
1739338200000000,DOGEUSDT,5m,0.33051411,0.33095845,0.33004362,0.33095845,985118
1739338500000000,DOGEUSDT,5m,0.33095845,0.33129916,0.33027703,0.33119432,1017194
1739338800000000,DOGEUSDT,5m,0.33119432,0.33132555,0.3308925,0.33108934,1554556
1739339100000000,DOGEUSDT,5m,0.33108934,0.33154864,0.33093187,0.33144366,1096001
1739339400000000,DOGEUSDT,5m,0.33144366,0.33223103,0.33144366,0.33171924,2626261
1739339700000000,DOGEUSDT,5m,0.33171924,0.33257222,0.33165362,0.33221791,1883999
1739340000000000,DOGEUSDT,5m,0.33221791,0.33313651,0.33206043,0.3327297,1887117
1739340300000000,DOGEUSDT,5m,0.3327297,0.3327297,0.33173236,0.33202106,1483141
1739340600000000,DOGEUSDT,5m,0.33202106,0.33258535,0.33156176,0.33250661,1112937
1739340900000000,DOGEUSDT,5m,0.33250661,0.33301838,0.33224416,0.3326772,1280948
1739341200000000,DOGEUSDT,5m,0.3326772,0.3328611,0.331981,0.33217804,1241130
1739341500000000,DOGEUSDT,5m,0.33217804,0.3324933,0.33178396,0.3324933,1158716
1739341800000000,DOGEUSDT,5m,0.3324933,0.33330926,0.33124303,0.33330926,2680247
1739342100000000,DOGEUSDT,5m,0.33330926,0.33399702,0.33316378,0.33377218,1571629
1739342400000000,DOGEUSDT,5m,0.33377218,0.3343541,0.33319025,0.33319025,638004
1739342700000000,DOGEUSDT,5m,0.33319025,0.33353292,0.33185913,0.33235995,1722072
1739343000000000,DOGEUSDT,5m,0.33235995,0.33279487,0.33216225,0.33255764,736269
1739343300000000,DOGEUSDT,5m,0.33255764,0.33255764,0.3318451,0.33214859,1308675
1739343600000000,DOGEUSDT,5m,0.33214859,0.3329403,0.3315812,0.33235971,2190963
1739343900000000,DOGEUSDT,5m,0.33235971,0.33319104,0.33171312,0.33172632,2783717
1739344200000000,DOGEUSDT,5m,0.33172632,0.33214697,0.33109534,0.33139768,1516817
1739344500000000,DOGEUSDT,5m,0.33139768,0.3327911,0.33093759,0.33265965,2348805
1739344800000000,DOGEUSDT,5m,0.33265965,0.33273852,0.33213383,0.33231787,1594393
1739345100000000,DOGEUSDT,5m,0.33231787,0.33372449,0.33122675,0.33122675,2167466
1739345400000000,DOGEUSDT,5m,0.33122675,0.33223236,0.33053457,0.33053457,1952539
1739345700000000,DOGEUSDT,5m,0.33053457,0.33067762,0.32976728,0.33026146,6697477
1739346000000000,DOGEUSDT,5m,0.33026146,0.33032649,0.3295592,0.32970225,1979758
1739346300000000,DOGEUSDT,5m,0.32970225,0.33049555,0.32876589,0.33049555,913438
1739346600000000,DOGEUSDT,5m,0.33049555,0.3306393,0.33029954,0.33052169,625824
1739346900000000,DOGEUSDT,5m,0.33052169,0.33154113,0.33050862,0.33131895,874684
1739347200000000,DOGEUSDT,5m,0.33131895,0.33229918,0.33101834,0.33195937,1953053
1739347500000000,DOGEUSDT,5m,0.33195937,0.33305723,0.3308615,0.3308615,1892129
1739347800000000,DOGEUSDT,5m,0.3308615,0.331264,0.33025127,0.331264,1569360
1739348100000000,DOGEUSDT,5m,0.331264,0.33173254,0.33087354,0.33161541,959570
1739348400000000,DOGEUSDT,5m,0.33161541,0.33212406,0.33143281,0.3318893,2033388
1739348700000000,DOGEUSDT,5m,0.3318893,0.33233274,0.33134152,0.33207189,1449432
1739349000000000,DOGEUSDT,5m,0.33207189,0.33264576,0.3317067,0.33211102,2312988
1739349300000000,DOGEUSDT,5m,0.33211102,0.33261965,0.33171976,0.33248923,1218768
1739349600000000,DOGEUSDT,5m,0.33248923,0.33289445,0.33208401,0.3325938,653078
1739349900000000,DOGEUSDT,5m,0.3325938,0.33328663,0.33220164,0.33328663,719240
1739350200000000,DOGEUSDT,5m,0.33328663,0.33399252,0.33298597,0.33311669,2040910
1739350500000000,DOGEUSDT,5m,0.33311669,0.33324741,0.33234543,0.33295982,833755
1739350800000000,DOGEUSDT,5m,0.33295982,0.33315591,0.33207089,0.33243692,1505865
1739351100000000,DOGEUSDT,5m,0.33243692,0.33252843,0.33090742,0.33140418,2374544
1739351400000000,DOGEUSDT,5m,0.33140418,0.331731,0.33131267,0.33131267,1097073
1739351700000000,DOGEUSDT,5m,0.33131267,0.33176996,0.3310383,0.33148252,1816038
1739352000000000,DOGEUSDT,5m,0.33148252,0.33154792,0.33077627,0.33118171,1264076
1739352300000000,DOGEUSDT,5m,0.33118171,0.33166563,0.33095937,0.33163947,392271
1739352600000000,DOGEUSDT,5m,0.33163947,0.33191413,0.3310509,0.33139096,759108
1739352900000000,DOGEUSDT,5m,0.33139096,0.33214846,0.33093385,0.33093385,650959
1739353200000000,DOGEUSDT,5m,0.33093385,0.33153299,0.33043891,0.33043891,984501
1739353500000000,DOGEUSDT,5m,0.33043891,0.33046488,0.32967274,0.32968573,963515
1739353800000000,DOGEUSDT,5m,0.32968573,0.33075061,0.32960781,0.33072464,584577
1739354100000000,DOGEUSDT,5m,0.33072464,0.33128303,0.33063374,0.33068568,1725301
1739354400000000,DOGEUSDT,5m,0.33068568,0.33121798,0.33051691,0.33095832,813074
1739354700000000,DOGEUSDT,5m,0.33095832,0.33146465,0.33030918,0.33146465,922152
1739355000000000,DOGEUSDT,5m,0.33146465,0.33159487,0.33123026,0.33133443,437262
1739355300000000,DOGEUSDT,5m,0.33133443,0.33168604,0.33052703,0.33168604,1139813
1739355600000000,DOGEUSDT,5m,0.33168604,0.33181655,0.33128148,0.33134674,1265603
1739355900000000,DOGEUSDT,5m,0.33134674,0.3321167,0.33133369,0.33177739,1101487
1739356200000000,DOGEUSDT,5m,0.33177739,0.33275617,0.33171214,0.33261261,760022
1739356500000000,DOGEUSDT,5m,0.33261261,0.33273007,0.33201228,0.3323516,738716
1739356800000000,DOGEUSDT,5m,0.3323516,0.33280837,0.33175126,0.33280837,1503286
1739357100000000,DOGEUSDT,5m,0.33280837,0.33318789,0.3318923,0.33191848,3042521
1739357400000000,DOGEUSDT,5m,0.33191848,0.3323896,0.33161748,0.33233725,967506
1739357700000000,DOGEUSDT,5m,0.33233725,0.33296539,0.33170912,0.33170912,661697
1739358000000000,DOGEUSDT,5m,0.33170912,0.33315626,0.33170912,0.33305196,4715609
1739358300000000,DOGEUSDT,5m,0.33305196,0.33328663,0.33168304,0.33315626,3422528
1739358600000000,DOGEUSDT,5m,0.33315626,0.33320841,0.3322958,0.33247832,1642916
1739358900000000,DOGEUSDT,5m,0.33247832,0.33323448,0.33223061,0.33223061,595594
1739359200000000,DOGEUSDT,5m,0.33223061,0.33310281,0.3316448,0.3316448,1934584
1739359500000000,DOGEUSDT,5m,0.3316448,0.33207286,0.33159292,0.33161886,1990943
1739359800000000,DOGEUSDT,5m,0.33161886,0.33186531,0.33143726,0.33147618,1190547
1739360100000000,DOGEUSDT,5m,0.33147618,0.33226673,0.33107442,0.33107442,1842297
1739360400000000,DOGEUSDT,5m,0.33107442,0.33204406,0.33086756,0.33134592,2688827
1739360700000000,DOGEUSDT,5m,0.33134592,0.33243196,0.33107441,0.33156571,1523218
1739361000000000,DOGEUSDT,5m,0.33156571,0.33210945,0.33085367,0.33210945,2283238
1739361300000000,DOGEUSDT,5m,0.33210945,0.33259004,0.33162887,0.33162887,1154107
1739361600000000,DOGEUSDT,5m,0.33162887,0.33256136,0.33161592,0.33236709,1692901
1739361900000000,DOGEUSDT,5m,0.33236709,0.33381768,0.3312921,0.3312921,4795557
1739362200000000,DOGEUSDT,5m,0.3312921,0.33188401,0.33084173,0.33188401,2390175
1739362500000000,DOGEUSDT,5m,0.33188401,0.33214138,0.33113766,0.3318068,2252889
1739362800000000,DOGEUSDT,5m,0.3318068,0.33502385,0.33030122,0.33030122,12423210
1739363100000000,DOGEUSDT,5m,0.33030122,0.33116839,0.3288857,0.33116839,3598979
1739363400000000,DOGEUSDT,5m,0.33116839,0.33248881,0.32974541,0.33248881,2569785
1739363700000000,DOGEUSDT,5m,0.33248881,0.33274726,0.33192021,0.33234666,3204304
1739364000000000,DOGEUSDT,5m,0.33234666,0.33303156,0.33190728,0.33212697,1745753
1739364300000000,DOGEUSDT,5m,0.33212697,0.33261738,0.33192048,0.33192048,1019178
1739364600000000,DOGEUSDT,5m,0.33192048,0.33284853,0.33153379,0.33225561,1670730
1739364900000000,DOGEUSDT,5m,0.33225561,0.33380242,0.33057989,0.33380242,3196633
1739365200000000,DOGEUSDT,5m,0.33380242,0.33446599,0.33299573,0.33446599,5243515
1739365500000000,DOGEUSDT,5m,0.33446599,0.3352759,0.33383897,0.33507996,5947165
1739365800000000,DOGEUSDT,5m,0.33507996,0.33616822,0.33507996,0.3359191,1871021
1739366100000000,DOGEUSDT,5m,0.3359191,0.33829239,0.3359191,0.33796459,3362214
1739366400000000,DOGEUSDT,5m,0.33796459,0.34025912,0.33796459,0.33931508,6906631
1739366700000000,DOGEUSDT,5m,0.33931508,0.34024601,0.33848905,0.33848905,5030975
1739367000000000,DOGEUSDT,5m,0.33848905,0.34840585,0.32674547,0.34840585,114604745
1739367300000000,DOGEUSDT,5m,0.34840585,0.34883473,0.3432039,0.34464274,61704111
1739367600000000,DOGEUSDT,5m,0.34464274,0.34861353,0.34190331,0.34190331,31818374
1739367900000000,DOGEUSDT,5m,0.34190331,0.34549828,0.33986071,0.33986071,15759929
1739368200000000,DOGEUSDT,5m,0.33986071,0.34058731,0.33768091,0.34047967,10810510
1739368500000000,DOGEUSDT,5m,0.34047967,0.34204609,0.3402096,0.3402096,8240133
1739368800000000,DOGEUSDT,5m,0.3402096,0.34022308,0.33759416,0.33981863,7442434
1739369100000000,DOGEUSDT,5m,0.33981863,0.34047926,0.33923889,0.33995345,4960638
1739369400000000,DOGEUSDT,5m,0.33995345,0.34031776,0.3385367,0.33925182,5749274
1739369700000000,DOGEUSDT,5m,0.33925182,0.34060111,0.33859067,0.3387121,4723318
1739370000000000,DOGEUSDT,5m,0.3387121,0.33923831,0.33760573,0.33821289,7519125
1739370300000000,DOGEUSDT,5m,0.33821289,0.34031761,0.33581134,0.34031761,7142400
1739370600000000,DOGEUSDT,5m,0.34031761,0.34317272,0.33688875,0.34153342,23542274
1739370900000000,DOGEUSDT,5m,0.34153342,0.34485299,0.34142413,0.3436645,10375822
1739371200000000,DOGEUSDT,5m,0.3436645,0.34601425,0.34340494,0.34505796,11203737
1739371500000000,DOGEUSDT,5m,0.34505796,0.34623288,0.34445684,0.34489402,6823217
1739371800000000,DOGEUSDT,5m,0.34489402,0.34518066,0.34307864,0.34452548,3647415
1739372100000000,DOGEUSDT,5m,0.34452548,0.34593138,0.344116,0.34575393,2486841
1739372400000000,DOGEUSDT,5m,0.34575393,0.34778778,0.34287379,0.34778778,6600269
1739372700000000,DOGEUSDT,5m,0.34778778,0.3485336,0.34588179,0.3485336,5606098
1739373000000000,DOGEUSDT,5m,0.3485336,0.34942137,0.34577319,0.34942137,7734285
1739373300000000,DOGEUSDT,5m,0.34942137,0.35239108,0.34659109,0.34659109,9053786
1739373600000000,DOGEUSDT,5m,0.34659109,0.34860759,0.34460203,0.34460203,8439633
1739373900000000,DOGEUSDT,5m,0.34460203,0.34613437,0.34381551,0.34389687,15114859
1739374200000000,DOGEUSDT,5m,0.34389687,0.34555127,0.34270354,0.34270354,5691515
1739374500000000,DOGEUSDT,5m,0.34270354,0.343956,0.34209751,0.34351158,5028924
1739374800000000,DOGEUSDT,5m,0.34351158,0.34452167,0.34188197,0.34452167,3285406
1739375100000000,DOGEUSDT,5m,0.34452167,0.34473843,0.34313985,0.34391204,4097393
1739375400000000,DOGEUSDT,5m,0.34391204,0.34528027,0.34267929,0.34267929,3606631
1739375700000000,DOGEUSDT,5m,0.34267929,0.34292139,0.34184539,0.34220854,3872408
1739376000000000,DOGEUSDT,5m,0.34220854,0.34226234,0.34071559,0.34103839,3405432
1739376300000000,DOGEUSDT,5m,0.34103839,0.34154949,0.33910158,0.33973374,4034807
1739376600000000,DOGEUSDT,5m,0.33973374,0.33976064,0.33852323,0.33928988,5973964
1739376900000000,DOGEUSDT,5m,0.33928988,0.34040628,0.33889982,0.33889982,2658160
1739377200000000,DOGEUSDT,5m,0.33889982,0.33942316,0.33802758,0.33820203,2388784
1739377500000000,DOGEUSDT,5m,0.33820203,0.33820203,0.33630993,0.33802758,4043843
1739377800000000,DOGEUSDT,5m,0.33802758,0.33902059,0.33793364,0.33828254,5849681
1739378100000000,DOGEUSDT,5m,0.33828254,0.33989283,0.33726269,0.33726269,3088230
1739378400000000,DOGEUSDT,5m,0.33726269,0.33979699,0.33724935,0.33966361,3298673
1739378700000000,DOGEUSDT,5m,0.33966361,0.34087741,0.33864989,0.33864989,5209270
1739379000000000,DOGEUSDT,5m,0.33864989,0.34100991,0.33864989,0.3409171,15060822
1739379300000000,DOGEUSDT,5m,0.3409171,0.34330364,0.3397636,0.3397636,17418624
1739379600000000,DOGEUSDT,5m,0.3397636,0.34252912,0.3397241,0.34156777,20082610
1739379900000000,DOGEUSDT,5m,0.34156777,0.34229205,0.33993487,0.34226571,12398771
1739380200000000,DOGEUSDT,5m,0.34226571,0.34312518,0.34185581,0.34185581,7649647
1739380500000000,DOGEUSDT,5m,0.34185581,0.3421592,0.34064225,0.34098521,6512018
1739380800000000,DOGEUSDT,5m,0.34098521,0.34221197,0.3405631,0.3405631,5397318
1739381100000000,DOGEUSDT,5m,0.3405631,0.34253685,0.34053679,0.34249737,7338049
1739381400000000,DOGEUSDT,5m,0.34249737,0.34345793,0.34177367,0.34301055,14372036
1739381700000000,DOGEUSDT,5m,0.34301055,0.34339328,0.34223188,0.34277299,7081358
1739382000000000,DOGEUSDT,5m,0.34277299,0.34327448,0.34154564,0.34208673,7449510
1739382300000000,DOGEUSDT,5m,0.34208673,0.34471309,0.33976392,0.33976392,8857710
1739382600000000,DOGEUSDT,5m,0.33976392,0.34055812,0.33855308,0.34008941,10027549
1739382900000000,DOGEUSDT,5m,0.34008941,0.34012855,0.33917628,0.34012855,2634943
1739383200000000,DOGEUSDT,5m,0.34012855,0.3413678,0.33861536,0.3413678,4178003
1739383500000000,DOGEUSDT,5m,0.3413678,0.34184084,0.33990924,0.34184084,9148719
1739383800000000,DOGEUSDT,5m,0.34184084,0.34267097,0.3416959,0.34246014,1964548
1739384100000000,DOGEUSDT,5m,0.34246014,0.34347478,0.34118196,0.34347478,2442399
1739384400000000,DOGEUSDT,5m,0.34347478,0.34438937,0.34236137,0.34438937,2944081
1739384700000000,DOGEUSDT,5m,0.34438937,0.34498903,0.34336329,0.34442935,5345838
1739385000000000,DOGEUSDT,5m,0.34442935,0.34512228,0.34348322,0.34512228,3018893
1739385300000000,DOGEUSDT,5m,0.34512228,0.34629967,0.34494835,0.34616588,3253905
1739385600000000,DOGEUSDT,5m,0.34616588,0.3466743,0.3455638,0.34663416,2111737
1739385900000000,DOGEUSDT,5m,0.34663416,0.34789518,0.34663416,0.34758663,2249384
1739386200000000,DOGEUSDT,5m,0.34758663,0.34852573,0.34746589,0.34813668,1835053
1739386500000000,DOGEUSDT,5m,0.34813668,0.34831108,0.34746589,0.34805618,2167602
1739386800000000,DOGEUSDT,5m,0.34805618,0.3491831,0.34760005,0.34837816,2762931
1739387100000000,DOGEUSDT,5m,0.34837816,0.34837816,0.34723571,0.34754485,2700574
1739387400000000,DOGEUSDT,5m,0.34754485,0.34767926,0.34630827,0.34741044,1943419
1739387700000000,DOGEUSDT,5m,0.34741044,0.34800182,0.34700722,0.34718195,1357131
1739388000000000,DOGEUSDT,5m,0.34718195,0.34873906,0.34706114,0.34830951,1863214
1739388300000000,DOGEUSDT,5m,0.34830951,0.34871221,0.3475578,0.34822897,1692132
1739388600000000,DOGEUSDT,5m,0.34822897,0.34914137,0.34754467,0.34754467,1562654
1739388900000000,DOGEUSDT,5m,0.34754467,0.34861387,0.3470368,0.3470368,1828339
1739389200000000,DOGEUSDT,5m,0.3470368,0.34728999,0.3464771,0.34701014,1663113
1739389500000000,DOGEUSDT,5m,0.34701014,0.34904911,0.34530435,0.34530435,4944454
1739389800000000,DOGEUSDT,5m,0.34530435,0.3454891,0.34459172,0.34523836,2648555
1739390100000000,DOGEUSDT,5m,0.34523836,0.34630725,0.34497444,0.34533074,3145470
1739390400000000,DOGEUSDT,5m,0.34533074,0.34577941,0.34448618,0.34481608,4157754
1739390700000000,DOGEUSDT,5m,0.34481608,0.34508,0.34391878,0.34486887,3309258
1739391000000000,DOGEUSDT,5m,0.34486887,0.34911787,0.34221654,0.34221654,18738830
1739391300000000,DOGEUSDT,5m,0.34221654,0.34342505,0.34138487,0.34272333,5418937
1739391600000000,DOGEUSDT,5m,0.34272333,0.34303519,0.34206063,0.34300921,7343254
1739391900000000,DOGEUSDT,5m,0.34300921,0.34364699,0.34231936,0.34244952,3947816
1739392200000000,DOGEUSDT,5m,0.34244952,0.34277491,0.34179875,0.34274888,2353177
1739392500000000,DOGEUSDT,5m,0.34274888,0.34290534,0.34173186,0.3420839,3145047
1739392800000000,DOGEUSDT,5m,0.3420839,0.34247506,0.34169274,0.3420839,1223465
1739393100000000,DOGEUSDT,5m,0.3420839,0.34278802,0.34186223,0.3420839,5577739
1739393400000000,DOGEUSDT,5m,0.3420839,0.34282711,0.34200567,0.34263153,1833196
1739393700000000,DOGEUSDT,5m,0.34263153,0.34353116,0.3419405,0.3419405,1787834
1739394000000000,DOGEUSDT,5m,0.3419405,0.3428235,0.34097959,0.3428235,4444051
1739394300000000,DOGEUSDT,5m,0.3428235,0.34355446,0.34214474,0.34214474,1376030
1739394600000000,DOGEUSDT,5m,0.34214474,0.34328891,0.34146864,0.34146864,2979523
1739394900000000,DOGEUSDT,5m,0.34146864,0.34293201,0.34132619,0.34159815,6064073
1739395200000000,DOGEUSDT,5m,0.34159815,0.34206435,0.34074344,0.34206435,1782049
1739395500000000,DOGEUSDT,5m,0.34206435,0.34271365,0.34123325,0.34271365,1671920
1739395800000000,DOGEUSDT,5m,0.34271365,0.34306559,0.34255723,0.34264848,867692
1739396100000000,DOGEUSDT,5m,0.34264848,0.34293513,0.34236182,0.34263545,606156
1739396400000000,DOGEUSDT,5m,0.34263545,0.34389925,0.34152798,0.34152798,4339971
1739396700000000,DOGEUSDT,5m,0.34152798,0.34189044,0.34033704,0.34073834,2785595
1739397000000000,DOGEUSDT,5m,0.34073834,0.34075128,0.3400652,0.34007814,1088034
1739397300000000,DOGEUSDT,5m,0.34007814,0.34076423,0.33939206,0.33939206,1759523
1739397600000000,DOGEUSDT,5m,0.33939206,0.33998511,0.33869587,0.33904396,3587190
1739397900000000,DOGEUSDT,5m,0.33904396,0.33957255,0.33819307,0.33923735,7593683
1739398200000000,DOGEUSDT,5m,0.33923735,0.33970148,0.33921157,0.33922446,3872622
1739398500000000,DOGEUSDT,5m,0.33922446,0.3405008,0.33863141,0.34047502,9484913
1739398800000000,DOGEUSDT,5m,0.34047502,0.34332424,0.34047502,0.34282143,28667981
1739399100000000,DOGEUSDT,5m,0.34282143,0.34460058,0.34235731,0.34447166,10371115
1739399400000000,DOGEUSDT,5m,0.34447166,0.34467794,0.34203491,0.34224119,14007667
1739399700000000,DOGEUSDT,5m,0.34224119,0.34411066,0.34182862,0.34353048,9906456
1739400000000000,DOGEUSDT,5m,0.34353048,0.34412357,0.34203485,0.34216378,9447485
1739400300000000,DOGEUSDT,5m,0.34216378,0.34300185,0.34061658,0.34284713,8060246
1739400600000000,DOGEUSDT,5m,0.34284713,0.34318369,0.34196691,0.34300247,2633384
1739400900000000,DOGEUSDT,5m,0.34300247,0.3441037,0.3427304,0.3427304,1976253
1739401200000000,DOGEUSDT,5m,0.3427304,0.3436747,0.3425493,0.34278214,8177822
1739401500000000,DOGEUSDT,5m,0.34278214,0.34341599,0.3418249,0.34341599,2863854
1739401800000000,DOGEUSDT,5m,0.34341599,0.34341599,0.34165015,0.3421825,8690785
1739402100000000,DOGEUSDT,5m,0.3421825,0.34284469,0.34188386,0.34210459,3971124
1739402400000000,DOGEUSDT,5m,0.34210459,0.34261097,0.34126063,0.34261097,7159892
1739402700000000,DOGEUSDT,5m,0.34261097,0.34311883,0.34235053,0.34261097,2757835
1739403000000000,DOGEUSDT,5m,0.34261097,0.34291048,0.34182965,0.34232449,4612107
1739403300000000,DOGEUSDT,5m,0.34232449,0.34311748,0.34202549,0.34202549,3878851
1739403600000000,DOGEUSDT,5m,0.34202549,0.34234992,0.34188274,0.34228503,4137323
1739403900000000,DOGEUSDT,5m,0.34228503,0.34228503,0.34148048,0.34199955,2139984
1739404200000000,DOGEUSDT,5m,0.34199955,0.3426354,0.3418568,0.3425835,1747747
1739404500000000,DOGEUSDT,5m,0.3425835,0.34293387,0.3425835,0.34281708,2177397
1739404800000000,DOGEUSDT,5m,0.34281708,0.34399791,0.34127291,0.34399791,4381681
1739405100000000,DOGEUSDT,5m,0.34399791,0.34412857,0.34364511,0.34380191,1673541
1739405400000000,DOGEUSDT,5m,0.34380191,0.34380191,0.34261283,0.3427827,2592764
1739405700000000,DOGEUSDT,5m,0.3427827,0.34367124,0.34203789,0.34203789,3036580
1739406000000000,DOGEUSDT,5m,0.34203789,0.34266238,0.34117921,0.34266238,1105838
1739406300000000,DOGEUSDT,5m,0.34266238,0.34343281,0.34266238,0.34328917,1368763
1739406600000000,DOGEUSDT,5m,0.34328917,0.34416408,0.34250568,0.34250568,2191045
1739406900000000,DOGEUSDT,5m,0.34250568,0.34275264,0.3422977,0.3423367,1471696
1739407200000000,DOGEUSDT,5m,0.3423367,0.34249268,0.34171278,0.34179077,3204795
1739407500000000,DOGEUSDT,5m,0.34179077,0.34251865,0.3415828,0.34172578,2253475
1739407800000000,DOGEUSDT,5m,0.34172578,0.34241466,0.34172578,0.34228469,904039
1739408100000000,DOGEUSDT,5m,0.34228469,0.34342845,0.34228469,0.34310352,2796509
1739408400000000,DOGEUSDT,5m,0.34310352,0.34324649,0.34246665,0.34253164,1276450
1739408700000000,DOGEUSDT,5m,0.34253164,0.34355839,0.34244066,0.34355839,1193519
1739409000000000,DOGEUSDT,5m,0.34355839,0.34414326,0.3435064,0.34363637,2442483
1739409300000000,DOGEUSDT,5m,0.34363637,0.34436427,0.34293446,0.34293446,1698944
1739409600000000,DOGEUSDT,5m,0.34293446,0.34367232,0.34237783,0.34237783,2159440
1739409900000000,DOGEUSDT,5m,0.34237783,0.34249396,0.34165527,0.34188752,1728628
1739410200000000,DOGEUSDT,5m,0.34188752,0.34261006,0.34099726,0.34164238,4940912
1739410500000000,DOGEUSDT,5m,0.34164238,0.34226083,0.34162949,0.34210622,2386384
1739410800000000,DOGEUSDT,5m,0.34210622,0.34324004,0.34183564,0.34300812,7184612
1739411100000000,DOGEUSDT,5m,0.34300812,0.34424502,0.34199026,0.34199026,13462937
1739411400000000,DOGEUSDT,5m,0.34199026,0.34220799,0.3409528,0.34160601,8242829
1739411700000000,DOGEUSDT,5m,0.34160601,0.34251539,0.34033801,0.34251539,2993266
1739412000000000,DOGEUSDT,5m,0.34251539,0.34327513,0.34100878,0.34327513,7748531
1739412300000000,DOGEUSDT,5m,0.34327513,0.3443357,0.34220163,0.3443357,1539941
1739412600000000,DOGEUSDT,5m,0.3443357,0.34434872,0.34341171,0.34389323,2268382
1739412900000000,DOGEUSDT,5m,0.34389323,0.34416653,0.34337265,0.34390624,2915173
1739413200000000,DOGEUSDT,5m,0.34390624,0.3442186,0.34333359,0.34364594,1515229
1739413500000000,DOGEUSDT,5m,0.34364594,0.34368493,0.34282724,0.34291821,1090158
1739413800000000,DOGEUSDT,5m,0.34291821,0.34334705,0.34243739,0.34334705,1935543
1739414100000000,DOGEUSDT,5m,0.34334705,0.34355499,0.34299617,0.34307414,1186630
1739414400000000,DOGEUSDT,5m,0.34307414,0.34345102,0.34256731,0.34345102,1179613
1739414700000000,DOGEUSDT,5m,0.34345102,0.34405014,0.34293005,0.34351614,3964478
1739415000000000,DOGEUSDT,5m,0.34351614,0.34375068,0.34243467,0.34276042,2465190
1739415300000000,DOGEUSDT,5m,0.34276042,0.34328161,0.34273436,0.34302101,1510186
1739415600000000,DOGEUSDT,5m,0.34302101,0.34329463,0.34270831,0.34281254,785408
1739415900000000,DOGEUSDT,5m,0.34281254,0.34328101,0.34263036,0.34295569,779960
1739416200000000,DOGEUSDT,5m,0.34295569,0.34358085,0.34247379,0.34247379,921592
1739416500000000,DOGEUSDT,5m,0.34247379,0.34288939,0.34194129,0.34288939,815433
1739416800000000,DOGEUSDT,5m,0.34288939,0.34406113,0.34268109,0.34268109,1451540
1739417100000000,DOGEUSDT,5m,0.34268109,0.34286313,0.34204394,0.34239502,1204357
1739417400000000,DOGEUSDT,5m,0.34239502,0.3427461,0.34223898,0.34240802,901684
1739417700000000,DOGEUSDT,5m,0.34240802,0.34301919,0.34190089,0.34190089,1541127
1739418000000000,DOGEUSDT,5m,0.34190089,0.34223796,0.34166752,0.34193978,619406
1739418300000000,DOGEUSDT,5m,0.34193978,0.34252318,0.34148602,0.34148602,4973555
1739418600000000,DOGEUSDT,5m,0.34148602,0.34284369,0.34148602,0.34236527,3899361
1739418900000000,DOGEUSDT,5m,0.34236527,0.34307643,0.34221011,0.3430635,4376824
1739419200000000,DOGEUSDT,5m,0.3430635,0.34376173,0.34202909,0.34376173,2114900
1739419500000000,DOGEUSDT,5m,0.34376173,0.34380068,0.34300869,0.3432424,2971913
1739419800000000,DOGEUSDT,5m,0.3432424,0.34406032,0.3432424,0.34385259,1124275
1739420100000000,DOGEUSDT,5m,0.34385259,0.34386558,0.34293081,0.34352802,999280
1739420400000000,DOGEUSDT,5m,0.34352802,0.34352802,0.34246346,0.34250241,6604613
1739420700000000,DOGEUSDT,5m,0.34250241,0.34299574,0.34207399,0.34207399,1932825
1739421000000000,DOGEUSDT,5m,0.34207399,0.34217759,0.34114155,0.34133581,2258292
1739421300000000,DOGEUSDT,5m,0.34133581,0.34146532,0.34076597,0.34146532,1740507
1739421600000000,DOGEUSDT,5m,0.34146532,0.34184118,0.34112834,0.34184118,1745209
1739421900000000,DOGEUSDT,5m,0.34184118,0.34189303,0.34072655,0.34116722,2227831
1739422200000000,DOGEUSDT,5m,0.34116722,0.34124499,0.34024701,0.34036365,2054951
1739422500000000,DOGEUSDT,5m,0.34036365,0.34038957,0.33861388,0.3396767,10898509
1739422800000000,DOGEUSDT,5m,0.3396767,0.34063588,0.33804352,0.34063588,5631955
1739423100000000,DOGEUSDT,5m,0.34063588,0.34154834,0.3391629,0.34154834,5390305
1739423400000000,DOGEUSDT,5m,0.34154834,0.34300302,0.34073582,0.34284576,11524168
1739423700000000,DOGEUSDT,5m,0.34284576,0.3429768,0.34198085,0.3426885,2545299
1739424000000000,DOGEUSDT,5m,0.3426885,0.34354028,0.34255746,0.34354028,3657486
1739424300000000,DOGEUSDT,5m,0.34354028,0.34376304,0.34323889,0.3436451,2189143
1739424600000000,DOGEUSDT,5m,0.3436451,0.34381556,0.34323864,0.34351399,1183563
1739424900000000,DOGEUSDT,5m,0.34351399,0.34469314,0.34351399,0.34388084,18207757
1739425200000000,DOGEUSDT,5m,0.34388084,0.34441799,0.34356641,0.34378913,5419575
1739425500000000,DOGEUSDT,5m,0.34378913,0.34422124,0.3433963,0.34354034,995142
1739425800000000,DOGEUSDT,5m,0.34354034,0.34354034,0.34253354,0.34291272,1834944
1739426100000000,DOGEUSDT,5m,0.34291272,0.34333115,0.3421151,0.34333115,579357
1739426400000000,DOGEUSDT,5m,0.34333115,0.34380301,0.34299036,0.34350154,1272076
1739426700000000,DOGEUSDT,5m,0.34350154,0.34432809,0.34242572,0.34432809,3446235
1739427000000000,DOGEUSDT,5m,0.34432809,0.34484219,0.34368217,0.34484219,1597998
1739427300000000,DOGEUSDT,5m,0.34484219,0.34506628,0.34434127,0.344394,933057
1739427600000000,DOGEUSDT,5m,0.344394,0.34480266,0.34387988,0.34480266,2297493
1739427900000000,DOGEUSDT,5m,0.34480266,0.345133,0.34428732,0.34459123,3115340
1739428200000000,DOGEUSDT,5m,0.34459123,0.34636189,0.34225238,0.34636189,17111036
1739428500000000,DOGEUSDT,5m,0.34636189,0.3464687,0.34542737,0.34582788,10323044
1739428800000000,DOGEUSDT,5m,0.34582788,0.34648202,0.34533393,0.34533393,2790783
1739429100000000,DOGEUSDT,5m,0.34533393,0.34533393,0.3420193,0.34288457,6227153
1739429400000000,DOGEUSDT,5m,0.34288457,0.34380304,0.34204596,0.34204596,3869007
1739429700000000,DOGEUSDT,5m,0.34204596,0.34216517,0.34150288,0.34216517,2883013
1739430000000000,DOGEUSDT,5m,0.34216517,0.3428279,0.34083972,0.34155546,3117900
1739430300000000,DOGEUSDT,5m,0.34155546,0.34266492,0.34122527,0.34248001,2850176
1739430600000000,DOGEUSDT,5m,0.34248001,0.34248001,0.34191208,0.34199132,3758234
1739430900000000,DOGEUSDT,5m,0.34199132,0.34271776,0.34085545,0.34271776,6458562
1739431200000000,DOGEUSDT,5m,0.34271776,0.34335441,0.3423729,0.34249227,1775971
1739431500000000,DOGEUSDT,5m,0.34249227,0.34279694,0.34140609,0.34279694,2086659
1739431800000000,DOGEUSDT,5m,0.34279694,0.34347367,0.34271732,0.34283674,1063501
1739432100000000,DOGEUSDT,5m,0.34283674,0.34388521,0.34194753,0.34194753,6478429
1739432400000000,DOGEUSDT,5m,0.34194753,0.34213238,0.34167027,0.34170988,1383638
1739432700000000,DOGEUSDT,5m,0.34170988,0.34255488,0.3409573,0.3409573,1538545
1739433000000000,DOGEUSDT,5m,0.3409573,0.3409573,0.34003714,0.34003714,4902957
1739433300000000,DOGEUSDT,5m,0.34003714,0.34008972,0.3394062,0.33970853,934325
1739433600000000,DOGEUSDT,5m,0.33970853,0.34040519,0.33918275,0.34040519,2857116
1739433900000000,DOGEUSDT,5m,0.34040519,0.34068125,0.34028688,0.34045777,876879
1739434200000000,DOGEUSDT,5m,0.34045777,0.34045777,0.33974794,0.3398531,1593000
1739434500000000,DOGEUSDT,5m,0.3398531,0.34014229,0.33785505,0.33952447,3057229
1739434800000000,DOGEUSDT,5m,0.33952447,0.34010286,0.33849916,0.34010286,979482
1739435100000000,DOGEUSDT,5m,0.34010286,0.34099981,0.33991819,0.34099981,729150
1739435400000000,DOGEUSDT,5m,0.34099981,0.34119767,0.34051174,0.34119767,585856
1739435700000000,DOGEUSDT,5m,0.34119767,0.34134294,0.33954689,0.33962613,1655324
1739436000000000,DOGEUSDT,5m,0.33962613,0.34027323,0.33929597,0.33929597,3870174
1739436300000000,DOGEUSDT,5m,0.33929597,0.33984955,0.33783292,0.33837332,2659696
1739436600000000,DOGEUSDT,5m,0.33837332,0.33961211,0.33821518,0.33870279,1248946
1739436900000000,DOGEUSDT,5m,0.33870279,0.33888729,0.33830743,0.33853147,1472638
1739437200000000,DOGEUSDT,5m,0.33853147,0.33976905,0.33746504,0.33959789,1763600
1739437500000000,DOGEUSDT,5m,0.33959789,0.34004551,0.33917661,0.33958473,2334743
1739437800000000,DOGEUSDT,5m,0.33958473,0.34015083,0.33913711,0.33997969,2063346
1739438100000000,DOGEUSDT,5m,0.33997969,0.3409166,0.33997969,0.3409034,2564862
1739438400000000,DOGEUSDT,5m,0.3409034,0.34099577,0.3403228,0.34067908,1431371
1739438700000000,DOGEUSDT,5m,0.34067908,0.34086381,0.34027002,0.34086381,3062528
1739439000000000,DOGEUSDT,5m,0.34086381,0.34149786,0.34045433,0.34145823,1455656
1739439300000000,DOGEUSDT,5m,0.34145823,0.3426338,0.34145823,0.34219792,3329254
1739439600000000,DOGEUSDT,5m,0.34219792,0.34229037,0.3418413,0.3418545,983931
1739439900000000,DOGEUSDT,5m,0.3418545,0.34238283,0.34165638,0.34186771,1715485
1739440200000000,DOGEUSDT,5m,0.34186771,0.34217149,0.3418413,0.3420262,1200251
1739440500000000,DOGEUSDT,5m,0.3420262,0.34227715,0.3418413,0.34215828,842658
1739440800000000,DOGEUSDT,5m,0.34215828,0.34247527,0.34178847,0.34247527,1185303
1739441100000000,DOGEUSDT,5m,0.34247527,0.34264729,0.34170777,0.34191949,1292403
1739441400000000,DOGEUSDT,5m,0.34191949,0.34334857,0.34086092,0.34086092,1629929
1739441700000000,DOGEUSDT,5m,0.34086092,0.34112393,0.3403349,0.34112393,970162
1739442000000000,DOGEUSDT,5m,0.34112393,0.34154539,0.34079466,0.34125564,1598514
1739442300000000,DOGEUSDT,5m,0.34125564,0.34155881,0.34103155,0.34103155,591736
1739442600000000,DOGEUSDT,5m,0.34103155,0.34134749,0.3405708,0.34134749,1143735
1739442900000000,DOGEUSDT,5m,0.34134749,0.34149257,0.340754,0.34120242,2214707
1739443200000000,DOGEUSDT,5m,0.34120242,0.34208605,0.34051661,0.34051661,1502349
1739443500000000,DOGEUSDT,5m,0.34051661,0.3413967,0.33936067,0.3413967,1007668
1739443800000000,DOGEUSDT,5m,0.3413967,0.34167398,0.34092136,0.34135709,1806779
1739444100000000,DOGEUSDT,5m,0.34135709,0.34154194,0.34073651,0.34117224,756362
1739444400000000,DOGEUSDT,5m,0.34117224,0.34163437,0.34057807,0.34080253,2243839
1739444700000000,DOGEUSDT,5m,0.34080253,0.34144952,0.34015555,0.34015555,1466366
1739445000000000,DOGEUSDT,5m,0.34015555,0.34028709,0.33930052,0.33972146,1561430
1739445300000000,DOGEUSDT,5m,0.33972146,0.34043176,0.33889277,0.34043176,1747145
1739445600000000,DOGEUSDT,5m,0.34043176,0.34090728,0.34023363,0.34023363,924761
1739445900000000,DOGEUSDT,5m,0.34023363,0.34068219,0.33963994,0.33965313,961555
1739446200000000,DOGEUSDT,5m,0.33965313,0.33965313,0.33759511,0.33845262,6413530
1739446500000000,DOGEUSDT,5m,0.33845262,0.33952117,0.33763472,0.33763472,1985253
1739446800000000,DOGEUSDT,5m,0.33763472,0.33861934,0.33670261,0.33670261,906205
1739447100000000,DOGEUSDT,5m,0.33670261,0.337029,0.33557983,0.33576261,1782874
1739447400000000,DOGEUSDT,5m,0.33576261,0.33594539,0.3343265,0.33582789,4250920
1739447700000000,DOGEUSDT,5m,0.33582789,0.33625872,0.335384,0.33615427,1266230
1739448000000000,DOGEUSDT,5m,0.33615427,0.3366112,0.33534486,0.33618038,2662647
1739448300000000,DOGEUSDT,5m,0.33618038,0.33650681,0.33509665,0.33632401,808996
1739448600000000,DOGEUSDT,5m,0.33632401,0.33726492,0.33527855,0.33726492,964994
1739448900000000,DOGEUSDT,5m,0.33726492,0.3375146,0.33633191,0.33660787,2262210
1739449200000000,DOGEUSDT,5m,0.33660787,0.3373306,0.33631878,0.33698895,1179604
1739449500000000,DOGEUSDT,5m,0.33698895,0.33767223,0.33664731,0.33664731,1051929
1739449800000000,DOGEUSDT,5m,0.33664731,0.33742103,0.33617521,0.33617521,1358556
1739450100000000,DOGEUSDT,5m,0.33617521,0.33659368,0.33582212,0.33650214,5064937
1739450400000000,DOGEUSDT,5m,0.33650214,0.3368683,0.33613597,0.33669829,3521401
1739450700000000,DOGEUSDT,5m,0.33669829,0.33677685,0.33532359,0.33563781,1198818
1739451000000000,DOGEUSDT,5m,0.33563781,0.33617458,0.33534978,0.33584728,2635861
1739451300000000,DOGEUSDT,5m,0.33584728,0.33643644,0.33461659,0.33643644,4344636
1739451600000000,DOGEUSDT,5m,0.33643644,0.33647585,0.3352803,0.33564816,2240405
1739451900000000,DOGEUSDT,5m,0.33564816,0.33729047,0.33421607,0.33421607,1679170
1739452200000000,DOGEUSDT,5m,0.33421607,0.335154,0.33327814,0.335154,1213262
1739452500000000,DOGEUSDT,5m,0.335154,0.33616275,0.33415835,0.33415835,2703995
1739452800000000,DOGEUSDT,5m,0.33415835,0.33444485,0.33342909,0.33392394,1360152
1739453100000000,DOGEUSDT,5m,0.33392394,0.33409299,0.33263657,0.33284463,1695878
1739453400000000,DOGEUSDT,5m,0.33284463,0.33645968,0.33034791,0.33034791,21510050
1739453700000000,DOGEUSDT,5m,0.33034791,0.33132148,0.32988674,0.33042477,5094764
1739454000000000,DOGEUSDT,5m,0.33042477,0.33064265,0.3296045,0.32969422,2820865
1739454300000000,DOGEUSDT,5m,0.32969422,0.33002748,0.328515,0.33002748,4347762
1739454600000000,DOGEUSDT,5m,0.33002748,0.33092653,0.32947521,0.3306825,3703714
1739454900000000,DOGEUSDT,5m,0.3306825,0.33123477,0.33000179,0.33123477,908754
1739455200000000,DOGEUSDT,5m,0.33123477,0.33154405,0.33002344,0.33154405,2251055
1739455500000000,DOGEUSDT,5m,0.33154405,0.33402288,0.32896193,0.33402288,7266211
1739455800000000,DOGEUSDT,5m,0.33402288,0.33445535,0.33298758,0.33445535,5879002
1739456100000000,DOGEUSDT,5m,0.33445535,0.33454732,0.33285238,0.33389037,5401407
1739456400000000,DOGEUSDT,5m,0.33389037,0.3354277,0.33368013,0.33519119,2348008
1739456700000000,DOGEUSDT,5m,0.33519119,0.33557225,0.33475756,0.33536201,1374535
1739457000000000,DOGEUSDT,5m,0.33536201,0.33750376,0.33458677,0.33458677,8386908
1739457300000000,DOGEUSDT,5m,0.33458677,0.33673173,0.331644,0.33673173,11299115
1739457600000000,DOGEUSDT,5m,0.33673173,0.33922221,0.33430748,0.33430748,5737165
1739457900000000,DOGEUSDT,5m,0.33430748,0.33493426,0.33364153,0.33386351,4191931
1739458200000000,DOGEUSDT,5m,0.33386351,0.33388963,0.33324982,0.33362848,1697004
1739458500000000,DOGEUSDT,5m,0.33362848,0.33407243,0.33327593,0.33330205,1969902
1739458800000000,DOGEUSDT,5m,0.33330205,0.33417686,0.3323489,0.33253169,5331040
1739459100000000,DOGEUSDT,5m,0.33253169,0.33277977,0.33097799,0.33250558,5103271
1739459400000000,DOGEUSDT,5m,0.33250558,0.33340633,0.33200952,0.33336716,2035878
1739459700000000,DOGEUSDT,5m,0.33336716,0.33569083,0.33336716,0.33509033,6243662
1739460000000000,DOGEUSDT,5m,0.33509033,0.33706153,0.33499895,0.3352992,6646098
1739460300000000,DOGEUSDT,5m,0.3352992,0.33533836,0.33398066,0.33424176,3890865
1739460600000000,DOGEUSDT,5m,0.33424176,0.33439842,0.33318432,0.33422871,2097105
1739460900000000,DOGEUSDT,5m,0.33422871,0.33550802,0.33375875,0.33546886,1751672
1739461200000000,DOGEUSDT,5m,0.33546886,0.33643492,0.33450281,0.33450281,2550348
1739461500000000,DOGEUSDT,5m,0.33450281,0.33482729,0.33368511,0.33481431,3733291
1739461800000000,DOGEUSDT,5m,0.33481431,0.33586559,0.33320494,0.33586559,6130549
1739462100000000,DOGEUSDT,5m,0.33586559,0.33641414,0.33508196,0.33621823,3881570
1739462400000000,DOGEUSDT,5m,0.33621823,0.33621823,0.33437662,0.33453335,1884019
1739462700000000,DOGEUSDT,5m,0.33453335,0.3354346,0.33423293,0.33440274,1963583
1739463000000000,DOGEUSDT,5m,0.33440274,0.33556431,0.33398509,0.33479428,1426738
1739463300000000,DOGEUSDT,5m,0.33479428,0.33602111,0.33256249,0.33602111,3338390
1739463600000000,DOGEUSDT,5m,0.33602111,0.33653384,0.33499565,0.33653384,1213489
1739463900000000,DOGEUSDT,5m,0.33653384,0.3372855,0.33518876,0.3372855,2202428
1739464200000000,DOGEUSDT,5m,0.3372855,0.33878231,0.33630529,0.33630529,3482068
1739464500000000,DOGEUSDT,5m,0.33630529,0.33726665,0.33601556,0.33612092,1126319
1739464800000000,DOGEUSDT,5m,0.33612092,0.3370559,0.33608141,0.33666084,2399592
1739465100000000,DOGEUSDT,5m,0.33666084,0.33720074,0.33576539,0.33705589,1705514
1739465400000000,DOGEUSDT,5m,0.33705589,0.33757068,0.3363563,0.3364355,1048528
1739465700000000,DOGEUSDT,5m,0.3364355,0.33697667,0.33557755,0.33605272,1609556
1739466000000000,DOGEUSDT,5m,0.33605272,0.33726434,0.3358025,0.33718532,1881995
1739466300000000,DOGEUSDT,5m,0.33718532,0.3378043,0.3368034,0.33714581,1884822
1739466600000000,DOGEUSDT,5m,0.33714581,0.33755396,0.33690882,0.33700098,1937915
1739466900000000,DOGEUSDT,5m,0.33700098,0.33748811,0.33609255,0.33615838,1444870
1739467200000000,DOGEUSDT,5m,0.33615838,0.336764,0.33573708,0.336764,12073559
1739467500000000,DOGEUSDT,5m,0.336764,0.33819906,0.33660601,0.33763293,1244817
1739467800000000,DOGEUSDT,5m,0.33763293,0.3380279,0.33698782,0.33786992,1370736
1739468100000000,DOGEUSDT,5m,0.33786992,0.33872565,0.33756712,0.33756712,983994
1739468400000000,DOGEUSDT,5m,0.33756712,0.33789564,0.33735686,0.33737,2207811
1739468700000000,DOGEUSDT,5m,0.33737,0.33775109,0.33700205,0.33758026,13030255
1739469000000000,DOGEUSDT,5m,0.33758026,0.3376591,0.3366867,0.33693637,1586406
1739469300000000,DOGEUSDT,5m,0.33693637,0.33780368,0.33583252,0.33780368,3074290
1739469600000000,DOGEUSDT,5m,0.33780368,0.33845092,0.33673376,0.33702436,1195524
1739469900000000,DOGEUSDT,5m,0.33702436,0.33743383,0.33624503,0.33743383,1418625
1739470200000000,DOGEUSDT,5m,0.33743383,0.3378046,0.33712928,0.33739411,2679195
1739470500000000,DOGEUSDT,5m,0.33739411,0.33833404,0.33675866,0.33722201,2797555
1739470800000000,DOGEUSDT,5m,0.33722201,0.33878414,0.33714258,0.33836051,910164
1739471100000000,DOGEUSDT,5m,0.33836051,0.33889003,0.33822813,0.33857232,702048
1739471400000000,DOGEUSDT,5m,0.33857232,0.33923424,0.33796335,0.33796335,986832
1739471700000000,DOGEUSDT,5m,0.33796335,0.33842505,0.33785782,0.33831952,651259
1739472000000000,DOGEUSDT,5m,0.33831952,0.33917693,0.33664428,0.33917693,2437114
1739472300000000,DOGEUSDT,5m,0.33917693,0.34044968,0.33803675,0.33803675,905846
1739472600000000,DOGEUSDT,5m,0.33803675,0.33816844,0.33731245,0.33793139,1536400
1739472900000000,DOGEUSDT,5m,0.33793139,0.3386425,0.3372993,0.3372993,617890
1739473200000000,DOGEUSDT,5m,0.3372993,0.33909666,0.33556754,0.33556754,4909841
1739473500000000,DOGEUSDT,5m,0.33556754,0.33641159,0.33482738,0.33526888,7736643
1739473800000000,DOGEUSDT,5m,0.33526888,0.33646136,0.33497076,0.33497076,15376046
1739474100000000,DOGEUSDT,5m,0.33497076,0.33565649,0.33420741,0.33565649,3416403
1739474400000000,DOGEUSDT,5m,0.33565649,0.33635802,0.33456522,0.33635802,3727906
1739474700000000,DOGEUSDT,5m,0.33635802,0.33648848,0.3351839,0.33551005,1969813
1739475000000000,DOGEUSDT,5m,0.33551005,0.33565354,0.33395766,0.33498824,1903563
1739475300000000,DOGEUSDT,5m,0.33498824,0.33536653,0.33492301,0.3349491,984753
1739475600000000,DOGEUSDT,5m,0.3349491,0.33524913,0.33455776,0.33514477,2992835
1739475900000000,DOGEUSDT,5m,0.33514477,0.33556268,0.33467463,0.33517089,1562462
1739476200000000,DOGEUSDT,5m,0.33517089,0.33527537,0.33454401,0.33480521,2139857
1739476500000000,DOGEUSDT,5m,0.33480521,0.33532759,0.33447873,0.3345832,981948
1739476800000000,DOGEUSDT,5m,0.3345832,0.33562796,0.33365598,0.33365598,1143898
1739477100000000,DOGEUSDT,5m,0.33365598,0.33426636,0.33313651,0.33313651,2834620
1739477400000000,DOGEUSDT,5m,0.33313651,0.3337191,0.33294231,0.33362847,3203537
1739477700000000,DOGEUSDT,5m,0.33362847,0.33436639,0.33344723,0.33413336,2336341
1739478000000000,DOGEUSDT,5m,0.33413336,0.33469001,0.3333178,0.33469001,607773
1739478300000000,DOGEUSDT,5m,0.33469001,0.33535243,0.33423541,0.33423541,1126875
1739478600000000,DOGEUSDT,5m,0.33423541,0.33505151,0.33397634,0.33405406,1118718
1739478900000000,DOGEUSDT,5m,0.33405406,0.33411876,0.33349763,0.33389878,1416318
1739479200000000,DOGEUSDT,5m,0.33389878,0.33436463,0.33376937,0.33388584,1980753
1739479500000000,DOGEUSDT,5m,0.33388584,0.33422226,0.33365293,0.33383408,697925
1739479800000000,DOGEUSDT,5m,0.33383408,0.33449398,0.33294127,0.33449398,5585150
1739480100000000,DOGEUSDT,5m,0.33449398,0.33502662,0.33401331,0.33401331,945284
1739480400000000,DOGEUSDT,5m,0.33401331,0.33488122,0.33370242,0.33488122,750521
1739480700000000,DOGEUSDT,5m,0.33488122,0.33565847,0.33416873,0.33416873,2827908
1739481000000000,DOGEUSDT,5m,0.33416873,0.33474922,0.33357534,0.33474922,7315781
1739481300000000,DOGEUSDT,5m,0.33474922,0.33477511,0.33433499,0.33477511,533720
1739481600000000,DOGEUSDT,5m,0.33477511,0.33483984,0.33428314,0.33483984,588997
1739481900000000,DOGEUSDT,5m,0.33483984,0.33515068,0.33432178,0.33515068,868244
1739482200000000,DOGEUSDT,5m,0.33515068,0.33685064,0.3343072,0.3343072,3735014
1739482500000000,DOGEUSDT,5m,0.3343072,0.33537882,0.33398442,0.33510768,1998860
1739482800000000,DOGEUSDT,5m,0.33510768,0.34045288,0.33339051,0.33339051,34963844
1739483100000000,DOGEUSDT,5m,0.33339051,0.33365888,0.33175474,0.33176752,6609110
1739483400000000,DOGEUSDT,5m,0.33176752,0.33326271,0.33092407,0.33092407,5670908
1739483700000000,DOGEUSDT,5m,0.33092407,0.33330171,0.33060621,0.33319999,10527189
1739484000000000,DOGEUSDT,5m,0.33319999,0.33462409,0.33143259,0.33159789,7533377
1739484300000000,DOGEUSDT,5m,0.33159789,0.33475136,0.32844441,0.32844441,5681940
1739484600000000,DOGEUSDT,5m,0.32844441,0.32957973,0.3267352,0.32693481,19527137
1739484900000000,DOGEUSDT,5m,0.32693481,0.328694,0.32557487,0.32557487,3481006
1739485200000000,DOGEUSDT,5m,0.32557487,0.32774026,0.3250923,0.3250923,7496200
1739485500000000,DOGEUSDT,5m,0.3250923,0.32591891,0.32470984,0.32515399,5624329
1739485800000000,DOGEUSDT,5m,0.32515399,0.32668441,0.32343843,0.32668441,4195190
1739486100000000,DOGEUSDT,5m,0.32668441,0.32724504,0.32522678,0.32724504,3559994
1739486400000000,DOGEUSDT,5m,0.32724504,0.32865774,0.32717003,0.32829519,1545123
1739486700000000,DOGEUSDT,5m,0.32829519,0.32900778,0.32755759,0.32900778,1257155
1739487000000000,DOGEUSDT,5m,0.32900778,0.32910823,0.32834231,0.32890734,1232271
1739487300000000,DOGEUSDT,5m,0.32890734,0.32909557,0.32794107,0.32830499,1540219
1739487600000000,DOGEUSDT,5m,0.32830499,0.32883202,0.32722582,0.3278156,4586332
1739487900000000,DOGEUSDT,5m,0.3278156,0.32792853,0.32681176,0.32790343,2923507
1739488200000000,DOGEUSDT,5m,0.32790343,0.32879485,0.32683624,0.32879485,2433796
1739488500000000,DOGEUSDT,5m,0.32879485,0.32965326,0.32879485,0.32922405,1658725
1739488800000000,DOGEUSDT,5m,0.32922405,0.32972902,0.32874434,0.32874434,1407690
1739489100000000,DOGEUSDT,5m,0.32874434,0.32933592,0.32869399,0.32908418,1161706
1739489400000000,DOGEUSDT,5m,0.32908418,0.32939886,0.32871916,0.32931075,784406
1739489700000000,DOGEUSDT,5m,0.32931075,0.32996529,0.32928557,0.32996529,1033856
1739490000000000,DOGEUSDT,5m,0.32996529,0.33058207,0.32978907,0.32978907,1536519
1739490300000000,DOGEUSDT,5m,0.32978907,0.33014112,0.32942444,0.32985194,911862
1739490600000000,DOGEUSDT,5m,0.32985194,0.33021657,0.32931128,0.3295376,1685094
1739490900000000,DOGEUSDT,5m,0.3295376,0.33029201,0.32908495,0.32908495,816907
1739491200000000,DOGEUSDT,5m,0.32908495,0.32974952,0.3285834,0.32863355,1888005
1739491500000000,DOGEUSDT,5m,0.32863355,0.32933571,0.32814455,0.32815709,2177425
1739491800000000,DOGEUSDT,5m,0.32815709,0.32848309,0.32775586,0.32783109,3129511
1739492100000000,DOGEUSDT,5m,0.32783109,0.32832011,0.32707875,0.32740476,2305534
1739492400000000,DOGEUSDT,5m,0.32740476,0.32919311,0.32737975,0.32850529,3870393
1739492700000000,DOGEUSDT,5m,0.32850529,0.33029363,0.32700458,0.32700458,4787024
1739493000000000,DOGEUSDT,5m,0.32700458,0.32813231,0.32680629,0.32748789,8807468
1739493300000000,DOGEUSDT,5m,0.32748789,0.32815707,0.32714091,0.32722765,6183562
1739493600000000,DOGEUSDT,5m,0.32722765,0.32800712,0.32633683,0.32642344,3836040
1739493900000000,DOGEUSDT,5m,0.32642344,0.32704204,0.3255574,0.32602754,2480013
1739494200000000,DOGEUSDT,5m,0.32602754,0.32755801,0.32506482,0.32506482,2566924
1739494500000000,DOGEUSDT,5m,0.32506482,0.32527342,0.32430406,0.32527342,2747936
1739494800000000,DOGEUSDT,5m,0.32527342,0.32605975,0.32515055,0.32527342,1697784
1739495100000000,DOGEUSDT,5m,0.32527342,0.32527342,0.32354095,0.3235901,3313444
1739495400000000,DOGEUSDT,5m,0.3235901,0.32395871,0.32290203,0.32293889,1902252
1739495700000000,DOGEUSDT,5m,0.32293889,0.32297575,0.32231225,0.32265629,2216495
1739496000000000,DOGEUSDT,5m,0.32265629,0.32298804,0.3220788,0.32217709,5074889
1739496300000000,DOGEUSDT,5m,0.32217709,0.32270544,0.32200508,0.32216481,2549344
1739496600000000,DOGEUSDT,5m,0.32216481,0.32323373,0.32099759,0.32323373,2241850
1739496900000000,DOGEUSDT,5m,0.32323373,0.32402528,0.32303585,0.32356767,2102004
1739497200000000,DOGEUSDT,5m,0.32356767,0.32379029,0.32304822,0.32318426,1295312
1739497500000000,DOGEUSDT,5m,0.32318426,0.32386452,0.32250401,0.32250401,1992288
1739497800000000,DOGEUSDT,5m,0.32250401,0.32337843,0.32250401,0.32321833,2100192
1739498100000000,DOGEUSDT,5m,0.32321833,0.32342769,0.32277497,0.32325527,785230
1739498400000000,DOGEUSDT,5m,0.32325527,0.32384639,0.32277499,0.32310749,1040589
1739498700000000,DOGEUSDT,5m,0.32310749,0.32485615,0.32310749,0.32473301,1288392
1739499000000000,DOGEUSDT,5m,0.32473301,0.32542262,0.32460986,0.32465912,1781640
1739499300000000,DOGEUSDT,5m,0.32465912,0.32489309,0.32400645,0.32489309,1049069
1739499600000000,DOGEUSDT,5m,0.32489309,0.32542336,0.32460946,0.32490543,2936871
1739499900000000,DOGEUSDT,5m,0.32490543,0.32558367,0.3240422,0.32558367,5403293
1739500200000000,DOGEUSDT,5m,0.32558367,0.32574466,0.32516262,0.32544745,881086
1739500500000000,DOGEUSDT,5m,0.32544745,0.32581897,0.32524931,0.32581897,720193
1739500800000000,DOGEUSDT,5m,0.32581897,0.32625237,0.32559608,0.32602948,1088147
1739501100000000,DOGEUSDT,5m,0.32602948,0.32658745,0.32581869,0.32591788,646504
1739501400000000,DOGEUSDT,5m,0.32591788,0.32591788,0.32549629,0.32554589,878223
1739501700000000,DOGEUSDT,5m,0.32554589,0.32610388,0.3247399,0.32610388,1653699
1739502000000000,DOGEUSDT,5m,0.32610388,0.32678819,0.3254569,0.3254569,1208345
1739502300000000,DOGEUSDT,5m,0.3254569,0.32606416,0.32478767,0.32606416,773416
1739502600000000,DOGEUSDT,5m,0.32606416,0.32673587,0.32564124,0.32564124,1116253
1739502900000000,DOGEUSDT,5m,0.32564124,0.32571567,0.32469836,0.32469836,1206281
1739503200000000,DOGEUSDT,5m,0.32469836,0.32502092,0.32454948,0.32464873,2372038
1739503500000000,DOGEUSDT,5m,0.32464873,0.32497129,0.32456189,0.32483483,469470
1739503800000000,DOGEUSDT,5m,0.32483483,0.32523183,0.32464873,0.32487204,899425
1739504100000000,DOGEUSDT,5m,0.32487204,0.32550477,0.32448745,0.32448745,3466545
1739504400000000,DOGEUSDT,5m,0.32448745,0.32487115,0.32437605,0.32479688,1232515
1739504700000000,DOGEUSDT,5m,0.32479688,0.32728456,0.32269288,0.32269288,5270117
1739505000000000,DOGEUSDT,5m,0.32269288,0.32286391,0.32216756,0.32277839,6133820
1739505300000000,DOGEUSDT,5m,0.32277839,0.32303508,0.32244837,0.32297397,2189806
1739505600000000,DOGEUSDT,5m,0.32297397,0.32331662,0.32253341,0.32301068,1837451
1739505900000000,DOGEUSDT,5m,0.32301068,0.32332894,0.32205589,0.32208038,2114133
1739506200000000,DOGEUSDT,5m,0.32208038,0.32219054,0.32181108,0.32186004,1076289
1739506500000000,DOGEUSDT,5m,0.32186004,0.32203142,0.32155401,0.3219947,1597083
1739506800000000,DOGEUSDT,5m,0.3219947,0.32226422,0.32185993,0.32187219,581043
1739507100000000,DOGEUSDT,5m,0.32187219,0.32200695,0.3215169,0.32160266,1012357
1739507400000000,DOGEUSDT,5m,0.32160266,0.32221521,0.3214434,0.32192119,920541
1739507700000000,DOGEUSDT,5m,0.32192119,0.32225198,0.32174967,0.32182318,516230
1739508000000000,DOGEUSDT,5m,0.32182318,0.32183542,0.32112524,0.32162726,580313
1739508300000000,DOGEUSDT,5m,0.32162726,0.32172522,0.32089259,0.32112524,1333892
1739508600000000,DOGEUSDT,5m,0.32112524,0.32119871,0.32074564,0.32085585,804032
1739508900000000,DOGEUSDT,5m,0.32085585,0.32135791,0.32085585,0.32112525,906761
1739509200000000,DOGEUSDT,5m,0.32112525,0.32151709,0.32084361,0.32129668,529174
1739509500000000,DOGEUSDT,5m,0.32129668,0.32150507,0.32095344,0.32149282,1313670
1739509800000000,DOGEUSDT,5m,0.32149282,0.32187283,0.32121087,0.32149282,1332585
1739510100000000,DOGEUSDT,5m,0.32149282,0.32236314,0.32149282,0.3219954,1993591
1739510400000000,DOGEUSDT,5m,0.3219954,0.32247346,0.3218483,0.3218483,2326150
1739510700000000,DOGEUSDT,5m,0.3218483,0.32198302,0.32141964,0.32157886,862226
1739511000000000,DOGEUSDT,5m,0.32157886,0.32298725,0.31990103,0.32298725,2763050
1739511300000000,DOGEUSDT,5m,0.32298725,0.3235185,0.32282664,0.32314786,3248473
1739511600000000,DOGEUSDT,5m,0.32314786,0.32330862,0.32295,0.32307366,2411510
1739511900000000,DOGEUSDT,5m,0.32307366,0.32337045,0.3224801,0.32286344,5522823
1739512200000000,DOGEUSDT,5m,0.32286344,0.32351881,0.32266559,0.32269032,2961299
1739512500000000,DOGEUSDT,5m,0.32269032,0.32335737,0.3221468,0.3221468,1696671
1739512800000000,DOGEUSDT,5m,0.3221468,0.32242996,0.32162973,0.32224529,1611174
1739513100000000,DOGEUSDT,5m,0.32224529,0.32308297,0.32213442,0.32278732,1858762
1739513400000000,DOGEUSDT,5m,0.32278732,0.32291052,0.32239307,0.32265179,923298
1739513700000000,DOGEUSDT,5m,0.32265179,0.32307068,0.32249163,0.32261483,689571
1739514000000000,DOGEUSDT,5m,0.32261483,0.32278732,0.32207275,0.32270108,932794
1739514300000000,DOGEUSDT,5m,0.32270108,0.32320618,0.3225902,0.3227134,1768412
1739514600000000,DOGEUSDT,5m,0.3227134,0.32304606,0.32245465,0.32270107,979379
1739514900000000,DOGEUSDT,5m,0.32270107,0.32335404,0.32156762,0.32335404,1944999
1739515200000000,DOGEUSDT,5m,0.32335404,0.32352722,0.32295821,0.32329219,1064931
1739515500000000,DOGEUSDT,5m,0.32329219,0.3239228,0.32309435,0.3239228,1272114
1739515800000000,DOGEUSDT,5m,0.3239228,0.32430611,0.3236755,0.3236755,1724383
1739516100000000,DOGEUSDT,5m,0.3236755,0.32421871,0.32366316,0.32398414,1957185
1739516400000000,DOGEUSDT,5m,0.32398414,0.32435451,0.32386069,0.32403352,2474785
1739516700000000,DOGEUSDT,5m,0.32403352,0.32504613,0.32316911,0.32316911,2754404
1739517000000000,DOGEUSDT,5m,0.32316911,0.3236236,0.32298485,0.32298485,2381020
1739517300000000,DOGEUSDT,5m,0.32298485,0.32326705,0.32260449,0.32315663,2140893
1739517600000000,DOGEUSDT,5m,0.32315663,0.32366023,0.32265302,0.32265302,2161277
1739517900000000,DOGEUSDT,5m,0.32265302,0.3231061,0.32244485,0.32309385,1352946
1739518200000000,DOGEUSDT,5m,0.32309385,0.32313059,0.32248161,0.32257957,1945664
1739518500000000,DOGEUSDT,5m,0.32257957,0.32291019,0.32212649,0.32291019,1495155
1739518800000000,DOGEUSDT,5m,0.32291019,0.32327831,0.32224758,0.32259116,8287865
1739519100000000,DOGEUSDT,5m,0.32259116,0.323179,0.32259116,0.32276261,2577291
1739519400000000,DOGEUSDT,5m,0.32276261,0.32382808,0.32197882,0.32197882,4473608
1739519700000000,DOGEUSDT,5m,0.32197882,0.32234443,0.32141822,0.32234443,1838155
1739520000000000,DOGEUSDT,5m,0.32234443,0.32367583,0.3212329,0.3212329,4838536
1739520300000000,DOGEUSDT,5m,0.3212329,0.32393804,0.32118437,0.32255514,26519063
1739520600000000,DOGEUSDT,5m,0.32255514,0.32288267,0.32180304,0.32288267,5348158
1739520900000000,DOGEUSDT,5m,0.32288267,0.32380651,0.32245722,0.32379436,4731772
1739521200000000,DOGEUSDT,5m,0.32379436,0.32468173,0.32363633,0.3246088,6960991
1739521500000000,DOGEUSDT,5m,0.3246088,0.32623761,0.32454802,0.32537458,34896209
1739521800000000,DOGEUSDT,5m,0.32537458,0.3262498,0.32400098,0.32409822,12485824
1739522100000000,DOGEUSDT,5m,0.32409822,0.32443857,0.3239402,0.32396451,3533824
1739522400000000,DOGEUSDT,5m,0.32396451,0.32488753,0.32356373,0.3236366,3826618
1739522700000000,DOGEUSDT,5m,0.3236366,0.32425597,0.32273792,0.32282293,3605355
1739523000000000,DOGEUSDT,5m,0.32282293,0.32358805,0.32266504,0.32266504,4943199
1739523300000000,DOGEUSDT,5m,0.32266504,0.32291983,0.32243453,0.32278637,2488070
1739523600000000,DOGEUSDT,5m,0.32278637,0.324121,0.32237385,0.32372061,4804072
1739523900000000,DOGEUSDT,5m,0.32372061,0.32514022,0.32287127,0.32287127,5153979
1739524200000000,DOGEUSDT,5m,0.32287127,0.32532138,0.32078324,0.32078324,11386223
1739524500000000,DOGEUSDT,5m,0.32078324,0.32276096,0.31880553,0.32276096,6527808
1739524800000000,DOGEUSDT,5m,0.32276096,0.3239792,0.32268859,0.32335199,2433099
1739525100000000,DOGEUSDT,5m,0.32335199,0.32397918,0.32333993,0.32354497,3057859
1739525400000000,DOGEUSDT,5m,0.32354497,0.32399124,0.32277304,0.3234726,2908418
1739525700000000,DOGEUSDT,5m,0.3234726,0.32448526,0.32252022,0.32252022,3846973
1739526000000000,DOGEUSDT,5m,0.32252022,0.32593598,0.31975165,0.31975165,18264533
1739526300000000,DOGEUSDT,5m,0.31975165,0.32017577,0.31836148,0.31864422,14009045
1739526600000000,DOGEUSDT,5m,0.31864422,0.32147159,0.31814943,0.32116529,12699642
1739526900000000,DOGEUSDT,5m,0.32116529,0.32131844,0.32006969,0.32016393,7846387
1739527200000000,DOGEUSDT,5m,0.32016393,0.32274391,0.31962202,0.32260254,10667893
1739527500000000,DOGEUSDT,5m,0.32260254,0.32411041,0.32239049,0.32353318,19939724
1739527800000000,DOGEUSDT,5m,0.32353318,0.32485257,0.32170724,0.32485257,12156274
1739528100000000,DOGEUSDT,5m,0.32485257,0.32639654,0.32358176,0.32358176,4795952
1739528400000000,DOGEUSDT,5m,0.32358176,0.32546723,0.32155488,0.32546723,8617970
1739528700000000,DOGEUSDT,5m,0.32546723,0.32555068,0.32376233,0.32433461,8328551
1739529000000000,DOGEUSDT,5m,0.32433461,0.32535992,0.32324968,0.32535992,6348529
1739529300000000,DOGEUSDT,5m,0.32535992,0.32574387,0.32498797,0.32522794,5478148
1739529600000000,DOGEUSDT,5m,0.32522794,0.32616309,0.3244007,0.3244007,3188751
1739529900000000,DOGEUSDT,5m,0.3244007,0.3248182,0.32313625,0.32447227,4509765
1739530200000000,DOGEUSDT,5m,0.32447227,0.32533154,0.32400683,0.32477063,2677810
1739530500000000,DOGEUSDT,5m,0.32477063,0.32554779,0.32455541,0.32487823,2223408
1739530800000000,DOGEUSDT,5m,0.32487823,0.32682712,0.32450759,0.32450759,6502085
1739531100000000,DOGEUSDT,5m,0.32450759,0.32586756,0.32305218,0.32586756,4845923
1739531400000000,DOGEUSDT,5m,0.32586756,0.32790062,0.32426757,0.32426757,13006123
1739531700000000,DOGEUSDT,5m,0.32426757,0.32751978,0.32170631,0.32170631,29522275
1739532000000000,DOGEUSDT,5m,0.32170631,0.32223399,0.3199943,0.32029917,7379935
1739532300000000,DOGEUSDT,5m,0.32029917,0.3215421,0.31920868,0.31927904,5877213
1739532600000000,DOGEUSDT,5m,0.31927904,0.3211786,0.31915006,0.32088546,5632363
1739532900000000,DOGEUSDT,5m,0.32088546,0.32140139,0.31974807,0.31995913,5395080
1739533200000000,DOGEUSDT,5m,0.31995913,0.32133104,0.31814165,0.32133104,4274312
1739533500000000,DOGEUSDT,5m,0.32133104,0.32249005,0.32014837,0.32249005,3620722
1739533800000000,DOGEUSDT,5m,0.32249005,0.32368124,0.32249005,0.32320476,2160939
1739534100000000,DOGEUSDT,5m,0.32320476,0.32375271,0.32289505,0.32339535,2339735
1739534400000000,DOGEUSDT,5m,0.32339535,0.3237408,0.32078665,0.32090577,11149638
1739534700000000,DOGEUSDT,5m,0.32090577,0.32206118,0.32078666,0.32139414,5528135
1739535000000000,DOGEUSDT,5m,0.32139414,0.322085,0.32066754,0.322085,3121258
1739535300000000,DOGEUSDT,5m,0.322085,0.32300617,0.32082887,0.32300617,6559949
1739535600000000,DOGEUSDT,5m,0.32300617,0.32389652,0.32276553,0.32276553,3743782
1739535900000000,DOGEUSDT,5m,0.32276553,0.32347433,0.32245318,0.32335419,2371695
1739536200000000,DOGEUSDT,5m,0.32335419,0.324051,0.32304183,0.32385878,2593037
1739536500000000,DOGEUSDT,5m,0.32385878,0.32385878,0.32259732,0.32278954,2285650
1739536800000000,DOGEUSDT,5m,0.32278954,0.32341424,0.32204471,0.32206873,3638315
1739537100000000,DOGEUSDT,5m,0.32206873,0.32248922,0.32107158,0.3221288,6095388
1739537400000000,DOGEUSDT,5m,0.3221288,0.32221293,0.32132357,0.32174421,2549754
1739537700000000,DOGEUSDT,5m,0.32174421,0.3224533,0.32123944,0.32138366,5756177
1739538000000000,DOGEUSDT,5m,0.32138366,0.32213915,0.31993264,0.32213915,6995493
1739538300000000,DOGEUSDT,5m,0.32213915,0.32265724,0.32169336,0.32209096,2534675
1739538600000000,DOGEUSDT,5m,0.32209096,0.32274158,0.32204277,0.32250061,2524793
1739538900000000,DOGEUSDT,5m,0.32250061,0.32286206,0.32181385,0.32239217,2102209
1739539200000000,DOGEUSDT,5m,0.32239217,0.32239217,0.32160902,0.32178975,1832172
1739539500000000,DOGEUSDT,5m,0.32178975,0.3221271,0.32093431,0.32168131,3350900
1739539800000000,DOGEUSDT,5m,0.32168131,0.3252356,0.31870535,0.31870535,7524372
1739540100000000,DOGEUSDT,5m,0.31870535,0.3190247,0.31774728,0.3190247,2422996
1739540400000000,DOGEUSDT,5m,0.3190247,0.31955801,0.31860991,0.31915507,2439249
1739540700000000,DOGEUSDT,5m,0.31915507,0.32155107,0.31687768,0.31687768,7034789
1739541000000000,DOGEUSDT,5m,0.31687768,0.31757928,0.31566157,0.31757928,4311885
1739541300000000,DOGEUSDT,5m,0.31757928,0.31826052,0.31727389,0.31728563,2611108
1739541600000000,DOGEUSDT,5m,0.31728563,0.31871861,0.31633424,0.31633424,3873449
1739541900000000,DOGEUSDT,5m,0.31633424,0.3178988,0.31593726,0.31593726,4170360
1739542200000000,DOGEUSDT,5m,0.31593726,0.31688063,0.3145979,0.31688063,3121253
1739542500000000,DOGEUSDT,5m,0.31688063,0.31807574,0.31608389,0.31608389,2162382
1739542800000000,DOGEUSDT,5m,0.31608389,0.31694655,0.3148715,0.31694655,6998039
1739543100000000,DOGEUSDT,5m,0.31694655,0.31707549,0.31591503,0.3162198,3017123
1739543400000000,DOGEUSDT,5m,0.3162198,0.3171693,0.31528202,0.31528202,2771261
1739543700000000,DOGEUSDT,5m,0.31528202,0.31755426,0.31528202,0.31708816,4578080
1739544000000000,DOGEUSDT,5m,0.31708816,0.31739112,0.31594621,0.31657544,3172529
1739544300000000,DOGEUSDT,5m,0.31657544,0.31977989,0.31657544,0.31899917,15318879
1739544600000000,DOGEUSDT,5m,0.31899917,0.32160933,0.31805531,0.31805531,14192914
1739544900000000,DOGEUSDT,5m,0.31805531,0.31919056,0.31650303,0.31919056,8218794
1739545200000000,DOGEUSDT,5m,0.31919056,0.32077724,0.31702055,0.32077724,14673082
1739545500000000,DOGEUSDT,5m,0.32077724,0.32177882,0.32032948,0.32071832,6757926
1739545800000000,DOGEUSDT,5m,0.32071832,0.32241444,0.31852751,0.32241444,7253835
1739546100000000,DOGEUSDT,5m,0.32241444,0.32254537,0.31905769,0.31940289,15620771
1739546400000000,DOGEUSDT,5m,0.31940289,0.32115262,0.31795073,0.31795073,7493982
1739546700000000,DOGEUSDT,5m,0.31795073,0.31856408,0.31762047,0.31800971,10579636
1739547000000000,DOGEUSDT,5m,0.31800971,0.31922506,0.31708934,0.31708934,4271256
1739547300000000,DOGEUSDT,5m,0.31708934,0.31816863,0.31602178,0.31602178,2356961
1739547600000000,DOGEUSDT,5m,0.31602178,0.31618492,0.31517113,0.31550906,2136505
1739547900000000,DOGEUSDT,5m,0.31550906,0.31639467,0.31546245,0.31621988,3182957
1739548200000000,DOGEUSDT,5m,0.31621988,0.31789781,0.31588196,0.31765311,4573222
1739548500000000,DOGEUSDT,5m,0.31765311,0.31860856,0.31688408,0.31816579,13094395
1739548800000000,DOGEUSDT,5m,0.31816579,0.31953347,0.31768652,0.31838789,4245178
1739549100000000,DOGEUSDT,5m,0.31838789,0.31970886,0.31751114,0.31763973,5593298
1739549400000000,DOGEUSDT,5m,0.31763973,0.31786183,0.3167864,0.31782677,4894033
1739549700000000,DOGEUSDT,5m,0.31782677,0.3179321,0.31621165,0.31671491,3573294
1739550000000000,DOGEUSDT,5m,0.31671491,0.31739373,0.31586054,0.31711284,5280972
1739550300000000,DOGEUSDT,5m,0.31711284,0.31795551,0.31689047,0.3169841,2697249
1739550600000000,DOGEUSDT,5m,0.3169841,0.31735831,0.3163643,0.3165748,2093749
1739550900000000,DOGEUSDT,5m,0.3165748,0.31684377,0.31568604,0.31635261,3210639
1739551200000000,DOGEUSDT,5m,0.31635261,0.31709999,0.31590885,0.31590885,1193029
1739551500000000,DOGEUSDT,5m,0.31590885,0.3163863,0.31510534,0.3158972,1072894
1739551800000000,DOGEUSDT,5m,0.3158972,0.31693354,0.3150006,0.3150006,3845845
1739552100000000,DOGEUSDT,5m,0.3150006,0.31876356,0.31495428,0.3182078,16684375
1739552400000000,DOGEUSDT,5m,0.3182078,0.32125291,0.31573003,0.31573003,22889804
1739552700000000,DOGEUSDT,5m,0.31573003,0.31715491,0.31360981,0.31715491,14755379
1739553000000000,DOGEUSDT,5m,0.31715491,0.31715491,0.31521094,0.31559053,4897513
1739553300000000,DOGEUSDT,5m,0.31559053,0.31662582,0.3151304,0.3151304,7893910
1739553600000000,DOGEUSDT,5m,0.3151304,0.31632325,0.31449957,0.31449957,6164672
1739553900000000,DOGEUSDT,5m,0.31449957,0.31487654,0.31401978,0.31424825,7222095
1739554200000000,DOGEUSDT,5m,0.31424825,0.31646432,0.31350575,0.31605309,7872193
1739554500000000,DOGEUSDT,5m,0.31605309,0.31745813,0.31500217,0.31500217,10237997
1739554800000000,DOGEUSDT,5m,0.31500217,0.3217198,0.30904482,0.30904482,43343655
1739555100000000,DOGEUSDT,5m,0.30904482,0.31293451,0.3051879,0.3051879,46483014
1739555400000000,DOGEUSDT,5m,0.3051879,0.30558219,0.30264103,0.30397308,31285305
1739555700000000,DOGEUSDT,5m,0.30397308,0.30467642,0.30026453,0.30041372,14594881
1739556000000000,DOGEUSDT,5m,0.30041372,0.30168188,0.30024322,0.30024322,12254886
1739556300000000,DOGEUSDT,5m,0.30024322,0.30217216,0.29821836,0.30217216,15157237
1739556600000000,DOGEUSDT,5m,0.30217216,0.30459022,0.30081199,0.30081199,7286432
1739556900000000,DOGEUSDT,5m,0.30081199,0.30157157,0.29927145,0.29947472,7815775
1739557200000000,DOGEUSDT,5m,0.29947472,0.30029848,0.29885422,0.29934634,6824088
1739557500000000,DOGEUSDT,5m,0.29934634,0.29934634,0.29826582,0.29843699,5904693
1739557800000000,DOGEUSDT,5m,0.29843699,0.30038407,0.29652201,0.29652201,5408328
1739558100000000,DOGEUSDT,5m,0.29652201,0.29954268,0.2931,0.29954268,9698018
1739558400000000,DOGEUSDT,5m,0.29954268,0.30031879,0.2990145,0.2998984,9739910
1739558700000000,DOGEUSDT,5m,0.2998984,0.30082541,0.29985528,0.30016788,6349758
1739559000000000,DOGEUSDT,5m,0.30016788,0.30126739,0.29942409,0.29942409,2591696
1739559300000000,DOGEUSDT,5m,0.29942409,0.30050744,0.29810475,0.30050744,1902613
1739559600000000,DOGEUSDT,5m,0.30050744,0.30195515,0.29956751,0.29956751,3634591
1739559900000000,DOGEUSDT,5m,0.29956751,0.30007212,0.2985905,0.3000077,4280027
1739560200000000,DOGEUSDT,5m,0.3000077,0.30081533,0.29920007,0.29920007,2137393
1739560500000000,DOGEUSDT,5m,0.29920007,0.29954282,0.29879306,0.29880377,4213701
1739560800000000,DOGEUSDT,5m,0.29880377,0.2989323,0.29763631,0.29811829,2126956
1739561100000000,DOGEUSDT,5m,0.29811829,0.29824682,0.29702577,0.2974435,2517289
1739561400000000,DOGEUSDT,5m,0.2974435,0.29922146,0.2954192,0.29922146,10233529
1739561700000000,DOGEUSDT,5m,0.29922146,0.30095582,0.29904802,0.30078239,4557552
1739562000000000,DOGEUSDT,5m,0.30078239,0.30111843,0.30052222,0.30071734,2358694
1739562300000000,DOGEUSDT,5m,0.30071734,0.30169254,0.29942792,0.30169254,1905384
1739562600000000,DOGEUSDT,5m,0.30169254,0.302794,0.30000217,0.302794,4399101
1739562900000000,DOGEUSDT,5m,0.302794,0.30358496,0.3024974,0.30353003,1558882
1739563200000000,DOGEUSDT,5m,0.30353003,0.30389256,0.30275006,0.30275006,2138126
1739563500000000,DOGEUSDT,5m,0.30275006,0.30315653,0.30254134,0.30304667,2082986
1739563800000000,DOGEUSDT,5m,0.30304667,0.30406829,0.30220082,0.30220082,2556844
1739564100000000,DOGEUSDT,5m,0.30220082,0.30316216,0.30182939,0.30186216,4805199
1739564400000000,DOGEUSDT,5m,0.30186216,0.30223358,0.30088993,0.30223358,1459473
1739564700000000,DOGEUSDT,5m,0.30223358,0.30243069,0.30179554,0.30243069,1625235
1739565000000000,DOGEUSDT,5m,0.30243069,0.30244166,0.3014329,0.30198114,3190718
1739565300000000,DOGEUSDT,5m,0.30198114,0.30326397,0.30178378,0.30275961,3287435
1739565600000000,DOGEUSDT,5m,0.30275961,0.30275961,0.30159734,0.30179471,986255
1739565900000000,DOGEUSDT,5m,0.30179471,0.30205786,0.3010491,0.30136708,2011978
1739566200000000,DOGEUSDT,5m,0.30136708,0.30165215,0.30023775,0.30165215,4396313
1739566500000000,DOGEUSDT,5m,0.30165215,0.30314619,0.29914745,0.30314619,5203624
1739566800000000,DOGEUSDT,5m,0.30314619,0.30433334,0.30263582,0.30386736,4370618
1739567100000000,DOGEUSDT,5m,0.30386736,0.30388955,0.30209217,0.30229188,2024105
1739567400000000,DOGEUSDT,5m,0.30229188,0.30322389,0.30041677,0.30322389,10954616
1739567700000000,DOGEUSDT,5m,0.30322389,0.3041282,0.30245355,0.30405005,7292423
1739568000000000,DOGEUSDT,5m,0.30405005,0.3049097,0.30349183,0.30488738,2199931
1739568300000000,DOGEUSDT,5m,0.30488738,0.30570234,0.30449664,0.30516647,4381125
1739568600000000,DOGEUSDT,5m,0.30516647,0.30631847,0.30469673,0.30469673,1594547
1739568900000000,DOGEUSDT,5m,0.30469673,0.30622428,0.30452948,0.30585633,7221425
1739569200000000,DOGEUSDT,5m,0.30585633,0.30628005,0.30529881,0.30628005,1232707
1739569500000000,DOGEUSDT,5m,0.30628005,0.30733114,0.30595578,0.30595578,5190358
1739569800000000,DOGEUSDT,5m,0.30595578,0.30617893,0.30566568,0.30574378,1129216
1739570100000000,DOGEUSDT,5m,0.30574378,0.30644572,0.30571035,0.30624516,1956432
1739570400000000,DOGEUSDT,5m,0.30624516,0.30628973,0.30555434,0.30596661,1431850
1739570700000000,DOGEUSDT,5m,0.30596661,0.30645689,0.30533148,0.30645689,1330316
1739571000000000,DOGEUSDT,5m,0.30645689,0.30765302,0.30623331,0.30691522,6104851
1739571300000000,DOGEUSDT,5m,0.30691522,0.30694876,0.30491413,0.3054172,5557213
1739571600000000,DOGEUSDT,5m,0.3054172,0.30598734,0.30507064,0.30549545,1220081
1739571900000000,DOGEUSDT,5m,0.30549545,0.30625567,0.30474642,0.30474642,2722072
1739572200000000,DOGEUSDT,5m,0.30474642,0.30724963,0.30152006,0.30724963,5884805
1739572500000000,DOGEUSDT,5m,0.30724963,0.30724963,0.302771,0.30548532,75924783
1739572800000000,DOGEUSDT,5m,0.30548532,0.30617518,0.30505557,0.30505557,1930618
1739573100000000,DOGEUSDT,5m,0.30505557,0.30506684,0.30267593,0.30337516,3791655
1739573400000000,DOGEUSDT,5m,0.30337516,0.30338644,0.3025744,0.30287892,1399443
1739573700000000,DOGEUSDT,5m,0.30287892,0.30431126,0.30158191,0.30419848,9982649
1739574000000000,DOGEUSDT,5m,0.30419848,0.30511202,0.30326238,0.30433382,8306271
1739574300000000,DOGEUSDT,5m,0.30433382,0.3046496,0.30390526,0.30431126,2477427
1739574600000000,DOGEUSDT,5m,0.30431126,0.30528116,0.30362331,0.30362331,2837283
1739574900000000,DOGEUSDT,5m,0.30362331,0.30411728,0.30358963,0.30400502,1704805
1739575200000000,DOGEUSDT,5m,0.30400502,0.30445406,0.30356719,0.30399379,1002747
1739575500000000,DOGEUSDT,5m,0.30399379,0.30470101,0.30392643,0.30424076,998516
1739575800000000,DOGEUSDT,5m,0.30424076,0.30489185,0.30388153,0.30480204,1555831
1739576100000000,DOGEUSDT,5m,0.30480204,0.30504901,0.30431934,0.30501533,1604596
1739576400000000,DOGEUSDT,5m,0.30501533,0.30547625,0.30459938,0.30459938,937025
1739576700000000,DOGEUSDT,5m,0.30459938,0.305003,0.30431909,0.30431909,1911948
1739577000000000,DOGEUSDT,5m,0.30431909,0.30444219,0.30408408,0.30425194,1228515
1739577300000000,DOGEUSDT,5m,0.30425194,0.30446448,0.30399466,0.30446448,955314
1739577600000000,DOGEUSDT,5m,0.30446448,0.30497976,0.30408362,0.30494616,3403059
1739577900000000,DOGEUSDT,5m,0.30494616,0.30497976,0.303938,0.30440847,2065975
1739578200000000,DOGEUSDT,5m,0.30440847,0.30519257,0.30402763,0.30468851,3274439
1739578500000000,DOGEUSDT,5m,0.30468851,0.30543903,0.30418443,0.30476692,2122011
1739578800000000,DOGEUSDT,5m,0.30476692,0.30493496,0.30376985,0.30381466,2275324
1739579100000000,DOGEUSDT,5m,0.30381466,0.30419555,0.30344498,0.30409473,4389514
1739579400000000,DOGEUSDT,5m,0.30409473,0.30473448,0.30335396,0.30473448,3131923
1739579700000000,DOGEUSDT,5m,0.30473448,0.30585035,0.30435125,0.30583908,2840843
1739580000000000,DOGEUSDT,5m,0.30583908,0.30596305,0.30550097,0.30596305,3623975
1739580300000000,DOGEUSDT,5m,0.30596305,0.306211,0.30554604,0.30587289,4198824
1739580600000000,DOGEUSDT,5m,0.30587289,0.30684216,0.30518538,0.30518538,2835909
1739580900000000,DOGEUSDT,5m,0.30518538,0.3056566,0.30477025,0.30477025,1157968
1739581200000000,DOGEUSDT,5m,0.30477025,0.3057213,0.30465837,0.30529612,5655504
1739581500000000,DOGEUSDT,5m,0.30529612,0.30628073,0.30431151,0.30431151,4892084
1739581800000000,DOGEUSDT,5m,0.30431151,0.30448939,0.30395576,0.30424481,4044034
1739582100000000,DOGEUSDT,5m,0.30424481,0.3049341,0.30352217,0.30390016,3950335
1739582400000000,DOGEUSDT,5m,0.30390016,0.30513143,0.30356739,0.3050316,3995300
1739582700000000,DOGEUSDT,5m,0.3050316,0.30513143,0.30333445,0.30386689,4663029
1739583000000000,DOGEUSDT,5m,0.30386689,0.3045768,0.30348974,0.30439933,1926892
1739583300000000,DOGEUSDT,5m,0.30439933,0.30910236,0.30439933,0.30873632,48664519
1739583600000000,DOGEUSDT,5m,0.30873632,0.30873632,0.3062296,0.30672873,7299815
1739583900000000,DOGEUSDT,5m,0.30672873,0.30763828,0.30627395,0.30672873,5564431
1739584200000000,DOGEUSDT,5m,0.30672873,0.30741641,0.30595231,0.30680637,4382188
1739584500000000,DOGEUSDT,5m,0.30680637,0.30767196,0.30656223,0.30735014,6457357
1739584800000000,DOGEUSDT,5m,0.30735014,0.30779404,0.3065511,0.30779404,6754955
1739585100000000,DOGEUSDT,5m,0.30779404,0.30894041,0.30681462,0.30681462,9882837
1739585400000000,DOGEUSDT,5m,0.30681462,0.30803118,0.30663767,0.30776575,5634322
1739585700000000,DOGEUSDT,5m,0.30776575,0.30777681,0.30609575,0.30617317,9029044
1739586000000000,DOGEUSDT,5m,0.30617317,0.30665979,0.3054543,0.30547642,4499942
1739586300000000,DOGEUSDT,5m,0.30547642,0.30581926,0.30510039,0.30537688,2285249
1739586600000000,DOGEUSDT,5m,0.30537688,0.30657049,0.30430484,0.30430484,2777292
1739586900000000,DOGEUSDT,5m,0.30430484,0.30471089,0.30375613,0.30469991,2097900
1739587200000000,DOGEUSDT,5m,0.30469991,0.30793743,0.30194528,0.30194528,24704498
1739587500000000,DOGEUSDT,5m,0.30194528,0.30269974,0.30061958,0.30140638,6174118
1739587800000000,DOGEUSDT,5m,0.30140638,0.30316773,0.30130972,0.30244815,9565640
1739588100000000,DOGEUSDT,5m,0.30244815,0.30423093,0.30180378,0.30365099,8310160
1739588400000000,DOGEUSDT,5m,0.30365099,0.30484308,0.30244815,0.30484308,4974728
1739588700000000,DOGEUSDT,5m,0.30484308,0.30531936,0.30434515,0.30472401,2767174
1739589000000000,DOGEUSDT,5m,0.30472401,0.30537298,0.30394525,0.30529727,2852879
1739589300000000,DOGEUSDT,5m,0.30529727,0.30611157,0.30465669,0.3057967,5296443
1739589600000000,DOGEUSDT,5m,0.3057967,0.30698011,0.30460244,0.30698011,3697104
1739589900000000,DOGEUSDT,5m,0.30698011,0.30722082,0.30650964,0.30714423,3160275
1739590200000000,DOGEUSDT,5m,0.30714423,0.30832585,0.30509828,0.30832585,6180817
1739590500000000,DOGEUSDT,5m,0.30832585,0.30836995,0.30737763,0.30836995,3345936
1739590800000000,DOGEUSDT,5m,0.30836995,0.30899858,0.30830378,0.30830378,1870471
1739591100000000,DOGEUSDT,5m,0.30830378,0.30860144,0.30790691,0.3084471,2657844
1739591400000000,DOGEUSDT,5m,0.3084471,0.30888848,0.3078071,0.30809399,1885031
1739591700000000,DOGEUSDT,5m,0.30809399,0.30867884,0.30736569,0.30867884,1890536
1739592000000000,DOGEUSDT,5m,0.30867884,0.30959822,0.308125,0.308125,2847489
1739592300000000,DOGEUSDT,5m,0.308125,0.30904109,0.30793737,0.30904109,5193715
1739592600000000,DOGEUSDT,5m,0.30904109,0.30925079,0.3085113,0.30912938,2796271
1739592900000000,DOGEUSDT,5m,0.30912938,0.30946068,0.3086214,0.30939442,1490087
1739593200000000,DOGEUSDT,5m,0.30939442,0.30952693,0.30874287,0.30925086,1558043
1739593500000000,DOGEUSDT,5m,0.30925086,0.3095932,0.30886433,0.30912938,3056528
1739593800000000,DOGEUSDT,5m,0.30912938,0.31037729,0.30888642,0.30894164,5630870
1739594100000000,DOGEUSDT,5m,0.30894164,0.30964842,0.30798086,0.30964842,1709772
1739594400000000,DOGEUSDT,5m,0.30964842,0.30993687,0.30945982,0.30981483,1095588
1739594700000000,DOGEUSDT,5m,0.30981483,0.31055817,0.30880523,0.30913807,2349995
1739595000000000,DOGEUSDT,5m,0.30913807,0.30957077,0.30833923,0.30894945,1987314
1739595300000000,DOGEUSDT,5m,0.30894945,0.30919355,0.30856112,0.30861659,1100435
1739595600000000,DOGEUSDT,5m,0.30861659,0.30894947,0.30826153,0.30893837,1659757
1739595900000000,DOGEUSDT,5m,0.30893837,0.30948204,0.30872756,0.30932671,1213294
1739596200000000,DOGEUSDT,5m,0.30932671,0.30995914,0.30879413,0.30883851,1509193
1739596500000000,DOGEUSDT,5m,0.30883851,0.31038076,0.30829484,0.30984819,2292301
1739596800000000,DOGEUSDT,5m,0.30984819,0.31018106,0.30911587,0.30963737,1104418
1739597100000000,DOGEUSDT,5m,0.30963737,0.3099698,0.30895034,0.3099698,874337
1739597400000000,DOGEUSDT,5m,0.3099698,0.31103587,0.30993648,0.31080266,2419913
1739597700000000,DOGEUSDT,5m,0.31080266,0.31080266,0.30993648,0.31003643,1404364
1739598000000000,DOGEUSDT,5m,0.31003643,0.31031405,0.30945898,0.31031405,1739229
1739598300000000,DOGEUSDT,5m,0.31031405,0.31134865,0.30913483,0.31134865,2124746
1739598600000000,DOGEUSDT,5m,0.31134865,0.31215499,0.31110227,0.3121438,858131
1739598900000000,DOGEUSDT,5m,0.3121438,0.31249097,0.31169583,0.31185262,633106
1739599200000000,DOGEUSDT,5m,0.31185262,0.31191969,0.31005284,0.31072357,3399175
1739599500000000,DOGEUSDT,5m,0.31072357,0.31187497,0.30957216,0.31187497,4177093
1739599800000000,DOGEUSDT,5m,0.31187497,0.31235922,0.31137947,0.31151461,3726318
1739600100000000,DOGEUSDT,5m,0.31151461,0.31305748,0.31137946,0.31297865,2129224
1739600400000000,DOGEUSDT,5m,0.31297865,0.31383458,0.31274214,0.31383458,3603773
1739600700000000,DOGEUSDT,5m,0.31383458,0.31443146,0.31322644,0.31443146,653412
1739601000000000,DOGEUSDT,5m,0.31443146,0.3145106,0.31350444,0.31359488,866569
1739601300000000,DOGEUSDT,5m,0.31359488,0.3138888,0.31289398,0.3138888,1484359
1739601600000000,DOGEUSDT,5m,0.3138888,0.31445402,0.31327837,0.31442011,879637
1739601900000000,DOGEUSDT,5m,0.31442011,0.3151007,0.3134446,0.3151007,2425803
1739602200000000,DOGEUSDT,5m,0.3151007,0.31545385,0.31458806,0.31475894,3230645
1739602500000000,DOGEUSDT,5m,0.31475894,0.31524877,0.31457667,0.31495259,2665016
1739602800000000,DOGEUSDT,5m,0.31495259,0.31518042,0.31458807,0.31490703,1405963
1739603100000000,DOGEUSDT,5m,0.31490703,0.31513486,0.31408684,0.31415519,4736358
1739603400000000,DOGEUSDT,5m,0.31415519,0.31469059,0.31286795,0.31469059,11061697
1739603700000000,DOGEUSDT,5m,0.31469059,0.31584502,0.31315897,0.31584502,5139351
1739604000000000,DOGEUSDT,5m,0.31584502,0.31613288,0.31516566,0.31608682,4428919
1739604300000000,DOGEUSDT,5m,0.31608682,0.31689285,0.31533838,0.31533838,2781884
1739604600000000,DOGEUSDT,5m,0.31533838,0.31543006,0.31470807,0.31505187,1253824
1739604900000000,DOGEUSDT,5m,0.31505187,0.31633537,0.3137913,0.3137913,2408170
1739605200000000,DOGEUSDT,5m,0.3137913,0.3144393,0.31334793,0.31334793,1135257
1739605500000000,DOGEUSDT,5m,0.31334793,0.31360867,0.31267906,0.31317788,2585962
1739605800000000,DOGEUSDT,5m,0.31317788,0.31317788,0.31176232,0.31190954,2005993
1739606100000000,DOGEUSDT,5m,0.31190954,0.31218133,0.31133199,0.31211338,1331025
1739606400000000,DOGEUSDT,5m,0.31211338,0.31339472,0.31211338,0.31323597,836271
1739606700000000,DOGEUSDT,5m,0.31323597,0.31372354,0.31253296,0.31372354,906682
1739607000000000,DOGEUSDT,5m,0.31372354,0.31430362,0.31327994,0.31416713,2049291
1739607300000000,DOGEUSDT,5m,0.31416713,0.31566853,0.31400789,0.31525906,11373439
1739607600000000,DOGEUSDT,5m,0.31525906,0.31597563,0.31472447,0.31590739,2640015
1739607900000000,DOGEUSDT,5m,0.31590739,0.31622586,0.31549791,0.31622586,1924132
1739608200000000,DOGEUSDT,5m,0.31622586,0.31752509,0.31621447,0.31695526,2254184
1739608500000000,DOGEUSDT,5m,0.31695526,0.31697805,0.31649937,0.31657915,1782968
1739608800000000,DOGEUSDT,5m,0.31657915,0.31725158,0.31622584,0.31630562,2414243
1739609100000000,DOGEUSDT,5m,0.31630562,0.31639664,0.31542952,0.31553192,1298922
1739609400000000,DOGEUSDT,5m,0.31553192,0.31611219,0.31534987,0.31581637,847442
1739609700000000,DOGEUSDT,5m,0.31581637,0.31635111,0.31572535,0.31596428,911092
1739610000000000,DOGEUSDT,5m,0.31596428,0.31719309,0.31583912,0.31697691,2287506
1739610300000000,DOGEUSDT,5m,0.31697691,0.31744342,0.3167721,0.31696553,2376581
1739610600000000,DOGEUSDT,5m,0.31696553,0.31709069,0.31606664,0.3166128,5638789
1739610900000000,DOGEUSDT,5m,0.3166128,0.31756858,0.31621456,0.31629421,1528484
1739611200000000,DOGEUSDT,5m,0.31629421,0.31643075,0.31595287,0.31627145,4696963
1739611500000000,DOGEUSDT,5m,0.31627145,0.31631697,0.31522469,0.31597563,1972513
1739611800000000,DOGEUSDT,5m,0.31597563,0.3164535,0.31461028,0.31554327,4321398
1739612100000000,DOGEUSDT,5m,0.31554327,0.31691623,0.31548653,0.31642832,4536682
1739612400000000,DOGEUSDT,5m,0.31642832,0.31648506,0.31581557,0.31645101,1658412
1739612700000000,DOGEUSDT,5m,0.31645101,0.31688222,0.31603115,0.31608789,1979479
1739613000000000,DOGEUSDT,5m,0.31608789,0.31653045,0.31548647,0.31653045,1677891
1739613300000000,DOGEUSDT,5m,0.31653045,0.31708804,0.31635976,0.31701976,1158604
1739613600000000,DOGEUSDT,5m,0.31701976,0.31764563,0.31535837,0.31552906,3038160
1739613900000000,DOGEUSDT,5m,0.31552906,0.31781632,0.31327593,0.31327593,6768104
1739614200000000,DOGEUSDT,5m,0.31327593,0.31397147,0.31209799,0.31397147,7256055
1739614500000000,DOGEUSDT,5m,0.31397147,0.31397147,0.31302493,0.31372357,1124723
1739614800000000,DOGEUSDT,5m,0.31372357,0.31515466,0.31238263,0.31238263,5001789
1739615100000000,DOGEUSDT,5m,0.31238263,0.31293008,0.31099724,0.31293008,4949676
1739615400000000,DOGEUSDT,5m,0.31293008,0.31313189,0.31202193,0.31252646,1708890
1739615700000000,DOGEUSDT,5m,0.31252646,0.31306464,0.31174161,0.31306464,1144773
1739616000000000,DOGEUSDT,5m,0.31306464,0.31417847,0.31303089,0.31366093,1299727
1739616300000000,DOGEUSDT,5m,0.31366093,0.31453849,0.31340216,0.31439223,1329859
1739616600000000,DOGEUSDT,5m,0.31439223,0.31483103,0.31420096,0.31421222,2711597
1739616900000000,DOGEUSDT,5m,0.31421222,0.31452689,0.31395373,0.31414479,1493139
1739617200000000,DOGEUSDT,5m,0.31414479,0.31465049,0.31345927,0.31461678,2014596
1739617500000000,DOGEUSDT,5m,0.31461678,0.31560571,0.3145044,0.31529105,10521788
1739617800000000,DOGEUSDT,5m,0.31529105,0.3163025,0.31426837,0.3163025,4770964
1739618100000000,DOGEUSDT,5m,0.3163025,0.31631381,0.31452667,0.31474158,6696384
1739618400000000,DOGEUSDT,5m,0.31474158,0.3159405,0.31254731,0.3159405,10742251
1739618700000000,DOGEUSDT,5m,0.3159405,0.31711445,0.3150059,0.3150059,2875373
1739619000000000,DOGEUSDT,5m,0.3150059,0.3150059,0.31422408,0.31490393,1232439
1739619300000000,DOGEUSDT,5m,0.31490393,0.31603696,0.31249057,0.31603696,5604603
1739619600000000,DOGEUSDT,5m,0.31603696,0.31685864,0.31601414,0.31649345,2678643
1739619900000000,DOGEUSDT,5m,0.31649345,0.31698417,0.31515822,0.31672169,1635209
1739620200000000,DOGEUSDT,5m,0.31672169,0.31804741,0.3154874,0.3154874,1037416
1739620500000000,DOGEUSDT,5m,0.3154874,0.31553276,0.31452354,0.31458024,1530824
1739620800000000,DOGEUSDT,5m,0.31458024,0.31506782,0.31334428,0.3145122,1744622
1739621100000000,DOGEUSDT,5m,0.3145122,0.31520391,0.31427407,0.31427407,1388637
1739621400000000,DOGEUSDT,5m,0.31427407,0.31507793,0.31323246,0.31507793,1275391
1739621700000000,DOGEUSDT,5m,0.31507793,0.31527139,0.31414477,0.31499827,1265073
1739622000000000,DOGEUSDT,5m,0.31499827,0.3157607,0.31467964,0.31467964,903227
1739622300000000,DOGEUSDT,5m,0.31467964,0.31540647,0.31445251,0.3153724,631513
1739622600000000,DOGEUSDT,5m,0.3153724,0.31559953,0.31456608,0.31559953,1793431
1739622900000000,DOGEUSDT,5m,0.31559953,0.31636042,0.31482728,0.31626957,4309686
1739623200000000,DOGEUSDT,5m,0.31626957,0.31645128,0.31552,0.31569036,1450715
1739623500000000,DOGEUSDT,5m,0.31569036,0.31595157,0.31495215,0.31578121,1169025
1739623800000000,DOGEUSDT,5m,0.31578121,0.31792761,0.31552001,0.31784811,7870745
1739624100000000,DOGEUSDT,5m,0.31784811,0.31931311,0.31622412,0.31931311,3662638
1739624400000000,DOGEUSDT,5m,0.31931311,0.32025298,0.31887757,0.31887757,3017420
1739624700000000,DOGEUSDT,5m,0.31887757,0.3190033,0.31819173,0.31827175,3401192
1739625000000000,DOGEUSDT,5m,0.31827175,0.31899185,0.31727733,0.31899185,945748
1739625300000000,DOGEUSDT,5m,0.31899185,0.31993337,0.31805032,0.31805032,1884769
1739625600000000,DOGEUSDT,5m,0.31805032,0.31871236,0.31781062,0.31781062,1225805
1739625900000000,DOGEUSDT,5m,0.31781062,0.31806137,0.31750289,0.31797019,1279638
1739626200000000,DOGEUSDT,5m,0.31797019,0.31879167,0.31729703,0.31855207,1987449
1739626500000000,DOGEUSDT,5m,0.31855207,0.31923666,0.31803863,0.31803863,2258497
1739626800000000,DOGEUSDT,5m,0.31803863,0.31843669,0.31732212,0.31832296,1416437
1739627100000000,DOGEUSDT,5m,0.31832296,0.31893821,0.3175368,0.31889263,1686610
1739627400000000,DOGEUSDT,5m,0.31889263,0.32037384,0.31719494,0.32037384,3419646
1739627700000000,DOGEUSDT,5m,0.32037384,0.32096035,0.31986783,0.32051184,3218896
1739628000000000,DOGEUSDT,5m,0.32051184,0.3222729,0.31847454,0.3222729,5278044
1739628300000000,DOGEUSDT,5m,0.3222729,0.32290131,0.32128372,0.32184231,4930841
1739628600000000,DOGEUSDT,5m,0.32184231,0.32202802,0.32055397,0.32102984,5051868
1739628900000000,DOGEUSDT,5m,0.32102984,0.32286364,0.31903356,0.32286364,7032375
1739629200000000,DOGEUSDT,5m,0.32286364,0.32414321,0.32118493,0.32414321,6451745
1739629500000000,DOGEUSDT,5m,0.32414321,0.3249005,0.32329126,0.324865,8086109
1739629800000000,DOGEUSDT,5m,0.324865,0.32498333,0.32387103,0.32453368,3213982
1739630100000000,DOGEUSDT,5m,0.32453368,0.32656904,0.32138597,0.32656904,13959215
1739630400000000,DOGEUSDT,5m,0.32656904,0.32689258,0.32527489,0.32637731,4834388
1739630700000000,DOGEUSDT,5m,0.32637731,0.32920537,0.32407652,0.32407652,10632751
1739631000000000,DOGEUSDT,5m,0.32407652,0.32418285,0.32274141,0.32337943,3239536
1739631300000000,DOGEUSDT,5m,0.32337943,0.32438371,0.32326128,0.32373388,2746204
1739631600000000,DOGEUSDT,5m,0.32373388,0.32655769,0.32151264,0.32151264,4715915
1739631900000000,DOGEUSDT,5m,0.32151264,0.32181565,0.32061528,0.32151264,2325837
1739632200000000,DOGEUSDT,5m,0.32151264,0.32162918,0.32072019,0.32160587,1473772
1739632500000000,DOGEUSDT,5m,0.32160587,0.32210698,0.3207435,0.32111642,718173
1739632800000000,DOGEUSDT,5m,0.32111642,0.32182513,0.32031476,0.32079111,2162307
1739633100000000,DOGEUSDT,5m,0.32079111,0.32146499,0.32060521,0.32100024,1284918
1739633400000000,DOGEUSDT,5m,0.32100024,0.32124423,0.31991971,0.32124423,2984334
1739633700000000,DOGEUSDT,5m,0.32124423,0.32303616,0.32124423,0.32182603,7206627
1739634000000000,DOGEUSDT,5m,0.32182603,0.32251252,0.32140715,0.32251252,2383377
1739634300000000,DOGEUSDT,5m,0.32251252,0.32380406,0.32053449,0.32380406,1853975
1739634600000000,DOGEUSDT,5m,0.32380406,0.32393309,0.32224404,0.3225842,2689570
1739634900000000,DOGEUSDT,5m,0.3225842,0.32332318,0.32239652,0.32293609,2843865
1739635200000000,DOGEUSDT,5m,0.32293609,0.32380408,0.32207984,0.32358121,1904103
1739635500000000,DOGEUSDT,5m,0.32358121,0.32400348,0.32182179,0.32198601,3025098
1739635800000000,DOGEUSDT,5m,0.32198601,0.32234963,0.32070745,0.32234963,4668411
1739636100000000,DOGEUSDT,5m,0.32234963,0.3240425,0.32157374,0.32157374,4961002
1739636400000000,DOGEUSDT,5m,0.32157374,0.32222891,0.32133975,0.32180773,1425488
1739636700000000,DOGEUSDT,5m,0.32180773,0.32192472,0.32096536,0.32181943,3400411
1739637000000000,DOGEUSDT,5m,0.32181943,0.3235041,0.3195615,0.3235041,3229627
1739637300000000,DOGEUSDT,5m,0.3235041,0.32394154,0.32301937,0.32378784,2518497
1739637600000000,DOGEUSDT,5m,0.32378784,0.32539567,0.32171895,0.32539567,3701989
1739637900000000,DOGEUSDT,5m,0.32539567,0.32667328,0.32501358,0.32661358,2812037
1739638200000000,DOGEUSDT,5m,0.32661358,0.32661358,0.32528816,0.32561056,1738248
1739638500000000,DOGEUSDT,5m,0.32561056,0.32601654,0.32526428,0.32587325,1975001
1739638800000000,DOGEUSDT,5m,0.32587325,0.32695982,0.32478669,0.32478669,3541321
1739639100000000,DOGEUSDT,5m,0.32478669,0.32543904,0.32351758,0.32543904,1248621
1739639400000000,DOGEUSDT,5m,0.32543904,0.32592731,0.32518895,0.32518895,812398
1739639700000000,DOGEUSDT,5m,0.32518895,0.32535542,0.32298916,0.32327453,4186863
1739640000000000,DOGEUSDT,5m,0.32327453,0.32346479,0.32244215,0.32346479,2838974
1739640300000000,DOGEUSDT,5m,0.32346479,0.323941,0.32298859,0.32298859,1301643
1739640600000000,DOGEUSDT,5m,0.32298859,0.32336845,0.32216951,0.32308355,1557542
1739640900000000,DOGEUSDT,5m,0.32308355,0.32308355,0.32149294,0.32176596,2370029
1739641200000000,DOGEUSDT,5m,0.32176596,0.32259687,0.32138611,0.32138611,3116794
1739641500000000,DOGEUSDT,5m,0.32138611,0.32236901,0.32107821,0.3221677,1269758
1739641800000000,DOGEUSDT,5m,0.3221677,0.32264139,0.32120848,0.32264139,1161705
1739642100000000,DOGEUSDT,5m,0.32264139,0.32329465,0.32234445,0.32325902,714380
1739642400000000,DOGEUSDT,5m,0.32325902,0.32384102,0.32274828,0.32367473,3067917
1739642700000000,DOGEUSDT,5m,0.32367473,0.32482685,0.32367473,0.32431612,6707079
1739643000000000,DOGEUSDT,5m,0.32431612,0.3245893,0.32405481,0.32417359,973048
1739643300000000,DOGEUSDT,5m,0.32417359,0.32480252,0.32320052,0.32480252,1187864
1739643600000000,DOGEUSDT,5m,0.32480252,0.32556497,0.32415921,0.32415921,802688
1739643900000000,DOGEUSDT,5m,0.32415921,0.32472878,0.32387442,0.32438466,759829
1739644200000000,DOGEUSDT,5m,0.32438466,0.3258798,0.32303192,0.32303192,1833566
1739644500000000,DOGEUSDT,5m,0.32303192,0.32304369,0.3222317,0.3225259,1660487
1739644800000000,DOGEUSDT,5m,0.3225259,0.32271418,0.32214934,0.32257297,539485
1739645100000000,DOGEUSDT,5m,0.32257297,0.32371442,0.32239645,0.32349084,1910441
1739645400000000,DOGEUSDT,5m,0.32349084,0.32367912,0.32318488,0.32352614,2155396
1739645700000000,DOGEUSDT,5m,0.32352614,0.32364382,0.32326725,0.32349084,350834
1739646000000000,DOGEUSDT,5m,0.32349084,0.32369085,0.3225496,0.32356143,1565381
1739646300000000,DOGEUSDT,5m,0.32356143,0.32398499,0.32342025,0.32369085,1035998
1739646600000000,DOGEUSDT,5m,0.32369085,0.32402055,0.32311388,0.32317276,688577
1739646900000000,DOGEUSDT,5m,0.32317276,0.32342003,0.32271354,0.32337293,870655
1739647200000000,DOGEUSDT,5m,0.32337293,0.32353777,0.32309034,0.32344358,623931
1739647500000000,DOGEUSDT,5m,0.32344358,0.32349069,0.32288996,0.32330223,387918
1739647800000000,DOGEUSDT,5m,0.32330223,0.32334935,0.32274859,0.32294884,517415
1739648100000000,DOGEUSDT,5m,0.32294884,0.32311375,0.32100521,0.32145283,20771144
1739648400000000,DOGEUSDT,5m,0.32145283,0.32321971,0.31803688,0.32321971,57622807
1739648700000000,DOGEUSDT,5m,0.32321971,0.32331498,0.32227887,0.32307679,2890563
1739649000000000,DOGEUSDT,5m,0.32307679,0.32318398,0.3224456,0.32245751,4074379
1739649300000000,DOGEUSDT,5m,0.32245751,0.32262424,0.32195731,0.32235032,2680056
1739649600000000,DOGEUSDT,5m,0.32235032,0.32312389,0.32183858,0.32183858,2373358
1739649900000000,DOGEUSDT,5m,0.32183858,0.32227752,0.32135219,0.32219448,2169359
1739650200000000,DOGEUSDT,5m,0.32219448,0.32283651,0.32188535,0.32188535,1156202
1739650500000000,DOGEUSDT,5m,0.32188535,0.32188535,0.32082921,0.32103094,2071811
1739650800000000,DOGEUSDT,5m,0.32103094,0.32206335,0.3195476,0.32206335,4485763
1739651100000000,DOGEUSDT,5m,0.32206335,0.32255303,0.3214423,0.32234999,1787144
1739651400000000,DOGEUSDT,5m,0.32234999,0.32248137,0.32162142,0.32239777,1284413
1739651700000000,DOGEUSDT,5m,0.32239777,0.32272025,0.32202751,0.32272025,2067405
1739652000000000,DOGEUSDT,5m,0.32272025,0.32356998,0.32137982,0.32356998,8292168
1739652300000000,DOGEUSDT,5m,0.32356998,0.32402717,0.32271576,0.32350983,1961097
1739652600000000,DOGEUSDT,5m,0.32350983,0.32403901,0.32317308,0.3238586,876758
1739652900000000,DOGEUSDT,5m,0.3238586,0.32503728,0.3238586,0.32498917,2772772
1739653200000000,DOGEUSDT,5m,0.32498917,0.32573486,0.32454416,0.32454416,4368223
1739653500000000,DOGEUSDT,5m,0.32454416,0.32532382,0.32447219,0.32486802,5100143
1739653800000000,DOGEUSDT,5m,0.32486802,0.32516788,0.32444822,0.32498796,1308792
1739654100000000,DOGEUSDT,5m,0.32498796,0.32502395,0.32436423,0.32468809,1136012
1739654400000000,DOGEUSDT,5m,0.32468809,0.32551577,0.32435223,0.3254318,1942870
1739654700000000,DOGEUSDT,5m,0.3254318,0.32559974,0.32501195,0.32559974,822543
1739655000000000,DOGEUSDT,5m,0.32559974,0.32570781,0.32514343,0.32556372,530545
1739655300000000,DOGEUSDT,5m,0.32556372,0.32557572,0.32499946,0.32540765,429546
1739655600000000,DOGEUSDT,5m,0.32540765,0.32642807,0.32539564,0.3260199,1214918
1739655900000000,DOGEUSDT,5m,0.3260199,0.32657211,0.3260079,0.32638004,1344598
1739656200000000,DOGEUSDT,5m,0.32638004,0.32672816,0.326284,0.32658411,929615
1739656500000000,DOGEUSDT,5m,0.32658411,0.32658411,0.32613996,0.32635603,507154
1739656800000000,DOGEUSDT,5m,0.32635603,0.32681219,0.32591188,0.32595989,599735
1739657100000000,DOGEUSDT,5m,0.32595989,0.32613951,0.32568448,0.32609161,480694
1739657400000000,DOGEUSDT,5m,0.32609161,0.32619939,0.32594791,0.32598384,821090
1739657700000000,DOGEUSDT,5m,0.32598384,0.3268335,0.32484696,0.3268335,1108374
1739658000000000,DOGEUSDT,5m,0.3268335,0.3268335,0.32605155,0.32629215,1677717
1739658300000000,DOGEUSDT,5m,0.32629215,0.32630418,0.32457185,0.324632,2076328
1739658600000000,DOGEUSDT,5m,0.324632,0.32558234,0.32415081,0.32547407,3009977
1739658900000000,DOGEUSDT,5m,0.32547407,0.32552219,0.32486058,0.32500493,677039
1739659200000000,DOGEUSDT,5m,0.32500493,0.3251974,0.32393433,0.32405463,1384438
1739659500000000,DOGEUSDT,5m,0.32405463,0.32578683,0.32405463,0.32561842,6920080
1739659800000000,DOGEUSDT,5m,0.32561842,0.32614771,0.32543798,0.32543798,1425920
1739660100000000,DOGEUSDT,5m,0.32543798,0.32635119,0.32502944,0.32502944,1015462
1739660400000000,DOGEUSDT,5m,0.32502944,0.32562873,0.32470583,0.32517327,3071184
1739660700000000,DOGEUSDT,5m,0.32517327,0.32576109,0.3250773,0.32553316,696810
1739661000000000,DOGEUSDT,5m,0.32553316,0.32578508,0.32529325,0.32559314,855234
1739661300000000,DOGEUSDT,5m,0.32559314,0.32626491,0.32516129,0.32516129,1643285
1739661600000000,DOGEUSDT,5m,0.32516129,0.32603467,0.32455112,0.32455112,811385
1739661900000000,DOGEUSDT,5m,0.32455112,0.32470607,0.32444385,0.3245988,442073
1739662200000000,DOGEUSDT,5m,0.3245988,0.32503992,0.32456303,0.32472994,520677
1739662500000000,DOGEUSDT,5m,0.32472994,0.32488493,0.32441997,0.32451535,1675924
1739662800000000,DOGEUSDT,5m,0.32451535,0.32455111,0.32388346,0.32403845,1129887
1739663100000000,DOGEUSDT,5m,0.32403845,0.32421729,0.3235854,0.32421729,366787
1739663400000000,DOGEUSDT,5m,0.32421729,0.32421729,0.32379954,0.32420535,613208
1739663700000000,DOGEUSDT,5m,0.32420535,0.32440825,0.32402633,0.3243247,824241
1739664000000000,DOGEUSDT,5m,0.3243247,0.32447986,0.32365634,0.32437244,1544393
1739664300000000,DOGEUSDT,5m,0.32437244,0.32437244,0.32365634,0.32368021,705502
1739664600000000,DOGEUSDT,5m,0.32368021,0.32457537,0.32368021,0.32452763,1010473
1739664900000000,DOGEUSDT,5m,0.32452763,0.32573308,0.32379959,0.32379959,1819506
1739665200000000,DOGEUSDT,5m,0.32379959,0.3239897,0.32350254,0.32389465,837619
1739665500000000,DOGEUSDT,5m,0.32389465,0.3240492,0.32364499,0.3240492,610147
1739665800000000,DOGEUSDT,5m,0.3240492,0.32513206,0.32370411,0.32482267,2290434
1739666100000000,DOGEUSDT,5m,0.32482267,0.32628632,0.3240016,0.3240016,4653514
1739666400000000,DOGEUSDT,5m,0.3240016,0.32441599,0.32351618,0.32441599,804959
1739666700000000,DOGEUSDT,5m,0.32441599,0.32452282,0.32363254,0.32379873,1384929
1739667000000000,DOGEUSDT,5m,0.32379873,0.32442788,0.32369189,0.32414298,549477
1739667300000000,DOGEUSDT,5m,0.32414298,0.3243804,0.32377499,0.3243804,560979
1739667600000000,DOGEUSDT,5m,0.3243804,0.32465382,0.32380976,0.32463005,885744
1739667900000000,DOGEUSDT,5m,0.32463005,0.32558107,0.32366714,0.32558107,2208949
1739668200000000,DOGEUSDT,5m,0.32558107,0.32580827,0.3252582,0.32570065,761627
1739668500000000,DOGEUSDT,5m,0.32570065,0.32570065,0.32479117,0.32515017,1151370
1739668800000000,DOGEUSDT,5m,0.32515017,0.32598788,0.32455181,0.32455181,1571841
1739669100000000,DOGEUSDT,5m,0.32455181,0.32490952,0.32417025,0.32421795,840863
1739669400000000,DOGEUSDT,5m,0.32421795,0.32433693,0.32302807,0.32337313,583988
1739669700000000,DOGEUSDT,5m,0.32337313,0.32374198,0.32300428,0.32300428,486924
1739670000000000,DOGEUSDT,5m,0.32300428,0.32331294,0.32267189,0.32331294,428303
1739670300000000,DOGEUSDT,5m,0.32331294,0.32332481,0.32298053,0.32322983,623884
1739670600000000,DOGEUSDT,5m,0.32322983,0.32412018,0.32322983,0.32371655,1129440
1739670900000000,DOGEUSDT,5m,0.32371655,0.32416766,0.32355036,0.32390649,449865
1739671200000000,DOGEUSDT,5m,0.32390649,0.32436949,0.3235266,0.3241558,1110727
1739671500000000,DOGEUSDT,5m,0.3241558,0.32509514,0.32296676,0.32509514,1601054
1739671800000000,DOGEUSDT,5m,0.32509514,0.32523865,0.32373176,0.32389919,1959604
1739672100000000,DOGEUSDT,5m,0.32389919,0.32485595,0.32339689,0.32452108,2240335
1739672400000000,DOGEUSDT,5m,0.32452108,0.32505926,0.3240427,0.32406662,625169
1739672700000000,DOGEUSDT,5m,0.32406662,0.32422166,0.32388773,0.3241024,464125
1739673000000000,DOGEUSDT,5m,0.3241024,0.32448404,0.32389966,0.32392351,1503083
1739673300000000,DOGEUSDT,5m,0.32392351,0.32472256,0.32367306,0.32367306,842430
1739673600000000,DOGEUSDT,5m,0.32367306,0.32370879,0.32311341,0.32343491,573408
1739673900000000,DOGEUSDT,5m,0.32343491,0.3246614,0.32219652,0.3246614,1531573
1739674200000000,DOGEUSDT,5m,0.3246614,0.32487737,0.32426544,0.32487737,2183314
1739674500000000,DOGEUSDT,5m,0.32487737,0.32524983,0.32464909,0.32464909,2966206
1739674800000000,DOGEUSDT,5m,0.32464909,0.32479307,0.32380925,0.32440914,2552993
1739675100000000,DOGEUSDT,5m,0.32440914,0.32474508,0.32412119,0.32450512,986783
1739675400000000,DOGEUSDT,5m,0.32450512,0.32472121,0.32406094,0.32448111,1971836
1739675700000000,DOGEUSDT,5m,0.32448111,0.32521333,0.32356884,0.32521333,1582058
1739676000000000,DOGEUSDT,5m,0.32521333,0.32556301,0.32461044,0.32509275,2116397
1739676300000000,DOGEUSDT,5m,0.32509275,0.32527362,0.32468278,0.32523745,1906133
1739676600000000,DOGEUSDT,5m,0.32523745,0.3253702,0.3247547,0.32522538,2971675
1739676900000000,DOGEUSDT,5m,0.32522538,0.32545469,0.3246702,0.32535814,1399737
1739677200000000,DOGEUSDT,5m,0.32535814,0.32623918,0.3246702,0.3246702,1649537
1739677500000000,DOGEUSDT,5m,0.3246702,0.32533117,0.3246702,0.32524705,1247618
1739677800000000,DOGEUSDT,5m,0.32524705,0.32566768,0.32516292,0.3254153,697929
1739678100000000,DOGEUSDT,5m,0.3254153,0.32613642,0.3254153,0.32578788,1857749
1739678400000000,DOGEUSDT,5m,0.32578788,0.32695364,0.32537926,0.32691758,1408096
1739678700000000,DOGEUSDT,5m,0.32691758,0.32697768,0.32636475,0.32660511,1158351
1739679000000000,DOGEUSDT,5m,0.32660511,0.32719398,0.32596817,0.32719398,823743
1739679300000000,DOGEUSDT,5m,0.32719398,0.32755581,0.32637382,0.32642207,1594513
1739679600000000,DOGEUSDT,5m,0.32642207,0.32654268,0.3260723,0.32636176,1382403
1739679900000000,DOGEUSDT,5m,0.32636176,0.32648237,0.32616879,0.32633764,856637
1739680200000000,DOGEUSDT,5m,0.32633764,0.32651855,0.32573463,0.3264703,1928276
1739680500000000,DOGEUSDT,5m,0.3264703,0.32685623,0.32608438,0.32608438,1673487
1739680800000000,DOGEUSDT,5m,0.32608438,0.32631298,0.32573546,0.32583171,2070948
1739681100000000,DOGEUSDT,5m,0.32583171,0.32607234,0.32561515,0.32584374,837863
1739681400000000,DOGEUSDT,5m,0.32584374,0.32625282,0.32584374,0.32625282,443807
1739681700000000,DOGEUSDT,5m,0.32625282,0.32649346,0.32614454,0.32648142,554031
1739682000000000,DOGEUSDT,5m,0.32648142,0.32649346,0.32569936,0.32579561,806748
1739682300000000,DOGEUSDT,5m,0.32579561,0.32579561,0.3252662,0.3252662,821162
1739682600000000,DOGEUSDT,5m,0.3252662,0.32560311,0.32495335,0.32495335,456316
1739682900000000,DOGEUSDT,5m,0.32495335,0.32546976,0.32441292,0.32546976,784380
1739683200000000,DOGEUSDT,5m,0.32546976,0.32589141,0.32508425,0.32508425,915279
1739683500000000,DOGEUSDT,5m,0.32508425,0.32591351,0.32502415,0.32578131,1401680
1739683800000000,DOGEUSDT,5m,0.32578131,0.32615388,0.32519241,0.32615388,804956
1739684100000000,DOGEUSDT,5m,0.32615388,0.32664778,0.32569612,0.32569612,492667
1739684400000000,DOGEUSDT,5m,0.32569612,0.32677721,0.32569612,0.32674117,3561424
1739684700000000,DOGEUSDT,5m,0.32674117,0.32829073,0.32584026,0.32584026,4578604
1739685000000000,DOGEUSDT,5m,0.32584026,0.32656897,0.32492042,0.32656897,3698117
1739685300000000,DOGEUSDT,5m,0.32656897,0.32662897,0.32625699,0.32658097,838151
1739685600000000,DOGEUSDT,5m,0.32658097,0.32658097,0.32592097,0.32618497,985654
1739685900000000,DOGEUSDT,5m,0.32618497,0.32636497,0.32572897,0.32636497,786566
1739686200000000,DOGEUSDT,5m,0.32636497,0.32708577,0.32576431,0.32576431,451812
1739686500000000,DOGEUSDT,5m,0.32576431,0.32619518,0.3253095,0.32614731,1585192
1739686800000000,DOGEUSDT,5m,0.32614731,0.3263388,0.32576431,0.32615927,4918185
1739687100000000,DOGEUSDT,5m,0.32615927,0.32648243,0.32584809,0.32594384,983574
1739687400000000,DOGEUSDT,5m,0.32594384,0.32636219,0.32568087,0.32568087,1408145
1739687700000000,DOGEUSDT,5m,0.32568087,0.32636112,0.32477388,0.32636112,936332
1739688000000000,DOGEUSDT,5m,0.32636112,0.32636112,0.32555816,0.32574991,2810517
1739688300000000,DOGEUSDT,5m,0.32574991,0.32574991,0.3252825,0.3254383,905612
1739688600000000,DOGEUSDT,5m,0.3254383,0.32595363,0.32476717,0.32595363,957230
1739688900000000,DOGEUSDT,5m,0.32595363,0.32600172,0.32567712,0.32596565,440722
1739689200000000,DOGEUSDT,5m,0.32596565,0.32696356,0.32464313,0.32696356,3325749
1739689500000000,DOGEUSDT,5m,0.32696356,0.32710872,0.32668532,0.32710872,1094348
1739689800000000,DOGEUSDT,5m,0.32710872,0.32726613,0.32658806,0.32695131,1657708
1739690100000000,DOGEUSDT,5m,0.32695131,0.32754406,0.32684244,0.32684244,1717146
1739690400000000,DOGEUSDT,5m,0.32684244,0.32686662,0.3253918,0.32612921,2891944
1739690700000000,DOGEUSDT,5m,0.32612921,0.32638306,0.32569403,0.32589953,3599062
1739691000000000,DOGEUSDT,5m,0.32589953,0.32611682,0.32511487,0.32598403,5832268
1739691300000000,DOGEUSDT,5m,0.32598403,0.3268416,0.3252231,0.3252231,4056378
1739691600000000,DOGEUSDT,5m,0.3252231,0.32527119,0.32441758,0.32457388,713970
1739691900000000,DOGEUSDT,5m,0.32457388,0.32503075,0.32399677,0.32439353,2397176
1739692200000000,DOGEUSDT,5m,0.32439353,0.32447769,0.32392463,0.32399677,807526
1739692500000000,DOGEUSDT,5m,0.32399677,0.32415307,0.32346774,0.32386451,2273704
1739692800000000,DOGEUSDT,5m,0.32386451,0.32447723,0.32305957,0.32423695,5464232
1739693100000000,DOGEUSDT,5m,0.32423695,0.32447723,0.32352812,0.32434508,1304042
1739693400000000,DOGEUSDT,5m,0.32434508,0.32464563,0.32416474,0.32456147,674943
1739693700000000,DOGEUSDT,5m,0.32456147,0.32486202,0.32423689,0.32427295,948803
1739694000000000,DOGEUSDT,5m,0.32427295,0.324945,0.32414095,0.32482499,3204900
1739694300000000,DOGEUSDT,5m,0.32482499,0.324945,0.32409294,0.324945,2680013
1739694600000000,DOGEUSDT,5m,0.324945,0.3253173,0.32447662,0.32528127,1166737
1739694900000000,DOGEUSDT,5m,0.32528127,0.32608591,0.32447662,0.32608591,700828
1739695200000000,DOGEUSDT,5m,0.32608591,0.32608591,0.32499968,0.32499968,2167640
1739695500000000,DOGEUSDT,5m,0.32499968,0.32536177,0.32457725,0.32510831,1220609
1739695800000000,DOGEUSDT,5m,0.32510831,0.32583298,0.32461312,0.32461312,590933
1739696100000000,DOGEUSDT,5m,0.32461312,0.32467333,0.32411944,0.32467333,936686
1739696400000000,DOGEUSDT,5m,0.32467333,0.32534763,0.32374617,0.32532354,3317722
1739696700000000,DOGEUSDT,5m,0.32532354,0.32566203,0.32497297,0.32509385,2853577
1739697000000000,DOGEUSDT,5m,0.32509385,0.32556532,0.32494879,0.32525101,1206281
1739697300000000,DOGEUSDT,5m,0.32525101,0.32525101,0.32336515,0.32380035,9504013
1739697600000000,DOGEUSDT,5m,0.32380035,0.3248763,0.32376408,0.3248763,2205718
1739697900000000,DOGEUSDT,5m,0.3248763,0.32610936,0.32486421,0.32579505,2464246
1739698200000000,DOGEUSDT,5m,0.32579505,0.32607308,0.32531151,0.32561372,1145875
1739698500000000,DOGEUSDT,5m,0.32561372,0.3261571,0.32507035,0.32507035,2465404
1739698800000000,DOGEUSDT,5m,0.32507035,0.3258045,0.32501017,0.325636,5323720
1739699100000000,DOGEUSDT,5m,0.325636,0.32602113,0.32544344,0.32547955,1218685
1739699400000000,DOGEUSDT,5m,0.32547955,0.32615287,0.32491444,0.32491444,4146391
1739699700000000,DOGEUSDT,5m,0.32491444,0.32530984,0.32442318,0.32469876,1932888
1739700000000000,DOGEUSDT,5m,0.32469876,0.32509365,0.32416027,0.32509365,1496121
1739700300000000,DOGEUSDT,5m,0.32509365,0.32532157,0.32401405,0.32514164,6877782
1739700600000000,DOGEUSDT,5m,0.32514164,0.32535763,0.32457765,0.32535763,1074004
1739700900000000,DOGEUSDT,5m,0.32535763,0.32575416,0.32474481,0.32575416,848527
1739701200000000,DOGEUSDT,5m,0.32575416,0.3260071,0.32557348,0.32580234,1189664
1739701500000000,DOGEUSDT,5m,0.32580234,0.32580234,0.32522418,0.32551326,1150386
1739701800000000,DOGEUSDT,5m,0.32551326,0.32594689,0.32512781,0.32530849,1190288
1739702100000000,DOGEUSDT,5m,0.32530849,0.32606737,0.32524826,0.32606737,499833
1739702400000000,DOGEUSDT,5m,0.32606737,0.32615169,0.32564577,0.32588669,965679
1739702700000000,DOGEUSDT,5m,0.32588669,0.32603123,0.32523624,0.32592282,1010067
1739703000000000,DOGEUSDT,5m,0.32592282,0.32650113,0.32530837,0.32650113,930506
1739703300000000,DOGEUSDT,5m,0.32650113,0.32663413,0.3257394,0.32579986,2659177
1739703600000000,DOGEUSDT,5m,0.32579986,0.32610213,0.32531623,0.32606586,1300616
1739703900000000,DOGEUSDT,5m,0.32606586,0.32645275,0.32570315,0.32635603,858632
1739704200000000,DOGEUSDT,5m,0.32635603,0.32659784,0.32598122,0.32640439,901977
1739704500000000,DOGEUSDT,5m,0.32640439,0.32704539,0.32588433,0.32588433,1187512
1739704800000000,DOGEUSDT,5m,0.32588433,0.32631834,0.32579994,0.32600489,712911
1739705100000000,DOGEUSDT,5m,0.32600489,0.32619778,0.32577582,0.32586022,613819
1739705400000000,DOGEUSDT,5m,0.32586022,0.326029,0.32549854,0.32582405,722335
1739705700000000,DOGEUSDT,5m,0.32582405,0.32643888,0.32575172,0.32599283,519217
1739706000000000,DOGEUSDT,5m,0.32599283,0.32610133,0.32563116,0.32598077,2066667
1739706300000000,DOGEUSDT,5m,0.32598077,0.32661971,0.32541416,0.32541416,590521
1739706600000000,DOGEUSDT,5m,0.32541416,0.32543819,0.32517389,0.32541416,496834
1739706900000000,DOGEUSDT,5m,0.32541416,0.32575053,0.32533007,0.32533007,901394
1739707200000000,DOGEUSDT,5m,0.32533007,0.32548616,0.32476574,0.32492183,798459
1739707500000000,DOGEUSDT,5m,0.32492183,0.32492183,0.32433349,0.32462166,2588017
1739707800000000,DOGEUSDT,5m,0.32462166,0.32523399,0.32444156,0.3250779,633613
1739708100000000,DOGEUSDT,5m,0.3250779,0.3254261,0.32435751,0.3254261,384574
1739708400000000,DOGEUSDT,5m,0.3254261,0.32576299,0.32517343,0.32517343,314274
1739708700000000,DOGEUSDT,5m,0.32517343,0.32519745,0.32448865,0.32472892,618500
1739709000000000,DOGEUSDT,5m,0.32472892,0.32472892,0.32393602,0.32428442,2114219
1739709300000000,DOGEUSDT,5m,0.32428442,0.32486109,0.32369573,0.32486109,651534
1739709600000000,DOGEUSDT,5m,0.32486109,0.32554834,0.32470435,0.32533131,2925130
1739709900000000,DOGEUSDT,5m,0.32533131,0.32565685,0.32502989,0.32502989,875643
1739710200000000,DOGEUSDT,5m,0.32502989,0.32572792,0.32429575,0.32572792,520997
1739710500000000,DOGEUSDT,5m,0.32572792,0.32605426,0.32558288,0.326018,990600
1739710800000000,DOGEUSDT,5m,0.326018,0.326018,0.32529282,0.32552246,3036870
1739711100000000,DOGEUSDT,5m,0.32552246,0.32555872,0.32426553,0.32460393,4708427
1739711400000000,DOGEUSDT,5m,0.32460393,0.32505109,0.32402383,0.32477313,8335300
1739711700000000,DOGEUSDT,5m,0.32477313,0.32549828,0.32457975,0.32517196,2992682
1739712000000000,DOGEUSDT,5m,0.32517196,0.32552247,0.32501484,0.32501484,1645043
1739712300000000,DOGEUSDT,5m,0.32501484,0.32577555,0.32416961,0.32577555,836061
1739712600000000,DOGEUSDT,5m,0.32577555,0.32658835,0.32538734,0.32538734,3730704
1739712900000000,DOGEUSDT,5m,0.32538734,0.32538734,0.3243707,0.32454014,1388851
1739713200000000,DOGEUSDT,5m,0.32454014,0.32454014,0.32302727,0.32307568,6458871
1739713500000000,DOGEUSDT,5m,0.32307568,0.32377765,0.32222848,0.32371714,4924786
1739713800000000,DOGEUSDT,5m,0.32371714,0.32391155,0.32300025,0.32343768,6145032
1739714100000000,DOGEUSDT,5m,0.32343768,0.32403306,0.32292735,0.32343768,5571485
1739714400000000,DOGEUSDT,5m,0.32343768,0.32431255,0.32182158,0.32431255,9771217
1739714700000000,DOGEUSDT,5m,0.32431255,0.325461,0.32366503,0.32541213,5542001
1739715000000000,DOGEUSDT,5m,0.32541213,0.32594969,0.32482569,0.32592526,4249330
1739715300000000,DOGEUSDT,5m,0.32592526,0.32592526,0.32490793,0.32543498,2394822
1739715600000000,DOGEUSDT,5m,0.32543498,0.32613365,0.32469953,0.32478534,2441570
1739715900000000,DOGEUSDT,5m,0.32478534,0.32526147,0.3240284,0.32461442,3444497
1739716200000000,DOGEUSDT,5m,0.32461442,0.32565105,0.32390706,0.32390706,3837967
1739716500000000,DOGEUSDT,5m,0.32390706,0.32459917,0.3236035,0.32362779,1515121
1739716800000000,DOGEUSDT,5m,0.32362779,0.32457325,0.32273081,0.32273081,3784357
1739717100000000,DOGEUSDT,5m,0.32273081,0.32349023,0.32240534,0.32240534,3444351
1739717400000000,DOGEUSDT,5m,0.32240534,0.32251361,0.32175572,0.32238128,3071651
1739717700000000,DOGEUSDT,5m,0.32238128,0.32250156,0.32204449,0.32250156,781085
1739718000000000,DOGEUSDT,5m,0.32250156,0.32303079,0.32202045,0.32204451,1374849
1739718300000000,DOGEUSDT,5m,0.32204451,0.32239231,0.32175667,0.32198454,1547837
1739718600000000,DOGEUSDT,5m,0.32198454,0.32335173,0.32049743,0.32335173,2714234
1739718900000000,DOGEUSDT,5m,0.32335173,0.32408951,0.32312193,0.32384761,1555956
1739719200000000,DOGEUSDT,5m,0.32384761,0.32471846,0.32307352,0.32307352,928313
1739719500000000,DOGEUSDT,5m,0.32307352,0.32336242,0.32276055,0.32303741,3241530
1739719800000000,DOGEUSDT,5m,0.32303741,0.32386799,0.3221346,0.32386799,4038042
1739720100000000,DOGEUSDT,5m,0.32386799,0.32409789,0.3236744,0.32392849,1204728
1739720400000000,DOGEUSDT,5m,0.32392849,0.32478759,0.32390429,0.32478759,745172
1739720700000000,DOGEUSDT,5m,0.32478759,0.32478759,0.32431567,0.32458188,798301
1739721000000000,DOGEUSDT,5m,0.32458188,0.32519903,0.32396474,0.32519903,509434
1739721300000000,DOGEUSDT,5m,0.32519903,0.32541767,0.32510185,0.32512615,511655
1739721600000000,DOGEUSDT,5m,0.32512615,0.32579421,0.32402081,0.32579421,2155161
1739721900000000,DOGEUSDT,5m,0.32579421,0.32633085,0.32501363,0.32630646,1784718
1739722200000000,DOGEUSDT,5m,0.32630646,0.32698947,0.32622108,0.32630646,1236082
1739722500000000,DOGEUSDT,5m,0.32630646,0.32633085,0.32535513,0.32540392,804348
1739722800000000,DOGEUSDT,5m,0.32540392,0.32605033,0.32513559,0.3254527,911350
1739723100000000,DOGEUSDT,5m,0.3254527,0.32646498,0.32474533,0.32474533,368198
1739723400000000,DOGEUSDT,5m,0.32474533,0.32574111,0.32440531,0.32440531,1918246
1739723700000000,DOGEUSDT,5m,0.32440531,0.32440531,0.32369036,0.32369036,481894
1739724000000000,DOGEUSDT,5m,0.32369036,0.32388424,0.32343588,0.32364189,477578
1739724300000000,DOGEUSDT,5m,0.32364189,0.323654,0.32283024,0.32306041,804217
1739724600000000,DOGEUSDT,5m,0.32306041,0.32388417,0.32291504,0.32388417,1740223
1739724900000000,DOGEUSDT,5m,0.32388417,0.32462316,0.32295134,0.32462316,643454
1739725200000000,DOGEUSDT,5m,0.32462316,0.32500045,0.32425805,0.32496393,883261
1739725500000000,DOGEUSDT,5m,0.32496393,0.32543858,0.32491525,0.32519517,325606
1739725800000000,DOGEUSDT,5m,0.32519517,0.32608358,0.32462318,0.32462318,1658344
1739726100000000,DOGEUSDT,5m,0.32462318,0.32486573,0.32383491,0.32384704,1784570
1739726400000000,DOGEUSDT,5m,0.32384704,0.324223,0.32371363,0.32389555,428638
1739726700000000,DOGEUSDT,5m,0.32389555,0.32416235,0.32356811,0.32388342,490287
1739727000000000,DOGEUSDT,5m,0.32388342,0.32388342,0.32207659,0.32230699,4187059
1739727300000000,DOGEUSDT,5m,0.32230699,0.32288908,0.32205233,0.32287695,1196938
1739727600000000,DOGEUSDT,5m,0.32287695,0.32362879,0.3226708,0.32350752,3866415
1739727900000000,DOGEUSDT,5m,0.32350752,0.32413809,0.32227063,0.32413809,2114628
1739728200000000,DOGEUSDT,5m,0.32413809,0.32519717,0.32283555,0.32519717,4061016
1739728500000000,DOGEUSDT,5m,0.32519717,0.32542997,0.32476833,0.32505014,1083027
1739728800000000,DOGEUSDT,5m,0.32505014,0.32546634,0.32432791,0.32546634,1959583
1739729100000000,DOGEUSDT,5m,0.32546634,0.32599405,0.32523316,0.32551543,842814
1739729400000000,DOGEUSDT,5m,0.32551543,0.32576095,0.32466837,0.32568729,2778604
1739729700000000,DOGEUSDT,5m,0.32568729,0.3258346,0.32482799,0.32495075,1760279
1739730000000000,DOGEUSDT,5m,0.32495075,0.32513489,0.32382138,0.32485254,5305594
1739730300000000,DOGEUSDT,5m,0.32485254,0.32506123,0.32396869,0.32430014,3664581
1739730600000000,DOGEUSDT,5m,0.32430014,0.32522082,0.32341628,0.32421421,4349909
1739730900000000,DOGEUSDT,5m,0.32421421,0.32502401,0.32356391,0.32443506,4580097
1739731200000000,DOGEUSDT,5m,0.32443506,0.32513443,0.32404243,0.32482769,930789
1739731500000000,DOGEUSDT,5m,0.32482769,0.32618968,0.32352705,0.32352705,1402664
1739731800000000,DOGEUSDT,5m,0.32352705,0.32406265,0.32295494,0.32391658,890931
1739732100000000,DOGEUSDT,5m,0.32391658,0.32438028,0.32340408,0.32414843,1027931
1739732400000000,DOGEUSDT,5m,0.32414843,0.3245755,0.32387998,0.32439247,488223
1739732700000000,DOGEUSDT,5m,0.32439247,0.32484463,0.32384255,0.32408696,1020718
1739733000000000,DOGEUSDT,5m,0.32408696,0.3243431,0.32356249,0.3243431,1007997
1739733300000000,DOGEUSDT,5m,0.3243431,0.3251127,0.32390333,0.32390333,1088451
1739733600000000,DOGEUSDT,5m,0.32390333,0.32390333,0.32205155,0.3226485,1036195
1739733900000000,DOGEUSDT,5m,0.3226485,0.3235013,0.32214901,0.32214901,393941
1739734200000000,DOGEUSDT,5m,0.32214901,0.32363071,0.32078876,0.32078876,1137579
1739734500000000,DOGEUSDT,5m,0.32078876,0.32092123,0.32022271,0.32039132,1463203
1739734800000000,DOGEUSDT,5m,0.32039132,0.32064423,0.32013842,0.32013842,471670
1739735100000000,DOGEUSDT,5m,0.32013842,0.32101614,0.31939296,0.31939296,2670699
1739735400000000,DOGEUSDT,5m,0.31939296,0.31939296,0.31878261,0.31889032,889264
1739735700000000,DOGEUSDT,5m,0.31889032,0.31920149,0.31863899,0.31890229,430100
1739736000000000,DOGEUSDT,5m,0.31890229,0.31890229,0.31827992,0.31829189,618172
1739736300000000,DOGEUSDT,5m,0.31829189,0.31892625,0.31795676,0.31806448,782317
1739736600000000,DOGEUSDT,5m,0.31806448,0.31874571,0.31787326,0.31787326,272003
1739736900000000,DOGEUSDT,5m,0.31787326,0.31811201,0.31737188,0.31763451,358804
1739737200000000,DOGEUSDT,5m,0.31763451,0.31813511,0.31743188,0.31743188,1663705
1739737500000000,DOGEUSDT,5m,0.31743188,0.31764616,0.31708665,0.31708665,1790373
1739737800000000,DOGEUSDT,5m,0.31708665,0.31708665,0.31643188,0.31644379,491491
1739738100000000,DOGEUSDT,5m,0.31644379,0.31653903,0.31595567,0.31620568,513100
1739738400000000,DOGEUSDT,5m,0.31620568,0.31638426,0.31599138,0.31619377,452921
1739738700000000,DOGEUSDT,5m,0.31619377,0.31661048,0.3158366,0.31593185,515240
1739739000000000,DOGEUSDT,5m,0.31593185,0.31615805,0.31543182,0.31615805,1432510
1739739300000000,DOGEUSDT,5m,0.31615805,0.31645611,0.31595537,0.31606267,1171056
1739739600000000,DOGEUSDT,5m,0.31606267,0.31651545,0.31578862,0.31587203,1027137
1739739900000000,DOGEUSDT,5m,0.31587203,0.31643137,0.31534839,0.31534839,261477
1739740200000000,DOGEUSDT,5m,0.31534839,0.31694968,0.31369965,0.31694968,1948467
1739740500000000,DOGEUSDT,5m,0.31694968,0.31724926,0.31685382,0.31714141,855222
1739740800000000,DOGEUSDT,5m,0.31714141,0.31740503,0.31665013,0.31692573,683392
1739741100000000,DOGEUSDT,5m,0.31692573,0.31830184,0.3159086,0.3159086,1044687
1739741400000000,DOGEUSDT,5m,0.3159086,0.31731163,0.31582537,0.31702627,1099002
1739741700000000,DOGEUSDT,5m,0.31702627,0.31870277,0.31574214,0.31574214,4223800
1739742000000000,DOGEUSDT,5m,0.31574214,0.3160134,0.31528216,0.31571855,1892367
1739742300000000,DOGEUSDT,5m,0.31571855,0.31587187,0.31515243,0.31574214,872621
1739742600000000,DOGEUSDT,5m,0.31574214,0.31615499,0.31529389,0.31615499,1072311
1739742900000000,DOGEUSDT,5m,0.31615499,0.31645065,0.31581203,0.31643883,338193
1739743200000000,DOGEUSDT,5m,0.31643883,0.31692369,0.31590666,0.31692369,1480219
1739743500000000,DOGEUSDT,5m,0.31692369,0.31742189,0.31665087,0.3167339,751610
1739743800000000,DOGEUSDT,5m,0.3167339,0.31711348,0.31618826,0.31636619,3282594
1739744100000000,DOGEUSDT,5m,0.31636619,0.31637802,0.315881,0.31631885,553162
1739744400000000,DOGEUSDT,5m,0.31631885,0.31686323,0.31576264,0.31686323,1185272
1739744700000000,DOGEUSDT,5m,0.31686323,0.31731448,0.31549759,0.31731448,1262161
1739745000000000,DOGEUSDT,5m,0.31731448,0.31748121,0.31621886,0.31623077,578714
1739745300000000,DOGEUSDT,5m,0.31623077,0.31713585,0.31540905,0.31540905,853341
1739745600000000,DOGEUSDT,5m,0.31540905,0.31558677,0.31502991,0.31543274,809739
1739745900000000,DOGEUSDT,5m,0.31543274,0.31577639,0.3150891,0.3150891,1339547
1739746200000000,DOGEUSDT,5m,0.3150891,0.31590499,0.3150891,0.31590499,1094877
1739746500000000,DOGEUSDT,5m,0.31590499,0.31636615,0.31569215,0.31595229,3155024
1739746800000000,DOGEUSDT,5m,0.31595229,0.31602325,0.31361041,0.31517166,7954277
1739747100000000,DOGEUSDT,5m,0.31517166,0.31519532,0.31445018,0.31465125,3940393
1739747400000000,DOGEUSDT,5m,0.31465125,0.31465125,0.31383511,0.31421361,3782121
1739747700000000,DOGEUSDT,5m,0.31421361,0.31430823,0.31349209,0.31430823,1866400
1739748000000000,DOGEUSDT,5m,0.31430823,0.31520774,0.3142964,0.31520774,436718
1739748300000000,DOGEUSDT,5m,0.31520774,0.31520774,0.3140478,0.31508938,2865766
1739748600000000,DOGEUSDT,5m,0.31508938,0.3157759,0.31442653,0.31442653,722870
1739748900000000,DOGEUSDT,5m,0.31442653,0.31455618,0.31403758,0.31427331,1041562
1739749200000000,DOGEUSDT,5m,0.31427331,0.31427331,0.31328329,0.31358972,1038877
1739749500000000,DOGEUSDT,5m,0.31358972,0.31412011,0.31261145,0.31412011,1033830
1739749800000000,DOGEUSDT,5m,0.31412011,0.31422655,0.31349329,0.31390723,1964796
1739750100000000,DOGEUSDT,5m,0.31390723,0.31447492,0.31372983,0.31375348,504000
1739750400000000,DOGEUSDT,5m,0.31375348,0.31497045,0.31317453,0.31448603,2548786
1739750700000000,DOGEUSDT,5m,0.31448603,0.31482868,0.31420245,0.31437968,988123
1739751000000000,DOGEUSDT,5m,0.31437968,0.31445053,0.31318711,0.31322253,1103828
1739751300000000,DOGEUSDT,5m,0.31322253,0.31400187,0.3128919,0.31391921,1425726
1739751600000000,DOGEUSDT,5m,0.31391921,0.314734,0.31370666,0.31416719,992346
1739751900000000,DOGEUSDT,5m,0.31416719,0.31440336,0.31356495,0.31393102,1097820
1739752200000000,DOGEUSDT,5m,0.31393102,0.31430831,0.31335329,0.31394281,938800
1739752500000000,DOGEUSDT,5m,0.31394281,0.31452052,0.31387207,0.31421398,1197304
1739752800000000,DOGEUSDT,5m,0.31421398,0.31461484,0.31380133,0.31461484,710550
1739753100000000,DOGEUSDT,5m,0.31461484,0.31483942,0.31365741,0.31368105,974220
1739753400000000,DOGEUSDT,5m,0.31368105,0.3147685,0.31342101,0.31472122,1036986
1739753700000000,DOGEUSDT,5m,0.31472122,0.31511129,0.3144257,0.3144257,880869
1739754000000000,DOGEUSDT,5m,0.3144257,0.31479145,0.31385938,0.31424873,674900
1739754300000000,DOGEUSDT,5m,0.31424873,0.31459088,0.31368241,0.31459088,365463
1739754600000000,DOGEUSDT,5m,0.31459088,0.31580871,0.31441353,0.31553677,905656
1739754900000000,DOGEUSDT,5m,0.31553677,0.31629348,0.31520571,0.31577324,2279676
1739755200000000,DOGEUSDT,5m,0.31577324,0.31577324,0.31515747,0.31537062,667792
1739755500000000,DOGEUSDT,5m,0.31537062,0.315643,0.31450611,0.31563116,610334
1739755800000000,DOGEUSDT,5m,0.31563116,0.31630617,0.31538247,0.31630617,625402
1739756100000000,DOGEUSDT,5m,0.31630617,0.31720618,0.3161759,0.31650749,1321988
1739756400000000,DOGEUSDT,5m,0.31650749,0.31686275,0.31622327,0.31640091,1132201
1739756700000000,DOGEUSDT,5m,0.31640091,0.3171583,0.31590387,0.31714646,1011445
1739757000000000,DOGEUSDT,5m,0.31714646,0.31788019,0.31694528,0.31773818,4273178
1739757300000000,DOGEUSDT,5m,0.31773818,0.31816421,0.31733581,0.31808137,1268111
1739757600000000,DOGEUSDT,5m,0.31808137,0.31867436,0.31786789,0.31823555,911882
1739757900000000,DOGEUSDT,5m,0.31823555,0.31888787,0.31747649,0.31888787,2732672
1739758200000000,DOGEUSDT,5m,0.31888787,0.31916176,0.31864969,0.31909031,2139526
1739758500000000,DOGEUSDT,5m,0.31909031,0.31969763,0.31876879,0.31912604,1292993
1739758800000000,DOGEUSDT,5m,0.31912604,0.31984066,0.31853052,0.31853052,725198
1739759100000000,DOGEUSDT,5m,0.31853052,0.31853052,0.31781856,0.31842372,1381828
1739759400000000,DOGEUSDT,5m,0.31842372,0.31872037,0.31755751,0.31755751,1369993
1739759700000000,DOGEUSDT,5m,0.31755751,0.31793723,0.31749818,0.31761684,844759
1739760000000000,DOGEUSDT,5m,0.31761684,0.31813916,0.31709452,0.31813916,653484
1739760300000000,DOGEUSDT,5m,0.31813916,0.31857981,0.31750795,0.31857981,1181823
1739760600000000,DOGEUSDT,5m,0.31857981,0.31878284,0.31718248,0.31719442,1024703
1739760900000000,DOGEUSDT,5m,0.31719442,0.31782742,0.3171347,0.31774382,3078673
1739761200000000,DOGEUSDT,5m,0.31774382,0.31865152,0.31666891,0.31865152,13767761
1739761500000000,DOGEUSDT,5m,0.31865152,0.31880768,0.31759448,0.31784673,2984562
1739761800000000,DOGEUSDT,5m,0.31784673,0.3188317,0.3177146,0.31843531,2434327
1739762100000000,DOGEUSDT,5m,0.31843531,0.31861549,0.31772658,0.31859147,1830733
1739762400000000,DOGEUSDT,5m,0.31859147,0.31908398,0.31855543,0.31904794,812581
1739762700000000,DOGEUSDT,5m,0.31904794,0.31942034,0.31862749,0.31892781,760637
1739763000000000,DOGEUSDT,5m,0.31892781,0.31927591,0.31865174,0.31865174,1400268
1739763300000000,DOGEUSDT,5m,0.31865174,0.31868768,0.3175374,0.31775308,1177495
1739763600000000,DOGEUSDT,5m,0.31775308,0.31802868,0.31764524,0.31764524,1098916
1739763900000000,DOGEUSDT,5m,0.31764524,0.31850798,0.31710602,0.31710602,591603
1739764200000000,DOGEUSDT,5m,0.31710602,0.31753593,0.31667611,0.31667611,457167
1739764500000000,DOGEUSDT,5m,0.31667611,0.31697386,0.31647364,0.3167833,788369
1739764800000000,DOGEUSDT,5m,0.3167833,0.31722427,0.31630658,0.31722427,328813
1739765100000000,DOGEUSDT,5m,0.31722427,0.31785769,0.31651914,0.31785769,984414
1739765400000000,DOGEUSDT,5m,0.31785769,0.31843365,0.31726973,0.31843365,1870224
1739765700000000,DOGEUSDT,5m,0.31843365,0.32001125,0.31647069,0.32001125,7916162
1739766000000000,DOGEUSDT,5m,0.32001125,0.32010855,0.31909902,0.31940309,3122670
1739766300000000,DOGEUSDT,5m,0.31940309,0.32058296,0.31940309,0.32054647,914861
1739766600000000,DOGEUSDT,5m,0.32054647,0.32111816,0.31981665,0.31981665,1649774
1739766900000000,DOGEUSDT,5m,0.31981665,0.32059509,0.3194396,0.3194396,1187686
1739767200000000,DOGEUSDT,5m,0.3194396,0.31970656,0.31846884,0.31851738,1878509
1739767500000000,DOGEUSDT,5m,0.31851738,0.31900278,0.3181412,0.31818974,1949407
1739767800000000,DOGEUSDT,5m,0.31818974,0.3191585,0.31806864,0.31811708,1728038
1739768100000000,DOGEUSDT,5m,0.31811708,0.31864988,0.31792333,0.31809286,1342243
1739768400000000,DOGEUSDT,5m,0.31809286,0.31818972,0.31324998,0.3153082,45168084
1739768700000000,DOGEUSDT,5m,0.3153082,0.31757225,0.31332262,0.31332262,8916815
1739769000000000,DOGEUSDT,5m,0.31332262,0.31496055,0.31305959,0.31305959,5635787
1739769300000000,DOGEUSDT,5m,0.31305959,0.31379963,0.31131693,0.31132886,4087387
1739769600000000,DOGEUSDT,5m,0.31132886,0.31199728,0.30995621,0.31030236,5741953
1739769900000000,DOGEUSDT,5m,0.31030236,0.31132886,0.30958619,0.30958619,5847426
1739770200000000,DOGEUSDT,5m,0.30958619,0.31061981,0.30882583,0.30882583,4262508
1739770500000000,DOGEUSDT,5m,0.30882583,0.30979531,0.30847114,0.30847114,1343424
1739770800000000,DOGEUSDT,5m,0.30847114,0.30884861,0.3077516,0.30862449,1821227
1739771100000000,DOGEUSDT,5m,0.30862449,0.30960354,0.30801111,0.30801111,2746597
1739771400000000,DOGEUSDT,5m,0.30801111,0.30899802,0.30714169,0.30714169,8149837
1739771700000000,DOGEUSDT,5m,0.30714169,0.30765575,0.30687297,0.30687297,3851251
1739772000000000,DOGEUSDT,5m,0.30687297,0.30791092,0.30623154,0.30774765,2330456
1739772300000000,DOGEUSDT,5m,0.30774765,0.30831911,0.30730448,0.30780596,3422919
1739772600000000,DOGEUSDT,5m,0.30780596,0.30805086,0.30746777,0.30763103,1659951
1739772900000000,DOGEUSDT,5m,0.30763103,0.30789926,0.30689633,0.30732782,2488993
1739773200000000,DOGEUSDT,5m,0.30732782,0.30761937,0.30683802,0.30761937,1063295
1739773500000000,DOGEUSDT,5m,0.30761937,0.30794653,0.30722211,0.30794653,652883
1739773800000000,DOGEUSDT,5m,0.30794653,0.30898863,0.30773576,0.30812216,1203314
1739774100000000,DOGEUSDT,5m,0.30812216,0.30867248,0.30759526,0.30834463,2102890
1739774400000000,DOGEUSDT,5m,0.30834463,0.30890669,0.30820412,0.30840318,1099810
1739774700000000,DOGEUSDT,5m,0.30840318,0.30900061,0.30731375,0.30900061,1489994
1739775000000000,DOGEUSDT,5m,0.30900061,0.30949452,0.30849494,0.30849494,1022530
1739775300000000,DOGEUSDT,5m,0.30849494,0.30955332,0.30842438,0.30954156,829448
1739775600000000,DOGEUSDT,5m,0.30954156,0.30980027,0.30900063,0.30956508,1110752
1739775900000000,DOGEUSDT,5m,0.30956508,0.31056482,0.30896524,0.30915342,1177422
1739776200000000,DOGEUSDT,5m,0.30915342,0.30958862,0.30877704,0.30952981,1891962
1739776500000000,DOGEUSDT,5m,0.30952981,0.31070888,0.30830358,0.31070888,3364277
1739776800000000,DOGEUSDT,5m,0.31070888,0.31095839,0.31016234,0.31095839,4049843
1739777100000000,DOGEUSDT,5m,0.31095839,0.31169624,0.31054186,0.31054186,1402952
1739777400000000,DOGEUSDT,5m,0.31054186,0.31191872,0.30892761,0.31191872,3323851
1739777700000000,DOGEUSDT,5m,0.31191872,0.31224204,0.31118826,0.3114996,5135241
1739778000000000,DOGEUSDT,5m,0.3114996,0.31153553,0.31058956,0.31074522,2987964
1739778300000000,DOGEUSDT,5m,0.31074522,0.3115954,0.31009861,0.31081707,6177573
1739778600000000,DOGEUSDT,5m,0.31081707,0.31088891,0.30993097,0.31061351,2203973
1739778900000000,DOGEUSDT,5m,0.31061351,0.31165527,0.31023033,0.31023033,3173020
1739779200000000,DOGEUSDT,5m,0.31023033,0.31037366,0.30882084,0.30907168,2332980
1739779500000000,DOGEUSDT,5m,0.30907168,0.31100681,0.30900001,0.31070818,2570297
1739779800000000,DOGEUSDT,5m,0.31070818,0.31205805,0.30965696,0.30965696,1547704
1739780100000000,DOGEUSDT,5m,0.30965696,0.30981121,0.30849417,0.30856536,5512741
1739780400000000,DOGEUSDT,5m,0.30856536,0.30938406,0.30755683,0.30938406,1331176
1739780700000000,DOGEUSDT,5m,0.30938406,0.30990893,0.30922899,0.30922899,1235880
1739781000000000,DOGEUSDT,5m,0.30922899,0.30990824,0.30868081,0.30990824,1875897
1739781300000000,DOGEUSDT,5m,0.30990824,0.31050406,0.30936009,0.30971758,1645864
1739781600000000,DOGEUSDT,5m,0.30971758,0.31083634,0.30966998,0.31030077,1830672
1739781900000000,DOGEUSDT,5m,0.31030077,0.31222876,0.31030077,0.31222876,4031182
1739782200000000,DOGEUSDT,5m,0.31222876,0.31291904,0.31138378,0.31291904,3068975
1739782500000000,DOGEUSDT,5m,0.31291904,0.31331352,0.31258432,0.31281145,2737149
1739782800000000,DOGEUSDT,5m,0.31281145,0.31336093,0.31238142,0.31288312,2345254
1739783100000000,DOGEUSDT,5m,0.31288312,0.31449648,0.31277557,0.31406625,4722287
1739783400000000,DOGEUSDT,5m,0.31406625,0.31448453,0.31395869,0.31425746,3073132
1739783700000000,DOGEUSDT,5m,0.31425746,0.31477134,0.31417381,0.31459208,2276638
1739784000000000,DOGEUSDT,5m,0.31459208,0.31504619,0.31416187,0.31438893,2378510
1739784300000000,DOGEUSDT,5m,0.31438893,0.3153091,0.31430527,0.31467573,2220223
1739784600000000,DOGEUSDT,5m,0.31467573,0.31514178,0.31436504,0.31496253,548812
1739784900000000,DOGEUSDT,5m,0.31496253,0.31563172,0.31495058,0.31556002,1327015
1739785200000000,DOGEUSDT,5m,0.31556002,0.31624117,0.31541663,0.31613362,5160022
1739785500000000,DOGEUSDT,5m,0.31613362,0.31621727,0.31512979,0.31515369,2460502
1739785800000000,DOGEUSDT,5m,0.31515369,0.31547635,0.31466373,0.31528515,1133166
1739786100000000,DOGEUSDT,5m,0.31528515,0.31546441,0.31497443,0.31522539,1017706
1739786400000000,DOGEUSDT,5m,0.31522539,0.31607393,0.31442466,0.31442466,2123448
1739786700000000,DOGEUSDT,5m,0.31442466,0.31579188,0.31423444,0.31505477,3705907
1739787000000000,DOGEUSDT,5m,0.31505477,0.31537576,0.31473378,0.31530443,1871755
1739787300000000,DOGEUSDT,5m,0.31530443,0.31568487,0.31473376,0.31517365,2105543
1739787600000000,DOGEUSDT,5m,0.31517365,0.31554219,0.31504288,0.31520931,1965408
1739787900000000,DOGEUSDT,5m,0.31520931,0.31605342,0.31396098,0.31605342,3793574
1739788200000000,DOGEUSDT,5m,0.31605342,0.316161,0.3148701,0.31518088,1858827
1739788500000000,DOGEUSDT,5m,0.31518088,0.31591002,0.31442783,0.31591002,1796956
1739788800000000,DOGEUSDT,5m,0.31591002,0.31690673,0.31582596,0.31593403,3113785
1739789100000000,DOGEUSDT,5m,0.31593403,0.31623431,0.31550164,0.31568181,1144389
1739789400000000,DOGEUSDT,5m,0.31568181,0.31593404,0.31491308,0.31515331,3356528
1739789700000000,DOGEUSDT,5m,0.31515331,0.31575387,0.31462481,0.31462481,549942
1739790000000000,DOGEUSDT,5m,0.31462481,0.31485227,0.31367906,0.31448115,2680026
1739790300000000,DOGEUSDT,5m,0.31448115,0.31601217,0.31364387,0.31364387,1370139
1739790600000000,DOGEUSDT,5m,0.31364387,0.31377475,0.31314416,0.31365577,1252701
1739790900000000,DOGEUSDT,5m,0.31365577,0.31402462,0.31339401,0.31367957,1052738
1739791200000000,DOGEUSDT,5m,0.31367957,0.31413169,0.31315606,0.31413169,851979
1739791500000000,DOGEUSDT,5m,0.31413169,0.31419135,0.31340385,0.31345157,1333966
1739791800000000,DOGEUSDT,5m,0.31345157,0.31417942,0.31337998,0.31392885,1926786
1739792100000000,DOGEUSDT,5m,0.31392885,0.31400044,0.31310558,0.31340387,2121822
1739792400000000,DOGEUSDT,5m,0.31340387,0.31389308,0.31336807,0.31372603,428304
1739792700000000,DOGEUSDT,5m,0.31372603,0.31422717,0.31366637,0.31421524,940358
1739793000000000,DOGEUSDT,5m,0.31421524,0.31469251,0.31383342,0.31383342,694494
1739793300000000,DOGEUSDT,5m,0.31383342,0.31408337,0.31351205,0.31400005,636902
1739793600000000,DOGEUSDT,5m,0.31400005,0.31473876,0.3136307,0.3136307,2423635
1739793900000000,DOGEUSDT,5m,0.3136307,0.31435578,0.31332164,0.31332164,1751189
1739794200000000,DOGEUSDT,5m,0.31332164,0.31391478,0.31327419,0.31327419,1245791
1739794500000000,DOGEUSDT,5m,0.31327419,0.31424665,0.31322675,0.31403318,1037793
1739794800000000,DOGEUSDT,5m,0.31403318,0.31487522,0.31402132,0.31438897,2484210
1739795100000000,DOGEUSDT,5m,0.31438897,0.31482778,0.31395016,0.31464989,1372129
1739795400000000,DOGEUSDT,5m,0.31464989,0.31505379,0.31398464,0.31423411,4092631
1739795700000000,DOGEUSDT,5m,0.31423411,0.31467363,0.31411532,0.31442417,1276465
1739796000000000,DOGEUSDT,5m,0.31442417,0.31525567,0.31442417,0.31472113,907455
1739796300000000,DOGEUSDT,5m,0.31472113,0.31567141,0.31399654,0.31399654,2651231
1739796600000000,DOGEUSDT,5m,0.31399654,0.31456409,0.31340535,0.31456409,1284917
1739796900000000,DOGEUSDT,5m,0.31456409,0.31539474,0.31455223,0.31465902,1999462
1739797200000000,DOGEUSDT,5m,0.31465902,0.31488448,0.31379278,0.31391145,1177916
1739797500000000,DOGEUSDT,5m,0.31391145,0.31411318,0.31332998,0.31372158,3233658
1739797800000000,DOGEUSDT,5m,0.31372158,0.31412455,0.31369787,0.31370973,1453969
1739798100000000,DOGEUSDT,5m,0.31370973,0.31412453,0.31329492,0.31334233,2263145
1739798400000000,DOGEUSDT,5m,0.31334233,0.3141109,0.31310584,0.31310584,3649928
1739798700000000,DOGEUSDT,5m,0.31310584,0.31337739,0.31260998,0.31289333,745110
1739799000000000,DOGEUSDT,5m,0.31289333,0.31361352,0.31190159,0.31361352,1350225
1739799300000000,DOGEUSDT,5m,0.31361352,0.31389818,0.31348305,0.31348305,1220456
1739799600000000,DOGEUSDT,5m,0.31348305,0.31362527,0.31292603,0.31337639,1198440
1739799900000000,DOGEUSDT,5m,0.31337639,0.31421724,0.31331717,0.31334086,1174129
1739800200000000,DOGEUSDT,5m,0.31334086,0.31405127,0.312737,0.312737,1006400
1739800500000000,DOGEUSDT,5m,0.312737,0.31310263,0.31214729,0.31310263,973063
1739800800000000,DOGEUSDT,5m,0.31310263,0.31422571,0.31285437,0.31417842,2255207
1739801100000000,DOGEUSDT,5m,0.31417842,0.31576255,0.31388287,0.31494684,8373962
1739801400000000,DOGEUSDT,5m,0.31494684,0.31735851,0.3149232,0.31712207,8980425
1739801700000000,DOGEUSDT,5m,0.31712207,0.31778412,0.31590437,0.31744127,6740384
1739802000000000,DOGEUSDT,5m,0.31744127,0.31764266,0.31636323,0.31643431,3583433
1739802300000000,DOGEUSDT,5m,0.31643431,0.31661202,0.31565241,0.31610259,2427560
1739802600000000,DOGEUSDT,5m,0.31610259,0.31757168,0.31590119,0.31680159,5101391
1739802900000000,DOGEUSDT,5m,0.31680159,0.31760725,0.31626844,0.31626844,1919202
1739803200000000,DOGEUSDT,5m,0.31626844,0.31736659,0.31479242,0.31736659,2674693
1739803500000000,DOGEUSDT,5m,0.31736659,0.31806815,0.31655802,0.31730714,1737834
1739803800000000,DOGEUSDT,5m,0.31730714,0.31780635,0.31716451,0.31731902,1080466
1739804100000000,DOGEUSDT,5m,0.31731902,0.31822232,0.31642761,0.31642761,1847356
1739804400000000,DOGEUSDT,5m,0.31642761,0.31725494,0.31570666,0.31577757,7318473
1739804700000000,DOGEUSDT,5m,0.31577757,0.31609668,0.31469023,0.31493843,2538968
1739805000000000,DOGEUSDT,5m,0.31493843,0.31565941,0.31420563,0.31565941,9560661
1739805300000000,DOGEUSDT,5m,0.31565941,0.31656177,0.31542195,0.31594437,2905398
1739805600000000,DOGEUSDT,5m,0.31594437,0.31709606,0.31584938,0.3160631,3056018
1739805900000000,DOGEUSDT,5m,0.3160631,0.31653802,0.3152676,0.31624119,3913982
1739806200000000,DOGEUSDT,5m,0.31624119,0.31874925,0.31319824,0.31874925,9660734
1739806500000000,DOGEUSDT,5m,0.31874925,0.31959464,0.31760193,0.31813332,3177961
1739806800000000,DOGEUSDT,5m,0.31813332,0.31959464,0.31617684,0.31959464,11446791
1739807100000000,DOGEUSDT,5m,0.31959464,0.32022845,0.31737634,0.3188999,14751047
1739807400000000,DOGEUSDT,5m,0.3188999,0.3212279,0.31647439,0.3212279,6320878
1739807700000000,DOGEUSDT,5m,0.3212279,0.32220496,0.32054768,0.32054768,8809310
1739808000000000,DOGEUSDT,5m,0.32054768,0.3219147,0.31991959,0.32174228,7726949
1739808300000000,DOGEUSDT,5m,0.32174228,0.32261665,0.32086791,0.32261665,3574158
1739808600000000,DOGEUSDT,5m,0.32261665,0.32261665,0.31988009,0.32122979,16600026
1739808900000000,DOGEUSDT,5m,0.32122979,0.32236899,0.32072211,0.32072211,3143562
1739809200000000,DOGEUSDT,5m,0.32072211,0.32106771,0.31906814,0.32062336,4643354
1739809500000000,DOGEUSDT,5m,0.32062336,0.32357154,0.31732979,0.32357154,15155713
1739809800000000,DOGEUSDT,5m,0.32357154,0.32554415,0.32345846,0.3250667,6269950
1739810100000000,DOGEUSDT,5m,0.3250667,0.3250667,0.32340814,0.32360917,5638438
1739810400000000,DOGEUSDT,5m,0.32360917,0.32406151,0.32196317,0.32372226,11305414
1739810700000000,DOGEUSDT,5m,0.32372226,0.32399868,0.32220196,0.32365944,4758564
1739811000000000,DOGEUSDT,5m,0.32365944,0.32431281,0.32285528,0.32353379,4771364
1739811300000000,DOGEUSDT,5m,0.32353379,0.3237474,0.32285526,0.3237474,4412506
1739811600000000,DOGEUSDT,5m,0.3237474,0.32476654,0.32285408,0.32285408,3067696
1739811900000000,DOGEUSDT,5m,0.32285408,0.32339219,0.32257876,0.32272894,4560091
1739812200000000,DOGEUSDT,5m,0.32272894,0.32414189,0.32269142,0.32396683,2047560
1739812500000000,DOGEUSDT,5m,0.32396683,0.32474205,0.32372927,0.32377928,2425326
1739812800000000,DOGEUSDT,5m,0.32377928,0.32475459,0.32155356,0.32475459,3094483
1739813100000000,DOGEUSDT,5m,0.32475459,0.32568545,0.32446528,0.32498102,2104335
1739813400000000,DOGEUSDT,5m,0.32498102,0.32552267,0.32427561,0.32448975,2062707
1739813700000000,DOGEUSDT,5m,0.32448975,0.32528094,0.32386182,0.32401252,1498072
1739814000000000,DOGEUSDT,5m,0.32401252,0.32500469,0.32396228,0.32437674,1741745
1739814300000000,DOGEUSDT,5m,0.32437674,0.32584621,0.32366084,0.32366084,1552326
1739814600000000,DOGEUSDT,5m,0.32366084,0.3240735,0.32342325,0.32342325,1111782
1739814900000000,DOGEUSDT,5m,0.32342325,0.32493405,0.32191245,0.32493405,1926874
1739815200000000,DOGEUSDT,5m,0.32493405,0.32672376,0.32224947,0.32672376,11172518
1739815500000000,DOGEUSDT,5m,0.32672376,0.32672376,0.32474848,0.32574249,6418241
1739815800000000,DOGEUSDT,5m,0.32574249,0.32718248,0.3245956,0.32709328,3397051
1739816100000000,DOGEUSDT,5m,0.32709328,0.32835486,0.32634143,0.3279853,2601377
1739816400000000,DOGEUSDT,5m,0.3279853,0.32895383,0.32680014,0.32895383,4074631
1739816700000000,DOGEUSDT,5m,0.32895383,0.33024852,0.32726176,0.33024852,4358702
1739817000000000,DOGEUSDT,5m,0.33024852,0.3303002,0.32841387,0.32955084,5474609
1739817300000000,DOGEUSDT,5m,0.32955084,0.32991258,0.32842684,0.32991258,2446027
1739817600000000,DOGEUSDT,5m,0.32991258,0.33037872,0.32939465,0.32988668,2658218
1739817900000000,DOGEUSDT,5m,0.32988668,0.33092256,0.32948528,0.33019745,3233314
1739818200000000,DOGEUSDT,5m,0.33019745,0.33068947,0.32935583,0.33040461,2282040
1739818500000000,DOGEUSDT,5m,0.33040461,0.3308713,0.32978236,0.33050832,2145887
1739818800000000,DOGEUSDT,5m,0.33050832,0.33058611,0.3288878,0.33058611,5044143
1739819100000000,DOGEUSDT,5m,0.33058611,0.33198673,0.32973017,0.32973017,5869450
1739819400000000,DOGEUSDT,5m,0.32973017,0.33027204,0.32904638,0.3291883,1025655
1739819700000000,DOGEUSDT,5m,0.3291883,0.33023334,0.32862062,0.33005271,2199594
1739820000000000,DOGEUSDT,5m,0.33005271,0.33091717,0.32926568,0.32926568,2263482
1739820300000000,DOGEUSDT,5m,0.32926568,0.32995911,0.32837962,0.32995911,1717145
1739820600000000,DOGEUSDT,5m,0.32995911,0.33075864,0.32957224,0.32957224,1185814
1739820900000000,DOGEUSDT,5m,0.32957224,0.33079445,0.32868453,0.32868453,794111
1739821200000000,DOGEUSDT,5m,0.32868453,0.32909401,0.32819828,0.32871013,1467370
1739821500000000,DOGEUSDT,5m,0.32871013,0.32881251,0.32792943,0.32796783,1951493
1739821800000000,DOGEUSDT,5m,0.32796783,0.32915806,0.32694397,0.32694397,637148
1739822100000000,DOGEUSDT,5m,0.32694397,0.32730009,0.32653697,0.32730009,691831
1739822400000000,DOGEUSDT,5m,0.32730009,0.32796292,0.32693043,0.32764425,1378173
1739822700000000,DOGEUSDT,5m,0.32764425,0.32934321,0.32764425,0.32931767,1047099
1739823000000000,DOGEUSDT,5m,0.32931767,0.32957315,0.32887057,0.32898554,732032
1739823300000000,DOGEUSDT,5m,0.32898554,0.32998196,0.32858952,0.32874282,1122053
1739823600000000,DOGEUSDT,5m,0.32874282,0.32982706,0.32791369,0.32791369,2557464
1739823900000000,DOGEUSDT,5m,0.32791369,0.32844674,0.32734257,0.32749487,1688424
1739824200000000,DOGEUSDT,5m,0.32749487,0.32814214,0.32646685,0.32814214,1022532
1739824500000000,DOGEUSDT,5m,0.32814214,0.32856264,0.32773438,0.32787455,2484361
1739824800000000,DOGEUSDT,5m,0.32787455,0.32826955,0.3276452,0.32806568,781354
1739825100000000,DOGEUSDT,5m,0.32806568,0.32959471,0.32777262,0.32919971,3333131
1739825400000000,DOGEUSDT,5m,0.32919971,0.33000248,0.32792547,0.33000248,2405097
1739825700000000,DOGEUSDT,5m,0.33000248,0.33069396,0.32924697,0.33069396,2283286
1739826000000000,DOGEUSDT,5m,0.33069396,0.3315684,0.33023102,0.33023102,4657652
1739826300000000,DOGEUSDT,5m,0.33023102,0.33060291,0.33007713,0.33052597,1235140
1739826600000000,DOGEUSDT,5m,0.33052597,0.33109023,0.33042338,0.33076963,1128940
1739826900000000,DOGEUSDT,5m,0.33076963,0.33110306,0.33025665,0.33088505,864846
1739827200000000,DOGEUSDT,5m,0.33088505,0.33130826,0.3307055,0.3307055,935721
1739827500000000,DOGEUSDT,5m,0.3307055,0.33248611,0.33065426,0.3324733,2497731
1739827800000000,DOGEUSDT,5m,0.3324733,0.33279354,0.33184563,0.33243487,4028274
1739828100000000,DOGEUSDT,5m,0.33243487,0.3328703,0.33212751,0.3323068,860606
1739828400000000,DOGEUSDT,5m,0.3323068,0.33247316,0.33180773,0.33247316,739914
1739828700000000,DOGEUSDT,5m,0.33247316,0.33267812,0.33215291,0.3323963,946557
1739829000000000,DOGEUSDT,5m,0.3323963,0.33347231,0.33180706,0.33180706,1523025
1739829300000000,DOGEUSDT,5m,0.33180706,0.33347918,0.33178153,0.33338983,2768253
1739829600000000,DOGEUSDT,5m,0.33338983,0.33458962,0.33213898,0.33458962,1781099
1739829900000000,DOGEUSDT,5m,0.33458962,0.33528385,0.33426822,0.3345382,1364857
1739830200000000,DOGEUSDT,5m,0.3345382,0.33539932,0.33388272,0.33388272,1498434
1739830500000000,DOGEUSDT,5m,0.33388272,0.33392113,0.33287134,0.33306338,1028361
1739830800000000,DOGEUSDT,5m,0.33306338,0.33398514,0.33280733,0.33280733,693265
1739831100000000,DOGEUSDT,5m,0.33280733,0.33338255,0.33197646,0.33338255,1541114
1739831400000000,DOGEUSDT,5m,0.33338255,0.33398543,0.33338255,0.33349799,1094248
1739831700000000,DOGEUSDT,5m,0.33349799,0.3342035,0.33248463,0.3342035,4868126
1739832000000000,DOGEUSDT,5m,0.3342035,0.33457707,0.33345636,0.33457707,5485276
1739832300000000,DOGEUSDT,5m,0.33457707,0.33483528,0.33442214,0.33442214,590778
1739832600000000,DOGEUSDT,5m,0.33442214,0.33442214,0.33259054,0.33264213,1300222
1739832900000000,DOGEUSDT,5m,0.33264213,0.33344188,0.33262923,0.33288722,1028781
1739833200000000,DOGEUSDT,5m,0.33288722,0.33426747,0.33282272,0.33375149,3125413
1739833500000000,DOGEUSDT,5m,0.33375149,0.33452544,0.33368699,0.33428035,1297291
1739833800000000,DOGEUSDT,5m,0.33428035,0.33433195,0.33345478,0.33368697,2459356
1739834100000000,DOGEUSDT,5m,0.33368697,0.33381597,0.33319679,0.33349348,994452
1739834400000000,DOGEUSDT,5m,0.33349348,0.33359668,0.33306777,0.33344188,1479901
1739834700000000,DOGEUSDT,5m,0.33344188,0.333945,0.33273234,0.333945,842584
1739835000000000,DOGEUSDT,5m,0.333945,0.33421673,0.33369915,0.33369915,781576
1739835300000000,DOGEUSDT,5m,0.33369915,0.33429347,0.33310483,0.33429347,1587317
1739835600000000,DOGEUSDT,5m,0.33429347,0.33429347,0.33352844,0.33376184,3313620
1739835900000000,DOGEUSDT,5m,0.33376184,0.3345917,0.33352844,0.33457874,817969
1739836200000000,DOGEUSDT,5m,0.33457874,0.33512332,0.33430645,0.33503255,1136205
1739836500000000,DOGEUSDT,5m,0.33503255,0.33527892,0.33460465,0.33527892,1747993
1739836800000000,DOGEUSDT,5m,0.33527892,0.33583731,0.33500622,0.33505816,1406479
1739837100000000,DOGEUSDT,5m,0.33505816,0.33622534,0.33437082,0.33437082,1813450
1739837400000000,DOGEUSDT,5m,0.33437082,0.33531366,0.33313093,0.33531366,516242
1739837700000000,DOGEUSDT,5m,0.33531366,0.33543056,0.3344694,0.33456032,1211524
1739838000000000,DOGEUSDT,5m,0.33456032,0.33574233,0.33335233,0.33574233,2023310
1739838300000000,DOGEUSDT,5m,0.33574233,0.33630482,0.33508827,0.33630482,3940642
1739838600000000,DOGEUSDT,5m,0.33630482,0.33753863,0.33507101,0.33507101,1285015
1739838900000000,DOGEUSDT,5m,0.33507101,0.33602214,0.33376809,0.33602214,2085125
1739839200000000,DOGEUSDT,5m,0.33602214,0.33653319,0.33552419,0.33552419,1724026
1739839500000000,DOGEUSDT,5m,0.33552419,0.33675231,0.33539354,0.33589002,701573
1739839800000000,DOGEUSDT,5m,0.33589002,0.3365302,0.33510611,0.33526289,857047
1739840100000000,DOGEUSDT,5m,0.33526289,0.33555031,0.33463579,0.33487095,1102627
1739840400000000,DOGEUSDT,5m,0.33487095,0.33541967,0.33455741,0.33479257,970167
1739840700000000,DOGEUSDT,5m,0.33479257,0.33700057,0.33437448,0.33613827,1382672
1739841000000000,DOGEUSDT,5m,0.33613827,0.33726191,0.33575937,0.33575937,3793223
1739841300000000,DOGEUSDT,5m,0.33575937,0.33646335,0.33522486,0.33522486,1431987
1739841600000000,DOGEUSDT,5m,0.33522486,0.33556275,0.33443213,0.33499094,2703998
1739841900000000,DOGEUSDT,5m,0.33499094,0.33532836,0.33399167,0.33416037,825087
1739842200000000,DOGEUSDT,5m,0.33416037,0.33499097,0.33335573,0.33335573,519319
1739842500000000,DOGEUSDT,5m,0.33335573,0.33369153,0.33303285,0.33331699,454706
1739842800000000,DOGEUSDT,5m,0.33331699,0.33401425,0.33313621,0.33369144,1930676
1739843100000000,DOGEUSDT,5m,0.33369144,0.33391096,0.33316202,0.33374309,772406
1739843400000000,DOGEUSDT,5m,0.33374309,0.3346731,0.33303267,0.33303267,1052633
1739843700000000,DOGEUSDT,5m,0.33303267,0.33381725,0.33249247,0.33249247,1710922
1739844000000000,DOGEUSDT,5m,0.33249247,0.33345395,0.33151817,0.33345395,2214604
1739844300000000,DOGEUSDT,5m,0.33345395,0.33360868,0.332964,0.33297689,806650
1739844600000000,DOGEUSDT,5m,0.33297689,0.33326056,0.33278348,0.33289952,788171
1739844900000000,DOGEUSDT,5m,0.33289952,0.33376299,0.33193295,0.33376299,1379467
1739845200000000,DOGEUSDT,5m,0.33376299,0.33428118,0.33319299,0.33324481,1597312
1739845500000000,DOGEUSDT,5m,0.33324481,0.33390342,0.3325862,0.3325862,1443251
1739845800000000,DOGEUSDT,5m,0.3325862,0.33285632,0.33193018,0.33259906,2918709
1739846100000000,DOGEUSDT,5m,0.33259906,0.33259906,0.33158276,0.33226458,993660
1739846400000000,DOGEUSDT,5m,0.33226458,0.33231604,0.33156995,0.33213595,545596
1739846700000000,DOGEUSDT,5m,0.33213595,0.33229031,0.33172431,0.33216167,819699
1739847000000000,DOGEUSDT,5m,0.33216167,0.33301067,0.33113259,0.33301067,1882384
1739847300000000,DOGEUSDT,5m,0.33301067,0.33304946,0.33229952,0.33290723,3370526
1739847600000000,DOGEUSDT,5m,0.33290723,0.33332098,0.3321185,0.33259691,2034149
1739847900000000,DOGEUSDT,5m,0.33259691,0.33303569,0.33237752,0.33297116,2761266
1739848200000000,DOGEUSDT,5m,0.33297116,0.33308731,0.33217103,0.33224846,2101888
1739848500000000,DOGEUSDT,5m,0.33224846,0.33257108,0.3312935,0.33257108,3333456
1739848800000000,DOGEUSDT,5m,0.33257108,0.33271331,0.33207977,0.33257108,1815898
1739849100000000,DOGEUSDT,5m,0.33257108,0.33328223,0.33223491,0.33302363,4267415
1739849400000000,DOGEUSDT,5m,0.33302363,0.33404506,0.33223494,0.33223494,3274301
1739849700000000,DOGEUSDT,5m,0.33223494,0.33274967,0.33190036,0.33256951,2002706
1739850000000000,DOGEUSDT,5m,0.33256951,0.33281451,0.332144,0.3326082,2423524
1739850300000000,DOGEUSDT,5m,0.3326082,0.33269846,0.33175717,0.33201506,2102538
1739850600000000,DOGEUSDT,5m,0.33201506,0.33246636,0.33182165,0.33220847,2372694
1739850900000000,DOGEUSDT,5m,0.33220847,0.33258241,0.33182165,0.33200217,1666249
1739851200000000,DOGEUSDT,5m,0.33200217,0.33210519,0.33112644,0.3317446,1822295
1739851500000000,DOGEUSDT,5m,0.3317446,0.33229834,0.33171884,0.3317446,1558294
1739851800000000,DOGEUSDT,5m,0.3317446,0.33247863,0.33099769,0.33247863,2346844
1739852100000000,DOGEUSDT,5m,0.33247863,0.33251744,0.33117221,0.33137917,2282746
1739852400000000,DOGEUSDT,5m,0.33137917,0.33215526,0.33128862,0.33128862,1824713
1739852700000000,DOGEUSDT,5m,0.33128862,0.33170231,0.33055174,0.33061638,1994680
1739853000000000,DOGEUSDT,5m,0.33061638,0.33137912,0.33015097,0.33033196,5521619
1739853300000000,DOGEUSDT,5m,0.33033196,0.33199972,0.3290262,0.3290262,1750413
1739853600000000,DOGEUSDT,5m,0.3290262,0.32975731,0.32833357,0.32833357,970351
1739853900000000,DOGEUSDT,5m,0.32833357,0.32848685,0.32685188,0.32692852,770990
1739854200000000,DOGEUSDT,5m,0.32692852,0.32737558,0.32591944,0.32623877,1512998
1739854500000000,DOGEUSDT,5m,0.32623877,0.32718399,0.32540852,0.32540852,822120
1739854800000000,DOGEUSDT,5m,0.32540852,0.3263489,0.32446814,0.3263489,1329841
1739855100000000,DOGEUSDT,5m,0.3263489,0.32723082,0.32610605,0.32611883,1122488
1739855400000000,DOGEUSDT,5m,0.32611883,0.32627198,0.32535305,0.3254041,4924343
1739855700000000,DOGEUSDT,5m,0.3254041,0.3254041,0.3237194,0.32387255,3794945
1739856000000000,DOGEUSDT,5m,0.32387255,0.32442134,0.32239211,0.32365559,8638941
1739856300000000,DOGEUSDT,5m,0.32365559,0.32438302,0.32315787,0.32315787,1766641
1739856600000000,DOGEUSDT,5m,0.32315787,0.32392124,0.32248357,0.32332327,4476708
1739856900000000,DOGEUSDT,5m,0.32332327,0.32339968,0.32255915,0.32303036,1155713
1739857200000000,DOGEUSDT,5m,0.32303036,0.32353977,0.32229171,0.32253368,1994004
1739857500000000,DOGEUSDT,5m,0.32253368,0.32297943,0.32168038,0.32297943,2280578
1739857800000000,DOGEUSDT,5m,0.32297943,0.3237457,0.32276233,0.32320931,8196149
1739858100000000,DOGEUSDT,5m,0.32320931,0.32405223,0.32156178,0.32405223,8562532
1739858400000000,DOGEUSDT,5m,0.32405223,0.32641449,0.32133051,0.32641449,9654987
1739858700000000,DOGEUSDT,5m,0.32641449,0.32723518,0.32435624,0.32723518,19015691
1739859000000000,DOGEUSDT,5m,0.32723518,0.32857067,0.32570329,0.32857067,10581967
1739859300000000,DOGEUSDT,5m,0.32857067,0.33156704,0.3260099,0.3260099,7443628
1739859600000000,DOGEUSDT,5m,0.3260099,0.32664672,0.32459332,0.32641279,7665890
1739859900000000,DOGEUSDT,5m,0.32641279,0.32742904,0.32602192,0.32675154,2856514
1739860200000000,DOGEUSDT,5m,0.32675154,0.32684274,0.32335086,0.32594371,9555649
1739860500000000,DOGEUSDT,5m,0.32594371,0.32638673,0.32400225,0.32411952,8215364
1739860800000000,DOGEUSDT,5m,0.32411952,0.32636067,0.32397619,0.32443224,6541258
1739861100000000,DOGEUSDT,5m,0.32443224,0.32563099,0.32379377,0.32482314,9700007
1739861400000000,DOGEUSDT,5m,0.32482314,0.32586558,0.32316827,0.32586558,8412541
1739861700000000,DOGEUSDT,5m,0.32586558,0.32656064,0.32486888,0.32656064,9066107
1739862000000000,DOGEUSDT,5m,0.32656064,0.32833864,0.32532262,0.32828596,8394988
1739862300000000,DOGEUSDT,5m,0.32828596,0.32978745,0.32666593,0.32978745,3357172
1739862600000000,DOGEUSDT,5m,0.32978745,0.33126292,0.32958806,0.33116987,3348698
1739862900000000,DOGEUSDT,5m,0.33116987,0.33227311,0.33091732,0.33214019,5749202
1739863200000000,DOGEUSDT,5m,0.33214019,0.33307059,0.33172815,0.33172815,3543504
1739863500000000,DOGEUSDT,5m,0.33172815,0.33293473,0.33163534,0.33258999,3279288
1739863800000000,DOGEUSDT,5m,0.33258999,0.33327946,0.33190052,0.33190052,5043099
1739864100000000,DOGEUSDT,5m,0.33190052,0.33282478,0.33174208,0.33215139,7003125
1739864400000000,DOGEUSDT,5m,0.33215139,0.33310202,0.33096311,0.33310202,2724512
1739864700000000,DOGEUSDT,5m,0.33310202,0.33358006,0.33251774,0.33265053,1059182
1739865000000000,DOGEUSDT,5m,0.33265053,0.33287627,0.33206626,0.33263725,3353094
1739865300000000,DOGEUSDT,5m,0.33263725,0.33316841,0.33241151,0.33246463,2383057
1739865600000000,DOGEUSDT,5m,0.33246463,0.33295544,0.33189423,0.33233198,4548332
1739865900000000,DOGEUSDT,5m,0.33233198,0.33233198,0.33047626,0.33147039,3440084
1739866200000000,DOGEUSDT,5m,0.33147039,0.33148365,0.33087391,0.331086,1051420
1739866500000000,DOGEUSDT,5m,0.331086,0.33185479,0.33072811,0.33082089,1860445
1739866800000000,DOGEUSDT,5m,0.33082089,0.33191935,0.3297489,0.3297489,1436972
1739867100000000,DOGEUSDT,5m,0.3297489,0.3304195,0.32955167,0.33005133,4817920
1739867400000000,DOGEUSDT,5m,0.33005133,0.33089283,0.32915724,0.32934132,2692668
1739867700000000,DOGEUSDT,5m,0.32934132,0.33009078,0.32844722,0.33009078,2479871
1739868000000000,DOGEUSDT,5m,0.33009078,0.33053984,0.32953605,0.3304606,2518480
1739868300000000,DOGEUSDT,5m,0.3304606,0.33249452,0.32770026,0.33249452,5073474
1739868600000000,DOGEUSDT,5m,0.33249452,0.33347056,0.33249452,0.3332299,1005392
1739868900000000,DOGEUSDT,5m,0.3332299,0.33372462,0.33244101,0.33341709,1549736
1739869200000000,DOGEUSDT,5m,0.33341709,0.33456703,0.33244097,0.33310954,4367012
1739869500000000,DOGEUSDT,5m,0.33310954,0.33325637,0.33186824,0.33209515,2576145
1739869800000000,DOGEUSDT,5m,0.33209515,0.33360346,0.33165467,0.33359011,1956890
1739870100000000,DOGEUSDT,5m,0.33359011,0.3356189,0.33220199,0.33220199,3867339
1739870400000000,DOGEUSDT,5m,0.33220199,0.33386988,0.33063999,0.33063999,7404095
1739870700000000,DOGEUSDT,5m,0.33063999,0.33136122,0.33031216,0.33050886,2827757
1739871000000000,DOGEUSDT,5m,0.33050886,0.33117713,0.3302861,0.33084955,1755356
1739871300000000,DOGEUSDT,5m,0.33084955,0.33084955,0.32944742,0.32986675,2021275
1739871600000000,DOGEUSDT,5m,0.32986675,0.3303516,0.32930328,0.33015504,1267427
1739871900000000,DOGEUSDT,5m,0.33015504,0.33107392,0.32965621,0.32965621,1145009
1739872200000000,DOGEUSDT,5m,0.32965621,0.33071628,0.32959078,0.33065085,1420320
1739872500000000,DOGEUSDT,5m,0.33065085,0.33148844,0.33051997,0.33137065,1385117
1739872800000000,DOGEUSDT,5m,0.33137065,0.33228673,0.33088644,0.33095187,5859288
1739873100000000,DOGEUSDT,5m,0.33095187,0.33100409,0.3296595,0.32989448,1514921
1739873400000000,DOGEUSDT,5m,0.32989448,0.33054719,0.32903289,0.33054719,1552801
1739873700000000,DOGEUSDT,5m,0.33054719,0.33108454,0.33036371,0.33052098,1630466
1739874000000000,DOGEUSDT,5m,0.33052098,0.33126799,0.33052098,0.33091414,732923
1739874300000000,DOGEUSDT,5m,0.33091414,0.33095346,0.33052098,0.33079619,951531
1739874600000000,DOGEUSDT,5m,0.33079619,0.33079619,0.3303375,0.33074377,1125908
1739874900000000,DOGEUSDT,5m,0.33074377,0.33135973,0.33029818,0.33135973,740741
1739875200000000,DOGEUSDT,5m,0.33135973,0.33218535,0.33105832,0.33105832,1562178
1739875500000000,DOGEUSDT,5m,0.33105832,0.33180391,0.33028656,0.33180391,1669744
1739875800000000,DOGEUSDT,5m,0.33180391,0.33197474,0.33130458,0.33197474,997003
1739876100000000,DOGEUSDT,5m,0.33197474,0.33243512,0.33077774,0.33243512,8656156
1739876400000000,DOGEUSDT,5m,0.33243512,0.33316058,0.33118204,0.33316058,2718081
1739876700000000,DOGEUSDT,5m,0.33316058,0.33355801,0.33277641,0.33318708,3373753
1739877000000000,DOGEUSDT,5m,0.33318708,0.33379641,0.33286917,0.33349175,1742833
1739877300000000,DOGEUSDT,5m,0.33349175,0.33415525,0.33309364,0.33388985,1768824
1739877600000000,DOGEUSDT,5m,0.33388985,0.33412928,0.33346419,0.33373023,1405790
1739877900000000,DOGEUSDT,5m,0.33373023,0.33422193,0.33319866,0.33419535,1111478
1739878200000000,DOGEUSDT,5m,0.33419535,0.33478007,0.33415548,0.33447442,632655
1739878500000000,DOGEUSDT,5m,0.33447442,0.33481994,0.33414219,0.33420864,825312
1739878800000000,DOGEUSDT,5m,0.33420864,0.33428837,0.33319866,0.33343787,874172
1739879100000000,DOGEUSDT,5m,0.33343787,0.33369036,0.33283986,0.33362392,791496
1739879400000000,DOGEUSDT,5m,0.33362392,0.33416877,0.33362392,0.33367707,658807
1739879700000000,DOGEUSDT,5m,0.33367707,0.33391628,0.33307906,0.33361063,1709189
1739880000000000,DOGEUSDT,5m,0.33361063,0.33410215,0.33326523,0.33337151,1178900
1739880300000000,DOGEUSDT,5m,0.33337151,0.33444604,0.33334498,0.33435318,1067163
1739880600000000,DOGEUSDT,5m,0.33435318,0.33465829,0.33387563,0.33418073,1207601
1739880900000000,DOGEUSDT,5m,0.33418073,0.33492359,0.33379604,0.33379604,1394043
1739881200000000,DOGEUSDT,5m,0.33379604,0.33399456,0.333174,0.33380927,1075563
1739881500000000,DOGEUSDT,5m,0.33380927,0.33472244,0.33380927,0.33464304,1438352
1739881800000000,DOGEUSDT,5m,0.33464304,0.33574153,0.33378277,0.33378277,2550447
1739882100000000,DOGEUSDT,5m,0.33378277,0.33524425,0.33246612,0.33246612,3336907
1739882400000000,DOGEUSDT,5m,0.33246612,0.3332499,0.33155172,0.3332499,3938528
1739882700000000,DOGEUSDT,5m,0.3332499,0.33359113,0.33214747,0.33226559,1529148
1739883000000000,DOGEUSDT,5m,0.33226559,0.33281678,0.33196374,0.33250181,729074
1739883300000000,DOGEUSDT,5m,0.33250181,0.33322365,0.33243619,0.3331449,964448
1739883600000000,DOGEUSDT,5m,0.3331449,0.33342051,0.33230495,0.33255431,1391297
1739883900000000,DOGEUSDT,5m,0.33255431,0.33342048,0.33167502,0.33342048,1371017
1739884200000000,DOGEUSDT,5m,0.33342048,0.33415927,0.33318301,0.33413288,1119974
1739884500000000,DOGEUSDT,5m,0.33413288,0.33500361,0.33334132,0.33405373,1517311
1739884800000000,DOGEUSDT,5m,0.33405373,0.33447588,0.33349965,0.33372392,947509
1739885100000000,DOGEUSDT,5m,0.33372392,0.33392181,0.33316983,0.33365796,1415474
1739885400000000,DOGEUSDT,5m,0.33365796,0.33407996,0.33281396,0.33406677,1138252
1739885700000000,DOGEUSDT,5m,0.33406677,0.334647,0.33376347,0.33376347,1229597
1739886000000000,DOGEUSDT,5m,0.33376347,0.3344216,0.33353971,0.33373715,532531
1739886300000000,DOGEUSDT,5m,0.33373715,0.3347375,0.33373715,0.33380296,1114619
1739886600000000,DOGEUSDT,5m,0.33380296,0.33427681,0.33328962,0.33364501,1152079
1739886900000000,DOGEUSDT,5m,0.33364501,0.33400005,0.33335572,0.33335572,627858
1739887200000000,DOGEUSDT,5m,0.33335572,0.33448462,0.33250247,0.33263374,4202200
1739887500000000,DOGEUSDT,5m,0.33263374,0.33298663,0.33228085,0.33277751,3768702
1739887800000000,DOGEUSDT,5m,0.33277751,0.33351004,0.33250281,0.33294756,1739838
1739888100000000,DOGEUSDT,5m,0.33294756,0.33362846,0.33269877,0.33269877,1284755
1739888400000000,DOGEUSDT,5m,0.33269877,0.33429395,0.33262032,0.33428087,3648195
1739888700000000,DOGEUSDT,5m,0.33428087,0.33536612,0.33318255,0.33536612,6728973
1739889000000000,DOGEUSDT,5m,0.33536612,0.33577409,0.33378687,0.33386583,5550699
1739889300000000,DOGEUSDT,5m,0.33386583,0.33533979,0.33144432,0.33533979,10709103
1739889600000000,DOGEUSDT,5m,0.33533979,0.33660117,0.33352076,0.33660117,4817069
1739889900000000,DOGEUSDT,5m,0.33660117,0.33689548,0.33379181,0.33490218,8467775
1739890200000000,DOGEUSDT,5m,0.33490218,0.33617303,0.33379186,0.33594561,6666966
1739890500000000,DOGEUSDT,5m,0.33594561,0.33650746,0.33558442,0.33599912,2755377
1739890800000000,DOGEUSDT,5m,0.33599912,0.33607938,0.33475503,0.33527674,6492777
1739891100000000,DOGEUSDT,5m,0.33527674,0.33575833,0.33468814,0.33531687,2332117
1739891400000000,DOGEUSDT,5m,0.33531687,0.33595901,0.33359113,0.33595901,6494932
1739891700000000,DOGEUSDT,5m,0.33595901,0.33771831,0.33352823,0.33771831,6795485
1739892000000000,DOGEUSDT,5m,0.33771831,0.33826116,0.33725689,0.33809831,2744325
1739892300000000,DOGEUSDT,5m,0.33809831,0.33983541,0.33566907,0.33983541,7758747
1739892600000000,DOGEUSDT,5m,0.33983541,0.34120649,0.33910874,0.34037013,6806672
1739892900000000,DOGEUSDT,5m,0.34037013,0.3416041,0.33887566,0.33932811,6540610
1739893200000000,DOGEUSDT,5m,0.33932811,0.34005032,0.3385514,0.33861953,3300824
1739893500000000,DOGEUSDT,5m,0.33861953,0.34141298,0.33476322,0.34141298,14538559
1739893800000000,DOGEUSDT,5m,0.34141298,0.3421472,0.33940426,0.34132986,25472640
1739894100000000,DOGEUSDT,5m,0.34132986,0.34279752,0.34084525,0.34084525,3580788
1739894400000000,DOGEUSDT,5m,0.34084525,0.34240534,0.33994785,0.34145272,4068986
1739894700000000,DOGEUSDT,5m,0.34145272,0.34233634,0.34079,0.34109374,3238080
1739895000000000,DOGEUSDT,5m,0.34109374,0.3427058,0.34073551,0.3408044,3415902
1739895300000000,DOGEUSDT,5m,0.3408044,0.34176888,0.33942658,0.34167243,3615480
1739895600000000,DOGEUSDT,5m,0.34167243,0.34382183,0.33883412,0.34382183,4170551
1739895900000000,DOGEUSDT,5m,0.34382183,0.34484034,0.34301261,0.34444968,2736151
1739896200000000,DOGEUSDT,5m,0.34444968,0.3450938,0.3429374,0.34339948,11043988
1739896500000000,DOGEUSDT,5m,0.34339948,0.34520574,0.34083711,0.34520574,27343586
1739896800000000,DOGEUSDT,5m,0.34520574,0.34594158,0.34442746,0.34543215,9065711
1739897100000000,DOGEUSDT,5m,0.34543215,0.34601233,0.34480952,0.34502178,9520838
1739897400000000,DOGEUSDT,5m,0.34502178,0.34619355,0.34394884,0.34394884,11941538
1739897700000000,DOGEUSDT,5m,0.34394884,0.3439769,0.3404834,0.34108669,13224841
1739898000000000,DOGEUSDT,5m,0.34108669,0.34288248,0.33937509,0.33937509,8280710
1739898300000000,DOGEUSDT,5m,0.33937509,0.34047235,0.33865284,0.33865284,3947862
1739898600000000,DOGEUSDT,5m,0.33865284,0.33924755,0.33758789,0.33891561,1419460
1739898900000000,DOGEUSDT,5m,0.33891561,0.33962097,0.33789216,0.33962097,1729713
1739899200000000,DOGEUSDT,5m,0.33962097,0.34045422,0.33877383,0.3393571,6909294
1739899500000000,DOGEUSDT,5m,0.3393571,0.33944043,0.33802395,0.33832946,4226624
1739899800000000,DOGEUSDT,5m,0.33832946,0.33975977,0.3362465,0.33975977,7519102
1739900100000000,DOGEUSDT,5m,0.33975977,0.34139821,0.33933966,0.3413562,3706884
1739900400000000,DOGEUSDT,5m,0.3413562,0.34305059,0.34130019,0.34173429,3934227
1739900700000000,DOGEUSDT,5m,0.34173429,0.34284054,0.34138421,0.34235043,5636930
1739901000000000,DOGEUSDT,5m,0.34235043,0.34403081,0.34078207,0.34078207,6155289
1739901300000000,DOGEUSDT,5m,0.34078207,0.34117058,0.33994954,0.34082369,4768887
1739901600000000,DOGEUSDT,5m,0.34082369,0.34279401,0.33961653,0.3422945,9514798
1739901900000000,DOGEUSDT,5m,0.3422945,0.34254427,0.34125379,0.34155907,2406705
1739902200000000,DOGEUSDT,5m,0.34155907,0.3425581,0.34062941,0.34062941,1655787
1739902500000000,DOGEUSDT,5m,0.34062941,0.341071,0.34009122,0.34038102,1092725
1739902800000000,DOGEUSDT,5m,0.34038102,0.34167634,0.34025699,0.34155232,1128253
1739903100000000,DOGEUSDT,5m,0.34155232,0.34181414,0.34095978,0.34141452,3173247
1739903400000000,DOGEUSDT,5m,0.34141452,0.34141452,0.34031207,0.34056012,1485731
1739903700000000,DOGEUSDT,5m,0.34056012,0.34068415,0.3398435,0.34043609,1392235
1739904000000000,DOGEUSDT,5m,0.34043609,0.34073928,0.3398435,0.34069793,1620087
1739904300000000,DOGEUSDT,5m,0.34069793,0.34182794,0.34054635,0.34162123,1740088
1739904600000000,DOGEUSDT,5m,0.34162123,0.3427788,0.34141452,0.34141452,2685834
1739904900000000,DOGEUSDT,5m,0.34141452,0.34144205,0.34060245,0.34060245,948045
1739905200000000,DOGEUSDT,5m,0.34060245,0.34129065,0.33990049,0.34129065,666514
1739905500000000,DOGEUSDT,5m,0.34129065,0.3418849,0.34040619,0.34149794,2196590
1739905800000000,DOGEUSDT,5m,0.34149794,0.34217514,0.34109716,0.3421475,4340714
1739906100000000,DOGEUSDT,5m,0.3421475,0.34287994,0.34115248,0.34134595,1902158
1739906400000000,DOGEUSDT,5m,0.34134595,0.34176054,0.34082081,0.34176054,1551543
1739906700000000,DOGEUSDT,5m,0.34176054,0.34259171,0.34170513,0.34198219,1467132
1739907000000000,DOGEUSDT,5m,0.34198219,0.34285487,0.3407909,0.34285487,3174847
1739907300000000,DOGEUSDT,5m,0.34285487,0.34325863,0.34214483,0.34284095,946629
1739907600000000,DOGEUSDT,5m,0.34284095,0.3436345,0.34228408,0.34228408,1422181
1739907900000000,DOGEUSDT,5m,0.34228408,0.34493454,0.34207592,0.34444885,3319898
1739908200000000,DOGEUSDT,5m,0.34444885,0.34518429,0.34365791,0.34518429,833507
1739908500000000,DOGEUSDT,5m,0.34518429,0.34529578,0.34394397,0.34412514,988557
1739908800000000,DOGEUSDT,5m,0.34412514,0.34418089,0.34303812,0.34333078,3130615
1739909100000000,DOGEUSDT,5m,0.34333078,0.34468264,0.34302417,0.34468264,1060761
1739909400000000,DOGEUSDT,5m,0.34468264,0.34564427,0.34440391,0.34560246,901584
1739909700000000,DOGEUSDT,5m,0.34560246,0.34560246,0.34443173,0.34532372,740538
1739910000000000,DOGEUSDT,5m,0.34532372,0.34576971,0.34452929,0.34576971,1094365
1739910300000000,DOGEUSDT,5m,0.34576971,0.34578368,0.34535053,0.3456719,1332075
1739910600000000,DOGEUSDT,5m,0.3456719,0.3456719,0.34487542,0.34493132,557332
1739910900000000,DOGEUSDT,5m,0.34493132,0.34646838,0.34339425,0.34646838,1599186
1739911200000000,DOGEUSDT,5m,0.34646838,0.34731429,0.34589035,0.34589035,2173966
1739911500000000,DOGEUSDT,5m,0.34589035,0.3463681,0.34539855,0.3459606,853604
1739911800000000,DOGEUSDT,5m,0.3459606,0.34662126,0.34584815,0.34590438,816170
1739912100000000,DOGEUSDT,5m,0.34590438,0.34742199,0.34490668,0.34490668,1442414
1739912400000000,DOGEUSDT,5m,0.34490668,0.34764504,0.34450152,0.34761709,7535119
1739912700000000,DOGEUSDT,5m,0.34761709,0.34841345,0.34662514,0.34754724,2738212
1739913000000000,DOGEUSDT,5m,0.34754724,0.34806396,0.34659758,0.34676517,3073976
1739913300000000,DOGEUSDT,5m,0.34676517,0.34736569,0.34599706,0.3471981,1790299
1739913600000000,DOGEUSDT,5m,0.3471981,0.34901355,0.34696069,0.34884597,3850695
1739913900000000,DOGEUSDT,5m,0.34884597,0.34897166,0.34778463,0.34798014,3507172
1739914200000000,DOGEUSDT,5m,0.34798014,0.34894369,0.34744949,0.34851079,1275526
1739914500000000,DOGEUSDT,5m,0.34851079,0.34900104,0.3481466,0.34846877,1233794
1739914800000000,DOGEUSDT,5m,0.34846877,0.34855281,0.34767036,0.34809058,2169876
1739915100000000,DOGEUSDT,5m,0.34809058,0.34838473,0.34730618,0.34838473,1924527
1739915400000000,DOGEUSDT,5m,0.34838473,0.34884774,0.34745869,0.34884774,3580492
1739915700000000,DOGEUSDT,5m,0.34884774,0.34997324,0.34789107,0.34789107,2737402
1739916000000000,DOGEUSDT,5m,0.34789107,0.34821287,0.34727546,0.34819888,1205394
1739916300000000,DOGEUSDT,5m,0.34819888,0.34831081,0.34721941,0.34783508,2106799
1739916600000000,DOGEUSDT,5m,0.34783508,0.34811491,0.34751326,0.34758322,906736
1739916900000000,DOGEUSDT,5m,0.34758322,0.34801636,0.34696845,0.34703831,878287
1739917200000000,DOGEUSDT,5m,0.34703831,0.34849141,0.34568302,0.34568302,1243092
1739917500000000,DOGEUSDT,5m,0.34568302,0.34669501,0.34566916,0.34665342,3388139
1739917800000000,DOGEUSDT,5m,0.34665342,0.34731883,0.34608504,0.34623753,1244403
1739918100000000,DOGEUSDT,5m,0.34623753,0.34641775,0.34554439,0.34573847,798433
1739918400000000,DOGEUSDT,5m,0.34573847,0.3460296,0.34540575,0.34593256,772899
1739918700000000,DOGEUSDT,5m,0.34593256,0.34593256,0.34507207,0.34546068,472565
1739919000000000,DOGEUSDT,5m,0.34546068,0.34559947,0.34540516,0.34540516,143905
1739919300000000,DOGEUSDT,5m,0.34540516,0.34589077,0.34491955,0.3455994,1139297
1739919600000000,DOGEUSDT,5m,0.3455994,0.34640416,0.3449334,0.34634866,2211697
1739919900000000,DOGEUSDT,5m,0.34634866,0.34672325,0.34598793,0.34609892,2052105
1739920200000000,DOGEUSDT,5m,0.34609892,0.34690245,0.34596039,0.34596039,1919636
1739920500000000,DOGEUSDT,5m,0.34596039,0.34661105,0.34553122,0.34553122,312587
1739920800000000,DOGEUSDT,5m,0.34553122,0.34648405,0.34479934,0.34479934,1579337
1739921100000000,DOGEUSDT,5m,0.34479934,0.34518438,0.34464808,0.34482684,780942
1739921400000000,DOGEUSDT,5m,0.34482684,0.34540442,0.34460681,0.34517064,1530362
1739921700000000,DOGEUSDT,5m,0.34517064,0.34533567,0.34429049,0.34474432,1223804
1739922000000000,DOGEUSDT,5m,0.34474432,0.34481307,0.34422175,0.34438677,689330
1739922300000000,DOGEUSDT,5m,0.34438677,0.34477182,0.34396046,0.34413924,922228
1739922600000000,DOGEUSDT,5m,0.34413924,0.34526688,0.34402922,0.34525313,648354
1739922900000000,DOGEUSDT,5m,0.34525313,0.34569319,0.34482683,0.34482683,842064
1739923200000000,DOGEUSDT,5m,0.34482683,0.34503259,0.34415465,0.34501888,1100382
1739923500000000,DOGEUSDT,5m,0.34501888,0.34595169,0.34478567,0.34478567,3076323
1739923800000000,DOGEUSDT,5m,0.34478567,0.34573089,0.34384045,0.34573089,1032267
1739924100000000,DOGEUSDT,5m,0.34573089,0.34706698,0.34458764,0.34458764,1381443
1739924400000000,DOGEUSDT,5m,0.34458764,0.34488866,0.34406769,0.34488866,1195080
1739924700000000,DOGEUSDT,5m,0.34488866,0.34517651,0.34442261,0.34517651,1426123
1739925000000000,DOGEUSDT,5m,0.34517651,0.34517651,0.34440759,0.3450392,1453047
1739925300000000,DOGEUSDT,5m,0.3450392,0.34598659,0.34502547,0.34551976,679742
1739925600000000,DOGEUSDT,5m,0.34551976,0.34556095,0.34440757,0.3445998,909234
1739925900000000,DOGEUSDT,5m,0.3445998,0.34528634,0.34425653,0.34491561,713049
1739926200000000,DOGEUSDT,5m,0.34491561,0.34542367,0.34448994,0.34448994,453623
1739926500000000,DOGEUSDT,5m,0.34448994,0.34499798,0.34358371,0.34499798,3183873
1739926800000000,DOGEUSDT,5m,0.34499798,0.34523209,0.34402022,0.3442681,1971202
1739927100000000,DOGEUSDT,5m,0.3442681,0.34466747,0.34408907,0.34440581,1076600
1739927400000000,DOGEUSDT,5m,0.34440581,0.34525963,0.34342805,0.34525963,3308116
1739927700000000,DOGEUSDT,5m,0.34525963,0.34560562,0.34447077,0.34478908,4742651
1739928000000000,DOGEUSDT,5m,0.34478908,0.3457855,0.34456765,0.34456765,701857
1739928300000000,DOGEUSDT,5m,0.34456765,0.34561808,0.34360015,0.34360015,2499539
1739928600000000,DOGEUSDT,5m,0.34360015,0.3441774,0.34309163,0.34346271,2039972
1739928900000000,DOGEUSDT,5m,0.34346271,0.34366887,0.34262436,0.34310539,1101684
1739929200000000,DOGEUSDT,5m,0.34310539,0.34425979,0.3430779,0.34425979,1260530
1739929500000000,DOGEUSDT,5m,0.34425979,0.34478204,0.34417733,0.34417733,1765676
1739929800000000,DOGEUSDT,5m,0.34417733,0.34465812,0.34355917,0.34355917,1483739
1739930100000000,DOGEUSDT,5m,0.34355917,0.34441086,0.34336685,0.34438338,2871085
1739930400000000,DOGEUSDT,5m,0.34438338,0.34541361,0.34351799,0.34351799,879423
1739930700000000,DOGEUSDT,5m,0.34351799,0.34551336,0.34153629,0.34153629,4552277
1739931000000000,DOGEUSDT,5m,0.34153629,0.34227935,0.34060409,0.34106344,1874485
1739931300000000,DOGEUSDT,5m,0.34106344,0.34187401,0.34006372,0.34187401,994466
1739931600000000,DOGEUSDT,5m,0.34187401,0.34301418,0.34187401,0.34286487,1244049
1739931900000000,DOGEUSDT,5m,0.34286487,0.3430549,0.34213191,0.34234908,1249736
1739932200000000,DOGEUSDT,5m,0.34234908,0.34298703,0.3419826,0.34229479,622551
1739932500000000,DOGEUSDT,5m,0.34229479,0.34234906,0.34188771,0.3421998,1207703
1739932800000000,DOGEUSDT,5m,0.3421998,0.3427833,0.34176557,0.34176557,519793
1739933100000000,DOGEUSDT,5m,0.34176557,0.34249651,0.34140011,0.34248297,811265
1739933400000000,DOGEUSDT,5m,0.34248297,0.34313269,0.34218518,0.34242883,2872544
1739933700000000,DOGEUSDT,5m,0.34242883,0.3427536,0.34204993,0.34234764,880505
1739934000000000,DOGEUSDT,5m,0.34234764,0.34244236,0.34129218,0.34140043,989511
1739934300000000,DOGEUSDT,5m,0.34140043,0.34206347,0.34057501,0.34206347,590694
1739934600000000,DOGEUSDT,5m,0.34206347,0.34240308,0.3416967,0.34215856,714117
1739934900000000,DOGEUSDT,5m,0.34215856,0.34263426,0.34168287,0.34263426,757762
1739935200000000,DOGEUSDT,5m,0.34263426,0.34361555,0.34177563,0.34177563,1067391
1739935500000000,DOGEUSDT,5m,0.34177563,0.34272493,0.34117892,0.34117892,1316427
1739935800000000,DOGEUSDT,5m,0.34117892,0.34131407,0.34040858,0.34108432,912740
1739936100000000,DOGEUSDT,5m,0.34108432,0.34143551,0.34059806,0.34143551,682230
1739936400000000,DOGEUSDT,5m,0.34143551,0.34220704,0.34121894,0.34150318,1044593
1739936700000000,DOGEUSDT,5m,0.34150318,0.34268074,0.34150318,0.34226115,1114247
1739937000000000,DOGEUSDT,5m,0.34226115,0.342789,0.34220701,0.34227468,3639534
1739937300000000,DOGEUSDT,5m,0.34227468,0.34261306,0.3418957,0.34230175,475076
1739937600000000,DOGEUSDT,5m,0.34230175,0.34258605,0.34162487,0.34185501,1682644
1739937900000000,DOGEUSDT,5m,0.34185501,0.34209869,0.34136765,0.34138119,790229
1739938200000000,DOGEUSDT,5m,0.34138119,0.34167902,0.34073138,0.34138119,1640247
1739938500000000,DOGEUSDT,5m,0.34138119,0.34154363,0.34065018,0.34069079,1075945
1739938800000000,DOGEUSDT,5m,0.34069079,0.34096152,0.34005457,0.34081262,2002113
1739939100000000,DOGEUSDT,5m,0.34081262,0.34135447,0.34012176,0.34135447,1006709
1739939400000000,DOGEUSDT,5m,0.34135447,0.34155831,0.34062067,0.34135447,3706445
1739939700000000,DOGEUSDT,5m,0.34135447,0.34221058,0.34029454,0.34221058,1838465
1739940000000000,DOGEUSDT,5m,0.34221058,0.34240179,0.34150037,0.34178718,1898314
1739940300000000,DOGEUSDT,5m,0.34178718,0.34240176,0.34147307,0.34240176,806461
1739940600000000,DOGEUSDT,5m,0.34240176,0.34275685,0.34193741,0.34275685,898166
1739940900000000,DOGEUSDT,5m,0.34275685,0.34278422,0.34137466,0.34141571,1024582
1739941200000000,DOGEUSDT,5m,0.34141571,0.34222317,0.34110094,0.34173048,1711485
1739941500000000,DOGEUSDT,5m,0.34173048,0.34257899,0.34160731,0.34249688,2271959
1739941800000000,DOGEUSDT,5m,0.34249688,0.34337272,0.34244214,0.34312639,1022254
1739942100000000,DOGEUSDT,5m,0.34312639,0.34331799,0.34263371,0.34268845,848091
1739942400000000,DOGEUSDT,5m,0.34268845,0.34359167,0.34171681,0.34359167,847682
1739942700000000,DOGEUSDT,5m,0.34359167,0.34440332,0.34290382,0.34290382,1798929
1739943000000000,DOGEUSDT,5m,0.34290382,0.34352044,0.34254756,0.34254756,1110591
1739943300000000,DOGEUSDT,5m,0.34254756,0.3436825,0.34254756,0.34329963,865366
1739943600000000,DOGEUSDT,5m,0.34329963,0.34375087,0.34314922,0.34317657,719829
1739943900000000,DOGEUSDT,5m,0.34317657,0.34364117,0.34280762,0.34354551,958437
1739944200000000,DOGEUSDT,5m,0.34354551,0.34394178,0.34297162,0.34394178,1497677
1739944500000000,DOGEUSDT,5m,0.34394178,0.34427047,0.34365416,0.3438596,609329
1739944800000000,DOGEUSDT,5m,0.3438596,0.34432502,0.34344894,0.34414706,842361
1739945100000000,DOGEUSDT,5m,0.34414706,0.34495608,0.34342032,0.34342032,3468745
1739945400000000,DOGEUSDT,5m,0.34342032,0.34396652,0.34335205,0.34369342,1323167
1739945700000000,DOGEUSDT,5m,0.34369342,0.34369342,0.34295608,0.34299705,491365
1739946000000000,DOGEUSDT,5m,0.34299705,0.34351591,0.34277858,0.34302436,448580
1739946300000000,DOGEUSDT,5m,0.34302436,0.34348862,0.34292877,0.34335207,1407555
1739946600000000,DOGEUSDT,5m,0.34335207,0.34350227,0.34294244,0.3429561,649151
1739946900000000,DOGEUSDT,5m,0.3429561,0.34327013,0.34258744,0.34305167,1030905
1739947200000000,DOGEUSDT,5m,0.34305167,0.34331111,0.34261473,0.34329745,1303142
1739947500000000,DOGEUSDT,5m,0.34329745,0.34500669,0.34329745,0.34497934,1545401
1739947800000000,DOGEUSDT,5m,0.34497934,0.34599121,0.34476056,0.34476056,2248382
1739948100000000,DOGEUSDT,5m,0.34476056,0.34499272,0.3445284,0.3449381,736690
1739948400000000,DOGEUSDT,5m,0.3449381,0.34642826,0.34348895,0.34348895,2786141
1739948700000000,DOGEUSDT,5m,0.34348895,0.34441078,0.34282469,0.34282469,6290790
1739949000000000,DOGEUSDT,5m,0.34282469,0.34341887,0.34223052,0.34341887,1343198
1739949300000000,DOGEUSDT,5m,0.34341887,0.34398802,0.34284971,0.34398802,3421400
1739949600000000,DOGEUSDT,5m,0.34398802,0.34427355,0.34379767,0.34393364,1172066
1739949900000000,DOGEUSDT,5m,0.34393364,0.34450468,0.34341698,0.34341698,1069434
1739950200000000,DOGEUSDT,5m,0.34341698,0.34343053,0.34259005,0.34264428,873473
1739950500000000,DOGEUSDT,5m,0.34264428,0.34280694,0.34214272,0.34280694,1366062
1739950800000000,DOGEUSDT,5m,0.34280694,0.34334915,0.34275272,0.34334915,898211
1739951100000000,DOGEUSDT,5m,0.34334915,0.34440644,0.34229185,0.34229185,1652798
1739951400000000,DOGEUSDT,5m,0.34229185,0.34303277,0.3416587,0.3416587,2823276
1739951700000000,DOGEUSDT,5m,0.3416587,0.34187348,0.34085328,0.34085328,2231547
1739952000000000,DOGEUSDT,5m,0.34085328,0.34128286,0.34046398,0.34090698,1287222
1739952300000000,DOGEUSDT,5m,0.34090698,0.34181986,0.34018205,0.34018205,1359522
1739952600000000,DOGEUSDT,5m,0.34018205,0.34020878,0.33881854,0.33893885,883050
1739952900000000,DOGEUSDT,5m,0.33893885,0.33978101,0.33888538,0.33915273,1156019
1739953200000000,DOGEUSDT,5m,0.33915273,0.33925967,0.33840414,0.33908589,1074760
1739953500000000,DOGEUSDT,5m,0.33908589,0.33951347,0.33868503,0.33936649,2229736
1739953800000000,DOGEUSDT,5m,0.33936649,0.34012938,0.33924604,0.33924604,2529394
1739954100000000,DOGEUSDT,5m,0.33924604,0.3393665,0.33899173,0.33912557,1308196
1739954400000000,DOGEUSDT,5m,0.33912557,0.33923258,0.3387912,0.33901857,1082115
1739954700000000,DOGEUSDT,5m,0.33901857,0.33901857,0.33780149,0.33806898,1390713
1739955000000000,DOGEUSDT,5m,0.33806898,0.33851031,0.33752067,0.33851031,1100693
1739955300000000,DOGEUSDT,5m,0.33851031,0.33871143,0.33805442,0.33805442,1940354
1739955600000000,DOGEUSDT,5m,0.33805442,0.33876504,0.33771922,0.33771922,1949877
1739955900000000,DOGEUSDT,5m,0.33771922,0.33818759,0.33731776,0.33755864,2014466
1739956200000000,DOGEUSDT,5m,0.33755864,0.33787948,0.33717094,0.33787948,1708059
1739956500000000,DOGEUSDT,5m,0.33787948,0.33828056,0.33750515,0.33806665,1014074
1739956800000000,DOGEUSDT,5m,0.33806665,0.33826742,0.33738404,0.33778558,723824
1739957100000000,DOGEUSDT,5m,0.33778558,0.33850831,0.33735729,0.33735729,1117151
1739957400000000,DOGEUSDT,5m,0.33735729,0.33754418,0.3368767,0.33731724,1048695
1739957700000000,DOGEUSDT,5m,0.33731724,0.33755752,0.33713035,0.33723715,436372
1739958000000000,DOGEUSDT,5m,0.33723715,0.33802437,0.33648995,0.33648995,2666086
1739958300000000,DOGEUSDT,5m,0.33648995,0.3365298,0.33570625,0.33579923,859352
1739958600000000,DOGEUSDT,5m,0.33579923,0.3371674,0.33473657,0.33473657,1378770
1739958900000000,DOGEUSDT,5m,0.33473657,0.33513255,0.33427459,0.33457818,1285183
1739959200000000,DOGEUSDT,5m,0.33457818,0.33600366,0.33452538,0.33597726,2024815
1739959500000000,DOGEUSDT,5m,0.33597726,0.33661081,0.33513253,0.33661081,3180938
1739959800000000,DOGEUSDT,5m,0.33661081,0.33763092,0.33647832,0.33731296,1511130
1739960100000000,DOGEUSDT,5m,0.33731296,0.3374322,0.33673002,0.33732621,1389068
1739960400000000,DOGEUSDT,5m,0.33732621,0.33764422,0.33630594,0.33630594,1941725
1739960700000000,DOGEUSDT,5m,0.33630594,0.33678293,0.33617344,0.33641193,2473811
1739961000000000,DOGEUSDT,5m,0.33641193,0.33659755,0.33545735,0.33590813,3403220
1739961300000000,DOGEUSDT,5m,0.33590813,0.33601419,0.33523193,0.33570925,2152224
1739961600000000,DOGEUSDT,5m,0.33570925,0.33627937,0.33570925,0.33588161,1263100
1739961900000000,DOGEUSDT,5m,0.33588161,0.33637216,0.33543083,0.33543083,1236751
1739962200000000,DOGEUSDT,5m,0.33543083,0.33627704,0.33540439,0.33581427,1231513
1739962500000000,DOGEUSDT,5m,0.33581427,0.33593327,0.33562916,0.33582749,1008908
1739962800000000,DOGEUSDT,5m,0.33582749,0.33630351,0.33552337,0.33597294,976028
1739963100000000,DOGEUSDT,5m,0.33597294,0.33630351,0.33568205,0.33568205,453946
1739963400000000,DOGEUSDT,5m,0.33568205,0.33603842,0.33555005,0.33555005,1049011
1739963700000000,DOGEUSDT,5m,0.33555005,0.33601166,0.3352599,0.33584021,974891
1739964000000000,DOGEUSDT,5m,0.33584021,0.33638188,0.33581378,0.33606481,1008466
1739964300000000,DOGEUSDT,5m,0.33606481,0.33615728,0.33580058,0.33615728,393891
1739964600000000,DOGEUSDT,5m,0.33615728,0.3363159,0.33558889,0.33574751,1479612
1739964900000000,DOGEUSDT,5m,0.33574751,0.33613085,0.33562855,0.33572108,772338
1739965200000000,DOGEUSDT,5m,0.33572108,0.33578716,0.33533779,0.33578716,1306350
1739965500000000,DOGEUSDT,5m,0.33578716,0.33684492,0.3351525,0.3351525,1527972
1739965800000000,DOGEUSDT,5m,0.3351525,0.336338,0.33507347,0.33617993,2317575
1739966100000000,DOGEUSDT,5m,0.33617993,0.3364829,0.3357584,0.33624579,2465123
1739966400000000,DOGEUSDT,5m,0.33624579,0.33670704,0.33615355,0.33615355,6949076
1739966700000000,DOGEUSDT,5m,0.33615355,0.33619306,0.33515254,0.33596915,2863523
1739967000000000,DOGEUSDT,5m,0.33596915,0.33602183,0.33511306,0.33511306,1367477
1739967300000000,DOGEUSDT,5m,0.33511306,0.33533695,0.3346126,0.3351394,1685435
1739967600000000,DOGEUSDT,5m,0.3351394,0.33583752,0.33455982,0.33455982,672536
1739967900000000,DOGEUSDT,5m,0.33455982,0.33529492,0.33402163,0.33402163,1170673
1739968200000000,DOGEUSDT,5m,0.33402163,0.33471514,0.33319727,0.33471514,2187931
1739968500000000,DOGEUSDT,5m,0.33471514,0.33505675,0.33462316,0.33464944,897621
1739968800000000,DOGEUSDT,5m,0.33464944,0.33489898,0.33455751,0.33455751,564224
1739969100000000,DOGEUSDT,5m,0.33455751,0.33458377,0.33391395,0.33400589,1085097
1739969400000000,DOGEUSDT,5m,0.33400589,0.33420289,0.33308652,0.33320472,4636062
1739969700000000,DOGEUSDT,5m,0.33320472,0.33344114,0.33237726,0.33253487,13724016
1739970000000000,DOGEUSDT,5m,0.33253487,0.33333604,0.33253487,0.3333229,907409
1739970300000000,DOGEUSDT,5m,0.3333229,0.33371688,0.33319157,0.3334017,5230227
1739970600000000,DOGEUSDT,5m,0.3334017,0.33387468,0.33275791,0.33387468,9990496
1739970900000000,DOGEUSDT,5m,0.33387468,0.3346257,0.33320272,0.33320272,6204591
1739971200000000,DOGEUSDT,5m,0.33320272,0.33346517,0.33295338,0.33295338,722410
1739971500000000,DOGEUSDT,5m,0.33295338,0.33337269,0.33238994,0.33337269,791959
1739971800000000,DOGEUSDT,5m,0.33337269,0.33379305,0.33307055,0.33307055,2234339
1739972100000000,DOGEUSDT,5m,0.33307055,0.33435558,0.33245426,0.33245426,1175763
1739972400000000,DOGEUSDT,5m,0.33245426,0.33276779,0.33185334,0.33276779,482282
1739972700000000,DOGEUSDT,5m,0.33276779,0.33322586,0.33249295,0.33249295,1529159
1739973000000000,DOGEUSDT,5m,0.33249295,0.33297641,0.33164362,0.33297641,651988
1739973300000000,DOGEUSDT,5m,0.33297641,0.33333024,0.33263569,0.33263569,933122
1739973600000000,DOGEUSDT,5m,0.33263569,0.33402189,0.33122334,0.33402189,2420511
1739973900000000,DOGEUSDT,5m,0.33402189,0.33454936,0.33402189,0.33408783,977244
1739974200000000,DOGEUSDT,5m,0.33408783,0.33468123,0.33394277,0.33394277,674041
1739974500000000,DOGEUSDT,5m,0.33394277,0.33446976,0.33287561,0.33446976,2541506
1739974800000000,DOGEUSDT,5m,0.33446976,0.33524954,0.33379572,0.33379572,953618
1739975100000000,DOGEUSDT,5m,0.33379572,0.33432226,0.33330868,0.33330868,1819722
1739975400000000,DOGEUSDT,5m,0.33330868,0.33454243,0.33215368,0.33215368,2296262
1739975700000000,DOGEUSDT,5m,0.33215368,0.3325838,0.33070693,0.33071996,2402478
1739976000000000,DOGEUSDT,5m,0.33071996,0.33324862,0.32753959,0.33324862,5093135
1739976300000000,DOGEUSDT,5m,0.33324862,0.3346515,0.33324862,0.33367213,2692142
1739976600000000,DOGEUSDT,5m,0.33367213,0.33425448,0.33363243,0.33402948,1822827
1739976900000000,DOGEUSDT,5m,0.33402948,0.33609409,0.33160754,0.33609409,2691679
1739977200000000,DOGEUSDT,5m,0.33609409,0.33648267,0.33508914,0.33600029,4567235
1739977500000000,DOGEUSDT,5m,0.33600029,0.33687076,0.33476825,0.33563871,4563712
1739977800000000,DOGEUSDT,5m,0.33563871,0.33630828,0.33549141,0.33593332,2349352
1739978100000000,DOGEUSDT,5m,0.33593332,0.33758051,0.33471467,0.33471467,2690047
1739978400000000,DOGEUSDT,5m,0.33471467,0.33584474,0.33450195,0.33456842,2654380
1739978700000000,DOGEUSDT,5m,0.33456842,0.33486066,0.33403709,0.33447544,682551
1739979000000000,DOGEUSDT,5m,0.33447544,0.33677219,0.33446216,0.3365996,5641062
1739979300000000,DOGEUSDT,5m,0.3365996,0.33682529,0.33590925,0.33682529,4823714
1739979600000000,DOGEUSDT,5m,0.33682529,0.33713104,0.33622709,0.33713104,1935014
1739979900000000,DOGEUSDT,5m,0.33713104,0.33735743,0.33654507,0.33690464,1670481
1739980200000000,DOGEUSDT,5m,0.33690464,0.3373308,0.33646516,0.33646516,971872
1739980500000000,DOGEUSDT,5m,0.33646516,0.33646516,0.3354264,0.33609228,815519
1739980800000000,DOGEUSDT,5m,0.33609228,0.33749066,0.33586587,0.33726426,9519368
1739981100000000,DOGEUSDT,5m,0.33726426,0.33874255,0.33703785,0.33874255,6511707
1739981400000000,DOGEUSDT,5m,0.33874255,0.33888905,0.33814324,0.33886241,4204097
1739981700000000,DOGEUSDT,5m,0.33886241,0.33986197,0.33831599,0.33940884,16906020
1739982000000000,DOGEUSDT,5m,0.33940884,0.33974202,0.33815606,0.33974202,2313347
1739982300000000,DOGEUSDT,5m,0.33974202,0.34022275,0.33942154,0.33988891,763922
1739982600000000,DOGEUSDT,5m,0.33988891,0.34010275,0.33926075,0.33990228,1664937
1739982900000000,DOGEUSDT,5m,0.33990228,0.34085116,0.33855245,0.34085116,1522335
1739983200000000,DOGEUSDT,5m,0.34085116,0.34136188,0.34035388,0.34042108,784749
1739983500000000,DOGEUSDT,5m,0.34042108,0.34074284,0.34000548,0.34034064,915062
1739983800000000,DOGEUSDT,5m,0.34034064,0.34064899,0.33956309,0.34050152,695016
1739984100000000,DOGEUSDT,5m,0.34050152,0.34097118,0.34011237,0.34011237,504605
1739984400000000,DOGEUSDT,5m,0.34011237,0.34122359,0.34011237,0.34111648,1123015
1739984700000000,DOGEUSDT,5m,0.34111648,0.3412236,0.34003196,0.34016585,1831376
1739985000000000,DOGEUSDT,5m,0.34016585,0.34070148,0.33945614,0.34070148,1399339
1739985300000000,DOGEUSDT,5m,0.34070148,0.34122535,0.34070148,0.34103729,389218
1739985600000000,DOGEUSDT,5m,0.34103729,0.34187008,0.3399896,0.34187008,846539
1739985900000000,DOGEUSDT,5m,0.34187008,0.34240998,0.34085775,0.34240998,3043700
1739986200000000,DOGEUSDT,5m,0.34240998,0.34280266,0.34166526,0.34268079,607387
1739986500000000,DOGEUSDT,5m,0.34268079,0.34348091,0.34259942,0.34278928,1252896
1739986800000000,DOGEUSDT,5m,0.34278928,0.34386058,0.34254519,0.34367073,681723
1739987100000000,DOGEUSDT,5m,0.34367073,0.34425387,0.34319609,0.34387415,1320982
1739987400000000,DOGEUSDT,5m,0.34387415,0.34451151,0.34383347,0.34414537,1242895
1739987700000000,DOGEUSDT,5m,0.34414537,0.3447556,0.34352157,0.3447556,967732
1739988000000000,DOGEUSDT,5m,0.3447556,0.34481004,0.34415681,0.34448342,766870
1739988300000000,DOGEUSDT,5m,0.34448342,0.34448342,0.34355805,0.34362609,1199285
1739988600000000,DOGEUSDT,5m,0.34362609,0.34444263,0.34242851,0.34444263,2338679
1739988900000000,DOGEUSDT,5m,0.34444263,0.34535881,0.34354013,0.34354013,899580
1739989200000000,DOGEUSDT,5m,0.34354013,0.34364894,0.34287361,0.34354013,1175137
1739989500000000,DOGEUSDT,5m,0.34354013,0.34392098,0.34309127,0.3433633,486620
1739989800000000,DOGEUSDT,5m,0.3433633,0.34374417,0.34280561,0.34287362,2038036
1739990100000000,DOGEUSDT,5m,0.34287362,0.34362175,0.34287362,0.34349933,453117
1739990400000000,DOGEUSDT,5m,0.34349933,0.34404344,0.34281918,0.34404344,1110515
1739990700000000,DOGEUSDT,5m,0.34404344,0.34430272,0.34357946,0.34427543,6035701
1739991000000000,DOGEUSDT,5m,0.34427543,0.34427543,0.34344183,0.34383813,458458
1739991300000000,DOGEUSDT,5m,0.34383813,0.34397478,0.34335986,0.34345552,604392
1739991600000000,DOGEUSDT,5m,0.34345552,0.34383813,0.34259462,0.34371515,1558338
1739991900000000,DOGEUSDT,5m,0.34371515,0.34411205,0.34352354,0.34353723,603772
1739992200000000,DOGEUSDT,5m,0.34353723,0.34534388,0.34173058,0.34173058,2829177
1739992500000000,DOGEUSDT,5m,0.34173058,0.34227232,0.34066064,0.34227232,1151402
1739992800000000,DOGEUSDT,5m,0.34227232,0.34373973,0.34224515,0.34329135,3517708
1739993100000000,DOGEUSDT,5m,0.34329135,0.34399785,0.34244899,0.34399785,2289483
1739993400000000,DOGEUSDT,5m,0.34399785,0.34399785,0.3433157,0.34352034,389181
1739993700000000,DOGEUSDT,5m,0.34352034,0.34388869,0.34319292,0.34334299,1006611
1739994000000000,DOGEUSDT,5m,0.34334299,0.34375186,0.3427842,0.34285234,1392607
1739994300000000,DOGEUSDT,5m,0.34285234,0.34301588,0.34236174,0.34300225,989783
1739994600000000,DOGEUSDT,5m,0.34300225,0.34352055,0.34248396,0.34248396,2282410
1739994900000000,DOGEUSDT,5m,0.34248396,0.34257914,0.34210321,0.34253835,805774
1739995200000000,DOGEUSDT,5m,0.34253835,0.34278313,0.34189921,0.34278313,1905044
1739995500000000,DOGEUSDT,5m,0.34278313,0.34368064,0.34222558,0.34222558,604307
1739995800000000,DOGEUSDT,5m,0.34222558,0.34283553,0.34222558,0.34282198,742906
1739996100000000,DOGEUSDT,5m,0.34282198,0.3429982,0.34241533,0.34294398,647814
1739996400000000,DOGEUSDT,5m,0.34294398,0.34337776,0.34241531,0.34314731,2810479
1739996700000000,DOGEUSDT,5m,0.34314731,0.34408372,0.34218376,0.34408372,869453
1739997000000000,DOGEUSDT,5m,0.34408372,0.34550279,0.34408372,0.34531176,2889674
1739997300000000,DOGEUSDT,5m,0.34531176,0.34554373,0.34437026,0.34457494,906910
1739997600000000,DOGEUSDT,5m,0.34457494,0.34484783,0.34427476,0.3446568,791701
1739997900000000,DOGEUSDT,5m,0.3446568,0.34467045,0.34415196,0.34438392,2112758
1739998200000000,DOGEUSDT,5m,0.34438392,0.34492967,0.3438791,0.34469773,1024324
1739998500000000,DOGEUSDT,5m,0.34469773,0.34590057,0.34287979,0.34590057,18114922
1739998800000000,DOGEUSDT,5m,0.34590057,0.34636858,0.34547386,0.34603822,1822734
1739999100000000,DOGEUSDT,5m,0.34603822,0.34683723,0.34529432,0.34529432,1112121
1739999400000000,DOGEUSDT,5m,0.34529432,0.34589786,0.34508857,0.34585671,3321926
1739999700000000,DOGEUSDT,5m,0.34585671,0.34651515,0.34576069,0.34576069,505165
1740000000000000,DOGEUSDT,5m,0.34576069,0.34669292,0.34573327,0.34654212,757937
1740000300000000,DOGEUSDT,5m,0.34654212,0.34672034,0.34621309,0.34672034,413780
1740000600000000,DOGEUSDT,5m,0.34672034,0.34717321,0.34643215,0.34703597,2299319
1740000900000000,DOGEUSDT,5m,0.34703597,0.34720066,0.34680267,0.34715949,418536
1740001200000000,DOGEUSDT,5m,0.34715949,0.34792857,0.34699468,0.34699468,929650
1740001500000000,DOGEUSDT,5m,0.34699468,0.34699468,0.34629493,0.34630865,604966
1740001800000000,DOGEUSDT,5m,0.34630865,0.34633609,0.34512868,0.345211,1191496
1740002100000000,DOGEUSDT,5m,0.345211,0.34566378,0.34433288,0.3450738,1380066
1740002400000000,DOGEUSDT,5m,0.3450738,0.34575928,0.34452541,0.34452541,656323
1740002700000000,DOGEUSDT,5m,0.34452541,0.34452541,0.34400609,0.34410175,545291
1740003000000000,DOGEUSDT,5m,0.34410175,0.34497639,0.34391043,0.34438875,1663035
1740003300000000,DOGEUSDT,5m,0.34438875,0.34438875,0.3432134,0.34384207,942620
1740003600000000,DOGEUSDT,5m,0.34384207,0.34485346,0.34381474,0.34462111,937592
1740003900000000,DOGEUSDT,5m,0.34462111,0.34493546,0.34382841,0.34417009,1271299
1740004200000000,DOGEUSDT,5m,0.34417009,0.3444161,0.34371907,0.34425209,374882
1740004500000000,DOGEUSDT,5m,0.34425209,0.34445719,0.34407434,0.34427944,422020
1740004800000000,DOGEUSDT,5m,0.34427944,0.34475801,0.34393761,0.34393761,1255834
1740005100000000,DOGEUSDT,5m,0.34393761,0.34466085,0.34322801,0.34322801,823255
1740005400000000,DOGEUSDT,5m,0.34322801,0.34625857,0.34322801,0.34495393,16841770
1740005700000000,DOGEUSDT,5m,0.34495393,0.3452665,0.34430162,0.34484521,2332568
1740006000000000,DOGEUSDT,5m,0.34484521,0.34651671,0.34484521,0.34595955,5954759
1740006300000000,DOGEUSDT,5m,0.34595955,0.34619057,0.34544315,0.34564699,1780524
1740006600000000,DOGEUSDT,5m,0.34564699,0.34606826,0.34508982,0.34606826,1240470
1740006900000000,DOGEUSDT,5m,0.34606826,0.34692649,0.34595928,0.34662679,1490501
1740007200000000,DOGEUSDT,5m,0.34662679,0.34748501,0.34632709,0.34748501,1357871
1740007500000000,DOGEUSDT,5m,0.34748501,0.34796182,0.34684472,0.34796182,1181399
1740007800000000,DOGEUSDT,5m,0.34796182,0.34842628,0.34781155,0.34783888,1061151
1740008100000000,DOGEUSDT,5m,0.34783888,0.34797548,0.34725149,0.34760666,1650538
1740008400000000,DOGEUSDT,5m,0.34760666,0.34815306,0.34733345,0.34811208,810720
1740008700000000,DOGEUSDT,5m,0.34811208,0.34819404,0.34727881,0.3476613,1029037
1740009000000000,DOGEUSDT,5m,0.3476613,0.34792084,0.34730613,0.34748372,1165559
1740009300000000,DOGEUSDT,5m,0.34748372,0.3481524,0.34726537,0.34771571,1972649
1740009600000000,DOGEUSDT,5m,0.34771571,0.34845262,0.34731996,0.34831616,2118299
1740009900000000,DOGEUSDT,5m,0.34831616,0.34879379,0.34789311,0.34811146,1831161
1740010200000000,DOGEUSDT,5m,0.34811146,0.34864305,0.34733452,0.34864305,1849865
1740010500000000,DOGEUSDT,5m,0.34864305,0.34893017,0.34791842,0.34883446,1208854
1740010800000000,DOGEUSDT,5m,0.34883446,0.34905346,0.34816379,0.34899871,312649
1740011100000000,DOGEUSDT,5m,0.34899871,0.34924531,0.34865622,0.34884802,915559
1740011400000000,DOGEUSDT,5m,0.34884802,0.34895762,0.34816301,0.34854661,1068387
1740011700000000,DOGEUSDT,5m,0.34854661,0.3491083,0.34809452,0.34812192,996780
1740012000000000,DOGEUSDT,5m,0.34812192,0.34876426,0.34805359,0.34876426,604875
1740012300000000,DOGEUSDT,5m,0.34876426,0.35028122,0.34840894,0.34974824,1760356
1740012600000000,DOGEUSDT,5m,0.34974824,0.3516206,0.34970724,0.35022658,9437359
1740012900000000,DOGEUSDT,5m,0.35022658,0.35138821,0.34983025,0.34983025,1755964
1740013200000000,DOGEUSDT,5m,0.34983025,0.35056657,0.34913485,0.35030749,2390790
1740013500000000,DOGEUSDT,5m,0.35030749,0.35038953,0.34935037,0.34945976,2338292
1740013800000000,DOGEUSDT,5m,0.34945976,0.35004768,0.3487351,0.35004768,2272723
1740014100000000,DOGEUSDT,5m,0.35004768,0.35092568,0.34981446,0.34981446,961573
1740014400000000,DOGEUSDT,5m,0.34981446,0.35075976,0.34885547,0.35075976,1591719
1740014700000000,DOGEUSDT,5m,0.35075976,0.35146221,0.35060825,0.35109033,1499665
1740015000000000,DOGEUSDT,5m,0.35109033,0.35129693,0.3503741,0.35129693,1504791
1740015300000000,DOGEUSDT,5m,0.35129693,0.35161411,0.35064878,0.35161411,1110639
1740015600000000,DOGEUSDT,5m,0.35161411,0.35220712,0.35069012,0.35220712,811047
1740015900000000,DOGEUSDT,5m,0.35220712,0.35241469,0.35170895,0.35172279,1196155
1740016200000000,DOGEUSDT,5m,0.35172279,0.3523455,0.35110007,0.35110007,719410
1740016500000000,DOGEUSDT,5m,0.35110007,0.35161025,0.35060368,0.35060368,583865
1740016800000000,DOGEUSDT,5m,0.35060368,0.3510574,0.35023245,0.35023245,789654
1740017100000000,DOGEUSDT,5m,0.35023245,0.35080872,0.34982084,0.34982084,1724134
1740017400000000,DOGEUSDT,5m,0.34982084,0.35035468,0.34973871,0.35008092,2517085
1740017700000000,DOGEUSDT,5m,0.35008092,0.35031362,0.34942387,0.35005354,1702835
1740018000000000,DOGEUSDT,5m,0.35005354,0.35036832,0.34977981,0.35001248,1210178
1740018300000000,DOGEUSDT,5m,0.35001248,0.35016304,0.34943763,0.34962925,1166195
1740018600000000,DOGEUSDT,5m,0.34962925,0.34967031,0.34841112,0.34865749,1384965
1740018900000000,DOGEUSDT,5m,0.34865749,0.34867117,0.34791843,0.34846588,2249897
1740019200000000,DOGEUSDT,5m,0.34846588,0.34905437,0.34843851,0.34861642,1259824
1740019500000000,DOGEUSDT,5m,0.34861642,0.35012191,0.34860274,0.35002611,4341804
1740019800000000,DOGEUSDT,5m,0.35002611,0.3509705,0.34976606,0.35075151,2292107
1740020100000000,DOGEUSDT,5m,0.35075151,0.35123056,0.35028614,0.3509705,5637190
1740020400000000,DOGEUSDT,5m,0.3509705,0.35191615,0.3509705,0.35162834,1430679
1740020700000000,DOGEUSDT,5m,0.35162834,0.35205321,0.35121718,0.3520121,3450345
1740021000000000,DOGEUSDT,5m,0.3520121,0.35203957,0.3513528,0.35147641,1708354
1740021300000000,DOGEUSDT,5m,0.35147641,0.35245167,0.35041874,0.35245167,5215877
1740021600000000,DOGEUSDT,5m,0.35245167,0.35268646,0.35192684,0.35257597,5168799
1740021900000000,DOGEUSDT,5m,0.35257597,0.35290744,0.35246548,0.35263122,1080503
1740022200000000,DOGEUSDT,5m,0.35263122,0.35357035,0.35195449,0.35195449,1089362
1740022500000000,DOGEUSDT,5m,0.35195449,0.35224342,0.35172059,0.351982,1861970
1740022800000000,DOGEUSDT,5m,0.351982,0.35206456,0.35177562,0.35195449,1003116
1740023100000000,DOGEUSDT,5m,0.35195449,0.35246359,0.35183065,0.35242231,1743434
1740023400000000,DOGEUSDT,5m,0.35242231,0.35264247,0.35221591,0.35221591,1346735
1740023700000000,DOGEUSDT,5m,0.35221591,0.35288934,0.35148751,0.35288934,616714
1740024000000000,DOGEUSDT,5m,0.35288934,0.35322044,0.35246166,0.35294452,1290878
1740024300000000,DOGEUSDT,5m,0.35294452,0.35313773,0.35259951,0.35313773,1925967
1740024600000000,DOGEUSDT,5m,0.35313773,0.35402192,0.35309628,0.35386995,1591566
1740024900000000,DOGEUSDT,5m,0.35386995,0.35446401,0.35344167,0.35344167,1393996
1740025200000000,DOGEUSDT,5m,0.35344167,0.35435132,0.35291793,0.35291793,3595984
1740025500000000,DOGEUSDT,5m,0.35291793,0.3531378,0.35265682,0.3531378,2212905
1740025800000000,DOGEUSDT,5m,0.3531378,0.35368821,0.35243604,0.35368821,2808011
1740026100000000,DOGEUSDT,5m,0.35368821,0.35400569,0.35334312,0.35345355,1964046
1740026400000000,DOGEUSDT,5m,0.35345355,0.35346733,0.35269533,0.35288833,1766667
1740026700000000,DOGEUSDT,5m,0.35288833,0.35337085,0.35214387,0.35337085,1464124
1740027000000000,DOGEUSDT,5m,0.35337085,0.35378559,0.35285934,0.35378559,1944592
1740027300000000,DOGEUSDT,5m,0.35378559,0.35421514,0.35378559,0.35403501,1702897
1740027600000000,DOGEUSDT,5m,0.35403501,0.35485254,0.35367474,0.35482483,1797283
1740027900000000,DOGEUSDT,5m,0.35482483,0.35524053,0.35442299,0.35442299,827196
1740028200000000,DOGEUSDT,5m,0.35442299,0.35460272,0.35414648,0.35425708,1869090
1740028500000000,DOGEUSDT,5m,0.35425708,0.35537697,0.3540497,0.3551281,2042950
1740028800000000,DOGEUSDT,5m,0.3551281,0.35528019,0.35446447,0.35498985,1936645
1740029100000000,DOGEUSDT,5m,0.35498985,0.355294,0.35409121,0.35420181,2542156
1740029400000000,DOGEUSDT,5m,0.35420181,0.35449213,0.3534691,0.35446448,3358914
1740029700000000,DOGEUSDT,5m,0.35446448,0.35474096,0.35429859,0.35431241,431022
1740030000000000,DOGEUSDT,5m,0.35431241,0.35443672,0.35407761,0.3542986,735438
1740030300000000,DOGEUSDT,5m,0.3542986,0.35439528,0.35366326,0.35375994,324604
1740030600000000,DOGEUSDT,5m,0.35375994,0.35380138,0.35331795,0.35333176,895472
1740030900000000,DOGEUSDT,5m,0.35333176,0.35348369,0.35316602,0.35320746,672650
1740031200000000,DOGEUSDT,5m,0.35320746,0.3534837,0.35262734,0.35323508,1827970
1740031500000000,DOGEUSDT,5m,0.35323508,0.35323508,0.35193668,0.35226818,5657643
1740031800000000,DOGEUSDT,5m,0.35226818,0.35246156,0.35186763,0.35200575,2344595
1740032100000000,DOGEUSDT,5m,0.35200575,0.35240631,0.35192288,0.352061,697749
1740032400000000,DOGEUSDT,5m,0.352061,0.35268253,0.35157759,0.35157759,957130
1740032700000000,DOGEUSDT,5m,0.35157759,0.35174286,0.35134345,0.35135723,951089
1740033000000000,DOGEUSDT,5m,0.35135723,0.35188059,0.35108177,0.35117818,1390460
1740033300000000,DOGEUSDT,5m,0.35117818,0.35120572,0.35053086,0.35086141,2474326
1740033600000000,DOGEUSDT,5m,0.35086141,0.35094404,0.35037936,0.35073745,2500478
1740033900000000,DOGEUSDT,5m,0.35073745,0.35091649,0.35026919,0.35091649,800306
1740034200000000,DOGEUSDT,5m,0.35091649,0.35134387,0.3508062,0.35116464,747794
1740034500000000,DOGEUSDT,5m,0.35116464,0.35128872,0.35062698,0.35095785,490814
1740034800000000,DOGEUSDT,5m,0.35095785,0.35157823,0.34997902,0.35157823,2086704
1740035100000000,DOGEUSDT,5m,0.35157823,0.35167507,0.35119086,0.35141222,2100848
1740035400000000,DOGEUSDT,5m,0.35141222,0.35157823,0.35087269,0.35157823,2741497
1740035700000000,DOGEUSDT,5m,0.35157823,0.35189671,0.35130128,0.35150899,733922
1740036000000000,DOGEUSDT,5m,0.35150899,0.35191057,0.35131512,0.35191057,841925
1740036300000000,DOGEUSDT,5m,0.35191057,0.35221521,0.35167517,0.35221521,853114
1740036600000000,DOGEUSDT,5m,0.35221521,0.35351684,0.35221521,0.35304604,7357740
1740036900000000,DOGEUSDT,5m,0.35304604,0.35337835,0.35275526,0.35292142,540609
1740037200000000,DOGEUSDT,5m,0.35292142,0.35305988,0.35275526,0.35305988,356272
1740037500000000,DOGEUSDT,5m,0.35305988,0.35319844,0.35275504,0.35299059,465726
1740037800000000,DOGEUSDT,5m,0.35299059,0.35346171,0.35299059,0.35326772,356779
1740038100000000,DOGEUSDT,5m,0.35326772,0.35371113,0.35281046,0.35371113,1172513
1740038400000000,DOGEUSDT,5m,0.35371113,0.35400284,0.35341941,0.3536,717927
1740038700000000,DOGEUSDT,5m,0.3536,0.35379448,0.35304433,0.3534194,2181668
1740039000000000,DOGEUSDT,5m,0.3534194,0.35379448,0.35319714,0.35330827,1712650
1740039300000000,DOGEUSDT,5m,0.35330827,0.35369698,0.3525725,0.35369698,1230308
1740039600000000,DOGEUSDT,5m,0.35369698,0.3538222,0.35315437,0.35380828,1192847
1740039900000000,DOGEUSDT,5m,0.35380828,0.35446217,0.35380828,0.35430913,815081
1740040200000000,DOGEUSDT,5m,0.35430913,0.35462911,0.35412828,0.35417001,1080105
1740040500000000,DOGEUSDT,5m,0.35417001,0.35417001,0.35382221,0.3539196,606054
1740040800000000,DOGEUSDT,5m,0.3539196,0.35444823,0.35318229,0.35444823,17533768
1740041100000000,DOGEUSDT,5m,0.35444823,0.35472728,0.35400175,0.35430871,4162730
1740041400000000,DOGEUSDT,5m,0.35430871,0.35529933,0.35416918,0.35514585,7299729
1740041700000000,DOGEUSDT,5m,0.35514585,0.35518771,0.35404365,0.35453197,10533568
1740042000000000,DOGEUSDT,5m,0.35453197,0.35499236,0.3517975,0.35289966,22456170
1740042300000000,DOGEUSDT,5m,0.35289966,0.35362513,0.35274619,0.35359723,22297882
1740042600000000,DOGEUSDT,5m,0.35359723,0.3540576,0.35331821,0.35356933,11062065
1740042900000000,DOGEUSDT,5m,0.35356933,0.35363907,0.35285795,0.35296954,4174116
1740043200000000,DOGEUSDT,5m,0.35296954,0.35342984,0.35269056,0.35309507,1991585
1740043500000000,DOGEUSDT,5m,0.35309507,0.353653,0.35301139,0.35301139,1515697
1740043800000000,DOGEUSDT,5m,0.35301139,0.35355508,0.35281621,0.35347143,1367420
1740044100000000,DOGEUSDT,5m,0.35347143,0.3535969,0.35285804,0.35306715,1414735
1740044400000000,DOGEUSDT,5m,0.35306715,0.35394543,0.35255134,0.35255134,1030767
1740044700000000,DOGEUSDT,5m,0.35255134,0.35264864,0.35225942,0.35230112,1103505
1740045000000000,DOGEUSDT,5m,0.35230112,0.35237063,0.35178677,0.352037,2027343
1740045300000000,DOGEUSDT,5m,0.352037,0.35217601,0.35170337,0.35217601,1126966
1740045600000000,DOGEUSDT,5m,0.35217601,0.35288551,0.3514526,0.35288551,1563122
1740045900000000,DOGEUSDT,5m,0.35288551,0.35329059,0.35248042,0.35248042,1712597
1740046200000000,DOGEUSDT,5m,0.35248042,0.35261979,0.35199265,0.35199265,1245855
1740046500000000,DOGEUSDT,5m,0.35199265,0.35316326,0.35197871,0.35306571,4517032
1740046800000000,DOGEUSDT,5m,0.35306571,0.35319114,0.35281486,0.35295422,1923468
1740047100000000,DOGEUSDT,5m,0.35295422,0.3534974,0.35289851,0.35342776,1436468
1740047400000000,DOGEUSDT,5m,0.35342776,0.35422164,0.35314921,0.35314921,1695747
1740047700000000,DOGEUSDT,5m,0.35314921,0.35371934,0.35259298,0.35259298,1705267
1740048000000000,DOGEUSDT,5m,0.35259298,0.3530227,0.35253753,0.35292567,1961444
1740048300000000,DOGEUSDT,5m,0.35292567,0.35329994,0.3524405,0.35270387,1091319
1740048600000000,DOGEUSDT,5m,0.35270387,0.3531336,0.35230188,0.35230188,4073449
1740048900000000,DOGEUSDT,5m,0.35230188,0.35303489,0.35181781,0.35181781,4011398
1740049200000000,DOGEUSDT,5m,0.35181781,0.35221779,0.35159713,0.35185919,2248035
1740049500000000,DOGEUSDT,5m,0.35185919,0.35253515,0.35173503,0.35243859,2461596
1740049800000000,DOGEUSDT,5m,0.35243859,0.35246618,0.35185917,0.35205231,1887382
1740050100000000,DOGEUSDT,5m,0.35205231,0.35256277,0.35183157,0.35246619,1151334
1740050400000000,DOGEUSDT,5m,0.35246619,0.35256277,0.35202472,0.35205231,1639798
1740050700000000,DOGEUSDT,5m,0.35205231,0.35271455,0.35185915,0.35185915,1278395
1740051000000000,DOGEUSDT,5m,0.35185915,0.35196941,0.35115629,0.35129411,3740915
1740051300000000,DOGEUSDT,5m,0.35129411,0.35180401,0.35067396,0.35180401,1205984
1740051600000000,DOGEUSDT,5m,0.35180401,0.3523845,0.35170726,0.35195604,877939
1740051900000000,DOGEUSDT,5m,0.35195604,0.35250889,0.35177636,0.35231539,907344
1740052200000000,DOGEUSDT,5m,0.35231539,0.35297883,0.3519422,0.3519422,1935435
1740052500000000,DOGEUSDT,5m,0.3519422,0.3528544,0.35123732,0.35123732,1661852
1740052800000000,DOGEUSDT,5m,0.35123732,0.35182928,0.35123732,0.35137499,898925
1740053100000000,DOGEUSDT,5m,0.35137499,0.35182928,0.35130616,0.35176045,1755909
1740053400000000,DOGEUSDT,5m,0.35176045,0.35240747,0.35109966,0.35240747,496425
1740053700000000,DOGEUSDT,5m,0.35240747,0.35251801,0.35193771,0.35229694,660259
1740054000000000,DOGEUSDT,5m,0.35229694,0.35262832,0.35220029,0.35220029,982975
1740054300000000,DOGEUSDT,5m,0.35220029,0.35226929,0.35177247,0.35188288,904649
1740054600000000,DOGEUSDT,5m,0.35188288,0.35211748,0.35151027,0.35180008,1223883
1740054900000000,DOGEUSDT,5m,0.35180008,0.35203457,0.35168972,0.35185525,2094494
1740055200000000,DOGEUSDT,5m,0.35185525,0.35255874,0.35168972,0.35168972,4028608
1740055500000000,DOGEUSDT,5m,0.35168972,0.35211695,0.35100065,0.35211695,768334
1740055800000000,DOGEUSDT,5m,0.35211695,0.35305641,0.35110841,0.35305641,1790648
1740056100000000,DOGEUSDT,5m,0.35305641,0.35354256,0.35277861,0.35277861,2107254
1740056400000000,DOGEUSDT,5m,0.35277861,0.35354136,0.35197425,0.35354136,3778705
1740056700000000,DOGEUSDT,5m,0.35354136,0.3546974,0.3529703,0.3529703,1636626
1740057000000000,DOGEUSDT,5m,0.3529703,0.35326186,0.35255378,0.35326186,1254098
1740057300000000,DOGEUSDT,5m,0.35326186,0.35348436,0.35310889,0.3533592,990859
1740057600000000,DOGEUSDT,5m,0.3533592,0.35338703,0.35260785,0.35338703,5412330
1740057900000000,DOGEUSDT,5m,0.35338703,0.35404112,0.35283036,0.35283036,1052485
1740058200000000,DOGEUSDT,5m,0.35283036,0.35369049,0.35252516,0.35321881,2900888
1740058500000000,DOGEUSDT,5m,0.35321881,0.35321881,0.35158173,0.35180371,2087846
1740058800000000,DOGEUSDT,5m,0.35180371,0.35215056,0.35151236,0.35151236,448782
1740059100000000,DOGEUSDT,5m,0.35151236,0.35226028,0.35149851,0.35192787,922820
1740059400000000,DOGEUSDT,5m,0.35192787,0.352288,0.35155389,0.35185862,725292
1740059700000000,DOGEUSDT,5m,0.35185862,0.35274508,0.35181706,0.35266198,966051
1740060000000000,DOGEUSDT,5m,0.35266198,0.35563996,0.35260657,0.35536294,5848720
1740060300000000,DOGEUSDT,5m,0.35536294,0.35582002,0.35437951,0.35582002,3470863
1740060600000000,DOGEUSDT,5m,0.35582002,0.35625049,0.35545898,0.35550064,4617766
1740060900000000,DOGEUSDT,5m,0.35550064,0.35579225,0.35494519,0.35545898,4369656
1740061200000000,DOGEUSDT,5m,0.35545898,0.35620866,0.35491754,0.35520909,3203432
1740061500000000,DOGEUSDT,5m,0.35520909,0.35580608,0.35507025,0.35523685,1674752
1740061800000000,DOGEUSDT,5m,0.35523685,0.35645865,0.3551119,0.356417,5565824
1740062100000000,DOGEUSDT,5m,0.356417,0.35763884,0.35606988,0.35619484,9423494
1740062400000000,DOGEUSDT,5m,0.35619484,0.35802547,0.35436422,0.35802547,6155101
1740062700000000,DOGEUSDT,5m,0.35802547,0.35994514,0.35583956,0.35994514,6490827
1740063000000000,DOGEUSDT,5m,0.35994514,0.36045503,0.35810384,0.35855708,9311047
1740063300000000,DOGEUSDT,5m,0.35855708,0.35909531,0.35762227,0.35886869,7246889
1740063600000000,DOGEUSDT,5m,0.35886869,0.35923757,0.3575634,0.35852818,14702709
1740063900000000,DOGEUSDT,5m,0.35852818,0.35976018,0.35609248,0.35976018,12506125
1740064200000000,DOGEUSDT,5m,0.35976018,0.3605016,0.3590045,0.35960334,3442055
1740064500000000,DOGEUSDT,5m,0.35960334,0.36077144,0.3594324,0.36061475,2472794
1740064800000000,DOGEUSDT,5m,0.36061475,0.36122729,0.35933269,0.36122729,1641715
1740065100000000,DOGEUSDT,5m,0.36122729,0.36155602,0.36088425,0.36145597,1860908
1740065400000000,DOGEUSDT,5m,0.36145597,0.36189904,0.36062701,0.36181328,6827710
1740065700000000,DOGEUSDT,5m,0.36181328,0.36201377,0.36015215,0.36122616,3910764
1740066000000000,DOGEUSDT,5m,0.36122616,0.36192787,0.36079654,0.36136937,885637
1740066300000000,DOGEUSDT,5m,0.36136937,0.36142665,0.36012341,0.36020934,2829968
1740066600000000,DOGEUSDT,5m,0.36020934,0.36043849,0.35876283,0.36043849,3977061
1740066900000000,DOGEUSDT,5m,0.36043849,0.36059623,0.359406,0.35986489,4966610
1740067200000000,DOGEUSDT,5m,0.35986489,0.36078265,0.3583305,0.36078265,10004522
1740067500000000,DOGEUSDT,5m,0.36078265,0.36246902,0.3606241,0.36235372,3973002
1740067800000000,DOGEUSDT,5m,0.36235372,0.36453015,0.36235372,0.36337707,8019259
1740068100000000,DOGEUSDT,5m,0.36337707,0.36422746,0.3625555,0.3625555,2683399
1740068400000000,DOGEUSDT,5m,0.3625555,0.36297158,0.36183814,0.36294288,2340137
1740068700000000,DOGEUSDT,5m,0.36294288,0.36321548,0.36242638,0.36279941,1531775
1740069000000000,DOGEUSDT,5m,0.36279941,0.36297143,0.3615379,0.36165258,632715
1740069300000000,DOGEUSDT,5m,0.36165258,0.3621973,0.36060614,0.36208262,3517628
1740069600000000,DOGEUSDT,5m,0.36208262,0.36252702,0.36189626,0.36202528,1569956
1740069900000000,DOGEUSDT,5m,0.36202528,0.3621256,0.36064947,0.36102208,2024951
1740070200000000,DOGEUSDT,5m,0.36102208,0.36135169,0.36010491,0.36023389,1235550
1740070500000000,DOGEUSDT,5m,0.36023389,0.3603342,0.35983264,0.3603342,966392
1740070800000000,DOGEUSDT,5m,0.3603342,0.36126619,0.35988972,0.36095075,2101487
1740071100000000,DOGEUSDT,5m,0.36095075,0.36146692,0.36067832,0.36067832,705553
1740071400000000,DOGEUSDT,5m,0.36067832,0.36139526,0.35997572,0.35997572,846268
1740071700000000,DOGEUSDT,5m,0.35997572,0.36108975,0.35899023,0.35899023,3213684
1740072000000000,DOGEUSDT,5m,0.35899023,0.35950157,0.35825162,0.35950157,1502137
1740072300000000,DOGEUSDT,5m,0.35950157,0.35962976,0.35901728,0.35934488,628411
1740072600000000,DOGEUSDT,5m,0.35934488,0.35940186,0.35849028,0.35934488,708972
1740072900000000,DOGEUSDT,5m,0.35934488,0.3597437,0.35868969,0.35870393,956912
1740073200000000,DOGEUSDT,5m,0.35870393,0.35910276,0.35809145,0.35910276,2279155
1740073500000000,DOGEUSDT,5m,0.35910276,0.35938828,0.35844609,0.35881725,1874471
1740073800000000,DOGEUSDT,5m,0.35881725,0.35921632,0.35843244,0.35911655,747430
1740074100000000,DOGEUSDT,5m,0.35911655,0.35971515,0.35890277,0.3597009,754493
1740074400000000,DOGEUSDT,5m,0.3597009,0.36143968,0.35837543,0.35837543,2507048
1740074700000000,DOGEUSDT,5m,0.35837543,0.35867253,0.35751242,0.35807833,2490903
1740075000000000,DOGEUSDT,5m,0.35807833,0.35916774,0.35703136,0.35703136,1174437
1740075300000000,DOGEUSDT,5m,0.35703136,0.35746739,0.3562718,0.35659532,1639994
1740075600000000,DOGEUSDT,5m,0.35659532,0.3578161,0.3557113,0.3557113,3053067
1740075900000000,DOGEUSDT,5m,0.3557113,0.35643738,0.3549154,0.35643738,1610006
1740076200000000,DOGEUSDT,5m,0.35643738,0.35715242,0.35615698,0.35615698,1570475
1740076500000000,DOGEUSDT,5m,0.35615698,0.3571089,0.35498108,0.3571089,2311446
1740076800000000,DOGEUSDT,5m,0.3571089,0.35743259,0.35648965,0.35743259,3336020
1740077100000000,DOGEUSDT,5m,0.35743259,0.35777097,0.35653027,0.35660077,1099796
1740077400000000,DOGEUSDT,5m,0.35660077,0.357348,0.35609321,0.35609321,828889
1740077700000000,DOGEUSDT,5m,0.35609321,0.35690861,0.35582609,0.35582609,1559228
1740078000000000,DOGEUSDT,5m,0.35582609,0.35628935,0.35530668,0.35609282,1928039
1740078300000000,DOGEUSDT,5m,0.35609282,0.35641618,0.35553045,0.3556851,729780
1740078600000000,DOGEUSDT,5m,0.3556851,0.35640215,0.35501023,0.35501023,850573
1740078900000000,DOGEUSDT,5m,0.35501023,0.35624276,0.35466008,0.35617273,3639049
1740079200000000,DOGEUSDT,5m,0.35617273,0.35698504,0.35551447,0.35551447,2124152
1740079500000000,DOGEUSDT,5m,0.35551447,0.35565401,0.35506795,0.35554238,1801638
1740079800000000,DOGEUSDT,5m,0.35554238,0.35619834,0.35467707,0.35619834,1946345
1740080100000000,DOGEUSDT,5m,0.35619834,0.35653452,0.35535788,0.35544193,1276007
1740080400000000,DOGEUSDT,5m,0.35544193,0.35611432,0.3548816,0.3548816,730128
1740080700000000,DOGEUSDT,5m,0.3548816,0.35538429,0.35458837,0.35537032,1074130
1740081000000000,DOGEUSDT,5m,0.35537032,0.35559374,0.35520276,0.35532843,859353
1740081300000000,DOGEUSDT,5m,0.35532843,0.35550992,0.35429534,0.35550992,2963398
1740081600000000,DOGEUSDT,5m,0.35550992,0.35566365,0.35489502,0.3555798,1051535
1740081900000000,DOGEUSDT,5m,0.3555798,0.3559992,0.35499264,0.35591532,1117026
1740082200000000,DOGEUSDT,5m,0.35591532,0.35616742,0.35557918,0.35616742,563876
1740082500000000,DOGEUSDT,5m,0.35616742,0.35691081,0.35553624,0.35553624,709346
1740082800000000,DOGEUSDT,5m,0.35553624,0.35694788,0.35418051,0.35418051,2038629
1740083100000000,DOGEUSDT,5m,0.35418051,0.3548324,0.35352863,0.35352863,1357986
1740083400000000,DOGEUSDT,5m,0.35352863,0.35375056,0.35244674,0.35258544,1033850
1740083700000000,DOGEUSDT,5m,0.35258544,0.35325125,0.3522248,0.3522248,1421827
1740084000000000,DOGEUSDT,5m,0.3522248,0.35257085,0.3519618,0.3519618,492155
1740084300000000,DOGEUSDT,5m,0.3519618,0.35201709,0.35116016,0.35175448,652376
1740084600000000,DOGEUSDT,5m,0.35175448,0.35227967,0.35121547,0.35227967,1017226
1740084900000000,DOGEUSDT,5m,0.35227967,0.35239057,0.35176677,0.35215491,1102817
1740085200000000,DOGEUSDT,5m,0.35215491,0.35258462,0.35111529,0.35258462,1573589
1740085500000000,DOGEUSDT,5m,0.35258462,0.35261241,0.3515425,0.35162587,1031159
1740085800000000,DOGEUSDT,5m,0.35162587,0.35202884,0.35116732,0.35202884,1209405
1740086100000000,DOGEUSDT,5m,0.35202884,0.35250239,0.35184778,0.35248846,1354104
1740086400000000,DOGEUSDT,5m,0.35248846,0.35251632,0.3513603,0.35162493,4660683
1740086700000000,DOGEUSDT,5m,0.35162493,0.35197314,0.35148564,0.35186171,595877
1740087000000000,DOGEUSDT,5m,0.35186171,0.35247457,0.35152743,0.35158314,1818315
1740087300000000,DOGEUSDT,5m,0.35158314,0.35165268,0.35044281,0.35079048,1927917
1740087600000000,DOGEUSDT,5m,0.35079048,0.35113812,0.34999784,0.35009518,1334850
1740087900000000,DOGEUSDT,5m,0.35009518,0.35052625,0.3496224,0.3501369,792538
1740088200000000,DOGEUSDT,5m,0.3501369,0.35023424,0.34965019,0.3499005,1230353
1740088500000000,DOGEUSDT,5m,0.3499005,0.3503872,0.34963628,0.34999784,1197367
1740088800000000,DOGEUSDT,5m,0.34999784,0.35086,0.34931645,0.34931645,1490173
1740089100000000,DOGEUSDT,5m,0.34931645,0.34980128,0.34870694,0.34949653,3907935
1740089400000000,DOGEUSDT,5m,0.34949653,0.35014829,0.34926079,0.35013442,2546265
1740089700000000,DOGEUSDT,5m,0.35013442,0.35086939,0.34902504,0.35086939,957092
1740090000000000,DOGEUSDT,5m,0.35086939,0.3510922,0.35052125,0.35070228,1255815
1740090300000000,DOGEUSDT,5m,0.35070228,0.35102228,0.35035446,0.35102228,1180188
1740090600000000,DOGEUSDT,5m,0.35102228,0.35135619,0.35049359,0.35135619,1194766
1740090900000000,DOGEUSDT,5m,0.35135619,0.35241361,0.35125879,0.35156489,2666482
1740091200000000,DOGEUSDT,5m,0.35156489,0.35231621,0.35107792,0.35107792,1726428
1740091500000000,DOGEUSDT,5m,0.35107792,0.35171617,0.35043967,0.35171617,763869
1740091800000000,DOGEUSDT,5m,0.35171617,0.35196682,0.35138195,0.35168831,740755
1740092100000000,DOGEUSDT,5m,0.35168831,0.35207821,0.35160477,0.35174401,1015401
1740092400000000,DOGEUSDT,5m,0.35174401,0.35276054,0.35161869,0.35259344,2953922
1740092700000000,DOGEUSDT,5m,0.35259344,0.35301118,0.35216176,0.35301118,1813338
1740093000000000,DOGEUSDT,5m,0.35301118,0.35352761,0.35259246,0.35259246,714737
1740093300000000,DOGEUSDT,5m,0.35259246,0.35372029,0.35259246,0.35363675,746816
1740093600000000,DOGEUSDT,5m,0.35363675,0.35436076,0.35352536,0.35417975,1435663
1740093900000000,DOGEUSDT,5m,0.35417975,0.35448607,0.35399875,0.35419368,1019512
1740094200000000,DOGEUSDT,5m,0.35419368,0.35526585,0.35319112,0.35319112,3653916
1740094500000000,DOGEUSDT,5m,0.35319112,0.35391107,0.3529696,0.35334342,1946978
1740094800000000,DOGEUSDT,5m,0.35334342,0.35337111,0.35305266,0.35337111,1438477
1740095100000000,DOGEUSDT,5m,0.35337111,0.35370348,0.35287257,0.35370348,1789231
1740095400000000,DOGEUSDT,5m,0.35370348,0.35384222,0.35343987,0.35364798,2235772
1740095700000000,DOGEUSDT,5m,0.35364798,0.35398085,0.3531348,0.35398085,711556
1740096000000000,DOGEUSDT,5m,0.35398085,0.35439774,0.35363344,0.35428657,1607600
1740096300000000,DOGEUSDT,5m,0.35428657,0.35482944,0.35385506,0.35385506,1136530
1740096600000000,DOGEUSDT,5m,0.35385506,0.35431329,0.3537162,0.3538134,2024366
1740096900000000,DOGEUSDT,5m,0.3538134,0.35428541,0.35363292,0.35364681,1136233
1740097200000000,DOGEUSDT,5m,0.35364681,0.35388259,0.35284237,0.35306428,940223
1740097500000000,DOGEUSDT,5m,0.35306428,0.35367452,0.35227375,0.35367452,969582
1740097800000000,DOGEUSDT,5m,0.35367452,0.35395286,0.35332659,0.35356319,1194631
1740098100000000,DOGEUSDT,5m,0.35356319,0.35384154,0.35329875,0.35329875,761583
1740098400000000,DOGEUSDT,5m,0.35329875,0.35436881,0.35214531,0.35436881,2596655
1740098700000000,DOGEUSDT,5m,0.35436881,0.35476028,0.35394937,0.35408918,895220
1740099000000000,DOGEUSDT,5m,0.35408918,0.35491407,0.35352993,0.35456454,924235
1740099300000000,DOGEUSDT,5m,0.35456454,0.35537546,0.3545226,0.35460649,3226453
1740099600000000,DOGEUSDT,5m,0.35460649,0.35512379,0.35387946,0.35399131,1296797
1740099900000000,DOGEUSDT,5m,0.35399131,0.35492806,0.35393539,0.35473232,475398
1740100200000000,DOGEUSDT,5m,0.35473232,0.35476028,0.35354386,0.35354386,748510
1740100500000000,DOGEUSDT,5m,0.35354386,0.35422897,0.35326423,0.35379554,1064394
1740100800000000,DOGEUSDT,5m,0.35379554,0.3541736,0.35340347,0.3541736,1233268
1740101100000000,DOGEUSDT,5m,0.3541736,0.3546086,0.35376666,0.35453844,1293332
1740101400000000,DOGEUSDT,5m,0.35453844,0.35484713,0.35401926,0.35477698,926292
1740101700000000,DOGEUSDT,5m,0.35477698,0.35525405,0.35453844,0.35481907,1211094
1740102000000000,DOGEUSDT,5m,0.35481907,0.35545062,0.35460855,0.355198,548078
1740102300000000,DOGEUSDT,5m,0.355198,0.35625063,0.35414537,0.35414537,542140
1740102600000000,DOGEUSDT,5m,0.35414537,0.35435465,0.35374078,0.35403376,598659
1740102900000000,DOGEUSDT,5m,0.35403376,0.3545081,0.35343387,0.3545081,992324
1740103200000000,DOGEUSDT,5m,0.3545081,0.35456405,0.35344498,0.35418636,1934378
1740103500000000,DOGEUSDT,5m,0.35418636,0.35515152,0.35415839,0.35449409,2110370
1740103800000000,DOGEUSDT,5m,0.35449409,0.35461999,0.35379467,0.3543682,803785
1740104100000000,DOGEUSDT,5m,0.3543682,0.35550041,0.35376715,0.35376715,1390704
1740104400000000,DOGEUSDT,5m,0.35376715,0.3540597,0.35330742,0.35404577,1578429
1740104700000000,DOGEUSDT,5m,0.35404577,0.35472947,0.3532644,0.35472947,1823967
1740105000000000,DOGEUSDT,5m,0.35472947,0.35535982,0.35394505,0.35535982,2590304
1740105300000000,DOGEUSDT,5m,0.35535982,0.35609081,0.35499432,0.35499432,1368954
1740105600000000,DOGEUSDT,5m,0.35499432,0.35500835,0.35409649,0.35446123,1312541
1740105900000000,DOGEUSDT,5m,0.35446123,0.35464361,0.35388606,0.35453138,913252
1740106200000000,DOGEUSDT,5m,0.35453138,0.35468575,0.35398404,0.35399808,2158715
1740106500000000,DOGEUSDT,5m,0.35399808,0.35434893,0.35377353,0.35398404,1631962
1740106800000000,DOGEUSDT,5m,0.35398404,0.35440502,0.35356307,0.35356307,1115371
1740107100000000,DOGEUSDT,5m,0.35356307,0.35374506,0.35315709,0.35321309,987244
1740107400000000,DOGEUSDT,5m,0.35321309,0.35338108,0.35294711,0.35329708,1006848
1740107700000000,DOGEUSDT,5m,0.35329708,0.35403936,0.35300297,0.35399735,767092
1740108000000000,DOGEUSDT,5m,0.35399735,0.35466957,0.35336714,0.35336714,1183680
1740108300000000,DOGEUSDT,5m,0.35336714,0.35357644,0.35292061,0.35300434,896828
1740108600000000,DOGEUSDT,5m,0.35300434,0.3532555,0.35243225,0.3532555,464838
1740108900000000,DOGEUSDT,5m,0.3532555,0.35361878,0.35210974,0.35272454,19836968
1740109200000000,DOGEUSDT,5m,0.35272454,0.35285029,0.3523333,0.35285029,948665
1740109500000000,DOGEUSDT,5m,0.35285029,0.35318588,0.35241681,0.35312995,545804
1740109800000000,DOGEUSDT,5m,0.35312995,0.35324199,0.35268178,0.35269579,1045419
1740110100000000,DOGEUSDT,5m,0.35269579,0.35305993,0.35259775,0.35304592,1362319
1740110400000000,DOGEUSDT,5m,0.35304592,0.35376016,0.35296189,0.35366213,1295684
1740110700000000,DOGEUSDT,5m,0.35366213,0.35412429,0.35346606,0.35350808,863335
1740111000000000,DOGEUSDT,5m,0.35350808,0.35389988,0.35320023,0.35320023,729496
1740111300000000,DOGEUSDT,5m,0.35320023,0.35394057,0.35287895,0.35287895,1096664
1740111600000000,DOGEUSDT,5m,0.35287895,0.35300444,0.35222358,0.35253035,1644486
1740111900000000,DOGEUSDT,5m,0.35253035,0.35262796,0.35212596,0.35254429,468366
1740112200000000,DOGEUSDT,5m,0.35254429,0.35255824,0.35202837,0.35216781,983891
1740112500000000,DOGEUSDT,5m,0.35216781,0.35308811,0.35128934,0.35128934,1820580
1740112800000000,DOGEUSDT,5m,0.35128934,0.3518582,0.35120609,0.35184432,865453
1740113100000000,DOGEUSDT,5m,0.35184432,0.3520663,0.35130326,0.35142812,1055104
1740113400000000,DOGEUSDT,5m,0.35142812,0.35194144,0.35122002,0.35151136,1308262
1740113700000000,DOGEUSDT,5m,0.35151136,0.3519,0.35123376,0.35123376,815169
1740114000000000,DOGEUSDT,5m,0.35123376,0.35167724,0.35085957,0.35120604,1571919
1740114300000000,DOGEUSDT,5m,0.35120604,0.35148321,0.35074871,0.35140006,441192
1740114600000000,DOGEUSDT,5m,0.35140006,0.35177466,0.3509561,0.35164979,980185
1740114900000000,DOGEUSDT,5m,0.35164979,0.35188564,0.35105324,0.35123359,958124
1740115200000000,DOGEUSDT,5m,0.35123359,0.35160817,0.35067865,0.35160817,914267
1740115500000000,DOGEUSDT,5m,0.35160817,0.35194183,0.35156647,0.35156647,523812
1740115800000000,DOGEUSDT,5m,0.35156647,0.35255331,0.35057962,0.35057962,1126960
1740116100000000,DOGEUSDT,5m,0.35057962,0.35106337,0.35034466,0.35099426,1487085
1740116400000000,DOGEUSDT,5m,0.35099426,0.35135361,0.35070403,0.35070403,3241571
1740116700000000,DOGEUSDT,5m,0.35070403,0.35107656,0.35023491,0.35035909,1666833
1740117000000000,DOGEUSDT,5m,0.35035909,0.35055225,0.35011074,0.35019352,1378888
1740117300000000,DOGEUSDT,5m,0.35019352,0.35035908,0.34972442,0.35035908,1148746
1740117600000000,DOGEUSDT,5m,0.35035908,0.35080097,0.34969626,0.35080097,1554421
1740117900000000,DOGEUSDT,5m,0.35080097,0.35100862,0.35041336,0.35049642,1723080
1740118200000000,DOGEUSDT,5m,0.35049642,0.35060717,0.35012264,0.35044104,1144993
1740118500000000,DOGEUSDT,5m,0.35044104,0.35059332,0.34979039,0.35059332,1465004
1740118800000000,DOGEUSDT,5m,0.35059332,0.3506626,0.35002524,0.35013608,1143540
1740119100000000,DOGEUSDT,5m,0.35013608,0.35062102,0.34962344,0.35062102,998129
1740119400000000,DOGEUSDT,5m,0.35062102,0.35113508,0.35017642,0.35017642,1787484
1740119700000000,DOGEUSDT,5m,0.35017642,0.35075845,0.34971911,0.34971911,1000100
1740120000000000,DOGEUSDT,5m,0.34971911,0.35005082,0.3493874,0.3493874,364083
1740120300000000,DOGEUSDT,5m,0.3493874,0.34941498,0.3486287,0.34876664,1396631
1740120600000000,DOGEUSDT,5m,0.34876664,0.34966339,0.34871146,0.34966339,1433797
1740120900000000,DOGEUSDT,5m,0.34966339,0.35011868,0.34933227,0.34933227,1212938
1740121200000000,DOGEUSDT,5m,0.34933227,0.3498831,0.34898801,0.34915325,1494417
1740121500000000,DOGEUSDT,5m,0.34915325,0.34959346,0.34898818,0.34940087,3207423
1740121800000000,DOGEUSDT,5m,0.34940087,0.34960723,0.34912573,0.34960723,2724761
1740122100000000,DOGEUSDT,5m,0.34960723,0.34975874,0.34915269,0.34945571,1974937
1740122400000000,DOGEUSDT,5m,0.34945571,0.35029588,0.34868441,0.34868441,1773234
1740122700000000,DOGEUSDT,5m,0.34868441,0.34931522,0.34860213,0.34871184,2853204
1740123000000000,DOGEUSDT,5m,0.34871184,0.34921922,0.34820445,0.34921922,1371224
1740123300000000,DOGEUSDT,5m,0.34921922,0.34994811,0.34832531,0.34994811,1772873
1740123600000000,DOGEUSDT,5m,0.34994811,0.35044527,0.34961667,0.35025193,704550
1740123900000000,DOGEUSDT,5m,0.35025193,0.35054194,0.35000335,0.35019669,975825
1740124200000000,DOGEUSDT,5m,0.35019669,0.35056945,0.3497411,0.35056945,841076
1740124500000000,DOGEUSDT,5m,0.35056945,0.35068013,0.35014054,0.35030657,1392963
1740124800000000,DOGEUSDT,5m,0.35030657,0.35059712,0.34994684,0.35034808,871769
1740125100000000,DOGEUSDT,5m,0.35034808,0.35120609,0.34954541,0.34954541,1131680
1740125400000000,DOGEUSDT,5m,0.34954541,0.34973827,0.34910461,0.34936634,876785
1740125700000000,DOGEUSDT,5m,0.34936634,0.34936634,0.34841682,0.34869204,981673
1740126000000000,DOGEUSDT,5m,0.34869204,0.34876085,0.34800399,0.34876085,914742
1740126300000000,DOGEUSDT,5m,0.34876085,0.34935281,0.34866448,0.34927021,870073
1740126600000000,DOGEUSDT,5m,0.34927021,0.3498897,0.34903618,0.34903618,856841
1740126900000000,DOGEUSDT,5m,0.34903618,0.35037148,0.34882969,0.35019252,3019873
1740127200000000,DOGEUSDT,5m,0.35019252,0.35041277,0.34993098,0.35001357,1739000
1740127500000000,DOGEUSDT,5m,0.35001357,0.35081193,0.34998604,0.35012369,1815238
1740127800000000,DOGEUSDT,5m,0.35012369,0.35045405,0.3495318,0.35045405,2015309
1740128100000000,DOGEUSDT,5m,0.35045405,0.35089535,0.35044026,0.35081261,510775
1740128400000000,DOGEUSDT,5m,0.35081261,0.35139183,0.35066091,0.35066091,887563
1740128700000000,DOGEUSDT,5m,0.35066091,0.35110185,0.35056445,0.3507987,1369953
1740129000000000,DOGEUSDT,5m,0.3507987,0.35166685,0.34995812,0.34995812,1413854
1740129300000000,DOGEUSDT,5m,0.34995812,0.35440169,0.34624144,0.34624144,19161424
1740129600000000,DOGEUSDT,5m,0.34624144,0.34656371,0.34527462,0.34566403,9173886
1740129900000000,DOGEUSDT,5m,0.34566403,0.34754403,0.34363632,0.34754403,7630455
1740130200000000,DOGEUSDT,5m,0.34754403,0.34854861,0.34710961,0.34797844,2635110
1740130500000000,DOGEUSDT,5m,0.34797844,0.34837311,0.34729797,0.34737963,4335443
1740130800000000,DOGEUSDT,5m,0.34737963,0.34755654,0.34559687,0.34631814,7358350
1740131100000000,DOGEUSDT,5m,0.34631814,0.3474068,0.34586906,0.34736598,5120139
1740131400000000,DOGEUSDT,5m,0.34736598,0.34814165,0.34697134,0.34697134,2243057
1740131700000000,DOGEUSDT,5m,0.34697134,0.34741939,0.34680841,0.34680841,1703603
1740132000000000,DOGEUSDT,5m,0.34680841,0.34713397,0.34592667,0.3462658,3026883
1740132300000000,DOGEUSDT,5m,0.3462658,0.34705255,0.34566895,0.34705255,2395519
1740132600000000,DOGEUSDT,5m,0.34705255,0.34725602,0.3469169,0.34701186,1545163
1740132900000000,DOGEUSDT,5m,0.34701186,0.34781217,0.34693047,0.34693047,1913867
1740133200000000,DOGEUSDT,5m,0.34693047,0.3476087,0.34659135,0.34698473,3170664
1740133500000000,DOGEUSDT,5m,0.34698473,0.3476089,0.34646911,0.34646911,1049915
1740133800000000,DOGEUSDT,5m,0.34646911,0.34730788,0.34569797,0.34569797,2091959
1740134100000000,DOGEUSDT,5m,0.34569797,0.34631755,0.3456441,0.34591348,2420604
1740134400000000,DOGEUSDT,5m,0.34591348,0.34622326,0.34540167,0.34622326,1374050
1740134700000000,DOGEUSDT,5m,0.34622326,0.34676297,0.34568355,0.34676297,1012365
1740135000000000,DOGEUSDT,5m,0.34676297,0.34743971,0.34672236,0.3468171,2041703
1740135300000000,DOGEUSDT,5m,0.3468171,0.34706072,0.34670883,0.34706072,618867
1740135600000000,DOGEUSDT,5m,0.34706072,0.3480217,0.34609975,0.3480217,1818318
1740135900000000,DOGEUSDT,5m,0.3480217,0.3485389,0.34751811,0.34825308,2298066
1740136200000000,DOGEUSDT,5m,0.34825308,0.34867558,0.34781694,0.34867558,3007792
1740136500000000,DOGEUSDT,5m,0.34867558,0.34905811,0.34822474,0.34864826,2783433
1740136800000000,DOGEUSDT,5m,0.34864826,0.34978201,0.34754183,0.34754183,1886364
1740137100000000,DOGEUSDT,5m,0.34754183,0.34779972,0.34727036,0.34747396,1320704
1740137400000000,DOGEUSDT,5m,0.34747396,0.34779972,0.34708034,0.34759612,1017684
1740137700000000,DOGEUSDT,5m,0.34759612,0.34790854,0.34720221,0.34765045,938042
1740138000000000,DOGEUSDT,5m,0.34765045,0.34794938,0.34698467,0.34728359,1934051
1740138300000000,DOGEUSDT,5m,0.34728359,0.34746023,0.3468352,0.34728359,1075191
1740138600000000,DOGEUSDT,5m,0.34728359,0.34779992,0.34665856,0.34779992,802730
1740138900000000,DOGEUSDT,5m,0.34779992,0.34815424,0.34758187,0.34770452,1016489
1740139200000000,DOGEUSDT,5m,0.34770452,0.34846772,0.34735018,0.34735018,1571865
1740139500000000,DOGEUSDT,5m,0.34735018,0.34747259,0.34687415,0.34688775,1570686
1740139800000000,DOGEUSDT,5m,0.34688775,0.34739098,0.34639813,0.34641173,1052832
1740140100000000,DOGEUSDT,5m,0.34641173,0.34749676,0.34558438,0.34558438,2368111
1740140400000000,DOGEUSDT,5m,0.34558438,0.34685318,0.34558438,0.34616479,6590893
1740140700000000,DOGEUSDT,5m,0.34616479,0.34673172,0.34586783,0.34586783,3925136
1740141000000000,DOGEUSDT,5m,0.34586783,0.34642031,0.34584088,0.34631251,2291657
1740141300000000,DOGEUSDT,5m,0.34631251,0.34642031,0.34574653,0.34598909,2884467
1740141600000000,DOGEUSDT,5m,0.34598909,0.34600257,0.34520747,0.34549047,1226172
1740141900000000,DOGEUSDT,5m,0.34549047,0.34633944,0.34472235,0.34472235,1895591
1740142200000000,DOGEUSDT,5m,0.34472235,0.34584925,0.34393085,0.34393085,4691198
1740142500000000,DOGEUSDT,5m,0.34393085,0.34393085,0.34337,0.3437706,2207397
1740142800000000,DOGEUSDT,5m,0.3437706,0.34499912,0.34308958,0.34482552,6715041
1740143100000000,DOGEUSDT,5m,0.34482552,0.34606739,0.34439822,0.34596057,6863181
1740143400000000,DOGEUSDT,5m,0.34596057,0.34737603,0.34529289,0.34529289,11770043
1740143700000000,DOGEUSDT,5m,0.34529289,0.34554563,0.34363015,0.34368335,17695824
1740144000000000,DOGEUSDT,5m,0.34368335,0.34444157,0.34336411,0.34444157,2937475
1740144300000000,DOGEUSDT,5m,0.34444157,0.34492046,0.34428194,0.34429524,3618674
1740144600000000,DOGEUSDT,5m,0.34429524,0.34482689,0.34394967,0.34468069,2420298
1740144900000000,DOGEUSDT,5m,0.34468069,0.34723269,0.34252743,0.34252743,22615826
1740145200000000,DOGEUSDT,5m,0.34252743,0.343105,0.34155605,0.343105,16716588
1740145500000000,DOGEUSDT,5m,0.343105,0.34389526,0.34297329,0.34332891,3758751
1740145800000000,DOGEUSDT,5m,0.34332891,0.34334208,0.34219616,0.34321037,4639786
1740146100000000,DOGEUSDT,5m,0.34321037,0.34382945,0.34288106,0.34288106,3931116
1740146400000000,DOGEUSDT,5m,0.34288106,0.34326232,0.34188191,0.34194764,5555783
1740146700000000,DOGEUSDT,5m,0.34194764,0.34253925,0.34165841,0.34219743,3151977
1740147000000000,DOGEUSDT,5m,0.34219743,0.34250025,0.34124948,0.34197361,4299529
1740147300000000,DOGEUSDT,5m,0.34197361,0.34297426,0.34102562,0.34102562,2478828
1740147600000000,DOGEUSDT,5m,0.34102562,0.34238737,0.339402,0.34238737,4469090
1740147900000000,DOGEUSDT,5m,0.34238737,0.34298131,0.3420838,0.34214979,1975260
1740148200000000,DOGEUSDT,5m,0.34214979,0.34421911,0.33973778,0.34421911,12379709
1740148500000000,DOGEUSDT,5m,0.34421911,0.3445126,0.34180452,0.34216471,7290138
1740148800000000,DOGEUSDT,5m,0.34216471,0.34400574,0.34129756,0.34373892,6056274
1740149100000000,DOGEUSDT,5m,0.34373892,0.34537984,0.34337872,0.34337872,5857085
1740149400000000,DOGEUSDT,5m,0.34337872,0.34391124,0.34224713,0.34363167,1536030
1740149700000000,DOGEUSDT,5m,0.34363167,0.34377811,0.34283286,0.34359173,1405835
1740150000000000,DOGEUSDT,5m,0.34359173,0.34517596,0.34230038,0.34509608,4363201
1740150300000000,DOGEUSDT,5m,0.34509608,0.34536233,0.34397784,0.34472333,2459301
1740150600000000,DOGEUSDT,5m,0.34472333,0.3459747,0.34472333,0.34536233,2074579
1740150900000000,DOGEUSDT,5m,0.34536233,0.34606788,0.34521589,0.34528245,2802816
1740151200000000,DOGEUSDT,5m,0.34528245,0.34950068,0.34091785,0.34950068,9268577
1740151500000000,DOGEUSDT,5m,0.34950068,0.34982793,0.3466918,0.34951431,15085503
1740151800000000,DOGEUSDT,5m,0.34951431,0.34951431,0.34539613,0.34630976,14203343
1740152100000000,DOGEUSDT,5m,0.34630976,0.3468416,0.34294144,0.34359601,17274098
1740152400000000,DOGEUSDT,5m,0.34359601,0.34369147,0.34020042,0.34352783,34486659
1740152700000000,DOGEUSDT,5m,0.34352783,0.3462405,0.34146947,0.34307799,20178389
1740153000000000,DOGEUSDT,5m,0.34307799,0.3449271,0.34288764,0.34407053,7841422
1740153300000000,DOGEUSDT,5m,0.34407053,0.34407053,0.34222142,0.34314597,7031579
1740153600000000,DOGEUSDT,5m,0.34314597,0.3434723,0.34156873,0.34322755,10718215
1740153900000000,DOGEUSDT,5m,0.34322755,0.34470968,0.34110635,0.34470968,7370973
1740154200000000,DOGEUSDT,5m,0.34470968,0.34933196,0.34027942,0.34027942,12914960
1740154500000000,DOGEUSDT,5m,0.34027942,0.34121514,0.33939718,0.34060024,7295099
1740154800000000,DOGEUSDT,5m,0.34060024,0.34195284,0.340319,0.3408413,4685515
1740155100000000,DOGEUSDT,5m,0.3408413,0.34090826,0.33899319,0.33916729,3254756
1740155400000000,DOGEUSDT,5m,0.33916729,0.34002438,0.33817628,0.33868517,4816176
1740155700000000,DOGEUSDT,5m,0.33868517,0.33884542,0.33740319,0.3386184,1766353
1740156000000000,DOGEUSDT,5m,0.3386184,0.3390591,0.3374432,0.33746991,2925870
1740156300000000,DOGEUSDT,5m,0.33746991,0.33760346,0.33589401,0.33606763,2896155
1740156600000000,DOGEUSDT,5m,0.33606763,0.33676212,0.33564025,0.33609434,2963154
1740156900000000,DOGEUSDT,5m,0.33609434,0.33706941,0.33527955,0.33527955,1197197
1740157200000000,DOGEUSDT,5m,0.33527955,0.33617019,0.33481429,0.33481429,3583155
1740157500000000,DOGEUSDT,5m,0.33481429,0.33566266,0.33401894,0.3341515,1390824
1740157800000000,DOGEUSDT,5m,0.3341515,0.33506618,0.33279936,0.33506618,3263748
1740158100000000,DOGEUSDT,5m,0.33506618,0.33631907,0.33370667,0.33631907,4563728
1740158400000000,DOGEUSDT,5m,0.33631907,0.33657421,0.33558049,0.33625192,5075414
1740158700000000,DOGEUSDT,5m,0.33625192,0.33728547,0.33560763,0.33629219,3451923
1740159000000000,DOGEUSDT,5m,0.33629219,0.33641303,0.33364718,0.33410368,16075204
1740159300000000,DOGEUSDT,5m,0.33410368,0.33704419,0.33098862,0.33704419,14514645
1740159600000000,DOGEUSDT,5m,0.33704419,0.33791878,0.33601928,0.33791878,39397888
1740159900000000,DOGEUSDT,5m,0.33791878,0.3393199,0.33679238,0.33820724,18577850
1740160200000000,DOGEUSDT,5m,0.33820724,0.33956722,0.33780887,0.33879794,13714230
1740160500000000,DOGEUSDT,5m,0.33879794,0.33947106,0.33782261,0.33938863,8761126
1740160800000000,DOGEUSDT,5m,0.33938863,0.33944378,0.33784464,0.33829957,8042293
1740161100000000,DOGEUSDT,5m,0.33829957,0.34040869,0.33774817,0.33774817,11338310
1740161400000000,DOGEUSDT,5m,0.33774817,0.33811915,0.33699245,0.33766572,4163163
1740161700000000,DOGEUSDT,5m,0.33766572,0.3389573,0.33677261,0.33677261,4208711
1740162000000000,DOGEUSDT,5m,0.33677261,0.337456,0.33611656,0.33688195,5724396
1740162300000000,DOGEUSDT,5m,0.33688195,0.33737397,0.33647194,0.33720996,1322062
1740162600000000,DOGEUSDT,5m,0.33720996,0.33777141,0.33553932,0.33777141,5674964
1740162900000000,DOGEUSDT,5m,0.33777141,0.33955754,0.3374554,0.33924154,1675957
1740163200000000,DOGEUSDT,5m,0.33924154,0.3399697,0.33877441,0.33962623,6978789
1740163500000000,DOGEUSDT,5m,0.33962623,0.34041115,0.33892392,0.33892392,3462348
1740163800000000,DOGEUSDT,5m,0.33892392,0.3391022,0.33800509,0.33891021,3323718
1740164100000000,DOGEUSDT,5m,0.33891021,0.33893764,0.33777191,0.33801877,1876689
1740164400000000,DOGEUSDT,5m,0.33801877,0.33838906,0.33718219,0.33718219,3255909
1740164700000000,DOGEUSDT,5m,0.33718219,0.33748392,0.33648273,0.33692161,2991004
1740165000000000,DOGEUSDT,5m,0.33692161,0.33859477,0.33520731,0.33859477,5585770
1740165300000000,DOGEUSDT,5m,0.33859477,0.34076951,0.33630921,0.34076951,13581378
1740165600000000,DOGEUSDT,5m,0.34076951,0.34116237,0.33824394,0.33877711,22269586
1740165900000000,DOGEUSDT,5m,0.33877711,0.33954878,0.3378932,0.33846844,15626402
1740166200000000,DOGEUSDT,5m,0.33846844,0.34081142,0.33831412,0.34018008,5136030
1740166500000000,DOGEUSDT,5m,0.34018008,0.3404326,0.33700948,0.33703754,9965779
1740166800000000,DOGEUSDT,5m,0.33703754,0.33789332,0.33448422,0.33789332,43809959
1740167100000000,DOGEUSDT,5m,0.33789332,0.33907782,0.33576403,0.33907782,11486944
1740167400000000,DOGEUSDT,5m,0.33907782,0.34197459,0.33907782,0.34037,9006990
1740167700000000,DOGEUSDT,5m,0.34037,0.34127879,0.34014281,0.3408244,3801207
1740168000000000,DOGEUSDT,5m,0.3408244,0.3426845,0.34028483,0.34186094,6872985
1740168300000000,DOGEUSDT,5m,0.34186094,0.34305363,0.34176155,0.34248568,13332234
1740168600000000,DOGEUSDT,5m,0.34248568,0.34301103,0.34188934,0.34271286,7126393
1740168900000000,DOGEUSDT,5m,0.34271286,0.34350901,0.34240009,0.34240009,5043656
1740169200000000,DOGEUSDT,5m,0.34240009,0.34251361,0.34020058,0.34039925,4375402
1740169500000000,DOGEUSDT,5m,0.34039925,0.34147767,0.33988841,0.34144929,2065840
1740169800000000,DOGEUSDT,5m,0.34144929,0.34238578,0.34061213,0.34161956,4305600
1740170100000000,DOGEUSDT,5m,0.34161956,0.3417047,0.33920739,0.33960469,6685654
1740170400000000,DOGEUSDT,5m,0.33960469,0.33990265,0.3384696,0.33990265,3957409
1740170700000000,DOGEUSDT,5m,0.33990265,0.34017224,0.3382284,0.33841285,3925850
1740171000000000,DOGEUSDT,5m,0.33841285,0.3388243,0.33678123,0.3388243,11856081
1740171300000000,DOGEUSDT,5m,0.3388243,0.33933631,0.33801361,0.33839762,8322451
1740171600000000,DOGEUSDT,5m,0.33839762,0.33964606,0.33815645,0.33964606,5726494
1740171900000000,DOGEUSDT,5m,0.33964606,0.34160384,0.33758898,0.34160384,2147250
1740172200000000,DOGEUSDT,5m,0.34160384,0.34206306,0.34067104,0.34131683,5111858
1740172500000000,DOGEUSDT,5m,0.34131683,0.34140279,0.33883822,0.33959756,9243570
1740172800000000,DOGEUSDT,5m,0.33959756,0.34021361,0.33915344,0.34008467,3820916
1740173100000000,DOGEUSDT,5m,0.34008467,0.34048581,0.33763482,0.33782106,8131991
1740173400000000,DOGEUSDT,5m,0.33782106,0.33842278,0.33623081,0.33752021,16776814
1740173700000000,DOGEUSDT,5m,0.33752021,0.338781,0.33697577,0.33710472,6147933
1740174000000000,DOGEUSDT,5m,0.33710472,0.33759186,0.33582954,0.33759186,4178102
1740174300000000,DOGEUSDT,5m,0.33759186,0.33944023,0.33744858,0.33944023,6120777
1740174600000000,DOGEUSDT,5m,0.33944023,0.34074412,0.33938292,0.34040023,5066292
1740174900000000,DOGEUSDT,5m,0.34040023,0.34040023,0.33931127,0.33931127,5099427
1740175200000000,DOGEUSDT,5m,0.33931127,0.33991307,0.33891008,0.33916799,2826964
1740175500000000,DOGEUSDT,5m,0.33916799,0.33976927,0.33860965,0.33976927,5397950
1740175800000000,DOGEUSDT,5m,0.33976927,0.34029898,0.33903914,0.33966906,7166802
1740176100000000,DOGEUSDT,5m,0.33966906,0.34014152,0.33888163,0.33992677,6449499
1740176400000000,DOGEUSDT,5m,0.33992677,0.34102921,0.33952587,0.34084309,5842489
1740176700000000,DOGEUSDT,5m,0.34084309,0.34227484,0.33982654,0.33982654,8809413
1740177000000000,DOGEUSDT,5m,0.33982654,0.34043851,0.3386453,0.33981231,10106136
1740177300000000,DOGEUSDT,5m,0.33981231,0.33981231,0.33796233,0.3386454,4425751
1740177600000000,DOGEUSDT,5m,0.3386454,0.33988346,0.33853156,0.339855,3237274
1740177900000000,DOGEUSDT,5m,0.339855,0.3403104,0.3393996,0.3393996,1961339
1740178200000000,DOGEUSDT,5m,0.3393996,0.34006665,0.33873256,0.33873256,2378234
1740178500000000,DOGEUSDT,5m,0.33873256,0.33877497,0.33835085,0.3385205,4830879
1740178800000000,DOGEUSDT,5m,0.3385205,0.33987769,0.33652712,0.33987769,7683263
1740179100000000,DOGEUSDT,5m,0.33987769,0.3411176,0.33855227,0.3411176,4995245
1740179400000000,DOGEUSDT,5m,0.3411176,0.34233787,0.34108888,0.34226609,2817805
1740179700000000,DOGEUSDT,5m,0.34226609,0.34245272,0.34121809,0.34184976,4290414
1740180000000000,DOGEUSDT,5m,0.34184976,0.34292648,0.34077305,0.34077305,1444751
1740180300000000,DOGEUSDT,5m,0.34077305,0.34140073,0.34037362,0.34037362,2376596
1740180600000000,DOGEUSDT,5m,0.34037362,0.34131289,0.34035938,0.34084325,2806205
1740180900000000,DOGEUSDT,5m,0.34084325,0.34109942,0.34011745,0.34082902,5804252
1740181200000000,DOGEUSDT,5m,0.34082902,0.34162595,0.34068671,0.34139826,3876440
1740181500000000,DOGEUSDT,5m,0.34139826,0.34144095,0.34062982,0.34105673,3413351
1740181800000000,DOGEUSDT,5m,0.34105673,0.34156904,0.34091442,0.34119904,2567176
1740182100000000,DOGEUSDT,5m,0.34119904,0.34138419,0.34067208,0.34107086,3287696
1740182400000000,DOGEUSDT,5m,0.34107086,0.34111355,0.33946271,0.33951963,6435220
1740182700000000,DOGEUSDT,5m,0.33951963,0.3402312,0.33930616,0.33932039,2820584
1740183000000000,DOGEUSDT,5m,0.33932039,0.33988898,0.33839643,0.33988898,2533074
1740183300000000,DOGEUSDT,5m,0.33988898,0.34122965,0.33973209,0.34061637,3902011
1740183600000000,DOGEUSDT,5m,0.34061637,0.34157195,0.34044522,0.34142933,3035694
1740183900000000,DOGEUSDT,5m,0.34142933,0.34218527,0.34027402,0.34218527,2304494
1740184200000000,DOGEUSDT,5m,0.34218527,0.34389011,0.3406237,0.3406237,2557979
1740184500000000,DOGEUSDT,5m,0.3406237,0.34221367,0.33903372,0.33903372,5100979
1740184800000000,DOGEUSDT,5m,0.33903372,0.33941346,0.33866805,0.33889308,4182782
1740185100000000,DOGEUSDT,5m,0.33889308,0.33893524,0.33774072,0.33886497,2385561
1740185400000000,DOGEUSDT,5m,0.33886497,0.33914605,0.33866822,0.33868227,2132442
1740185700000000,DOGEUSDT,5m,0.33868227,0.3388367,0.3380365,0.33844362,2497237
1740186000000000,DOGEUSDT,5m,0.33844362,0.33903324,0.33795226,0.33819092,3185950
1740186300000000,DOGEUSDT,5m,0.33819092,0.33915814,0.33814887,0.33876565,3722519
1740186600000000,DOGEUSDT,5m,0.33876565,0.33943852,0.33820492,0.33820492,2343397
1740186900000000,DOGEUSDT,5m,0.33820492,0.33830272,0.33746443,0.33828874,2452706
1740187200000000,DOGEUSDT,5m,0.33828874,0.33879196,0.33784144,0.33784144,1516209
1740187500000000,DOGEUSDT,5m,0.33784144,0.33835727,0.33760443,0.33828756,2615108
1740187800000000,DOGEUSDT,5m,0.33828756,0.3389846,0.33745111,0.33809239,7563958
1740188100000000,DOGEUSDT,5m,0.33809239,0.34015325,0.33603153,0.33603153,3398848
1740188400000000,DOGEUSDT,5m,0.33603153,0.33674684,0.33476598,0.33674684,5303753
1740188700000000,DOGEUSDT,5m,0.33674684,0.33677447,0.33593178,0.33602848,2547076
1740189000000000,DOGEUSDT,5m,0.33602848,0.33649816,0.33522726,0.33649816,2456044
1740189300000000,DOGEUSDT,5m,0.33649816,0.33691374,0.3359302,0.33609643,3426920
1740189600000000,DOGEUSDT,5m,0.33609643,0.33713287,0.33501853,0.33713287,2413482
1740189900000000,DOGEUSDT,5m,0.33713287,0.33716068,0.33647937,0.33652109,1791271
1740190200000000,DOGEUSDT,5m,0.33652109,0.33688258,0.33638205,0.33664622,1313528
1740190500000000,DOGEUSDT,5m,0.33664622,0.33692429,0.33589543,0.33624302,1826555
1740190800000000,DOGEUSDT,5m,0.33624302,0.33729973,0.33511678,0.33729973,2062538
1740191100000000,DOGEUSDT,5m,0.33729973,0.33756558,0.33701988,0.33756558,1518221
1740191400000000,DOGEUSDT,5m,0.33756558,0.3392614,0.33586977,0.33586977,2743035
1740191700000000,DOGEUSDT,5m,0.33586977,0.33621663,0.3357449,0.3357449,1242719
1740192000000000,DOGEUSDT,5m,0.3357449,0.33620239,0.33573103,0.3361608,664894
1740192300000000,DOGEUSDT,5m,0.3361608,0.3361608,0.33478838,0.33510722,2550109
1740192600000000,DOGEUSDT,5m,0.33510722,0.33535674,0.33478839,0.33513495,1364928
1740192900000000,DOGEUSDT,5m,0.33513495,0.33534287,0.33459434,0.33534287,886464
1740193200000000,DOGEUSDT,5m,0.33534287,0.33539832,0.33437255,0.3347191,1257378
1740193500000000,DOGEUSDT,5m,0.3347191,0.33482998,0.33423396,0.33480226,1706336
1740193800000000,DOGEUSDT,5m,0.33480226,0.33506562,0.33430326,0.33480226,1452369
1740194100000000,DOGEUSDT,5m,0.33480226,0.33611902,0.33434486,0.33434486,2272414
1740194400000000,DOGEUSDT,5m,0.33434486,0.33487011,0.33419282,0.33485628,1404231
1740194700000000,DOGEUSDT,5m,0.33485628,0.33507743,0.33466278,0.33502214,1394503
1740195000000000,DOGEUSDT,5m,0.33502214,0.33583843,0.33419202,0.33583843,1398593
1740195300000000,DOGEUSDT,5m,0.33583843,0.33594965,0.33515721,0.33544916,4346659
1740195600000000,DOGEUSDT,5m,0.33544916,0.335616,0.33487914,0.33528233,1321655
1740195900000000,DOGEUSDT,5m,0.33528233,0.33537955,0.33460176,0.33533788,850065
1740196200000000,DOGEUSDT,5m,0.33533788,0.33622708,0.33446258,0.33446258,1068743
1740196500000000,DOGEUSDT,5m,0.33446258,0.33473901,0.3340203,0.33473901,953743
1740196800000000,DOGEUSDT,5m,0.33473901,0.33509896,0.33408833,0.33440675,1116967
1740197100000000,DOGEUSDT,5m,0.33440675,0.33461401,0.33375733,0.33461401,1043568
1740197400000000,DOGEUSDT,5m,0.33461401,0.33505673,0.33418512,0.33504289,696786
1740197700000000,DOGEUSDT,5m,0.33504289,0.33583149,0.3339776,0.33583149,2053329
1740198000000000,DOGEUSDT,5m,0.33583149,0.3364709,0.33556738,0.33601219,1172467
1740198300000000,DOGEUSDT,5m,0.33601219,0.33684618,0.33533111,0.33533111,1323371
1740198600000000,DOGEUSDT,5m,0.33533111,0.33577408,0.33504041,0.33506809,816951
1740198900000000,DOGEUSDT,5m,0.33506809,0.33551039,0.33476401,0.33476401,688087
1740199200000000,DOGEUSDT,5m,0.33476401,0.33523312,0.33448807,0.33448807,816091
1740199500000000,DOGEUSDT,5m,0.33448807,0.33483242,0.33408862,0.33479109,1407007
1740199800000000,DOGEUSDT,5m,0.33479109,0.33543965,0.3346945,0.33527406,779597
1740200100000000,DOGEUSDT,5m,0.33527406,0.33541205,0.33492907,0.33502567,1087496
1740200400000000,DOGEUSDT,5m,0.33502567,0.33541205,0.33477727,0.33491527,3194957
1740200700000000,DOGEUSDT,5m,0.33491527,0.33523266,0.33458408,0.33523266,1017400
1740201000000000,DOGEUSDT,5m,0.33523266,0.33581336,0.3351497,0.33578571,3807032
1740201300000000,DOGEUSDT,5m,0.33578571,0.33607606,0.33545388,0.33559214,1183013
1740201600000000,DOGEUSDT,5m,0.33559214,0.33593742,0.33512257,0.33593742,854790
1740201900000000,DOGEUSDT,5m,0.33593742,0.33640697,0.33585456,0.3363103,2243141
1740202200000000,DOGEUSDT,5m,0.3363103,0.33647602,0.33602028,0.336186,1728898
1740202500000000,DOGEUSDT,5m,0.336186,0.33694501,0.335496,0.335496,5177267
1740202800000000,DOGEUSDT,5m,0.335496,0.33637562,0.33461637,0.33461637,2958151
1740203100000000,DOGEUSDT,5m,0.33461637,0.33495817,0.33390541,0.3344523,2761185
1740203400000000,DOGEUSDT,5m,0.3344523,0.33480778,0.33390541,0.33480778,1099894
1740203700000000,DOGEUSDT,5m,0.33480778,0.33480778,0.33409528,0.33456114,652143
1740204000000000,DOGEUSDT,5m,0.33456114,0.33562985,0.33434192,0.33541063,1875585
1740204300000000,DOGEUSDT,5m,0.33541063,0.33599982,0.33488996,0.33495847,4606872
1740204600000000,DOGEUSDT,5m,0.33495847,0.33513659,0.33468443,0.33504068,2037503
1740204900000000,DOGEUSDT,5m,0.33504068,0.33561644,0.33439637,0.33561644,1798446
1740205200000000,DOGEUSDT,5m,0.33561644,0.33579527,0.33536884,0.33578151,3173812
1740205500000000,DOGEUSDT,5m,0.33578151,0.33580905,0.33532712,0.33579528,1528489
1740205800000000,DOGEUSDT,5m,0.33579528,0.33633227,0.33557498,0.33560252,1454123
1740206100000000,DOGEUSDT,5m,0.33560252,0.33585007,0.33499738,0.33585007,1046676
1740206400000000,DOGEUSDT,5m,0.33585007,0.33619441,0.33545065,0.33598781,1275886
1740206700000000,DOGEUSDT,5m,0.33598781,0.33670461,0.33598781,0.33620836,1098372
1740207000000000,DOGEUSDT,5m,0.33620836,0.33633243,0.33586375,0.33620836,1195720
1740207300000000,DOGEUSDT,5m,0.33620836,0.33638756,0.33602916,0.33616701,617159
1740207600000000,DOGEUSDT,5m,0.33616701,0.33707676,0.33615323,0.33698027,1387510
1740207900000000,DOGEUSDT,5m,0.33698027,0.33766948,0.33669081,0.33669081,1481761
1740208200000000,DOGEUSDT,5m,0.33669081,0.33675961,0.33608535,0.33627799,1310503
1740208500000000,DOGEUSDT,5m,0.33627799,0.33699354,0.33563125,0.33563125,1077307
1740208800000000,DOGEUSDT,5m,0.33563125,0.33582315,0.33511038,0.33548047,1360717
1740209100000000,DOGEUSDT,5m,0.33548047,0.33624807,0.33469917,0.33624807,763041
1740209400000000,DOGEUSDT,5m,0.33624807,0.33656478,0.33576612,0.33656478,1204001
1740209700000000,DOGEUSDT,5m,0.33656478,0.3372408,0.33650959,0.3368821,501717
1740210000000000,DOGEUSDT,5m,0.3368821,0.33719941,0.33660617,0.33719941,540516
1740210300000000,DOGEUSDT,5m,0.33719941,0.3377375,0.33661994,0.3377375,811147
1740210600000000,DOGEUSDT,5m,0.3377375,0.3382773,0.33719769,0.3382773,1105422
1740210900000000,DOGEUSDT,5m,0.3382773,0.33879104,0.33786076,0.33786076,1363895
1740211200000000,DOGEUSDT,5m,0.33786076,0.3387472,0.3377638,0.33852559,1032470
1740211500000000,DOGEUSDT,5m,0.33852559,0.33912117,0.33763915,0.33912117,766769
1740211800000000,DOGEUSDT,5m,0.33912117,0.34044158,0.33780077,0.34044158,3776889
1740212100000000,DOGEUSDT,5m,0.34044158,0.34111391,0.34018945,0.34018945,1045247
1740212400000000,DOGEUSDT,5m,0.34018945,0.34076286,0.33985379,0.33985379,1677555
1740212700000000,DOGEUSDT,5m,0.33985379,0.34013294,0.3396863,0.33971421,554981
1740213000000000,DOGEUSDT,5m,0.33971421,0.34025811,0.33946318,0.34020233,1433286
1740213300000000,DOGEUSDT,5m,0.34020233,0.34042547,0.33982578,0.34041152,1338152
1740213600000000,DOGEUSDT,5m,0.34041152,0.34050926,0.33995075,0.33996471,886666
1740213900000000,DOGEUSDT,5m,0.33996471,0.33996471,0.33935035,0.33965753,954751
1740214200000000,DOGEUSDT,5m,0.33965753,0.33993679,0.33935035,0.33951791,1563115
1740214500000000,DOGEUSDT,5m,0.33951791,0.33986667,0.3393784,0.33962951,1552139
1740214800000000,DOGEUSDT,5m,0.33962951,0.34048103,0.33891759,0.33891759,1290136
1740215100000000,DOGEUSDT,5m,0.33891759,0.34001576,0.33829205,0.33829205,1472823
1740215400000000,DOGEUSDT,5m,0.33829205,0.33885989,0.33797351,0.33854134,1943944
1740215700000000,DOGEUSDT,5m,0.33854134,0.33876326,0.33808365,0.33873552,521425
1740216000000000,DOGEUSDT,5m,0.33873552,0.33924869,0.3386523,0.33880486,751932
1740216300000000,DOGEUSDT,5m,0.33880486,0.3392071,0.3381391,0.33891582,2318027
1740216600000000,DOGEUSDT,5m,0.33891582,0.33922115,0.33863825,0.33887419,1841808
1740216900000000,DOGEUSDT,5m,0.33887419,0.33924891,0.33849947,0.33924891,732398
1740217200000000,DOGEUSDT,5m,0.33924891,0.33944364,0.33902636,0.33940191,536077
1740217500000000,DOGEUSDT,5m,0.33940191,0.34008409,0.33940191,0.33965251,870619
1740217800000000,DOGEUSDT,5m,0.33965251,0.33977781,0.33936014,0.33963859,920692
1740218100000000,DOGEUSDT,5m,0.33963859,0.33994484,0.33949938,0.33981956,910325
1740218400000000,DOGEUSDT,5m,0.33981956,0.34000053,0.33916528,0.3399866,4608386
1740218700000000,DOGEUSDT,5m,0.3399866,0.34151946,0.3396661,0.34089238,7899459
1740219000000000,DOGEUSDT,5m,0.34089238,0.34153337,0.34043254,0.34124074,2798442
1740219300000000,DOGEUSDT,5m,0.34124074,0.34206456,0.34087771,0.34096148,2162787
1740219600000000,DOGEUSDT,5m,0.34096148,0.34205064,0.34090563,0.34182722,1248892
1740219900000000,DOGEUSDT,5m,0.34182722,0.34212046,0.34158984,0.34158984,1260788
1740220200000000,DOGEUSDT,5m,0.34158984,0.34174323,0.34087869,0.3409763,3620913
1740220500000000,DOGEUSDT,5m,0.3409763,0.34104602,0.34050222,0.3405301,1529887
1740220800000000,DOGEUSDT,5m,0.3405301,0.34115754,0.3405301,0.34101811,631993
1740221100000000,DOGEUSDT,5m,0.34101811,0.34157585,0.34039065,0.34157585,2175016
1740221400000000,DOGEUSDT,5m,0.34157585,0.34161782,0.34096033,0.34097431,2828099
1740221700000000,DOGEUSDT,5m,0.34097431,0.34105825,0.34061058,0.34061058,13680788
1740222000000000,DOGEUSDT,5m,0.34061058,0.34096033,0.34028881,0.34093235,2344489
1740222300000000,DOGEUSDT,5m,0.34093235,0.34119814,0.34065256,0.34119814,2104202
1740222600000000,DOGEUSDT,5m,0.34119814,0.3413943,0.34097396,0.3413943,1330810
1740222900000000,DOGEUSDT,5m,0.3413943,0.34206758,0.34072102,0.34072102,1154509
1740223200000000,DOGEUSDT,5m,0.34072102,0.34090265,0.34021803,0.34090265,868149
1740223500000000,DOGEUSDT,5m,0.34090265,0.34119637,0.34083272,0.3409586,956329
1740223800000000,DOGEUSDT,5m,0.3409586,0.34128027,0.34074881,0.34074881,908826
1740224100000000,DOGEUSDT,5m,0.34074881,0.341112,0.34051135,0.34051135,2177472
1740224400000000,DOGEUSDT,5m,0.34051135,0.34062294,0.34020447,0.34062294,593786
1740224700000000,DOGEUSDT,5m,0.34062294,0.34118125,0.34045545,0.34060898,1960771
1740225000000000,DOGEUSDT,5m,0.34060898,0.34111144,0.34048337,0.34081834,1134922
1740225300000000,DOGEUSDT,5m,0.34081834,0.34101375,0.3405671,0.34059502,553917
1740225600000000,DOGEUSDT,5m,0.34059502,0.34104166,0.3404694,0.34048336,1102020
1740225900000000,DOGEUSDT,5m,0.34048336,0.34067876,0.34019024,0.3405671,1489019
1740226200000000,DOGEUSDT,5m,0.3405671,0.34095792,0.34003671,0.34095792,414089
1740226500000000,DOGEUSDT,5m,0.34095792,0.34176932,0.34041232,0.34041232,541986
1740226800000000,DOGEUSDT,5m,0.34041232,0.34041232,0.33947796,0.33956163,922182
1740227100000000,DOGEUSDT,5m,0.33956163,0.33993817,0.3391851,0.3391851,638571
1740227400000000,DOGEUSDT,5m,0.3391851,0.33985304,0.3387259,0.3387259,1494725
1740227700000000,DOGEUSDT,5m,0.3387259,0.33922549,0.33836508,0.33836508,768724
1740228000000000,DOGEUSDT,5m,0.33836508,0.33854511,0.33803271,0.33806041,1301433
1740228300000000,DOGEUSDT,5m,0.33806041,0.33835124,0.33797731,0.33824045,2189278
1740228600000000,DOGEUSDT,5m,0.33824045,0.33850358,0.3381712,0.33824045,1696956
1740228900000000,DOGEUSDT,5m,0.33824045,0.33868362,0.33803271,0.33803271,3396416
1740229200000000,DOGEUSDT,5m,0.33803271,0.33872432,0.33803271,0.33868283,1395499
1740229500000000,DOGEUSDT,5m,0.33868283,0.3394021,0.33794972,0.3394021,2444757
1740229800000000,DOGEUSDT,5m,0.3394021,0.33949934,0.33908261,0.33919374,1184211
1740230100000000,DOGEUSDT,5m,0.33919374,0.33984662,0.33919374,0.33967993,667526
1740230400000000,DOGEUSDT,5m,0.33967993,0.33990218,0.33936043,0.33942989,682689
1740230700000000,DOGEUSDT,5m,0.33942989,0.33998553,0.33887424,0.33998553,698946
1740231000000000,DOGEUSDT,5m,0.33998553,0.34022245,0.33895422,0.33906571,2711772
1740231300000000,DOGEUSDT,5m,0.33906571,0.33919114,0.33867548,0.33907965,4196430
1740231600000000,DOGEUSDT,5m,0.33907965,0.33933053,0.33889845,0.33894027,947471
1740231900000000,DOGEUSDT,5m,0.33894027,0.33926059,0.33887063,0.33923273,811732
1740232200000000,DOGEUSDT,5m,0.33923273,0.33945556,0.33888456,0.33895419,566640
1740232500000000,DOGEUSDT,5m,0.33895419,0.33930235,0.33857818,0.33896812,3049388
1740232800000000,DOGEUSDT,5m,0.33896812,0.33945552,0.33859212,0.33859212,885792
1740233100000000,DOGEUSDT,5m,0.33859212,0.33939803,0.33859212,0.33895339,1290433
1740233400000000,DOGEUSDT,5m,0.33895339,0.3391896,0.33864772,0.3391757,390490
1740233700000000,DOGEUSDT,5m,0.3391757,0.33985745,0.33916179,0.33976006,1639279
1740234000000000,DOGEUSDT,5m,0.33976006,0.34002441,0.33956527,0.33973223,1431716
1740234300000000,DOGEUSDT,5m,0.33973223,0.33992699,0.33906448,0.33980179,2482032
1740234600000000,DOGEUSDT,5m,0.33980179,0.33996879,0.33893892,0.33903634,1299998
1740234900000000,DOGEUSDT,5m,0.33903634,0.33970437,0.33903634,0.33963478,1043687
1740235200000000,DOGEUSDT,5m,0.33963478,0.33985746,0.33930077,0.33970437,3891294
1740235500000000,DOGEUSDT,5m,0.33970437,0.3400523,0.33935644,0.3400523,1278936
1740235800000000,DOGEUSDT,5m,0.3400523,0.34026149,0.33988494,0.34021965,763171
1740236100000000,DOGEUSDT,5m,0.34021965,0.3404849,0.34010797,0.34010797,1601330
1740236400000000,DOGEUSDT,5m,0.34010797,0.3409032,0.34010797,0.34088925,1836368
1740236700000000,DOGEUSDT,5m,0.34088925,0.34121013,0.34056836,0.34056836,1444042
1740237000000000,DOGEUSDT,5m,0.34056836,0.34081902,0.34002528,0.34081902,947064
1740237300000000,DOGEUSDT,5m,0.34081902,0.34180916,0.34081902,0.34179522,4456328
1740237600000000,DOGEUSDT,5m,0.34179522,0.34196257,0.34107004,0.34196257,2246060
1740237900000000,DOGEUSDT,5m,0.34196257,0.34286992,0.34183693,0.34185089,2899647
1740238200000000,DOGEUSDT,5m,0.34185089,0.34245117,0.34126457,0.34126457,1590375
1740238500000000,DOGEUSDT,5m,0.34126457,0.34126457,0.34059676,0.34094458,1313021
1740238800000000,DOGEUSDT,5m,0.34094458,0.34101414,0.34029068,0.3405272,967751
1740239100000000,DOGEUSDT,5m,0.3405272,0.3420576,0.34027677,0.34143153,1680545
1740239400000000,DOGEUSDT,5m,0.34143153,0.3420576,0.34070807,0.3420576,2628412
1740239700000000,DOGEUSDT,5m,0.3420576,0.34399857,0.34198778,0.34297921,6373679
1740240000000000,DOGEUSDT,5m,0.34297921,0.34441748,0.34297921,0.34362154,3856334
1740240300000000,DOGEUSDT,5m,0.34362154,0.34381704,0.34320263,0.34373325,2448915
1740240600000000,DOGEUSDT,5m,0.34373325,0.34418039,0.34341188,0.34370531,3687521
1740240900000000,DOGEUSDT,5m,0.34370531,0.34492075,0.34250384,0.34250384,3538648
1740241200000000,DOGEUSDT,5m,0.34250384,0.34273968,0.34229574,0.34255933,3320640
1740241500000000,DOGEUSDT,5m,0.34255933,0.34319768,0.34151854,0.34319768,1709388
1740241800000000,DOGEUSDT,5m,0.34319768,0.34342055,0.3425848,0.3428216,2576433
1740242100000000,DOGEUSDT,5m,0.3428216,0.34328126,0.34271016,0.34271016,1137688
1740242400000000,DOGEUSDT,5m,0.34271016,0.34315562,0.34206982,0.34315562,1197001
1740242700000000,DOGEUSDT,5m,0.34315562,0.34358828,0.34291836,0.34340684,1470649
1740243000000000,DOGEUSDT,5m,0.34340684,0.34364411,0.34315562,0.34360224,887103
1740243300000000,DOGEUSDT,5m,0.34360224,0.34365813,0.34263812,0.34277785,2386188
1740243600000000,DOGEUSDT,5m,0.34277785,0.3430154,0.34209316,0.34288964,6596025
1740243900000000,DOGEUSDT,5m,0.34288964,0.34379853,0.34206464,0.34206464,1898455
1740244200000000,DOGEUSDT,5m,0.34206464,0.3424543,0.34188373,0.34188373,1609731
1740244500000000,DOGEUSDT,5m,0.34188373,0.34227296,0.3414667,0.3414667,1212906
1740244800000000,DOGEUSDT,5m,0.3414667,0.34218956,0.3414528,0.34218956,1244598
1740245100000000,DOGEUSDT,5m,0.34218956,0.34280118,0.34203665,0.34203665,1032321
1740245400000000,DOGEUSDT,5m,0.34203665,0.3427588,0.34139782,0.3414256,1867546
1740245700000000,DOGEUSDT,5m,0.3414256,0.341647,0.34106582,0.34121803,1815467
1740246000000000,DOGEUSDT,5m,0.34121803,0.34189607,0.34092745,0.3418684,1869290
1740246300000000,DOGEUSDT,5m,0.3418684,0.34235271,0.3410935,0.34235271,1598566
1740246600000000,DOGEUSDT,5m,0.34235271,0.34353218,0.34221395,0.34344892,2666257
1740246900000000,DOGEUSDT,5m,0.34344892,0.34383744,0.34308816,0.34329629,2093084
1740247200000000,DOGEUSDT,5m,0.34329629,0.34367095,0.34325466,0.34362932,1964943
1740247500000000,DOGEUSDT,5m,0.34362932,0.34378196,0.3434073,0.34376808,871307
1740247800000000,DOGEUSDT,5m,0.34376808,0.34455899,0.34293555,0.34455899,1491889
1740248100000000,DOGEUSDT,5m,0.34455899,0.34478202,0.34401537,0.34444748,2039531
1740248400000000,DOGEUSDT,5m,0.34444748,0.34490745,0.34430809,0.34454505,1289344
1740248700000000,DOGEUSDT,5m,0.34454505,0.34478213,0.34328993,0.34478213,4250024
1740249000000000,DOGEUSDT,5m,0.34478213,0.34511729,0.34437714,0.34437714,1258830
1740249300000000,DOGEUSDT,5m,0.34437714,0.3449218,0.34400007,0.34453076,4800236
1740249600000000,DOGEUSDT,5m,0.34453076,0.34499208,0.34447485,0.34492218,3367945
1740249900000000,DOGEUSDT,5m,0.34492218,0.34496412,0.34426519,0.3445168,1647789
1740250200000000,DOGEUSDT,5m,0.3445168,0.34564907,0.34338453,0.34564907,1719805
1740250500000000,DOGEUSDT,5m,0.34564907,0.34666216,0.345635,0.34661995,2391167
1740250800000000,DOGEUSDT,5m,0.34661995,0.34695767,0.3461556,0.34695767,912930
1740251100000000,DOGEUSDT,5m,0.34695767,0.34716916,0.34674617,0.34674617,755549
1740251400000000,DOGEUSDT,5m,0.34674617,0.34708416,0.34628144,0.34708416,682594
1740251700000000,DOGEUSDT,5m,0.34708416,0.34767677,0.34708416,0.34753567,2341540
1740252000000000,DOGEUSDT,5m,0.34753567,0.34784608,0.34730992,0.34730992,518017
1740252300000000,DOGEUSDT,5m,0.34730992,0.34787357,0.34705627,0.34705627,589579
1740252600000000,DOGEUSDT,5m,0.34705627,0.34743618,0.3469437,0.34743618,377636
1740252900000000,DOGEUSDT,5m,0.34743618,0.34768945,0.34722513,0.34763317,326871
1740253200000000,DOGEUSDT,5m,0.34763317,0.34811212,0.34732326,0.34732326,1111554
1740253500000000,DOGEUSDT,5m,0.34732326,0.34752012,0.34707015,0.34707015,698206
1740253800000000,DOGEUSDT,5m,0.34707015,0.34718265,0.34695765,0.34707015,289699
1740254100000000,DOGEUSDT,5m,0.34707015,0.34746387,0.34670454,0.34670454,1196152
1740254400000000,DOGEUSDT,5m,0.34670454,0.3469852,0.34576436,0.34587662,889730
1740254700000000,DOGEUSDT,5m,0.34587662,0.34597485,0.3448382,0.34531531,1376741
1740255000000000,DOGEUSDT,5m,0.34531531,0.34541354,0.34503467,0.34507677,494703
1740255300000000,DOGEUSDT,5m,0.34507677,0.34532934,0.34464177,0.34496451,1977725
1740255600000000,DOGEUSDT,5m,0.34496451,0.34509079,0.34464179,0.34493645,832866
1740255900000000,DOGEUSDT,5m,0.34493645,0.34513286,0.34476809,0.34506272,509419
1740256200000000,DOGEUSDT,5m,0.34506272,0.34558182,0.34493645,0.34558182,685112
1740256500000000,DOGEUSDT,5m,0.34558182,0.34608689,0.34556779,0.34562391,446395
1740256800000000,DOGEUSDT,5m,0.34562391,0.34586242,0.34562391,0.34570809,220259
1740257100000000,DOGEUSDT,5m,0.34570809,0.34600273,0.34500657,0.34551166,410708
1740257400000000,DOGEUSDT,5m,0.34551166,0.34558181,0.34503465,0.34517495,422200
1740257700000000,DOGEUSDT,5m,0.34517495,0.34582029,0.34471198,0.34471198,473669
1740258000000000,DOGEUSDT,5m,0.34471198,0.34524367,0.34465602,0.34504778,797652
1740258300000000,DOGEUSDT,5m,0.34504778,0.34548152,0.34483791,0.34529963,516033
1740258600000000,DOGEUSDT,5m,0.34529963,0.34538358,0.3448799,0.34499183,968672
1740258900000000,DOGEUSDT,5m,0.34499183,0.34535558,0.34462808,0.34462808,264487
1740259200000000,DOGEUSDT,5m,0.34462808,0.34462808,0.34387415,0.34409754,369477
1740259500000000,DOGEUSDT,5m,0.34409754,0.34446054,0.34369265,0.34446054,888444
1740259800000000,DOGEUSDT,5m,0.34446054,0.34471238,0.3443626,0.34454448,496850
1740260100000000,DOGEUSDT,5m,0.34454448,0.34496423,0.34454448,0.34495024,1346727
1740260400000000,DOGEUSDT,5m,0.34495024,0.34518811,0.34479633,0.34486629,748146
1740260700000000,DOGEUSDT,5m,0.34486629,0.34529984,0.34469846,0.34525788,1725723
1740261000000000,DOGEUSDT,5m,0.34525788,0.34543969,0.34515998,0.3452439,307002
1740261300000000,DOGEUSDT,5m,0.3452439,0.3452439,0.34489427,0.34507608,671879
1740261600000000,DOGEUSDT,5m,0.34507608,0.34553756,0.3446146,0.3446146,1808267
1740261900000000,DOGEUSDT,5m,0.3446146,0.34492143,0.34436355,0.34436355,404367
1740262200000000,DOGEUSDT,5m,0.34436355,0.34450282,0.34405717,0.34450282,749599
1740262500000000,DOGEUSDT,5m,0.34450282,0.34471189,0.34421012,0.34440525,491690
1740262800000000,DOGEUSDT,5m,0.34440525,0.344684,0.34440525,0.34460037,388061
1740263100000000,DOGEUSDT,5m,0.34460037,0.34465612,0.34437738,0.34439131,301531
1740263400000000,DOGEUSDT,5m,0.34439131,0.34454463,0.34408468,0.34447494,515679
1740263700000000,DOGEUSDT,5m,0.34447494,0.34496299,0.34384746,0.34496299,703045
1740264000000000,DOGEUSDT,5m,0.34496299,0.34517274,0.34471128,0.34515876,932555
1740264300000000,DOGEUSDT,5m,0.34515876,0.34520071,0.34492104,0.34492104,334708
1740264600000000,DOGEUSDT,5m,0.34492104,0.34510282,0.34480918,0.34508883,433529
1740264900000000,DOGEUSDT,5m,0.34508883,0.34515875,0.34490705,0.3451168,371963
1740265200000000,DOGEUSDT,5m,0.3451168,0.34569022,0.34448743,0.34569022,1021497
1740265500000000,DOGEUSDT,5m,0.34569022,0.34609718,0.34524117,0.34609718,1193098
1740265800000000,DOGEUSDT,5m,0.34609718,0.34670063,0.3455218,0.3455218,425536
1740266100000000,DOGEUSDT,5m,0.3455218,0.34556376,0.34521409,0.34550782,553330
1740266400000000,DOGEUSDT,5m,0.34550782,0.34556376,0.34517217,0.34525608,221327
1740266700000000,DOGEUSDT,5m,0.34525608,0.34577352,0.34508826,0.34575953,451149
1740267000000000,DOGEUSDT,5m,0.34575953,0.34594133,0.34570359,0.34584344,3045465
1740267300000000,DOGEUSDT,5m,0.34584344,0.34595532,0.34554975,0.34573156,618025
1740267600000000,DOGEUSDT,5m,0.34573156,0.34573156,0.34528434,0.34538217,628270
1740267900000000,DOGEUSDT,5m,0.34538217,0.34543807,0.3446135,0.34506072,1193122
1740268200000000,DOGEUSDT,5m,0.34506072,0.34506072,0.34465544,0.34486507,448790
1740268500000000,DOGEUSDT,5m,0.34486507,0.34515855,0.34452967,0.34515855,352716
1740268800000000,DOGEUSDT,5m,0.34515855,0.34541052,0.34476659,0.34486458,615524
1740269100000000,DOGEUSDT,5m,0.34486458,0.34550854,0.34422063,0.34550854,883497
1740269400000000,DOGEUSDT,5m,0.34550854,0.34585982,0.34535397,0.34535397,1161898
1740269700000000,DOGEUSDT,5m,0.34535397,0.34578917,0.34505916,0.34505916,1065256
1740270000000000,DOGEUSDT,5m,0.34505916,0.34549363,0.34487696,0.34507317,1486590
1740270300000000,DOGEUSDT,5m,0.34507317,0.34547964,0.34494703,0.34531144,616990
1740270600000000,DOGEUSDT,5m,0.34531144,0.34585809,0.34522734,0.34584407,726313
1740270900000000,DOGEUSDT,5m,0.34584407,0.34643277,0.34519931,0.34643277,561464
1740271200000000,DOGEUSDT,5m,0.34643277,0.34648902,0.34619368,0.34629213,1988382
1740271500000000,DOGEUSDT,5m,0.34629213,0.34630619,0.34499826,0.34554675,3406812
1740271800000000,DOGEUSDT,5m,0.34554675,0.34587022,0.34530767,0.34553269,1683121
1740272100000000,DOGEUSDT,5m,0.34553269,0.34609519,0.34516706,0.34516706,467776
1740272400000000,DOGEUSDT,5m,0.34516706,0.34558804,0.34470397,0.34490043,882655
1740272700000000,DOGEUSDT,5m,0.34490043,0.34491447,0.34419876,0.34457766,916189
1740273000000000,DOGEUSDT,5m,0.34457766,0.3450548,0.34408649,0.3450548,569354
1740273300000000,DOGEUSDT,5m,0.3450548,0.3456177,0.3450548,0.34518145,756216
1740273600000000,DOGEUSDT,5m,0.34518145,0.34518145,0.34430896,0.34463263,2462065
1740273900000000,DOGEUSDT,5m,0.34463263,0.3450548,0.34459041,0.34467485,784495
1740274200000000,DOGEUSDT,5m,0.34467485,0.34467485,0.34425257,0.3443511,1312047
1740274500000000,DOGEUSDT,5m,0.3443511,0.34475932,0.34428072,0.34436518,2087807
1740274800000000,DOGEUSDT,5m,0.34436518,0.34463264,0.34422441,0.34461856,1190160
1740275100000000,DOGEUSDT,5m,0.34461856,0.34515349,0.3445341,0.34467487,1319062
1740275400000000,DOGEUSDT,5m,0.34467487,0.34515363,0.34467487,0.34501282,1399325
1740275700000000,DOGEUSDT,5m,0.34501282,0.34557606,0.34499874,0.34505506,1101164
1740276000000000,DOGEUSDT,5m,0.34505506,0.34549157,0.34466079,0.34466079,1498034
1740276300000000,DOGEUSDT,5m,0.34466079,0.3448016,0.3442102,0.3448016,619360
1740276600000000,DOGEUSDT,5m,0.3448016,0.34521027,0.34467477,0.34518208,1024952
1740276900000000,DOGEUSDT,5m,0.34518208,0.3456753,0.34468887,0.3456753,587828
1740277200000000,DOGEUSDT,5m,0.3456753,0.34595794,0.34550572,0.34563291,1053067
1740277500000000,DOGEUSDT,5m,0.34563291,0.34595792,0.34561878,0.34592966,551247
1740277800000000,DOGEUSDT,5m,0.34592966,0.34592966,0.34544922,0.34550574,822475
1740278100000000,DOGEUSDT,5m,0.34550574,0.34551987,0.34482748,0.34543509,1413587
1740278400000000,DOGEUSDT,5m,0.34543509,0.34581662,0.3450677,0.3450677,947549
1740278700000000,DOGEUSDT,5m,0.3450677,0.3451805,0.34458828,0.34464468,2806581
1740279000000000,DOGEUSDT,5m,0.34464468,0.34495488,0.34422168,0.34423578,923231
1740279300000000,DOGEUSDT,5m,0.34423578,0.34434858,0.3438551,0.34402429,1486635
1740279600000000,DOGEUSDT,5m,0.34402429,0.34477156,0.3438833,0.3439397,899817
1740279900000000,DOGEUSDT,5m,0.3439397,0.3439397,0.34317871,0.34322098,1775847
1740280200000000,DOGEUSDT,5m,0.34322098,0.34370013,0.34279821,0.34279821,1384188
1740280500000000,DOGEUSDT,5m,0.34279821,0.34368385,0.34227807,0.34227807,1456494
1740280800000000,DOGEUSDT,5m,0.34227807,0.3426705,0.34208186,0.34261444,1112272
1740281100000000,DOGEUSDT,5m,0.34261444,0.34303488,0.34217999,0.34303488,1238246
1740281400000000,DOGEUSDT,5m,0.34303488,0.34358281,0.34248694,0.34248694,517612
1740281700000000,DOGEUSDT,5m,0.34248694,0.34324317,0.34173071,0.34324317,358882
1740282000000000,DOGEUSDT,5m,0.34324317,0.34328537,0.34290558,0.34321504,727895
1740282300000000,DOGEUSDT,5m,0.34321504,0.34370727,0.34284937,0.34284937,654516
1740282600000000,DOGEUSDT,5m,0.34284937,0.34284937,0.34234415,0.34235819,336171
1740282900000000,DOGEUSDT,5m,0.34235819,0.34266695,0.34218977,0.34218977,1010419
1740283200000000,DOGEUSDT,5m,0.34218977,0.34218977,0.34122234,0.34134853,1331076
1740283500000000,DOGEUSDT,5m,0.34134853,0.34144667,0.34088585,0.34104007,1961828
1740283800000000,DOGEUSDT,5m,0.34104007,0.34162894,0.34063347,0.34063347,600698
1740284100000000,DOGEUSDT,5m,0.34063347,0.34089922,0.34036772,0.34084327,1148202
1740284400000000,DOGEUSDT,5m,0.34084327,0.34116497,0.34066145,0.34106706,528770
1740284700000000,DOGEUSDT,5m,0.34106706,0.34124888,0.34075937,0.34085727,635814
1740285000000000,DOGEUSDT,5m,0.34085727,0.34108105,0.34045167,0.34108105,880252
1740285300000000,DOGEUSDT,5m,0.34108105,0.34158523,0.34108105,0.34147319,527210
1740285600000000,DOGEUSDT,5m,0.34147319,0.34173929,0.34137516,0.34173929,288166
1740285900000000,DOGEUSDT,5m,0.34173929,0.34186534,0.34124909,0.34161324,716209
1740286200000000,DOGEUSDT,5m,0.34161324,0.34204711,0.3413893,0.34161324,813832
1740286500000000,DOGEUSDT,5m,0.34161324,0.34200511,0.34148728,0.34148728,777368
1740286800000000,DOGEUSDT,5m,0.34148728,0.34157119,0.34124952,0.34145931,569626
1740287100000000,DOGEUSDT,5m,0.34145931,0.34164111,0.34130547,0.34151525,677546
1740287400000000,DOGEUSDT,5m,0.34151525,0.34154322,0.34123555,0.34147329,305275
1740287700000000,DOGEUSDT,5m,0.34147329,0.34201869,0.3409279,0.34201869,1328693
1740288000000000,DOGEUSDT,5m,0.34201869,0.3430148,0.3410366,0.3410366,677802
1740288300000000,DOGEUSDT,5m,0.3410366,0.34124583,0.34071578,0.34098081,1012425
1740288600000000,DOGEUSDT,5m,0.34098081,0.34124576,0.34070191,0.34091108,594708
1740288900000000,DOGEUSDT,5m,0.34091108,0.34100866,0.34066018,0.34081351,1810417
1740289200000000,DOGEUSDT,5m,0.34081351,0.34105035,0.3405488,0.34088317,2023987
1740289500000000,DOGEUSDT,5m,0.34088317,0.34139885,0.34075773,0.34091104,3675042
1740289800000000,DOGEUSDT,5m,0.34091104,0.34112009,0.34050687,0.34112009,2503675
1740290100000000,DOGEUSDT,5m,0.34112009,0.34117591,0.34077123,0.34078518,1543518
1740290400000000,DOGEUSDT,5m,0.34078518,0.34095264,0.34040841,0.34088287,818246
1740290700000000,DOGEUSDT,5m,0.34088287,0.34116213,0.3407572,0.34082701,384999
1740291000000000,DOGEUSDT,5m,0.34082701,0.34116213,0.3404919,0.3404919,794278
1740291300000000,DOGEUSDT,5m,0.3404919,0.34148129,0.33953037,0.33953037,1703262
1740291600000000,DOGEUSDT,5m,0.33953037,0.33959965,0.33900382,0.33922552,434583
1740291900000000,DOGEUSDT,5m,0.33922552,0.33975208,0.33922552,0.33947494,1416192
1740292200000000,DOGEUSDT,5m,0.33947494,0.33976592,0.33933638,0.33954423,491740
1740292500000000,DOGEUSDT,5m,0.33954423,0.33976592,0.33946109,0.33976592,774124
1740292800000000,DOGEUSDT,5m,0.33976592,0.33980749,0.33919782,0.33935024,1324191
1740293100000000,DOGEUSDT,5m,0.33935024,0.33953036,0.33892072,0.33953036,472212
1740293400000000,DOGEUSDT,5m,0.33953036,0.33973842,0.33943327,0.33957197,590792
1740293700000000,DOGEUSDT,5m,0.33957197,0.33965519,0.33930844,0.33948875,249395
1740294000000000,DOGEUSDT,5m,0.33948875,0.3395858,0.33918375,0.3395858,602732
1740294300000000,DOGEUSDT,5m,0.3395858,0.33993258,0.33950257,0.33986322,506629
1740294600000000,DOGEUSDT,5m,0.33986322,0.34002969,0.33971063,0.33994645,280974
1740294900000000,DOGEUSDT,5m,0.33994645,0.34123655,0.33875347,0.33875347,3654767
1740295200000000,DOGEUSDT,5m,0.33875347,0.33922181,0.33834022,0.33875347,2318063
1740295500000000,DOGEUSDT,5m,0.33875347,0.33886367,0.33834022,0.33861572,815060
1740295800000000,DOGEUSDT,5m,0.33861572,0.33944225,0.33789939,0.33789939,1373704
1740296100000000,DOGEUSDT,5m,0.33789939,0.33892815,0.33757019,0.33887328,2415237
1740296400000000,DOGEUSDT,5m,0.33887328,0.33960027,0.33883213,0.3392162,2772429
1740296700000000,DOGEUSDT,5m,0.3392162,0.3392985,0.338887,0.33903788,1669623
1740297000000000,DOGEUSDT,5m,0.33903788,0.33953171,0.33835202,0.33953171,2688315
1740297300000000,DOGEUSDT,5m,0.33953171,0.33983438,0.33932534,0.33932534,1092676
1740297600000000,DOGEUSDT,5m,0.33932534,0.33942153,0.33884438,0.33906425,1377061
1740297900000000,DOGEUSDT,5m,0.33906425,0.33943529,0.33894056,0.33894056,1369516
1740298200000000,DOGEUSDT,5m,0.33894056,0.33909173,0.33862449,0.33900928,1469264
1740298500000000,DOGEUSDT,5m,0.33900928,0.33949026,0.33862449,0.33862449,1916090
1740298800000000,DOGEUSDT,5m,0.33862449,0.33892614,0.33832285,0.33892614,940233
1740299100000000,DOGEUSDT,5m,0.33892614,0.33946183,0.33828056,0.33946183,1692378
1740299400000000,DOGEUSDT,5m,0.33946183,0.33965473,0.33914491,0.33948938,1879024
1740299700000000,DOGEUSDT,5m,0.33948938,0.33995797,0.33937913,0.33955829,1698033
1740300000000000,DOGEUSDT,5m,0.33955829,0.33968234,0.33946182,0.33948938,668848
1740300300000000,DOGEUSDT,5m,0.33948938,0.33991646,0.33943427,0.33990269,819898
1740300600000000,DOGEUSDT,5m,0.33990269,0.33998535,0.33936539,0.3394205,1724633
1740300900000000,DOGEUSDT,5m,0.3394205,0.33973736,0.33926895,0.33969603,923707
1740301200000000,DOGEUSDT,5m,0.33969603,0.34004044,0.33935163,0.33935163,1195634
1740301500000000,DOGEUSDT,5m,0.33935163,0.33955826,0.33906234,0.33955826,977650
1740301800000000,DOGEUSDT,5m,0.33955826,0.33955826,0.33889622,0.33899277,1335403
1740302100000000,DOGEUSDT,5m,0.33899277,0.33915828,0.33859279,0.3387445,1992698
1740302400000000,DOGEUSDT,5m,0.3387445,0.33917209,0.33817899,0.33917209,1163361
1740302700000000,DOGEUSDT,5m,0.33917209,0.33957308,0.33914443,0.33942098,674345
1740303000000000,DOGEUSDT,5m,0.33942098,0.33982196,0.33895087,0.33982196,1339697
1740303300000000,DOGEUSDT,5m,0.33982196,0.34016845,0.33863004,0.34016845,13421320
1740303600000000,DOGEUSDT,5m,0.34016845,0.34094617,0.34007123,0.34091839,897175
1740303900000000,DOGEUSDT,5m,0.34091839,0.3415017,0.34055729,0.34055729,820608
1740304200000000,DOGEUSDT,5m,0.34055729,0.34082061,0.34051572,0.34064045,1684108
1740304500000000,DOGEUSDT,5m,0.34064045,0.34098694,0.34055729,0.34076518,711289
1740304800000000,DOGEUSDT,5m,0.34076518,0.34107011,0.34046026,0.34107011,512655
1740305100000000,DOGEUSDT,5m,0.34107011,0.34133392,0.34080629,0.34112565,1001817
1740305400000000,DOGEUSDT,5m,0.34112565,0.3413201,0.34097286,0.34116731,557654
1740305700000000,DOGEUSDT,5m,0.34116731,0.34132014,0.34101449,0.34101449,380519
1740306000000000,DOGEUSDT,5m,0.34101449,0.34119494,0.340723,0.34119494,547521
1740306300000000,DOGEUSDT,5m,0.34119494,0.34129221,0.3409865,0.34111156,199297
1740306600000000,DOGEUSDT,5m,0.34111156,0.34111156,0.34051402,0.34066688,2001009
1740306900000000,DOGEUSDT,5m,0.34066688,0.34088922,0.34031948,0.34068078,1362763
1740307200000000,DOGEUSDT,5m,0.34068078,0.34097264,0.34037502,0.34073637,563793
1740307500000000,DOGEUSDT,5m,0.34073637,0.34095874,0.34018045,0.34084756,953701
1740307800000000,DOGEUSDT,5m,0.34084756,0.34105616,0.34065286,0.34065286,1290357
1740308100000000,DOGEUSDT,5m,0.34065286,0.34098623,0.34033337,0.34033337,586598
1740308400000000,DOGEUSDT,5m,0.34033337,0.34054134,0.33976493,0.34012541,509830
1740308700000000,DOGEUSDT,5m,0.34012541,0.34027774,0.33998692,0.34004232,604796
1740309000000000,DOGEUSDT,5m,0.34004232,0.34019457,0.33989006,0.34019457,512210
1740309300000000,DOGEUSDT,5m,0.34019457,0.34061017,0.34004219,0.34058246,489540
1740309600000000,DOGEUSDT,5m,0.34058246,0.34131672,0.33941874,0.34131672,330512
1740309900000000,DOGEUSDT,5m,0.34131672,0.34159499,0.34120541,0.34127497,407875
1740310200000000,DOGEUSDT,5m,0.34127497,0.34159498,0.34110802,0.34117758,566858
1740310500000000,DOGEUSDT,5m,0.34117758,0.34140007,0.34091338,0.34140007,307486
1740310800000000,DOGEUSDT,5m,0.34140007,0.34156715,0.3409545,0.34156715,482423
1740311100000000,DOGEUSDT,5m,0.34156715,0.34158109,0.34066121,0.34085634,2041641
1740311400000000,DOGEUSDT,5m,0.34085634,0.34093996,0.34053577,0.34092603,1923059
1740311700000000,DOGEUSDT,5m,0.34092603,0.34127459,0.34085631,0.34103757,669794
1740312000000000,DOGEUSDT,5m,0.34103757,0.3415395,0.34053563,0.34053563,1143439
1740312300000000,DOGEUSDT,5m,0.34053563,0.34063294,0.33965986,0.33965986,2015227
1740312600000000,DOGEUSDT,5m,0.33965986,0.33967376,0.33920111,0.33929842,1471817
1740312900000000,DOGEUSDT,5m,0.33929842,0.33932622,0.33832526,0.33853379,6886218
1740313200000000,DOGEUSDT,5m,0.33853379,0.33931229,0.33853379,0.33870061,1096463
1740313500000000,DOGEUSDT,5m,0.33870061,0.33870061,0.33810282,0.33825574,2739523
1740313800000000,DOGEUSDT,5m,0.33825574,0.33896476,0.33754673,0.33754673,2184937
1740314100000000,DOGEUSDT,5m,0.33754673,0.33804511,0.33736675,0.33769901,917000
1740314400000000,DOGEUSDT,5m,0.33769901,0.33837737,0.33715909,0.33756057,5832754
1740314700000000,DOGEUSDT,5m,0.33756057,0.33810003,0.33695195,0.33810003,1028946
1740315000000000,DOGEUSDT,5m,0.33810003,0.33848855,0.33748949,0.3384053,1485588
1740315300000000,DOGEUSDT,5m,0.3384053,0.33847467,0.33805841,0.33819717,491996
1740315600000000,DOGEUSDT,5m,0.33819717,0.33950139,0.33815554,0.33948752,2227875
1740315900000000,DOGEUSDT,5m,0.33948752,0.3401396,0.33918229,0.33918229,5673182
1740316200000000,DOGEUSDT,5m,0.33918229,0.33929308,0.33884992,0.3390161,1289260
1740316500000000,DOGEUSDT,5m,0.3390161,0.3400409,0.33868373,0.33896071,1062309
1740316800000000,DOGEUSDT,5m,0.33896071,0.33933464,0.33866987,0.33891916,710375
1740317100000000,DOGEUSDT,5m,0.33891916,0.33900226,0.33862831,0.33900226,856067
1740317400000000,DOGEUSDT,5m,0.33900226,0.33934867,0.33846185,0.33933482,1062089
1740317700000000,DOGEUSDT,5m,0.33933482,0.33965351,0.33897456,0.33965351,1112481
1740318000000000,DOGEUSDT,5m,0.33965351,0.33976457,0.33944527,0.33975068,1111962
1740318300000000,DOGEUSDT,5m,0.33975068,0.34004221,0.33940363,0.33993115,2200005
1740318600000000,DOGEUSDT,5m,0.33993115,0.34019518,0.33977829,0.33983388,526707
1740318900000000,DOGEUSDT,5m,0.33983388,0.34029246,0.33965323,0.34029246,1900406
1740319200000000,DOGEUSDT,5m,0.34029246,0.34036193,0.3398339,0.34027856,870636
1740319500000000,DOGEUSDT,5m,0.34027856,0.34051479,0.34000065,0.34033414,783280
1740319800000000,DOGEUSDT,5m,0.34033414,0.3404731,0.3401535,0.34030635,346850
1740320100000000,DOGEUSDT,5m,0.34030635,0.34063981,0.34012573,0.34040361,860952
1740320400000000,DOGEUSDT,5m,0.34040361,0.34104273,0.33976448,0.34104273,1480925
1740320700000000,DOGEUSDT,5m,0.34104273,0.34114036,0.34047091,0.34112642,831472
1740321000000000,DOGEUSDT,5m,0.34112642,0.34210266,0.33996887,0.34210266,1076159
1740321300000000,DOGEUSDT,5m,0.34210266,0.34256553,0.34124705,0.34256553,2845915
1740321600000000,DOGEUSDT,5m,0.34256553,0.34280462,0.34235456,0.34252333,577090
1740321900000000,DOGEUSDT,5m,0.34252333,0.34294514,0.34215776,0.34256551,695914
1740322200000000,DOGEUSDT,5m,0.34256551,0.34311398,0.3418061,0.34311398,3746450
1740322500000000,DOGEUSDT,5m,0.34311398,0.34360779,0.34269071,0.34269071,2149910
1740322800000000,DOGEUSDT,5m,0.34269071,0.34304258,0.34238107,0.34238107,1343151
1740323100000000,DOGEUSDT,5m,0.34238107,0.34280253,0.34205795,0.34205795,782894
1740323400000000,DOGEUSDT,5m,0.34205795,0.34235242,0.34187566,0.34219817,1021824
1740323700000000,DOGEUSDT,5m,0.34219817,0.34232447,0.34159475,0.34187541,1625698
1740324000000000,DOGEUSDT,5m,0.34187541,0.34187541,0.34121588,0.34124394,1999682
1740324300000000,DOGEUSDT,5m,0.34124394,0.34144039,0.3409633,0.34117378,3967443
1740324600000000,DOGEUSDT,5m,0.34117378,0.34280156,0.33932148,0.34280156,4742668
1740324900000000,DOGEUSDT,5m,0.34280156,0.34292907,0.34229152,0.34292907,3195444
1740325200000000,DOGEUSDT,5m,0.34292907,0.34322681,0.34254626,0.3431701,2631478
1740325500000000,DOGEUSDT,5m,0.3431701,0.3431843,0.34202009,0.34224726,4126132
1740325800000000,DOGEUSDT,5m,0.34224726,0.3425596,0.34133861,0.34143799,3695597
1740326100000000,DOGEUSDT,5m,0.34143799,0.34234664,0.34106886,0.34106886,2293263
1740326400000000,DOGEUSDT,5m,0.34106886,0.34258472,0.339723,0.339723,7492042
1740326700000000,DOGEUSDT,5m,0.339723,0.34025711,0.33937161,0.33937161,1080545
1740327000000000,DOGEUSDT,5m,0.33937161,0.33991864,0.33872639,0.33991864,1385794
1740327300000000,DOGEUSDT,5m,0.33991864,0.34025635,0.33955279,0.33973572,2502360
1740327600000000,DOGEUSDT,5m,0.33973572,0.33994657,0.3394827,0.33973572,537322
1740327900000000,DOGEUSDT,5m,0.33973572,0.3403261,0.33955298,0.34011525,1523061
1740328200000000,DOGEUSDT,5m,0.34011525,0.34059315,0.33953895,0.34059315,2317012
1740328500000000,DOGEUSDT,5m,0.34059315,0.34080458,0.34007164,0.34080458,839879
1740328800000000,DOGEUSDT,5m,0.34080458,0.34124207,0.34042354,0.34042354,578292
1740329100000000,DOGEUSDT,5m,0.34042354,0.34136693,0.3398744,0.3398744,2845741
1740329400000000,DOGEUSDT,5m,0.3398744,0.33993054,0.33957968,0.33970599,929568
1740329700000000,DOGEUSDT,5m,0.33970599,0.33990247,0.3387376,0.33890602,3039472
1740330000000000,DOGEUSDT,5m,0.33890602,0.33948143,0.33844288,0.33844288,491596
1740330300000000,DOGEUSDT,5m,0.33844288,0.33882076,0.33826094,0.33861083,1084966
1740330600000000,DOGEUSDT,5m,0.33861083,0.33866687,0.33814849,0.3383026,816257
1740330900000000,DOGEUSDT,5m,0.3383026,0.33929732,0.33826057,0.33929732,1733363
1740331200000000,DOGEUSDT,5m,0.33929732,0.33946544,0.33901712,0.33929732,2501185
1740331500000000,DOGEUSDT,5m,0.33929732,0.33938139,0.33908716,0.33917123,1406976
1740331800000000,DOGEUSDT,5m,0.33917123,0.33946544,0.33901712,0.33901712,779031
1740332100000000,DOGEUSDT,5m,0.33901712,0.33984296,0.33901712,0.33984296,996695
1740332400000000,DOGEUSDT,5m,0.33984296,0.34001092,0.3392551,0.33960502,630430
1740332700000000,DOGEUSDT,5m,0.33960502,0.33988496,0.33905912,0.33988496,2341297
1740333000000000,DOGEUSDT,5m,0.33988496,0.34062808,0.3398429,0.34038972,1961855
1740333300000000,DOGEUSDT,5m,0.34038972,0.34038972,0.34009528,0.34020745,538805
1740333600000000,DOGEUSDT,5m,0.34020745,0.34067014,0.33994105,0.34041777,606859
1740333900000000,DOGEUSDT,5m,0.34041777,0.34075427,0.34034766,0.34074025,1223946
1740334200000000,DOGEUSDT,5m,0.34074025,0.3411048,0.34034766,0.3411048,935523
1740334500000000,DOGEUSDT,5m,0.3411048,0.34162469,0.34087998,0.34155443,398411
1740334800000000,DOGEUSDT,5m,0.34155443,0.34162469,0.34135772,0.34148418,938371
1740335100000000,DOGEUSDT,5m,0.34148418,0.34165279,0.34138582,0.34155443,401835
1740335400000000,DOGEUSDT,5m,0.34155443,0.3418918,0.34096404,0.34110461,1241534
1740335700000000,DOGEUSDT,5m,0.34110461,0.34138575,0.34104839,0.34114678,442147
1740336000000000,DOGEUSDT,5m,0.34114678,0.34123113,0.3409781,0.34099216,727720
1740336300000000,DOGEUSDT,5m,0.34099216,0.34102027,0.34035957,0.34042986,633596
1740336600000000,DOGEUSDT,5m,0.34042986,0.34072507,0.34002219,0.34072507,642910
1740336900000000,DOGEUSDT,5m,0.34072507,0.34087997,0.34062649,0.34071098,351028
1740337200000000,DOGEUSDT,5m,0.34071098,0.34102075,0.34040122,0.34040122,541466
1740337500000000,DOGEUSDT,5m,0.34040122,0.34055583,0.34004984,0.34016228,411230
1740337800000000,DOGEUSDT,5m,0.34016228,0.3402185,0.33972657,0.33972657,636562
1740338100000000,DOGEUSDT,5m,0.33972657,0.33986713,0.33955791,0.33972657,932182
1740338400000000,DOGEUSDT,5m,0.33972657,0.33996552,0.33948763,0.33948763,339674
1740338700000000,DOGEUSDT,5m,0.33948763,0.33961395,0.33934727,0.33952973,1444702
1740339000000000,DOGEUSDT,5m,0.33952973,0.33981044,0.33941745,0.33962798,453777
1740339300000000,DOGEUSDT,5m,0.33962798,0.33979641,0.33936131,0.33978237,491867
1740339600000000,DOGEUSDT,5m,0.33978237,0.33997904,0.33959974,0.33982452,308961
1740339900000000,DOGEUSDT,5m,0.33982452,0.33988072,0.33891116,0.3392203,2763721
1740340200000000,DOGEUSDT,5m,0.3392203,0.33971212,0.33872847,0.33971212,823843
1740340500000000,DOGEUSDT,5m,0.33971212,0.33996579,0.33969803,0.3399376,416098
1740340800000000,DOGEUSDT,5m,0.3399376,0.3399376,0.33928935,0.33964166,4051877
1740341100000000,DOGEUSDT,5m,0.33964166,0.34027582,0.33964166,0.34023354,623483
1740341400000000,DOGEUSDT,5m,0.34023354,0.34023354,0.33935978,0.33940205,576749
1740341700000000,DOGEUSDT,5m,0.33940205,0.33964164,0.33914838,0.3395148,428550
1740342000000000,DOGEUSDT,5m,0.3395148,0.33954298,0.33930341,0.3393175,257668
1740342300000000,DOGEUSDT,5m,0.3393175,0.33952889,0.33919067,0.33948661,651656
1740342600000000,DOGEUSDT,5m,0.33948661,0.34005031,0.33892292,0.34005031,1597024
1740342900000000,DOGEUSDT,5m,0.34005031,0.34037551,0.33990892,0.34034724,552415
1740343200000000,DOGEUSDT,5m,0.34034724,0.34063003,0.34007858,0.34007858,278797
1740343500000000,DOGEUSDT,5m,0.34007858,0.34020564,0.33988093,0.33999387,296343
1740343800000000,DOGEUSDT,5m,0.33999387,0.34077034,0.33988093,0.34072799,488276
1740344100000000,DOGEUSDT,5m,0.34072799,0.34102444,0.340488,0.340488,305751
1740344400000000,DOGEUSDT,5m,0.340488,0.3410801,0.34003687,0.34003687,2853339
1740344700000000,DOGEUSDT,5m,0.34003687,0.34003687,0.33931976,0.33946037,395197
1740345000000000,DOGEUSDT,5m,0.33946037,0.33975565,0.33946037,0.33961504,185038
1740345300000000,DOGEUSDT,5m,0.33961504,0.3400931,0.3395588,0.33961504,830218
1740345600000000,DOGEUSDT,5m,0.33961504,0.33974158,0.33931979,0.33940414,640052
1740345900000000,DOGEUSDT,5m,0.33940414,0.33989622,0.33939009,0.3398681,432814
1740346200000000,DOGEUSDT,5m,0.3398681,0.34014928,0.33958691,0.34014928,2144213
1740346500000000,DOGEUSDT,5m,0.34014928,0.34054358,0.3401352,0.34041684,467306
1740346800000000,DOGEUSDT,5m,0.34041684,0.34067033,0.3402056,0.3402056,494668
1740347100000000,DOGEUSDT,5m,0.3402056,0.34061347,0.3398118,0.3398118,194240
1740347400000000,DOGEUSDT,5m,0.3398118,0.33998018,0.33965745,0.33965745,371683
1740347700000000,DOGEUSDT,5m,0.33965745,0.33983969,0.33948922,0.3397696,495964
1740348000000000,DOGEUSDT,5m,0.3397696,0.33978362,0.33897001,0.33901209,499349
1740348300000000,DOGEUSDT,5m,0.33901209,0.33943293,0.3385632,0.33943293,513855
1740348600000000,DOGEUSDT,5m,0.33943293,0.339672,0.33943293,0.339672,551638
1740348900000000,DOGEUSDT,5m,0.339672,0.3405158,0.33880008,0.3405158,914664
1740349200000000,DOGEUSDT,5m,0.3405158,0.34071367,0.3401342,0.3403462,2088670
1740349500000000,DOGEUSDT,5m,0.3403462,0.34062887,0.34006354,0.34006354,579216
1740349800000000,DOGEUSDT,5m,0.34006354,0.34020464,0.33972488,0.34020464,2360619
1740350100000000,DOGEUSDT,5m,0.34020464,0.34048685,0.33992243,0.33992243,448698
1740350400000000,DOGEUSDT,5m,0.33992243,0.34075357,0.33992243,0.34075357,619624
1740350700000000,DOGEUSDT,5m,0.34075357,0.3417115,0.34075357,0.3417115,506203
1740351000000000,DOGEUSDT,5m,0.3417115,0.34203549,0.34130299,0.34203549,1255489
1740351300000000,DOGEUSDT,5m,0.34203549,0.34203549,0.34128748,0.34128748,640253
1740351600000000,DOGEUSDT,5m,0.34128748,0.34288228,0.34124514,0.3422613,2286370
1740351900000000,DOGEUSDT,5m,0.3422613,0.34283994,0.34199315,0.34228953,1226882
1740352200000000,DOGEUSDT,5m,0.34228953,0.34341873,0.34186607,0.34341873,2213603
1740352500000000,DOGEUSDT,5m,0.34341873,0.34439266,0.34245891,0.34436443,3926914
1740352800000000,DOGEUSDT,5m,0.34436443,0.3446199,0.34379674,0.34417993,1526886
1740353100000000,DOGEUSDT,5m,0.34417993,0.3450599,0.34328578,0.3450599,636319
1740353400000000,DOGEUSDT,5m,0.3450599,0.34548785,0.34490298,0.3450599,1209034
1740353700000000,DOGEUSDT,5m,0.3450599,0.34585875,0.34500284,0.34563051,844905
1740354000000000,DOGEUSDT,5m,0.34563051,0.34583022,0.34520255,0.34574463,1195669
1740354300000000,DOGEUSDT,5m,0.34574463,0.346858,0.34565898,0.3464155,2104264
1740354600000000,DOGEUSDT,5m,0.3464155,0.34741468,0.34590164,0.34590164,1469630
1740354900000000,DOGEUSDT,5m,0.34590164,0.34621474,0.34550315,0.34618627,2431366
1740355200000000,DOGEUSDT,5m,0.34618627,0.34682776,0.34574436,0.34645712,2983196
1740355500000000,DOGEUSDT,5m,0.34645712,0.34751366,0.34644284,0.34749938,1033473
1740355800000000,DOGEUSDT,5m,0.34749938,0.34831316,0.3472995,0.34819895,2952541
1740356100000000,DOGEUSDT,5m,0.34819895,0.34831316,0.3472138,0.3477849,2492254
1740356400000000,DOGEUSDT,5m,0.3477849,0.34821322,0.34719952,0.34814184,1954239
1740356700000000,DOGEUSDT,5m,0.34814184,0.34828461,0.34744224,0.34769923,1665300
1740357000000000,DOGEUSDT,5m,0.34769923,0.34772779,0.34697108,0.3470853,1105334
1740357300000000,DOGEUSDT,5m,0.3470853,0.34715669,0.34644284,0.34661417,1016561
1740357600000000,DOGEUSDT,5m,0.34661417,0.34675693,0.34571472,0.34658561,1694858
1740357900000000,DOGEUSDT,5m,0.34658561,0.34758495,0.34658561,0.34718522,1142432
1740358200000000,DOGEUSDT,5m,0.34718522,0.34747073,0.34681405,0.34682832,1108295
1740358500000000,DOGEUSDT,5m,0.34682832,0.34764204,0.34592895,0.34764204,2590211
1740358800000000,DOGEUSDT,5m,0.34764204,0.34801495,0.34714004,0.34715438,2758412
1740359100000000,DOGEUSDT,5m,0.34715438,0.34787155,0.34686751,0.34736953,1318705
1740359400000000,DOGEUSDT,5m,0.34736953,0.34736953,0.34583282,0.34646474,3935588
1740359700000000,DOGEUSDT,5m,0.34646474,0.34696742,0.34612004,0.34678071,1118988
1740360000000000,DOGEUSDT,5m,0.34678071,0.34767114,0.34673763,0.34675199,1012907
1740360300000000,DOGEUSDT,5m,0.34675199,0.34721157,0.34601953,0.34721157,1987517
1740360600000000,DOGEUSDT,5m,0.34721157,0.34724037,0.34503708,0.34509469,14530567
1740360900000000,DOGEUSDT,5m,0.34509469,0.34569951,0.34474907,0.34529629,4087229
1740361200000000,DOGEUSDT,5m,0.34529629,0.34572831,0.34376984,0.34572831,7401408
1740361500000000,DOGEUSDT,5m,0.34572831,0.3462769,0.34434239,0.34463113,4587199
1740361800000000,DOGEUSDT,5m,0.34463113,0.34545398,0.34408256,0.34477549,3395027
1740362100000000,DOGEUSDT,5m,0.34477549,0.34568496,0.3439382,0.3439382,1008331
1740362400000000,DOGEUSDT,5m,0.3439382,0.34422553,0.3426883,0.3432917,2669789
1740362700000000,DOGEUSDT,5m,0.3432917,0.34399566,0.34323423,0.3435072,3546297
1740363000000000,DOGEUSDT,5m,0.3435072,0.34426863,0.34326296,0.343421,3258710
1740363300000000,DOGEUSDT,5m,0.343421,0.34375125,0.34197075,0.34197075,3792752
1740363600000000,DOGEUSDT,5m,0.34197075,0.34199947,0.33818001,0.33971641,22178595
1740363900000000,DOGEUSDT,5m,0.33971641,0.34092261,0.33892664,0.33892664,20225018
1740364200000000,DOGEUSDT,5m,0.33892664,0.33906956,0.33786901,0.33792618,6680851
1740364500000000,DOGEUSDT,5m,0.33792618,0.33828349,0.33729732,0.33762604,5940382
1740364800000000,DOGEUSDT,5m,0.33762604,0.33791138,0.33715524,0.33735497,5406783
1740365100000000,DOGEUSDT,5m,0.33735497,0.33759711,0.3363152,0.33712708,2973658
1740365400000000,DOGEUSDT,5m,0.33712708,0.33765406,0.33658585,0.33765406,2801089
1740365700000000,DOGEUSDT,5m,0.33765406,0.3377255,0.33575392,0.33613966,6882064
1740366000000000,DOGEUSDT,5m,0.33613966,0.33615395,0.33233921,0.334168,27317184
1740366300000000,DOGEUSDT,5m,0.334168,0.33426801,0.3330822,0.33413943,7754212
1740366600000000,DOGEUSDT,5m,0.33413943,0.33598211,0.33152539,0.33598211,8070772
1740366900000000,DOGEUSDT,5m,0.33598211,0.33603988,0.33331008,0.33495663,30227564
1740367200000000,DOGEUSDT,5m,0.33495663,0.33629986,0.33359895,0.33629986,8050069
1740367500000000,DOGEUSDT,5m,0.33629986,0.33656194,0.33203387,0.33513509,52554071
1740367800000000,DOGEUSDT,5m,0.33513509,0.33528068,0.33241242,0.33528068,14892146
1740368100000000,DOGEUSDT,5m,0.33528068,0.33653282,0.33477109,0.3362853,14700163
1740368400000000,DOGEUSDT,5m,0.3362853,0.33777033,0.33605236,0.33727532,9585075
1740368700000000,DOGEUSDT,5m,0.33727532,0.33782856,0.33615427,0.33782856,8966015
1740369000000000,DOGEUSDT,5m,0.33782856,0.33826677,0.33720047,0.33822295,9900341
1740369300000000,DOGEUSDT,5m,0.33822295,0.33848649,0.33709559,0.33711023,6641768
1740369600000000,DOGEUSDT,5m,0.33711023,0.337608,0.33633429,0.33757872,11008504
1740369900000000,DOGEUSDT,5m,0.33757872,0.33894407,0.33696211,0.3382981,6284889
1740370200000000,DOGEUSDT,5m,0.3382981,0.33975154,0.33619869,0.33975154,5640340
1740370500000000,DOGEUSDT,5m,0.33975154,0.34098059,0.33889268,0.33889268,6884943
1740370800000000,DOGEUSDT,5m,0.33889268,0.33946727,0.33820022,0.33845068,4426620
1740371100000000,DOGEUSDT,5m,0.33845068,0.34052256,0.33611431,0.34052256,4859120
1740371400000000,DOGEUSDT,5m,0.34052256,0.34189108,0.33686327,0.34189108,28189497
1740371700000000,DOGEUSDT,5m,0.34189108,0.34210101,0.33964179,0.34210101,16304296
1740372000000000,DOGEUSDT,5m,0.34210101,0.3443981,0.34192085,0.34423295,5956588
1740372300000000,DOGEUSDT,5m,0.34423295,0.345389,0.34405279,0.3452839,7808884
1740372600000000,DOGEUSDT,5m,0.3452839,0.34574933,0.34457826,0.34540401,7650904
1740372900000000,DOGEUSDT,5m,0.34540401,0.34606507,0.34495329,0.34547913,4465001
1740373200000000,DOGEUSDT,5m,0.34547913,0.34626039,0.34418706,0.34626039,8708357
1740373500000000,DOGEUSDT,5m,0.34626039,0.34816192,0.34612456,0.34816192,3350857
1740373800000000,DOGEUSDT,5m,0.34816192,0.34912778,0.34755826,0.34755826,3831046
1740374100000000,DOGEUSDT,5m,0.34755826,0.34841546,0.34725749,0.34767857,5290773
1740374400000000,DOGEUSDT,5m,0.34767857,0.34856646,0.34767857,0.34778391,3045057
1740374700000000,DOGEUSDT,5m,0.34778391,0.34909312,0.34712178,0.34712178,3164704
1740375000000000,DOGEUSDT,5m,0.34712178,0.34910062,0.34548774,0.34548774,4366936
1740375300000000,DOGEUSDT,5m,0.34548774,0.34669065,0.34450759,0.34450759,3539305
1740375600000000,DOGEUSDT,5m,0.34450759,0.34493582,0.34376925,0.34493582,3171868
1740375900000000,DOGEUSDT,5m,0.34493582,0.34533554,0.34475818,0.34487661,1786163
1740376200000000,DOGEUSDT,5m,0.34487661,0.34509866,0.34428447,0.3448322,1599416
1740376500000000,DOGEUSDT,5m,0.3448322,0.34515786,0.34438811,0.34498023,2644190
1740376800000000,DOGEUSDT,5m,0.34498023,0.34508394,0.34419497,0.34452092,4582959
1740377100000000,DOGEUSDT,5m,0.34452092,0.34472836,0.34392825,0.34455056,2518850
1740377400000000,DOGEUSDT,5m,0.34455056,0.34466911,0.34382441,0.34391332,2824013
1740377700000000,DOGEUSDT,5m,0.34391332,0.34443198,0.34327612,0.34443198,2779222
1740378000000000,DOGEUSDT,5m,0.34443198,0.34507111,0.34432794,0.34502652,2331596
1740378300000000,DOGEUSDT,5m,0.34502652,0.3456359,0.34465495,0.34465495,1659506
1740378600000000,DOGEUSDT,5m,0.34465495,0.34582654,0.34410623,0.34410623,1234670
1740378900000000,DOGEUSDT,5m,0.34410623,0.3450967,0.34410623,0.34447581,10115130
1740379200000000,DOGEUSDT,5m,0.34447581,0.34528888,0.34354447,0.34528888,1529366
1740379500000000,DOGEUSDT,5m,0.34528888,0.34687815,0.34511064,0.34609094,1500177
1740379800000000,DOGEUSDT,5m,0.34609094,0.34620977,0.34554138,0.34568991,1613402
1740380100000000,DOGEUSDT,5m,0.34568991,0.34586815,0.34540769,0.34580874,1356037
1740380400000000,DOGEUSDT,5m,0.34580874,0.3470713,0.34460559,0.34460559,2498466
1740380700000000,DOGEUSDT,5m,0.34460559,0.34503336,0.34408932,0.34432533,2861629
1740381000000000,DOGEUSDT,5m,0.34432533,0.34456133,0.34377958,0.34456133,1647728
1740381300000000,DOGEUSDT,5m,0.34456133,0.34462041,0.34400003,0.34425114,3577663
1740381600000000,DOGEUSDT,5m,0.34425114,0.34470904,0.34410343,0.34456133,2218177
1740381900000000,DOGEUSDT,5m,0.34456133,0.34501925,0.34438407,0.34451701,1083388
1740382200000000,DOGEUSDT,5m,0.34451701,0.34506342,0.34410352,0.34466469,1049932
1740382500000000,DOGEUSDT,5m,0.34466469,0.34498957,0.34410354,0.34496003,1532304
1740382800000000,DOGEUSDT,5m,0.34496003,0.34534464,0.34460502,0.34466419,987248
1740383100000000,DOGEUSDT,5m,0.34466419,0.34498962,0.34426479,0.34490086,2375222
1740383400000000,DOGEUSDT,5m,0.34490086,0.3456109,0.34425,0.34425,682072
1740383700000000,DOGEUSDT,5m,0.34425,0.34478052,0.34354263,0.34478052,860865
1740384000000000,DOGEUSDT,5m,0.34478052,0.34507616,0.34377533,0.34507616,4396318
1740384300000000,DOGEUSDT,5m,0.34507616,0.34682353,0.34326956,0.34682353,7917456
1740384600000000,DOGEUSDT,5m,0.34682353,0.34712271,0.34613542,0.34644956,4676699
1740384900000000,DOGEUSDT,5m,0.34644956,0.34656923,0.34496862,0.34498358,8309329
1740385200000000,DOGEUSDT,5m,0.34498358,0.34635981,0.34341289,0.34635981,9719426
1740385500000000,DOGEUSDT,5m,0.34635981,0.34816934,0.34418837,0.34816934,22236280
1740385800000000,DOGEUSDT,5m,0.34816934,0.35033311,0.34810839,0.3498455,9133524
1740386100000000,DOGEUSDT,5m,0.3498455,0.35086644,0.34941884,0.34970836,6253186
1740386400000000,DOGEUSDT,5m,0.34970836,0.35048488,0.34964746,0.34995198,3050560
1740386700000000,DOGEUSDT,5m,0.34995198,0.35069808,0.34946473,0.35043923,3737384
1740387000000000,DOGEUSDT,5m,0.35043923,0.35069808,0.34963222,0.35069808,1875130
1740387300000000,DOGEUSDT,5m,0.35069808,0.35133851,0.3495697,0.34988991,2361910
1740387600000000,DOGEUSDT,5m,0.34988991,0.3524364,0.34934097,0.35176547,4721096
1740387900000000,DOGEUSDT,5m,0.35176547,0.35239062,0.35118605,0.35121655,2459100
1740388200000000,DOGEUSDT,5m,0.35121655,0.35205517,0.35075911,0.35075911,2325440
1740388500000000,DOGEUSDT,5m,0.35075911,0.35115451,0.35047017,0.35048538,1733957
1740388800000000,DOGEUSDT,5m,0.35048538,0.35205181,0.34904061,0.34904061,4512743
1740389100000000,DOGEUSDT,5m,0.34904061,0.35024727,0.3488747,0.34947803,4004561
1740389400000000,DOGEUSDT,5m,0.34947803,0.35027744,0.34920653,0.3492367,2714047
1740389700000000,DOGEUSDT,5m,0.3492367,0.34959821,0.34822747,0.34959821,1372888
1740390000000000,DOGEUSDT,5m,0.34959821,0.34968877,0.34876802,0.3488284,939126
1740390300000000,DOGEUSDT,5m,0.3488284,0.34913029,0.34743973,0.34775671,2290593
1740390600000000,DOGEUSDT,5m,0.34775671,0.34796803,0.34704728,0.34768124,2118560
1740390900000000,DOGEUSDT,5m,0.34768124,0.34814894,0.34742476,0.34790754,1281009
1740391200000000,DOGEUSDT,5m,0.34790754,0.34843628,0.34768094,0.34837585,1455983
1740391500000000,DOGEUSDT,5m,0.34837585,0.34890459,0.34639687,0.34651773,5163935
1740391800000000,DOGEUSDT,5m,0.34651773,0.34721263,0.34635155,0.34692561,2893736
1740392100000000,DOGEUSDT,5m,0.34692561,0.34783201,0.34549047,0.34783201,5573692
1740392400000000,DOGEUSDT,5m,0.34783201,0.34796869,0.3462678,0.34672339,14260944
1740392700000000,DOGEUSDT,5m,0.34672339,0.34755862,0.34652598,0.34701192,6610574
1740393000000000,DOGEUSDT,5m,0.34701192,0.34843939,0.34517444,0.34843939,5596323
1740393300000000,DOGEUSDT,5m,0.34843939,0.34964904,0.34739818,0.34739818,7635813
1740393600000000,DOGEUSDT,5m,0.34739818,0.34818969,0.34662189,0.34662189,2789359
1740393900000000,DOGEUSDT,5m,0.34662189,0.34853123,0.34642489,0.34828878,11397837
1740394200000000,DOGEUSDT,5m,0.34828878,0.34868275,0.3478645,0.34831908,3914463
1740394500000000,DOGEUSDT,5m,0.34831908,0.34889502,0.34821299,0.34853127,1406172
1740394800000000,DOGEUSDT,5m,0.34853127,0.34878893,0.34739451,0.34745513,2111947
1740395100000000,DOGEUSDT,5m,0.34745513,0.34803107,0.34662154,0.3476067,2442966
1740395400000000,DOGEUSDT,5m,0.3476067,0.34815279,0.34727297,0.34794042,1116082
1740395700000000,DOGEUSDT,5m,0.34794042,0.34798593,0.34722746,0.34739432,1957430
1740396000000000,DOGEUSDT,5m,0.34739432,0.34860788,0.3472578,0.34859271,1470488
1740396300000000,DOGEUSDT,5m,0.34859271,0.3500338,0.34842584,0.34995795,2928545
1740396600000000,DOGEUSDT,5m,0.34995795,0.35023099,0.34951806,0.34980626,2211733
1740396900000000,DOGEUSDT,5m,0.34980626,0.34995795,0.34909333,0.34976076,3094771
1740397200000000,DOGEUSDT,5m,0.34976076,0.35035231,0.34957874,0.34982143,2218553
1740397500000000,DOGEUSDT,5m,0.34982143,0.35045868,0.34919935,0.35036765,3572125
1740397800000000,DOGEUSDT,5m,0.35036765,0.35138422,0.34968488,0.34968488,1452203
1740398100000000,DOGEUSDT,5m,0.34968488,0.3500476,0.34939772,0.34976044,1017836
1740398400000000,DOGEUSDT,5m,0.34976044,0.35092475,0.34844493,0.35092475,2069722
1740398700000000,DOGEUSDT,5m,0.35092475,0.3515336,0.35057466,0.35125962,1509522
1740399000000000,DOGEUSDT,5m,0.35125962,0.35135094,0.35042249,0.35097043,774059
1740399300000000,DOGEUSDT,5m,0.35097043,0.35116829,0.35031594,0.35086388,934269
1740399600000000,DOGEUSDT,5m,0.35086388,0.35179177,0.35065092,0.35066614,2942382
1740399900000000,DOGEUSDT,5m,0.35066614,0.35127456,0.35010334,0.35010334,1275715
1740400200000000,DOGEUSDT,5m,0.35010334,0.35052788,0.34937557,0.35052788,2117818
1740400500000000,DOGEUSDT,5m,0.35052788,0.3514702,0.35014791,0.35130301,2609512
1740400800000000,DOGEUSDT,5m,0.35130301,0.35212378,0.35036065,0.35212378,1209654
1740401100000000,DOGEUSDT,5m,0.35212378,0.35279568,0.35139079,0.35267352,1569695
1740401400000000,DOGEUSDT,5m,0.35267352,0.35325561,0.35219865,0.35219865,2374659
1740401700000000,DOGEUSDT,5m,0.35219865,0.35248891,0.35155701,0.35224448,1111041
1740402000000000,DOGEUSDT,5m,0.35224448,0.35342082,0.35031956,0.35342082,7435206
1740402300000000,DOGEUSDT,5m,0.35342082,0.35446667,0.35274409,0.35299017,2435018
1740402600000000,DOGEUSDT,5m,0.35299017,0.35394138,0.35213102,0.35213102,2057367
1740402900000000,DOGEUSDT,5m,0.35213102,0.3534287,0.35184095,0.35237529,3456172
1740403200000000,DOGEUSDT,5m,0.35237529,0.35344397,0.35229895,0.3529249,2985858
1740403500000000,DOGEUSDT,5m,0.3529249,0.35365774,0.35231419,0.35231419,1949767
1740403800000000,DOGEUSDT,5m,0.35231419,0.35368353,0.35217726,0.35295322,5233876
1740404100000000,DOGEUSDT,5m,0.35295322,0.35383575,0.35292278,0.35327275,1405501
1740404400000000,DOGEUSDT,5m,0.35327275,0.35438358,0.35211628,0.35438358,1542237
1740404700000000,DOGEUSDT,5m,0.35438358,0.35493484,0.35397013,0.35397013,2236895
1740405000000000,DOGEUSDT,5m,0.35397013,0.35430623,0.3527938,0.35293129,1974202
1740405300000000,DOGEUSDT,5m,0.35293129,0.35293129,0.35149525,0.35163274,3442083
1740405600000000,DOGEUSDT,5m,0.35163274,0.35270218,0.35144941,0.35186191,4904223
1740405900000000,DOGEUSDT,5m,0.35186191,0.35267163,0.3505633,0.35267163,4636314
1740406200000000,DOGEUSDT,5m,0.35267163,0.35313205,0.35208842,0.35211911,4670617
1740406500000000,DOGEUSDT,5m,0.35211911,0.35277903,0.35148989,0.35148989,3013222
1740406800000000,DOGEUSDT,5m,0.35148989,0.35262151,0.34974659,0.35262151,5246963
1740407100000000,DOGEUSDT,5m,0.35262151,0.35339102,0.35175966,0.35339102,5383082
1740407400000000,DOGEUSDT,5m,0.35339102,0.35645149,0.35328282,0.35478214,5360684
1740407700000000,DOGEUSDT,5m,0.35478214,0.3553077,0.35405564,0.3553077,2344792
1740408000000000,DOGEUSDT,5m,0.3553077,0.35788138,0.35174176,0.35788138,11765770
1740408300000000,DOGEUSDT,5m,0.35788138,0.35866787,0.35662301,0.35663874,7829401
1740408600000000,DOGEUSDT,5m,0.35663874,0.3575196,0.35457815,0.3575196,14927091
1740408900000000,DOGEUSDT,5m,0.3575196,0.3589739,0.35470586,0.3589739,32471488
1740409200000000,DOGEUSDT,5m,0.3589739,0.35930857,0.3547188,0.35753959,25590872
1740409500000000,DOGEUSDT,5m,0.35753959,0.35908545,0.35436819,0.35733242,20053043
1740409800000000,DOGEUSDT,5m,0.35733242,0.3621453,0.35293389,0.35293389,20963972
1740410100000000,DOGEUSDT,5m,0.35293389,0.35420898,0.35133226,0.35420898,8044062
1740410400000000,DOGEUSDT,5m,0.35420898,0.35569685,0.35306566,0.35306566,5320688
1740410700000000,DOGEUSDT,5m,0.35306566,0.35314346,0.35048252,0.35076262,4958860
1740411000000000,DOGEUSDT,5m,0.35076262,0.35225648,0.35032691,0.35129169,7589538
1740411300000000,DOGEUSDT,5m,0.35129169,0.35150954,0.34948669,0.34959561,7630515
1740411600000000,DOGEUSDT,5m,0.34959561,0.35057596,0.34835072,0.35038923,9583095
1740411900000000,DOGEUSDT,5m,0.35038923,0.35093632,0.34835717,0.34909184,10517968
1740412200000000,DOGEUSDT,5m,0.34909184,0.35237424,0.34623145,0.34623145,9213453
1740412500000000,DOGEUSDT,5m,0.34623145,0.34698486,0.34580093,0.34580093,4988950
1740412800000000,DOGEUSDT,5m,0.34580093,0.34590829,0.34415981,0.34463528,11711266
1740413100000000,DOGEUSDT,5m,0.34463528,0.34825478,0.34463528,0.34781001,6479084
1740413400000000,DOGEUSDT,5m,0.34781001,0.34896033,0.34738056,0.34787136,5691933
1740413700000000,DOGEUSDT,5m,0.34787136,0.3498039,0.34587748,0.3498039,4570932
1740414000000000,DOGEUSDT,5m,0.3498039,0.3510291,0.34870276,0.34870276,2972968
1740414300000000,DOGEUSDT,5m,0.34870276,0.35005892,0.34868735,0.34928838,2224091
1740414600000000,DOGEUSDT,5m,0.34928838,0.35033627,0.34882607,0.34890312,3793902
1740414900000000,DOGEUSDT,5m,0.34890312,0.34890312,0.3474885,0.3474885,1589137
1740415200000000,DOGEUSDT,5m,0.3474885,0.34859559,0.34679657,0.34679657,1628407
1740415500000000,DOGEUSDT,5m,0.34679657,0.34762363,0.3452803,0.34531093,2019940
1740415800000000,DOGEUSDT,5m,0.34531093,0.34563255,0.34475959,0.34538751,1680678
1740416100000000,DOGEUSDT,5m,0.34538751,0.34538751,0.34440695,0.3452343,1518833
1740416400000000,DOGEUSDT,5m,0.3452343,0.34629151,0.34449884,0.34449884,1544707
1740416700000000,DOGEUSDT,5m,0.34449884,0.34492603,0.34352241,0.34398011,2044504
1740417000000000,DOGEUSDT,5m,0.34398011,0.34503283,0.34358343,0.34361395,2462280
1740417300000000,DOGEUSDT,5m,0.34361395,0.34643046,0.34110193,0.34110193,4699179
1740417600000000,DOGEUSDT,5m,0.34110193,0.34252725,0.34074185,0.34093689,4241768
1740417900000000,DOGEUSDT,5m,0.34093689,0.34141651,0.34051722,0.34129661,1500380
1740418200000000,DOGEUSDT,5m,0.34129661,0.34203258,0.34074087,0.34146183,2110264
1740418500000000,DOGEUSDT,5m,0.34146183,0.34224362,0.34068004,0.34068004,1098834
1740418800000000,DOGEUSDT,5m,0.34068004,0.34123377,0.3402161,0.3402161,1787649
1740419100000000,DOGEUSDT,5m,0.3402161,0.3405146,0.33939522,0.33958925,1689054
1740419400000000,DOGEUSDT,5m,0.33958925,0.34070857,0.33841022,0.34070857,1838690
1740419700000000,DOGEUSDT,5m,0.34070857,0.34111422,0.34030293,0.34064848,1661052
1740420000000000,DOGEUSDT,5m,0.34064848,0.34126424,0.34022796,0.34090379,1214355
1740420300000000,DOGEUSDT,5m,0.34090379,0.34189645,0.34070827,0.34168589,4657659
1740420600000000,DOGEUSDT,5m,0.34168589,0.34212204,0.34069327,0.34103918,1592762
1740420900000000,DOGEUSDT,5m,0.34103918,0.3419566,0.34009169,0.34129486,8663928
1740421200000000,DOGEUSDT,5m,0.34129486,0.34176107,0.33959545,0.34003158,1472717
1740421500000000,DOGEUSDT,5m,0.34003158,0.34087377,0.33885854,0.34087377,3571555
1740421800000000,DOGEUSDT,5m,0.34087377,0.34206769,0.34072264,0.34205258,2392145
1740422100000000,DOGEUSDT,5m,0.34205258,0.34246063,0.34153874,0.34170498,1689389
1740422400000000,DOGEUSDT,5m,0.34170498,0.34235355,0.34167482,0.34176531,1376410
1740422700000000,DOGEUSDT,5m,0.34176531,0.34215745,0.34110169,0.34209713,1119987
1740423000000000,DOGEUSDT,5m,0.34209713,0.34214237,0.34081513,0.34099612,1431063
1740423300000000,DOGEUSDT,5m,0.34099612,0.34105645,0.33942749,0.33963865,1702300
1740423600000000,DOGEUSDT,5m,0.33963865,0.34045316,0.3390353,0.3390353,2503602
1740423900000000,DOGEUSDT,5m,0.3390353,0.34043317,0.33744203,0.34043317,1884908
1740424200000000,DOGEUSDT,5m,0.34043317,0.34234273,0.33887217,0.33887217,1725524
1740424500000000,DOGEUSDT,5m,0.33887217,0.33915751,0.33777589,0.3383015,1393982
1740424800000000,DOGEUSDT,5m,0.3383015,0.33905242,0.33789601,0.33807623,1257794
1740425100000000,DOGEUSDT,5m,0.33807623,0.33834621,0.3371013,0.33726629,1389965
1740425400000000,DOGEUSDT,5m,0.33726629,0.33743128,0.33470135,0.33495635,3544468
1740425700000000,DOGEUSDT,5m,0.33495635,0.33579651,0.33438623,0.33536143,3887286
1740426000000000,DOGEUSDT,5m,0.33536143,0.33555693,0.32859404,0.3295114,43938777
1740426300000000,DOGEUSDT,5m,0.3295114,0.33303028,0.32934598,0.3325641,9683838
1740426600000000,DOGEUSDT,5m,0.3325641,0.33438378,0.33083466,0.33083466,3992702
1740426900000000,DOGEUSDT,5m,0.33083466,0.33095373,0.3299268,0.33038817,2256427
1740427200000000,DOGEUSDT,5m,0.33038817,0.33215917,0.32872135,0.32872135,3996439
1740427500000000,DOGEUSDT,5m,0.32872135,0.32944329,0.32822041,0.32936963,6549427
1740427800000000,DOGEUSDT,5m,0.32936963,0.33025364,0.32878028,0.32878028,4182847
1740428100000000,DOGEUSDT,5m,0.32878028,0.33005747,0.32822243,0.32860412,2393615
1740428400000000,DOGEUSDT,5m,0.32860412,0.3295583,0.32819309,0.32886835,1848398
1740428700000000,DOGEUSDT,5m,0.32886835,0.32923593,0.32825081,0.32923593,1958628
1740429000000000,DOGEUSDT,5m,0.32923593,0.3307979,0.32821918,0.3307979,4622165
1740429300000000,DOGEUSDT,5m,0.3307979,0.33140203,0.33037059,0.33044426,1868283
1740429600000000,DOGEUSDT,5m,0.33044426,0.33132647,0.32948854,0.33132647,1712989
1740429900000000,DOGEUSDT,5m,0.33132647,0.33296736,0.32989254,0.32989254,4037469
1740430200000000,DOGEUSDT,5m,0.32989254,0.33207619,0.32738647,0.33207619,1556778
1740430500000000,DOGEUSDT,5m,0.33207619,0.33338305,0.33048717,0.33338305,3196311
1740430800000000,DOGEUSDT,5m,0.33338305,0.33380217,0.33109284,0.33109284,3029821
1740431100000000,DOGEUSDT,5m,0.33109284,0.33194605,0.33001509,0.33118265,6512785
1740431400000000,DOGEUSDT,5m,0.33118265,0.33157184,0.33003006,0.33003006,6972822
1740431700000000,DOGEUSDT,5m,0.33003006,0.33193117,0.3299103,0.33112282,2614414
1740432000000000,DOGEUSDT,5m,0.33112282,0.33252988,0.33109289,0.33239516,3276113
1740432300000000,DOGEUSDT,5m,0.33239516,0.33413153,0.33076358,0.33076358,2401597
1740432600000000,DOGEUSDT,5m,0.33076358,0.33186039,0.33073393,0.33123787,3982746
1740432900000000,DOGEUSDT,5m,0.33123787,0.33187521,0.33060054,0.33060054,1292839
1740433200000000,DOGEUSDT,5m,0.33060054,0.33213615,0.32894679,0.33213615,1798230
1740433500000000,DOGEUSDT,5m,0.33213615,0.33578747,0.32808244,0.33578747,4484553
1740433800000000,DOGEUSDT,5m,0.33578747,0.33693002,0.33505624,0.33686909,5678836
1740434100000000,DOGEUSDT,5m,0.33686909,0.33965703,0.33408114,0.33965703,4402171
1740434400000000,DOGEUSDT,5m,0.33965703,0.33984291,0.32528264,0.32704846,128087626
1740434700000000,DOGEUSDT,5m,0.32704846,0.33132482,0.32515818,0.32515818,65201335
1740435000000000,DOGEUSDT,5m,0.32515818,0.3295742,0.31925467,0.32647524,75135389
1740435300000000,DOGEUSDT,5m,0.32647524,0.33070552,0.32571596,0.3304266,23654412
1740435600000000,DOGEUSDT,5m,0.3304266,0.33118584,0.32845876,0.33086045,14494920
1740435900000000,DOGEUSDT,5m,0.33086045,0.33278181,0.32985329,0.33005472,9039630
1740436200000000,DOGEUSDT,5m,0.33005472,0.33355638,0.32658405,0.32658405,8974518
1740436500000000,DOGEUSDT,5m,0.32658405,0.32675093,0.32438427,0.32488491,10782318
1740436800000000,DOGEUSDT,5m,0.32488491,0.32611381,0.32467251,0.32502146,2450512
1740437100000000,DOGEUSDT,5m,0.32502146,0.32955798,0.32045459,0.32955798,8497660
1740437400000000,DOGEUSDT,5m,0.32955798,0.33221017,0.32781065,0.33035364,6890889
1740437700000000,DOGEUSDT,5m,0.33035364,0.33629766,0.32138299,0.33629766,18066821
1740438000000000,DOGEUSDT,5m,0.33629766,0.34339719,0.32978033,0.32978033,8364697
1740438300000000,DOGEUSDT,5m,0.32978033,0.33259617,0.32730674,0.32730674,6392233
1740438600000000,DOGEUSDT,5m,0.32730674,0.32773584,0.32554439,0.32710752,5386009
1740438900000000,DOGEUSDT,5m,0.32710752,0.32854805,0.32583556,0.32781246,9218972
1740439200000000,DOGEUSDT,5m,0.32781246,0.32839483,0.32511517,0.32523778,4492309
1740439500000000,DOGEUSDT,5m,0.32523778,0.32667837,0.32300025,0.32667837,7141950
1740439800000000,DOGEUSDT,5m,0.32667837,0.3287348,0.32412716,0.3287348,6345960
1740440100000000,DOGEUSDT,5m,0.3287348,0.33075475,0.32690276,0.32690276,11373864
1740440400000000,DOGEUSDT,5m,0.32690276,0.32944217,0.32640726,0.32855957,6461230
1740440700000000,DOGEUSDT,5m,0.32855957,0.32857505,0.32535448,0.32535448,4346900
1740441000000000,DOGEUSDT,5m,0.32535448,0.3266551,0.32310938,0.32636091,12187455
1740441300000000,DOGEUSDT,5m,0.32636091,0.32698028,0.32498282,0.32688737,6309815
1740441600000000,DOGEUSDT,5m,0.32688737,0.32969894,0.32626603,0.32707378,8709477
1740441900000000,DOGEUSDT,5m,0.32707378,0.32822468,0.32203469,0.32284344,9116437
1740442200000000,DOGEUSDT,5m,0.32284344,0.32758679,0.31691813,0.32758679,21203655
1740442500000000,DOGEUSDT,5m,0.32758679,0.33676383,0.32733054,0.33676383,16512675
1740442800000000,DOGEUSDT,5m,0.33676383,0.34272142,0.33660368,0.34179255,12548629
1740443100000000,DOGEUSDT,5m,0.34179255,0.34459504,0.33849361,0.34459504,9109915
1740443400000000,DOGEUSDT,5m,0.34459504,0.34768806,0.34205551,0.34265784,7273522
1740443700000000,DOGEUSDT,5m,0.34265784,0.34433458,0.33976016,0.34062295,28405180
1740444000000000,DOGEUSDT,5m,0.34062295,0.34278817,0.33923917,0.3398578,26093456
1740444300000000,DOGEUSDT,5m,0.3398578,0.34335797,0.33862054,0.34314633,10119750
1740444600000000,DOGEUSDT,5m,0.34314633,0.34449749,0.34186028,0.3426254,7855550
1740444900000000,DOGEUSDT,5m,0.3426254,0.34391138,0.34106268,0.34376488,6747723
1740445200000000,DOGEUSDT,5m,0.34376488,0.34417455,0.3403564,0.34037279,16639723
1740445500000000,DOGEUSDT,5m,0.34037279,0.34132323,0.33778365,0.33824249,12910816
1740445800000000,DOGEUSDT,5m,0.33824249,0.34097923,0.33560406,0.33560406,13105598
1740446100000000,DOGEUSDT,5m,0.33560406,0.33802417,0.33455535,0.3364753,17221467
1740446400000000,DOGEUSDT,5m,0.3364753,0.34037955,0.33274852,0.33274852,12048193
1740446700000000,DOGEUSDT,5m,0.33274852,0.33511549,0.33038155,0.33511549,10215709
1740447000000000,DOGEUSDT,5m,0.33511549,0.33903693,0.33452327,0.33825264,6180817
1740447300000000,DOGEUSDT,5m,0.33825264,0.33876483,0.33607584,0.3378685,7862131
1740447600000000,DOGEUSDT,5m,0.3378685,0.33877872,0.33630356,0.33702215,7369335
1740447900000000,DOGEUSDT,5m,0.33702215,0.33917784,0.33435549,0.33917784,5081543
1740448200000000,DOGEUSDT,5m,0.33917784,0.33921019,0.33691364,0.33806191,22559900
1740448500000000,DOGEUSDT,5m,0.33806191,0.33924253,0.33768994,0.33888673,5825588
1740448800000000,DOGEUSDT,5m,0.33888673,0.34280057,0.33869266,0.34210514,5364939
1740449100000000,DOGEUSDT,5m,0.34210514,0.34273588,0.34076279,0.34076279,7354968
1740449400000000,DOGEUSDT,5m,0.34076279,0.34249329,0.33885439,0.34249329,6976393
1740449700000000,DOGEUSDT,5m,0.34249329,0.34286908,0.3398464,0.34056531,14669036
1740450000000000,DOGEUSDT,5m,0.34056531,0.34139863,0.33899671,0.34118621,17589605
1740450300000000,DOGEUSDT,5m,0.34118621,0.34283651,0.33963396,0.33963396,5161681
1740450600000000,DOGEUSDT,5m,0.33963396,0.34258068,0.33833869,0.34167399,7620594
1740450900000000,DOGEUSDT,5m,0.34167399,0.34264544,0.3409616,0.34151209,6092170
1740451200000000,DOGEUSDT,5m,0.34151209,0.34304875,0.34138268,0.342887,6479773
1740451500000000,DOGEUSDT,5m,0.342887,0.34579858,0.34256349,0.3446016,11553027
1740451800000000,DOGEUSDT,5m,0.3446016,0.34526479,0.34342079,0.34495746,6538587
1740452100000000,DOGEUSDT,5m,0.34495746,0.34555595,0.34372812,0.34555595,5001317
1740452400000000,DOGEUSDT,5m,0.34555595,0.34659477,0.34464697,0.34646492,5855729
1740452700000000,DOGEUSDT,5m,0.34646492,0.34715028,0.34475152,0.34715028,5251818
1740453000000000,DOGEUSDT,5m,0.34715028,0.34869018,0.34541379,0.34869018,5774783
1740453300000000,DOGEUSDT,5m,0.34869018,0.34966533,0.34703739,0.34966533,6985116
1740453600000000,DOGEUSDT,5m,0.34966533,0.35003097,0.348718,0.34941603,5075583
1740453900000000,DOGEUSDT,5m,0.34941603,0.35047971,0.3491335,0.3491335,4354108
1740454200000000,DOGEUSDT,5m,0.3491335,0.35107488,0.34837022,0.34837022,3456767
1740454500000000,DOGEUSDT,5m,0.34837022,0.3493658,0.34727508,0.34807154,5073997
1740454800000000,DOGEUSDT,5m,0.34807154,0.35044028,0.34629913,0.34629913,4872683
1740455100000000,DOGEUSDT,5m,0.34629913,0.34931613,0.34626634,0.34888982,4883319
1740455400000000,DOGEUSDT,5m,0.34888982,0.34962767,0.34775844,0.34951289,2328833
1740455700000000,DOGEUSDT,5m,0.34951289,0.34951289,0.34558024,0.34612324,5448457
1740456000000000,DOGEUSDT,5m,0.34612324,0.34623842,0.34268422,0.34339177,17676366
1740456300000000,DOGEUSDT,5m,0.34339177,0.34428028,0.34215773,0.34342468,12547307
1740456600000000,DOGEUSDT,5m,0.34342468,0.34342468,0.34013375,0.34281586,10871564
1740456900000000,DOGEUSDT,5m,0.34281586,0.34781807,0.34266777,0.34615615,7354416
1740457200000000,DOGEUSDT,5m,0.34615615,0.3475384,0.34520173,0.34582704,4713017
1740457500000000,DOGEUSDT,5m,0.34582704,0.34658259,0.34474299,0.34600771,10428087
1740457800000000,DOGEUSDT,5m,0.34600771,0.34620481,0.34068603,0.34200003,12135037
1740458100000000,DOGEUSDT,5m,0.34200003,0.343002,0.34089951,0.34224642,9586038
1740458400000000,DOGEUSDT,5m,0.34224642,0.34436839,0.34188453,0.34310178,4464875
1740458700000000,DOGEUSDT,5m,0.34310178,0.34352945,0.34083187,0.34321692,7050887
1740459000000000,DOGEUSDT,5m,0.34321692,0.34489476,0.34219706,0.34219706,4534327
1740459300000000,DOGEUSDT,5m,0.34219706,0.34450257,0.33989155,0.34450257,5640711
1740459600000000,DOGEUSDT,5m,0.34450257,0.34594435,0.3427625,0.34577863,5164269
1740459900000000,DOGEUSDT,5m,0.34577863,0.34896049,0.34509917,0.34625923,8736949
1740460200000000,DOGEUSDT,5m,0.34625923,0.3485959,0.34549691,0.34813188,5195433
1740460500000000,DOGEUSDT,5m,0.34813188,0.35146273,0.34746903,0.35091588,9857819
1740460800000000,DOGEUSDT,5m,0.35091588,0.35181073,0.34967302,0.35070045,6872814
1740461100000000,DOGEUSDT,5m,0.35070045,0.35103146,0.34911162,0.34977363,6534914
1740461400000000,DOGEUSDT,5m,0.34977363,0.35215687,0.34969088,0.3509487,5936772
1740461700000000,DOGEUSDT,5m,0.3509487,0.35154451,0.35005499,0.3505846,4456678
1740462000000000,DOGEUSDT,5m,0.3505846,0.35060111,0.34848717,0.35025429,6641149
1740462300000000,DOGEUSDT,5m,0.35025429,0.35074975,0.34913126,0.34952763,2746725
1740462600000000,DOGEUSDT,5m,0.34952763,0.34999003,0.34845419,0.34911476,7148454
1740462900000000,DOGEUSDT,5m,0.34911476,0.35036684,0.34806039,0.34806039,5281347
1740463200000000,DOGEUSDT,5m,0.34806039,0.34873178,0.34558769,0.3458497,9901126
1740463500000000,DOGEUSDT,5m,0.3458497,0.34652106,0.34463797,0.34620994,6734392
1740463800000000,DOGEUSDT,5m,0.34620994,0.34653813,0.34502845,0.34645609,3315359
1740464100000000,DOGEUSDT,5m,0.34645609,0.34698194,0.34477992,0.34602883,9209543
1740464400000000,DOGEUSDT,5m,0.34602883,0.34809938,0.3458645,0.34652182,3405305
1740464700000000,DOGEUSDT,5m,0.34652182,0.34742572,0.3453714,0.34742572,4604656
1740465000000000,DOGEUSDT,5m,0.34742572,0.34884648,0.34635189,0.34734311,6772553
1740465300000000,DOGEUSDT,5m,0.34734311,0.34919341,0.34704575,0.34907776,3958176
1740465600000000,DOGEUSDT,5m,0.34907776,0.34924297,0.34747528,0.34892908,6573091
1740465900000000,DOGEUSDT,5m,0.34892908,0.3498699,0.34785621,0.34853294,3805700
1740466200000000,DOGEUSDT,5m,0.34853294,0.35100879,0.34584253,0.35100879,4823897
1740466500000000,DOGEUSDT,5m,0.35100879,0.35120969,0.34940158,0.34990383,9466522
1740466800000000,DOGEUSDT,5m,0.34990383,0.35080789,0.34747627,0.34774414,14937139
1740467100000000,DOGEUSDT,5m,0.34774414,0.35002102,0.34414465,0.35002102,29031549
1740467400000000,DOGEUSDT,5m,0.35002102,0.35129327,0.347256,0.34812113,34107644
1740467700000000,DOGEUSDT,5m,0.34812113,0.35288806,0.34740864,0.35105593,17983832
1740468000000000,DOGEUSDT,5m,0.35105593,0.35214158,0.34272694,0.34321887,33330037
1740468300000000,DOGEUSDT,5m,0.34321887,0.3443216,0.336857,0.3443216,111664519
1740468600000000,DOGEUSDT,5m,0.3443216,0.34952902,0.33892637,0.34952902,54128455
1740468900000000,DOGEUSDT,5m,0.34952902,0.35646258,0.34711811,0.356357,69857470
1740469200000000,DOGEUSDT,5m,0.356357,0.35809901,0.35283777,0.35600507,32895380
1740469500000000,DOGEUSDT,5m,0.35600507,0.35932418,0.35451235,0.35451235,28159660
1740469800000000,DOGEUSDT,5m,0.35451235,0.35764717,0.35320618,0.35648032,15944197
1740470100000000,DOGEUSDT,5m,0.35648032,0.35794323,0.35487808,0.35794323,14176663
1740470400000000,DOGEUSDT,5m,0.35794323,0.36180624,0.35458943,0.35458943,27127773
1740470700000000,DOGEUSDT,5m,0.35458943,0.35669178,0.35360719,0.35560614,34400153
1740471000000000,DOGEUSDT,5m,0.35560614,0.35634713,0.35424479,0.35567507,9139650
1740471300000000,DOGEUSDT,5m,0.35567507,0.35684732,0.3545373,0.3545373,6939997
1740471600000000,DOGEUSDT,5m,0.3545373,0.35474285,0.35224189,0.35231041,9272185
1740471900000000,DOGEUSDT,5m,0.35231041,0.35272147,0.35126564,0.35239605,6275371
1740472200000000,DOGEUSDT,5m,0.35239605,0.35446846,0.35102586,0.35102586,8082472
1740472500000000,DOGEUSDT,5m,0.35102586,0.35172264,0.35034607,0.35133176,8187208
1740472800000000,DOGEUSDT,5m,0.35133176,0.35148498,0.34998684,0.35148498,6475627
1740473100000000,DOGEUSDT,5m,0.35148498,0.35267773,0.3505819,0.35182576,5770591
1740473400000000,DOGEUSDT,5m,0.35182576,0.35197942,0.35056242,0.35057949,8911059
1740473700000000,DOGEUSDT,5m,0.35057949,0.35075021,0.34919663,0.34941857,10983015
1740474000000000,DOGEUSDT,5m,0.34941857,0.35146715,0.34917957,0.35127936,6589448
1740474300000000,DOGEUSDT,5m,0.35127936,0.35145007,0.34933331,0.35022098,11567959
1740474600000000,DOGEUSDT,5m,0.35022098,0.35034047,0.348514,0.34873591,7171444
1740474900000000,DOGEUSDT,5m,0.34873591,0.34899196,0.34591939,0.34634614,12241688
1740475200000000,DOGEUSDT,5m,0.34634614,0.347763,0.34335878,0.347763,15854539
1740475500000000,DOGEUSDT,5m,0.347763,0.3483482,0.34609346,0.34728107,12576622
1740475800000000,DOGEUSDT,5m,0.34728107,0.34829651,0.34678196,0.3468508,12527820
1740476100000000,DOGEUSDT,5m,0.3468508,0.34844753,0.34655893,0.34806981,12875358
1740476400000000,DOGEUSDT,5m,0.34806981,0.34949478,0.34721139,0.34877371,7127962
1740476700000000,DOGEUSDT,5m,0.34877371,0.35049741,0.34829107,0.35006648,8940576
1740477000000000,DOGEUSDT,5m,0.35006648,0.35268638,0.34720528,0.35268638,11794649
1740477300000000,DOGEUSDT,5m,0.35268638,0.35331621,0.35202156,0.3522665,13155371
1740477600000000,DOGEUSDT,5m,0.3522665,0.35527553,0.3491525,0.34939742,31235530
1740477900000000,DOGEUSDT,5m,0.34939742,0.35036128,0.34666076,0.34681567,8227004
1740478200000000,DOGEUSDT,5m,0.34681567,0.34690172,0.34199663,0.3420999,18929520
1740478500000000,DOGEUSDT,5m,0.3420999,0.34316697,0.33901915,0.34311533,20610127
1740478800000000,DOGEUSDT,5m,0.34311533,0.34342696,0.33857947,0.34102053,39100967
1740479100000000,DOGEUSDT,5m,0.34102053,0.34752968,0.33954905,0.34688915,33708408
1740479400000000,DOGEUSDT,5m,0.34688915,0.35272315,0.34198998,0.34198998,34809853
1740479700000000,DOGEUSDT,5m,0.34198998,0.34443036,0.34141775,0.34377398,16722499
1740480000000000,DOGEUSDT,5m,0.34377398,0.34392545,0.34129994,0.34163654,9517077
1740480300000000,DOGEUSDT,5m,0.34163654,0.34187215,0.33941506,0.34050897,10540130
1740480600000000,DOGEUSDT,5m,0.34050897,0.34283131,0.3399368,0.34153552,6033305
1740480900000000,DOGEUSDT,5m,0.34153552,0.34283138,0.34141771,0.34156917,6502583
1740481200000000,DOGEUSDT,5m,0.34156917,0.34375699,0.33816964,0.34375699,11340206
1740481500000000,DOGEUSDT,5m,0.34375699,0.34452408,0.3418478,0.34365472,15221355
1740481800000000,DOGEUSDT,5m,0.34365472,0.34443834,0.34224078,0.34276888,10117889
1740482100000000,DOGEUSDT,5m,0.34276888,0.34302442,0.34011122,0.34043491,10568166
1740482400000000,DOGEUSDT,5m,0.34043491,0.34164442,0.33900394,0.34164442,12026540
1740482700000000,DOGEUSDT,5m,0.34164442,0.34286256,0.34107825,0.34193609,12520307
1740483000000000,DOGEUSDT,5m,0.34193609,0.34442396,0.34116399,0.34116399,11570733
1740483300000000,DOGEUSDT,5m,0.34116399,0.34522913,0.3404637,0.34522913,8952048
1740483600000000,DOGEUSDT,5m,0.34522913,0.34785938,0.34273551,0.34273551,15148082
1740483900000000,DOGEUSDT,5m,0.34273551,0.34723013,0.33881325,0.33881325,18579153
1740484200000000,DOGEUSDT,5m,0.33881325,0.33991559,0.33743121,0.33797415,15258718
1740484500000000,DOGEUSDT,5m,0.33797415,0.33956219,0.33764672,0.33771221,13327999
1740484800000000,DOGEUSDT,5m,0.33771221,0.33893811,0.33620843,0.33893811,26476522
1740485100000000,DOGEUSDT,5m,0.33893811,0.34354817,0.33893811,0.34354817,6452136
1740485400000000,DOGEUSDT,5m,0.34354817,0.34374574,0.34088092,0.34211576,5932993
1740485700000000,DOGEUSDT,5m,0.34211576,0.34379522,0.34127603,0.34173706,8407557
1740486000000000,DOGEUSDT,5m,0.34173706,0.34449711,0.33912487,0.33912487,9627875
1740486300000000,DOGEUSDT,5m,0.33912487,0.33939991,0.33619649,0.33684365,12708815
1740486600000000,DOGEUSDT,5m,0.33684365,0.33889826,0.33406102,0.33889826,11591874
1740486900000000,DOGEUSDT,5m,0.33889826,0.33945504,0.3376537,0.33803034,3290863
1740487200000000,DOGEUSDT,5m,0.33803034,0.33912753,0.33755544,0.33855437,2368156
1740487500000000,DOGEUSDT,5m,0.33855437,0.3400282,0.33744081,0.33762095,2116055
1740487800000000,DOGEUSDT,5m,0.33762095,0.33940583,0.33740807,0.33853795,1784017
1740488100000000,DOGEUSDT,5m,0.33853795,0.34155082,0.33552509,0.33552509,7696475
1740488400000000,DOGEUSDT,5m,0.33552509,0.33576636,0.33312848,0.33317673,4152325
1740488700000000,DOGEUSDT,5m,0.33317673,0.33570214,0.33246897,0.33554128,3289886
1740489000000000,DOGEUSDT,5m,0.33554128,0.33681209,0.33361094,0.3344796,4582725
1740489300000000,DOGEUSDT,5m,0.3344796,0.33554123,0.33280672,0.33554123,5627169
